date,signal_date,code,quantity,price,cost,notional,reason,status
2019-01-07,2019-01-04,110044.SH,1000.5007506256882,99.9,49.97501249375313,99950.02498750626,rebalance,simulated
2019-01-14,2019-01-11,110044.SH,-1000.5007506256882,117.06,58.55930893412153,117118.61786824306,rebalance,simulated
2019-01-14,2019-01-11,113521.SH,1067.8064943991335,95.2,50.82758913339875,101655.1782667975,rebalance,simulated
2019-01-21,2019-01-18,110044.SH,922.2798529423476,110.28,50.854511091241044,101709.02218248209,rebalance,simulated
2019-01-21,2019-01-18,113521.SH,-1067.8064943991335,95.8,51.1479310817185,102295.86216343699,rebalance,simulated
2019-01-21,2019-01-18,123001.SZ,1016.9885229725236,100.01,50.854511091241044,101709.02218248209,rebalance,simulated
2019-01-28,2019-01-25,110044.SH,-922.2798529423476,112.23,51.753733947859835,103507.46789571967,rebalance,simulated
2019-01-28,2019-01-25,123001.SZ,-1016.9885229725236,100.25,50.97654971399775,101953.09942799549,rebalance,simulated
2019-01-28,2019-01-25,123004.SZ,1080.4595587669714,94.305,50.946369344759624,101892.73868951925,rebalance,simulated
2019-02-11,2019-02-01,123001.SZ,1015.335516838778,100.205,50.87084773241487,101741.69546482974,rebalance,simulated
2019-02-11,2019-02-01,123004.SZ,13.537166661305264,93.0,0.6294782497506948,1258.9564995013895,rebalance,simulated
2019-02-18,2019-02-15,113521.SH,1038.9536883508144,98.79,51.31911743608848,102638.23487217697,rebalance,simulated
2019-02-18,2019-02-15,123001.SZ,-5.146498087589748,101.603,0.2614498225966906,522.8996451933812,rebalance,simulated
2019-02-18,2019-02-15,123004.SZ,-67.61437670650707,100.0,3.3807188353253537,6761.437670650707,rebalance,simulated
2019-02-25,2019-02-22,113521.SH,-46.806025629650435,105.01,2.457550375684796,4915.100751369592,rebalance,simulated
2019-02-25,2019-02-22,113524.SH,1016.3440255814011,102.51,52.09271303117472,104185.42606234943,rebalance,simulated
2019-02-25,2019-02-22,123001.SZ,-36.31141487803961,106.98,1.942297581826339,3884.595163652678,rebalance,simulated
2019-02-25,2019-02-22,123004.SZ,-1026.3823487217696,103.601,53.16711885496203,106334.23770992405,rebalance,simulated
2019-03-04,2019-03-01,113521.SH,-45.41493032239396,111.3,2.527340872441224,5054.681744882448,rebalance,simulated
2019-03-04,2019-03-01,113524.SH,-3.7421313282480924,104.06,0.19470309300874825,389.4061860174965,rebalance,simulated
2019-03-04,2019-03-01,123001.SZ,-26.72788732243805,111.251,1.486752096254278,2973.5041925085557,rebalance,simulated
2019-03-04,2019-03-01,123004.SZ,944.0946960065146,111.611,52.685676557991556,105371.3531159831,rebalance,simulated
2019-03-04,2019-03-01,128021.SZ,1043.1774390256717,101.01,52.685676557991556,105371.3531159831,rebalance,simulated
2019-03-11,2019-03-08,113521.SH,-12.40433910296042,116.6,0.7231729697025925,1446.345939405185,rebalance,simulated
2019-03-11,2019-03-08,113524.SH,1.7620783566364935,107.4,0.0946236077513797,189.24721550275942,rebalance,simulated
2019-03-11,2019-03-08,123001.SZ,-85.97671423229315,126.505,5.438242116978122,10876.484233956244,rebalance,simulated
2019-03-11,2019-03-08,123004.SZ,-8.964304089850316,116.5,0.522170713233781,1044.3414264675619,rebalance,simulated
2019-03-11,2019-03-08,127007.SZ,957.3087289065245,113.801,54.4713453291457,108942.6906582914,rebalance,simulated
2019-03-11,2019-03-08,128021.SZ,-1043.1774390256717,109.155,56.9340166784236,113868.0333568472,rebalance,simulated
2019-03-11,2019-03-08,128052.SZ,957.3171411097662,113.8,54.4713453291457,108942.6906582914,rebalance,simulated
2019-03-18,2019-03-15,110047.SH,948.8782484808755,116.01,55.03968280313319,110079.36560626638,rebalance,simulated
2019-03-18,2019-03-15,113521.SH,66.3931122157029,110.0,3.6516211718636598,7303.242343727319,rebalance,simulated
2019-03-18,2019-03-15,113524.SH,11.92136774324399,107.26,0.6393429520701752,1278.6859041403504,rebalance,simulated
2019-03-18,2019-03-15,123001.SZ,-861.1730023184174,129.51,55.765257765129114,111530.51553025823,rebalance,simulated
2019-03-18,2019-03-15,123004.SZ,-935.1303919166643,116.5,54.4713453291457,108942.6906582914,rebalance,simulated
2019-03-18,2019-03-15,127007.SZ,-5.073319124027989,115.601,0.29324038202837976,586.4807640567595,rebalance,simulated
2019-03-18,2019-03-15,128027.SZ,936.9254030663578,117.49,55.03968280313319,110079.36560626638,rebalance,simulated
2019-03-18,2019-03-15,128052.SZ,-97.32209731081014,128.0,6.228614227891849,12457.228455783697,rebalance,simulated
2019-03-25,2019-03-22,110042.SH,912.6148650286488,123.01,56.130377273587044,112260.75454717409,rebalance,simulated
2019-03-25,2019-03-22,110046.SH,908.9203671538668,123.51,56.130377273587044,112260.75454717409,rebalance,simulated
2019-03-25,2019-03-22,110047.SH,-948.8782484808755,119.0,56.45825578461209,112916.51156922418,rebalance,simulated
2019-03-25,2019-03-22,113521.SH,-30.44704961545301,115.7,1.7613618202539567,3522.7236405079134,rebalance,simulated
2019-03-25,2019-03-22,113524.SH,-1026.2853403530335,110.88,56.897259269172174,113794.51853834435,rebalance,simulated
2019-03-25,2019-03-22,113527.SH,976.180474323253,115.0,56.130377273587044,112260.75454717409,rebalance,simulated
2019-03-25,2019-03-22,123001.SZ,848.5317804019205,132.3,56.130377273587044,112260.75454717409,rebalance,simulated
2019-03-25,2019-03-22,123004.SZ,940.2073245156959,119.4,56.130377273587044,112260.75454717409,rebalance,simulated
2019-03-25,2019-03-22,127007.SZ,-952.2354097824965,129.0,61.41918393097103,122838.36786194205,rebalance,simulated
2019-03-25,2019-03-22,128027.SZ,-936.9254030663578,117.901,55.23222097346333,110464.44194692666,rebalance,simulated
2019-03-25,2019-03-22,128052.SZ,-859.9950437989561,124.121,53.37172241568511,106743.44483137023,rebalance,simulated
2019-04-01,2019-03-29,110042.SH,-912.6148650286488,123.15,56.19426031413905,112388.5206282781,rebalance,simulated
2019-04-01,2019-03-29,110046.SH,-10.894211234566114,123.98,0.6753321544307535,1350.664308861507,rebalance,simulated
2019-04-01,2019-03-29,113015.SH,905.1811610640235,123.0,55.66864140543745,111337.2828108749,rebalance,simulated
2019-04-01,2019-03-29,113020.SH,895.7142623561939,124.3,55.66864140543745,111337.2828108749,rebalance,simulated
2019-04-01,2019-03-29,113521.SH,15.098433836438062,112.99,0.8529860195895683,1705.9720391791366,rebalance,simulated
2019-04-01,2019-03-29,113527.SH,-976.180474323253,113.5,55.39824191784461,110796.48383568921,rebalance,simulated
2019-04-01,2019-03-29,123001.SZ,-848.5317804019205,128.0,54.306033945722916,108612.06789144583,rebalance,simulated
2019-04-01,2019-03-29,123004.SZ,4.850674048729047,117.81,0.2857289548403845,571.457909680769,rebalance,simulated
2019-04-01,2019-03-29,127007.SZ,923.5776259715877,120.55,55.66864140543745,111337.2828108749,rebalance,simulated
2019-04-01,2019-03-29,128021.SZ,935.6074185787807,119.0,55.66864140543745,111337.2828108749,rebalance,simulated
2019-04-08,2019-04-04,110042.SH,929.616354832904,126.0,58.56583035447295,117131.6607089459,rebalance,simulated
2019-04-08,2019-04-04,110046.SH,-898.0261559193007,129.0,57.92268705679489,115845.37411358979,rebalance,simulated
2019-04-08,2019-04-04,113015.SH,-905.1811610640235,126.11,57.076198110892,114152.396221784,rebalance,simulated
2019-04-08,2019-04-04,113020.SH,-895.7142623561939,147.0,65.83499828318025,131669.9965663605,rebalance,simulated
2019-04-08,2019-04-04,113521.SH,12.681478953135525,117.36,0.7441491849699926,1488.2983699399852,rebalance,simulated
2019-04-08,2019-04-04,113527.SH,972.7735296814708,120.41,58.56583035447295,117131.6607089459,rebalance,simulated
2019-04-08,2019-04-04,123004.SZ,21.37484556879201,121.2,1.295315641468796,2590.631282937592,rebalance,simulated
2019-04-08,2019-04-04,127007.SZ,-923.5776259715877,125.5,57.95449602971713,115908.99205943425,rebalance,simulated
2019-04-08,2019-04-04,128021.SZ,-935.6074185787807,139.0,65.02471559122526,130049.43118245051,rebalance,simulated
2019-04-08,2019-04-04,128044.SZ,1004.5596973322977,116.6,58.56583035447295,117131.6607089459,rebalance,simulated
2019-04-15,2019-04-12,110042.SH,13.641546635110103,122.55,0.8358857700663717,1671.7715401327432,rebalance,simulated
2019-04-15,2019-04-12,110046.SH,928.4839825293584,124.5,57.798127912452564,115596.25582490512,rebalance,simulated
2019-04-15,2019-04-12,113521.SH,3.646288375936365,115.4,0.21039083929152827,420.78167858305653,rebalance,simulated
2019-04-15,2019-04-12,113523.SH,964.3468409519072,119.87,57.798127912452564,115596.25582490512,rebalance,simulated
2019-04-15,2019-04-12,113527.SH,11.77851720469846,117.41,0.691457852501823,1382.915705003646,rebalance,simulated
2019-04-15,2019-04-12,123004.SZ,28.28581884677726,116.21,1.6435475040919927,3287.095008183985,rebalance,simulated
2019-04-15,2019-04-12,127007.SZ,986.4845180483454,117.18,57.798127912452564,115596.25582490512,rebalance,simulated
2019-04-15,2019-04-12,128044.SZ,-1004.5596973322977,114.5,57.511042672274044,115022.08534454809,rebalance,simulated
2019-04-22,2019-04-19,110042.SH,-943.2579014680141,121.88,57.48213651546078,114964.27303092155,rebalance,simulated
2019-04-22,2019-04-19,110046.SH,-928.4839825293584,128.62,59.71080491646305,119421.60983292609,rebalance,simulated
2019-04-22,2019-04-19,113521.SH,-22.882261325346008,118.56,1.3564604513665113,2712.9209027330226,rebalance,simulated
2019-04-22,2019-04-19,113523.SH,14.96715903532197,118.5,0.8868041728428268,1773.6083456856534,rebalance,simulated
2019-04-22,2019-04-19,113527.SH,13.37304554212767,116.29,0.7775757330470134,1555.1514660940268,rebalance,simulated
2019-04-22,2019-04-19,123004.SZ,10.232184361785244,115.477,0.5907909767729373,1181.5819535458747,rebalance,simulated
2019-04-22,2019-04-19,127007.SZ,-10.300895921102324,118.88,0.612285253550322,1224.5705071006441,rebalance,simulated
2019-04-22,2019-04-19,128021.SZ,963.8597092897563,120.4,58.02435449924333,116048.70899848666,rebalance,simulated
2019-04-23,2019-04-22,113523.SH,-979.3139999872292,116.99,57.284972429252974,114569.94485850594,risk_exit,simulated
2019-04-29,2019-04-26,110046.SH,946.7682585601974,117.02,55.39541080835715,110790.8216167143,rebalance,simulated
2019-04-29,2019-04-26,113020.SH,923.3337912885598,119.99,55.39541080835715,110790.8216167143,rebalance,simulated
2019-04-29,2019-04-26,113521.SH,65.7867486793366,106.06,3.48867128246522,6977.34256493044,rebalance,simulated
2019-04-29,2019-04-26,113527.SH,58.33214483659299,104.89,3.0592293359551195,6118.458671910239,rebalance,simulated
2019-04-29,2019-04-26,123004.SZ,23.74758921081377,107.7,1.2788076790023217,2557.6153580046434,rebalance,simulated
2019-04-29,2019-04-26,127007.SZ,21.4824887841869,111.05,1.1928151897419776,2385.630379483955,rebalance,simulated
2019-04-29,2019-04-26,128021.SZ,62.076225673798604,107.99,3.351805805256755,6703.611610513511,rebalance,simulated
2019-04-30,2019-04-29,123004.SZ,-1028.6984365525932,105.3,54.160972684494034,108321.94536898806,risk_exit,simulated
2019-05-06,2019-04-30,110046.SH,1.1064343655456241,116.0,0.0641731932016462,128.3463864032924,rebalance,simulated
2019-05-06,2019-04-30,113020.SH,-923.3337912885598,123.9,57.20052837032628,114401.05674065257,rebalance,simulated
2019-05-06,2019-04-30,113521.SH,-7.308310647765893,106.0,0.38734046433159236,774.6809286631847,rebalance,simulated
2019-05-06,2019-04-30,113527.SH,-1056.25723726489,100.95,53.31458405094532,106629.16810189064,rebalance,simulated
2019-05-06,2019-04-30,123001.SZ,999.5769489035108,110.0,54.976732189693095,109953.46437938619,rebalance,simulated
2019-05-06,2019-04-30,127007.SZ,11.081268715966303,109.0,0.6039291450201636,1207.8582900403271,rebalance,simulated
2019-05-06,2019-04-30,128021.SZ,-1025.935934963555,106.0,54.374604553068416,108749.20910613683,risk_exit,simulated
2019-05-06,2019-04-30,128027.SZ,982.6046861428614,111.9,54.976732189693095,109953.46437938619,rebalance,simulated
2019-05-13,2019-05-10,110046.SH,2.1374300183882724,115.23,0.12314803050944031,246.29606101888064,rebalance,simulated
2019-05-13,2019-05-10,113521.SH,10.261988498734581,104.5,0.5361888990588818,1072.3777981177636,rebalance,simulated
2019-05-13,2019-05-10,123001.SZ,-999.5769489035108,109.81,54.881772379547265,109763.54475909453,rebalance,simulated
2019-05-13,2019-05-10,127007.SZ,-10.844946383528963,109.7,0.5948453091365636,1189.6906182731273,rebalance,simulated
2019-05-13,2019-05-10,128027.SZ,21.706294837434484,109.0,1.1829930686401795,2365.986137280359,rebalance,simulated
2019-05-20,2019-05-17,110046.SH,-13.200954016103537,117.31,0.774301957814553,1548.603915629106,rebalance,simulated
2019-05-20,2019-05-17,113521.SH,13.943333890594204,103.53,0.721776678846609,1443.553357693218,rebalance,simulated
2019-05-20,2019-05-17,113527.SH,1103.7191747207687,99.57,54.94865911347346,109897.31822694693,rebalance,simulated
2019-05-20,2019-05-17,127007.SZ,1.0732801180719207,110.01,0.059035772894546,118.071545789092,rebalance,simulated
2019-05-20,2019-05-17,128027.SZ,-1004.3109809802959,112.0,56.241414934896575,112482.82986979315,rebalance,simulated
2019-05-20,2019-05-17,128038.SZ,902.6325499946362,121.752,54.94865911347347,109897.31822694694,rebalance,simulated
2019-05-27,2019-05-24,110046.SH,-936.8111689280278,116.5,54.569250590057614,109138.50118011523,rebalance,simulated
2019-05-27,2019-05-24,110054.SH,877.8428865900406,124.5,54.64571969023003,109291.43938046005,rebalance,simulated
2019-05-27,2019-05-24,113020.SH,942.167580866035,116.0,54.64571969023003,109291.43938046005,rebalance,simulated
2019-05-27,2019-05-24,113521.SH,9.87750642948663,102.01,0.5038022154359656,1007.6044308719312,rebalance,simulated
2019-05-27,2019-05-24,113527.SH,-5.312748786496741,99.5,0.2643092521282129,528.6185042564257,rebalance,simulated
2019-05-27,2019-05-24,127007.SZ,-998.9757133619393,109.102,54.49512413960715,108990.2482792143,rebalance,simulated
2019-05-27,2019-05-24,128038.SZ,15.806060898580085,118.997,0.9404369143741673,1880.8738287483345,rebalance,simulated
2019-06-03,2019-05-31,110054.SH,-877.8428865900406,127.69,56.045879094341146,112091.75818868229,rebalance,simulated
2019-06-03,2019-05-31,113020.SH,27.034134789734253,112.4,1.5193183751830652,3038.6367503661304,rebalance,simulated
2019-06-03,2019-05-31,113521.SH,-1071.3796625866096,100.28,53.718976282092605,107437.95256418521,rebalance,simulated
2019-06-03,2019-05-31,113527.SH,-1098.406425934272,99.2,54.48095872633989,108961.91745267979,rebalance,simulated
2019-06-03,2019-05-31,128038.SZ,-918.4386108932163,118.41,54.37615795793287,108752.31591586574,rebalance,simulated
2019-06-03,2019-05-31,128062.SZ,1083.0792074099588,100.582,54.46913641985424,108938.27283970847,rebalance,simulated
2019-06-10,2019-06-06,110054.SH,894.1623651526683,121.0,54.096823091736425,108193.64618347285,rebalance,simulated
2019-06-10,2019-06-06,113020.SH,-969.2017156557692,106.28,51.50337916994758,103006.75833989515,rebalance,simulated
2019-06-10,2019-06-06,113519.SH,1062.5971929235207,101.82,54.09682309173643,108193.64618347287,rebalance,simulated
2019-06-10,2019-06-06,128062.SZ,6.703691295448607,99.28,0.3327712359060689,665.5424718121377,rebalance,simulated
2019-06-17,2019-06-14,110046.SH,959.2879647329431,113.08,54.238141526000604,108476.2830520012,rebalance,simulated
2019-06-17,2019-06-14,110054.SH,-894.1623651526683,120.6,53.91799061870589,107835.98123741179,rebalance,simulated
2019-06-17,2019-06-14,113519.SH,-12.284614960689396,103.28,0.6343775165700005,1268.755033140001,rebalance,simulated
2019-06-17,2019-06-14,127007.SZ,1006.1334976765868,107.815,54.238141526000604,108476.2830520012,rebalance,simulated
2019-06-17,2019-06-14,128062.SZ,-15.547574363941749,100.98,0.784997029635419,1569.9940592708379,rebalance,simulated
2019-06-24,2019-06-21,110046.SH,-959.2879647329431,118.0,56.597989919243645,113195.97983848728,rebalance,simulated
2019-06-24,2019-06-21,113020.SH,941.7214893611955,116.5,54.855276755289644,109710.55351057928,rebalance,simulated
2019-06-24,2019-06-21,113519.SH,-1050.3125779628313,106.2,55.771597889826346,111543.19577965268,rebalance,simulated
2019-06-24,2019-06-21,127007.SZ,-10.574935874596918,110.2,0.5826789666902902,1165.3579333805803,rebalance,simulated
2019-06-24,2019-06-21,128062.SZ,-11.15886664648906,103.201,0.5758030983921586,1151.6061967843173,rebalance,simulated
2019-06-24,2019-06-21,128065.SZ,1156.918206375401,94.83,54.855276755289644,109710.55351057928,rebalance,simulated
2019-07-01,2019-06-28,113020.SH,-45.56986309113438,123.0,2.8025465801047647,5605.093160209529,rebalance,simulated
2019-07-01,2019-06-28,127003.SZ,1072.5566802687313,102.77,55.11332501560875,110226.6500312175,rebalance,simulated
2019-07-01,2019-06-28,127007.SZ,-995.5585618019899,109.991,54.75124088558133,109502.48177116267,rebalance,simulated
2019-07-01,2019-06-28,128038.SZ,975.4570799222789,113.0,55.11332501560876,110226.65003121752,rebalance,simulated
2019-07-01,2019-06-28,128062.SZ,14.407902336475217,102.3,0.7369642045107073,1473.9284090214146,rebalance,simulated
2019-07-01,2019-06-28,128065.SZ,-1156.918206375401,95.202,55.070463541675466,110140.92708335092,rebalance,simulated
2019-07-08,2019-07-05,113020.SH,-896.1516262700611,116.5,52.200832230231065,104401.66446046213,rebalance,simulated
2019-07-08,2019-07-05,113532.SH,999.83617200835,109.33,54.65604434283645,109312.0886856729,rebalance,simulated
2019-07-08,2019-07-05,127003.SZ,-1072.5566802687313,102.909,55.18786770488744,110375.73540977488,rebalance,simulated
2019-07-08,2019-07-05,128038.SZ,9.336511840540084,111.0,0.5181764071499747,1036.3528142999494,rebalance,simulated
2019-07-08,2019-07-05,128062.SZ,3.8713764127642207,101.088,0.19567484940675475,391.3496988135095,rebalance,simulated
2019-07-15,2019-07-12,113521.SH,1037.2136894274363,104.33,54.10625210898221,108212.50421796442,rebalance,simulated
2019-07-15,2019-07-12,113532.SH,-999.83617200835,104.88,52.43140886011788,104862.81772023575,rebalance,simulated
2019-07-15,2019-07-12,123001.SZ,967.046507756608,111.9,54.10625210898222,108212.50421796444,rebalance,simulated
2019-07-15,2019-07-12,128038.SZ,-984.793591762819,108.5,53.42505235313293,106850.10470626586,rebalance,simulated
2019-07-15,2019-07-12,128060.SZ,1020.8726813015513,106.0,54.10625210898222,108212.50421796444,rebalance,simulated
2019-07-15,2019-07-12,128062.SZ,29.621381488131192,97.403,1.4426057105442214,2885.211421088443,rebalance,simulated
2019-07-22,2019-07-19,113521.SH,20.675931822741177,103.03,1.0651206278485117,2130.2412556970235,rebalance,simulated
2019-07-22,2019-07-19,123001.SZ,-967.046507756608,119.4,57.7326765130695,115465.353026139,rebalance,simulated
2019-07-22,2019-07-19,128030.SZ,858.2233675386282,127.0,54.497183838702895,108994.36767740578,rebalance,simulated
2019-07-22,2019-07-19,128060.SZ,-13.717186222954183,108.22,0.7422369465240508,1484.4738930481017,rebalance,simulated
2019-07-22,2019-07-19,128062.SZ,-1110.9771179323473,97.388,54.09791978059773,108195.83956119545,rebalance,simulated
2019-07-29,2019-07-26,113521.SH,-0.2776263692071552,104.02,0.014439347462464143,28.878694924928286,rebalance,simulated
2019-07-29,2019-07-26,128030.SZ,-858.2233675386282,136.22,58.45359356305596,116907.18712611192,rebalance,simulated
2019-07-29,2019-07-26,128060.SZ,-2.9859406268233215,109.556,0.1635638556561279,327.1277113122558,rebalance,simulated
2019-07-29,2019-07-26,128062.SZ,1131.8189270320836,97.2,55.00639985375926,110012.79970751853,rebalance,simulated
2019-08-05,2019-08-02,113521.SH,18.858230321351357,102.46,0.9661071393628299,1932.2142787256598,rebalance,simulated
2019-08-05,2019-08-02,128060.SZ,-16.4459924523303,111.666,0.9182290965909577,1836.4581931819155,rebalance,simulated
2019-08-05,2019-08-02,128062.SZ,-21.986573699120527,99.38,1.092512847109299,2185.025694218598,rebalance,simulated
2019-08-12,2019-08-09,113521.SH,-1076.4702252023217,101.16,54.44786399073343,108895.72798146686,rebalance,simulated
2019-08-12,2019-08-09,123001.SZ,958.7992021069429,114.835,55.051853186975386,110103.70637395077,rebalance,simulated
2019-08-12,2019-08-09,128060.SZ,-3.0722798142281817,111.82,0.17177116441349766,343.5423288269953,rebalance,simulated
2019-08-12,2019-08-09,128062.SZ,4.8145490850688475,98.779,0.23778817203700783,475.57634407401565,rebalance,simulated
2019-08-19,2019-08-16,113015.SH,867.8554487398134,130.01,56.414943445331566,112829.88689066313,rebalance,simulated
2019-08-19,2019-08-16,123001.SZ,-958.7992021069429,133.12,63.81767489223812,127635.34978447623,rebalance,simulated
2019-08-19,2019-08-16,127007.SZ,1008.4000973336591,111.89,56.414943445331566,112829.88689066313,rebalance,simulated
2019-08-19,2019-08-16,128060.SZ,-89.2470532298696,126.01,5.623010588747935,11246.02117749587,rebalance,simulated
2019-08-19,2019-08-16,128062.SZ,71.82466756486065,95.097,3.415155205707776,6830.310411415552,rebalance,simulated
2019-08-26,2019-08-23,110054.SH,880.4509587653627,128.6,56.61299664861282,113225.99329722564,rebalance,simulated
2019-08-26,2019-08-23,113015.SH,-867.8554487398134,142.76,61.94752193104787,123895.04386209574,rebalance,simulated
2019-08-26,2019-08-23,127007.SZ,-1008.4000973336591,111.001,55.96670960206675,111933.4192041335,rebalance,simulated
2019-08-26,2019-08-23,128030.SZ,913.1054854172598,124.001,56.61299664861282,113225.99329722564,rebalance,simulated
2019-08-26,2019-08-23,128060.SZ,-895.4042289553457,120.0,53.724253737320744,107448.50747464149,rebalance,simulated
2019-08-26,2019-08-23,128062.SZ,10.420536753107854,94.6,0.4928913884220015,985.7827768440029,rebalance,simulated
2019-09-02,2019-08-30,110054.SH,-5.834574566589367,130.31,0.38015170588613023,760.3034117722605,rebalance,simulated
2019-09-02,2019-08-30,128030.SZ,-25.561789929749693,128.412,1.641220284229509,3282.440568459018,rebalance,simulated
2019-09-02,2019-08-30,128055.SZ,949.7605085411847,120.0,56.985630512471076,113971.26102494216,rebalance,simulated
2019-09-02,2019-08-30,128062.SZ,-14.617614776019536,96.4,0.7045690322041417,1409.1380644082833,rebalance,simulated
2019-09-03,2019-09-02,128062.SZ,-1182.2744919599809,96.62,57.11568070658668,114231.36141317336,risk_exit,simulated
2019-09-09,2019-09-06,110052.SH,885.8305418799068,129.0,57.136069951253994,114272.13990250799,rebalance,simulated
2019-09-09,2019-09-06,110054.SH,-874.6163841987733,131.99,57.72030827519805,115440.6165503961,rebalance,simulated
2019-09-09,2019-09-06,113518.SH,998.1843108185533,114.48,57.136069951253994,114272.13990250799,rebalance,simulated
2019-09-09,2019-09-06,127007.SZ,973.7719633788496,117.35,57.136069951253994,114272.13990250799,rebalance,simulated
2019-09-09,2019-09-06,128030.SZ,1.73365783940028,128.5,0.11138751618146799,222.77503236293597,rebalance,simulated
2019-09-09,2019-09-06,128055.SZ,-949.7605085411847,121.388,57.64476430539866,115289.52861079732,rebalance,simulated
2019-09-16,2019-09-12,110046.SH,931.6065417980354,123.0,57.293802320579175,114587.60464115835,rebalance,simulated
2019-09-16,2019-09-12,110052.SH,-11.11600263442324,131.0,0.7280981725547222,1456.1963451094443,rebalance,simulated
2019-09-16,2019-09-12,113518.SH,-998.1843108185533,116.8,58.29396375180351,116587.92750360702,rebalance,simulated
2019-09-16,2019-09-12,127007.SZ,-973.7719633788496,117.661,57.287491491559415,114574.98298311883,rebalance,simulated
2019-09-16,2019-09-12,128030.SZ,9.448957584135428,127.5,0.6023710459886336,1204.7420919772671,rebalance,simulated
2019-09-16,2019-09-12,128058.SZ,950.9344783498618,120.5,57.293802320579175,114587.60464115835,rebalance,simulated
2019-09-23,2019-09-20,110046.SH,-931.6065417980354,121.68,56.67894200299248,113357.88400598496,rebalance,simulated
2019-09-23,2019-09-20,110052.SH,20.339153528282054,126.99,1.2914345532782692,2582.869106556538,rebalance,simulated
2019-09-23,2019-09-20,128020.SZ,899.9435348007958,126.3,56.831434222670254,113662.8684453405,rebalance,simulated
2019-09-23,2019-09-20,128030.SZ,15.594428871605373,124.314,0.9693029153723751,1938.6058307447502,rebalance,simulated
2019-09-23,2019-09-20,128058.SZ,4.2076502485574565,119.001,0.250357293614293,500.7145872285859,rebalance,simulated
2019-09-30,2019-09-27,110052.SH,8.96469430068521,125.0,0.5602933937928256,1120.586787585651,rebalance,simulated
2019-09-30,2019-09-27,113534.SH,1066.5625142454587,105.95,56.50114919215318,113002.29838430636,rebalance,simulated
2019-09-30,2019-09-27,128020.SZ,-25.04187496565828,129.16,1.6172042852822117,3234.4085705644234,rebalance,simulated
2019-09-30,2019-09-27,128030.SZ,36.10903400541861,118.896,2.1466098535541254,4293.219707108251,rebalance,simulated
2019-09-30,2019-09-27,128058.SZ,-955.1421285984193,116.559,55.66520568365158,111330.41136730315,rebalance,simulated
2019-10-08,2019-09-30,110052.SH,7.629436300086127,123.3,0.4703547479003097,940.7094958006194,rebalance,simulated
2019-10-08,2019-09-30,113534.SH,8.88885029798189,104.52,0.46453131657253355,929.062633145067,rebalance,simulated
2019-10-08,2019-09-30,128020.SZ,-874.9016598351375,124.819,54.60217513948101,109204.35027896203,rebalance,simulated
2019-10-08,2019-09-30,128030.SZ,-13.399291776729228,119.96,0.8036895207682191,1607.379041536438,rebalance,simulated
2019-10-08,2019-09-30,128058.SZ,975.7395909938318,115.201,56.203088311040204,112406.17662208041,rebalance,simulated
2019-10-14,2019-10-11,110052.SH,4.814545476773674,123.51,0.29732225591815825,594.6445118363165,rebalance,simulated
2019-10-14,2019-10-11,113534.SH,2.5702276168010485,105.0,0.13493694988205504,269.8738997641101,rebalance,simulated
2019-10-14,2019-10-11,128030.SZ,-37.60841465476233,125.85,2.3665094921509193,4733.018984301839,rebalance,simulated
2019-10-14,2019-10-11,128058.SZ,-975.7395909938318,117.001,57.08125394293466,114162.50788586932,rebalance,simulated
2019-10-21,2019-10-18,110052.SH,16.24008796636531,121.0,0.9825253219651012,1965.0506439302023,rebalance,simulated
2019-10-21,2019-10-18,113534.SH,-1078.0215921602417,104.18,56.15414473562699,112308.28947125399,rebalance,simulated
2019-10-21,2019-10-18,128030.SZ,-1.3081307423907447,125.66,0.08218985454441048,164.37970908882096,rebalance,simulated
2019-10-21,2019-10-18,128071.SZ,1033.498450305761,109.199,56.428498637469396,112856.9972749388,rebalance,simulated
2019-10-28,2019-10-25,110052.SH,16.984092482470828,119.8,1.0173471397000027,2034.6942794000051,rebalance,simulated
2019-10-28,2019-10-25,123003.SZ,902.2398779235336,126.1,56.8862243030788,113772.44860615759,rebalance,simulated
2019-10-28,2019-10-25,128020.SZ,911.7843292687737,124.78,56.8862243030788,113772.44860615759,rebalance,simulated
2019-10-28,2019-10-25,128030.SZ,-898.1139366141875,139.998,62.86707744905651,125734.15489811302,rebalance,simulated
2019-10-28,2019-10-25,128071.SZ,-1033.498450305761,106.8,55.18881724632764,110377.63449265527,rebalance,simulated
2019-11-04,2019-11-01,110052.SH,13.295303134157962,118.39,0.7870154690264806,1574.0309380529611,rebalance,simulated
2019-11-04,2019-11-01,123003.SZ,-25.259712464323343,130.0,1.6418813101810175,3283.762620362035,rebalance,simulated
2019-11-04,2019-11-01,127013.SZ,1067.17545946118,106.831,57.00371075484866,114007.42150969732,rebalance,simulated
2019-11-04,2019-11-01,128020.SZ,-911.7843292687737,125.221,57.08727274768256,114174.54549536512,rebalance,simulated
2019-11-04,2019-11-01,128038.SZ,969.4426196180078,117.601,57.00371075484867,114007.42150969733,rebalance,simulated
2019-11-11,2019-11-08,110052.SH,14.28658272225448,117.63,0.8402653628093972,1680.5307256187943,rebalance,simulated
2019-11-11,2019-11-08,113020.SH,973.2144093080431,118.12,57.47804301373303,114956.08602746605,rebalance,simulated
2019-11-11,2019-11-08,123003.SZ,-876.9801654592103,136.6,59.89774530086406,119795.49060172812,rebalance,simulated
2019-11-11,2019-11-08,127013.SZ,-14.464048953249176,109.2,0.789737072847405,1579.47414569481,rebalance,simulated
2019-11-11,2019-11-08,128038.SZ,-9.956048985622829,119.81,0.5964171144837356,1192.834228967471,rebalance,simulated
2019-11-18,2019-11-15,110044.SH,917.322483097924,125.38,57.50694646540885,115013.8929308177,rebalance,simulated
2019-11-18,2019-11-15,110052.SH,22.852372937507766,115.0,1.3140114439066966,2628.022887813393,rebalance,simulated
2019-11-18,2019-11-15,113020.SH,-973.2144093080431,116.4,56.641078621728106,113282.15724345621,rebalance,simulated
2019-11-18,2019-11-15,123003.SZ,884.6542029906755,130.01,57.50694646540885,115013.8929308177,rebalance,simulated
2019-11-18,2019-11-15,127013.SZ,-1052.7114105079309,109.252,57.50541351040623,115010.82702081246,rebalance,simulated
2019-11-18,2019-11-15,128038.SZ,-38.64612155017028,124.901,2.4134696138689087,4826.939227737817,rebalance,simulated
2019-11-25,2019-11-22,110044.SH,-917.322483097924,130.84,60.01123684426619,120022.47368853238,rebalance,simulated
2019-11-25,2019-11-22,110052.SH,-9.912875302740986,116.55,0.577672808267231,1155.345616534462,rebalance,simulated
2019-11-25,2019-11-22,123003.SZ,24.08314586111908,126.999,1.529267720608131,3058.535441216262,rebalance,simulated
2019-11-25,2019-11-22,127013.SZ,1060.7420456510024,108.8,57.70436728341453,115408.73456682905,rebalance,simulated
2019-11-25,2019-11-22,128038.SZ,-920.8404490822147,125.216,57.65197883613929,115303.95767227859,rebalance,simulated
2019-11-25,2019-11-22,128074.SZ,998.2591001369177,115.61,57.70436728341453,115408.73456682905,rebalance,simulated
2019-12-02,2019-11-29,110044.SH,896.5750790497829,128.0,57.3808050591861,114761.6101183722,rebalance,simulated
2019-12-02,2019-11-29,110052.SH,-990.207932791326,113.3,56.09527939262862,112190.55878525724,rebalance,simulated
2019-12-02,2019-11-29,123003.SZ,-0.8060351675707125,126.399,0.05094101957288525,101.88203914577049,rebalance,simulated
2019-12-02,2019-11-29,127013.SZ,-1060.7420456510024,108.71,57.65663389136023,115313.26778272046,rebalance,simulated
2019-12-02,2019-11-29,128038.SZ,902.0720807921098,127.22,57.3808050591861,114761.6101183722,rebalance,simulated
2019-12-02,2019-11-29,128074.SZ,-998.2591001369177,113.221,56.51194678830098,113023.89357660196,rebalance,simulated
2019-12-09,2019-12-06,110044.SH,-896.5750790497829,129.3,57.96357886056847,115927.15772113693,rebalance,simulated
2019-12-09,2019-12-06,123003.SZ,-37.237506821920306,132.99,2.476108016123591,4952.216032247182,rebalance,simulated
2019-12-09,2019-12-06,128020.SZ,870.6283411625395,133.0,57.89678468730888,115793.56937461776,rebalance,simulated
2019-12-09,2019-12-06,128038.SZ,-18.151703886630685,131.0,1.18893660457431,2377.87320914862,rebalance,simulated
2019-12-16,2019-12-13,110052.SH,1012.1334778679487,115.21,58.30394899258318,116607.89798516636,rebalance,simulated
2019-12-16,2019-12-13,113523.SH,910.9280367562407,128.01,58.30394899258318,116607.89798516636,rebalance,simulated
2019-12-16,2019-12-13,123003.SZ,-870.6938068623035,135.39,58.941617255543626,117883.23451108726,rebalance,simulated
2019-12-16,2019-12-13,128020.SZ,-870.6283411625395,142.118,61.8659792946689,123731.9585893378,rebalance,simulated
2019-12-16,2019-12-13,128038.SZ,19.960762133699518,129.008,1.287549000672154,2575.0980013443077,rebalance,simulated
2019-12-23,2019-12-20,110052.SH,-6.266313289439722,118.54,0.3714043886650924,742.8087773301847,rebalance,simulated
2019-12-23,2019-12-20,113523.SH,-910.9280367562407,130.5,59.438054398344704,118876.10879668941,rebalance,simulated
2019-12-23,2019-12-20,127013.SZ,1019.0980734278892,117.001,59.61774684456823,119235.49368913646,rebalance,simulated
2019-12-23,2019-12-20,128019.SZ,973.3509688909099,122.5,59.61774684456823,119235.49368913646,rebalance,simulated
2019-12-23,2019-12-20,128038.SZ,-903.8811390391786,152.13,68.75371884101511,137507.43768203023,rebalance,simulated
2019-12-30,2019-12-27,110052.SH,15.45640787866273,116.9,0.9034270405078366,1806.8540810156733,rebalance,simulated
2019-12-30,2019-12-27,123003.SZ,918.4055816941799,130.0,59.69636281012169,119392.72562024338,rebalance,simulated
2019-12-30,2019-12-27,127007.SZ,1065.9969609221648,112.001,59.6963628101217,119392.7256202434,rebalance,simulated
2019-12-30,2019-12-27,127013.SZ,-7.466776865921815,118.02,0.4406145028580463,881.2290057160926,rebalance,simulated
2019-12-30,2019-12-27,128019.SZ,-973.3509688909099,124.99,60.829568800837414,121659.13760167483,rebalance,simulated
2019-12-31,2019-12-30,123003.SZ,-918.4055816941799,131.602,60.43200568105873,120864.01136211747,risk_exit,simulated
2020-01-06,2020-01-03,110046.SH,949.189145439668,127.22,60.37792154141728,120755.84308283456,rebalance,simulated
2020-01-06,2020-01-03,110052.SH,-10.814425320480836,119.5,0.6461619128987299,1292.32382579746,rebalance,simulated
2020-01-06,2020-01-03,113020.SH,914.816993051777,132.0,60.37792154141728,120755.84308283456,rebalance,simulated
2020-01-06,2020-01-03,113518.SH,924.6236070661146,130.6,60.37792154141728,120755.84308283456,rebalance,simulated
2020-01-06,2020-01-03,113527.SH,1304.3404956020152,92.58,60.37792154141728,120755.84308283456,rebalance,simulated
2020-01-06,2020-01-03,127007.SZ,-1065.9969609221648,115.101,61.348658099551045,122697.31619910209,rebalance,simulated
2020-01-06,2020-01-03,127013.SZ,-40.92516245558022,124.4,2.54554510473709,5091.09020947418,rebalance,simulated
2020-01-13,2020-01-10,110046.SH,-949.189145439668,127.52,60.52029991323323,121040.59982646645,rebalance,simulated
2020-01-13,2020-01-10,110052.SH,-14.415248043266502,121.45,0.8753659374273584,1750.7318748547166,rebalance,simulated
2020-01-13,2020-01-10,110054.SH,937.5773389513787,129.03,60.48780202244819,120975.60404489639,rebalance,simulated
2020-01-13,2020-01-10,113020.SH,-914.816993051777,127.31,58.23267569271086,116465.35138542173,rebalance,simulated
2020-01-13,2020-01-10,113518.SH,5.957962510011498,130.0,0.3872675631507474,774.5351263014948,rebalance,simulated
2020-01-13,2020-01-10,113527.SH,-1304.3404956020152,94.53,61.64965352462925,123299.3070492585,rebalance,simulated
2020-01-13,2020-01-10,127004.SZ,1142.5727620409557,105.88,60.48780202244819,120975.60404489639,rebalance,simulated
2020-01-13,2020-01-10,127007.SZ,1041.994866881106,116.1,60.48780202244819,120975.60404489639,rebalance,simulated
2020-01-13,2020-01-10,127013.SZ,-19.72977932148956,127.212,1.254932343522665,2509.86468704533,rebalance,simulated
2020-01-13,2020-01-10,128053.SZ,1116.0111074252434,108.4,60.48780202244819,120975.60404489639,rebalance,simulated
2020-01-20,2020-01-17,110052.SH,-8.104373381919459,123.68,0.5011744499378994,1002.3488998757987,rebalance,simulated
2020-01-20,2020-01-17,110054.SH,-937.5773389513787,128.02,60.014325466277754,120028.65093255551,rebalance,simulated
2020-01-20,2020-01-17,113020.SH,942.8591399691277,129.6,61.09727226999947,122194.54453999894,rebalance,simulated
2020-01-20,2020-01-17,113517.SH,935.9980432018302,130.55,61.09727226999947,122194.54453999894,rebalance,simulated
2020-01-20,2020-01-17,113518.SH,-930.5815695761261,133.66,62.19076629477251,124381.53258954501,rebalance,simulated
2020-01-20,2020-01-17,113527.SH,1300.080269603138,93.99,61.09727226999947,122194.54453999894,rebalance,simulated
2020-01-20,2020-01-17,127004.SZ,-84.60217753373968,115.499,4.885733451484699,9771.466902969398,rebalance,simulated
2020-01-20,2020-01-17,127007.SZ,-1041.994866881106,115.013,59.92147781229833,119842.95562459665,rebalance,simulated
2020-01-20,2020-01-17,127013.SZ,17.975707224450957,126.11,1.1334582190377551,2266.91643807551,rebalance,simulated
2020-01-20,2020-01-17,128053.SZ,-1116.0111074252434,107.68,60.08603802377511,120172.07604755022,rebalance,simulated
2020-01-20,2020-01-17,128065.SZ,1035.5469876271097,118.0,61.09727226999948,122194.54453999895,rebalance,simulated
2020-02-03,2020-01-23,110046.SH,986.4293524071102,122.1,60.22151196445407,120443.02392890815,rebalance,simulated
2020-02-03,2020-01-23,110052.SH,41.438029236428065,117.0,2.4241247103310415,4848.249420662083,rebalance,simulated
2020-02-03,2020-01-23,113020.SH,-942.8591399691277,118.0,55.62868925817854,111257.37851635707,rebalance,simulated
2020-02-03,2020-01-23,113517.SH,-935.9980432018302,123.0,57.56387965691256,115127.75931382512,rebalance,simulated
2020-02-03,2020-01-23,113518.SH,1021.7426529428924,117.88,60.22151196445407,120443.02392890815,rebalance,simulated
2020-02-03,2020-01-23,113527.SH,50.783614749802155,89.16,2.26393354554618,4527.86709109236,rebalance,simulated
2020-02-03,2020-01-23,123035.SZ,1047.3306428600708,115.0,60.22151196445407,120443.02392890815,rebalance,simulated
2020-02-03,2020-01-23,127004.SZ,-1057.970584507216,147.0,77.76083796128039,155521.67592256077,rebalance,simulated
2020-02-03,2020-01-23,127013.SZ,82.49293082267377,114.55,4.7247826128686405,9449.56522573728,rebalance,simulated
2020-02-03,2020-01-23,128053.SZ,972.2399051428629,123.882,60.22151196445407,120443.02392890815,rebalance,simulated
2020-02-03,2020-01-23,128065.SZ,-1035.5469876271097,110.0,56.955084319491036,113910.16863898207,rebalance,simulated
2020-02-10,2020-02-07,110046.SH,-986.4293524071102,142.66,70.36200570719916,140724.01141439832,rebalance,simulated
2020-02-10,2020-02-07,110052.SH,103.26317119463306,118.5,6.1183428932820085,12236.685786564018,rebalance,simulated
2020-02-10,2020-02-07,113020.SH,1090.275778148762,123.11,67.11192552394704,134223.85104789407,rebalance,simulated
2020-02-10,2020-02-07,113028.SH,1035.6778630238741,129.6,67.11192552394704,134223.85104789407,rebalance,simulated
2020-02-10,2020-02-07,113518.SH,35.05485156772943,127.01,2.226158348808658,4452.316697617315,rebalance,simulated
2020-02-10,2020-02-07,113527.SH,89.30619126824081,93.2,4.161668513100023,8323.337026200044,rebalance,simulated
2020-02-10,2020-02-07,123035.SZ,-1047.3306428600708,123.701,64.7779239262168,129555.84785243361,rebalance,simulated
2020-02-10,2020-02-07,127007.SZ,1137.4902631177463,118.0,67.11192552394704,134223.85104789407,rebalance,simulated
2020-02-10,2020-02-07,127013.SZ,-4.00770657119233,128.145,0.25678377928272056,513.5675585654411,rebalance,simulated
2020-02-10,2020-02-07,128053.SZ,-972.2399051428629,204.55,99.43583629848631,198871.6725969726,rebalance,simulated
2020-02-17,2020-02-14,110052.SH,9.84861231446348,119.0,0.5859924327105771,1171.9848654211542,rebalance,simulated
2020-02-17,2020-02-14,113020.SH,-10.868178304473759,125.96,0.6844778696157573,1368.9557392315146,rebalance,simulated
2020-02-17,2020-02-14,113028.SH,-1035.6778630238741,127.3,65.92089598146958,131841.79196293917,rebalance,simulated
2020-02-17,2020-02-14,113518.SH,-1056.7975045106218,129.01,68.16872302845765,136337.4460569153,rebalance,simulated
2020-02-17,2020-02-14,113526.SH,1045.621635594759,130.03,67.98109063819327,135962.18127638652,rebalance,simulated
2020-02-17,2020-02-14,113527.SH,-42.81980556582107,97.3,2.083183540777195,4166.36708155439,rebalance,simulated
2020-02-17,2020-02-14,113554.SH,1099.1283854194544,123.7,67.98109063819327,135962.18127638652,rebalance,simulated
2020-02-17,2020-02-14,127007.SZ,-13.835872403808025,121.0,0.8370702804303856,1674.140560860771,rebalance,simulated
2020-02-17,2020-02-14,127013.SZ,-25.318948594415133,133.02,1.6839632710145507,3367.9265420291013,rebalance,simulated
2020-02-17,2020-02-14,128085.SZ,1124.7698649601798,120.88,67.98109063819327,135962.18127638652,rebalance,simulated
2020-02-24,2020-02-21,110046.SH,1040.5438716846613,136.0,70.75698327455697,141513.96654911395,rebalance,simulated
2020-02-24,2020-02-21,110052.SH,-41.2633341837693,128.5,2.651169221307178,5302.338442614356,rebalance,simulated
2020-02-24,2020-02-21,113020.SH,-1079.4075998442881,128.99,69.61639315195737,139232.78630391473,rebalance,simulated
2020-02-24,2020-02-21,113518.SH,1093.7009548582887,129.39,70.75698327455697,141513.96654911395,rebalance,simulated
2020-02-24,2020-02-21,113526.SH,-1045.621635594759,131.55,68.77576308124529,137551.52616249057,rebalance,simulated
2020-02-24,2020-02-21,113527.SH,-1397.35027005536,99.98,69.85354000006744,139707.08000013488,rebalance,simulated
2020-02-24,2020-02-21,113554.SH,19.293858705369303,126.53,1.220625970995189,2441.251941990378,rebalance,simulated
2020-02-24,2020-02-21,127007.SZ,-33.40811529703592,129.8,2.1681866827776313,4336.373365555262,rebalance,simulated
2020-02-24,2020-02-21,127013.SZ,-1022.1183376664148,146.0,74.61463864964828,149229.27729929658,rebalance,simulated
2020-02-24,2020-02-21,128042.SZ,1160.4261299640339,121.95,70.75698327455697,141513.96654911395,rebalance,simulated
2020-02-24,2020-02-21,128055.SZ,1048.1739615518402,135.01,70.75698327455697,141513.96654911395,rebalance,simulated
2020-02-24,2020-02-21,128085.SZ,-36.20089150545709,130.0,2.3530579478547113,4706.115895709422,rebalance,simulated
2020-03-02,2020-02-28,110046.SH,28.328399206689255,128.73,1.8233574149385539,3646.7148298771076,rebalance,simulated
2020-03-02,2020-02-28,110052.SH,1.2554655331784943,124.8,0.07834104927033805,156.6820985406761,rebalance,simulated
2020-03-02,2020-02-28,113515.SH,1041.840898249743,132.07,68.79796371592178,137595.92743184356,rebalance,simulated
2020-03-02,2020-02-28,113518.SH,-1093.7009548582887,128.29,70.15544774938493,140310.89549876985,rebalance,simulated
2020-03-02,2020-02-28,113527.SH,1333.9401593004707,103.15,68.79796371592178,137595.92743184356,rebalance,simulated
2020-03-02,2020-02-28,113554.SH,-1118.4222441248237,125.0,69.90139025780148,139802.78051560296,rebalance,simulated
2020-03-02,2020-02-28,127004.SZ,936.0267172234256,147.0,68.79796371592178,137595.92743184356,rebalance,simulated
2020-03-02,2020-02-28,127007.SZ,3.5123388377026004,125.801,0.22092786906091244,441.85573812182486,rebalance,simulated
2020-03-02,2020-02-28,127013.SZ,1042.4012866146227,131.999,68.79796371592178,137595.92743184356,rebalance,simulated
2020-03-02,2020-02-28,128042.SZ,-1160.4261299640339,118.0,68.465141667878,136930.283335756,rebalance,simulated
2020-03-02,2020-02-28,128055.SZ,-10.497284086956597,132.6,0.6959699349652224,1391.9398699304447,rebalance,simulated
2020-03-02,2020-02-28,128058.SZ,1074.9681830612778,128.0,68.79796371592178,137595.92743184356,rebalance,simulated
2020-03-02,2020-02-28,128085.SZ,73.55879201692892,118.4,4.354680487402192,8709.360974804384,rebalance,simulated
2020-03-03,2020-03-02,110046.SH,-1068.8722708913506,131.5,70.2783518111063,140556.7036222126,risk_exit,simulated
2020-03-09,2020-03-06,110052.SH,46.5988870354297,125.0,2.912430439714356,5824.860879428712,rebalance,simulated
2020-03-09,2020-03-06,113515.SH,-1041.840898249743,140.31,73.09034821671074,146180.69643342146,rebalance,simulated
2020-03-09,2020-03-06,113517.SH,1096.4984321010195,131.0,71.82064730261678,143641.29460523356,rebalance,simulated
2020-03-09,2020-03-06,113527.SH,-32.841476282050735,110.4,1.8128494907692008,3625.6989815384013,rebalance,simulated
2020-03-09,2020-03-06,127004.SZ,-936.0267172234256,172.99,80.9616309062402,161923.2618124804,rebalance,simulated
2020-03-09,2020-03-06,127007.SZ,28.61437062767004,127.98,1.8310335764646062,3662.067152929212,rebalance,simulated
2020-03-09,2020-03-06,127013.SZ,59.987774054859756,130.3,3.9082034796741136,7816.406959348227,rebalance,simulated
2020-03-09,2020-03-06,128055.SZ,-1037.6766774648836,139.5,72.37794825317563,144755.89650635127,rebalance,simulated
2020-03-09,2020-03-06,128058.SZ,27.42087760820459,130.3,1.7864701761745294,3572.9403523490587,rebalance,simulated
2020-03-09,2020-03-06,128085.SZ,6.828082552710157,122.88,0.419517392038512,839.034784077024,rebalance,simulated
2020-03-09,2020-03-06,128092.SZ,1177.3876606986357,122.0,71.82064730261678,143641.29460523356,rebalance,simulated
2020-03-16,2020-03-13,110052.SH,-0.03393928542254798,123.0,0.002087266053486701,4.174532106973402,rebalance,simulated
2020-03-16,2020-03-13,113515.SH,1044.7875470094828,135.28,70.66942967972142,141338.85935944284,rebalance,simulated
2020-03-16,2020-03-13,113517.SH,4.871936163944383,128.33,0.3126077839594914,625.2155679189827,rebalance,simulated
2020-03-16,2020-03-13,113527.SH,-1301.09868301842,104.1,67.72218645110875,135444.3729022175,rebalance,simulated
2020-03-16,2020-03-13,113554.SH,1179.0028308261833,119.88,70.66942967972142,141338.85935944284,rebalance,simulated
2020-03-16,2020-03-13,127007.SZ,-5.131572474717814,126.507,0.32458991952956323,649.1798390591265,rebalance,simulated
2020-03-16,2020-03-13,127013.SZ,21.578011771414822,125.75,1.356717490127707,2713.434980255414,rebalance,simulated
2020-03-16,2020-03-13,128058.SZ,-39.69086999697993,133.0,2.639442854799165,5278.88570959833,rebalance,simulated
2020-03-16,2020-03-13,128085.SZ,-27.294154181478234,123.801,1.6895217909105935,3379.0435818211868,rebalance,simulated
2020-03-16,2020-03-13,128087.SZ,1142.741659062149,123.684,70.66942967972142,141338.85935944284,rebalance,simulated
2020-03-16,2020-03-13,128092.SZ,37.80328899995288,116.31,2.19845027179226,4396.90054358452,rebalance,simulated
2020-03-17,,110054.SH,-0.0,100.499,0.0,,verified_redemption,settled_to_receivable
2020-03-17,2020-03-16,113517.SH,-1101.3703682649639,133.0,73.2411294896201,146482.2589792402,risk_exit,simulated
2020-03-23,,110046.SH,-0.0,100.27,0.0,,verified_redemption,settled_to_receivable
2020-03-23,2020-03-20,110052.SH,-111.2265967171952,119.5,6.645789153852414,13291.578307704827,rebalance,simulated
2020-03-23,2020-03-20,113020.SH,1042.2306184058023,119.0,62.01272179514523,124025.44359029047,rebalance,simulated
2020-03-23,2020-03-20,113031.SH,996.1883019300438,124.5,62.01272179514523,124025.44359029047,rebalance,simulated
2020-03-23,2020-03-20,113515.SH,-1044.7875470094828,127.01,66.34923317283722,132698.46634567442,rebalance,simulated
2020-03-23,2020-03-20,113527.SH,1200.5173128476474,103.31,62.012721795145225,124025.44359029045,rebalance,simulated
2020-03-23,2020-03-20,113551.SH,996.2683234821309,124.49,62.01272179514523,124025.44359029047,rebalance,simulated
2020-03-23,2020-03-20,113554.SH,-123.46714069605173,117.5,7.25369451589304,14507.389031786079,rebalance,simulated
2020-03-23,2020-03-20,127007.SZ,-66.4454826414767,118.03,3.9212801580867476,7842.560316173495,rebalance,simulated
2020-03-23,2020-03-20,127013.SZ,-100.65483159691655,121.2,6.099682794773144,12199.365589546287,rebalance,simulated
2020-03-23,2020-03-20,128058.SZ,-70.51051695295826,125.002,4.406977820076844,8813.955640153688,rebalance,simulated
2020-03-23,2020-03-20,128085.SZ,-67.8483294247842,115.5,3.9182410242812877,7836.482048562575,rebalance,simulated
2020-03-23,2020-03-20,128087.SZ,-1142.741659062149,122.0,69.7072412027911,139414.48240558218,rebalance,simulated
2020-03-23,2020-03-20,128092.SZ,-118.47473232547668,113.088,6.699035264611752,13398.070529223505,rebalance,simulated
2020-03-30,2020-03-27,110052.SH,-94.22059554955035,120.8,5.690923971192841,11381.847942385682,rebalance,simulated
2020-03-30,2020-03-27,113020.SH,-1042.2306184058023,118.01,61.49681763903437,122993.63527806873,rebalance,simulated
2020-03-30,2020-03-27,113031.SH,-58.51596159117901,121.57,3.5568927253198157,7113.785450639632,rebalance,simulated
2020-03-30,2020-03-27,113515.SH,883.7338275447382,128.99,56.9964132074979,113992.8264149958,rebalance,simulated
2020-03-30,2020-03-27,113527.SH,-95.40023659950589,103.15,4.920267202619517,9840.534405239034,rebalance,simulated
2020-03-30,2020-03-27,113551.SH,-996.2683234821309,122.9,61.22068847797695,122441.37695595389,rebalance,simulated
2020-03-30,2020-03-27,113554.SH,-1055.5356901301316,119.03,62.820206598094785,125640.41319618956,rebalance,simulated
2020-03-30,2020-03-27,127007.SZ,-100.73695226892835,119.985,6.043461608993684,12086.923217987367,rebalance,simulated
2020-03-30,2020-03-27,127013.SZ,-89.71005890298318,122.1,5.476799096027123,10953.598192054245,rebalance,simulated
2020-03-30,2020-03-27,128042.SZ,1024.1943074123612,111.3,56.9964132074979,113992.8264149958,rebalance,simulated
2020-03-30,2020-03-27,128058.SZ,-58.67723727598582,122.112,3.5825973991225903,7165.19479824518,rebalance,simulated
2020-03-30,2020-03-27,128074.SZ,862.2755402042043,132.2,56.9964132074979,113992.8264149958,rebalance,simulated
2020-03-30,2020-03-27,128084.SZ,971.9881513582751,117.278,56.9964132074979,113992.8264149958,rebalance,simulated
2020-03-30,2020-03-27,128085.SZ,-123.85731169225562,119.998,7.431314844223645,14862.62968844729,rebalance,simulated
2020-03-30,2020-03-27,128092.SZ,-104.38700088377755,114.874,5.995676169761531,11991.35233952306,rebalance,simulated
2020-03-31,,113517.SH,-0.0,100.39,0.0,,verified_redemption,settled_to_receivable
2020-04-07,2020-04-03,110052.SH,-64.11535196773832,119.5,3.8308922800723644,7661.784560144729,rebalance,simulated
2020-04-07,2020-04-03,113031.SH,-90.05703500036122,124.0,5.583536170022396,11167.072340044791,rebalance,simulated
2020-04-07,2020-04-03,113515.SH,-54.377732997476755,126.73,3.4456450513851147,6891.290102770229,rebalance,simulated
2020-04-07,2020-04-03,113526.SH,796.2446807725337,132.0,52.55214893098723,105104.29786197445,rebalance,simulated
2020-04-07,2020-04-03,113527.SH,-84.09222816212582,102.94,4.328226983504616,8656.453967009233,rebalance,simulated
2020-04-07,2020-04-03,113554.SH,876.0151513750162,119.98,52.55214893098723,105104.29786197445,rebalance,simulated
2020-04-07,2020-04-03,127007.SZ,-950.0589774971521,119.2,56.623515058830264,113247.03011766053,rebalance,simulated
2020-04-07,2020-04-03,127013.SZ,-72.09154372809212,122.0,4.397584167413619,8795.168334827238,rebalance,simulated
2020-04-07,2020-04-03,128042.SZ,-69.56853209924168,110.1,3.8297476920632545,7659.495384126509,rebalance,simulated
2020-04-07,2020-04-03,128058.SZ,-84.39548453676787,123.781,5.223278735722832,10446.557471445663,rebalance,simulated
2020-04-07,2020-04-03,128074.SZ,-68.13653104686045,132.35,4.5089349420259905,9017.869884051981,rebalance,simulated
2020-04-07,2020-04-03,128084.SZ,-93.2851854434125,119.613,5.57906044322145,11158.120886442899,rebalance,simulated
2020-04-07,2020-04-03,128085.SZ,-30.408389891421507,114.3,1.7378394822947392,3475.6789645894783,rebalance,simulated
2020-04-07,2020-04-03,128092.SZ,-105.37311638828419,118.5,6.243357146005838,12486.714292011677,rebalance,simulated
2020-04-13,2020-04-10,110052.SH,-3.515722232491271,119.0,0.20918547283323063,418.37094566646124,rebalance,simulated
2020-04-13,2020-04-10,113031.SH,13.140701429286082,121.11,0.7957351750504187,1591.4703501008373,rebalance,simulated
2020-04-13,2020-04-10,113515.SH,-14.742044538298387,127.97,0.9432697197830223,1886.5394395660446,rebalance,simulated
2020-04-13,2020-04-10,113526.SH,34.86557976838162,125.43,2.1865948351740534,4373.189670348107,rebalance,simulated
2020-04-13,2020-04-10,113527.SH,9.177345605525034,101.19,0.4643278009115391,928.6556018230781,rebalance,simulated
2020-04-13,2020-04-10,113554.SH,-876.0151513750162,123.0,53.8749318095635,107749.86361912699,rebalance,simulated
2020-04-13,2020-04-10,127007.SZ,869.8778369463201,119.84,52.12307998982351,104246.15997964701,rebalance,simulated
2020-04-13,2020-04-10,127013.SZ,0.027874015582256106,121.0,0.0016863779427264945,3.372755885452989,rebalance,simulated
2020-04-13,2020-04-10,128042.SZ,-6.933411861783043,110.0,0.3813376523980674,762.6753047961347,rebalance,simulated
2020-04-13,2020-04-10,128058.SZ,11.001879608448803,121.2,0.6667139042719975,1333.427808543995,rebalance,simulated
2020-04-13,2020-04-10,128065.SZ,906.4883476491044,115.0,52.12307998982351,104246.15997964701,rebalance,simulated
2020-04-13,2020-04-10,128074.SZ,-9.62546325391952,132.88,0.6395157785904129,1279.0315571808258,rebalance,simulated
2020-04-13,2020-04-10,128084.SZ,-878.7029659148626,118.273,51.963417943824275,103926.83588764854,rebalance,simulated
2020-04-13,2020-04-10,128085.SZ,19.606931576812144,111.0,1.088184702513074,2176.369405026148,rebalance,simulated
2020-04-13,2020-04-10,128092.SZ,-25.410467660724066,120.999,1.5373205882399756,3074.6411764799514,rebalance,simulated
2020-04-14,2020-04-13,128065.SZ,-906.4883476491044,113.0,51.2165916421744,102433.1832843488,risk_exit,simulated
2020-04-20,2020-04-17,110052.SH,82.85781497705898,118.65,4.9155398735140245,9831.079747028049,rebalance,simulated
2020-04-20,2020-04-17,113031.SH,73.70504763708709,121.75,4.486794774907676,8973.589549815353,rebalance,simulated
2020-04-20,2020-04-17,113515.SH,54.32838773482172,130.93,3.556607903060104,7113.215806120208,rebalance,simulated
2020-04-20,2020-04-17,113526.SH,37.566790492097994,130.97,2.460061275375037,4920.122550750074,rebalance,simulated
2020-04-20,2020-04-17,113527.SH,103.19722226575914,100.38,5.179468585518451,10358.937171036901,rebalance,simulated
2020-04-20,2020-04-17,113554.SH,921.2197034315284,123.5,56.88531668689688,113770.63337379375,rebalance,simulated
2020-04-20,2020-04-17,127007.SZ,97.60065596403956,117.595,5.7386745690456165,11477.349138091233,rebalance,simulated
2020-04-20,2020-04-17,127013.SZ,67.1028023568523,122.513,4.110482812572522,8220.965625145045,rebalance,simulated
2020-04-20,2020-04-17,128042.SZ,-947.6923634513365,111.302,52.74002771843033,105480.05543686067,rebalance,simulated
2020-04-20,2020-04-17,128058.SZ,-860.1168315152394,122.859,52.8365469015654,105673.09380313079,rebalance,simulated
2020-04-20,2020-04-17,128074.SZ,47.027638974361366,136.819,3.2171372684165735,6434.274536833147,rebalance,simulated
2020-04-20,2020-04-17,128084.SZ,976.5719602900751,116.5,56.88531668689688,113770.63337379375,rebalance,simulated
2020-04-20,2020-04-17,128085.SZ,80.31379546845665,111.598,4.481429473344412,8962.858946688824,rebalance,simulated
2020-04-20,2020-04-17,128092.SZ,78.70753593813458,121.0,4.761805924257143,9523.611848514285,rebalance,simulated
2020-04-27,2020-04-24,110052.SH,216.07718045816694,118.5,12.80257294214639,25605.145884292782,rebalance,simulated
2020-04-27,2020-04-24,113028.SH,1072.2521976370933,129.85,69.61597393158827,139231.94786317655,rebalance,simulated
2020-04-27,2020-04-24,113031.SH,-934.4610544048768,123.05,57.49271637226005,114985.43274452009,rebalance,simulated
2020-04-27,2020-04-24,113515.SH,175.4799451470452,133.31,11.6966157437763,23393.2314875526,rebalance,simulated
2020-04-27,2020-04-24,113526.SH,-868.6770510330133,157.3,68.3214500637465,136642.900127493,rebalance,simulated
2020-04-27,2020-04-24,113527.SH,252.68269318333273,100.45,12.690988265132887,25381.976530265772,rebalance,simulated
2020-04-27,2020-04-24,113554.SH,-921.2197034315284,123.01,56.65961785955616,113319.23571911232,risk_exit,simulated
2020-04-27,2020-04-24,127003.SZ,1242.476779075286,112.06,69.61597393158827,139231.94786317655,rebalance,simulated
2020-04-27,2020-04-24,127007.SZ,222.53815549285866,117.0,13.018482096332233,26036.964192664465,rebalance,simulated
2020-04-27,2020-04-24,127013.SZ,251.28044763003584,118.001,14.82567205039593,29651.34410079186,rebalance,simulated
2020-04-27,2020-04-24,128074.SZ,193.9574367851484,135.77,13.1668005961598,26333.6011923196,rebalance,simulated
2020-04-27,2020-04-24,128084.SZ,-976.5719602900751,115.599,56.445371018786204,112890.7420375724,rebalance,simulated
2020-04-27,2020-04-24,128085.SZ,239.4099813967697,110.6,13.239371971241365,26478.743942482728,rebalance,simulated
2020-04-27,2020-04-24,128092.SZ,123.39807580165052,130.9,8.076404061218026,16152.808122436054,rebalance,simulated
2020-05-06,2020-04-30,110052.SH,-1174.9531465246966,116.99,68.72888430596213,137457.76861192426,risk_exit,simulated
2020-05-06,2020-04-30,113028.SH,-12.966517913072494,129.35,0.8386095460279634,1677.219092055927,rebalance,simulated
2020-05-06,2020-04-30,113031.SH,1056.5086180299336,129.69,68.50930133615104,137018.60267230208,rebalance,simulated
2020-05-06,2020-04-30,113515.SH,-27.96390609333696,134.8,1.884767270690911,3769.5345413818222,rebalance,simulated
2020-05-06,2020-04-30,113521.SH,1008.1568881782215,135.91,68.50930133615104,137018.60267230208,rebalance,simulated
2020-05-06,2020-04-30,113527.SH,-1386.0821091406326,100.2,69.4427136679457,138885.42733589138,risk_exit,simulated
2020-05-06,2020-04-30,113531.SH,1074.2344388263589,127.55,68.50930133615104,137018.60267230208,rebalance,simulated
2020-05-06,2020-04-30,127003.SZ,-1242.476779075286,111.436,69.2283211765168,138456.6423530336,rebalance,simulated
2020-05-06,2020-04-30,127007.SZ,-1190.0166484032184,117.0,69.61597393158827,139231.94786317655,rebalance,simulated
2020-05-06,2020-04-30,127013.SZ,-1179.9217622153758,119.48,70.48852607474656,140977.0521494931,rebalance,simulated
2020-05-06,2020-04-30,128074.SZ,110.21858727487597,120.645,6.6486607308887065,13297.321461777412,rebalance,simulated
2020-05-06,2020-04-30,128085.SZ,-22.13676398065718,110.79,1.2262660407085046,2452.532081417009,rebalance,simulated
2020-05-06,2020-04-30,128092.SZ,32.49757719830541,125.0,2.031098574894088,4062.197149788176,rebalance,simulated
2020-05-07,2020-05-06,113531.SH,-1074.2344388263589,130.2,69.93266196759595,139865.3239351919,risk_exit,simulated
2020-05-07,2020-05-06,128085.SZ,-1236.7416072958035,111.62,69.0225491031788,138045.0982063576,risk_exit,simulated
2020-05-11,2020-05-08,113028.SH,-1059.2856797240208,132.9,70.3895334176612,140779.0668353224,rebalance,simulated
2020-05-11,2020-05-08,113031.SH,-1056.5086180299336,131.61,69.52354960945979,139047.09921891958,rebalance,simulated
2020-05-11,2020-05-08,113515.SH,-1016.4584767974931,140.0,71.1520933758245,142304.18675164902,rebalance,simulated
2020-05-11,2020-05-08,113521.SH,10.6977165810639,136.66,0.7309749739840964,1461.9499479681926,rebalance,simulated
2020-05-11,2020-05-08,113558.SH,1113.8042579505955,125.01,69.61833514320197,139236.67028640394,rebalance,simulated
2020-05-11,2020-05-08,127013.SZ,1133.9506819536273,122.789,69.61833514320197,139236.67028640394,rebalance,simulated
2020-05-11,2020-05-08,128074.SZ,-35.901487876167494,126.6,2.272564182561402,4545.128365122804,rebalance,simulated
2020-05-11,2020-05-08,128092.SZ,16.409470962006253,125.15,1.0268226454475413,2053.645290895083,rebalance,simulated
2020-05-18,2020-05-15,113031.SH,1055.5154437432263,129.31,68.2443510152183,136488.7020304366,rebalance,simulated
2020-05-18,2020-05-15,113521.SH,47.463379853500555,128.0,3.0376563106240355,6075.312621248071,rebalance,simulated
2020-05-18,2020-05-15,113558.SH,-1113.8042579505955,122.53,68.23721786334323,136474.43572668647,rebalance,simulated
2020-05-18,2020-05-15,127013.SZ,23.841967197140775,117.887,1.4053289934846673,2810.6579869693346,rebalance,simulated
2020-05-18,2020-05-15,128074.SZ,-2.0307597049688866,124.331,0.1262431924392433,252.48638487848663,rebalance,simulated
2020-05-18,2020-05-15,128092.SZ,40.88035511281555,118.332,2.418727090604845,4837.4541812096895,rebalance,simulated
2020-05-25,2020-05-22,113031.SH,-1055.5154437432263,125.11,66.02776858335753,132055.53716671505,rebalance,simulated
2020-05-25,2020-05-22,113521.SH,7.0372841705450355,125.0,0.4398302606590647,879.6605213181294,rebalance,simulated
2020-05-25,2020-05-22,113534.SH,1225.0676460730128,109.52,67.08470429895819,134169.40859791636,rebalance,simulated
2020-05-25,2020-05-22,127013.SZ,29.65233357262673,112.99,1.675208585185547,3350.417170371094,rebalance,simulated
2020-05-25,2020-05-22,128074.SZ,11.649103206243353,120.935,0.70439214812352,1408.78429624704,rebalance,simulated
2020-05-25,2020-05-22,128084.SZ,1185.2316551789859,113.201,67.08470429895819,134169.40859791636,rebalance,simulated
2020-05-25,2020-05-22,128092.SZ,32.861926361882524,113.099,1.858325504801276,3716.6510096025518,rebalance,simulated
2020-06-01,2020-05-29,113521.SH,-2.501516900679917,126.23,0.15788323918641298,315.76647837282593,rebalance,simulated
2020-06-01,2020-05-29,113534.SH,-2.8807645165295526,110.6,0.15930627776408426,318.6125555281685,rebalance,simulated
2020-06-01,2020-05-29,127013.SZ,-12.428735329905294,115.04,0.7149008561761525,1429.801712352305,rebalance,simulated
2020-06-01,2020-05-29,128058.SZ,1159.0769245952483,116.622,67.58693455007352,135173.86910014704,rebalance,simulated
2020-06-01,2020-05-29,128074.SZ,-4.169394896955964,122.3,0.2549584979488572,509.9169958977144,rebalance,simulated
2020-06-01,2020-05-29,128084.SZ,-34.88427927672433,117.507,2.049573502485023,4099.147004970046,rebalance,simulated
2020-06-01,2020-05-29,128092.SZ,21.148011268818664,111.95,1.1837599307721247,2367.5198615442496,rebalance,simulated
2020-06-08,2020-06-05,113031.SH,1075.9997250705444,128.94,69.369702275298,138739.404550596,rebalance,simulated
2020-06-08,2020-06-05,113034.SH,1299.544815947883,106.76,69.369702275298,138739.404550596,rebalance,simulated
2020-06-08,2020-06-05,113521.SH,-1070.853751882651,146.3,78.33295195021594,156665.90390043188,rebalance,simulated
2020-06-08,2020-06-05,113534.SH,-1222.1868815564833,112.0,68.44246536716307,136884.93073432613,rebalance,simulated
2020-06-08,2020-06-05,113558.SH,1091.49087051055,127.11,69.369702275298,138739.404550596,rebalance,simulated
2020-06-08,2020-06-05,127013.SZ,-1175.0162473934895,117.23,68.87357734096939,137747.1546819388,rebalance,simulated
2020-06-08,2020-06-05,128058.SZ,-1159.0769245952483,119.92,69.49825239873108,138996.50479746217,rebalance,simulated
2020-06-08,2020-06-05,128074.SZ,-28.09537967686174,128.8,1.8093424511898961,3618.684902379792,rebalance,simulated
2020-06-08,2020-06-05,128084.SZ,-1150.3473759022615,115.701,66.54817086963378,133096.34173926755,rebalance,simulated
2020-06-08,2020-06-05,128092.SZ,21.638981806528136,112.88,1.221304133160448,2442.608266320896,rebalance,simulated
2020-06-08,2020-06-05,128095.SZ,1155.1028602996919,120.11,69.369702275298,138739.404550596,rebalance,simulated
2020-06-15,2020-06-12,113031.SH,-1075.9997250705444,128.8,69.29438229454306,138588.76458908612,rebalance,simulated
2020-06-15,2020-06-12,113034.SH,-1299.544815947883,106.05,68.90836386563649,137816.727731273,rebalance,simulated
2020-06-15,2020-06-12,113521.SH,1054.55856174518,131.3,69.23176957857108,138463.53915714214,rebalance,simulated
2020-06-15,2020-06-12,113558.SH,7.426106927086039,126.0,0.46784473640642044,935.6894728128409,rebalance,simulated
2020-06-15,2020-06-12,127013.SZ,1203.8842154619624,115.014,69.23176957857108,138463.53915714214,rebalance,simulated
2020-06-15,2020-06-12,128042.SZ,1298.2255021484223,106.656,69.23176957857108,138463.53915714214,rebalance,simulated
2020-06-15,2020-06-12,128074.SZ,-28.203084253173984,132.0,1.861403560709483,3722.807121418966,rebalance,simulated
2020-06-15,2020-06-12,128092.SZ,27.9577273187208,110.15,1.5397718320785483,3079.5436641570964,rebalance,simulated
2020-06-15,2020-06-12,128095.SZ,-1155.1028602996919,120.101,69.36450431242666,138729.0086248533,rebalance,simulated
2020-06-22,2020-06-19,113521.SH,-1054.55856174518,137.4,72.44817319189387,144896.34638378775,rebalance,simulated
2020-06-22,2020-06-19,113558.SH,-1098.916977437636,128.71,70.72080208299907,141441.60416599814,rebalance,simulated
2020-06-22,2020-06-19,127013.SZ,-7.299329527653981,117.81,0.42996700582645775,859.9340116529155,rebalance,simulated
2020-06-22,2020-06-19,128042.SZ,-1298.2255021484223,110.25,71.56468080593179,143129.36161186357,rebalance,simulated
2020-06-22,2020-06-19,128074.SZ,-11.478603717019269,135.876,0.779833379326855,1559.66675865371,rebalance,simulated
2020-06-22,2020-06-19,128084.SZ,1144.1228566366983,123.212,70.48483270596044,140969.66541192087,rebalance,simulated
2020-06-22,2020-06-19,128092.SZ,-13.158720381244848,113.33,0.7456388904032394,1491.2777808064786,rebalance,simulated
2020-06-29,2020-06-24,113034.SH,1355.365899391329,105.39,71.42100606842608,142842.01213685216,rebalance,simulated
2020-06-29,2020-06-24,127013.SZ,8.832938005372398,118.5,0.5233515768183146,1046.7031536366292,rebalance,simulated
2020-06-29,2020-06-24,128074.SZ,-1037.487602018906,147.99,76.76889511138897,153537.79022277793,rebalance,simulated
2020-06-29,2020-06-24,128084.SZ,0.6188278894087489,124.781,0.038608981434156545,77.2179628683131,rebalance,simulated
2020-06-29,2020-06-24,128087.SZ,1415.4826103102855,100.914,71.42100606842608,142842.01213685216,rebalance,simulated
2020-06-29,2020-06-24,128092.SZ,-15.666349091467737,116.3,0.9109981996688489,1821.9963993376978,rebalance,simulated
2020-07-06,2020-07-03,113034.SH,-21.368331463052982,109.0,1.1645740647363876,2329.148129472775,rebalance,simulated
2020-07-06,2020-07-03,127013.SZ,-25.655268936175162,123.25,1.5810059481917942,3162.0118963835885,rebalance,simulated
2020-07-06,2020-07-03,128084.SZ,-1144.741684526107,127.8,73.14899364121824,146297.9872824365,rebalance,simulated
2020-07-06,2020-07-03,128087.SZ,3.940807340847641,102.44,0.20184815199821618,403.69630399643233,rebalance,simulated
2020-07-06,2020-07-03,128092.SZ,-57.57587320131711,124.21,3.575749605167799,7151.499210335598,rebalance,simulated
2020-07-13,2020-07-10,113034.SH,-6.420659694930919,110.57,0.3549661712342558,709.9323424685116,rebalance,simulated
2020-07-13,2020-07-10,127013.SZ,-10.119696490669185,125.5,0.6350109547894913,1270.0219095789826,rebalance,simulated
2020-07-13,2020-07-10,128087.SZ,-21.288559632645956,104.99,1.1175429379157495,2235.085875831499,rebalance,simulated
2020-07-13,2020-07-10,128092.SZ,-1170.6443515351589,128.9,75.448028456441,150896.056912882,rebalance,simulated
2020-07-13,2020-07-10,128101.SZ,1197.7982761596163,122.55,73.39508937168048,146790.17874336097,rebalance,simulated
2020-07-20,2020-07-17,113027.SH,1216.1989009685726,118.6,72.12059482743635,144241.1896548727,rebalance,simulated
2020-07-20,2020-07-17,113034.SH,-1327.5769082333452,107.99,71.68251516005947,143365.03032011894,rebalance,simulated
2020-07-20,2020-07-17,113547.SH,1104.4501504967282,130.6,72.12059482743635,144241.1896548727,rebalance,simulated
2020-07-20,2020-07-17,127013.SZ,73.70848753382052,116.01,4.275460819399259,8550.921638798518,rebalance,simulated
2020-07-20,2020-07-17,128074.SZ,1108.6095584879922,130.11,72.12059482743635,144241.1896548727,rebalance,simulated
2020-07-20,2020-07-17,128084.SZ,1163.141598700691,124.01,72.12059482743635,144241.1896548727,rebalance,simulated
2020-07-20,2020-07-17,128087.SZ,-1398.1348580184872,103.0,72.0039451879521,144007.8903759042,rebalance,simulated
2020-07-20,2020-07-17,128101.SZ,-1197.7982761596163,115.82,69.36449817240337,138728.99634480674,rebalance,simulated
2020-07-27,2020-07-24,113027.SH,-55.39526207812992,126.0,3.4899015109221847,6979.803021844369,rebalance,simulated
2020-07-27,2020-07-24,113547.SH,-1104.4501504967282,136.76,75.52230129096627,151044.60258193253,rebalance,simulated
2020-07-27,2020-07-24,113558.SH,1148.5884914417761,127.34,73.1306292500979,146261.25850019578,rebalance,simulated
2020-07-27,2020-07-24,127013.SZ,-24.609087066607344,120.01,1.4766682694317739,2953.3365388635475,rebalance,simulated
2020-07-27,2020-07-24,128074.SZ,43.05389426945476,127.0,2.7339222861103774,5467.844572220754,rebalance,simulated
2020-07-27,2020-07-24,128084.SZ,-11.478145943244044,127.0,0.7288622673959968,1457.7245347919936,rebalance,simulated
2020-08-03,2020-07-31,113027.SH,-1160.8036388904427,150.01,87.06607693497766,174132.1538699553,rebalance,simulated
2020-08-03,2020-07-31,113534.SH,1251.762570746076,122.0,76.35751681551064,152715.03363102127,rebalance,simulated
2020-08-03,2020-07-31,113558.SH,-1148.5884914417761,138.01,79.25834885193976,158516.6977038795,rebalance,simulated
2020-08-03,2020-07-31,127013.SZ,19.320437663819575,123.35,1.1915879929160722,2383.1759858321443,rebalance,simulated
2020-08-03,2020-07-31,128058.SZ,1221.7202690481702,125.0,76.35751681551064,152715.03363102127,rebalance,simulated
2020-08-03,2020-07-31,128074.SZ,-3.430117185858535,133.0,0.22810279285959256,456.20558571918514,rebalance,simulated
2020-08-03,2020-07-31,128084.SZ,-1151.663452757447,138.85,79.95423520768576,159908.4704153715,rebalance,simulated
2020-08-03,2020-07-31,128087.SZ,1465.5953323514518,104.2,76.35751681551064,152715.03363102127,rebalance,simulated
2020-08-10,2020-08-07,113534.SH,-9.543333081264336,122.0,0.5821433179571245,1164.286635914249,rebalance,simulated
2020-08-10,2020-08-07,127013.SZ,9.576613433574039,121.47,0.5816356168881193,1163.2712337762384,rebalance,simulated
2020-08-10,2020-08-07,128058.SZ,9.398715477476117,123.1,0.578490937638655,1156.9818752773099,rebalance,simulated
2020-08-10,2020-08-07,128074.SZ,42.267426369551,127.3,2.6903216884219217,5380.643376843843,rebalance,simulated
2020-08-10,2020-08-07,128087.SZ,-1465.5953323514518,104.2,76.35751681551064,152715.03363102127,rebalance,simulated
2020-08-17,2020-08-14,113034.SH,1253.445562110779,120.65,75.61410353433276,151228.2070686655,rebalance,simulated
2020-08-17,2020-08-14,113534.SH,-1242.2192376648118,119.47,74.20396616190753,148407.93232381507,rebalance,simulated
2020-08-17,2020-08-14,127013.SZ,16.81058180103082,119.6,1.005272791701643,2010.5455834032862,rebalance,simulated
2020-08-17,2020-08-14,128058.SZ,-1231.1189845256463,124.98,76.93262534300763,153865.25068601526,rebalance,simulated
2020-08-17,2020-08-14,128074.SZ,-2.066914643178734,127.25,0.13150744417224694,263.0148883444939,rebalance,simulated
2020-08-17,2020-08-14,128110.SZ,1234.5159760707388,122.5,75.61410353433276,151228.2070686655,rebalance,simulated
2020-08-24,2020-08-21,113034.SH,18.433737323896366,119.0,1.0968073707718338,2193.6147415436676,rebalance,simulated
2020-08-24,2020-08-21,127003.SZ,1268.5746092760571,119.31,75.6768183163632,151353.63663272638,rebalance,simulated
2020-08-24,2020-08-21,127013.SZ,4.231052234907111,119.3,0.25238226581220913,504.7645316244183,rebalance,simulated
2020-08-24,2020-08-21,128074.SZ,-31.561290294778246,130.83,2.064581804632919,4129.163609265838,rebalance,simulated
2020-08-24,2020-08-21,128087.SZ,1444.9034523410633,104.75,75.6768183163632,151353.63663272638,rebalance,simulated
2020-08-24,2020-08-21,128110.SZ,-1234.5159760707388,122.3,75.49065193672567,150981.30387345134,rebalance,simulated
2020-08-31,2020-08-28,113034.SH,-1271.8792994346754,118.49,75.35248909500734,150704.9781900147,rebalance,simulated
2020-08-31,2020-08-28,113534.SH,1286.9378955404343,117.2,75.41456067866946,150829.1213573389,rebalance,simulated
2020-08-31,2020-08-28,127003.SZ,-42.32159011070007,123.0,2.602777791808055,5205.555583616109,rebalance,simulated
2020-08-31,2020-08-28,127013.SZ,-1268.6809441133812,117.0,74.2178352306328,148435.6704612656,rebalance,simulated
2020-08-31,2020-08-28,128058.SZ,1117.252750795103,135.0,75.41456067866946,150829.1213573389,rebalance,simulated
2020-08-31,2020-08-28,128065.SZ,1184.2738800042314,127.36,75.41456067866946,150829.1213573389,rebalance,simulated
2020-08-31,2020-08-28,128074.SZ,16.986275258774867,128.49,1.0912832539999915,2182.566507999983,rebalance,simulated
2020-08-31,2020-08-28,128087.SZ,-1444.9034523410633,102.43,74.00073031164757,148001.46062329513,rebalance,simulated
2020-09-01,2020-08-31,113534.SH,-1286.9378955404343,117.49,75.60116667352281,151202.3333470456,risk_exit,simulated
2020-09-07,2020-09-04,113578.SH,1179.7050722911792,127.01,74.91717061585135,149834.34123170268,rebalance,simulated
2020-09-07,2020-09-04,113589.SH,1477.6562251647206,101.4,74.91717061585135,149834.34123170268,rebalance,simulated
2020-09-07,2020-09-04,127003.SZ,-1226.253019165357,120.0,73.57518114992142,147150.36229984285,rebalance,simulated
2020-09-07,2020-09-04,128058.SZ,13.572466047935904,132.5,0.8991758756757537,1798.3517513515073,rebalance,simulated
2020-09-07,2020-09-04,128064.SZ,1231.1778244182635,121.7,74.91717061585135,149834.34123170268,rebalance,simulated
2020-09-07,2020-09-04,128065.SZ,-1184.2738800042314,123.98,73.41313782146231,146826.27564292462,rebalance,simulated
2020-09-07,2020-09-04,128074.SZ,-12.352311085967585,129.0,0.7967240650449092,1593.4481300898185,rebalance,simulated
2020-09-14,2020-09-11,113504.SH,1130.278637786335,130.27,73.62069907221293,147241.39814442585,rebalance,simulated
2020-09-14,2020-09-11,113525.SH,1206.8967061018514,122.0,73.62069907221293,147241.39814442585,rebalance,simulated
2020-09-14,2020-09-11,113578.SH,31.161688764954533,121.6,1.8946306769092356,3789.261353818471,rebalance,simulated
2020-09-14,2020-09-11,113589.SH,-15.041760632825799,100.67,0.7571270214532866,1514.2540429065732,rebalance,simulated
2020-09-14,2020-09-11,127003.SZ,1253.11828208022,117.5,73.62069907221293,147241.39814442585,rebalance,simulated
2020-09-14,2020-09-11,128058.SZ,19.13884239177719,128.04,1.2252686899215754,2450.537379843151,rebalance,simulated
2020-09-14,2020-09-11,128064.SZ,-1231.1778244182635,116.0,71.40831381625928,142816.62763251856,rebalance,simulated
2020-09-14,2020-09-11,128074.SZ,27.362256736209474,123.85,1.6944077483897715,3388.815496779543,rebalance,simulated
2020-09-21,2020-09-18,113504.SH,-1130.278637786335,134.94,76.25989969144402,152519.79938288804,rebalance,simulated
2020-09-21,2020-09-18,113525.SH,48.64640897697768,117.1,2.8482472456020433,5696.494491204086,rebalance,simulated
2020-09-21,2020-09-18,113578.SH,-5.751197320634901,122.0,0.350823036558729,701.646073117458,rebalance,simulated
2020-09-21,2020-09-18,113589.SH,-1462.6144645318948,100.65,73.60607292756761,147212.14585513523,rebalance,simulated
2020-09-21,2020-09-18,127003.SZ,-1253.11828208022,117.81,73.81493240593537,147629.86481187074,rebalance,simulated
2020-09-21,2020-09-18,127013.SZ,1351.4486513073891,108.79,73.51204938786545,147024.09877573088,rebalance,simulated
2020-09-21,2020-09-18,127019.SZ,1305.7202377951232,112.6,73.51204938786545,147024.09877573088,rebalance,simulated
2020-09-21,2020-09-18,128058.SZ,-8.472609112682221,128.8,0.5456360268567351,1091.27205371347,rebalance,simulated
2020-09-21,2020-09-18,128074.SZ,21.305711969526783,121.49,1.2942154735889044,2588.430947177809,rebalance,simulated
2020-09-28,2020-09-25,113525.SH,-16.03689611435675,116.09,0.9308616349578377,1861.7232699156752,rebalance,simulated
2020-09-28,2020-09-25,113578.SH,70.54291994877053,112.8,3.9786206851106583,7957.241370221316,rebalance,simulated
2020-09-28,2020-09-25,127013.SZ,-1351.4486513073891,107.2,72.43764771007605,144875.2954201521,rebalance,simulated
2020-09-28,2020-09-25,127019.SZ,20.4942963946055,108.5,1.1118155794073483,2223.6311588146964,rebalance,simulated
2020-09-28,2020-09-25,128058.SZ,-1141.491450122134,123.51,70.49280450229239,140985.60900458478,rebalance,simulated
2020-09-28,2020-09-25,128071.SZ,1168.5421224588727,123.14,71.94713847979278,143894.27695958558,rebalance,simulated
2020-09-28,2020-09-25,128074.SZ,17.068810413246865,117.25,1.0006590104765976,2001.318020953195,rebalance,simulated
2020-09-28,2020-09-25,128119.SZ,1183.1464969543297,121.62,71.94713847979278,143894.27695958558,rebalance,simulated
2020-10-09,2020-09-30,113525.SH,-6.116813607452741,116.02,0.3548363573683335,709.672714736667,rebalance,simulated
2020-10-09,2020-09-30,113578.SH,-32.41053573013028,115.1,1.8652263312689974,3730.452662537995,rebalance,simulated
2020-10-09,2020-09-30,123023.SZ,1389.9741506510093,102.95,71.54891940476071,143097.8388095214,rebalance,simulated
2020-10-09,2020-09-30,127019.SZ,263.7614525827314,90.0,11.869265366222914,23738.530732445826,rebalance,simulated
2020-10-09,2020-09-30,128058.SZ,1112.044131252109,128.68,71.54891940476071,143097.8388095214,rebalance,simulated
2020-10-09,2020-09-30,128071.SZ,-1168.5421224588727,127.5,74.49456030675313,148989.12061350627,rebalance,simulated
2020-10-09,2020-09-30,128074.SZ,-44.61653327413478,121.0,2.699300263085154,5398.6005261703085,rebalance,simulated
2020-10-09,2020-09-30,128119.SZ,-1183.1464969543297,125.27,74.10638083673443,148212.76167346886,rebalance,simulated
2020-10-12,2020-10-09,113525.SH,-0.5324027717033459,116.62,0.031044405618022106,62.08881123604421,rebalance,simulated
2020-10-12,2020-10-09,113578.SH,-7.7423739960779585,116.37,0.4504900309617961,900.9800619235921,rebalance,simulated
2020-10-12,2020-10-09,123023.SZ,11.349276654055075,102.6,0.5822178923530252,1164.4357847060505,rebalance,simulated
2020-10-12,2020-10-09,127019.SZ,-27.195729799638684,92.0,1.2510035707833795,2502.007141566759,rebalance,simulated
2020-10-12,2020-10-09,128058.SZ,2.6696510513456815,128.98,0.172165796301283,344.331592602566,rebalance,simulated
2020-10-12,2020-10-09,128074.SZ,-1182.626767020838,122.48,72.42406321235613,144848.12642471225,rebalance,simulated
2020-10-19,2020-10-16,113525.SH,-1232.8570025853162,120.51,74.28579869077824,148571.59738155646,rebalance,simulated
2020-10-19,2020-10-16,113562.SH,1153.5170768792022,129.01,74.40761904409294,148815.23808818587,rebalance,simulated
2020-10-19,2020-10-16,113578.SH,51.48947999148368,115.63,2.976864285707629,5953.728571415258,rebalance,simulated
2020-10-19,2020-10-16,123023.SZ,-210.8015225995773,125.0,13.175095162473584,26350.190324947165,rebalance,simulated
2020-10-19,2020-10-16,127019.SZ,-1562.7802569728215,93.85,73.33346355844965,146666.9271168993,rebalance,simulated
2020-10-19,2020-10-16,128058.SZ,-51.74779595926998,140.0,3.6223457171488986,7244.691434297797,rebalance,simulated
2020-10-26,2020-10-23,113034.SH,1248.6550701840874,119.86,74.83189835613236,149663.7967122647,rebalance,simulated
2020-10-26,2020-10-23,113562.SH,50.439135109090785,124.31,3.1350444427055377,6270.088885411075,rebalance,simulated
2020-10-26,2020-10-23,113578.SH,-3.979222725672571,116.65,0.2320881654748527,464.1763309497054,rebalance,simulated
2020-10-26,2020-10-23,113589.SH,1499.4869924082227,99.81,74.83189835613236,149663.7967122647,rebalance,simulated
2020-10-26,2020-10-23,123023.SZ,98.57195155863633,116.1,5.722101787978839,11444.203575957677,rebalance,simulated
2020-10-26,2020-10-23,128058.SZ,-1062.9659863441848,161.97,86.0843004040838,172168.6008081676,rebalance,simulated
2020-10-26,2020-10-23,128128.SZ,1397.02974621735,107.13,74.83189835613236,149663.7967122647,rebalance,simulated
2020-11-02,2020-10-30,113034.SH,10.058989518261797,118.65,0.5967495531708811,1193.4991063417622,rebalance,simulated
2020-11-02,2020-10-30,113562.SH,-88.59830919752585,133.9,5.931656800774356,11863.313601548713,rebalance,simulated
2020-11-02,2020-10-30,113578.SH,26.695851523507827,114.03,1.5220639746127989,3044.1279492255976,rebalance,simulated
2020-11-02,2020-10-30,113589.SH,10.740767564309863,98.89,0.5310772522173012,1062.1545044346024,rebalance,simulated
2020-11-02,2020-10-30,123023.SZ,74.92498731687715,109.49,4.10176843066244,8203.53686132488,rebalance,simulated
2020-11-02,2020-10-30,128074.SZ,1285.8064845775612,116.15,74.67321159184188,149346.42318368374,rebalance,simulated
2020-11-02,2020-10-30,128114.SZ,1224.1510097023258,122.0,74.67321159184188,149346.42318368374,rebalance,simulated
2020-11-02,2020-10-30,128124.SZ,1338.3495222124182,111.59,74.67321159184188,149346.42318368374,rebalance,simulated
2020-11-02,2020-10-30,128128.SZ,-7.760693345873278,107.5,0.41713726734068873,834.2745346813774,rebalance,simulated
2020-11-09,2020-11-06,113034.SH,-11.253231628654703,120.38,0.6773320117287266,1354.6640234574531,rebalance,simulated
2020-11-09,2020-11-06,113562.SH,-1115.3579027907672,141.48,78.90041804341887,157800.83608683772,rebalance,simulated
2020-11-09,2020-11-06,113578.SH,15.467760276899298,113.32,0.8764032972891143,1752.8065945782284,rebalance,simulated
2020-11-09,2020-11-06,113589.SH,12.942282460892102,98.59,0.6379898139096762,1275.9796278193523,rebalance,simulated
2020-11-09,2020-11-06,123023.SZ,-11.263826163548629,111.01,0.6251986712077667,1250.3973424155333,rebalance,simulated
2020-11-09,2020-11-06,128042.SZ,1352.9987790207347,110.99,75.08466724175567,150169.33448351134,rebalance,simulated
2020-11-09,2020-11-06,128074.SZ,3.09004347592213,116.51,0.18001048268984368,360.02096537968737,rebalance,simulated
2020-11-09,2020-11-06,128108.SZ,1242.8149837251622,120.83,75.08466724175567,150169.33448351134,rebalance,simulated
2020-11-09,2020-11-06,128114.SZ,40.539359874155025,118.74,2.406821795728584,4813.6435914571675,rebalance,simulated
2020-11-09,2020-11-06,128124.SZ,-1338.3495222124182,110.74,74.10441304490159,148208.8260898032,rebalance,simulated
2020-11-09,2020-11-06,128128.SZ,-1389.2690528714768,108.97,75.69432434570241,151388.64869140481,rebalance,simulated
2020-11-16,2020-11-13,113034.SH,-32.95173138525729,123.79,2.0395474140905003,4079.094828181,rebalance,simulated
2020-11-16,2020-11-13,113578.SH,-19.08891154081425,115.11,1.0986623037315641,2197.3246074631284,rebalance,simulated
2020-11-16,2020-11-13,113589.SH,18.82053273643851,97.5,0.9175009709013773,1835.0019418027546,rebalance,simulated
2020-11-16,2020-11-13,123023.SZ,-1352.7550174174519,112.5,76.09246972973168,152184.93945946335,rebalance,simulated
2020-11-16,2020-11-13,128042.SZ,18.128271403904364,109.65,0.9938824797190569,1987.7649594381137,rebalance,simulated
2020-11-16,2020-11-13,128074.SZ,-1288.8965280534833,116.82,75.28444620360395,150568.8924072079,rebalance,simulated
2020-11-16,2020-11-13,128108.SZ,10.261204631744477,119.98,0.6155696658583512,1231.1393317167024,rebalance,simulated
2020-11-16,2020-11-13,128114.SZ,22.502105415485403,116.8,1.3141229562643475,2628.245912528695,rebalance,simulated
2020-11-16,2020-11-13,128119.SZ,1166.362149566033,128.9,75.17204053953084,150344.08107906167,rebalance,simulated
2020-11-16,2020-11-13,128128.SZ,1363.0469726116198,110.3,75.17204053953084,150344.08107906167,rebalance,simulated
2020-11-23,2020-11-20,113034.SH,-1214.5090966884372,131.5,79.85397310726476,159707.9462145295,rebalance,simulated
2020-11-23,2020-11-20,113562.SH,1225.641770875431,125.55,76.93966216670516,153879.32433341033,rebalance,simulated
2020-11-23,2020-11-20,113578.SH,-1306.0905314834652,114.95,75.06755329701215,150135.1065940243,rebalance,simulated
2020-11-23,2020-11-20,113589.SH,-1541.9905751698632,96.4,74.3239457231874,148647.89144637482,rebalance,simulated
2020-11-23,2020-11-20,123023.SZ,1348.6356208011423,114.1,76.93966216670516,153879.32433341033,rebalance,simulated
2020-11-23,2020-11-20,123035.SZ,1245.885550428389,123.51,76.93966216670516,153879.32433341033,rebalance,simulated
2020-11-23,2020-11-20,128042.SZ,24.730390916166016,110.24,1.3631391472990708,2726.2782945981417,rebalance,simulated
2020-11-23,2020-11-20,128074.SZ,1329.066542869324,115.78,76.93966216670516,153879.32433341033,rebalance,simulated
2020-11-23,2020-11-20,128108.SZ,22.87177460669477,120.6,1.3791680087836946,2758.3360175673893,rebalance,simulated
2020-11-23,2020-11-20,128114.SZ,-15.462521823285897,121.0,0.9354825703087968,1870.9651406175935,rebalance,simulated
2020-11-23,2020-11-20,128119.SZ,-1166.362149566033,145.0,84.5612558435374,169122.5116870748,rebalance,simulated
2020-11-23,2020-11-20,128128.SZ,9.527501863541374,112.11,0.5340641169608117,1068.1282339216234,rebalance,simulated
2020-11-30,2020-11-27,113562.SH,0.8934545392773998,124.99,0.0558364414321411,111.6728828642822,rebalance,simulated
2020-11-30,2020-11-27,123023.SZ,90.16905141457232,106.55,4.80375621411134,9607.51242822268,rebalance,simulated
2020-11-30,2020-11-27,123035.SZ,-1245.885550428389,123.0,76.62196135134592,153243.92270269184,rebalance,simulated
2020-11-30,2020-11-27,127011.SZ,1200.3181790211743,127.72,76.65231891229219,153304.63782458438,rebalance,simulated
2020-11-30,2020-11-27,128042.SZ,-18.457281191798984,111.3,1.0271476983236134,2054.295396647227,rebalance,simulated
2020-11-30,2020-11-27,128074.SZ,-1329.066542869324,116.0,77.08585948642079,154171.71897284157,rebalance,simulated
2020-11-30,2020-11-27,128108.SZ,23.243883007452723,118.0,1.3713890974397107,2742.7781948794213,rebalance,simulated
2020-11-30,2020-11-27,128114.SZ,-35.40222877687074,124.0,2.194938184165986,4389.876368331972,rebalance,simulated
2020-11-30,2020-11-27,128128.SZ,-40.64886348832897,115.1,2.339342093753332,4678.684187506664,rebalance,simulated
2020-12-07,2020-12-04,113034.SH,1261.8554801175665,120.3,75.90060712907162,151801.21425814324,rebalance,simulated
2020-12-07,2020-12-04,113562.SH,2.0275316113782083,123.56,0.12526090295094572,250.5218059018914,rebalance,simulated
2020-12-07,2020-12-04,123023.SZ,-12.101530691812059,106.4,0.6438014328044016,1287.602865608803,rebalance,simulated
2020-12-07,2020-12-04,127011.SZ,-1200.3181790211743,125.99,75.61404368743887,151228.08737487774,rebalance,simulated
2020-12-07,2020-12-04,128042.SZ,-1377.400160149006,109.65,75.51596378016926,151031.92756033852,rebalance,simulated
2020-12-07,2020-12-04,128074.SZ,1271.7930148973128,119.36,75.90060712907162,151801.21425814324,rebalance,simulated
2020-12-07,2020-12-04,128108.SZ,-27.079097641688122,119.33,1.6156743607913218,3231.3487215826435,rebalance,simulated
2020-12-07,2020-12-04,128114.SZ,22.180103979465684,120.62,1.3376820710015755,2675.364142003151,rebalance,simulated
2020-12-07,2020-12-04,128128.SZ,41.716722359862615,110.51,2.305057493994209,4610.114987988418,rebalance,simulated
2020-12-07,2020-12-04,128134.SZ,1321.159393021264,114.9,75.90060712907162,151801.21425814324,rebalance,simulated
2020-12-14,2020-12-11,113034.SH,-1261.8554801175665,116.24,73.33904050443296,146678.0810088659,rebalance,simulated
2020-12-14,2020-12-11,113562.SH,-5.206437384995297,122.0,0.3175926804847131,635.1853609694263,rebalance,simulated
2020-12-14,2020-12-11,123023.SZ,24.011001129802025,102.88,1.2351258981170161,2470.251796234032,rebalance,simulated
2020-12-14,2020-12-11,128074.SZ,-1271.7930148973128,116.6,74.14553276851333,148291.06553702668,rebalance,simulated
2020-12-14,2020-12-11,128096.SZ,1210.4579967251673,123.3,74.62473549810656,149249.47099621312,rebalance,simulated
2020-12-14,2020-12-11,128108.SZ,-28.885168185983048,120.05,1.7338322203636325,3467.6644407272647,rebalance,simulated
2020-12-14,2020-12-11,128114.SZ,22.603510652013256,116.5,1.316654495479772,2633.308990959544,rebalance,simulated
2020-12-14,2020-12-11,128128.SZ,26.446512771627113,106.6,1.409599130727725,2819.19826145545,rebalance,simulated
2020-12-14,2020-12-11,128133.SZ,1361.516794346042,109.62,74.62473549810656,149249.47099621312,rebalance,simulated
2020-12-14,2020-12-11,128134.SZ,-23.33790609767152,115.0,1.3419296006161126,2683.859201232225,rebalance,simulated
2020-12-16,2020-12-15,113562.SH,-1223.3563196410912,121.69,74.4351152685622,148870.2305371244,risk_exit,simulated
2020-12-21,2020-12-18,113034.SH,1289.0834032866965,115.98,74.75394655659554,149507.89311319106,rebalance,simulated
2020-12-21,2020-12-18,113589.SH,1704.7650297969335,87.7,74.75394655659554,149507.89311319106,rebalance,simulated
2020-12-21,2020-12-18,123023.SZ,-16.585671543958142,104.25,0.8645281292288183,1729.0562584576364,rebalance,simulated
2020-12-21,2020-12-18,127013.SZ,1483.36038409754,100.79,74.75394655659554,149507.89311319106,rebalance,simulated
2020-12-21,2020-12-18,128042.SZ,1427.964595159418,104.7,74.75394655659554,149507.89311319106,rebalance,simulated
2020-12-21,2020-12-18,128096.SZ,-1210.4579967251673,125.33,75.8533503647826,151706.7007295652,rebalance,simulated
2020-12-21,2020-12-18,128108.SZ,-6.603154062398289,120.9,0.3991606630719766,798.3213261439532,rebalance,simulated
2020-12-21,2020-12-18,128114.SZ,32.66628060053449,113.8,1.8587113661704124,3717.422732340825,rebalance,simulated
2020-12-21,2020-12-18,128128.SZ,-5.685813911727337,107.22,0.30481648380770254,609.632967615405,rebalance,simulated
2020-12-21,2020-12-18,128133.SZ,-1361.516794346042,109.6,74.61112033016309,149222.24066032618,rebalance,simulated
2020-12-21,2020-12-18,128134.SZ,-1.1355102263585195,115.3,0.06546216454956864,130.92432909913728,rebalance,simulated
2020-12-28,2020-12-25,113034.SH,-13.419736469597183,115.0,0.771634847001838,1543.269694003676,rebalance,simulated
2020-12-28,2020-12-25,113589.SH,34.226455314095574,84.36,1.4436718851485515,2887.3437702971028,rebalance,simulated
2020-12-28,2020-12-25,123023.SZ,6.945415766151427,101.8,0.35352166249710765,707.0433249942153,rebalance,simulated
2020-12-28,2020-12-25,127003.SZ,1381.3683774384783,106.2,73.3506608419832,146701.3216839664,rebalance,simulated
2020-12-28,2020-12-25,127013.SZ,-1483.36038409754,98.9,73.35217099362336,146704.3419872467,rebalance,simulated
2020-12-28,2020-12-25,127015.SZ,1243.2315396946306,118.0,73.3506608419832,146701.3216839664,rebalance,simulated
2020-12-28,2020-12-25,128042.SZ,-1427.964595159418,100.54,71.78378019866393,143567.56039732788,rebalance,simulated
2020-12-28,2020-12-25,128096.SZ,1286.8536989821614,114.0,73.3506608419832,146701.3216839664,rebalance,simulated
2020-12-28,2020-12-25,128108.SZ,-43.93075385361544,123.0,2.7017413619973496,5403.482723994699,rebalance,simulated
2020-12-28,2020-12-25,128113.SZ,1281.3461584764295,114.49,73.3506608419832,146701.3216839664,rebalance,simulated
2020-12-28,2020-12-25,128114.SZ,-6.279208893284704,112.2,0.3522636189132719,704.5272378265438,rebalance,simulated
2020-12-28,2020-12-25,128128.SZ,23.823202170497552,103.44,1.2321360162581334,2464.272032516267,rebalance,simulated
2020-12-28,2020-12-25,128134.SZ,-1296.6859766972339,112.6,73.00342048805427,146006.84097610853,rebalance,simulated
2021-01-04,2020-12-31,110070.SH,1478.481084199996,100.81,74.52283904910081,149045.6780982016,rebalance,simulated
2021-01-04,2020-12-31,113034.SH,-5.243635294753403,117.32,0.3075916463902347,615.1832927804693,rebalance,simulated
2021-01-04,2020-12-31,113524.SH,1487.6302834434734,100.19,74.52283904910081,149045.6780982016,rebalance,simulated
2021-01-04,2020-12-31,113589.SH,-25.822771338596795,87.0,1.1232905532289605,2246.581106457921,rebalance,simulated
2021-01-04,2020-12-31,123023.SZ,47.893926292949345,100.1,2.3970910109621144,4794.182021924229,rebalance,simulated
2021-01-04,2020-12-31,127003.SZ,-1381.3683774384783,107.13,73.99299713749208,147985.99427498417,rebalance,simulated
2021-01-04,2020-12-31,127015.SZ,-1243.2315396946306,122.0,75.83712392137247,151674.24784274492,rebalance,simulated
2021-01-04,2020-12-31,127019.SZ,1766.7813904480988,84.36,74.52283904910081,149045.6780982016,rebalance,simulated
2021-01-04,2020-12-31,128074.SZ,1555.8003976847767,95.8,74.52283904910081,149045.6780982016,rebalance,simulated
2021-01-04,2020-12-31,128096.SZ,-1286.8536989821614,116.31,74.8369768643076,149673.9537286152,rebalance,simulated
2021-01-04,2020-12-31,128108.SZ,40.209612562122174,120.89,2.430470031317475,4860.94006263495,rebalance,simulated
2021-01-04,2020-12-31,128113.SZ,-1281.3461584764295,117.0,74.95875027087112,149917.50054174225,rebalance,simulated
2021-01-04,2020-12-31,128114.SZ,-1307.4984107305384,118.9,77.73078051793051,155461.56103586103,rebalance,simulated
2021-01-04,2020-12-31,128128.SZ,20.022130943776347,103.63,1.0374467148517712,2074.8934297035426,rebalance,simulated
2021-01-11,2021-01-08,110070.SH,-1478.481084199996,99.01,73.1922060733208,146384.4121466416,rebalance,simulated
2021-01-11,2021-01-08,113034.SH,-1270.4200315223459,122.71,77.94662103405354,155893.24206810707,rebalance,simulated
2021-01-11,2021-01-08,113524.SH,-1487.6302834434734,97.25,72.3360225324389,144672.0450648778,rebalance,simulated
2021-01-11,2021-01-08,113589.SH,43.99000296787881,84.53,1.859237475437398,3718.474950874796,rebalance,simulated
2021-01-11,2021-01-08,123023.SZ,71.24884992000239,95.2,3.3914452561921133,6782.890512384227,rebalance,simulated
2021-01-11,2021-01-08,127003.SZ,1415.2703794764982,104.95,74.26631316302925,148532.6263260585,rebalance,simulated
2021-01-11,2021-01-08,127019.SZ,76.05516446577849,80.6,3.065023127970873,6130.046255941746,rebalance,simulated
2021-01-11,2021-01-08,128074.SZ,-40.16135354132257,98.0,1.967906323524806,3935.8126470496118,rebalance,simulated
2021-01-11,2021-01-08,128087.SZ,1620.6505873001472,91.65,74.26631316302925,148532.6263260585,rebalance,simulated
2021-01-11,2021-01-08,128108.SZ,-1232.9032847894914,128.9,79.46061670468272,158921.23340936544,rebalance,simulated
2021-01-11,2021-01-08,128114.SZ,1237.7718860504874,120.0,74.26631316302925,148532.6263260585,rebalance,simulated
2021-01-11,2021-01-08,128128.SZ,-10.050035262613846,104.0,0.5226018336559201,1045.20366731184,rebalance,simulated
2021-01-11,2021-01-08,128133.SZ,1362.6846451931972,109.0,74.26631316302925,148532.6263260585,rebalance,simulated
2021-01-18,2021-01-15,113039.SH,1492.2337843954897,98.98,73.85064998973279,147701.29997946558,rebalance,simulated
2021-01-18,2021-01-15,113589.SH,-1757.158716740311,85.0,74.67924546146321,149358.49092292643,rebalance,simulated
2021-01-18,2021-01-15,123023.SZ,26.26346558425007,93.1,1.2225643229468408,2445.1286458936816,rebalance,simulated
2021-01-18,2021-01-15,123077.SZ,1508.6956075532744,97.9,73.85064998973279,147701.29997946558,rebalance,simulated
2021-01-18,2021-01-15,127003.SZ,-1415.2703794764982,102.3,72.39107991022289,144782.15982044576,rebalance,simulated
2021-01-18,2021-01-15,127019.SZ,-12.585006221615004,80.7,0.5078050010421654,1015.6100020843309,rebalance,simulated
2021-01-18,2021-01-15,128074.SZ,4.7037245592280215,97.15,0.22848342046450118,456.96684092900233,rebalance,simulated
2021-01-18,2021-01-15,128087.SZ,-1620.6505873001472,90.85,73.6180529281092,147236.10585621838,rebalance,simulated
2021-01-18,2021-01-15,128105.SZ,1466.7457793392807,100.7,73.85064998973279,147701.29997946558,rebalance,simulated
2021-01-18,2021-01-15,128114.SZ,20.331180214125652,117.4,1.193440278569176,2386.880557138352,rebalance,simulated
2021-01-18,2021-01-15,128124.SZ,1474.8007985967606,100.15,73.85064998973279,147701.29997946558,rebalance,simulated
2021-01-18,2021-01-15,128128.SZ,-31.89184509450365,105.78,1.6867596870482982,3373.519374096596,rebalance,simulated
2021-01-18,2021-01-15,128133.SZ,-21.774068893010508,110.15,1.1992068442825536,2398.4136885651073,rebalance,simulated
2021-01-25,2021-01-22,110074.SH,1534.9241216570547,97.79,75.05011492842169,150100.2298568434,rebalance,simulated
2021-01-25,2021-01-22,113033.SH,1473.0150133154405,101.9,75.05011492842169,150100.2298568434,rebalance,simulated
2021-01-25,2021-01-22,113039.SH,-1492.2337843954897,98.14,73.22391180028667,146447.82360057335,rebalance,simulated
2021-01-25,2021-01-22,123023.SZ,17.154805694885454,93.6,0.8028449065206391,1605.6898130412783,rebalance,simulated
2021-01-25,2021-01-22,123077.SZ,-7.693308984840542,100.0,0.3846654492420271,769.3308984840542,rebalance,simulated
2021-01-25,2021-01-22,127019.SZ,42.4899342377862,80.15,1.7027841145792824,3405.5682291585645,rebalance,simulated
2021-01-25,2021-01-22,128074.SZ,41.57429536436666,96.1,1.997644892257818,3995.289784515636,rebalance,simulated
2021-01-25,2021-01-22,128087.SZ,1756.5854869144925,85.45,75.05011492842169,150100.2298568434,rebalance,simulated
2021-01-25,2021-01-22,128105.SZ,-1466.7457793392807,101.1,74.14399914560065,148287.99829120128,rebalance,simulated
2021-01-25,2021-01-22,128114.SZ,19.345698474479605,117.5,1.1365597853756768,2273.1195707513534,rebalance,simulated
2021-01-25,2021-01-22,128124.SZ,-1474.8007985967606,106.0,78.16444232562831,156328.88465125664,rebalance,simulated
2021-01-25,2021-01-22,128128.SZ,-93.35310078976318,115.2,5.377138605490359,10754.277210980717,rebalance,simulated
2021-01-25,2021-01-22,128133.SZ,3.4712405994405344,111.65,0.19378200646376786,387.5640129275357,rebalance,simulated
2021-02-01,2021-01-29,110074.SH,-1534.9241216570547,91.8,70.45301718405881,140906.0343681176,rebalance,simulated
2021-02-01,2021-01-29,113033.SH,-1473.0150133154405,99.5,73.28249691244316,146564.99382488633,rebalance,simulated
2021-02-01,2021-01-29,113039.SH,1270.2648353277946,102.5,65.10107281054947,130202.14562109894,rebalance,simulated
2021-02-01,2021-01-29,123023.SZ,-129.2589223523703,88.31,5.70742771646891,11414.85543293782,rebalance,simulated
2021-02-01,2021-01-29,123070.SZ,1122.43228983706,116.0,65.10107281054947,130202.14562109894,rebalance,simulated
2021-02-01,2021-01-29,123077.SZ,-101.12975130363498,93.01,4.703039084375545,9406.07816875109,rebalance,simulated
2021-02-01,2021-01-29,123078.SZ,1290.4077861357675,100.9,65.10107281054948,130202.14562109896,rebalance,simulated
2021-02-01,2021-01-29,127019.SZ,-216.22563533336984,78.6,8.497667468601435,16995.334937202868,rebalance,simulated
2021-02-01,2021-01-29,128074.SZ,-115.22655716594954,90.0,5.18519507246773,10370.39014493546,rebalance,simulated
2021-02-01,2021-01-29,128087.SZ,-224.7955384309755,85.0,9.553810383316458,19107.620766632917,rebalance,simulated
2021-02-01,2021-01-29,128105.SZ,1337.4642590765172,97.35,65.10107281054947,130202.14562109894,rebalance,simulated
2021-02-01,2021-01-29,128114.SZ,-1277.4487647390927,112.5,71.85649301657396,143712.98603314793,rebalance,simulated
2021-02-01,2021-01-29,128128.SZ,-119.08226559698346,109.98,6.548333785178121,13096.667570356241,rebalance,simulated
2021-02-01,2021-01-29,128133.SZ,-1344.3818168996272,104.01,69.91457638786513,139829.15277573024,rebalance,simulated
2021-02-01,2021-01-29,128140.SZ,1396.7190047318059,93.22,65.10107281054947,130202.14562109894,rebalance,simulated
2021-02-08,2021-02-05,110074.SH,1390.2610447908187,87.91,61.108924223780434,122217.84844756087,rebalance,simulated
2021-02-08,2021-02-05,113039.SH,66.32580823695685,91.44,3.032415952593667,6064.831905187334,rebalance,simulated
2021-02-08,2021-02-05,113578.SH,1359.4866345668618,89.9,61.10892422378044,122217.84844756089,rebalance,simulated
2021-02-08,2021-02-05,123023.SZ,-1474.3760120156148,85.3,62.88213691246597,125764.27382493194,rebalance,simulated
2021-02-08,2021-02-05,123070.SZ,25.153141595436637,106.5,1.339404789957001,2678.809579914002,rebalance,simulated
2021-02-08,2021-02-05,123077.SZ,20.274425167932577,86.06,0.8724085149761388,1744.8170299522776,rebalance,simulated
2021-02-08,2021-02-05,123078.SZ,-1290.4077861357675,95.52,61.629875865844255,123259.7517316885,rebalance,simulated
2021-02-08,2021-02-05,127019.SZ,-48.38626276035143,76.0,1.8386779848933543,3677.3559697867086,rebalance,simulated
2021-02-08,2021-02-05,128074.SZ,-116.50060216055863,91.88,5.352037663256063,10704.075326512126,rebalance,simulated
2021-02-08,2021-02-05,128087.SZ,-19.192814231525972,80.8,0.7753896949536493,1550.7793899072985,rebalance,simulated
2021-02-08,2021-02-05,128105.SZ,17.500801317727337,90.2,0.7892861394295029,1578.5722788590058,rebalance,simulated
2021-02-08,2021-02-05,128114.SZ,1102.8501032986906,110.82,61.10892422378044,122217.84844756089,rebalance,simulated
2021-02-08,2021-02-05,128128.SZ,133.1315586596429,92.8,6.177304321807431,12354.608643614862,rebalance,simulated
2021-02-08,2021-02-05,128140.SZ,-1396.7190047318059,90.7,63.3412068645874,126682.41372917479,rebalance,simulated
2021-02-18,2021-02-10,110074.SH,15.841822017210916,89.95,0.712485945224061,1424.971890448122,rebalance,simulated
2021-02-18,2021-02-10,113014.SH,1271.145254968666,99.5,63.239476434691134,126478.95286938226,rebalance,simulated
2021-02-18,2021-02-10,113039.SH,6.073399634635734,94.2,0.2860571227913431,572.1142455826862,rebalance,simulated
2021-02-18,2021-02-10,113578.SH,-1359.4866345668618,91.53,62.21690583095243,124433.81166190485,rebalance,simulated
2021-02-18,2021-02-10,123070.SZ,-38.12093257826609,114.0,2.1728931569611674,4345.786313922335,rebalance,simulated
2021-02-18,2021-02-10,123077.SZ,-30.26836947248671,91.0,1.3772108109981456,2754.421621996291,rebalance,simulated
2021-02-18,2021-02-10,123078.SZ,1277.4361465446143,99.01,63.239476434691134,126478.95286938226,rebalance,simulated
2021-02-18,2021-02-10,127019.SZ,34.24092379089325,77.01,1.3184467705683447,2636.8935411366892,rebalance,simulated
2021-02-18,2021-02-10,128074.SZ,61.52392524826064,90.88,2.7956471632809636,5591.294326561927,rebalance,simulated
2021-02-18,2021-02-10,128087.SZ,32.08963747959501,81.88,1.3137497584146198,2627.4995168292394,rebalance,simulated
2021-02-18,2021-02-10,128105.SZ,-1354.9650603942446,94.68,64.14404595906355,128288.09191812709,rebalance,simulated
2021-02-18,2021-02-10,128114.SZ,36.59992255160023,111.0,2.031295701613813,4062.5914032276255,rebalance,simulated
2021-02-18,2021-02-10,128128.SZ,-100.8588996464332,104.0,5.244662781614527,10489.325563229053,rebalance,simulated
2021-02-22,2021-02-19,110074.SH,-47.9715436350798,97.45,2.337413463619263,4674.826927238526,rebalance,simulated
2021-02-22,2021-02-19,113014.SH,-1271.145254968666,101.11,64.26274836494092,128525.49672988182,rebalance,simulated
2021-02-22,2021-02-19,113039.SH,20.362706988089258,97.1,0.9886094242717334,1977.2188485434667,rebalance,simulated
2021-02-22,2021-02-19,123035.SZ,1155.8943008140084,114.5,66.17494872160198,132349.89744320395,rebalance,simulated
2021-02-22,2021-02-19,123070.SZ,-6.548686827530901,120.0,0.39292120965185406,785.8424193037081,rebalance,simulated
2021-02-22,2021-02-19,123077.SZ,25.779728874218335,93.49,1.2050734262253362,2410.146852450672,rebalance,simulated
2021-02-22,2021-02-19,123078.SZ,23.939442867420667,101.7,1.217320669808341,2434.6413396166818,rebalance,simulated
2021-02-22,2021-02-19,127019.SZ,-1642.3705086272205,81.0,66.51600559940243,133032.01119880486,rebalance,simulated
2021-02-22,2021-02-19,128053.SZ,1093.8008053157353,121.0,66.17494872160198,132349.89744320395,rebalance,simulated
2021-02-22,2021-02-19,128074.SZ,-1391.7138299888013,96.9,67.42853506295742,134857.07012591485,rebalance,simulated
2021-02-22,2021-02-19,128087.SZ,31.282476222735795,83.98,1.313551176592676,2627.102353185352,rebalance,simulated
2021-02-22,2021-02-19,128114.SZ,-53.81392181285378,121.91,3.2802276041025022,6560.455208205004,rebalance,simulated
2021-02-22,2021-02-19,128128.SZ,14.903543060924903,107.51,0.8011399572400183,1602.2799144800365,rebalance,simulated
2021-02-22,2021-02-19,128140.SZ,1331.755860768806,99.38,66.17494872160198,132349.89744320395,rebalance,simulated
2021-03-01,2021-02-26,110074.SH,-227.3459049563137,97.42,11.07401903042204,22148.03806084408,rebalance,simulated
2021-03-01,2021-02-26,113039.SH,-239.50695984923368,98.05,11.74182870660868,23483.657413217363,rebalance,simulated
2021-03-01,2021-02-26,113589.SH,1389.169173299681,79.3,55.08055772133235,110161.1154426647,rebalance,simulated
2021-03-01,2021-02-26,123035.SZ,-1155.8943008140084,114.51,66.18072819310606,132361.4563862121,rebalance,simulated
2021-03-01,2021-02-26,123070.SZ,-1102.9158120266995,106.7,58.84055857162443,117681.11714324885,rebalance,simulated
2021-03-01,2021-02-26,123077.SZ,-233.41841508553966,93.18,10.874963958835293,21749.927917670586,rebalance,simulated
2021-03-01,2021-02-26,123078.SZ,-1301.375589412035,100.04,65.09480698239,130189.61396477999,rebalance,simulated
2021-03-01,2021-02-26,127026.SZ,1163.1413308274175,94.71,55.080557721332355,110161.11544266471,rebalance,simulated
2021-03-01,2021-02-26,127027.SZ,1208.9674653497002,91.12,55.08055772133234,110161.11544266468,rebalance,simulated
2021-03-01,2021-02-26,128053.SZ,-183.37836364082045,121.0,11.094391000269638,22188.782000539275,rebalance,simulated
2021-03-01,2021-02-26,128074.SZ,1187.080985373542,92.8,55.08055772133235,110161.1154426647,rebalance,simulated
2021-03-01,2021-02-26,128087.SZ,-290.54199658133825,85.7,12.449724553510345,24899.44910702069,rebalance,simulated
2021-03-01,2021-02-26,128108.SZ,886.251934373811,124.3,55.08055772133235,110161.1154426647,rebalance,simulated
2021-03-01,2021-02-26,128114.SZ,-119.31052997897473,114.0,6.80070020880156,13601.40041760312,rebalance,simulated
2021-03-01,2021-02-26,128128.SZ,-210.0916631658314,107.9,11.334445227796605,22668.89045559321,rebalance,simulated
2021-03-01,2021-02-26,128140.SZ,-206.51464072115868,97.9,10.108891663300717,20217.783326601435,rebalance,simulated
2021-03-08,2021-03-05,110074.SH,-109.23538296784398,102.86,5.617975746036215,11235.95149207243,rebalance,simulated
2021-03-08,2021-03-05,113039.SH,-93.35668616480393,102.0,4.761190994405,9522.38198881,rebalance,simulated
2021-03-08,2021-03-05,113589.SH,-110.86459147862547,82.2,4.5565347097715065,9113.069419543013,rebalance,simulated
2021-03-08,2021-03-05,123023.SZ,1117.8365598477742,94.0,52.53831831284539,105076.63662569078,rebalance,simulated
2021-03-08,2021-03-05,123035.SZ,894.2692478782193,117.5,52.538318312845384,105076.63662569076,rebalance,simulated
2021-03-08,2021-03-05,123070.SZ,989.3290332896222,106.21,52.538318312845384,105076.63662569076,rebalance,simulated
2021-03-08,2021-03-05,123077.SZ,-70.20015988903583,94.49,3.3166065539574974,6633.213107914995,rebalance,simulated
2021-03-08,2021-03-05,127019.SZ,1273.8106028087134,82.49,52.538318312845384,105076.63662569076,rebalance,simulated
2021-03-08,2021-03-05,127026.SZ,-1163.1413308274175,95.75,55.685391213362614,111370.78242672523,rebalance,simulated
2021-03-08,2021-03-05,127027.SZ,-64.09236591964168,91.78,2.941198672052357,5882.397344104714,rebalance,simulated
2021-03-08,2021-03-05,128053.SZ,-34.78380312749175,120.0,2.087028187649505,4174.05637529901,rebalance,simulated
2021-03-08,2021-03-05,128074.SZ,-74.57027467273997,94.45,3.521581221420145,7043.16244284029,rebalance,simulated
2021-03-08,2021-03-05,128087.SZ,-95.43136659732363,88.3,4.213294835271839,8426.589670543677,rebalance,simulated
2021-03-08,2021-03-05,128108.SZ,-31.27523278153467,122.9,1.9218630544253057,3843.726108850611,rebalance,simulated
2021-03-08,2021-03-05,128114.SZ,-966.3255740584623,114.9,55.515404229658664,111030.80845931733,rebalance,simulated
2021-03-08,2021-03-05,128128.SZ,-1020.9556574853076,121.7,62.125151757980966,124250.30351596193,rebalance,simulated
2021-03-08,2021-03-05,128140.SZ,-83.02105911042486,100.82,4.185091589756516,8370.183179513033,rebalance,simulated
2021-03-15,2021-03-12,110074.SH,42.87074830746076,107.1,2.2957285718645237,4591.457143729047,rebalance,simulated
2021-03-15,2021-03-12,113039.SH,45.20210589046724,106.01,2.395937622724216,4791.875245448432,rebalance,simulated
2021-03-15,2021-03-12,113589.SH,111.93280743351374,82.0,4.589245104774063,9178.490209548127,rebalance,simulated
2021-03-15,2021-03-12,123023.SZ,72.3854689565137,95.78,3.4665401083274414,6933.080216654883,rebalance,simulated
2021-03-15,2021-03-12,123035.SZ,-894.2692478782193,119.0,53.209020248754044,106418.04049750809,rebalance,simulated
2021-03-15,2021-03-12,123070.SZ,-989.3290332896222,106.25,52.558104893511185,105116.20978702237,rebalance,simulated
2021-03-15,2021-03-12,123077.SZ,102.14136912663594,93.89,4.795026573649924,9590.053147299848,rebalance,simulated
2021-03-15,2021-03-12,127019.SZ,96.37528563929959,83.2,4.0092118825948635,8018.4237651897265,rebalance,simulated
2021-03-15,2021-03-12,127027.SZ,72.41764930325371,93.65,3.3909564286248552,6781.91285724971,rebalance,simulated
2021-03-15,2021-03-12,128053.SZ,-875.638638547423,120.7,52.84479183633698,105689.58367267397,rebalance,simulated
2021-03-15,2021-03-12,128074.SZ,94.47145890083561,94.45,4.461414646591962,8922.829293183924,rebalance,simulated
2021-03-15,2021-03-12,128087.SZ,97.26095712671895,88.56,4.306715181571115,8613.43036314223,rebalance,simulated
2021-03-15,2021-03-12,128108.SZ,104.61476237131535,118.8,6.214116884856132,12428.233769712264,rebalance,simulated
2021-03-15,2021-03-12,128113.SZ,904.757666022815,126.0,56.999732959437345,113999.46591887469,rebalance,simulated
2021-03-15,2021-03-12,128114.SZ,999.9953150778481,114.0,56.999732959437345,113999.46591887469,rebalance,simulated
2021-03-15,2021-03-12,128140.SZ,88.72692159129633,100.8,4.471836848201335,8943.67369640267,rebalance,simulated
2021-03-22,2021-03-19,110074.SH,103.8896945411916,107.35,5.576279354498459,11152.558708996918,rebalance,simulated
2021-03-22,2021-03-19,113039.SH,94.58003082938353,107.2,5.0694896524549575,10138.979304909915,rebalance,simulated
2021-03-22,2021-03-19,113589.SH,74.5854304576551,85.62,3.193002277892215,6386.00455578443,rebalance,simulated
2021-03-22,2021-03-19,123023.SZ,94.79979316047297,97.6,4.626229906231082,9252.459812462163,rebalance,simulated
2021-03-22,2021-03-19,123035.SZ,1081.1907743427641,116.0,62.70906491188032,125418.12982376064,rebalance,simulated
2021-03-22,2021-03-19,123077.SZ,-1214.1811259865235,97.27,59.05169906235457,118103.39812470914,rebalance,simulated
2021-03-22,2021-03-19,123078.SZ,1176.4199401909825,106.61,62.70906491188032,125418.12982376064,rebalance,simulated
2021-03-22,2021-03-19,127019.SZ,85.1184724682164,86.18,3.6677549786554446,7335.509957310889,rebalance,simulated
2021-03-22,2021-03-19,127027.SZ,125.37002638456238,93.41,5.855407082290985,11710.81416458197,rebalance,simulated
2021-03-22,2021-03-19,128074.SZ,-1206.9821696016377,95.1,57.392002164557866,114784.00432911573,rebalance,simulated
2021-03-22,2021-03-19,128087.SZ,-1287.256841902379,92.27,59.387594401166254,118775.1888023325,rebalance,simulated
2021-03-22,2021-03-19,128108.SZ,126.27978992178191,115.5,7.292657867982905,14585.31573596581,rebalance,simulated
2021-03-22,2021-03-19,128113.SZ,-904.757666022815,131.88,59.65972049754442,119319.44099508884,rebalance,simulated
2021-03-22,2021-03-19,128114.SZ,109.8996391147241,113.0,6.2093296099819115,12418.659219963823,rebalance,simulated
2021-03-22,2021-03-19,128128.SZ,1076.5504705902201,116.5,62.70906491188032,125418.12982376064,rebalance,simulated
2021-03-22,2021-03-19,128140.SZ,-1130.9470825285189,100.81,57.00538769485,114010.7753897,rebalance,simulated
2021-03-22,2021-03-19,128141.SZ,1071.0344135248563,117.1,62.70906491188033,125418.12982376067,rebalance,simulated
2021-03-29,2021-03-26,110074.SH,-91.09119237307254,106.0,4.827833195772845,9655.66639154569,rebalance,simulated
2021-03-29,2021-03-26,113014.SH,1119.4631792821904,102.0,57.09262214339171,114185.24428678342,rebalance,simulated
2021-03-29,2021-03-26,113034.SH,979.8785230136739,116.53,57.09262214339171,114185.24428678342,rebalance,simulated
2021-03-29,2021-03-26,113039.SH,-90.48556716684402,105.78,4.785781647454381,9571.563294908761,rebalance,simulated
2021-03-29,2021-03-26,113589.SH,-117.66325993422288,84.76,4.986568956012365,9973.137912024731,rebalance,simulated
2021-03-29,2021-03-26,123023.SZ,-105.42219090294861,96.8,5.102434039702713,10204.868079405425,rebalance,simulated
2021-03-29,2021-03-26,123035.SZ,-1081.1907743427641,116.63,63.04964000579829,126099.28001159658,rebalance,simulated
2021-03-29,2021-03-26,123078.SZ,-124.99043478782028,108.6,6.786980608978641,13573.961217957281,rebalance,simulated
2021-03-29,2021-03-26,127019.SZ,-1455.3043609162294,85.5,62.21426142916881,124428.52285833762,rebalance,simulated
2021-03-29,2021-03-26,127027.SZ,-116.84158041273872,93.15,5.441896607723306,10883.793215446613,rebalance,simulated
2021-03-29,2021-03-26,128074.SZ,1182.0418663228097,96.6,57.09262214339171,114185.24428678342,rebalance,simulated
2021-03-29,2021-03-26,128108.SZ,-72.42273798244094,112.67,4.079934944240811,8159.86988848162,rebalance,simulated
2021-03-29,2021-03-26,128114.SZ,-89.47275323829683,111.9,5.006000543682708,10012.001087365416,rebalance,simulated
2021-03-29,2021-03-26,128128.SZ,-29.075520706875295,109.01,1.584761256128238,3169.522512256476,rebalance,simulated
2021-03-29,2021-03-26,128141.SZ,-65.0856487747601,113.51,3.69393599621151,7387.87199242302,rebalance,simulated
2021-04-06,2021-04-02,110074.SH,101.55220014163592,106.01,5.382774368507412,10765.548737014824,rebalance,simulated
2021-04-06,2021-04-02,113014.SH,-1119.4631792821904,101.29,56.69521271474654,113390.42542949307,rebalance,simulated
2021-04-06,2021-04-02,113034.SH,-979.8785230136739,118.9,58.253778193162915,116507.55638632583,rebalance,simulated
2021-04-06,2021-04-02,113039.SH,93.88835647689234,106.5,4.999554982394518,9999.109964789035,rebalance,simulated
2021-04-06,2021-04-02,113589.SH,120.38671405236232,85.15,5.1254643507793265,10250.928701558652,rebalance,simulated
2021-04-06,2021-04-02,123023.SZ,131.64449503110995,95.3,6.272860188232389,12545.720376464778,rebalance,simulated
2021-04-06,2021-04-02,123078.SZ,84.06858834200352,110.05,4.625874073518744,9251.748147037488,rebalance,simulated
2021-04-06,2021-04-02,123090.SZ,1094.2343714243038,114.2,62.48078260832776,124961.56521665551,rebalance,simulated
2021-04-06,2021-04-02,127027.SZ,103.55715866353967,94.0,4.867186457186365,9734.372914372729,rebalance,simulated
2021-04-06,2021-04-02,128074.SZ,103.57094454813159,97.2,5.033547905039196,10067.095810078392,rebalance,simulated
2021-04-06,2021-04-02,128085.SZ,1323.6051818309024,94.41,62.48078260832775,124961.5652166555,rebalance,simulated
2021-04-06,2021-04-02,128108.SZ,73.36280099266207,114.98,4.217627429068143,8435.254858136286,rebalance,simulated
2021-04-06,2021-04-02,128114.SZ,120.57090730591005,109.52,6.602462884071635,13204.925768143268,rebalance,simulated
2021-04-06,2021-04-02,128128.SZ,2.6222368112391905,119.0,0.15602309026873185,312.04618053746367,rebalance,simulated
2021-04-06,2021-04-02,128141.SZ,-1005.9487647500962,114.27,57.47488267399674,114949.76534799348,rebalance,simulated
2021-04-12,2021-04-09,110060.SH,1147.4010391362397,111.54,63.99055595262809,127981.11190525618,rebalance,simulated
2021-04-12,2021-04-09,110070.SH,1122.6413325022472,114.0,63.99055595262809,127981.11190525618,rebalance,simulated
2021-04-12,2021-04-09,110074.SH,-1178.7714858660079,107.8,63.53578308817782,127071.56617635564,rebalance,simulated
2021-04-12,2021-04-09,113039.SH,19.949050498351426,107.25,1.0697678329740952,2139.5356659481904,rebalance,simulated
2021-04-12,2021-04-09,113589.SH,-25.83047000862007,88.77,1.1464854113326017,2292.9708226652033,rebalance,simulated
2021-04-12,2021-04-09,113615.SH,1062.0839162261925,120.5,63.9905559526281,127981.1119052562,rebalance,simulated
2021-04-12,2021-04-09,123023.SZ,6.2472462074297255,97.14,0.30342874829486177,606.8574965897235,rebalance,simulated
2021-04-12,2021-04-09,123078.SZ,26.90982546697046,110.1,1.4813858919567238,2962.7717839134475,rebalance,simulated
2021-04-12,2021-04-09,123090.SZ,-1094.2343714243038,115.5,63.19203494975355,126384.0698995071,rebalance,simulated
2021-04-12,2021-04-09,127027.SZ,-8.623844542502411,96.9,0.41782526808424186,835.6505361684837,rebalance,simulated
2021-04-12,2021-04-09,128074.SZ,-1285.6128108709413,108.04,69.44880404324826,138897.6080864965,rebalance,simulated
2021-04-12,2021-04-09,128085.SZ,-81.0701147895802,103.0,4.17511091166338,8350.221823326761,rebalance,simulated
2021-04-12,2021-04-09,128108.SZ,35.83001560665252,114.0,2.042310889579194,4084.6217791583877,rebalance,simulated
2021-04-12,2021-04-09,128114.SZ,37.470168952118456,108.6,2.034630174100032,4069.260348200064,rebalance,simulated
2021-04-12,2021-04-09,128128.SZ,48.45313008873086,116.5,2.8223948276685724,5644.789655337145,rebalance,simulated
2021-04-19,2021-04-16,110060.SH,-6.575845292075655,111.19,0.3655841190129461,731.1682380258922,rebalance,simulated
2021-04-19,2021-04-16,110070.SH,-1122.6413325022472,115.77,64.98409353189258,129968.18706378515,rebalance,simulated
2021-04-19,2021-04-16,110071.SH,1243.001992195322,102.05,63.4241766517663,126848.3533035326,rebalance,simulated
2021-04-19,2021-04-16,113039.SH,19.518229591193403,104.59,1.020705816471459,2041.4116329429182,rebalance,simulated
2021-04-19,2021-04-16,113589.SH,6.1594764377312,87.61,0.2698158653548152,539.6317307096305,rebalance,simulated
2021-04-19,2021-04-16,113615.SH,-1062.0839162261925,122.81,65.21726287586935,130434.5257517387,rebalance,simulated
2021-04-19,2021-04-16,123023.SZ,20.43029528252532,94.81,0.968498147868113,1936.9962957362259,rebalance,simulated
2021-04-19,2021-04-16,123078.SZ,14.29294631228504,107.8,0.7703898062321636,1540.779612464327,rebalance,simulated
2021-04-19,2021-04-16,127027.SZ,-14.386297667238068,97.1,0.6984547517444082,1396.9095034888164,rebalance,simulated
2021-04-19,2021-04-16,128074.SZ,1196.682578335213,106.0,63.424176651766295,126848.35330353258,rebalance,simulated
2021-04-19,2021-04-16,128085.SZ,25.948465994003755,100.0,1.2974232997001878,2594.8465994003755,rebalance,simulated
2021-04-19,2021-04-16,128108.SZ,-47.928519628125514,118.03,2.8285015858538274,5657.0031717076545,rebalance,simulated
2021-04-19,2021-04-16,128114.SZ,27.892912074739343,105.15,1.466469852329421,2932.939704658842,rebalance,simulated
2021-04-19,2021-04-16,128128.SZ,22.216190581348428,113.18,1.2572142249985077,2514.4284499970154,rebalance,simulated
2021-04-26,2021-04-23,110060.SH,-1140.825193844164,112.0,63.886210855273184,127772.42171054636,rebalance,simulated
2021-04-26,2021-04-23,110065.SH,1017.1816154189587,126.0,64.0824417713944,128164.8835427888,rebalance,simulated
2021-04-26,2021-04-23,110070.SH,1087.2487575737089,117.88,64.0824417713944,128164.8835427888,rebalance,simulated
2021-04-26,2021-04-23,110071.SH,-1243.001992195322,101.23,62.914545834966226,125829.09166993244,rebalance,simulated
2021-04-26,2021-04-23,113039.SH,30.297042207493632,103.1,1.5618125257962967,3123.6250515925935,rebalance,simulated
2021-04-26,2021-04-23,113589.SH,-1447.875280259475,90.28,65.3570901509127,130714.1803018254,rebalance,simulated
2021-04-26,2021-04-23,113621.SH,1086.0510426471383,118.01,64.0824417713944,128164.8835427888,rebalance,simulated
2021-04-26,2021-04-23,123023.SZ,-1337.9216675828773,95.8,64.08644787721983,128172.89575443964,rebalance,simulated
2021-04-26,2021-04-23,123070.SZ,1186.7118846554517,108.0,64.08244177139439,128164.88354278878,rebalance,simulated
2021-04-26,2021-04-23,123078.SZ,-1176.7008655244213,109.0,64.13019717108097,128260.39434216192,rebalance,simulated
2021-04-26,2021-04-23,127027.SZ,8.008607042160065,97.51,0.390459636340514,780.919272681028,rebalance,simulated
2021-04-26,2021-04-23,128074.SZ,26.264783714298346,104.8,1.3762746666292334,2752.5493332584665,rebalance,simulated
2021-04-26,2021-04-23,128085.SZ,25.327122555112055,99.06,1.2544523801547003,2508.9047603094004,rebalance,simulated
2021-04-26,2021-04-23,128108.SZ,-49.39374453181131,125.0,3.0871090332382067,6174.218066476414,rebalance,simulated
2021-04-26,2021-04-23,128114.SZ,-34.0806606783467,109.33,1.8630193159818225,3726.038631963645,rebalance,simulated
2021-04-26,2021-04-23,128128.SZ,3.289654210400613,114.02,0.18754318653493895,375.0863730698779,rebalance,simulated
2021-04-26,2021-04-23,128133.SZ,1224.5832557117217,104.66,64.08244177139439,128164.88354278878,rebalance,simulated
2021-04-30,2021-04-29,123070.SZ,-1186.7118846554517,110.88,65.79130688529824,131582.61377059648,risk_exit,simulated
2021-05-06,2021-04-30,110065.SH,200.9051231178455,127.5,12.807701598762652,25615.403197525302,rebalance,simulated
2021-05-06,2021-04-30,110070.SH,263.23871341274776,115.0,15.136226021232996,30272.452042465993,rebalance,simulated
2021-05-06,2021-04-30,113039.SH,269.55989025254576,102.67,13.837856966114439,27675.713932228875,rebalance,simulated
2021-05-06,2021-04-30,113621.SH,-1086.0510426471383,117.47,63.789207989879664,127578.41597975933,rebalance,simulated
2021-05-06,2021-04-30,127027.SZ,-1314.3768182010951,96.72,63.56326292820496,127126.52585640992,risk_exit,simulated
2021-05-06,2021-04-30,128074.SZ,217.73964317722812,107.8,11.736166767252595,23472.33353450519,rebalance,simulated
2021-05-06,2021-04-30,128085.SZ,282.9006049521256,98.5,13.932854793892187,27865.70958778437,rebalance,simulated
2021-05-06,2021-04-30,128087.SZ,1548.2609825884012,100.31,77.65302958172126,155306.05916344252,rebalance,simulated
2021-05-06,2021-04-30,128108.SZ,-1025.3190683423104,135.88,69.66017750317657,139320.35500635314,rebalance,simulated
2021-05-06,2021-04-30,128114.SZ,-1172.2755286086965,108.56,63.63111569288005,127262.2313857601,risk_exit,simulated
2021-05-06,2021-04-30,128119.SZ,1214.7521248607159,127.85,77.65302958172126,155306.05916344252,rebalance,simulated
2021-05-06,2021-04-30,128128.SZ,202.0992407257006,117.11,11.8339210406934,23667.8420813868,rebalance,simulated
2021-05-06,2021-04-30,128133.SZ,266.02101690026143,104.19,13.858364875419118,27716.729750838236,rebalance,simulated
2021-05-07,2021-05-06,110070.SH,-1350.4874709864566,126.0,85.08071067214678,170161.42134429354,risk_exit,simulated
2021-05-10,2021-05-07,110065.SH,-1218.0867385368042,138.99,84.65093789461521,169301.87578923043,rebalance,simulated
2021-05-10,2021-05-07,113039.SH,34.14712467746449,103.48,1.7667722308120128,3533.5444616240256,rebalance,simulated
2021-05-10,2021-05-07,113620.SH,1573.5830529069644,101.72,80.03243407084821,160064.8681416964,rebalance,simulated
2021-05-10,2021-05-07,128046.SZ,1213.3479998612524,131.92,80.03243407084821,160064.8681416964,rebalance,simulated
2021-05-10,2021-05-07,128074.SZ,-4.354735469951947,111.44,0.2426458603857225,485.291720771445,rebalance,simulated
2021-05-10,2021-05-07,128085.SZ,6.521856585986598,101.1,0.32967985042162246,659.3597008432449,rebalance,simulated
2021-05-10,2021-05-07,128087.SZ,45.21704769229973,100.45,2.271026220345754,4542.052440691508,rebalance,simulated
2021-05-10,2021-05-07,128108.SZ,1265.3349260213156,126.5,80.03243407084821,160064.8681416964,rebalance,simulated
2021-05-10,2021-05-07,128119.SZ,52.78721740802348,126.28,3.3329849071426025,6665.969814285205,rebalance,simulated
2021-05-10,2021-05-07,128128.SZ,-55.799305938094676,126.0,3.5153562740999647,7030.712548199929,rebalance,simulated
2021-05-10,2021-05-07,128133.SZ,-1490.604272611983,103.26,76.95989859495668,153919.79718991337,rebalance,simulated
2021-05-17,2021-05-14,113039.SH,-13.063196018274311,104.83,0.684707419297848,1369.414838595696,rebalance,simulated
2021-05-17,2021-05-14,113620.SH,-1573.5830529069644,101.83,80.1189811387581,160237.9622775162,rebalance,simulated
2021-05-17,2021-05-14,128046.SZ,-1213.3479998612524,129.95,78.83728629098488,157674.57258196975,rebalance,simulated
2021-05-17,2021-05-14,128074.SZ,51.02813217782614,108.1,2.7580705442115026,5516.141088423005,rebalance,simulated
2021-05-17,2021-05-14,128085.SZ,8.526703177674108,101.01,0.43064114398843084,861.2822879768617,rebalance,simulated
2021-05-17,2021-05-14,128087.SZ,-13.60518514822843,101.77,0.6922998462676035,1384.5996925352072,rebalance,simulated
2021-05-17,2021-05-14,128108.SZ,-4.286616616361016,127.5,0.27327180929301476,546.5436185860295,rebalance,simulated
2021-05-17,2021-05-14,128119.SZ,-27.690025110104898,129.68,1.7954212281392017,3590.8424562784035,rebalance,simulated
2021-05-17,2021-05-14,128128.SZ,-1270.3560963626699,130.0,82.57314626357353,165146.29252714707,rebalance,simulated
2021-05-17,2021-05-14,128133.SZ,1497.751834644916,107.35,80.39182972456587,160783.65944913172,rebalance,simulated
2021-05-17,2021-05-14,128141.SZ,1362.4579226263174,118.01,80.39182972456587,160783.65944913172,rebalance,simulated
2021-05-24,2021-05-21,110065.SH,1232.4593016663823,130.0,80.10985460831486,160219.7092166297,rebalance,simulated
2021-05-24,2021-05-21,113039.SH,-13.645078275208107,105.4,0.7190956251034673,1438.1912502069345,rebalance,simulated
2021-05-24,2021-05-21,123094.SZ,1261.5725135167693,127.0,80.10985460831486,160219.7092166297,rebalance,simulated
2021-05-24,2021-05-21,128074.SZ,-69.86319573599644,113.03,3.948318507019839,7896.6370140396775,rebalance,simulated
2021-05-24,2021-05-21,128085.SZ,-5.268987385838955,100.99,0.26605751804793804,532.115036095876,rebalance,simulated
2021-05-24,2021-05-21,128087.SZ,-1579.8728451324725,101.1,79.86257232144648,159725.14464289296,rebalance,simulated
2021-05-24,2021-05-21,128096.SZ,1294.6001067924185,123.76,80.10985460831486,160219.7092166297,rebalance,simulated
2021-05-24,2021-05-21,128108.SZ,50.078607261409616,122.2,3.0598029036721277,6119.6058073442555,rebalance,simulated
2021-05-24,2021-05-21,128119.SZ,-1239.8493171586344,124.8,77.3665973906988,154733.1947813976,rebalance,simulated
2021-05-24,2021-05-21,128133.SZ,4.542672777772168,106.65,0.24223802587470086,484.47605174940173,rebalance,simulated
2021-05-24,2021-05-21,128141.SZ,-1362.4579226263174,119.0,81.0662463962659,162132.4927925318,rebalance,simulated
2021-05-31,2021-05-28,110065.SH,-1232.4593016663823,134.58,82.93218640913086,165864.37281826173,rebalance,simulated
2021-05-31,2021-05-28,113039.SH,63.27783415411295,105.13,3.3261993523109474,6652.3987046218945,rebalance,simulated
2021-05-31,2021-05-28,123035.SZ,1394.1514064162866,119.4,83.23083896305232,166461.67792610463,rebalance,simulated
2021-05-31,2021-05-28,123094.SZ,-1261.5725135167693,145.0,91.46400722996577,182928.01445993155,rebalance,simulated
2021-05-31,2021-05-28,128046.SZ,1241.5101277304939,134.08,83.23083896305232,166461.67792610463,rebalance,simulated
2021-05-31,2021-05-28,128074.SZ,-68.53709334525729,123.4,4.228738659402374,8457.47731880475,rebalance,simulated
2021-05-31,2021-05-28,128085.SZ,-98.89764323222971,111.9,5.533323138843253,11066.646277686505,rebalance,simulated
2021-05-31,2021-05-28,128096.SZ,55.454053192209585,123.3,3.418742379299721,6837.484758599442,rebalance,simulated
2021-05-31,2021-05-28,128108.SZ,37.72388899042721,123.41,2.327752570154311,4655.505140308622,rebalance,simulated
2021-05-31,2021-05-28,128119.SZ,1286.9089905381109,129.35,83.23083896305232,166461.67792610463,rebalance,simulated
2021-05-31,2021-05-28,128133.SZ,-1502.2945074226882,108.0,81.12390340082517,162247.80680165032,rebalance,simulated
2021-06-07,2021-06-04,113039.SH,1.574595713985218,105.09,0.08273713179135328,165.47426358270656,rebalance,simulated
2021-06-07,2021-06-04,123035.SZ,-1394.1514064162866,121.14,84.44375068663447,168887.50137326895,rebalance,simulated
2021-06-07,2021-06-04,128046.SZ,-1241.5101277304939,138.85,86.19184061768954,172383.68123537907,rebalance,simulated
2021-06-07,2021-06-04,128074.SZ,57.94770564985561,118.39,3.4302144359432027,6860.428871886405,rebalance,simulated
2021-06-07,2021-06-04,128085.SZ,-61.53311577894601,116.8,3.593533961490447,7187.067922980894,rebalance,simulated
2021-06-07,2021-06-04,128096.SZ,8.652232319766199,122.59,0.5303385800400692,1060.6771600801383,rebalance,simulated
2021-06-07,2021-06-04,128105.SZ,1563.9794988976123,106.5,83.28190831629784,166563.8166325957,rebalance,simulated
2021-06-07,2021-06-04,128108.SZ,28.27872417037429,120.95,1.7101558442033853,3420.3116884067704,rebalance,simulated
2021-06-07,2021-06-04,128119.SZ,24.410617654265934,127.02,1.5503183272224295,3100.636654444859,rebalance,simulated
2021-06-07,2021-06-04,128133.SZ,1532.3258199870809,108.7,83.28190831629784,166563.8166325957,rebalance,simulated
2021-06-15,2021-06-11,110048.SH,1240.4126098402032,132.66,82.27656841070069,164553.13682140136,rebalance,simulated
2021-06-15,2021-06-11,113039.SH,-35.64484471292644,106.21,1.8929194784799586,3785.838956959917,rebalance,simulated
2021-06-15,2021-06-11,128032.SZ,1209.32708768576,136.07,82.27656841070069,164553.13682140136,rebalance,simulated
2021-06-15,2021-06-11,128074.SZ,5.565458933705941,116.5,0.32418798288837103,648.3759657767421,rebalance,simulated
2021-06-15,2021-06-11,128085.SZ,-1426.0600739092097,106.89,76.2157806500777,152431.56130015542,rebalance,simulated
2021-06-15,2021-06-11,128096.SZ,-1358.7063923043943,122.95,83.52647546691264,167052.95093382528,rebalance,simulated
2021-06-15,2021-06-11,128105.SZ,-1563.9794988976123,104.8,81.95252574223488,163905.05148446976,rebalance,simulated
2021-06-15,2021-06-11,128108.SZ,11.270207106696716,118.52,0.6678724731428475,1335.7449462856948,rebalance,simulated
2021-06-15,2021-06-11,128119.SZ,-1311.3196081923768,129.02,84.59322792449024,169186.45584898046,rebalance,simulated
2021-06-15,2021-06-11,128133.SZ,-1.3141264496659915,107.48,0.07062115540505039,141.24231081010078,rebalance,simulated
2021-06-15,2021-06-11,128141.SZ,1448.7862019845163,113.58,82.27656841070069,164553.13682140136,rebalance,simulated
2021-06-21,2021-06-18,110048.SH,-1240.4126098402032,134.04,83.1324531114904,166264.90622298082,rebalance,simulated
2021-06-21,2021-06-18,113039.SH,-46.48479479803677,109.2,2.538069795972808,5076.139591945615,rebalance,simulated
2021-06-21,2021-06-18,123035.SZ,1302.4560323615005,126.0,82.05473003877454,164109.46007754907,rebalance,simulated
2021-06-21,2021-06-18,127011.SZ,1371.006349854211,119.7,82.05473003877454,164109.46007754907,rebalance,simulated
2021-06-21,2021-06-18,128023.SZ,1540.7892223974186,106.51,82.05473003877454,164109.46007754907,rebalance,simulated
2021-06-21,2021-06-18,128032.SZ,-1209.32708768576,132.61,80.18443254900433,160368.86509800865,rebalance,simulated
2021-06-21,2021-06-18,128074.SZ,-25.007433020713734,118.28,1.47893958884501,2957.8791776900202,rebalance,simulated
2021-06-21,2021-06-18,128096.SZ,1348.4754320258755,121.7,82.05473003877454,164109.46007754907,rebalance,simulated
2021-06-21,2021-06-18,128108.SZ,15.445088365958554,116.9,0.9027654149902776,1805.5308299805552,rebalance,simulated
2021-06-21,2021-06-18,128119.SZ,1332.7063511251345,123.14,82.05473003877454,164109.46007754907,rebalance,simulated
2021-06-21,2021-06-18,128133.SZ,-1531.0116935374149,106.3,81.3732715115136,162746.5430230272,rebalance,simulated
2021-06-21,2021-06-18,128141.SZ,-1448.7862019845163,110.43,79.99473014257508,159989.46028515015,rebalance,simulated
2021-06-28,2021-06-25,113039.SH,-94.70107808414127,118.4,5.606303822581164,11212.607645162327,rebalance,simulated
2021-06-28,2021-06-25,123035.SZ,-1302.4560323615005,128.12,83.43533343307773,166870.66686615546,rebalance,simulated
2021-06-28,2021-06-25,123078.SZ,1323.1978107978725,126.0,83.36146208026597,166722.92416053193,rebalance,simulated
2021-06-28,2021-06-25,127011.SZ,-1371.006349854211,121.95,83.59711218236052,167194.22436472104,rebalance,simulated
2021-06-28,2021-06-25,127020.SZ,1493.9330121911464,111.6,83.36146208026597,166722.92416053193,rebalance,simulated
2021-06-28,2021-06-25,128023.SZ,-1540.7892223974186,107.66,82.94068384165304,165881.36768330607,rebalance,simulated
2021-06-28,2021-06-25,128074.SZ,37.51641336611624,117.0,2.1947101819178,4389.4203638356,rebalance,simulated
2021-06-28,2021-06-25,128096.SZ,5.674374346216155,123.12,0.3493144847530665,698.628969506133,rebalance,simulated
2021-06-28,2021-06-25,128108.SZ,-24.601574468153785,120.88,1.4869191608552148,2973.8383217104297,rebalance,simulated
2021-06-28,2021-06-25,128119.SZ,-1332.7063511251345,123.0,81.96144059419576,163922.88118839153,rebalance,simulated
2021-07-05,2021-07-02,113039.SH,48.05381009970006,112.99,2.714800001582555,5429.600003165109,rebalance,simulated
2021-07-05,2021-07-02,123035.SZ,1309.8839717094934,125.61,82.26726284321474,164534.52568642946,rebalance,simulated
2021-07-05,2021-07-02,123078.SZ,36.59165768501566,121.0,2.2137952899434477,4427.590579886895,rebalance,simulated
2021-07-05,2021-07-02,127020.SZ,-1493.9330121911464,110.0,82.16631567051306,164332.6313410261,rebalance,simulated
2021-07-05,2021-07-02,128046.SZ,1234.1323558838094,133.32,82.26726284321474,164534.52568642946,rebalance,simulated
2021-07-05,2021-07-02,128074.SZ,-19.30497724896668,117.05,1.1298237934957749,2259.64758699155,rebalance,simulated
2021-07-05,2021-07-02,128096.SZ,-1354.1498063720917,121.22,82.07501976421247,164150.03952842494,rebalance,simulated
2021-07-05,2021-07-02,128108.SZ,-1379.2432508316672,119.11,82.14083180327995,164281.6636065599,rebalance,simulated
2021-07-05,2021-07-02,128133.SZ,1490.3489645509915,110.4,82.26726284321474,164534.52568642946,rebalance,simulated
2021-07-05,2021-07-02,128141.SZ,1517.426226011523,108.43,82.26726284321474,164534.52568642946,rebalance,simulated
2021-07-12,2021-07-09,113039.SH,-26.09238078846215,118.0,1.539450466519267,3078.900933038534,rebalance,simulated
2021-07-12,2021-07-09,123035.SZ,-1309.8839717094934,135.0,88.4171680903908,176834.3361807816,rebalance,simulated
2021-07-12,2021-07-09,123078.SZ,-61.70393235139568,130.0,4.010755602840719,8021.511205681438,rebalance,simulated
2021-07-12,2021-07-09,127020.SZ,1454.7510318715001,116.0,84.37555984854701,168751.11969709402,rebalance,simulated
2021-07-12,2021-07-09,128023.SZ,1595.9061821174014,105.74,84.37555984854701,168751.11969709402,rebalance,simulated
2021-07-12,2021-07-09,128046.SZ,-1234.1323558838094,135.3,83.48905387553971,166978.10775107943,rebalance,simulated
2021-07-12,2021-07-09,128074.SZ,24.174606410330398,118.02,1.4265435242735967,2853.0870485471933,rebalance,simulated
2021-07-12,2021-07-09,128108.SZ,1413.6811568827513,119.37,84.37555984854701,168751.11969709402,rebalance,simulated
2021-07-12,2021-07-09,128133.SZ,37.08694871017815,110.48,2.048683046750241,4097.366093500482,rebalance,simulated
2021-07-12,2021-07-09,128141.SZ,-1517.426226011523,113.12,85.82562734321175,171651.2546864235,rebalance,simulated
2021-07-19,2021-07-16,113039.SH,4.3930614150019665,118.21,0.25965189493369123,519.3037898673824,rebalance,simulated
2021-07-19,2021-07-16,123078.SZ,-1298.0855361314925,131.0,85.02460261661275,170049.2052332255,rebalance,simulated
2021-07-19,2021-07-16,127020.SZ,8.326994670801923,115.9,0.4825493411729715,965.098682345943,rebalance,simulated
2021-07-19,2021-07-16,128023.SZ,-1595.9061821174014,106.0,84.58302765222227,169166.05530444454,rebalance,simulated
2021-07-19,2021-07-16,128074.SZ,27.4422285277185,116.36,1.5965888557426622,3193.1777114853244,rebalance,simulated
2021-07-19,2021-07-16,128108.SZ,-12.270055426116414,121.0,0.742338353280043,1484.6767065600861,rebalance,simulated
2021-07-19,2021-07-16,128133.SZ,-53.035919554076145,115.01,3.049830553957149,6099.661107914298,rebalance,simulated
2021-07-19,2021-07-16,128141.SZ,1477.3544456896045,114.78,84.7853716381264,169570.74327625282,rebalance,simulated
2021-07-26,2021-07-23,113039.SH,-27.901280030378302,120.89,1.6864928714362166,3372.985742872433,rebalance,simulated
2021-07-26,2021-07-23,127020.SZ,-57.77072499663859,121.0,3.4951288622966348,6990.25772459327,rebalance,simulated
2021-07-26,2021-07-23,128074.SZ,26.494571151851005,114.6,1.5181389270010626,3036.277854002125,rebalance,simulated
2021-07-26,2021-07-23,128108.SZ,27.755006183516798,118.98,1.6511453178574143,3302.2906357148286,rebalance,simulated
2021-07-26,2021-07-23,128133.SZ,14.585851188048991,114.2,0.8328521028375974,1665.7042056751948,rebalance,simulated
2021-07-26,2021-07-23,128141.SZ,2.5601190364639024,114.9,0.14707883864485122,294.1576772897024,rebalance,simulated
2021-08-02,2021-07-30,113039.SH,-22.391612260202237,122.9,1.3759645733894275,2751.929146778855,rebalance,simulated
2021-08-02,2021-07-30,127020.SZ,9.9796554644779,120.2,0.5997772934151219,1199.5545868302438,rebalance,simulated
2021-08-02,2021-07-30,128074.SZ,77.6385022947693,108.95,4.229357412507557,8458.714825015115,rebalance,simulated
2021-08-02,2021-07-30,128105.SZ,1608.219816908858,105.78,85.0587461163095,170117.492232619,rebalance,simulated
2021-08-02,2021-07-30,128108.SZ,-89.65829478488399,127.0,5.693301718840134,11386.603437680267,rebalance,simulated
2021-08-02,2021-07-30,128133.SZ,35.36444392760859,111.6,1.9733359711605591,3946.6719423211184,rebalance,simulated
2021-08-02,2021-07-30,128141.SZ,-1479.9145647260684,114.8,84.94709601527633,169894.19203055266,rebalance,simulated
2021-08-09,2021-08-06,113039.SH,2.32972779886677,122.6,0.14281231407053302,285.624628141066,rebalance,simulated
2021-08-09,2021-08-06,113607.SH,1310.8255593738922,129.68,84.99392926980317,169987.85853960636,rebalance,simulated
2021-08-09,2021-08-06,127020.SZ,-4.013743729889256,120.45,0.24172771613258048,483.45543226516094,rebalance,simulated
2021-08-09,2021-08-06,128023.SZ,1556.6653712418165,109.2,84.99392926980317,169987.85853960636,rebalance,simulated
2021-08-09,2021-08-06,128074.SZ,36.65364721628157,106.37,1.9494242271979354,3898.8484543958707,rebalance,simulated
2021-08-09,2021-08-06,128096.SZ,1307.5989118431257,130.0,84.99392926980317,169987.85853960636,rebalance,simulated
2021-08-09,2021-08-06,128105.SZ,-1608.219816908858,106.8,85.87893822293303,171757.87644586604,rebalance,simulated
2021-08-09,2021-08-06,128108.SZ,-1339.5078128552677,122.99,82.37303295153468,164746.06590306936,rebalance,simulated
2021-08-09,2021-08-06,128133.SZ,-58.93771520545488,116.0,3.418387481916383,6836.774963832766,rebalance,simulated
2021-08-16,2021-08-13,113039.SH,-81.97656512287062,132.53,5.432177087867022,10864.354175734044,rebalance,simulated
2021-08-16,2021-08-13,113607.SH,16.252188485345187,130.28,1.0586675579353855,2117.335115870771,rebalance,simulated
2021-08-16,2021-08-13,127011.SZ,1220.1248340938707,141.7,86.44584449555073,172891.68899110146,rebalance,simulated
2021-08-16,2021-08-13,127020.SZ,-11.340508898863845,123.5,0.7002764245048425,1400.552849009685,rebalance,simulated
2021-08-16,2021-08-13,128023.SZ,-1556.6653712418165,109.65,85.3441789783326,170688.3579566652,rebalance,simulated
2021-08-16,2021-08-13,128074.SZ,16.22064837644325,107.1,0.8686157205585361,1737.231441117072,rebalance,simulated
2021-08-16,2021-08-13,128096.SZ,-37.27055775714871,136.1,2.5362614553739697,5072.522910747939,rebalance,simulated
2021-08-16,2021-08-13,128108.SZ,1390.9226789308243,124.3,86.44584449555073,172891.68899110146,rebalance,simulated
2021-08-16,2021-08-13,128119.SZ,1451.651460882464,119.1,86.44584449555073,172891.68899110146,rebalance,simulated
2021-08-16,2021-08-13,128133.SZ,-1465.4125736172962,116.6,85.43355304188836,170867.1060837767,rebalance,simulated
2021-08-23,2021-08-20,113039.SH,15.218215850377646,128.78,0.9799009186058166,1959.8018372116333,rebalance,simulated
2021-08-23,2021-08-20,113527.SH,1213.9959818132663,140.0,84.97971872692864,169959.43745385727,rebalance,simulated
2021-08-23,2021-08-20,113607.SH,-9.358431268624372,128.98,0.6035252325135857,1207.0504650271714,rebalance,simulated
2021-08-23,2021-08-20,127011.SZ,39.76721523049741,134.9,2.682298667297051,5364.597334594101,rebalance,simulated
2021-08-23,2021-08-20,127020.SZ,13.451390868984163,120.25,0.8087648759976728,1617.5297519953456,rebalance,simulated
2021-08-23,2021-08-20,128074.SZ,-18.43822203321838,106.5,0.9818353232688787,1963.6706465377574,rebalance,simulated
2021-08-23,2021-08-20,128096.SZ,-9.50166674282218,134.8,0.640412338466215,1280.82467693243,rebalance,simulated
2021-08-23,2021-08-20,128108.SZ,12.425000483404801,121.11,0.7523959042725777,1504.7918085451554,rebalance,simulated
2021-08-23,2021-08-20,128119.SZ,-1451.651460882464,117.51,85.29178158414919,170583.56316829837,rebalance,simulated
2021-08-23,2021-08-20,128141.SZ,1435.4682217386594,118.4,84.97971872692864,169959.43745385727,rebalance,simulated
2021-08-30,2021-08-27,110045.SH,1496.1221365660633,120.19,89.90945979693758,179818.91959387515,rebalance,simulated
2021-08-30,2021-08-27,113039.SH,-1319.765782371931,137.88,90.98465303672093,181969.30607344184,rebalance,simulated
2021-08-30,2021-08-27,113051.SH,1389.636163785743,129.4,89.90945979693758,179818.91959387515,rebalance,simulated
2021-08-30,2021-08-27,113527.SH,-1213.9959818132663,175.0,106.22464840866081,212449.29681732162,rebalance,simulated
2021-08-30,2021-08-27,113607.SH,-1317.719316590613,133.11,87.70080911568826,175401.61823137652,rebalance,simulated
2021-08-30,2021-08-27,127011.SZ,-1259.8920493243681,147.03,92.62096400608092,185241.92801216184,rebalance,simulated
2021-08-30,2021-08-27,127018.SZ,1476.7095310328912,121.77,89.90945979693758,179818.91959387515,rebalance,simulated
2021-08-30,2021-08-27,127020.SZ,-35.98907729652228,130.55,2.349187020530492,4698.374041060984,rebalance,simulated
2021-08-30,2021-08-27,127027.SZ,1553.5111843963296,115.75,89.90945979693758,179818.91959387515,rebalance,simulated
2021-08-30,2021-08-27,128074.SZ,61.606731013804165,108.49,3.341857123843807,6683.714247687613,rebalance,simulated
2021-08-30,2021-08-27,128096.SZ,101.43785503468712,132.0,6.69489843228935,13389.7968645787,rebalance,simulated
2021-08-30,2021-08-27,128108.SZ,43.53773733726075,124.28,2.705434998137383,5410.869996274766,rebalance,simulated
2021-08-30,2021-08-27,128133.SZ,1523.8891491006368,118.0,89.90945979693758,179818.91959387515,rebalance,simulated
2021-08-30,2021-08-27,128141.SZ,-1435.4682217386594,122.0,87.56356152605822,175127.12305211645,rebalance,simulated
2021-09-06,2021-09-03,110045.SH,-1496.1221365660633,121.24,90.69492391863476,181389.8478372695,rebalance,simulated
2021-09-06,2021-09-03,113051.SH,-1389.636163785743,148.6,103.2499669692807,206499.93393856141,rebalance,simulated
2021-09-06,2021-09-03,127018.SZ,-50.711740938452294,131.5,3.3342969667032385,6668.593933406477,rebalance,simulated
2021-09-06,2021-09-03,127020.SZ,27.239509367638448,133.5,1.8182372502898663,3636.4745005797326,rebalance,simulated
2021-09-06,2021-09-03,127027.SZ,-28.596901258826847,122.97,1.7582804738989688,3516.5609477979374,rebalance,simulated
2021-09-06,2021-09-03,127028.SZ,1693.32408702744,110.74,93.75935469870936,187518.70939741872,rebalance,simulated
2021-09-06,2021-09-03,128074.SZ,62.4117766399911,109.03,3.4023780035291153,6804.75600705823,rebalance,simulated
2021-09-06,2021-09-03,128096.SZ,-1362.264542377842,142.02,96.73440515425057,193468.81030850112,rebalance,simulated
2021-09-06,2021-09-03,128108.SZ,92.67705777575748,121.8,5.64403281854363,11288.06563708726,rebalance,simulated
2021-09-06,2021-09-03,128130.SZ,1543.3638633532405,121.5,93.75935469870936,187518.70939741872,rebalance,simulated
2021-09-06,2021-09-03,128133.SZ,-11.641492669840773,124.0,0.7217725455301279,1443.5450910602558,rebalance,simulated
2021-09-13,2021-09-10,127018.SZ,-63.34322758227995,140.0,4.4340259307595975,8868.051861519194,rebalance,simulated
2021-09-13,2021-09-10,127020.SZ,-1404.6345273214886,140.35,98.57022795478545,197140.4559095709,rebalance,simulated
2021-09-13,2021-09-10,127027.SZ,3.7046171165216037,124.8,0.2311681080709481,462.33621614189616,rebalance,simulated
2021-09-13,2021-09-10,127028.SZ,11.363954717732213,111.91,0.635870086230706,1271.740172461412,rebalance,simulated
2021-09-13,2021-09-10,128074.SZ,-24.13387011619716,112.5,1.35753019403609,2715.06038807218,rebalance,simulated
2021-09-13,2021-09-10,128096.SZ,1374.435437692379,138.8,95.38581937585113,190771.63875170224,rebalance,simulated
2021-09-13,2021-09-10,128108.SZ,-1539.5624745272473,120.84,93.02036471093628,186040.72942187256,rebalance,simulated
2021-09-13,2021-09-10,128130.SZ,-23.271124295852132,125.5,1.4602630495647213,2920.5260991294426,rebalance,simulated
2021-09-13,2021-09-10,128133.SZ,61.64590640809729,121.21,3.736050157862736,7472.100315725472,rebalance,simulated
2021-09-13,2021-09-10,128141.SZ,1507.2421486268645,126.57,95.38581937585113,190771.63875170224,rebalance,simulated
2021-09-22,2021-09-17,113607.SH,1454.0207213538047,126.56,92.01043124726876,184020.86249453752,rebalance,simulated
2021-09-22,2021-09-17,127018.SZ,105.63605022651109,125.33,6.619683087444318,13239.366174888635,rebalance,simulated
2021-09-22,2021-09-17,127019.SZ,1769.601524132489,103.99,92.01043124726876,184020.86249453752,rebalance,simulated
2021-09-22,2021-09-17,127020.SZ,1460.4830356709326,126.0,92.01043124726876,184020.86249453752,rebalance,simulated
2021-09-22,2021-09-17,127027.SZ,4.8882872004551245,120.0,0.29329723202730745,586.594464054615,rebalance,simulated
2021-09-22,2021-09-17,127028.SZ,19.160787243469485,106.75,1.0227070191201837,2045.4140382403675,rebalance,simulated
2021-09-22,2021-09-17,128033.SZ,1498.5412255255499,122.8,92.01043124726876,184020.86249453752,rebalance,simulated
2021-09-22,2021-09-17,128074.SZ,27.61661107812165,106.78,1.474450865460915,2948.9017309218298,rebalance,simulated
2021-09-22,2021-09-17,128096.SZ,-1374.435437692379,133.8,91.94973078162016,183899.46156324033,rebalance,simulated
2021-09-22,2021-09-17,128130.SZ,-1520.0927390573884,124.7,94.77778228022818,189555.56456045635,rebalance,simulated
2021-09-22,2021-09-17,128133.SZ,11.126785951266356,116.1,0.645909924471012,1291.819848942024,rebalance,simulated
2021-09-22,2021-09-17,128141.SZ,-1507.2421486268645,123.1,92.77075424798352,185541.50849596702,rebalance,simulated
2021-09-27,2021-09-24,113026.SH,1333.4016829164739,139.5,93.00476738342405,186009.5347668481,rebalance,simulated
2021-09-27,2021-09-24,113607.SH,-1454.0207213538047,132.0,95.9653676093511,191930.7352187022,rebalance,simulated
2021-09-27,2021-09-24,127018.SZ,43.982027642209005,123.0,2.704894699995854,5409.789399991708,rebalance,simulated
2021-09-27,2021-09-24,127019.SZ,-1769.601524132489,102.21,90.43548589079086,180870.9717815817,rebalance,simulated
2021-09-27,2021-09-24,127020.SZ,35.973398495182664,124.3,2.2357467164756026,4471.493432951205,rebalance,simulated
2021-09-27,2021-09-24,127027.SZ,-8.838869693429388,122.0,0.5391710512991926,1078.3421025983853,rebalance,simulated
2021-09-27,2021-09-24,127028.SZ,1.497008752273814,107.81,0.08069625679131996,161.3925135826399,rebalance,simulated
2021-09-27,2021-09-24,128033.SZ,-19.928071576041702,125.8,1.2534757021330232,2506.951404266046,rebalance,simulated
2021-09-27,2021-09-24,128074.SZ,8.567842415575115,107.4,0.4600931377163837,920.1862754327674,rebalance,simulated
2021-09-27,2021-09-24,128108.SZ,1575.0172291858435,118.1,93.00476738342405,186009.5347668481,rebalance,simulated
2021-09-27,2021-09-24,128133.SZ,-75.93763933982632,123.26,4.6800367125134965,9360.073425026992,rebalance,simulated
2021-10-08,2021-09-30,113026.SH,-1333.4016829164739,132.8,88.53787174565387,177075.74349130774,rebalance,simulated
2021-10-08,2021-09-30,113527.SH,1250.6149919329398,147.51,92.23910873001397,184478.21746002792,rebalance,simulated
2021-10-08,2021-09-30,113607.SH,1450.7566645173636,127.16,92.23910873001398,184478.21746002795,rebalance,simulated
2021-10-08,2021-09-30,127018.SZ,29.800564166709137,119.63,1.782520745631707,3565.0414912634137,rebalance,simulated
2021-10-08,2021-09-30,127020.SZ,29.417986512362404,120.9,1.7783172846723074,3556.6345693446146,rebalance,simulated
2021-10-08,2021-09-30,127027.SZ,-72.08392831201104,127.0,4.577329447812701,9154.658895625402,rebalance,simulated
2021-10-08,2021-09-30,127028.SZ,-15.631125414428652,107.9,0.8432992161084258,1686.5984322168517,rebalance,simulated
2021-10-08,2021-09-30,127031.SZ,1478.1908450322753,124.8,92.23910873001398,184478.21746002795,rebalance,simulated
2021-10-08,2021-09-30,128033.SZ,-36.92655298023669,127.96,2.3625608596755434,4725.1217193510865,rebalance,simulated
2021-10-08,2021-09-30,128074.SZ,-14.417993020717176,107.41,0.774318315177616,1548.6366303552318,rebalance,simulated
2021-10-08,2021-09-30,128108.SZ,-1575.0172291858435,114.5,90.16973637088954,180339.4727417791,rebalance,simulated
2021-10-08,2021-09-30,128133.SZ,-3.138077123574476,122.5,0.19220722381893665,384.4144476378733,rebalance,simulated
2021-10-11,2021-10-08,110077.SH,1448.95016514837,128.6,93.16749561904018,186334.99123808037,rebalance,simulated
2021-10-11,2021-10-08,113527.SH,-1250.6149919329398,151.45,94.70282026412185,189405.6405282437,rebalance,simulated
2021-10-11,2021-10-08,113607.SH,-4.056421985683755,128.8,0.2612335758780339,522.4671517560678,rebalance,simulated
2021-10-11,2021-10-08,127018.SZ,34.63174754312399,118.18,2.0463899623231967,4092.7799246463937,rebalance,simulated
2021-10-11,2021-10-08,127020.SZ,3.969513952724128,121.8,0.2417433997208994,483.4867994417988,rebalance,simulated
2021-10-11,2021-10-08,127027.SZ,-77.41840245213598,135.5,5.245096766132213,10490.193532264426,rebalance,simulated
2021-10-11,2021-10-08,127028.SZ,7.500210151444662,108.51,0.4069239017666301,813.8478035332603,rebalance,simulated
2021-10-11,2021-10-08,127031.SZ,-1478.1908450322753,123.73,91.44827662792171,182896.55325584344,rebalance,simulated
2021-10-11,2021-10-08,128033.SZ,15.193705817908949,127.9,0.9716374870552774,1943.2749741105547,rebalance,simulated
2021-10-11,2021-10-08,128074.SZ,19.38898811442823,107.28,1.0400253224579303,2080.0506449158606,rebalance,simulated
2021-10-11,2021-10-08,128130.SZ,1484.6226694134361,125.51,93.16749561904018,186334.99123808037,rebalance,simulated
2021-10-11,2021-10-08,128133.SZ,5.288062223771249,123.3,0.3260090360954975,652.018072190995,rebalance,simulated
2021-10-18,2021-10-15,110077.SH,-1448.95016514837,126.75,91.82721671627796,183654.4334325559,rebalance,simulated
2021-10-18,2021-10-15,113607.SH,-17.665724199925535,126.37,1.1162087835722951,2232.41756714459,rebalance,simulated
2021-10-18,2021-10-15,127018.SZ,-48.89537441233824,118.2,2.8897166277691904,5779.433255538381,rebalance,simulated
2021-10-18,2021-10-15,127020.SZ,-110.13409122252415,127.2,7.004528201752536,14009.056403505072,rebalance,simulated
2021-10-18,2021-10-15,127027.SZ,146.20799852612822,118.7,8.67744471252571,17354.88942505142,rebalance,simulated
2021-10-18,2021-10-15,127028.SZ,-49.74408146607743,108.3,2.693642011388093,5387.284022776185,rebalance,simulated
2021-10-18,2021-10-15,127042.SZ,1503.6394011788827,120.1,90.29354604079191,180587.0920815838,rebalance,simulated
2021-10-18,2021-10-15,128033.SZ,25.894076015872315,121.79,1.5768197589865447,3153.6395179730894,rebalance,simulated
2021-10-18,2021-10-15,128074.SZ,-41.24990182710417,106.5,2.196557272293297,4393.114544586594,rebalance,simulated
2021-10-18,2021-10-15,128130.SZ,26.819346669454717,119.48,1.6021877700332248,3204.3755400664495,rebalance,simulated
2021-10-18,2021-10-15,128133.SZ,96.41523638140075,112.33,5.415161751361373,10830.323502722746,rebalance,simulated
2021-10-25,2021-10-22,113607.SH,-13.270126131410052,127.82,0.8480937610584164,1696.1875221168327,rebalance,simulated
2021-10-25,2021-10-22,127018.SZ,11.646012377329953,117.55,0.6844943774775679,1368.9887549551358,rebalance,simulated
2021-10-25,2021-10-22,127020.SZ,64.44503735116791,121.93,3.928891702113952,7857.783404227904,rebalance,simulated
2021-10-25,2021-10-22,127027.SZ,12.210799316358361,118.0,0.7204371596651433,1440.8743193302867,rebalance,simulated
2021-10-25,2021-10-22,127028.SZ,-20.55598288436977,109.88,1.129345699667275,2258.69139933455,rebalance,simulated
2021-10-25,2021-10-22,127042.SZ,-32.39546125166339,123.0,1.9923208669772985,3984.641733954597,rebalance,simulated
2021-10-25,2021-10-22,128033.SZ,7.246239766300732,121.45,0.440027909808612,880.055819617224,rebalance,simulated
2021-10-25,2021-10-22,128074.SZ,-36.355770165788954,109.06,1.9824801471404716,3964.9602942809433,rebalance,simulated
2021-10-25,2021-10-22,128130.SZ,-1511.4420160828909,120.45,91.02659541859211,182053.1908371842,rebalance,simulated
2021-10-25,2021-10-22,128133.SZ,10.983595106065422,111.8,0.6139829664290571,1227.9659328581142,rebalance,simulated
2021-10-28,2021-10-27,127028.SZ,-1646.9148581274844,108.52,89.36160020199729,178723.2004039946,risk_exit,simulated
2021-11-01,2021-10-29,113527.SH,1303.2958640444676,136.89,89.20408541452358,178408.17082904716,rebalance,simulated
2021-11-01,2021-10-29,113607.SH,-29.531518625774197,128.7,1.9003532235685694,3800.7064471371386,rebalance,simulated
2021-11-01,2021-10-29,127018.SZ,28.27877575314642,113.8,1.6090623403540312,3218.1246807080624,rebalance,simulated
2021-11-01,2021-10-29,127020.SZ,30.345720505410554,117.8,1.7873629377686817,3574.725875537363,rebalance,simulated
2021-11-01,2021-10-29,127027.SZ,31.12465937256593,114.02,1.7744168308299837,3548.833661659967,rebalance,simulated
2021-11-01,2021-10-29,127042.SZ,-54.18142341373914,125.9,3.410720603894879,6821.441207789758,rebalance,simulated
2021-11-01,2021-10-29,128033.SZ,63.38095191081334,114.85,3.639651163478456,7279.302326956911,rebalance,simulated
2021-11-01,2021-10-29,128074.SZ,-50.567551911294686,110.9,2.8039707534812908,5607.941506962581,rebalance,simulated
2021-11-01,2021-10-29,128133.SZ,13.648170476616315,109.3,0.7458725165470815,1491.745033094163,rebalance,simulated
2021-11-08,2021-11-05,110070.SH,1589.6142705436466,113.37,90.1072849257666,180214.56985153322,rebalance,simulated
2021-11-08,2021-11-05,113527.SH,72.3878752802134,131.0,4.741405830853977,9482.811661707954,rebalance,simulated
2021-11-08,2021-11-05,113607.SH,0.24635285667500284,129.98,0.016010472155308434,32.02094431061687,rebalance,simulated
2021-11-08,2021-11-05,127018.SZ,41.18064045427991,112.01,2.3063217686419466,4612.643537283893,rebalance,simulated
2021-11-08,2021-11-05,127020.SZ,29.62218042897075,116.71,1.7286023389325882,3457.204677865176,rebalance,simulated
2021-11-08,2021-11-05,127027.SZ,-17.803265228837745,116.5,1.0370401995797986,2074.080399159597,rebalance,simulated
2021-11-08,2021-11-05,127042.SZ,44.6502732629267,123.29,2.7524660952931166,5504.932190586233,rebalance,simulated
2021-11-08,2021-11-05,128033.SZ,-103.56593609293259,124.3,6.436622928175761,12873.245856351521,rebalance,simulated
2021-11-08,2021-11-05,128074.SZ,-1608.7301246983511,117.8,94.75420434473288,189508.40868946575,rebalance,simulated
2021-11-08,2021-11-05,128133.SZ,-7.846941407949316,110.94,0.4352698398989486,870.5396797978972,rebalance,simulated
2021-11-15,2021-11-12,110047.SH,1568.8174034482172,118.1,92.63866767361722,185277.33534723445,rebalance,simulated
2021-11-15,2021-11-12,110070.SH,-18.268877046619536,117.91,1.077041646283455,2154.0832925669097,rebalance,simulated
2021-11-15,2021-11-12,113527.SH,-12.3479383884453,135.9,0.8390424134948582,1678.0848269897162,rebalance,simulated
2021-11-15,2021-11-12,113607.SH,-1386.479226431245,135.59,93.99635915590626,187992.71831181252,rebalance,simulated
2021-11-15,2021-11-12,127018.SZ,-18.688112887158695,116.51,1.0886760162414297,2177.3520324828596,rebalance,simulated
2021-11-15,2021-11-12,127020.SZ,-6.934236541696919,120.53,0.4178917651853648,835.7835303707296,rebalance,simulated
2021-11-15,2021-11-12,127027.SZ,56.948870767872904,115.52,3.289366775552339,6578.733551104678,rebalance,simulated
2021-11-15,2021-11-12,127042.SZ,1.542109506758834,126.62,0.09763095287290179,195.26190574580357,rebalance,simulated
2021-11-15,2021-11-12,128033.SZ,-1449.8356383872342,128.2,92.93446442062171,185868.9288412434,rebalance,simulated
2021-11-15,2021-11-12,128074.SZ,1525.1673966680478,121.48,92.63866767361722,185277.33534723445,rebalance,simulated
2021-11-15,2021-11-12,128133.SZ,-1624.4327551066633,115.25,93.60793751302148,187215.87502604295,rebalance,simulated
2021-11-22,2021-11-19,110047.SH,-1568.8174034482172,118.05,92.59944723853103,185198.89447706204,rebalance,simulated
2021-11-22,2021-11-19,110070.SH,5.840977843471364,118.01,0.3446468976540279,689.2937953080558,rebalance,simulated
2021-11-22,2021-11-19,113527.SH,-22.386494870729848,138.8,1.5536227440286516,3107.245488057303,rebalance,simulated
2021-11-22,2021-11-19,127018.SZ,-11.5690165151384,117.9,0.6819935235674087,1363.9870471348174,rebalance,simulated
2021-11-22,2021-11-19,127019.SZ,1764.206290823623,105.5,93.06188184094611,186123.76368189222,rebalance,simulated
2021-11-22,2021-11-19,127020.SZ,-3.4121654088773994,121.35,0.2070331361836362,414.0662723672724,rebalance,simulated
2021-11-22,2021-11-19,127027.SZ,-51.78897501873416,119.92,3.1052669421233006,6210.533884246601,rebalance,simulated
2021-11-22,2021-11-19,127042.SZ,25.854338911027526,124.99,1.615766910244665,3231.53382048933,rebalance,simulated
2021-11-22,2021-11-19,128023.SZ,1632.807822457165,113.99,93.06188184094611,186123.76368189222,rebalance,simulated
2021-11-22,2021-11-19,128074.SZ,34.964738134066465,119.3,2.085646629697065,4171.29325939413,rebalance,simulated
2021-11-29,2021-11-26,110070.SH,30.22467493811928,119.15,1.8006350094384562,3601.270018876912,rebalance,simulated
2021-11-29,2021-11-26,110071.SH,1520.0240171753753,126.0,95.76151308204865,191523.0261640973,rebalance,simulated
2021-11-29,2021-11-26,113026.SH,1480.657334086566,129.35,95.76151308204865,191523.0261640973,rebalance,simulated
2021-11-29,2021-11-26,113527.SH,-1340.9493060655059,158.5,106.27023250569134,212540.46501138268,rebalance,simulated
2021-11-29,2021-11-26,127018.SZ,44.41861605524582,118.0,2.6206983472595033,5241.396694519007,rebalance,simulated
2021-11-29,2021-11-26,127019.SZ,46.03025137011332,105.8,2.4350002974789944,4870.000594957989,rebalance,simulated
2021-11-29,2021-11-26,127020.SZ,-1.5921704308741482,125.0,0.09951065192963426,199.02130385926853,rebalance,simulated
2021-11-29,2021-11-26,127027.SZ,75.1474015982219,117.7,4.422424584055359,8844.849168110719,rebalance,simulated
2021-11-29,2021-11-26,127042.SZ,-1489.1092381941933,124.2,92.4736836918594,184947.3673837188,rebalance,simulated
2021-11-29,2021-11-26,128023.SZ,-1632.807822457165,125.48,102.44236278096254,204884.72556192506,rebalance,simulated
2021-11-29,2021-11-26,128074.SZ,-3.1609441338978286,123.01,0.19441386895538598,388.82773791077193,rebalance,simulated
2021-11-29,2021-11-26,128130.SZ,1528.0279732256047,125.34,95.76151308204865,191523.0261640973,rebalance,simulated
2021-12-06,2021-12-03,110070.SH,-12.968598171191616,122.66,0.7953641258391817,1590.7282516783634,rebalance,simulated
2021-12-06,2021-12-03,110071.SH,-1520.0240171753753,130.84,99.43997120361306,198879.9424072261,rebalance,simulated
2021-12-06,2021-12-03,113026.SH,-61.39528267251035,137.8,4.230134976135964,8460.269952271927,rebalance,simulated
2021-12-06,2021-12-03,113527.SH,1343.1379073199428,145.61,97.78715534242843,195574.31068485687,rebalance,simulated
2021-12-06,2021-12-03,127018.SZ,28.733563543860782,118.4,1.7010269617965585,3402.053923593117,rebalance,simulated
2021-12-06,2021-12-03,127019.SZ,3.6598655678744763,107.82,0.197303352764113,394.60670552822603,rebalance,simulated
2021-12-06,2021-12-03,127020.SZ,19.623381616816687,126.03,1.2365673925837037,2473.1347851674072,rebalance,simulated
2021-12-06,2021-12-03,127027.SZ,-15.425849127108904,121.34,0.9358862665416973,1871.7725330833946,rebalance,simulated
2021-12-06,2021-12-03,127042.SZ,1576.9578349045064,124.02,97.78715534242843,195574.31068485687,rebalance,simulated
2021-12-06,2021-12-03,128074.SZ,47.67527048092097,121.88,2.9053309831073237,5810.661966214648,rebalance,simulated
2021-12-06,2021-12-03,128130.SZ,-1528.0279732256047,129.0,98.5578042730515,197115.608546103,rebalance,simulated
2021-12-13,2021-12-10,110070.SH,-8.286159410313303,122.0,0.5054557240291115,1010.911448058223,rebalance,simulated
2021-12-13,2021-12-10,113026.SH,-1419.2620514140556,135.63,96.24725601664417,192494.51203328834,rebalance,simulated
2021-12-13,2021-12-10,113527.SH,-39.15497456355638,148.4,2.9052991126158836,5810.598225231767,rebalance,simulated
2021-12-13,2021-12-10,127018.SZ,-22.92901924573289,118.8,1.3619837431965336,2723.9674863930672,rebalance,simulated
2021-12-13,2021-12-10,127019.SZ,29.417244563096347,104.98,1.5441111671169274,3088.222334233855,rebalance,simulated
2021-12-13,2021-12-10,127020.SZ,1.2507334768877172,124.6,0.07792069561010477,155.84139122020954,rebalance,simulated
2021-12-13,2021-12-10,127027.SZ,47.115649445132476,116.65,2.748020253887352,5496.040507774704,rebalance,simulated
2021-12-13,2021-12-10,127042.SZ,0.14947741047126328,122.7,0.009170439132412004,18.340878264824006,rebalance,simulated
2021-12-13,2021-12-10,128033.SZ,1570.7067144565565,123.2,96.75553361052388,193511.06722104776,rebalance,simulated
2021-12-13,2021-12-10,128074.SZ,12.122418632362951,119.69,0.7254661430537608,1450.9322861075216,rebalance,simulated
2021-12-13,2021-12-10,128130.SZ,1534.5841968362233,126.1,96.75553361052388,193511.06722104776,rebalance,simulated
2021-12-20,2021-12-17,110070.SH,-33.60060511524307,126.26,2.121206200925295,4242.41240185059,rebalance,simulated
2021-12-20,2021-12-17,113527.SH,87.45432312838716,140.88,6.160282521163591,12320.565042327182,rebalance,simulated
2021-12-20,2021-12-17,127018.SZ,14.388982142377017,119.29,0.8582308398820773,1716.4616797641545,rebalance,simulated
2021-12-20,2021-12-17,127019.SZ,-11.126713273890346,106.99,0.595223526586764,1190.447053173528,rebalance,simulated
2021-12-20,2021-12-17,127020.SZ,5.174430832363669,125.8,0.3254716993556747,650.9433987113495,rebalance,simulated
2021-12-20,2021-12-17,127027.SZ,-103.14390673543153,126.0,6.498066124332187,12996.132248664373,rebalance,simulated
2021-12-20,2021-12-17,127042.SZ,21.797097220478236,122.6,1.3361620596153156,2672.3241192306314,rebalance,simulated
2021-12-20,2021-12-17,128033.SZ,-28.04770281693345,127.07,1.782010798473867,3564.0215969477335,rebalance,simulated
2021-12-20,2021-12-17,128074.SZ,27.74186358298698,119.2,1.6534150695460241,3306.8301390920483,rebalance,simulated
2021-12-20,2021-12-17,128130.SZ,7.104207481880394,127.15,0.45164999066054606,903.2999813210921,rebalance,simulated
2021-12-27,2021-12-24,110070.SH,26.140277177735015,124.01,1.6208278864054597,3241.655772810919,rebalance,simulated
2021-12-27,2021-12-24,113527.SH,8.949626045116247,139.8,0.6255788605536258,1251.1577211072515,rebalance,simulated
2021-12-27,2021-12-24,123128.SZ,1761.9843946881342,111.11,97.88704304689931,195774.0860937986,rebalance,simulated
2021-12-27,2021-12-24,127018.SZ,-3.621057096964023,119.4,0.2161771086887522,432.35421737750437,rebalance,simulated
2021-12-27,2021-12-24,127019.SZ,-17.615745299787022,107.89,0.9502813801970109,1900.5627603940218,rebalance,simulated
2021-12-27,2021-12-24,127020.SZ,-1558.2327552388465,124.7,97.15581228914208,194311.62457828416,rebalance,simulated
2021-12-27,2021-12-24,127027.SZ,-52.11815567498593,130.2,3.3928919344415838,6785.783868883167,rebalance,simulated
2021-12-27,2021-12-24,127042.SZ,-21.607550900275555,124.12,1.3409646088711011,2681.929217742202,rebalance,simulated
2021-12-27,2021-12-24,128033.SZ,38.71486633936411,123.8,2.396450226406638,4792.900452813276,rebalance,simulated
2021-12-27,2021-12-24,128074.SZ,7.591248988243478,118.5,0.4497815025534261,899.5630051068522,rebalance,simulated
2021-12-27,2021-12-24,128130.SZ,1.054590904895349,126.9,0.06691379291560991,133.8275858312198,rebalance,simulated
2022-01-04,2021-12-31,110070.SH,-1578.6959607596048,126.0,99.4578455278551,198915.6910557102,rebalance,simulated
2022-01-04,2021-12-31,113527.SH,5.939141551718649,140.6,0.417521651085821,835.043302171642,rebalance,simulated
2022-01-04,2021-12-31,123128.SZ,25.319581643006813,110.63,1.4005526585829218,2801.1053171658436,rebalance,simulated
2022-01-04,2021-12-31,127018.SZ,28.953897668769514,118.5,1.7155184368745937,3431.036873749187,rebalance,simulated
2022-01-04,2021-12-31,127019.SZ,17.95372655957385,107.9,0.9686035478890094,1937.2070957780188,rebalance,simulated
2022-01-04,2021-12-31,127020.SZ,1596.910344867664,123.82,98.86471945075706,197729.43890151414,rebalance,simulated
2022-01-04,2021-12-31,127027.SZ,-49.74828113871581,136.0,3.3828831174326752,6765.76623486535,rebalance,simulated
2022-01-04,2021-12-31,127042.SZ,-12.734120056970596,126.38,0.804669046399972,1609.338092799944,rebalance,simulated
2022-01-04,2021-12-31,128033.SZ,15.7944491737926,123.8,0.9776764038577619,1955.3528077155238,rebalance,simulated
2022-01-04,2021-12-31,128074.SZ,-6.550736514563823,120.16,0.3935682497949945,787.136499589989,rebalance,simulated
2022-01-04,2021-12-31,128130.SZ,-6.50308455938216,128.71,0.41850600681903893,837.0120136380779,rebalance,simulated
2022-01-10,2022-01-07,113026.SH,1545.4512981701287,129.4,99.99069899160733,199981.39798321467,rebalance,simulated
2022-01-10,2022-01-07,113527.SH,-19.492472973878193,144.2,1.4054073014166177,2810.8146028332353,rebalance,simulated
2022-01-10,2022-01-07,123128.SZ,-10.323365142100101,112.54,0.5808957565459728,1161.7915130919455,rebalance,simulated
2022-01-10,2022-01-07,127018.SZ,-36.76770706658044,122.55,2.252941250504717,4505.882501009433,rebalance,simulated
2022-01-10,2022-01-07,127019.SZ,2.166804306044696,109.0,0.11809083467943594,236.1816693588719,rebalance,simulated
2022-01-10,2022-01-07,127020.SZ,-12.271692068815582,126.2,0.7743437695422634,1548.6875390845266,rebalance,simulated
2022-01-10,2022-01-07,127027.SZ,54.26240614056087,132.6,3.5975975271191856,7195.195054238371,rebalance,simulated
2022-01-10,2022-01-07,127042.SZ,35.28844528750756,125.0,2.2055278304692223,4411.055660938445,rebalance,simulated
2022-01-10,2022-01-07,128033.SZ,-1.2749588404769838,125.31,0.07988254615008542,159.76509230017083,rebalance,simulated
2022-01-10,2022-01-07,128074.SZ,-17.435990974414835,122.83,1.070831385693687,2141.662771387374,rebalance,simulated
2022-01-10,2022-01-07,128130.SZ,-1536.239910663617,130.01,99.86327539268841,199726.5507853768,rebalance,simulated
2022-01-17,2022-01-14,113026.SH,-22.203479846580876,129.68,1.4396736332523041,2879.3472665046083,rebalance,simulated
2022-01-17,2022-01-14,113527.SH,19.60843653532902,140.45,1.3770024556934803,2754.0049113869604,rebalance,simulated
2022-01-17,2022-01-14,123128.SZ,-1776.980611189041,109.89,97.63619968178186,195272.39936356372,rebalance,simulated
2022-01-17,2022-01-14,127018.SZ,-10.43831234471395,121.83,0.6358497964782502,1271.6995929565005,rebalance,simulated
2022-01-17,2022-01-14,127019.SZ,17.83361609607482,106.63,0.950799242162229,1901.598484324458,rebalance,simulated
2022-01-17,2022-01-14,127020.SZ,-8.1440232681407,125.3,0.5102230577490148,1020.4461154980296,rebalance,simulated
2022-01-17,2022-01-14,127027.SZ,5.521113481891689,130.5,0.3602526546934327,720.5053093868654,rebalance,simulated
2022-01-17,2022-01-14,127042.SZ,-1.4147290979742593,123.58,0.08741611096382948,174.83222192765896,rebalance,simulated
2022-01-17,2022-01-14,128033.SZ,-27.41014550622299,125.94,1.7260168625268617,3452.033725053723,rebalance,simulated
2022-01-17,2022-01-14,128074.SZ,8.05451133270003,120.73,0.4862105765984374,972.4211531968748,rebalance,simulated
2022-01-17,2022-01-14,128130.SZ,1556.6176286855607,126.9,98.76738854009884,197534.77708019767,rebalance,simulated
2022-01-20,2022-01-19,113026.SH,-1523.2478183235478,126.1,96.04077494529969,192081.54989059936,risk_exit,simulated
2022-01-24,2022-01-21,110047.SH,1640.8751216046428,121.23,99.46164549606543,198923.29099213085,rebalance,simulated
2022-01-24,2022-01-21,110063.SH,1631.5886728357189,121.92,99.46164549606543,198923.29099213085,rebalance,simulated
2022-01-24,2022-01-21,113527.SH,47.78194008707351,136.79,3.2680457922553923,6536.091584510785,rebalance,simulated
2022-01-24,2022-01-21,127018.SZ,-11.985101098560563,123.6,0.7406792478910428,1481.3584957820856,rebalance,simulated
2022-01-24,2022-01-21,127019.SZ,-12.346885651383218,108.1,0.6673491694572629,1334.6983389145257,rebalance,simulated
2022-01-24,2022-01-21,127020.SZ,-12.632278963641284,127.2,0.8034129420875856,1606.8258841751713,rebalance,simulated
2022-01-24,2022-01-21,127027.SZ,-1513.6764527218213,137.0,103.68683701144477,207373.67402288952,rebalance,simulated
2022-01-24,2022-01-21,127042.SZ,-29.02193017499485,126.75,1.8392648248402987,3678.5296496805972,rebalance,simulated
2022-01-24,2022-01-21,128033.SZ,-13.058318653050947,127.89,0.8350141862693428,1670.0283725386855,rebalance,simulated
2022-01-24,2022-01-21,128074.SZ,16.29152129591239,120.38,0.9805866668009667,1961.1733336019333,rebalance,simulated
2022-01-24,2022-01-21,128130.SZ,21.13690012258371,126.08,1.3324701837276771,2664.940367455354,rebalance,simulated
2022-02-07,2022-01-28,110047.SH,-167.31070460273918,121.0,10.12229762846572,20244.59525693144,rebalance,simulated
2022-02-07,2022-01-28,110063.SH,-1631.5886728357189,121.31,98.96401095085052,197928.02190170105,rebalance,simulated
2022-02-07,2022-01-28,110070.SH,1421.5203257373064,125.43,89.15064722861517,178301.29445723034,rebalance,simulated
2022-02-07,2022-01-28,113527.SH,-100.58518998140562,131.72,6.624540612175374,13249.081224350748,rebalance,simulated
2022-02-07,2022-01-28,123128.SZ,1612.127436322155,110.6,89.15064722861517,178301.29445723034,rebalance,simulated
2022-02-07,2022-01-28,127018.SZ,-97.23046168780456,117.91,5.732221868804518,11464.443737609035,rebalance,simulated
2022-02-07,2022-01-28,127019.SZ,-173.03217682636728,106.95,9.252895655789992,18505.791311579982,rebalance,simulated
2022-02-07,2022-01-28,127020.SZ,-1563.8623505670664,125.21,97.90560245725118,195811.20491450236,rebalance,simulated
2022-02-07,2022-01-28,127027.SZ,1340.6112365205288,133.0,89.15064722861517,178301.29445723034,rebalance,simulated
2022-02-07,2022-01-28,127031.SZ,1408.2718146847037,126.61,89.15064722861517,178301.29445723034,rebalance,simulated
2022-02-07,2022-01-28,127042.SZ,-176.32682666923574,127.99,11.284035272697741,22568.070545395483,rebalance,simulated
2022-02-07,2022-01-28,128033.SZ,-129.0145484951861,125.0,8.06340928094913,16126.81856189826,rebalance,simulated
2022-02-07,2022-01-28,128074.SZ,-137.58199029414595,117.7,8.09670012881049,16193.400257620979,rebalance,simulated
2022-02-07,2022-01-28,128130.SZ,-1577.7545288081444,127.71,100.74751543704406,201495.03087408812,rebalance,simulated
2022-02-14,2022-02-11,110047.SH,20.072677755950735,122.0,1.2244333431129948,2448.8666862259897,rebalance,simulated
2022-02-14,2022-02-11,110070.SH,-1421.5203257373064,129.23,91.85153584751605,183703.0716950321,rebalance,simulated
2022-02-14,2022-02-11,113017.SH,1413.6828980640669,128.9,91.11186278022912,182223.72556045823,rebalance,simulated
2022-02-14,2022-02-11,113527.SH,10.311304471469157,133.6,0.6887951386941397,1377.5902773882792,rebalance,simulated
2022-02-14,2022-02-11,123128.SZ,40.54556894229472,110.26,2.235277215788708,4470.554431577416,rebalance,simulated
2022-02-14,2022-02-11,127018.SZ,-30.446641525995574,122.98,1.872163987433468,3744.3279748669356,rebalance,simulated
2022-02-14,2022-02-11,127019.SZ,-31.826117053439702,111.43,1.7731921116323932,3546.384223264786,rebalance,simulated
2022-02-14,2022-02-11,127020.SZ,1401.7209658496788,130.0,91.11186278022912,182223.72556045823,rebalance,simulated
2022-02-14,2022-02-11,127027.SZ,-1340.6112365205288,140.1,93.90981711826304,187819.63423652606,rebalance,simulated
2022-02-14,2022-02-11,127031.SZ,23.179289482289505,127.3,1.4753617755477269,2950.723551095454,rebalance,simulated
2022-02-14,2022-02-11,127042.SZ,-1393.0876979235125,132.48,92.27812911045346,184556.25822090692,rebalance,simulated
2022-02-14,2022-02-11,128033.SZ,17.517739115994345,126.2,1.1053693382192433,2210.7386764384864,rebalance,simulated
2022-02-14,2022-02-11,128074.SZ,20.929589223679613,118.65,1.2416478806947933,2483.2957613895865,rebalance,simulated
2022-02-14,2022-02-11,128130.SZ,1426.4088106493796,127.75,91.11186278022912,182223.72556045823,rebalance,simulated
2022-02-21,2022-02-18,110047.SH,-1493.6370947578544,117.33,87.62422016396953,175248.44032793905,rebalance,simulated
2022-02-21,2022-02-18,110070.SH,1302.9074635532772,125.25,81.59457990502399,163189.15981004798,rebalance,simulated
2022-02-21,2022-02-18,113017.SH,-113.16361363588726,125.48,7.099885119515567,14199.770239031133,rebalance,simulated
2022-02-21,2022-02-18,113527.SH,-78.18609732419895,126.92,4.961689736193666,9923.37947238733,rebalance,simulated
2022-02-21,2022-02-18,113619.SH,1266.3083713047874,128.87,81.59457990502399,163189.15981004798,rebalance,simulated
2022-02-21,2022-02-18,123128.SZ,-1652.6730052644498,108.0,89.24434228428028,178488.68456856057,rebalance,simulated
2022-02-21,2022-02-18,127018.SZ,-106.46782506325462,118.66,6.316736061002897,12633.472122005793,rebalance,simulated
2022-02-21,2022-02-18,127019.SZ,-167.92370573644735,111.21,9.337397657475154,18674.79531495031,rebalance,simulated
2022-02-21,2022-02-18,127020.SZ,-93.06691765362461,124.7,5.8027223157034955,11605.44463140699,rebalance,simulated
2022-02-21,2022-02-18,127027.SZ,1212.130727252826,134.63,81.59457990502399,163189.15981004798,rebalance,simulated
2022-02-21,2022-02-18,127031.SZ,-1431.4511041669932,127.3,91.11186278022912,182223.72556045823,rebalance,simulated
2022-02-21,2022-02-18,127042.SZ,1250.4916460540076,130.5,81.59457990502399,163189.15981004798,rebalance,simulated
2022-02-21,2022-02-18,128033.SZ,-136.11306183548186,124.78,8.492093927915715,16984.187855831427,rebalance,simulated
2022-02-21,2022-02-18,128074.SZ,-132.75533430300925,116.31,7.720386466391503,15440.772932783006,rebalance,simulated
2022-02-21,2022-02-18,128130.SZ,-140.6448663533822,126.92,8.925323218785636,17850.64643757127,rebalance,simulated
2022-02-28,2022-02-25,110063.SH,1523.2794053983584,118.55,90.29238675498769,180584.77350997538,rebalance,simulated
2022-02-28,2022-02-25,110070.SH,-1302.9074635532772,125.9,82.01802483067881,164036.04966135763,rebalance,simulated
2022-02-28,2022-02-25,110071.SH,1377.6683972381397,131.08,90.29238675498769,180584.77350997538,rebalance,simulated
2022-02-28,2022-02-25,113017.SH,-1300.5192844281796,125.4,81.54255913364686,163085.11826729373,rebalance,simulated
2022-02-28,2022-02-25,113527.SH,80.12950937600453,132.21,5.29696121730078,10593.92243460156,rebalance,simulated
2022-02-28,2022-02-25,113619.SH,-1266.3083713047874,132.75,84.05121814535526,168102.43629071052,rebalance,simulated
2022-02-28,2022-02-25,123128.SZ,1571.6690470842068,114.9,90.29238675498769,180584.77350997538,rebalance,simulated
2022-02-28,2022-02-25,127018.SZ,148.65532818320708,118.5,8.80782819485502,17615.65638971004,rebalance,simulated
2022-02-28,2022-02-25,127019.SZ,37.602073682136506,119.99,2.2559364105597797,4511.872821119559,rebalance,simulated
2022-02-28,2022-02-25,127020.SZ,115.51608989523424,126.8,7.323720099357851,14647.440198715702,rebalance,simulated
2022-02-28,2022-02-25,127027.SZ,146.67118027144306,132.9,9.746299929037392,19492.599858074784,rebalance,simulated
2022-02-28,2022-02-25,127042.SZ,-1250.4916460540076,130.97,81.88844544184668,163776.89088369336,rebalance,simulated
2022-02-28,2022-02-25,128033.SZ,121.9931500384887,126.3,7.703867424930561,15407.73484986112,rebalance,simulated
2022-02-28,2022-02-25,128074.SZ,-1403.053562118889,116.15,81.48233562005449,162964.67124010896,rebalance,simulated
2022-02-28,2022-02-25,128130.SZ,130.80942807594624,127.48,8.337792945560814,16675.585891121627,rebalance,simulated
2022-02-28,2022-02-25,128135.SZ,1435.0347545293657,125.84,90.29238675498769,180584.77350997538,rebalance,simulated
2022-03-07,2022-03-04,110063.SH,-1523.2794053983584,118.26,90.07151124120493,180143.02248240987,rebalance,simulated
2022-03-07,2022-03-04,110070.SH,1226.4872589939844,124.52,76.36109674496548,152722.19348993094,rebalance,simulated
2022-03-07,2022-03-04,110071.SH,-1377.6683972381397,129.89,89.47267405863097,178945.34811726195,rebalance,simulated
2022-03-07,2022-03-04,110077.SH,1150.0165172434558,132.8,76.36109674496548,152722.19348993094,rebalance,simulated
2022-03-07,2022-03-04,113017.SH,1246.6100195080478,122.51,76.36109674496548,152722.19348993094,rebalance,simulated
2022-03-07,2022-03-04,113527.SH,-197.04152125250903,130.66,12.872722583426414,25745.445166852827,rebalance,simulated
2022-03-07,2022-03-04,113619.SH,1238.4219387766052,123.32,76.36109674496548,152722.19348993094,rebalance,simulated
2022-03-07,2022-03-04,123128.SZ,-271.9056982337306,117.5,15.974459771231674,31948.919542463347,rebalance,simulated
2022-03-07,2022-03-04,127018.SZ,-229.556570293998,117.99,13.542689864494411,27085.37972898882,rebalance,simulated
2022-03-07,2022-03-04,127019.SZ,-177.67197350466927,115.06,10.221468635723623,20442.937271447245,rebalance,simulated
2022-03-07,2022-03-04,127020.SZ,-227.38153617975377,127.61,14.50807891594919,29016.157831898377,rebalance,simulated
2022-03-07,2022-03-04,127027.SZ,-275.6657834822058,141.0,19.43443773549551,38868.87547099102,rebalance,simulated
2022-03-07,2022-03-04,127031.SZ,1225.0115784866523,124.67,76.36109674496548,152722.19348993094,rebalance,simulated
2022-03-07,2022-03-04,127042.SZ,1190.909181923978,128.24,76.36109674496548,152722.19348993094,rebalance,simulated
2022-03-07,2022-03-04,128033.SZ,-209.20241659312478,125.12,13.087703182065887,26175.406364131773,rebalance,simulated
2022-03-07,2022-03-04,128130.SZ,-1416.5733723719436,126.2,89.38577979666964,178771.55959333928,rebalance,simulated
2022-03-07,2022-03-04,128135.SZ,-1435.0347545293657,125.44,90.00537980408183,180010.75960816364,rebalance,simulated
2022-03-14,2022-03-11,110070.SH,-83.14656016616527,117.05,4.866152433724823,9732.304867449646,rebalance,simulated
2022-03-14,2022-03-11,110071.SH,1051.7763973420012,127.24,66.91401439889812,133828.02879779623,rebalance,simulated
2022-03-14,2022-03-11,110077.SH,-1150.0165172434558,126.6,72.79604554151076,145592.0910830215,rebalance,simulated
2022-03-14,2022-03-11,113017.SH,-1246.6100195080478,117.38,73.16354204492733,146327.08408985464,rebalance,simulated
2022-03-14,2022-03-11,113047.SH,1079.2582967564213,124.0,66.91401439889812,133828.02879779623,rebalance,simulated
2022-03-14,2022-03-11,113527.SH,-58.245884305001255,120.5,3.5093145293763257,7018.629058752651,rebalance,simulated
2022-03-14,2022-03-11,113619.SH,-96.44712183150546,117.19,5.651319103717062,11302.638207434124,rebalance,simulated
2022-03-14,2022-03-11,123035.SZ,1051.1155262158045,127.32,66.91401439889812,133828.02879779623,rebalance,simulated
2022-03-14,2022-03-11,123128.SZ,-38.42471739151074,106.1,2.038431257619645,4076.862515239289,rebalance,simulated
2022-03-14,2022-03-11,127018.SZ,-127.59984280753065,114.7,7.317850985011883,14635.701970023765,rebalance,simulated
2022-03-14,2022-03-11,127019.SZ,-93.88850218664288,108.5,5.093451243625377,10186.902487250753,rebalance,simulated
2022-03-14,2022-03-11,127020.SZ,-1196.7886019115347,120.4,72.04667383507439,144093.34767014877,rebalance,simulated
2022-03-14,2022-03-11,127027.SZ,-49.71505224440898,129.5,3.2190496328254814,6438.0992656509625,rebalance,simulated
2022-03-14,2022-03-11,127031.SZ,-115.23440958544802,120.59,6.9480587259545885,13896.117451909176,rebalance,simulated
2022-03-14,2022-03-11,127042.SZ,-92.87809562765187,121.88,5.659991147549105,11319.98229509821,rebalance,simulated
2022-03-14,2022-03-11,127052.SZ,1085.8257914628498,123.25,66.91401439889812,133828.02879779623,rebalance,simulated
2022-03-14,2022-03-11,128033.SZ,-96.5672244905877,119.06,5.748646873924686,11497.293747849373,rebalance,simulated
2022-03-21,2022-03-18,110070.SH,-1143.340698827819,120.6,68.94344413931749,137886.888278635,rebalance,simulated
2022-03-21,2022-03-18,110071.SH,15.10077167104805,128.23,0.9681859756892457,1936.3719513784913,rebalance,simulated
2022-03-21,2022-03-18,113017.SH,1145.7760417298432,119.4,68.40282969127165,136805.6593825433,rebalance,simulated
2022-03-21,2022-03-18,113047.SH,-71.85285211324538,135.8,4.878808658489362,9757.617316978723,rebalance,simulated
2022-03-21,2022-03-18,113527.SH,1.6350850769172212,123.0,0.1005577322304091,201.1154644608182,rebalance,simulated
2022-03-21,2022-03-18,113545.SH,1005.9979364846187,135.99,68.40282969127165,136805.6593825433,rebalance,simulated
2022-03-21,2022-03-18,113619.SH,-10.507945862945235,120.91,0.6352578671443542,1270.5157342887082,rebalance,simulated
2022-03-21,2022-03-18,123035.SZ,-9.897325572351292,131.39,0.650204803475618,1300.4096069512361,rebalance,simulated
2022-03-21,2022-03-18,123128.SZ,4.442821007201246,108.08,0.24009004722915536,480.1800944583107,rebalance,simulated
2022-03-21,2022-03-18,127018.SZ,10.66485629292174,116.19,0.6195748263372886,1239.149652674577,rebalance,simulated
2022-03-21,2022-03-18,127019.SZ,-12.068002703445927,112.01,0.6758684914064892,1351.7369828129783,rebalance,simulated
2022-03-21,2022-03-18,127027.SZ,-1.3150032760152044,132.55,0.08715184211790768,174.30368423581535,rebalance,simulated
2022-03-21,2022-03-18,127031.SZ,4.094019688140406,122.82,0.25141374904870234,502.82749809740466,rebalance,simulated
2022-03-21,2022-03-18,127042.SZ,17.29305672131045,122.66,1.0605831687179699,2121.1663374359396,rebalance,simulated
2022-03-21,2022-03-18,127052.SZ,42.933774399718686,121.2,2.601786728622953,5203.573457245905,rebalance,simulated
2022-03-21,2022-03-18,128033.SZ,-1124.0385418931314,119.33,67.06575960205369,134131.51920410738,rebalance,simulated
2022-03-28,2022-03-25,110070.SH,989.0205595586333,117.5,58.104957874069704,116209.9157481394,rebalance,simulated
2022-03-28,2022-03-25,110071.SH,-148.94734477814086,126.6,9.428366924456315,18856.73384891263,rebalance,simulated
2022-03-28,2022-03-25,113017.SH,-1145.7760417298432,116.7,66.85603203493635,133712.0640698727,rebalance,simulated
2022-03-28,2022-03-25,113039.SH,884.3981411578341,131.4,58.104957874069704,116209.9157481394,rebalance,simulated
2022-03-28,2022-03-25,113047.SH,-74.7415943370811,124.6,4.656401327200152,9312.802654400304,rebalance,simulated
2022-03-28,2022-03-25,113048.SH,915.038706678263,127.0,58.104957874069704,116209.9157481394,rebalance,simulated
2022-03-28,2022-03-25,113051.SH,904.3573209971938,128.5,58.104957874069704,116209.9157481394,rebalance,simulated
2022-03-28,2022-03-25,113527.SH,-166.13744721779153,122.83,10.203331320880666,20406.662641761333,rebalance,simulated
2022-03-28,2022-03-25,113545.SH,-120.52158972951804,131.24,7.908626718050974,15817.253436101948,rebalance,simulated
2022-03-28,2022-03-25,113619.SH,-1131.4668710821545,113.83,64.39743696764083,128794.87393528165,rebalance,simulated
2022-03-28,2022-03-25,123035.SZ,-1041.2182006434532,125.01,65.08134363121904,130162.68726243809,rebalance,simulated
2022-03-28,2022-03-25,123128.SZ,-173.58299618666115,106.4,9.234615397130375,18469.230794260748,rebalance,simulated
2022-03-28,2022-03-25,127013.SZ,882.6516462717561,131.66,58.104957874069704,116209.9157481394,rebalance,simulated
2022-03-28,2022-03-25,127018.SZ,-162.49682052359583,114.5,9.302942974975862,18605.885949951724,rebalance,simulated
2022-03-28,2022-03-25,127019.SZ,-179.12865388816454,111.5,9.986422454265174,19972.844908530347,rebalance,simulated
2022-03-28,2022-03-25,127027.SZ,-139.69387570840456,130.22,9.095468247374221,18190.936494748443,rebalance,simulated
2022-03-28,2022-03-25,127031.SZ,-1113.8711885893447,120.26,66.9770745698773,133954.1491397546,rebalance,simulated
2022-03-28,2022-03-25,127042.SZ,-122.07699987114586,117.0,7.141504492462032,14283.008984924065,rebalance,simulated
2022-03-28,2022-03-25,127045.SZ,910.2366706989849,127.67,58.104957874069704,116209.9157481394,rebalance,simulated
2022-03-28,2022-03-25,127052.SZ,-1128.7595658625685,117.97,66.5798829924036,133159.7659848072,rebalance,simulated
2022-03-28,2022-03-25,128133.SZ,984.8297944757577,118.0,58.104957874069704,116209.9157481394,rebalance,simulated
2022-04-06,2022-04-01,110057.SH,975.8477951886741,120.2,58.64845249083932,117296.90498167863,rebalance,simulated
2022-04-06,2022-04-01,110070.SH,-5.728540263817081,119.29,0.34167878403536983,683.3575680707396,rebalance,simulated
2022-04-06,2022-04-01,110071.SH,-21.164495628802797,130.8,1.384158014123703,2768.316028247406,rebalance,simulated
2022-04-06,2022-04-01,113039.SH,19.484921042047404,129.77,1.264279101813246,2528.558203626492,rebalance,simulated
2022-04-06,2022-04-01,113047.SH,-932.6638503060948,131.59,61.36461803088951,122729.23606177901,rebalance,simulated
2022-04-06,2022-04-01,113048.SH,18.11089540350804,125.7,1.1382697761104803,2276.5395522209606,rebalance,simulated
2022-04-06,2022-04-01,113051.SH,0.9209454354574973,129.57,0.05966345003611396,119.32690007222791,rebalance,simulated
2022-04-06,2022-04-01,113527.SH,-7.728446120188323,125.0,0.4830278825117702,966.0557650235404,rebalance,simulated
2022-04-06,2022-04-01,113545.SH,-885.4763467551006,133.58,59.14096519977318,118281.93039954636,rebalance,simulated
2022-04-06,2022-04-01,113619.SH,997.0835173553097,117.64,58.64845249083932,117296.90498167863,rebalance,simulated
2022-04-06,2022-04-01,123128.SZ,-1092.1984562795055,105.8,57.77729833718585,115554.59667437169,rebalance,simulated
2022-04-06,2022-04-01,127013.SZ,-20.301219998571128,136.02,1.3806859721028224,2761.371944205645,rebalance,simulated
2022-04-06,2022-04-01,127018.SZ,-2.9684010945576347,115.91,0.1720336854350877,344.0673708701754,rebalance,simulated
2022-04-06,2022-04-01,127019.SZ,45.04915730548396,107.88,2.4299515450578046,4859.903090115609,rebalance,simulated
2022-04-06,2022-04-01,127027.SZ,-4.001187877397115,132.03,0.2641384177263706,528.2768354527411,rebalance,simulated
2022-04-06,2022-04-01,127029.SZ,925.784569705435,126.7,58.64845249083932,117296.90498167863,rebalance,simulated
2022-04-06,2022-04-01,127042.SZ,5.0243886124764,117.5,0.29518283098298853,590.3656619659771,rebalance,simulated
2022-04-06,2022-04-01,127045.SZ,-910.2366706989849,130.0,59.165383595434015,118330.76719086803,rebalance,simulated
2022-04-06,2022-04-01,128074.SZ,1071.2046117048276,109.5,58.64845249083931,117296.90498167861,rebalance,simulated
2022-04-06,2022-04-01,128133.SZ,21.924174983332705,116.51,1.277192813654047,2554.3856273080937,rebalance,simulated
2022-04-11,2022-04-08,110057.SH,-975.8477951886741,117.57,57.365212640166206,114730.4252803324,rebalance,simulated
2022-04-11,2022-04-08,110070.SH,-50.80081673214886,124.97,3.174289033508322,6348.578067016643,rebalance,simulated
2022-04-11,2022-04-08,110071.SH,-896.7653286061056,129.75,58.177650693321105,116355.30138664221,rebalance,simulated
2022-04-11,2022-04-08,113039.SH,5.114017240497219,128.2,0.32780850511587173,655.6170102317434,rebalance,simulated
2022-04-11,2022-04-08,113047.SH,876.1911698064401,133.0,58.26671279212827,116533.42558425653,rebalance,simulated
2022-04-11,2022-04-08,113048.SH,27.475454255353156,121.31,1.6665236778584458,3333.0473557168916,rebalance,simulated
2022-04-11,2022-04-08,113051.SH,26.392868714906513,125.08,1.6506100094302534,3301.2200188605066,rebalance,simulated
2022-04-11,2022-04-08,113527.SH,5.215250707352652,123.5,0.3220417311790263,644.0834623580525,rebalance,simulated
2022-04-11,2022-04-08,113545.SH,882.6952399958834,132.02,58.26671279212827,116533.42558425653,rebalance,simulated
2022-04-11,2022-04-08,113619.SH,-997.0835173553097,116.08,57.87072734730218,115741.45469460436,rebalance,simulated
2022-04-11,2022-04-08,127013.SZ,18.743068239566696,132.26,1.2394791026825456,2478.958205365091,rebalance,simulated
2022-04-11,2022-04-08,127018.SZ,-35.646446820710025,119.36,2.1273799462599743,4254.759892519948,rebalance,simulated
2022-04-11,2022-04-08,127019.SZ,-12.35811632802779,108.41,0.6698716955607464,1339.7433911214928,rebalance,simulated
2022-04-11,2022-04-08,127029.SZ,-42.28627111364938,131.9,2.7887795799451767,5577.559159890353,rebalance,simulated
2022-04-11,2022-04-08,127039.SZ,985.4001825152759,118.26,58.26671279212827,116533.42558425653,rebalance,simulated
2022-04-11,2022-04-08,127042.SZ,0.30109535548479016,116.7,0.017568913992537506,35.13782798507501,rebalance,simulated
2022-04-11,2022-04-08,128074.SZ,-1071.2046117048276,109.38,58.58418021413702,117168.36042827404,rebalance,simulated
2022-04-11,2022-04-08,128133.SZ,4.996556537233005,115.18,0.28775169097924874,575.5033819584975,rebalance,simulated
2022-04-11,2022-04-08,128141.SZ,897.1701099719497,129.89,58.26671279212827,116533.42558425653,rebalance,simulated
2022-04-14,2022-04-13,113047.SH,-876.1911698064401,123.0,53.88575694309608,107771.51388619214,risk_exit,simulated
2022-04-18,2022-04-15,110070.SH,-932.4912025626674,127.4,59.39968960324191,118799.37920648382,rebalance,simulated
2022-04-18,2022-04-15,110071.SH,842.4111370798371,127.74,53.80479932528919,107609.59865057838,rebalance,simulated
2022-04-18,2022-04-15,113017.SH,929.752882759447,115.74,53.80479932528919,107609.59865057838,rebalance,simulated
2022-04-18,2022-04-15,113039.SH,-51.20832973469214,125.45,3.2120424826085645,6424.084965217129,rebalance,simulated
2022-04-18,2022-04-15,113048.SH,-69.44825591825565,120.75,4.192938451064685,8385.87690212937,rebalance,simulated
2022-04-18,2022-04-15,113051.SH,-65.667605044722,124.26,4.079928301428578,8159.856602857156,rebalance,simulated
2022-04-18,2022-04-15,113519.SH,941.6310697460481,114.28,53.80479932528919,107609.59865057838,rebalance,simulated
2022-04-18,2022-04-15,113525.SH,788.175482682036,136.53,53.80479932528918,107609.59865057837,rebalance,simulated
2022-04-18,2022-04-15,113527.SH,-34.41848438827083,118.36,2.0368859060978677,4073.771812195735,rebalance,simulated
2022-04-18,2022-04-15,113545.SH,-42.06092509409143,128.01,2.6921095106473216,5384.219021294643,rebalance,simulated
2022-04-18,2022-04-15,123064.SZ,847.987381013226,126.9,53.80479932528919,107609.59865057838,rebalance,simulated
2022-04-18,2022-04-15,127013.SZ,-12.573731392667924,123.9,0.7789426597757779,1557.8853195515558,rebalance,simulated
2022-04-18,2022-04-15,127018.SZ,-83.29319913465713,120.5,5.018415247863092,10036.830495726184,rebalance,simulated
2022-04-18,2022-04-15,127019.SZ,-1074.9324378217557,108.0,58.04635164237481,116092.70328474962,rebalance,simulated
2022-04-18,2022-04-15,127029.SZ,-22.621509387158653,125.0,1.4138443366974158,2827.6886733948318,rebalance,simulated
2022-04-18,2022-04-15,127039.SZ,-103.35429193676464,122.0,6.304611808142643,12609.223616285286,rebalance,simulated
2022-04-18,2022-04-15,127042.SZ,-76.15192892674065,116.66,4.4419420142967825,8883.884028593564,rebalance,simulated
2022-04-18,2022-04-15,127045.SZ,856.7643204663884,125.6,53.80479932528919,107609.59865057838,rebalance,simulated
2022-04-18,2022-04-15,128133.SZ,-1011.7505259963234,113.9,57.61919245549063,115238.38491098124,rebalance,simulated
2022-04-18,2022-04-15,128141.SZ,-897.1701099719497,129.2,57.957189104187954,115914.3782083759,rebalance,simulated
2022-04-20,2022-04-19,127029.SZ,-860.876789204627,123.45,53.137619813655604,106275.23962731121,risk_exit,simulated
2022-04-25,2022-04-22,110071.SH,116.49248885962436,127.0,7.397273042586146,14794.546085172293,rebalance,simulated
2022-04-25,2022-04-22,113017.SH,-929.752882759447,112.06,52.094054021011814,104188.10804202362,rebalance,simulated
2022-04-25,2022-04-22,113039.SH,108.72522247138966,126.0,6.849689015697549,13699.378031395097,rebalance,simulated
2022-04-25,2022-04-22,113048.SH,158.65734177347292,116.0,9.20212582286143,18404.25164572286,rebalance,simulated
2022-04-25,2022-04-22,113051.SH,130.56570471149803,122.2,7.97756455787253,15955.12911574506,rebalance,simulated
2022-04-25,2022-04-22,113519.SH,-941.6310697460481,113.16,53.2774859262314,106554.9718524628,rebalance,simulated
2022-04-25,2022-04-22,113525.SH,79.20885132303238,140.4,5.560461362876873,11120.922725753746,rebalance,simulated
2022-04-25,2022-04-22,113527.SH,64.13969854545269,125.12,4.012579541003521,8025.1590820070405,rebalance,simulated
2022-04-25,2022-04-22,113545.SH,169.15640229813846,120.6,10.200131058577748,20400.262117155497,rebalance,simulated
2022-04-25,2022-04-22,123064.SZ,-847.987381013226,127.0,53.84719869433985,107694.3973886797,rebalance,simulated
2022-04-25,2022-04-22,123128.SZ,1166.5941229457956,104.39,60.890380247155804,121780.7604943116,rebalance,simulated
2022-04-25,2022-04-22,127013.SZ,106.27220433618447,124.93,6.6382932438597635,13276.586487719527,rebalance,simulated
2022-04-25,2022-04-22,127018.SZ,141.6451473710482,117.7,8.335816922786188,16671.633845572374,rebalance,simulated
2022-04-25,2022-04-22,127019.SZ,1126.7649934706847,108.08,60.890380247155804,121780.7604943116,rebalance,simulated
2022-04-25,2022-04-22,127027.SZ,-888.4110049358375,139.41,61.92668909905255,123853.3781981051,rebalance,simulated
2022-04-25,2022-04-22,127028.SZ,1061.085305343832,114.77,60.890380247155804,121780.7604943116,rebalance,simulated
2022-04-25,2022-04-22,127039.SZ,-882.0458905785113,117.5,51.82019607148754,103640.39214297508,rebalance,simulated
2022-04-25,2022-04-22,127042.SZ,171.25474406026024,111.35,9.534607875554988,19069.215751109976,rebalance,simulated
2022-04-25,2022-04-22,127045.SZ,102.13930547307302,127.0,6.485845897540138,12971.691795080274,rebalance,simulated
2022-04-25,2022-04-22,128128.SZ,948.5960468477302,128.38,60.890380247155804,121780.7604943116,rebalance,simulated
2022-05-05,2022-04-29,110071.SH,-958.9036259394614,127.3,61.03421579104672,122068.43158209344,rebalance,simulated
2022-05-05,2022-04-29,113039.SH,-966.5139721770762,128.58,62.137183271264234,124274.36654252847,rebalance,simulated
2022-05-05,2022-04-29,113048.SH,63.38649119953561,117.0,3.708109735172833,7416.219470345666,rebalance,simulated
2022-05-05,2022-04-29,113051.SH,53.808298305421204,124.0,3.3361144949361146,6672.228989872229,rebalance,simulated
2022-05-05,2022-04-29,113525.SH,-867.3843340050684,137.12,59.467869939387484,118935.73987877497,rebalance,simulated
2022-05-05,2022-04-29,113527.SH,138.29377541218605,117.17,8.101940832522919,16203.88166504584,rebalance,simulated
2022-05-05,2022-04-29,113545.SH,66.62923409634732,121.0,4.031068662829012,8062.1373256580255,rebalance,simulated
2022-05-05,2022-04-29,113641.SH,1115.7955461907789,116.73,65.12340705342481,130246.81410684962,rebalance,simulated
2022-05-05,2022-04-29,123128.SZ,104.10650248688376,102.5,5.335458252452792,10670.916504905585,rebalance,simulated
2022-05-05,2022-04-29,127013.SZ,20.978782596098767,130.8,1.3720123817848597,2744.024763569719,rebalance,simulated
2022-05-05,2022-04-29,127018.SZ,65.29378684482208,118.41,3.8657186501476914,7731.437300295383,rebalance,simulated
2022-05-05,2022-04-29,127019.SZ,98.04988434433903,106.34,5.213312350588507,10426.624701177014,rebalance,simulated
2022-05-05,2022-04-29,127027.SZ,1008.4144789938806,129.16,65.12340705342481,130246.81410684962,rebalance,simulated
2022-05-05,2022-04-29,127028.SZ,-1061.085305343832,114.0,60.481862404598424,120963.72480919685,rebalance,simulated
2022-05-05,2022-04-29,127042.SZ,-1093.6754422479714,109.0,59.60531160251444,119210.62320502888,rebalance,simulated
2022-05-05,2022-04-29,127045.SZ,91.47390718029362,124.0,5.671382245178204,11342.764490356409,rebalance,simulated
2022-05-05,2022-04-29,128128.SZ,18.918543160066633,134.62,1.2734071401040852,2546.81428020817,rebalance,simulated
2022-05-05,2022-04-29,128133.SZ,1159.8113455641105,112.3,65.1234070534248,130246.8141068496,rebalance,simulated
2022-05-05,2022-04-29,128141.SZ,996.9903100646787,130.64,65.12340705342481,130246.81410684962,rebalance,simulated
2022-05-06,2022-05-05,113048.SH,-1113.220633391877,116.98,65.11227484709089,130224.54969418178,risk_exit,simulated
2022-05-06,2022-05-05,127045.SZ,-1050.377533119755,123.48,64.85030889481368,129700.61778962736,risk_exit,simulated
2022-05-09,2022-05-06,110071.SH,1171.8168670590026,129.55,75.9044375637469,151808.87512749378,rebalance,simulated
2022-05-09,2022-05-06,110074.SH,1119.0393271966223,135.66,75.9044375637469,151808.87512749378,rebalance,simulated
2022-05-09,2022-05-06,113039.SH,1203.8768844369056,126.1,75.9044375637469,151808.87512749378,rebalance,simulated
2022-05-09,2022-05-06,113051.SH,179.34198998671536,123.45,11.069884331930007,22139.768663860013,rebalance,simulated
2022-05-09,2022-05-06,113527.SH,176.5478938833744,117.85,10.403084647077836,20806.169294155672,rebalance,simulated
2022-05-09,2022-05-06,113545.SH,182.56889534075822,120.58,11.007078700094313,22014.157400188626,rebalance,simulated
2022-05-09,2022-05-06,113641.SH,-1115.7955461907789,114.08,63.64497795472202,127289.95590944405,rebalance,simulated
2022-05-09,2022-05-06,123128.SZ,214.70911162694665,102.2,10.971635604136974,21943.27120827395,rebalance,simulated
2022-05-09,2022-05-06,127013.SZ,174.23984823274873,129.75,11.303810154099574,22607.620308199148,rebalance,simulated
2022-05-09,2022-05-06,127018.SZ,192.02577745853887,117.5,11.281514425689158,22563.028851378316,rebalance,simulated
2022-05-09,2022-05-06,127019.SZ,167.92709583170836,109.0,9.152026722828104,18304.05344565621,rebalance,simulated
2022-05-09,2022-05-06,127027.SZ,160.2450677920607,129.9,10.407917153094342,20815.834306188684,rebalance,simulated
2022-05-09,2022-05-06,128119.SZ,1195.6279052334708,126.97,75.9044375637469,151808.87512749378,rebalance,simulated
2022-05-09,2022-05-06,128128.SZ,-967.5145900077969,137.92,66.71980612693767,133439.61225387533,rebalance,simulated
2022-05-09,2022-05-06,128133.SZ,-1159.8113455641105,113.39,65.75550423675725,131511.0084735145,rebalance,simulated
2022-05-09,2022-05-06,128141.SZ,-996.9903100646787,127.25,63.43350847786519,126867.01695573037,rebalance,simulated
2022-05-16,2022-05-13,110071.SH,120.792997974831,132.6,8.008575765731294,16017.151531462589,rebalance,simulated
2022-05-16,2022-05-13,110074.SH,-1119.0393271966223,159.86,89.44481342282603,178889.62684565206,rebalance,simulated
2022-05-16,2022-05-13,113039.SH,81.9450818308087,133.3,5.4616397040234,10923.279408046801,rebalance,simulated
2022-05-16,2022-05-13,113051.SH,89.96070559299324,129.88,5.842048221208981,11684.096442417962,rebalance,simulated
2022-05-16,2022-05-13,113527.SH,-1288.153374013524,121.3,78.12650213392023,156253.00426784044,rebalance,simulated
2022-05-16,2022-05-13,113545.SH,-1258.988846637036,122.0,76.79831964485919,153596.63928971838,rebalance,simulated
2022-05-16,2022-05-13,113641.SH,1439.610852540621,119.06,85.70003405174316,171400.06810348632,rebalance,simulated
2022-05-16,2022-05-13,123128.SZ,193.99520222595424,102.06,9.899575169590445,19799.15033918089,rebalance,simulated
2022-05-16,2022-05-13,127013.SZ,72.01888072565475,138.0,4.969302770070178,9938.605540140356,rebalance,simulated
2022-05-16,2022-05-13,127018.SZ,171.71638895507544,117.1,10.053994573319667,20107.989146639335,rebalance,simulated
2022-05-16,2022-05-13,127019.SZ,183.35060661521106,108.75,9.969689234702102,19939.378469404204,rebalance,simulated
2022-05-16,2022-05-13,127027.SZ,131.79620513732357,131.8,8.685369918549625,17370.73983709925,rebalance,simulated
2022-05-16,2022-05-13,128119.SZ,151.85690690085562,127.2,9.658099278894417,19316.198557788834,rebalance,simulated
2022-05-16,2022-05-13,128141.SZ,1288.7223165675664,133.0,85.70003405174316,171400.06810348632,rebalance,simulated
2022-05-23,2022-05-20,110071.SH,-16.89196756001388,135.67,1.1458666194335414,2291.733238867083,rebalance,simulated
2022-05-23,2022-05-20,113039.SH,-1285.8219662677143,134.97,86.7736953935767,173547.3907871534,rebalance,simulated
2022-05-23,2022-05-20,113051.SH,-18.352054637259698,133.0,1.22041163337777,2440.82326675554,rebalance,simulated
2022-05-23,2022-05-20,113527.SH,1408.501360272405,122.88,86.53832357513656,173076.64715027311,rebalance,simulated
2022-05-23,2022-05-20,113641.SH,-6.857150965512346,120.8,0.4141719183169457,828.3438366338914,rebalance,simulated
2022-05-23,2022-05-20,123128.SZ,-11.999860766571373,103.8,0.6227927737850543,1245.5855475701085,rebalance,simulated
2022-05-23,2022-05-20,127013.SZ,37.64998235908615,135.25,2.546080057033201,5092.1601140664025,rebalance,simulated
2022-05-23,2022-05-20,127018.SZ,18.74840627183721,116.75,1.0944382161184971,2188.8764322369943,rebalance,simulated
2022-05-23,2022-05-20,127019.SZ,26.46896742577087,108.0,1.429324240991627,2858.648481983254,rebalance,simulated
2022-05-23,2022-05-20,127027.SZ,-46.27714938505392,138.0,3.1931233075687206,6386.246615137441,rebalance,simulated
2022-05-23,2022-05-20,127042.SZ,1555.0462457347091,111.3,86.53832357513656,173076.64715027311,rebalance,simulated
2022-05-23,2022-05-20,128119.SZ,29.636823370711,125.68,1.8623779806154794,3724.7559612309587,rebalance,simulated
2022-05-23,2022-05-20,128141.SZ,-1288.7223165675664,134.85,86.89210219456815,173784.2043891363,rebalance,simulated
2022-05-30,2022-05-27,110071.SH,-1275.7178974738197,141.8,90.44839893089382,180896.79786178764,rebalance,simulated
2022-05-30,2022-05-27,113039.SH,1292.270841072538,134.11,86.65322124811904,173306.44249623807,rebalance,simulated
2022-05-30,2022-05-27,113051.SH,11.599420606266222,132.0,0.7655617600135707,1531.1235200271412,rebalance,simulated
2022-05-30,2022-05-27,113527.SH,46.63249779844364,119.1,2.7769652438973185,5553.930487794637,rebalance,simulated
2022-05-30,2022-05-27,113641.SH,22.38015649574004,119.1,1.3327383193213194,2665.4766386426386,rebalance,simulated
2022-05-30,2022-05-27,123128.SZ,0.767435642489545,103.89,0.03986444444911942,79.72888889823884,rebalance,simulated
2022-05-30,2022-05-27,127013.SZ,24.847768560426175,132.85,1.6505130266263086,3301.026053252617,rebalance,simulated
2022-05-30,2022-05-27,127018.SZ,5.281429338521548,116.49,0.3076168518221875,615.233703644375,rebalance,simulated
2022-05-30,2022-05-27,127019.SZ,-18.11793371589033,109.38,0.9908697949220422,1981.7395898440843,rebalance,simulated
2022-05-30,2022-05-27,127027.SZ,-1254.178602538211,142.01,89.05295167322566,178105.90334645132,rebalance,simulated
2022-05-30,2022-05-27,127039.SZ,1427.0952115961634,121.44,86.65322124811904,173306.44249623807,rebalance,simulated
2022-05-30,2022-05-27,127042.SZ,-1555.0462457347091,111.48,86.6782777372527,173356.55547450538,rebalance,simulated
2022-05-30,2022-05-27,128119.SZ,2.4870454075407906,125.62,0.15621132204763705,312.4226440952741,rebalance,simulated
2022-05-30,2022-05-27,128141.SZ,1283.656340243227,135.01,86.65322124811904,173306.44249623807,rebalance,simulated
2022-06-06,2022-06-02,110071.SH,1397.4748525983164,137.32,95.9506233794004,191901.2467588008,rebalance,simulated
2022-06-06,2022-06-02,113039.SH,-1292.270841072538,138.29,89.35406730596064,178708.13461192127,rebalance,simulated
2022-06-06,2022-06-02,113051.SH,-1312.9275946684702,138.49,90.91367129281822,181827.34258563645,rebalance,simulated
2022-06-06,2022-06-02,113527.SH,150.8687091632362,119.49,9.013651028957545,18027.30205791509,rebalance,simulated
2022-06-06,2022-06-02,113641.SH,-1455.1338580708486,122.49,89.11967313754913,178239.34627509824,rebalance,simulated
2022-06-06,2022-06-02,123128.SZ,185.94581201048982,103.5,9.62269577154285,19245.391543085698,rebalance,simulated
2022-06-06,2022-06-02,127013.SZ,149.27009400002612,132.0,9.851826204001723,19703.652408003447,rebalance,simulated
2022-06-06,2022-06-02,127018.SZ,151.04427758617817,117.1,8.84364245267073,17687.28490534146,rebalance,simulated
2022-06-06,2022-06-02,127019.SZ,192.4197819429985,108.0,10.390668224921919,20781.33644984384,rebalance,simulated
2022-06-06,2022-06-02,127027.SZ,1388.5763151866918,138.2,95.9506233794004,191901.2467588008,rebalance,simulated
2022-06-06,2022-06-02,127039.SZ,164.12573996934907,120.6,9.89678212015175,19793.564240303498,rebalance,simulated
2022-06-06,2022-06-02,127042.SZ,1736.820044880087,110.49,95.9506233794004,191901.2467588008,rebalance,simulated
2022-06-06,2022-06-02,128119.SZ,175.50677094156094,123.4,10.82876776709431,21657.53553418862,rebalance,simulated
2022-06-06,2022-06-02,128141.SZ,-1283.656340243227,135.84,87.18593862931998,174371.87725863996,rebalance,simulated
2022-06-09,2022-06-08,127013.SZ,-1453.797323930309,141.0,102.49271133708677,204985.42267417355,risk_exit,simulated
2022-06-13,2022-06-10,110071.SH,-1397.4748525983164,148.48,103.748533056899,207497.066113798,rebalance,simulated
2022-06-13,2022-06-10,110077.SH,1509.0081116615643,132.5,99.97178739757864,199943.57479515727,rebalance,simulated
2022-06-13,2022-06-10,113527.SH,-1606.0025672340848,120.46,96.72953462450893,193459.06924901786,rebalance,simulated
2022-06-13,2022-06-10,113641.SH,1611.0190540259227,124.11,99.97178739757864,199943.57479515727,rebalance,simulated
2022-06-13,2022-06-10,123091.SZ,1523.960173743577,131.2,99.97178739757864,199943.57479515727,rebalance,simulated
2022-06-13,2022-06-10,123128.SZ,30.363999889814522,106.1,1.6108101941546604,3221.620388309321,rebalance,simulated
2022-06-13,2022-06-10,127018.SZ,37.8947508553797,119.25,2.2594745197520147,4518.949039504029,rebalance,simulated
2022-06-13,2022-06-10,127019.SZ,23.61904258276695,111.05,1.311447339408135,2622.89467881627,rebalance,simulated
2022-06-13,2022-06-10,127020.SZ,1651.0617241548907,121.1,99.97178739757864,199943.57479515727,rebalance,simulated
2022-06-13,2022-06-10,127027.SZ,-1388.5763151866918,158.33,109.92664399175446,219853.28798350893,rebalance,simulated
2022-06-13,2022-06-10,127039.SZ,-1591.2209515655125,123.5,98.25789375917039,196515.78751834077,rebalance,simulated
2022-06-13,2022-06-10,127042.SZ,71.4785423963649,110.57,3.9516912163830336,7903.382432766067,rebalance,simulated
2022-06-13,2022-06-10,128119.SZ,27.96906750577591,126.3,1.7662466129897487,3532.4932259794973,rebalance,simulated
2022-06-20,2022-06-17,110071.SH,1492.8643037557852,134.47,100.37273146302022,200745.46292604043,rebalance,simulated
2022-06-20,2022-06-17,110077.SH,-1509.0081116615643,131.48,99.20219326063123,198404.38652126247,rebalance,simulated
2022-06-20,2022-06-17,113641.SH,-1611.0190540259227,130.33,104.98205665559927,209964.11331119854,rebalance,simulated
2022-06-20,2022-06-17,123091.SZ,2.621293374601237,131.5,0.17235003938003132,344.70007876006264,rebalance,simulated
2022-06-20,2022-06-17,123128.SZ,18.31827039355676,105.5,0.966288763260119,1932.577526520238,rebalance,simulated
2022-06-20,2022-06-17,127018.SZ,34.709341058396376,117.3,2.0357028530749472,4071.4057061498947,rebalance,simulated
2022-06-20,2022-06-17,127019.SZ,-24.75963508281302,113.05,1.3995383730560058,2799.0767461120117,rebalance,simulated
2022-06-20,2022-06-17,127020.SZ,-1651.0617241548907,119.45,98.60966147515084,197219.3229503017,rebalance,simulated
2022-06-20,2022-06-17,127031.SZ,1574.4742190277682,127.5,100.37273146302022,200745.46292604043,rebalance,simulated
2022-06-20,2022-06-17,127036.SZ,1509.3643829025596,133.0,100.37273146302022,200745.46292604043,rebalance,simulated
2022-06-20,2022-06-17,127042.SZ,-17.687018941419865,112.11,0.9914458467612906,1982.8916935225811,rebalance,simulated
2022-06-20,2022-06-17,128119.SZ,1.206088532441072,126.71,0.07641173897280412,152.82347794560823,rebalance,simulated
2022-06-21,2022-06-20,110071.SH,-1492.8643037557852,133.02,99.29040484279727,198580.80968559455,risk_exit,simulated
2022-06-27,2022-06-24,113545.SH,1588.943018816793,126.89,100.81048982883144,201620.97965766286,rebalance,simulated
2022-06-27,2022-06-24,123091.SZ,-56.07618188980064,137.11,3.844302649455283,7688.6052989105665,rebalance,simulated
2022-06-27,2022-06-24,123128.SZ,13.566475663858,105.21,0.7136644522972501,1427.3289045945,rebalance,simulated
2022-06-27,2022-06-24,127018.SZ,16.301180325893938,116.7,0.9511738720159114,1902.3477440318227,rebalance,simulated
2022-06-27,2022-06-24,127019.SZ,43.961128513589074,110.8,2.4354465196528343,4870.893039305669,rebalance,simulated
2022-06-27,2022-06-24,127020.SZ,1723.256236390281,117.0,100.81048982883144,201620.97965766286,rebalance,simulated
2022-06-27,2022-06-24,127031.SZ,-1574.4742190277682,126.1,99.27059950970079,198541.19901940157,rebalance,simulated
2022-06-27,2022-06-24,127036.SZ,-1509.3643829025596,137.3,103.61786488626072,207235.72977252144,rebalance,simulated
2022-06-27,2022-06-24,127039.SZ,1662.1680103682017,121.3,100.81048982883144,201620.97965766286,rebalance,simulated
2022-06-27,2022-06-24,127042.SZ,-1790.611568335032,112.8,100.9904924540958,201980.9849081916,rebalance,simulated
2022-06-27,2022-06-24,128119.SZ,-16.7196262591508,128.62,1.075239164725988,2150.478329451976,rebalance,simulated
2022-06-27,2022-06-24,128130.SZ,1652.6309808005153,122.0,100.81048982883144,201620.97965766286,rebalance,simulated
2022-07-04,2022-07-01,110057.SH,1682.1014259644478,120.66,101.48117902843514,202962.35805687026,rebalance,simulated
2022-07-04,2022-07-01,113545.SH,-26.25162632472143,129.88,1.7047806135274095,3409.561227054819,rebalance,simulated
2022-07-04,2022-07-01,123091.SZ,-1470.5052852283775,140.31,103.16329828519683,206326.59657039365,rebalance,simulated
2022-07-04,2022-07-01,123128.SZ,5.98903753100285,105.58,0.3161612912616405,632.322582523281,rebalance,simulated
2022-07-04,2022-07-01,127018.SZ,-15.068210485339023,118.51,0.8928668123087639,1785.7336246175278,rebalance,simulated
2022-07-04,2022-07-01,127019.SZ,21.077523330752,110.26,1.162003861224358,2324.007722448716,rebalance,simulated
2022-07-04,2022-07-01,127020.SZ,-6.0013243260600575,118.19,0.3546482610485191,709.2965220970382,rebalance,simulated
2022-07-04,2022-07-01,127039.SZ,-1662.1680103682017,122.69,101.96569659603733,203931.39319207467,rebalance,simulated
2022-07-04,2022-07-01,127042.SZ,1748.9216549493344,116.05,101.48117902843514,202962.35805687026,rebalance,simulated
2022-07-04,2022-07-01,128119.SZ,-1567.5709816332053,125.7,98.52183619564696,197043.67239129392,rebalance,simulated
2022-07-04,2022-07-01,128130.SZ,-6.545351791024132,123.3,0.40352093791663773,807.0418758332754,rebalance,simulated
2022-07-04,2022-07-01,128133.SZ,1622.4009437000022,125.1,101.48117902843514,202962.35805687026,rebalance,simulated
2022-07-11,2022-07-08,110057.SH,-1682.1014259644478,120.12,101.02701164342473,202054.02328684946,rebalance,simulated
2022-07-11,2022-07-08,113054.SH,1816.3033530432804,110.65,100.48698300711949,200973.96601423898,rebalance,simulated
2022-07-11,2022-07-08,113545.SH,13.822303885704969,127.48,0.8810336496748347,1762.0672993496694,rebalance,simulated
2022-07-11,2022-07-08,123128.SZ,-8.136031411921522,104.99,0.42710096896882027,854.2019379376405,rebalance,simulated
2022-07-11,2022-07-08,127018.SZ,7.313254785081426,116.85,0.4272769108183823,854.5538216367646,rebalance,simulated
2022-07-11,2022-07-08,127019.SZ,-9.563587247828082,109.75,0.524801850224566,1049.603700449132,rebalance,simulated
2022-07-11,2022-07-08,127020.SZ,-21.272076501022866,118.5,1.2603705326856047,2520.7410653712095,rebalance,simulated
2022-07-11,2022-07-08,127031.SZ,1531.8137653524313,131.2,100.48698300711949,200973.96601423898,rebalance,simulated
2022-07-11,2022-07-08,127042.SZ,26.466737402599847,113.2,1.4980173369871514,2996.0346739743027,rebalance,simulated
2022-07-11,2022-07-08,128130.SZ,6.932680040015157,121.58,0.4214376196325214,842.8752392650428,rebalance,simulated
2022-07-11,2022-07-08,128133.SZ,-1622.4009437000022,123.6,100.26437832066014,200528.75664132027,rebalance,simulated
2022-07-18,2022-07-15,113054.SH,-1816.3033530432804,110.38,100.24178205445864,200483.5641089173,rebalance,simulated
2022-07-18,2022-07-15,113059.SH,1543.380717205752,128.0,98.77636590116813,197552.73180233626,rebalance,simulated
2022-07-18,2022-07-15,113545.SH,-1576.5136963777766,123.3,97.19206938168993,194384.13876337986,rebalance,simulated
2022-07-18,2022-07-15,123128.SZ,-11.014569545271115,103.8,0.5716561593995708,1143.3123187991416,rebalance,simulated
2022-07-18,2022-07-15,127018.SZ,4.817591799883985,114.54,0.27590348237935586,551.8069647587117,rebalance,simulated
2022-07-18,2022-07-15,127019.SZ,-14.955045520379144,108.77,0.8133301506258198,1626.6603012516396,rebalance,simulated
2022-07-18,2022-07-15,127020.SZ,33.1439198183009,114.25,1.893346419620439,3786.692839240878,rebalance,simulated
2022-07-18,2022-07-15,127027.SZ,1437.7928078772652,137.4,98.77636590116813,197552.73180233626,rebalance,simulated
2022-07-18,2022-07-15,127031.SZ,3.172495737982672,128.7,0.20415010073918494,408.30020147836984,rebalance,simulated
2022-07-18,2022-07-15,127042.SZ,4.365948209653652,111.0,0.2423101256357777,484.6202512715554,rebalance,simulated
2022-07-18,2022-07-15,128130.SZ,2.9140614646282756,119.3,0.17382376636507663,347.6475327301533,rebalance,simulated
2022-07-18,2022-07-15,128133.SZ,1632.6672049779856,121.0,98.77636590116813,197552.73180233626,rebalance,simulated
2022-07-25,2022-07-22,110077.SH,1520.1423582933146,131.49,99.94175934599399,199883.51869198796,rebalance,simulated
2022-07-25,2022-07-22,113059.SH,-1543.380717205752,128.45,99.12362656253941,198247.25312507883,rebalance,simulated
2022-07-25,2022-07-22,113634.SH,1452.641850959215,137.6,99.94175934599399,199883.51869198796,rebalance,simulated
2022-07-25,2022-07-22,123128.SZ,-16.978098180732104,105.97,0.8995845321060905,1799.169064212181,rebalance,simulated
2022-07-25,2022-07-22,127018.SZ,2.405044271090901,115.73,0.139167886746675,278.33577349334996,rebalance,simulated
2022-07-25,2022-07-22,127019.SZ,-54.53368542068279,113.46,3.0936959739153345,6187.391947830669,rebalance,simulated
2022-07-25,2022-07-22,127020.SZ,-19.259187443193014,116.9,1.1256995060546318,2251.3990121092634,rebalance,simulated
2022-07-25,2022-07-22,127027.SZ,34.103500605709314,135.8,2.3156276911276628,4631.2553822553255,rebalance,simulated
2022-07-25,2022-07-22,127031.SZ,-1534.986261090414,127.2,97.62512620535033,195250.25241070066,rebalance,simulated
2022-07-25,2022-07-22,127042.SZ,-4.747514418368382,112.61,0.2673087993262318,534.6175986524636,rebalance,simulated
2022-07-25,2022-07-22,128130.SZ,-4.821196782200332,121.06,0.2918270412265861,583.6540824531721,rebalance,simulated
2022-07-25,2022-07-22,128133.SZ,-3.6246728509443074,122.7,0.22237367940543326,444.7473588108665,rebalance,simulated
2022-08-01,2022-07-29,110077.SH,-1520.1423582933146,130.6,99.26529599655345,198530.59199310688,rebalance,simulated
2022-08-01,2022-07-29,113634.SH,-1452.641850959215,144.0,104.59021326906348,209180.42653812695,rebalance,simulated
2022-08-01,2022-07-29,113638.SH,1550.233636498663,131.38,101.83484758159716,203669.69516319432,rebalance,simulated
2022-08-01,2022-07-29,123091.SZ,1528.8222126046714,133.22,101.83484758159716,203669.69516319432,rebalance,simulated
2022-08-01,2022-07-29,123128.SZ,7.493604487186758,107.55,0.4029685812984679,805.9371625969358,rebalance,simulated
2022-08-01,2022-07-29,127018.SZ,18.9854804454003,116.64,1.1072332195757453,2214.4664391514907,rebalance,simulated
2022-08-01,2022-07-29,127019.SZ,-57.36022357069305,119.5,3.42727335834891,6854.54671669782,rebalance,simulated
2022-08-01,2022-07-29,127020.SZ,3.946763626775919,118.84,0.2345166947030251,469.0333894060502,rebalance,simulated
2022-08-01,2022-07-29,127027.SZ,-17.839799857327762,140.07,1.24941038300795,2498.8207660158996,rebalance,simulated
2022-08-01,2022-07-29,127039.SZ,1668.056471443033,122.1,101.83484758159716,203669.69516319432,rebalance,simulated
2022-08-01,2022-07-29,127042.SZ,-1775.0068261432195,113.51,100.74051241775844,201481.02483551687,rebalance,simulated
2022-08-01,2022-07-29,128130.SZ,-1651.1111737319343,124.45,102.74039278546961,205480.78557093922,rebalance,simulated
2022-08-01,2022-07-29,128133.SZ,44.49645853190941,121.7,2.707609501666688,5415.219003333375,rebalance,simulated
2022-08-08,2022-08-05,113638.SH,-1550.233636498663,128.81,99.8427973586964,199685.59471739279,rebalance,simulated
2022-08-08,2022-08-05,123091.SZ,-1528.8222126046714,131.75,100.71116325533274,201422.32651066547,rebalance,simulated
2022-08-08,2022-08-05,123128.SZ,-12.893295673443845,107.45,0.6926923100557706,1385.3846201115412,rebalance,simulated
2022-08-08,2022-08-05,127018.SZ,-5.292273861728745,116.09,0.307190036304045,614.38007260809,rebalance,simulated
2022-08-08,2022-08-05,127019.SZ,-25.819524449842902,120.4,1.5543353718805428,3108.6707437610858,rebalance,simulated
2022-08-08,2022-08-05,127020.SZ,-3.753928437794457,118.18,0.22181963138927446,443.6392627785489,rebalance,simulated
2022-08-08,2022-08-05,127027.SZ,28.664976639084216,136.3,1.9535181579535896,3907.036315907179,rebalance,simulated
2022-08-08,2022-08-05,127039.SZ,16.068015570157286,120.0,0.9640809342094372,1928.1618684188743,rebalance,simulated
2022-08-08,2022-08-05,127042.SZ,1800.88164713583,112.22,101.04746922079143,202094.93844158284,rebalance,simulated
2022-08-08,2022-08-05,128130.SZ,1666.075337523354,121.3,101.04746922079143,202094.93844158284,rebalance,simulated
2022-08-08,2022-08-05,128133.SZ,-1673.5389906589508,122.19,102.2448646343086,204489.7292686172,rebalance,simulated
2022-08-15,2022-08-12,113631.SH,1718.6758573452983,119.9,103.03461764785064,206069.23529570128,rebalance,simulated
2022-08-15,2022-08-12,123128.SZ,-1.8340538231545906,109.67,0.10057034139268198,201.14068278536396,rebalance,simulated
2022-08-15,2022-08-12,127018.SZ,16.673042491102706,117.25,0.9774571160408961,1954.9142320817923,rebalance,simulated
2022-08-15,2022-08-12,127019.SZ,24.52214231974085,121.0,1.4835896103443216,2967.179220688643,rebalance,simulated
2022-08-15,2022-08-12,127020.SZ,-14.156894809442974,121.51,0.8601021441477079,1720.2042882954158,rebalance,simulated
2022-08-15,2022-08-12,127027.SZ,-1482.721485264731,147.9,109.64725383532686,219294.50767065372,rebalance,simulated
2022-08-15,2022-08-12,127039.SZ,7.324542747142004,121.83,0.4461745214421552,892.3490428843104,rebalance,simulated
2022-08-15,2022-08-12,127042.SZ,5.475604754959704,114.08,0.31232849522290157,624.6569904458031,rebalance,simulated
2022-08-15,2022-08-12,128130.SZ,-1666.075337523354,123.5,102.8801520920671,205760.3041841342,rebalance,simulated
2022-08-15,2022-08-12,128133.SZ,1657.8377738994473,124.3,103.03461764785064,206069.23529570128,rebalance,simulated
2022-08-22,2022-08-19,113545.SH,1629.4138531188528,125.3,102.08277789789614,204165.55579579226,rebalance,simulated
2022-08-22,2022-08-19,113631.SH,-1718.6758573452983,121.0,103.97988936939055,207959.77873878108,rebalance,simulated
2022-08-22,2022-08-19,123128.SZ,-2.4720129680285936,108.8,0.1344775054607555,268.95501092151096,rebalance,simulated
2022-08-22,2022-08-19,127018.SZ,-2.012342011848432,116.3,0.11701768798898632,234.03537597797262,rebalance,simulated
2022-08-22,2022-08-19,127019.SZ,16.961575587537254,118.7,1.006669511120336,2013.3390222406722,rebalance,simulated
2022-08-22,2022-08-19,127020.SZ,22.661776158521434,118.8,1.3461095038161732,2692.2190076323463,rebalance,simulated
2022-08-22,2022-08-19,127039.SZ,-1691.4490297603322,119.55,101.10636575392387,202212.73150784773,rebalance,simulated
2022-08-22,2022-08-19,127042.SZ,-1.1799238996998156,113.1,0.06672469652802457,133.44939305604913,rebalance,simulated
2022-08-22,2022-08-19,128130.SZ,1685.9253162328016,121.1,102.08277789789614,204165.55579579226,rebalance,simulated
2022-08-22,2022-08-19,128133.SZ,9.636546549689228,122.44,0.5899493797719746,1179.8987595439492,rebalance,simulated
2022-08-29,2022-08-26,110087.SH,1691.5778472228,120.34,101.78223906739589,203564.47813479177,rebalance,simulated
2022-08-29,2022-08-26,113545.SH,-1629.4138531188528,125.98,102.63677860795654,205273.55721591308,rebalance,simulated
2022-08-29,2022-08-26,113631.SH,1697.643884036292,119.91,101.78223906739589,203564.47813479177,rebalance,simulated
2022-08-29,2022-08-26,123091.SZ,1565.8806010368598,130.0,101.78223906739589,203564.47813479177,rebalance,simulated
2022-08-29,2022-08-26,123128.SZ,4.502909789962359,108.22,0.24365244873486328,487.30489746972654,rebalance,simulated
2022-08-29,2022-08-26,127018.SZ,-0.6415976247233175,116.0,0.037212662233952414,74.42532446790483,rebalance,simulated
2022-08-29,2022-08-26,127019.SZ,-23.642455833704616,120.0,1.418547350022277,2837.094700044554,rebalance,simulated
2022-08-29,2022-08-26,127020.SZ,-1718.5652844763658,118.86,102.13433485643041,204268.66971286084,rebalance,simulated
2022-08-29,2022-08-26,127039.SZ,1689.3317687534586,120.5,101.78223906739589,203564.47813479177,rebalance,simulated
2022-08-29,2022-08-26,127042.SZ,7.345850130108374,112.31,0.4125062140562358,825.0124281124715,rebalance,simulated
2022-08-29,2022-08-26,128075.SZ,1664.7405801013392,122.28,101.78223906739589,203564.47813479177,rebalance,simulated
2022-08-29,2022-08-26,128130.SZ,-1685.9253162328016,119.9,101.07122270815647,202142.44541631293,rebalance,simulated
2022-08-29,2022-08-26,128133.SZ,-1667.4743204491365,120.05,100.09014608495941,200180.29216991883,rebalance,simulated
2022-08-30,2022-08-29,127042.SZ,-1812.5231781211983,112.36,101.82755214684892,203655.10429369783,risk_exit,simulated
2022-09-05,2022-09-02,110070.SH,1293.778081413977,120.38,77.87250272030727,155745.00544061454,rebalance,simulated
2022-09-05,2022-09-02,110087.SH,-401.550468438616,120.73,24.239594027297056,48479.18805459411,rebalance,simulated
2022-09-05,2022-09-02,113039.SH,1145.1838635339304,136.0,77.87250272030727,155745.00544061454,rebalance,simulated
2022-09-05,2022-09-02,113048.SH,1235.7772390749387,126.03,77.87250272030727,155745.00544061454,rebalance,simulated
2022-09-05,2022-09-02,113619.SH,1254.389541242063,124.16,77.87250272030727,155745.00544061454,rebalance,simulated
2022-09-05,2022-09-02,113631.SH,-1697.643884036292,119.03,101.03527575841993,202070.55151683986,rebalance,simulated
2022-09-05,2022-09-02,123091.SZ,-1565.8806010368598,127.65,99.94232936117758,199884.65872235518,rebalance,simulated
2022-09-05,2022-09-02,123128.SZ,-416.1543079924761,106.32,22.122763012880032,44245.52602576006,rebalance,simulated
2022-09-05,2022-09-02,127018.SZ,-405.2560916783964,115.4,23.383276489843475,46766.552979686945,rebalance,simulated
2022-09-05,2022-09-02,127019.SZ,-394.69906365469365,119.65,23.612871483142047,47225.742966284095,rebalance,simulated
2022-09-05,2022-09-02,127020.SZ,1324.2496848959659,117.61,77.87250272030727,155745.00544061454,rebalance,simulated
2022-09-05,2022-09-02,127027.SZ,1131.0457911446226,137.7,77.87250272030727,155745.00544061454,rebalance,simulated
2022-09-05,2022-09-02,127039.SZ,-1689.3317687534586,120.2,101.52883930208287,203057.67860416573,rebalance,simulated
2022-09-05,2022-09-02,128075.SZ,-1664.7405801013392,122.4,101.88212350220196,203764.24700440394,rebalance,simulated
2022-09-05,2022-09-02,128081.SZ,1278.1699256513298,121.85,77.87250272030727,155745.00544061454,rebalance,simulated
2022-09-05,2022-09-02,128128.SZ,1120.4676650403924,139.0,77.87250272030727,155745.00544061454,rebalance,simulated
2022-09-05,2022-09-02,128130.SZ,1317.082498440715,118.25,77.87250272030727,155745.00544061454,rebalance,simulated
2022-09-13,2022-09-09,110070.SH,-1293.778081413977,123.13,79.65144758225148,159302.89516450296,rebalance,simulated
2022-09-13,2022-09-09,110087.SH,-1290.027378784184,123.21,79.47213666999966,158944.27333999932,rebalance,simulated
2022-09-13,2022-09-09,113039.SH,-1145.1838635339304,143.0,81.88064624267602,163761.29248535205,rebalance,simulated
2022-09-13,2022-09-09,113048.SH,20.232356391641815,126.45,1.279190732861554,2558.381465723108,rebalance,simulated
2022-09-13,2022-09-09,113545.SH,1247.6230427867174,127.3,79.41120667337456,158822.41334674912,rebalance,simulated
2022-09-13,2022-09-09,113619.SH,46.15429553118565,122.12,2.8181812851341963,5636.362570268392,rebalance,simulated
2022-09-13,2022-09-09,113631.SH,1319.561426942083,120.36,79.41120667337456,158822.41334674912,rebalance,simulated
2022-09-13,2022-09-09,123128.SZ,1.9048966350496812,108.28,0.10313110382158974,206.2622076431795,rebalance,simulated
2022-09-13,2022-09-09,127018.SZ,13.672418859072422,116.5,0.7964183985409686,1592.8367970819372,rebalance,simulated
2022-09-13,2022-09-09,127019.SZ,-0.5950465760574843,122.07,0.03631866776966856,72.63733553933712,rebalance,simulated
2022-09-13,2022-09-09,127020.SZ,-19.539150543307414,121.73,1.189250397818406,2378.5007956368117,rebalance,simulated
2022-09-13,2022-09-09,127027.SZ,63.1076926655212,133.0,4.19666156225716,8393.32312451432,rebalance,simulated
2022-09-13,2022-09-09,127039.SZ,1311.4980458030482,121.1,79.41120667337456,158822.41334674912,rebalance,simulated
2022-09-13,2022-09-09,128081.SZ,-56.459053753259695,130.0,3.66983849396188,7339.67698792376,rebalance,simulated
2022-09-13,2022-09-09,128128.SZ,-1120.4676650403924,146.45,82.04624477258272,164092.48954516544,rebalance,simulated
2022-09-13,2022-09-09,128130.SZ,-1317.082498440715,120.0,79.0249499064429,158049.8998128858,rebalance,simulated
2022-09-13,2022-09-09,128133.SZ,1300.650342697151,122.11,79.41120667337456,158822.41334674912,rebalance,simulated
2022-09-13,2022-09-09,128134.SZ,1230.3231338349144,129.09,79.41120667337456,158822.41334674912,rebalance,simulated
2022-09-19,2022-09-16,113048.SH,-65.12115189688507,120.15,3.9121532002053705,7824.306400410741,rebalance,simulated
2022-09-19,2022-09-16,113051.SH,1039.108543899048,137.7,71.54262324744946,143085.24649489892,rebalance,simulated
2022-09-19,2022-09-16,113545.SH,-1247.6230427867174,125.58,78.33825085657799,156676.50171315597,rebalance,simulated
2022-09-19,2022-09-16,113619.SH,-77.0701600319153,116.95,4.506677607866247,9013.355215732494,rebalance,simulated
2022-09-19,2022-09-16,113631.SH,-86.06792267571291,116.0,4.991939515191349,9983.879030382697,rebalance,simulated
2022-09-19,2022-09-16,123064.SZ,1268.823680898279,112.77,71.54262324744946,143085.24649489892,rebalance,simulated
2022-09-19,2022-09-16,123128.SZ,-124.51205064000919,106.6,6.63649229911249,13272.984598224979,rebalance,simulated
2022-09-19,2022-09-16,127018.SZ,-126.5906727523934,115.7,7.323270418725959,14646.540837451917,rebalance,simulated
2022-09-19,2022-09-16,127019.SZ,-90.84862500907525,118.23,5.370516467411484,10741.032934822968,rebalance,simulated
2022-09-19,2022-09-16,127020.SZ,-1304.7105343526584,118.2,77.10839258024211,154216.78516048423,rebalance,simulated
2022-09-19,2022-09-16,127027.SZ,-64.4736599123155,126.66,4.083116882246941,8166.233764493881,rebalance,simulated
2022-09-19,2022-09-16,127039.SZ,-113.43016926533642,119.43,6.773482557679565,13546.96511535913,rebalance,simulated
2022-09-19,2022-09-16,128081.SZ,-73.44631451985879,124.61,4.576072626159802,9152.145252319604,rebalance,simulated
2022-09-19,2022-09-16,128128.SZ,1048.2435640651936,136.5,71.54262324744946,143085.24649489892,rebalance,simulated
2022-09-19,2022-09-16,128130.SZ,1197.9675694482496,119.44,71.54262324744946,143085.24649489892,rebalance,simulated
2022-09-19,2022-09-16,128133.SZ,-1300.650342697151,119.0,77.38869539048048,154777.39078096097,rebalance,simulated
2022-09-19,2022-09-16,128134.SZ,-88.38182102646329,125.3,5.537121087307924,11074.242174615849,rebalance,simulated
2022-09-26,2022-09-23,110077.SH,1117.5530975725512,128.29,71.6854434437913,143370.8868875826,rebalance,simulated
2022-09-26,2022-09-23,110085.SH,1107.1110956570085,129.5,71.6854434437913,143370.8868875826,rebalance,simulated
2022-09-26,2022-09-23,113048.SH,2.8741450030156557,120.1,0.17259240743109014,345.18481486218025,rebalance,simulated
2022-09-26,2022-09-23,113051.SH,11.227623775549773,136.5,0.766285322681272,1532.570645362544,rebalance,simulated
2022-09-26,2022-09-23,113619.SH,-0.3813129161958386,117.22,0.0223487500182381,44.6975000364762,rebalance,simulated
2022-09-26,2022-09-23,113631.SH,-19.41198265080061,118.09,1.1461805156165221,2292.3610312330443,rebalance,simulated
2022-09-26,2022-09-23,113638.SH,1235.6363603170093,116.03,71.6854434437913,143370.8868875826,rebalance,simulated
2022-09-26,2022-09-23,123064.SZ,-1268.823680898279,110.98,70.4070260530455,140814.052106091,rebalance,simulated
2022-09-26,2022-09-23,123128.SZ,5.33429498780356,106.39,0.28375782187621035,567.5156437524207,rebalance,simulated
2022-09-26,2022-09-23,127018.SZ,4.61453473361712,115.5,0.2664893808663887,532.9787617327773,rebalance,simulated
2022-09-26,2022-09-23,127019.SZ,13.073166775116306,117.2,0.7660875730218155,1532.175146043631,rebalance,simulated
2022-09-26,2022-09-23,127020.SZ,1206.8256472018738,118.8,71.6854434437913,143370.8868875826,rebalance,simulated
2022-09-26,2022-09-23,127027.SZ,-32.73348198824442,130.7,2.1391330479317725,4278.266095863545,rebalance,simulated
2022-09-26,2022-09-23,127036.SZ,1038.9947596752127,137.99,71.6854434437913,143370.8868875826,rebalance,simulated
2022-09-26,2022-09-23,127039.SZ,-1198.0678765377118,118.67,71.08735745436513,142174.71490873027,rebalance,simulated
2022-09-26,2022-09-23,128081.SZ,-26.426631810272283,127.8,1.6886617726763988,3377.3235453527977,rebalance,simulated
2022-09-26,2022-09-23,128128.SZ,-1048.2435640651936,135.21,70.86650614862742,141733.01229725484,rebalance,simulated
2022-09-26,2022-09-23,128130.SZ,-1197.9675694482496,118.12,70.75196465161363,141503.92930322725,rebalance,simulated
2022-09-26,2022-09-23,128134.SZ,-1141.9413128084511,127.61,72.86156546374323,145723.13092748646,rebalance,simulated
2022-10-10,2022-09-30,110061.SH,1029.1350836838046,136.89,70.43915080273801,140878.301605476,rebalance,simulated
2022-10-10,2022-09-30,110074.SH,1020.8572580106957,138.0,70.43915080273801,140878.301605476,rebalance,simulated
2022-10-10,2022-09-30,110077.SH,-1117.5530975725512,129.25,72.22186893062613,144443.73786125224,rebalance,simulated
2022-10-10,2022-09-30,110085.SH,-10.781900283654295,128.5,0.6927370932247884,1385.4741864495768,rebalance,simulated
2022-10-10,2022-09-30,113048.SH,12.180756791747172,116.82,0.7114780042059523,1422.9560084119046,rebalance,simulated
2022-10-10,2022-09-30,113051.SH,-12.176244273890234,135.7,0.8261581739834523,1652.3163479669045,rebalance,simulated
2022-10-10,2022-09-30,113619.SH,-16.735953434008707,116.78,0.9772123210117684,1954.4246420235368,rebalance,simulated
2022-10-10,2022-09-30,113631.SH,3.114794312165259,115.74,0.18025314684500354,360.50629369000706,rebalance,simulated
2022-10-10,2022-09-30,113638.SH,-1235.6363603170093,114.1,70.49305435608538,140986.10871217077,rebalance,simulated
2022-10-10,2022-09-30,123078.SZ,1059.2353504171128,133.0,70.43915080273801,140878.301605476,rebalance,simulated
2022-10-10,2022-09-30,123128.SZ,-4.620258942678447,104.9,0.24233258154348458,484.66516308696913,rebalance,simulated
2022-10-10,2022-09-30,127018.SZ,-1241.3063799790702,114.5,71.06479025380177,142129.58050760353,rebalance,simulated
2022-10-10,2022-09-30,127019.SZ,40.18144295109573,111.5,2.240115444523587,4480.230889047174,rebalance,simulated
2022-10-10,2022-09-30,127020.SZ,-1206.8256472018738,115.24,69.53729379177197,139074.58758354394,rebalance,simulated
2022-10-10,2022-09-30,127027.SZ,-21.539459425034238,131.0,1.4108345923397425,2821.669184679485,rebalance,simulated
2022-10-10,2022-09-30,127036.SZ,27.215045860820055,132.13,1.7979620047950768,3595.9240095901537,rebalance,simulated
2022-10-10,2022-09-30,128081.SZ,6.994619347734215,124.8,0.43646424729861505,872.92849459723,rebalance,simulated
2022-10-10,2022-09-30,128128.SZ,1023.0813478974293,137.7,70.43915080273801,140878.301605476,rebalance,simulated
2022-10-17,2022-10-14,110061.SH,81.08511720701244,141.85,5.750961937907357,11501.923875814715,rebalance,simulated
2022-10-17,2022-10-14,110074.SH,-1020.8572580106957,149.81,76.46731291129116,152934.6258225823,rebalance,simulated
2022-10-17,2022-10-14,110077.SH,1194.1517705214012,131.88,78.7423677481812,157484.73549636238,rebalance,simulated
2022-10-17,2022-10-14,110085.SH,87.85559668892392,132.99,5.841957901829996,11683.915803659993,rebalance,simulated
2022-10-17,2022-10-14,113048.SH,86.50421718262737,121.85,5.270269431851572,10540.538863703145,rebalance,simulated
2022-10-17,2022-10-14,113051.SH,-1038.1599234007076,143.1,74.28034251932063,148560.68503864124,rebalance,simulated
2022-10-17,2022-10-14,113619.SH,108.42682133672542,119.78,6.493682329856486,12987.364659712972,rebalance,simulated
2022-10-17,2022-10-14,113631.SH,122.41524834891015,117.56,7.195568297948939,14391.136595897879,rebalance,simulated
2022-10-17,2022-10-14,123078.SZ,-1059.2353504171128,150.1,79.49561304880432,158991.22609760863,rebalance,simulated
2022-10-17,2022-10-14,123128.SZ,149.76917164988504,105.5,7.9003238045314355,15800.647609062871,rebalance,simulated
2022-10-17,2022-10-14,127018.SZ,1367.7673744690148,115.14,78.7423677481812,157484.73549636238,rebalance,simulated
2022-10-17,2022-10-14,127019.SZ,119.17538041635817,113.9,6.787037914711599,13574.075829423196,rebalance,simulated
2022-10-17,2022-10-14,127027.SZ,136.01415979516105,130.0,8.840920386685468,17681.840773370935,rebalance,simulated
2022-10-17,2022-10-14,127036.SZ,-1066.2098055360327,137.0,73.03537167921824,146070.74335843648,rebalance,simulated
2022-10-17,2022-10-14,127039.SZ,1333.938128886688,118.06,78.7423677481812,157484.73549636238,rebalance,simulated
2022-10-17,2022-10-14,128081.SZ,97.68408667593394,128.4,6.2713183645949595,12542.636729189919,rebalance,simulated
2022-10-17,2022-10-14,128128.SZ,-1023.0813478974293,141.47,72.36765914352466,144735.31828704933,rebalance,simulated
2022-10-17,2022-10-14,128134.SZ,1238.184884789389,127.19,78.7423677481812,157484.73549636238,rebalance,simulated
2022-10-24,2022-10-21,110061.SH,-99.29974866636007,133.1,6.608398273746263,13216.796547492526,rebalance,simulated
2022-10-24,2022-10-21,110074.SH,945.1637552056421,142.36,67.2767560955376,134553.51219107522,rebalance,simulated
2022-10-24,2022-10-21,110077.SH,-1194.1517705214012,130.5,77.91840302652143,155836.80605304285,rebalance,simulated
2022-10-24,2022-10-21,110085.SH,-144.3585772935362,129.4,9.339999950891793,18679.999901783583,rebalance,simulated
2022-10-24,2022-10-21,113048.SH,-159.84224107338855,118.8,9.49462911975928,18989.25823951856,rebalance,simulated
2022-10-24,2022-10-21,113619.SH,-202.7707342809515,121.0,12.267629423997565,24535.25884799513,rebalance,simulated
2022-10-24,2022-10-21,113631.SH,-1339.611564276645,116.2,77.83143188447308,155662.86376894615,rebalance,simulated
2022-10-24,2022-10-21,123064.SZ,1187.3765636346209,113.32,67.2767560955376,134553.51219107522,rebalance,simulated
2022-10-24,2022-10-21,123128.SZ,-204.1664172823498,104.42,10.659528646311484,21319.05729262297,rebalance,simulated
2022-10-24,2022-10-21,127018.SZ,-194.9833407282738,114.73,11.185219340877426,22370.43868175485,rebalance,simulated
2022-10-24,2022-10-21,127019.SZ,-213.13585308315555,115.05,12.260639948608523,24521.279897217046,rebalance,simulated
2022-10-24,2022-10-21,127027.SZ,-166.1016498692445,128.72,10.690302185584576,21380.604371169153,rebalance,simulated
2022-10-24,2022-10-21,127036.SZ,1032.9610946650946,130.26,67.2767560955376,134553.51219107522,rebalance,simulated
2022-10-24,2022-10-21,127039.SZ,-190.45625422810713,117.67,11.205493717510683,22410.987435021365,rebalance,simulated
2022-10-24,2022-10-21,128081.SZ,-164.95046045886374,126.75,10.45373543158049,20907.47086316098,rebalance,simulated
2022-10-24,2022-10-21,128128.SZ,990.821150155193,135.8,67.2767560955376,134553.51219107522,rebalance,simulated
2022-10-24,2022-10-21,128134.SZ,-1238.184884789389,124.1,76.82937210118158,153658.74420236316,rebalance,simulated
2022-10-24,2022-10-21,128141.SZ,982.1424247523739,137.0,67.2767560955376,134553.51219107522,rebalance,simulated
2022-10-31,2022-10-28,110061.SH,-45.08337513443439,127.5,2.8740651648201925,5748.130329640385,rebalance,simulated
2022-10-31,2022-10-28,110074.SH,-52.81428180725163,138.0,3.6441854447003625,7288.370889400725,rebalance,simulated
2022-10-31,2022-10-28,110085.SH,-55.61723675581129,125.12,3.4794143314435546,6958.828662887109,rebalance,simulated
2022-10-31,2022-10-28,113048.SH,-1132.6053214736971,117.86,66.74443159444498,133488.86318888995,rebalance,simulated
2022-10-31,2022-10-28,113619.SH,-85.8106030387537,120.0,5.148636182325222,10297.272364650444,rebalance,simulated
2022-10-31,2022-10-28,123064.SZ,-1187.3765636346209,113.95,67.65077971308253,135301.55942616504,rebalance,simulated
2022-10-31,2022-10-28,123107.SZ,1001.2539826732083,122.99,61.572113664488946,123144.22732897788,rebalance,simulated
2022-10-31,2022-10-28,123128.SZ,-93.35299246790919,103.03,4.809079406984343,9618.158813968685,rebalance,simulated
2022-10-31,2022-10-28,123145.SZ,948.430586329158,129.84,61.572113664488946,123144.22732897788,rebalance,simulated
2022-10-31,2022-10-28,127018.SZ,-88.76794809832995,113.6,5.042019451985142,10084.038903970282,rebalance,simulated
2022-10-31,2022-10-28,127019.SZ,-66.17802168241133,111.61,3.6930644999869644,7386.128999973928,rebalance,simulated
2022-10-31,2022-10-28,127027.SZ,-42.10776447581952,122.75,2.584364044703423,5168.728089406846,rebalance,simulated
2022-10-31,2022-10-28,127036.SZ,-1032.9610946650946,129.5,66.88423087956487,133768.46175912974,rebalance,simulated
2022-10-31,2022-10-28,127039.SZ,-81.06942250623956,115.91,4.698378381349114,9396.756762698227,rebalance,simulated
2022-10-31,2022-10-28,127045.SZ,1009.3789125326056,122.0,61.572113664488946,123144.22732897788,rebalance,simulated
2022-10-31,2022-10-28,128081.SZ,-68.46756364098633,124.0,4.244988945741152,8489.977891482304,rebalance,simulated
2022-10-31,2022-10-28,128128.SZ,-43.63072381123561,130.01,2.8362152013493707,5672.430402698741,rebalance,simulated
2022-10-31,2022-10-28,128134.SZ,981.228903019744,125.5,61.572113664488946,123144.22732897788,rebalance,simulated
2022-10-31,2022-10-28,128141.SZ,-34.87913760639026,130.0,2.2671439444153667,4534.287888830733,rebalance,simulated
2022-11-01,2022-10-31,127018.SZ,-1084.016085642411,113.0,61.24690883879623,122493.81767759245,risk_exit,simulated
2022-11-07,2022-11-04,110061.SH,148.6513146232519,130.98,9.735174594676765,19470.349189353532,rebalance,simulated
2022-11-07,2022-11-04,110074.SH,-892.3494733983905,148.87,66.4220330524092,132844.0661048184,rebalance,simulated
2022-11-07,2022-11-04,110085.SH,127.56321960020455,131.3,8.37452536675343,16749.050733506858,rebalance,simulated
2022-11-07,2022-11-04,113048.SH,1183.043111650901,123.39,72.98784477330234,145975.68954660467,rebalance,simulated
2022-11-07,2022-11-04,113058.SH,1296.4093210178034,112.6,72.98784477330234,145975.68954660467,rebalance,simulated
2022-11-07,2022-11-04,113619.SH,139.55189529481117,125.22,8.737344164408126,17474.688328816253,rebalance,simulated
2022-11-07,2022-11-04,113631.SH,1213.0271692421861,120.34,72.98784477330234,145975.68954660467,rebalance,simulated
2022-11-07,2022-11-04,123090.SZ,1073.3506584309166,136.0,72.98784477330234,145975.68954660467,rebalance,simulated
2022-11-07,2022-11-04,123107.SZ,152.7040374580539,126.5,9.658530369221909,19317.06073844382,rebalance,simulated
2022-11-07,2022-11-04,123128.SZ,-1195.2268982721332,104.92,62.70160308335611,125403.20616671222,rebalance,simulated
2022-11-07,2022-11-04,123145.SZ,-948.430586329158,136.0,64.49327987038275,128986.55974076549,rebalance,simulated
2022-11-07,2022-11-04,127019.SZ,135.83839273450462,117.8,8.000881332062322,16001.762664124644,rebalance,simulated
2022-11-07,2022-11-04,127027.SZ,150.655177429393,126.51,9.529693248296255,19059.38649659251,rebalance,simulated
2022-11-07,2022-11-04,127039.SZ,158.12006914033987,119.6,9.455580134592322,18911.160269184646,rebalance,simulated
2022-11-07,2022-11-04,127045.SZ,-1009.3789125326056,124.88,63.02561929853589,126051.23859707177,rebalance,simulated
2022-11-07,2022-11-04,128081.SZ,162.59523738675352,126.31,10.268702217160419,20537.404434320837,rebalance,simulated
2022-11-07,2022-11-04,128128.SZ,106.48136192372476,138.54,7.375963940456415,14751.927880912828,rebalance,simulated
2022-11-07,2022-11-04,128134.SZ,170.90755749015864,126.7,10.82699376700155,21653.9875340031,rebalance,simulated
2022-11-07,2022-11-04,128141.SZ,-947.2632871459837,140.0,66.30843010021886,132616.86020043772,rebalance,simulated
2022-11-14,2022-11-11,110061.SH,19.137821128787436,131.17,1.255153998731524,2510.3079974630477,rebalance,simulated
2022-11-14,2022-11-11,110074.SH,1036.2212567142387,143.5,74.34887516924664,148697.75033849326,rebalance,simulated
2022-11-14,2022-11-11,110085.SH,19.009173782250855,131.5,1.2498531761829936,2499.706352365987,rebalance,simulated
2022-11-14,2022-11-11,113048.SH,-1183.043111650901,123.71,73.17713167116646,146354.26334233294,rebalance,simulated
2022-11-14,2022-11-11,113049.SH,1235.95503564536,120.31,74.34887516924664,148697.75033849326,rebalance,simulated
2022-11-14,2022-11-11,113058.SH,12.664984277497751,113.59,0.7193077820404847,1438.6155640809695,rebalance,simulated
2022-11-14,2022-11-11,113619.SH,22.21257874389812,125.17,1.3901742406868638,2780.3484813737277,rebalance,simulated
2022-11-14,2022-11-11,113631.SH,-1213.0271692421861,120.47,73.06669153930308,146133.38307860616,rebalance,simulated
2022-11-14,2022-11-11,123064.SZ,1241.2166138438504,119.8,74.34887516924664,148697.75033849326,rebalance,simulated
2022-11-14,2022-11-11,123090.SZ,-1073.3506584309166,133.1,71.4314863185775,142862.972637155,rebalance,simulated
2022-11-14,2022-11-11,123107.SZ,31.640371979192878,125.42,1.9841677268151856,3968.335453630371,rebalance,simulated
2022-11-14,2022-11-11,127019.SZ,-10.275396404092817,121.0,0.6216614824476154,1243.3229648952308,rebalance,simulated
2022-11-14,2022-11-11,127027.SZ,0.9774812039415792,128.76,0.06293023990975886,125.86047981951774,rebalance,simulated
2022-11-14,2022-11-11,127036.SZ,1071.6954979350867,138.75,74.34887516924664,148697.75033849326,rebalance,simulated
2022-11-14,2022-11-11,127039.SZ,8.374506298172264,121.0,0.506657631039422,1013.315262078844,rebalance,simulated
2022-11-14,2022-11-11,128081.SZ,-57.969421886533155,135.46,3.926268944374891,7852.537888749782,rebalance,simulated
2022-11-14,2022-11-11,128128.SZ,-1053.6717882676821,156.0,82.1863994848792,164372.7989697584,rebalance,simulated
2022-11-14,2022-11-11,128134.SZ,-8.571511355913117,130.03,0.5572768108046913,1114.5536216093826,rebalance,simulated
2022-11-21,2022-11-18,110061.SH,-1133.626212842062,130.2,73.79906645601822,147598.13291203644,rebalance,simulated
2022-11-21,2022-11-18,110074.SH,-125.50948247938663,136.69,8.57794558005368,17155.89116010736,rebalance,simulated
2022-11-21,2022-11-18,110085.SH,-137.4427788310553,125.32,8.612164521553925,17224.32904310785,rebalance,simulated
2022-11-21,2022-11-18,111002.SH,931.1481219250649,133.69,62.242596210080954,124485.19242016191,rebalance,simulated
2022-11-21,2022-11-18,113049.SH,-1235.95503564536,116.94,72.2662909341842,144532.5818683684,rebalance,simulated
2022-11-21,2022-11-18,113058.SH,-189.80445796422828,111.22,10.555025907390736,21110.05181478147,rebalance,simulated
2022-11-21,2022-11-18,113061.SH,959.0538707254385,129.8,62.24259621008096,124485.19242016193,rebalance,simulated
2022-11-21,2022-11-18,113619.SH,-147.38129430022332,119.63,8.815612118567858,17631.224237135713,rebalance,simulated
2022-11-21,2022-11-18,113622.SH,931.4268044905493,133.65,62.24259621008096,124485.19242016193,rebalance,simulated
2022-11-21,2022-11-18,113631.SH,1059.4484461290376,117.5,62.24259621008096,124485.19242016193,rebalance,simulated
2022-11-21,2022-11-18,123064.SZ,-1241.2166138438504,116.77,72.46843199927321,144936.8639985464,rebalance,simulated
2022-11-21,2022-11-18,123090.SZ,971.0990905699502,128.19,62.24259621008096,124485.19242016193,rebalance,simulated
2022-11-21,2022-11-18,123107.SZ,-135.09043919769624,118.5,8.004108522463502,16008.217044927005,rebalance,simulated
2022-11-21,2022-11-18,123128.SZ,1203.685867532024,103.42,62.24259621008096,124485.19242016193,rebalance,simulated
2022-11-21,2022-11-18,127019.SZ,-138.07989457155873,114.12,7.8788387842531415,15757.677568506282,rebalance,simulated
2022-11-21,2022-11-18,127027.SZ,-141.36881298529033,122.83,8.682165649491607,17364.331298983212,rebalance,simulated
2022-11-21,2022-11-18,127036.SZ,-91.4199453706176,126.99,5.804709431307364,11609.418862614728,rebalance,simulated
2022-11-21,2022-11-18,127039.SZ,-154.1837916402194,115.83,8.929554292843306,17859.108585686612,rebalance,simulated
2022-11-21,2022-11-18,128081.SZ,-112.7952955280806,126.39,7.128098700897054,14256.197401794107,rebalance,simulated
2022-11-21,2022-11-18,128134.SZ,-1143.5649491539896,126.26,72.19325524009137,144386.51048018274,rebalance,simulated
2022-11-28,2022-11-25,110061.SH,913.1989958510624,136.5,62.325831466835005,124651.66293367001,rebalance,simulated
2022-11-28,2022-11-25,110074.SH,17.446549917567836,134.3,1.1715358269646805,2343.0716539293608,rebalance,simulated
2022-11-28,2022-11-25,110085.SH,7.076037721945568,124.6,0.44083715007720886,881.6743001544177,rebalance,simulated
2022-11-28,2022-11-25,111002.SH,19.883105157181376,131.07,1.3030392964758815,2606.078592951763,rebalance,simulated
2022-11-28,2022-11-25,113058.SH,0.6911853164563126,111.3,0.038464462860793795,76.92892572158759,rebalance,simulated
2022-11-28,2022-11-25,113061.SH,-9.471613289085894,131.27,0.6216693382291527,1243.3386764583054,rebalance,simulated
2022-11-28,2022-11-25,113619.SH,0.6082346878956741,119.72,0.03640892841743506,72.81785683487011,rebalance,simulated
2022-11-28,2022-11-25,113622.SH,27.43214115306614,130.0,1.7830891749492992,3566.1783498985983,rebalance,simulated
2022-11-28,2022-11-25,113631.SH,-1059.4484461290376,120.43,63.79468818366,127589.37636732,rebalance,simulated
2022-11-28,2022-11-25,123064.SZ,1056.3700248616103,118.0,62.325831466835005,124651.66293367001,rebalance,simulated
2022-11-28,2022-11-25,123090.SZ,10.410066388081304,127.0,0.6610392156431628,1322.0784312863257,rebalance,simulated
2022-11-28,2022-11-25,123107.SZ,-1050.5079529127588,119.73,62.888658601122316,125777.31720224462,rebalance,simulated
2022-11-28,2022-11-25,123128.SZ,-1203.685867532024,104.55,62.92267872523656,125845.35745047311,rebalance,simulated
2022-11-28,2022-11-25,127019.SZ,-25.4283045263885,117.0,1.4875558147937273,2975.1116295874544,rebalance,simulated
2022-11-28,2022-11-25,127027.SZ,-1.6924952249797798,123.2,0.10425770585875443,208.51541171750887,rebalance,simulated
2022-11-28,2022-11-25,127036.SZ,-8.635807193278652,128.29,0.5539438524128592,1107.8877048257182,rebalance,simulated
2022-11-28,2022-11-25,127039.SZ,-1074.723235950634,116.9,62.81757314131456,125635.14628262912,rebalance,simulated
2022-11-28,2022-11-25,127045.SZ,1056.7282378235843,117.96,62.325831466835,124651.66293367,rebalance,simulated
2022-11-28,2022-11-25,128081.SZ,1.2390919480493494,126.4,0.07831061111671889,156.62122223343778,rebalance,simulated
2022-11-28,2022-11-25,128141.SZ,969.2975344764387,128.6,62.325831466835005,124651.66293367001,rebalance,simulated
2022-12-05,2022-12-02,110061.SH,46.472750862026146,134.2,3.118321582841954,6236.643165683909,rebalance,simulated
2022-12-05,2022-12-02,110074.SH,-928.1583241524199,140.99,65.43052106112485,130861.0421222497,rebalance,simulated
2022-12-05,2022-12-02,110085.SH,9.132664601992701,127.57,0.5825270116381045,1165.054023276209,rebalance,simulated
2022-12-05,2022-12-02,111002.SH,-951.0312270822462,139.6,66.38197965034078,132763.95930068157,rebalance,simulated
2022-12-05,2022-12-02,113058.SH,25.839220100659986,112.4,1.4521641696570915,2904.328339314183,rebalance,simulated
2022-12-05,2022-12-02,113061.SH,-949.5822574363526,136.85,64.97516596508243,129950.33193016484,rebalance,simulated
2022-12-05,2022-12-02,113619.SH,-1041.1933088345306,121.16,63.075490649195864,126150.98129839172,rebalance,simulated
2022-12-05,2022-12-02,113622.SH,26.05959526259801,130.76,1.703776338268658,3407.5526765373156,rebalance,simulated
2022-12-05,2022-12-02,113631.SH,1016.6399463916676,126.68,64.39397420444824,128787.94840889647,rebalance,simulated
2022-12-05,2022-12-02,113632.SH,989.1547496843048,130.2,64.39397420444824,128787.94840889647,rebalance,simulated
2022-12-05,2022-12-02,123064.SZ,-91.66629146163677,133.5,6.118724955064255,12237.44991012851,rebalance,simulated
2022-12-05,2022-12-02,123090.SZ,-981.5091569580316,129.38,63.49382736361506,126987.65472723012,rebalance,simulated
2022-12-05,2022-12-02,123107.SZ,1006.1558469445037,128.0,64.39397420444824,128787.94840889647,rebalance,simulated
2022-12-05,2022-12-02,123128.SZ,1223.0574397805933,105.3,64.39397420444824,128787.94840889647,rebalance,simulated
2022-12-05,2022-12-02,127019.SZ,16.852838808744764,119.0,1.0027439091203134,2005.487818240627,rebalance,simulated
2022-12-05,2022-12-02,127027.SZ,7.996484853124684,126.29,0.5049380360505582,1009.8760721011164,rebalance,simulated
2022-12-05,2022-12-02,127036.SZ,-3.454897912940055,133.02,0.2297852601896431,459.57052037928617,rebalance,simulated
2022-12-05,2022-12-02,127039.SZ,1075.9227101829279,119.7,64.39397420444824,128787.94840889647,rebalance,simulated
2022-12-05,2022-12-02,127045.SZ,-1056.7282378235843,124.69,65.88172198711136,131763.44397422273,rebalance,simulated
2022-12-05,2022-12-02,127050.SZ,994.117702886117,129.55,64.39397420444824,128787.94840889647,rebalance,simulated
2022-12-05,2022-12-02,128081.SZ,7.1061011872861854,129.66,0.46068853997176346,921.3770799435268,rebalance,simulated
2022-12-05,2022-12-02,128141.SZ,1.6610632987157032,132.64,0.11016171797082543,220.32343594165084,rebalance,simulated
2022-12-12,2022-12-09,110061.SH,-17.866280593074634,135.42,1.2097258589570834,2419.4517179141667,rebalance,simulated
2022-12-12,2022-12-09,110074.SH,926.2113015393775,137.7,63.76964811098613,127539.29622197227,rebalance,simulated
2022-12-12,2022-12-09,110085.SH,3.5537951266032906,125.89,0.22369363424404412,447.38726848808824,rebalance,simulated
2022-12-12,2022-12-09,113058.SH,-1145.8002527481892,112.45,64.42261921076694,128845.23842153388,rebalance,simulated
2022-12-12,2022-12-09,113622.SH,3.6815383277395313,129.01,0.23747762983083845,474.9552596616769,rebalance,simulated
2022-12-12,2022-12-09,113631.SH,30.480712245214704,121.8,1.8562753757335755,3712.550751467151,rebalance,simulated
2022-12-12,2022-12-09,113632.SH,9.430407080276154,127.72,0.6022257961464352,1204.4515922928704,rebalance,simulated
2022-12-12,2022-12-09,123064.SZ,-964.7037333999735,136.0,65.59985387119819,131199.7077423964,rebalance,simulated
2022-12-12,2022-12-09,123090.SZ,984.8594302855001,129.5,63.76964811098613,127539.29622197227,rebalance,simulated
2022-12-12,2022-12-09,123107.SZ,35.151274397529846,122.48,2.152664044104728,4305.328088209456,rebalance,simulated
2022-12-12,2022-12-09,123128.SZ,9.206291832665329,103.5,0.4764256023404308,952.8512046808615,rebalance,simulated
2022-12-12,2022-12-09,127019.SZ,-16.582414110037917,119.68,0.9922916603446691,1984.583320689338,rebalance,simulated
2022-12-12,2022-12-09,127027.SZ,-3.611060518044269,125.51,0.2266121028098681,453.2242056197362,rebalance,simulated
2022-12-12,2022-12-09,127036.SZ,-7.292086048077294,132.73,0.4839392905806496,967.8785811612992,rebalance,simulated
2022-12-12,2022-12-09,127039.SZ,-1075.9227101829279,119.98,64.54460338387385,129089.20676774769,rebalance,simulated
2022-12-12,2022-12-09,127045.SZ,1048.153322008319,121.68,63.76964811098613,127539.29622197227,rebalance,simulated
2022-12-12,2022-12-09,127050.SZ,2.2830488480414033,128.0,0.14611512627464981,292.2302525492996,rebalance,simulated
2022-12-12,2022-12-09,127066.SZ,1073.0211696279007,118.86,63.76964811098613,127539.29622197227,rebalance,simulated
2022-12-12,2022-12-09,128081.SZ,-6.967799665257758,129.31,0.4505030873572403,901.0061747144806,rebalance,simulated
2022-12-12,2022-12-09,128141.SZ,-970.9585977751544,130.24,63.22882388711806,126457.64777423612,rebalance,simulated
2022-12-19,2022-12-16,110061.SH,-941.8054661200139,135.07,63.604832154415135,127209.66430883027,rebalance,simulated
2022-12-19,2022-12-16,110074.SH,-46.282599223858256,132.72,3.071313284495234,6142.626568990468,rebalance,simulated
2022-12-19,2022-12-16,110085.SH,-45.54402811499074,120.7,2.7485820967396912,5497.164193479382,rebalance,simulated
2022-12-19,2022-12-16,113051.SH,932.63166723619,125.22,58.392068685657854,116784.13737131571,rebalance,simulated
2022-12-19,2022-12-16,113525.SH,819.7103767201215,142.47,58.392068685657854,116784.13737131571,rebalance,simulated
2022-12-19,2022-12-16,113622.SH,-42.36658894619006,123.42,2.614442203869389,5228.884407738778,rebalance,simulated
2022-12-19,2022-12-16,113631.SH,-54.05826602365346,117.6,3.1786260421908232,6357.2520843816465,rebalance,simulated
2022-12-19,2022-12-16,113632.SH,-68.99718119094632,125.63,4.334057936509293,8668.115873018585,rebalance,simulated
2022-12-19,2022-12-16,123064.SZ,966.0363749798636,120.89,58.392068685657854,116784.13737131571,rebalance,simulated
2022-12-19,2022-12-16,123078.SZ,867.8963835561512,134.56,58.392068685657854,116784.13737131571,rebalance,simulated
2022-12-19,2022-12-16,123090.SZ,-27.84773339690139,122.03,1.6991294532119385,3398.258906423877,rebalance,simulated
2022-12-19,2022-12-16,123107.SZ,-85.31385536859125,122.16,5.210970285913553,10421.940571827106,rebalance,simulated
2022-12-19,2022-12-16,123128.SZ,-1232.2637316132586,102.31,63.03645119067625,126072.9023813525,rebalance,simulated
2022-12-19,2022-12-16,123161.SZ,1018.2591103959867,114.69,58.392068685657854,116784.13737131571,rebalance,simulated
2022-12-19,2022-12-16,127019.SZ,-53.23633276408191,115.35,3.070405492168424,6140.8109843368475,rebalance,simulated
2022-12-19,2022-12-16,127027.SZ,-58.136102681998295,121.9,3.5433954584677965,7086.790916935593,rebalance,simulated
2022-12-19,2022-12-16,127036.SZ,-53.690575662361994,128.73,3.4557939025079296,6911.587805015859,rebalance,simulated
2022-12-19,2022-12-16,127045.SZ,-1048.153322008319,118.7,62.207899661193736,124415.79932238747,rebalance,simulated
2022-12-19,2022-12-16,127050.SZ,-996.4007517341583,125.0,62.2750469833849,124550.0939667698,rebalance,simulated
2022-12-19,2022-12-16,127066.SZ,-1073.0211696279007,118.66,63.66234599402335,127324.69198804669,rebalance,simulated
2022-12-19,2022-12-16,128081.SZ,-46.24262838534946,124.23,2.872360862155982,5744.721724311964,rebalance,simulated
2022-12-19,2022-12-16,128141.SZ,938.4774780722895,124.44,58.392068685657854,116784.13737131571,rebalance,simulated
2022-12-26,2022-12-23,110057.SH,963.0156136871578,111.32,53.6014490578272,107202.8981156544,rebalance,simulated
2022-12-26,2022-12-23,110074.SH,-29.112050603976286,126.0,1.834059188050506,3668.118376101012,rebalance,simulated
2022-12-26,2022-12-23,110085.SH,-57.36094952380415,117.78,3.3779863174568265,6755.972634913653,rebalance,simulated
2022-12-26,2022-12-23,111002.SH,818.2802695645707,131.01,53.6014490578272,107202.8981156544,rebalance,simulated
2022-12-26,2022-12-23,113051.SH,-932.63166723619,121.75,56.773952743003065,113547.90548600613,rebalance,simulated
2022-12-26,2022-12-23,113058.SH,1004.71319696021,106.7,53.6014490578272,107202.8981156544,rebalance,simulated
2022-12-26,2022-12-23,113525.SH,-52.49576199419005,139.73,3.6676164117240875,7335.232823448175,rebalance,simulated
2022-12-26,2022-12-23,113622.SH,-946.233490287763,123.89,58.61443355587548,117228.86711175095,rebalance,simulated
2022-12-26,2022-12-23,113631.SH,-56.62897091813454,114.48,3.241442295354021,6482.884590708042,rebalance,simulated
2022-12-26,2022-12-23,113632.SH,-65.32726841743988,124.04,4.051597187249621,8103.194374499243,rebalance,simulated
2022-12-26,2022-12-23,118024.SH,934.5558200301143,114.71,53.6014490578272,107202.8981156544,rebalance,simulated
2022-12-26,2022-12-23,123064.SZ,-13.375767891492501,112.53,0.7525875804148255,1505.175160829651,rebalance,simulated
2022-12-26,2022-12-23,123078.SZ,-867.8963835561512,128.94,55.953279847865076,111906.55969573015,rebalance,simulated
2022-12-26,2022-12-23,123090.SZ,-957.0116968885987,121.56,58.16717093688903,116334.34187377806,rebalance,simulated
2022-12-26,2022-12-23,123107.SZ,-90.61630346412346,123.88,5.612773836567807,11225.547673135614,rebalance,simulated
2022-12-26,2022-12-23,123158.SZ,882.982440619837,121.41,53.6014490578272,107202.8981156544,rebalance,simulated
2022-12-26,2022-12-23,123161.SZ,-1018.2591103959867,112.17,57.10906220655891,114218.12441311782,rebalance,simulated
2022-12-26,2022-12-23,127019.SZ,-39.62985222740042,110.2,2.1836048577297635,4367.209715459527,rebalance,simulated
2022-12-26,2022-12-23,127027.SZ,-19.056228226135318,114.17,1.0878247882889345,2175.649576577869,rebalance,simulated
2022-12-26,2022-12-23,127036.SZ,-43.9158424102817,124.18,2.7267346552543907,5453.469310508782,rebalance,simulated
2022-12-26,2022-12-23,127045.SZ,900.864690047516,119.0,53.6014490578272,107202.8981156544,rebalance,simulated
2022-12-26,2022-12-23,128081.SZ,-53.356712104833605,120.9,3.2254132467371917,6450.826493474383,rebalance,simulated
2022-12-26,2022-12-23,128141.SZ,-58.322321129314105,121.8,3.551829356775229,7103.658713550458,rebalance,simulated
2022-12-29,2022-12-28,113525.SH,-767.2146147259315,146.8,56.31355272088337,112627.10544176675,risk_exit,simulated
2023-01-03,2022-12-30,110057.SH,-963.0156136871578,113.88,54.834109043346764,109668.21808669352,rebalance,simulated
2023-01-03,2022-12-30,110074.SH,43.8417585192891,128.61,2.8192442815828858,5638.488563165772,rebalance,simulated
2023-01-03,2022-12-30,110085.SH,55.170261814604146,119.19,3.287871752841334,6575.743505682668,rebalance,simulated
2023-01-03,2022-12-30,111002.SH,-818.2802695645707,135.56,55.463036671086606,110926.07334217321,rebalance,simulated
2023-01-03,2022-12-30,113058.SH,54.789732503761684,108.6,2.9750824749542595,5950.164949908519,rebalance,simulated
2023-01-03,2022-12-30,113631.SH,67.16028209720673,114.65,3.8499631712223765,7699.926342444753,rebalance,simulated
2023-01-03,2022-12-30,113632.SH,58.44994352373567,124.7,3.644353978704919,7288.707957409838,rebalance,simulated
2023-01-03,2022-12-30,118024.SH,65.9834681419494,115.0,3.794049418162091,7588.098836324181,rebalance,simulated
2023-01-03,2022-12-30,123064.SZ,82.81471814369615,111.12,4.601185740063758,9202.371480127516,rebalance,simulated
2023-01-03,2022-12-30,123078.SZ,884.6841314761442,130.06,57.53100906989366,115062.01813978732,rebalance,simulated
2023-01-03,2022-12-30,123090.SZ,918.0724338928216,125.33,57.53100906989366,115062.01813978732,rebalance,simulated
2023-01-03,2022-12-30,123107.SZ,56.59433668769509,124.8,3.5314866093121737,7062.973218624347,rebalance,simulated
2023-01-03,2022-12-30,123158.SZ,-882.982440619837,123.66,54.59480430352452,109189.60860704904,rebalance,simulated
2023-01-03,2022-12-30,127019.SZ,63.13839339874687,111.07,3.5063906773994074,7012.781354798814,rebalance,simulated
2023-01-03,2022-12-30,127027.SZ,51.82749438934809,116.13,3.0093634617174967,6018.726923434993,rebalance,simulated
2023-01-03,2022-12-30,127036.SZ,54.27360993031209,125.4,3.4029553426305683,6805.910685261137,rebalance,simulated
2023-01-03,2022-12-30,127039.SZ,991.8284470285951,116.01,57.53100906989366,115062.01813978732,rebalance,simulated
2023-01-03,2022-12-30,127045.SZ,-900.864690047516,120.53,54.29061054571355,108581.2210914271,rebalance,simulated
2023-01-03,2022-12-30,127050.SZ,909.8688766391533,126.46,57.53100906989366,115062.01813978732,rebalance,simulated
2023-01-03,2022-12-30,128081.SZ,57.97277144280383,121.8,3.5305417808667534,7061.083561733507,rebalance,simulated
2023-01-03,2022-12-30,128141.SZ,49.864388318803776,123.72,3.0846110614012012,6169.222122802403,rebalance,simulated
2023-01-09,2023-01-06,110057.SH,1084.4657287339373,116.09,62.9478132243614,125895.62644872279,rebalance,simulated
2023-01-09,2023-01-06,110074.SH,45.352240472690596,133.93,3.037012783253726,6074.025566507452,rebalance,simulated
2023-01-09,2023-01-06,110085.SH,50.65837319631544,123.91,3.1385395113777226,6277.079022755445,rebalance,simulated
2023-01-09,2023-01-06,113058.SH,-1059.5029294639717,112.05,59.35865162321901,118717.30324643802,rebalance,simulated
2023-01-09,2023-01-06,113061.SH,968.2789297702105,130.02,62.9478132243614,125895.62644872279,rebalance,simulated
2023-01-09,2023-01-06,113631.SH,68.31456737604958,117.45,4.011772969158512,8023.545938317024,rebalance,simulated
2023-01-09,2023-01-06,113632.SH,62.388147823377835,127.8,3.9866026459138433,7973.205291827687,rebalance,simulated
2023-01-09,2023-01-06,113638.SH,1106.1912525149178,113.81,62.9478132243614,125895.62644872279,rebalance,simulated
2023-01-09,2023-01-06,118024.SH,-1000.5392881720637,120.25,60.15742470134533,120314.84940269066,rebalance,simulated
2023-01-09,2023-01-06,123064.SZ,88.59276806010052,112.0,4.961195011365629,9922.390022731259,rebalance,simulated
2023-01-09,2023-01-06,123078.SZ,-884.6841314761442,137.1,60.645097212689684,121290.19442537936,rebalance,simulated
2023-01-09,2023-01-06,123090.SZ,61.5076038345577,128.52,3.952478622408678,7904.957244817356,rebalance,simulated
2023-01-09,2023-01-06,123107.SZ,87.61672364759545,124.7,5.462902719427577,10925.805438855154,rebalance,simulated
2023-01-09,2023-01-06,127019.SZ,-1035.9414615988776,116.67,60.43164516237053,120863.29032474106,rebalance,simulated
2023-01-09,2023-01-06,127027.SZ,62.09955709038138,119.57,3.712622020648451,7425.244041296902,rebalance,simulated
2023-01-09,2023-01-06,127036.SZ,-917.5599532678415,131.6,60.37544492502396,120750.88985004793,rebalance,simulated
2023-01-09,2023-01-06,127039.SZ,-991.8284470285951,118.0,58.517878374687115,117035.75674937422,rebalance,simulated
2023-01-09,2023-01-06,127045.SZ,1043.0457866505617,120.7,62.947813224361404,125895.6264487228,rebalance,simulated
2023-01-09,2023-01-06,127050.SZ,-909.8688766391533,126.09,57.36268332771542,114725.36665543084,rebalance,simulated
2023-01-09,2023-01-06,127066.SZ,1040.6317279610082,120.98,62.94781322436139,125895.62644872277,rebalance,simulated
2023-01-09,2023-01-06,128081.SZ,49.36368371326864,126.65,3.125955271142737,6251.910542285474,rebalance,simulated
2023-01-09,2023-01-06,128128.SZ,929.6678957962104,135.42,62.9478132243614,125895.62644872279,rebalance,simulated
2023-01-09,2023-01-06,128141.SZ,54.23208829871487,127.91,3.4684132071443097,6936.826414288619,rebalance,simulated
2023-01-16,2023-01-13,110057.SH,-78.80722423511475,118.6,4.673268397142304,9346.536794284608,rebalance,simulated
2023-01-16,2023-01-13,110074.SH,-56.58647002386658,135.01,3.8198696589611134,7639.739317922226,rebalance,simulated
2023-01-16,2023-01-13,110085.SH,-1016.024747386997,124.14,63.06465607031091,126129.31214062181,rebalance,simulated
2023-01-16,2023-01-13,113047.SH,918.1056010588896,129.91,59.63554931678018,119271.09863356035,rebalance,simulated
2023-01-16,2023-01-13,113061.SH,-968.2789297702105,132.7,64.24530699025347,128490.61398050693,rebalance,simulated
2023-01-16,2023-01-13,113631.SH,-62.84652299948141,118.2,3.714229509269351,7428.459018538702,rebalance,simulated
2023-01-16,2023-01-13,113632.SH,-47.28547381734859,127.18,3.006883280045197,6013.766560090394,rebalance,simulated
2023-01-16,2023-01-13,113638.SH,-1106.1912525149178,113.89,62.992060874462,125984.121748924,rebalance,simulated
2023-01-16,2023-01-13,118024.SH,993.9258219463362,120.0,59.63554931678018,119271.09863356035,rebalance,simulated
2023-01-16,2023-01-13,123064.SZ,-52.449956422802416,111.3,2.9188400749289545,5837.680149857909,rebalance,simulated
2023-01-16,2023-01-13,123078.SZ,877.5741198849264,135.91,59.63554931678017,119271.09863356034,rebalance,simulated
2023-01-16,2023-01-13,123090.SZ,-55.499316928120265,129.07,3.581648417956241,7163.2968359124825,rebalance,simulated
2023-01-16,2023-01-13,123107.SZ,-77.27270483038012,127.93,4.942748564475266,9885.49712895053,rebalance,simulated
2023-01-16,2023-01-13,123128.SZ,1188.551057633885,100.35,59.63554931678018,119271.09863356035,rebalance,simulated
2023-01-16,2023-01-13,127027.SZ,-73.66586026307084,121.8,4.486250890021014,8972.501780042028,rebalance,simulated
2023-01-16,2023-01-13,127036.SZ,881.5306624801208,135.3,59.63554931678018,119271.09863356035,rebalance,simulated
2023-01-16,2023-01-13,127045.SZ,-1043.0457866505617,123.18,64.2411899998081,128482.3799996162,rebalance,simulated
2023-01-16,2023-01-13,127066.SZ,-77.68082667277667,123.86,4.81077359584506,9621.547191690119,rebalance,simulated
2023-01-16,2023-01-13,128081.SZ,-48.42325477404654,126.13,3.053812562325245,6107.62512465049,rebalance,simulated
2023-01-16,2023-01-13,128128.SZ,-32.21794370019575,132.9,2.1408823588780073,4281.764717756015,rebalance,simulated
2023-01-16,2023-01-13,128141.SZ,-45.77418739194934,127.09,2.9087207378214206,5817.441475642841,rebalance,simulated
2023-01-30,2023-01-20,110057.SH,151.65672361284965,121.2,9.190397450938688,18380.794901877376,rebalance,simulated
2023-01-30,2023-01-20,110074.SH,-883.424180679656,143.0,63.164828918595404,126329.65783719081,rebalance,simulated
2023-01-30,2023-01-20,113047.SH,-918.1056010588896,134.5,61.74260167121033,123485.20334242066,rebalance,simulated
2023-01-30,2023-01-20,113631.SH,155.45967687998643,120.45,9.362559040097183,18725.118080194366,rebalance,simulated
2023-01-30,2023-01-20,113632.SH,141.16056490738413,130.0,9.175436718979968,18350.873437959937,rebalance,simulated
2023-01-30,2023-01-20,118024.SH,102.84957602953898,127.89,6.57671613920887,13153.43227841774,rebalance,simulated
2023-01-30,2023-01-20,123064.SZ,168.03370269877132,113.15,9.506506730182988,19013.013460365975,rebalance,simulated
2023-01-30,2023-01-20,123078.SZ,-877.5741198849264,149.0,65.37927193142701,130758.54386285403,rebalance,simulated
2023-01-30,2023-01-20,123090.SZ,132.78038263002588,132.72,8.811306191328518,17622.612382657037,rebalance,simulated
2023-01-30,2023-01-20,123107.SZ,147.90497961484039,129.85,9.60273080149351,19205.461602987023,rebalance,simulated
2023-01-30,2023-01-20,123128.SZ,185.80329908897102,102.06,9.481542352510191,18963.08470502038,rebalance,simulated
2023-01-30,2023-01-20,127027.SZ,125.22419878714538,127.0,7.951736622983732,15903.473245967463,rebalance,simulated
2023-01-30,2023-01-20,127036.SZ,-881.5306624801208,141.0,62.14791170484852,124295.82340969703,rebalance,simulated
2023-01-30,2023-01-20,127039.SZ,1163.8450518348382,120.52,70.13330282356735,140266.60564713468,rebalance,simulated
2023-01-30,2023-01-20,127066.SZ,-962.9509012882315,128.94,62.08144460605229,124162.88921210456,rebalance,simulated
2023-01-30,2023-01-20,128075.SZ,1159.4197854780516,120.98,70.13330282356735,140266.60564713468,rebalance,simulated
2023-01-30,2023-01-20,128081.SZ,116.92492367486182,132.01,7.717629587159254,15435.259174318508,rebalance,simulated
2023-01-30,2023-01-20,128128.SZ,118.97472650641066,138.0,8.209256128942336,16418.51225788467,rebalance,simulated
2023-01-30,2023-01-20,128134.SZ,1087.338028272362,129.0,70.13330282356735,140266.60564713468,rebalance,simulated
2023-01-30,2023-01-20,128141.SZ,124.14835418853613,132.0,8.193791376443386,16387.58275288677,rebalance,simulated
2023-02-06,2023-02-03,110057.SH,-8.75661677428252,121.73,0.5329714799667056,1065.9429599334112,rebalance,simulated
2023-02-06,2023-02-03,110085.SH,1118.5123180648038,125.0,69.90701987905024,139814.03975810047,rebalance,simulated
2023-02-06,2023-02-03,113058.SH,1209.04565684971,115.64,69.90701987905024,139814.03975810047,rebalance,simulated
2023-02-06,2023-02-03,113631.SH,-2.599711776184904,120.33,0.15641165901416473,312.8233180283295,rebalance,simulated
2023-02-06,2023-02-03,113632.SH,13.664745590310986,127.96,0.8742704228680969,1748.5408457361937,rebalance,simulated
2023-02-06,2023-02-03,113638.SH,1171.9533927753603,119.3,69.90701987905024,139814.03975810047,rebalance,simulated
2023-02-06,2023-02-03,118024.SH,8.299212821630817,126.52,0.5250082030963655,1050.016406192731,rebalance,simulated
2023-02-06,2023-02-03,123064.SZ,-5.635601632563294,113.3,0.3192568324847106,638.5136649694211,rebalance,simulated
2023-02-06,2023-02-03,123090.SZ,-1056.8611034292849,129.57,68.46874658566622,136937.49317133243,rebalance,simulated
2023-02-06,2023-02-03,123107.SZ,7.826704379494231,128.5,0.5028657563825043,1005.7315127650087,rebalance,simulated
2023-02-06,2023-02-03,123128.SZ,3.1238674948826883,101.5,0.15853627536529644,317.07255073059287,rebalance,simulated
2023-02-06,2023-02-03,127019.SZ,1177.7781126956488,118.71,69.90701987905024,139814.03975810047,rebalance,simulated
2023-02-06,2023-02-03,127027.SZ,-3.563510937277215,127.0,0.22628294451710315,452.5658890342063,rebalance,simulated
2023-02-06,2023-02-03,127039.SZ,-1163.8450518348382,120.07,69.87143768690451,139742.87537380902,rebalance,simulated
2023-02-06,2023-02-03,127050.SZ,1076.5691827065561,129.87,69.90701987905024,139814.03975810047,rebalance,simulated
2023-02-06,2023-02-03,128075.SZ,-29.152689616285443,123.7,1.8030938527672546,3606.1877055345094,rebalance,simulated
2023-02-06,2023-02-03,128081.SZ,9.730481664674471,130.39,0.6343787521284521,1268.7575042569042,rebalance,simulated
2023-02-06,2023-02-03,128128.SZ,-1016.4246786024253,140.07,71.18530236592086,142370.6047318417,rebalance,simulated
2023-02-06,2023-02-03,128134.SZ,-1087.338028272362,128.4,69.80710141508564,139614.20283017127,rebalance,simulated
2023-02-06,2023-02-03,128141.SZ,-1062.6258003570808,132.07,70.17049472657983,140340.98945315965,rebalance,simulated
2023-02-13,2023-02-10,110057.SH,-66.32211383287017,120.65,4.000881516967893,8001.763033935787,rebalance,simulated
2023-02-13,2023-02-10,110085.SH,-1118.5123180648038,125.25,70.04683391880833,140093.66783761667,rebalance,simulated
2023-02-13,2023-02-10,111009.SH,1034.8060978278672,126.18,65.28591671196016,130571.8334239203,rebalance,simulated
2023-02-13,2023-02-10,113048.SH,1036.2843922533355,126.0,65.28591671196014,130571.83342392027,rebalance,simulated
2023-02-13,2023-02-10,113058.SH,-90.17818963531181,116.7,5.261897365220444,10523.794730440888,rebalance,simulated
2023-02-13,2023-02-10,113631.SH,-77.43804696104053,120.4,4.66177042705464,9323.54085410928,rebalance,simulated
2023-02-13,2023-02-10,113632.SH,-73.3425116557836,128.1,4.697587871552939,9395.175743105878,rebalance,simulated
2023-02-13,2023-02-10,113638.SH,-1171.9533927753603,117.69,68.96359739786608,137927.19479573215,rebalance,simulated
2023-02-13,2023-02-10,118024.SH,-58.82594554173443,124.8,3.6707390018042285,7341.478003608457,rebalance,simulated
2023-02-13,2023-02-10,123064.SZ,-96.0361662611765,114.74,5.5095948584036964,11019.189716807392,rebalance,simulated
2023-02-13,2023-02-10,123107.SZ,-69.54596126035563,128.2,4.457896116788795,8915.792233577591,rebalance,simulated
2023-02-13,2023-02-10,123128.SZ,-95.60277336440777,101.86,4.869049247449287,9738.098494898575,rebalance,simulated
2023-02-13,2023-02-10,127019.SZ,-1177.7781126956488,119.02,70.08957548651807,140179.15097303613,rebalance,simulated
2023-02-13,2023-02-10,127027.SZ,-44.66244345820405,123.62,2.7605856301515925,5521.171260303185,rebalance,simulated
2023-02-13,2023-02-10,127039.SZ,1089.9151370944933,119.8,65.28591671196016,130571.8334239203,rebalance,simulated
2023-02-13,2023-02-10,127050.SZ,-60.287789307425555,128.48,3.8728875851090176,7745.775170218035,rebalance,simulated
2023-02-13,2023-02-10,128075.SZ,-1130.2670958617662,124.93,70.60213414300523,141204.26828601045,rebalance,simulated
2023-02-13,2023-02-10,128081.SZ,-51.7847082136517,127.95,3.3129267079683675,6625.853415936735,rebalance,simulated
2023-02-13,2023-02-10,128128.SZ,939.3657080857574,139.0,65.28591671196014,130571.83342392028,rebalance,simulated
2023-02-13,2023-02-10,128134.SZ,1021.6888374328661,127.8,65.28591671196014,130571.83342392028,rebalance,simulated
2023-02-20,2023-02-17,110057.SH,-120.9230276950467,118.5,7.164689390931517,14329.378781863034,rebalance,simulated
2023-02-20,2023-02-17,110074.SH,843.5071912063868,135.05,56.95782308621127,113915.64617242254,rebalance,simulated
2023-02-20,2023-02-17,111002.SH,857.8631385828944,132.79,56.95782308621127,113915.64617242254,rebalance,simulated
2023-02-20,2023-02-17,111009.SH,-1034.8060978278672,123.5,63.8992765408708,127798.5530817416,rebalance,simulated
2023-02-20,2023-02-17,113048.SH,-91.94512198538769,120.63,5.545670032548658,11091.340065097316,rebalance,simulated
2023-02-20,2023-02-17,113058.SH,-131.21664206767946,115.34,7.567263748043075,15134.52749608615,rebalance,simulated
2023-02-20,2023-02-17,113619.SH,955.4277125926574,119.23,56.95782308621127,113915.64617242254,rebalance,simulated
2023-02-20,2023-02-17,113631.SH,-127.61137590908902,119.05,7.596067150988524,15192.134301977047,rebalance,simulated
2023-02-20,2023-02-17,113632.SH,-106.14465120384284,124.75,6.620772618839697,13241.545237679395,rebalance,simulated
2023-02-20,2023-02-17,118024.SH,-118.59682346079978,122.8,7.281844960493107,14563.689920986213,rebalance,simulated
2023-02-20,2023-02-17,123064.SZ,-124.495675122595,112.4,6.99665694188984,13993.31388377968,rebalance,simulated
2023-02-20,2023-02-17,123090.SZ,864.0446463320884,131.84,56.95782308621127,113915.64617242254,rebalance,simulated
2023-02-20,2023-02-17,123107.SZ,-111.52933555376126,125.6,7.004042272776207,14008.084545552414,rebalance,simulated
2023-02-20,2023-02-17,123128.SZ,-154.2210638762715,101.02,7.789705936390473,15579.411872780945,rebalance,simulated
2023-02-20,2023-02-17,127027.SZ,-104.5592653510214,119.7,6.257872031258631,12515.744062517262,rebalance,simulated
2023-02-20,2023-02-17,127039.SZ,-1089.9151370944933,118.63,64.64831635675986,129296.63271351974,rebalance,simulated
2023-02-20,2023-02-17,127046.SZ,926.3694085746323,122.97,56.95782308621127,113915.64617242254,rebalance,simulated
2023-02-20,2023-02-17,127050.SZ,-112.045433941895,125.98,7.057741883999967,14115.483767999933,rebalance,simulated
2023-02-20,2023-02-17,128075.SZ,889.6184785038854,128.05,56.95782308621127,113915.64617242254,rebalance,simulated
2023-02-20,2023-02-17,128081.SZ,-126.8948575844089,127.48,8.088278222430224,16176.556444860447,rebalance,simulated
2023-02-20,2023-02-17,128128.SZ,-939.3657080857574,137.7,64.6753290017044,129350.65800340878,rebalance,simulated
2023-02-20,2023-02-17,128134.SZ,-1021.6888374328661,125.01,63.860660783741295,127721.32156748259,rebalance,simulated
2023-02-27,2023-02-24,110057.SH,55.649991875390015,119.5,3.3250870145545535,6650.174029109106,rebalance,simulated
2023-02-27,2023-02-24,110074.SH,48.04246524832024,136.31,3.274334218999266,6548.668437998532,rebalance,simulated
2023-02-27,2023-02-24,110085.SH,965.2671459201041,125.9,60.76356683567056,121527.13367134111,rebalance,simulated
2023-02-27,2023-02-24,111002.SH,-857.8631385828944,136.51,58.553448523975455,117106.8970479509,rebalance,simulated
2023-02-27,2023-02-24,113048.SH,-944.3392702679478,122.09,57.64719075350688,115294.38150701375,rebalance,simulated
2023-02-27,2023-02-24,113058.SH,-987.6508251467187,117.72,58.13312756813586,116266.25513627172,rebalance,simulated
2023-02-27,2023-02-24,113619.SH,-955.4277125926574,120.8,57.70783384059651,115415.66768119301,rebalance,simulated
2023-02-27,2023-02-24,113631.SH,56.44492523442284,119.93,3.384719941682166,6769.439883364332,rebalance,simulated
2023-02-27,2023-02-24,113632.SH,41.875118413426435,127.25,2.664304409054257,5328.608818108514,rebalance,simulated
2023-02-27,2023-02-24,113638.SH,1040.0268178976562,116.85,60.76356683567056,121527.13367134111,rebalance,simulated
2023-02-27,2023-02-24,118003.SH,927.6172328168927,131.01,60.76356683567056,121527.13367134111,rebalance,simulated
2023-02-27,2023-02-24,118024.SH,-927.6518417949718,121.0,56.12293642859579,112245.87285719159,rebalance,simulated
2023-02-27,2023-02-24,123064.SZ,69.45210025216466,112.22,3.8969573451489588,7793.914690297917,rebalance,simulated
2023-02-27,2023-02-24,123090.SZ,-864.0446463320884,125.7,54.30520602197176,108610.41204394352,rebalance,simulated
2023-02-27,2023-02-24,123107.SZ,52.20062054620905,126.7,3.3069093116023436,6613.818623204687,rebalance,simulated
2023-02-27,2023-02-24,123128.SZ,74.87018922857192,101.06,3.7831906617197393,7566.381323439478,rebalance,simulated
2023-02-27,2023-02-24,123161.SZ,1051.0000317507663,115.63,60.76356683567055,121527.1336713411,rebalance,simulated
2023-02-27,2023-02-24,127027.SZ,28.381287565630373,124.0,1.7596398290690831,3519.2796581381663,rebalance,simulated
2023-02-27,2023-02-24,127036.SZ,887.0593698638038,137.0,60.76356683567056,121527.13367134111,rebalance,simulated
2023-02-27,2023-02-24,127046.SZ,-926.3694085746323,123.0,56.97171862733988,113943.43725467977,rebalance,simulated
2023-02-27,2023-02-24,127050.SZ,26.649782950585973,130.55,1.7395645820994996,3479.129164198999,rebalance,simulated
2023-02-27,2023-02-24,128075.SZ,72.51542753159174,126.31,4.579711825757677,9159.423651515353,rebalance,simulated
2023-02-27,2023-02-24,128081.SZ,43.10127979719812,129.74,2.7959800204442424,5591.960040888484,rebalance,simulated
2023-02-27,2023-02-24,128134.SZ,948.7636323783364,128.09,60.76356683567056,121527.13367134111,rebalance,simulated
2023-03-06,2023-03-03,110057.SH,-11.485448946027532,122.06,0.7009569491760602,1401.9138983521204,rebalance,simulated
2023-03-06,2023-03-03,110074.SH,10.933219013358553,135.99,0.7434042268133149,1486.8084536266297,rebalance,simulated
2023-03-06,2023-03-03,110085.SH,24.400189253690314,124.01,1.5129337346750682,3025.867469350136,rebalance,simulated
2023-03-06,2023-03-03,110089.SH,1020.2730587322491,120.29,61.36432311745113,122728.64623490225,rebalance,simulated
2023-03-06,2023-03-03,111002.SH,922.7717762022726,133.0,61.36432311745113,122728.64623490225,rebalance,simulated
2023-03-06,2023-03-03,113044.SH,1095.7914842401985,112.0,61.364323117451114,122728.64623490223,rebalance,simulated
2023-03-06,2023-03-03,113631.SH,1.0529491279111198,120.99,0.06369815749298319,127.39631498596638,rebalance,simulated
2023-03-06,2023-03-03,113632.SH,-955.0265907374547,126.93,60.610762581152564,121221.52516230513,rebalance,simulated
2023-03-06,2023-03-03,113638.SH,-1040.0268178976562,117.51,61.10677568557679,122213.55137115359,rebalance,simulated
2023-03-06,2023-03-03,118003.SH,-927.6172328168927,131.79,61.12533755646915,122250.67511293829,rebalance,simulated
2023-03-06,2023-03-03,123064.SZ,8.372824153727379,112.46,0.47080390216409046,941.6078043281809,rebalance,simulated
2023-03-06,2023-03-03,123090.SZ,972.5703006173409,126.19,61.36432311745113,122728.64623490225,rebalance,simulated
2023-03-06,2023-03-03,123107.SZ,17.811006809115042,125.62,1.1187093376805157,2237.4186753610315,rebalance,simulated
2023-03-06,2023-03-03,123128.SZ,7.81710263955847,101.4,0.3963271038256145,792.654207651229,rebalance,simulated
2023-03-06,2023-03-03,123161.SZ,-1051.0000317507663,115.1,60.4850518272566,120970.1036545132,rebalance,simulated
2023-03-06,2023-03-03,127027.SZ,-5.633978715154285,125.95,0.3547998095868411,709.5996191736822,rebalance,simulated
2023-03-06,2023-03-03,127036.SZ,14.892906427092498,136.07,1.013238888767238,2026.4777775344762,rebalance,simulated
2023-03-06,2023-03-03,127050.SZ,-930.8857424078216,131.6,61.252281850434656,122504.56370086932,rebalance,simulated
2023-03-06,2023-03-03,128075.SZ,-962.1339060354771,140.0,67.34937342248341,134698.7468449668,rebalance,simulated
2023-03-06,2023-03-03,128081.SZ,4.473099796415454,130.4,0.2916461067262876,583.2922134525752,rebalance,simulated
2023-03-06,2023-03-03,128128.SZ,899.9020841391865,136.38,61.36432311745113,122728.64623490225,rebalance,simulated
2023-03-06,2023-03-03,128134.SZ,-18.50784343797227,131.93,1.2208698923858408,2441.7397847716816,rebalance,simulated
2023-03-06,2023-03-03,128141.SZ,942.6163305292032,130.2,61.36432311745113,122728.64623490225,rebalance,simulated
2023-03-13,2023-03-10,110057.SH,-10.242709883940734,121.1,0.6201960834726113,1240.3921669452227,rebalance,simulated
2023-03-13,2023-03-10,110074.SH,-1.578441503887575,133.78,0.1055819521950399,211.16390439007978,rebalance,simulated
2023-03-13,2023-03-10,110085.SH,-989.6673351737944,122.8,60.76557437967097,121531.14875934194,rebalance,simulated
2023-03-13,2023-03-10,110089.SH,-1020.2730587322491,117.5,59.94104220051963,119882.08440103926,rebalance,simulated
2023-03-13,2023-03-10,111002.SH,-7.430429078951079,131.67,0.48918229841274424,978.3645968254884,rebalance,simulated
2023-03-13,2023-03-10,113044.SH,-16.803165746664718,111.7,0.9384568069512246,1876.913613902449,rebalance,simulated
2023-03-13,2023-03-10,113048.SH,997.1291071045564,120.87,60.261497587863865,120522.99517572773,rebalance,simulated
2023-03-13,2023-03-10,113631.SH,0.13316163013939786,118.8,0.007909800830280233,15.819601660560465,rebalance,simulated
2023-03-13,2023-03-10,113655.SH,950.8717568104752,126.75,60.261497587863865,120522.99517572773,rebalance,simulated
2023-03-13,2023-03-10,123064.SZ,-1091.309320957694,111.7,60.949625575487204,121899.2511509744,rebalance,simulated
2023-03-13,2023-03-10,123090.SZ,-0.6106621034075488,124.0,0.03786105041126803,75.72210082253605,rebalance,simulated
2023-03-13,2023-03-10,123107.SZ,16.365346060034767,121.33,0.9928037187320091,1985.6074374640182,rebalance,simulated
2023-03-13,2023-03-10,123128.SZ,-1210.3416788451898,101.35,61.33406457547999,122668.12915095998,rebalance,simulated
2023-03-13,2023-03-10,127027.SZ,13.469852187300148,122.0,0.821660983425309,1643.321966850618,rebalance,simulated
2023-03-13,2023-03-10,127036.SZ,17.509084524847708,131.08,1.147545399758519,2295.090799517038,rebalance,simulated
2023-03-13,2023-03-10,127046.SZ,999.5272447812882,120.58,60.261497587863865,120522.99517572773,rebalance,simulated
2023-03-13,2023-03-10,127050.SZ,936.4646089800135,128.7,60.261497587863865,120522.99517572773,rebalance,simulated
2023-03-13,2023-03-10,128075.SZ,953.1276803141774,126.45,60.261497587863865,120522.99517572773,rebalance,simulated
2023-03-13,2023-03-10,128081.SZ,4.107793574212678,127.5,0.2618718403560582,523.7436807121164,rebalance,simulated
2023-03-13,2023-03-10,128128.SZ,-899.9020841391865,135.7,61.0583564088438,122116.7128176876,rebalance,simulated
2023-03-13,2023-03-10,128134.SZ,13.5421372595398,127.7,0.8646654640216163,1729.3309280432325,rebalance,simulated
2023-03-13,2023-03-10,128141.SZ,7.580730143516234,126.84,0.4807699057017996,961.5398114035992,rebalance,simulated
2023-03-20,2023-03-17,110057.SH,-28.1105180358486,124.58,1.7510041684530093,3502.0083369060185,rebalance,simulated
2023-03-20,2023-03-17,110074.SH,24.475026041634237,130.2,1.5933241953103887,3186.6483906207773,rebalance,simulated
2023-03-20,2023-03-17,110085.SH,992.3762926674635,121.41,60.242202846378376,120484.40569275674,rebalance,simulated
2023-03-20,2023-03-17,111002.SH,7.981556491949618,130.49,0.520756653317253,1041.5133066345059,rebalance,simulated
2023-03-20,2023-03-17,113044.SH,-14.262216578044672,113.16,0.8069562139857674,1613.912427971535,rebalance,simulated
2023-03-20,2023-03-17,113048.SH,-997.1291071045564,119.3,59.47875123878679,118957.50247757358,rebalance,simulated
2023-03-20,2023-03-17,113619.SH,1012.133784381357,119.04,60.242202846378376,120484.40569275674,rebalance,simulated
2023-03-20,2023-03-17,113631.SH,3.1014514154308017,118.4,0.1836059237935035,367.21184758700696,rebalance,simulated
2023-03-20,2023-03-17,113655.SH,9.622548775914652,125.44,0.603526259225367,1207.052518450734,rebalance,simulated
2023-03-20,2023-03-17,123090.SZ,0.23761552267387742,123.93,0.014723845862486816,29.44769172497363,rebalance,simulated
2023-03-20,2023-03-17,123107.SZ,-25.602448145896233,124.5,1.5937523970820404,3187.504794164081,rebalance,simulated
2023-03-20,2023-03-17,127027.SZ,16.1433110265707,120.0,0.968598661594242,1937.197323188484,rebalance,simulated
2023-03-20,2023-03-17,127036.SZ,-21.19545689598897,134.13,1.4214733167295002,2842.946633459,rebalance,simulated
2023-03-20,2023-03-17,127046.SZ,-999.5272447812882,120.4,60.17154013583355,120343.0802716671,rebalance,simulated
2023-03-20,2023-03-17,127050.SZ,-4.139253468470088,129.23,0.2674578628651947,534.9157257303893,rebalance,simulated
2023-03-20,2023-03-17,127066.SZ,1047.417245003536,115.03,60.242202846378376,120484.40569275674,rebalance,simulated
2023-03-20,2023-03-17,128075.SZ,-4.431572497195134,127.0,0.281404853571891,562.809707143782,rebalance,simulated
2023-03-20,2023-03-17,128081.SZ,11.17477541587482,125.97,0.7038432295688755,1407.686459137751,rebalance,simulated
2023-03-20,2023-03-17,128134.SZ,-943.7979261999039,127.73,60.27565455675687,120551.30911351374,rebalance,simulated
2023-03-20,2023-03-17,128141.SZ,6.787893201440511,125.9,0.4272978770306802,854.5957540613604,rebalance,simulated
2023-03-27,2023-03-24,110057.SH,-967.124784819046,124.95,60.4211209315699,120842.2418631398,rebalance,simulated
2023-03-27,2023-03-24,110074.SH,-925.3794600058122,136.23,63.032221918295896,126064.44383659179,rebalance,simulated
2023-03-27,2023-03-24,110085.SH,70.06038466861992,122.53,4.292249466723,8584.498933445999,rebalance,simulated
2023-03-27,2023-03-24,111002.SH,82.70774610644673,129.4,5.351191173087105,10702.382346174209,rebalance,simulated
2023-03-27,2023-03-24,113044.SH,89.15056954338615,112.82,5.028983627942413,10057.967255884825,rebalance,simulated
2023-03-27,2023-03-24,113619.SH,-1012.133784381357,124.64,63.07617744264617,126152.35488529234,rebalance,simulated
2023-03-27,2023-03-24,113631.SH,72.0442225577666,119.47,4.303561634488188,8607.123268976376,rebalance,simulated
2023-03-27,2023-03-24,113632.SH,1042.944769059368,124.82,65.09018303699516,130180.3660739903,rebalance,simulated
2023-03-27,2023-03-24,113655.SH,52.34601242489396,128.53,3.36401648848581,6728.03297697162,rebalance,simulated
2023-03-27,2023-03-24,118024.SH,1078.2768663463123,120.73,65.09018303699514,130180.36607399028,rebalance,simulated
2023-03-27,2023-03-24,123090.SZ,96.60706512587478,121.8,5.883370266165775,11766.740532331549,rebalance,simulated
2023-03-27,2023-03-24,123107.SZ,59.23677737760431,126.76,3.7544269501925616,7508.853900385123,rebalance,simulated
2023-03-27,2023-03-24,123130.SZ,989.362867259388,131.58,65.09018303699516,130180.3660739903,rebalance,simulated
2023-03-27,2023-03-24,127027.SZ,58.92046784837896,122.47,3.607994848695486,7215.989697390972,rebalance,simulated
2023-03-27,2023-03-24,127036.SZ,59.78801184408292,135.88,4.061997524686993,8123.995049373986,rebalance,simulated
2023-03-27,2023-03-24,127050.SZ,64.84328542289006,130.55,4.232645455979149,8465.290911958298,rebalance,simulated
2023-03-27,2023-03-24,127066.SZ,48.74616080641931,118.76,2.894547028685179,5789.094057370357,rebalance,simulated
2023-03-27,2023-03-24,128075.SZ,33.42660869746726,132.55,2.215348491424643,4430.696982849286,rebalance,simulated
2023-03-27,2023-03-24,128081.SZ,62.17254367803787,127.8,3.9728255410266198,7945.651082053239,rebalance,simulated
2023-03-27,2023-03-24,128141.SZ,-956.9849538741599,129.38,61.907356666119405,123814.71333223881,rebalance,simulated
2023-04-03,2023-03-31,110085.SH,60.89119572745062,123.77,3.768251647593282,7536.503295186563,rebalance,simulated
2023-04-03,2023-03-31,111002.SH,75.02285194279978,128.61,4.82434449418174,9648.68898836348,rebalance,simulated
2023-04-03,2023-03-31,113044.SH,76.51528295770527,113.0,4.323113487110348,8646.226974220695,rebalance,simulated
2023-04-03,2023-03-31,113619.SH,1118.5381403787096,124.3,69.5171454245368,139034.29084907362,rebalance,simulated
2023-04-03,2023-03-31,113631.SH,75.08494324470257,119.37,4.4814448375600735,8962.889675120146,rebalance,simulated
2023-04-03,2023-03-31,113632.SH,-1042.944769059368,124.35,64.8450910162662,129690.1820325324,rebalance,simulated
2023-04-03,2023-03-31,113655.SH,-1012.8403180112838,128.36,65.0040916099642,130008.1832199284,rebalance,simulated
2023-04-03,2023-03-31,118024.SH,-1078.2768663463123,119.67,64.5186962978316,129037.3925956632,rebalance,simulated
2023-04-03,2023-03-31,123090.SZ,50.183937168090324,124.25,3.1176770965676117,6235.354193135223,rebalance,simulated
2023-04-03,2023-03-31,123107.SZ,58.54393507754912,128.08,3.7491536023662464,7498.307204732492,rebalance,simulated
2023-04-03,2023-03-31,123130.SZ,72.45392553940235,130.94,4.743558505064671,9487.117010129343,rebalance,simulated
2023-04-03,2023-03-31,127016.SZ,1183.169865109979,117.51,69.5171454245368,139034.29084907362,rebalance,simulated
2023-04-03,2023-03-31,127027.SZ,80.69907245901572,121.57,4.9052931194212706,9810.586238842541,rebalance,simulated
2023-04-03,2023-03-31,127036.SZ,44.573118555579526,138.67,3.0904771750511064,6180.954350102213,rebalance,simulated
2023-04-03,2023-03-31,127039.SZ,1159.9723915324012,119.86,69.5171454245368,139034.29084907362,rebalance,simulated
2023-04-03,2023-03-31,127050.SZ,74.63440292213147,129.72,4.840787373529447,9681.574747058894,rebalance,simulated
2023-04-03,2023-03-31,127066.SZ,-1096.1634058099553,121.0,66.3178860515023,132635.7721030046,rebalance,simulated
2023-04-03,2023-03-31,128075.SZ,75.73538931430801,131.43,4.976951108789751,9953.902217579502,rebalance,simulated
2023-04-03,2023-03-31,128081.SZ,80.02534109734972,126.55,5.0636034579348035,10127.206915869607,rebalance,simulated
2023-04-10,2023-04-07,110057.SH,1001.3047566884694,131.47,65.82076818091655,131641.53636183307,rebalance,simulated
2023-04-10,2023-04-07,110074.SH,977.2942565837645,134.7,65.82076818091655,131641.53636183307,rebalance,simulated
2023-04-10,2023-04-07,110085.SH,-86.78034265539964,127.0,5.5105517586178765,11021.103517235753,rebalance,simulated
2023-04-10,2023-04-07,111002.SH,-67.72476360098847,129.91,4.399062019702206,8798.12403940441,rebalance,simulated
2023-04-10,2023-04-07,113044.SH,-65.01008152499867,112.96,3.6717694045319247,7343.538809063849,rebalance,simulated
2023-04-10,2023-04-07,113619.SH,-1118.5381403787096,128.44,71.83251937512073,143665.03875024145,rebalance,simulated
2023-04-10,2023-04-07,113631.SH,-68.81705748376817,120.12,4.133152472475116,8266.304944950232,rebalance,simulated
2023-04-10,2023-04-07,113638.SH,1123.6047828766907,117.16,65.82076818091655,131641.53636183307,rebalance,simulated
2023-04-10,2023-04-07,113639.SH,1034.6737118748179,127.23,65.82076818091655,131641.53636183307,rebalance,simulated
2023-04-10,2023-04-07,113647.SH,984.677510373499,133.69,65.82076818091655,131641.53636183307,rebalance,simulated
2023-04-10,2023-04-07,123090.SZ,-1118.9882563305723,125.57,70.25567767371498,140511.35534742996,rebalance,simulated
2023-04-10,2023-04-07,123107.SZ,-75.46374671072215,130.33,4.917595054404209,9835.190108808418,rebalance,simulated
2023-04-10,2023-04-07,123130.SZ,-65.43822511915778,132.12,4.322849151371563,8645.698302743125,rebalance,simulated
2023-04-10,2023-04-07,127016.SZ,-1183.169865109979,117.0,69.21543710893377,138430.87421786753,rebalance,simulated
2023-04-10,2023-04-07,127027.SZ,-70.34572557690467,122.65,4.313951621003679,8627.903242007358,rebalance,simulated
2023-04-10,2023-04-07,127036.SZ,-52.90092248164922,138.61,3.6662984325906995,7332.596865181399,rebalance,simulated
2023-04-10,2023-04-07,127039.SZ,-101.50542713718482,124.37,6.312114986525839,12624.229973051677,rebalance,simulated
2023-04-10,2023-04-07,127050.SZ,-1071.803043856565,131.55,70.49784520966557,140995.69041933113,rebalance,simulated
2023-04-10,2023-04-07,128075.SZ,-37.855499584893664,129.06,2.442815388213188,4885.6307764263765,rebalance,simulated
2023-04-10,2023-04-07,128081.SZ,-61.20494795104037,126.89,3.883147922753756,7766.295845507512,rebalance,simulated
2023-04-17,2023-04-14,110057.SH,-88.14040424637915,136.1,5.9979545089661,11995.909017932201,rebalance,simulated
2023-04-17,2023-04-14,110074.SH,-977.2942565837645,144.9,70.80496888949375,141609.93777898749,rebalance,simulated
2023-04-17,2023-04-14,110085.SH,-47.51626853189316,125.66,2.985447151858847,5970.894303717694,rebalance,simulated
2023-04-17,2023-04-14,111002.SH,-52.95729561419387,129.41,3.4266018127164144,6853.203625432829,rebalance,simulated
2023-04-17,2023-04-14,113044.SH,-75.00050451670495,113.98,4.274278752407016,8548.55750481403,rebalance,simulated
2023-04-17,2023-04-14,113619.SH,996.405582998224,124.73,62.14083418368424,124281.66836736847,rebalance,simulated
2023-04-17,2023-04-14,113631.SH,-50.566828366773734,118.89,3.005945112262865,6011.8902245257295,rebalance,simulated
2023-04-17,2023-04-14,113638.SH,-1123.6047828766907,116.22,65.2926739329645,130585.347865929,rebalance,simulated
2023-04-17,2023-04-14,113639.SH,-1034.6737118748179,128.2,66.32258493117583,132645.16986235164,rebalance,simulated
2023-04-17,2023-04-14,113647.SH,-19.382998782287586,128.75,1.2477805466097633,2495.561093219527,rebalance,simulated
2023-04-17,2023-04-14,118024.SH,1016.7021299686558,122.24,62.14083418368424,124281.66836736847,rebalance,simulated
2023-04-17,2023-04-14,123107.SZ,-44.09344362503225,128.66,2.8365312283983246,5673.062456796649,rebalance,simulated
2023-04-17,2023-04-14,123130.SZ,-996.3785676796326,135.2,67.35519117514316,134710.38235028632,rebalance,simulated
2023-04-17,2023-04-14,127019.SZ,1038.7969606099002,119.64,62.140834183684234,124281.66836736846,rebalance,simulated
2023-04-17,2023-04-14,127027.SZ,-41.927388858634686,120.5,2.5261251787327397,5052.250357465479,rebalance,simulated
2023-04-17,2023-04-14,127036.SZ,-70.16724158038346,141.3,4.957315617654092,9914.631235308183,rebalance,simulated
2023-04-17,2023-04-14,127039.SZ,-1058.4669643952163,126.52,66.95862016764139,133917.24033528275,rebalance,simulated
2023-04-17,2023-04-14,127050.SZ,951.6207378818414,130.6,62.14083418368424,124281.66836736847,rebalance,simulated
2023-04-17,2023-04-14,128074.SZ,977.0571412528968,127.2,62.14083418368424,124281.66836736847,rebalance,simulated
2023-04-17,2023-04-14,128075.SZ,-1020.0026062438639,125.0,63.75016289024149,127500.32578048298,rebalance,simulated
2023-04-17,2023-04-14,128081.SZ,-56.45574846719978,126.69,3.5761893866547703,7152.3787733095405,rebalance,simulated
2023-04-17,2023-04-14,128128.SZ,914.77747951839,135.86,62.14083418368424,124281.66836736847,rebalance,simulated
2023-04-17,2023-04-14,128134.SZ,954.6176232227397,130.19,62.14083418368424,124281.66836736847,rebalance,simulated
2023-04-24,2023-04-21,110057.SH,40.2350002000004,137.2,2.7601210137200276,5520.242027440055,rebalance,simulated
2023-04-24,2023-04-21,110074.SH,940.9854771778637,139.01,65.40319559124741,130806.39118249482,rebalance,simulated
2023-04-24,2023-04-21,110085.SH,70.1298003301946,123.5,4.330515170389516,8661.030340779032,rebalance,simulated
2023-04-24,2023-04-21,111002.SH,48.15894446272978,129.7,3.1231075484080257,6246.215096816051,rebalance,simulated
2023-04-24,2023-04-21,113044.SH,54.93332545661633,114.21,3.1369675502000756,6273.935100400151,rebalance,simulated
2023-04-24,2023-04-21,113619.SH,49.627133375185394,125.05,3.1029365142834666,6205.8730285669335,rebalance,simulated
2023-04-24,2023-04-21,113631.SH,67.13838570160783,117.58,3.9470656953975247,7894.131390795049,rebalance,simulated
2023-04-24,2023-04-21,113647.SH,74.50192070207027,125.8,4.68617081216022,9372.34162432044,rebalance,simulated
2023-04-24,2023-04-21,113651.SH,1036.3364853628175,126.22,65.40319559124741,130806.39118249482,rebalance,simulated
2023-04-24,2023-04-21,118024.SH,-1016.7021299686558,118.06,60.015926732049756,120031.8534640995,rebalance,simulated
2023-04-24,2023-04-21,118031.SH,1135.4721456813786,115.2,65.40319559124741,130806.39118249482,rebalance,simulated
2023-04-24,2023-04-21,123107.SZ,49.923313450357455,128.76,3.2140629199340127,6428.125839868026,rebalance,simulated
2023-04-24,2023-04-21,127019.SZ,-1038.7969606099002,119.58,62.109670274865934,124219.34054973186,rebalance,simulated
2023-04-24,2023-04-21,127027.SZ,47.43245740323914,121.25,2.875592730071373,5751.185460142746,rebalance,simulated
2023-04-24,2023-04-21,127036.SZ,106.1712818337594,132.7,7.044464549669935,14088.92909933987,rebalance,simulated
2023-04-24,2023-04-21,127050.SZ,68.47121550266183,128.23,4.390031981953164,8780.063963906327,rebalance,simulated
2023-04-24,2023-04-21,128074.SZ,-977.0571412528968,130.82,63.90930760935198,127818.61521870396,rebalance,simulated
2023-04-24,2023-04-21,128081.SZ,71.52325053298182,124.28,4.44445478811949,8888.90957623898,rebalance,simulated
2023-04-24,2023-04-21,128128.SZ,61.389618858437075,134.0,4.113104463515284,8226.208927030568,rebalance,simulated
2023-04-24,2023-04-21,128134.SZ,-954.6176232227397,129.41,61.76853331062737,123537.06662125474,rebalance,simulated
2023-04-28,2023-04-27,123107.SZ,-1015.8930660336661,128.33,65.18477858205019,130369.55716410038,risk_exit,simulated
2023-05-04,2023-04-28,110057.SH,121.85633165419858,140.92,8.585997128354832,17171.994256709662,rebalance,simulated
2023-05-04,2023-04-28,110074.SH,152.18984228705995,138.61,10.54751701970469,21095.03403940938,rebalance,simulated
2023-05-04,2023-04-28,110084.SH,1220.401345288604,124.16,75.76251551551654,151525.03103103308,rebalance,simulated
2023-05-04,2023-04-28,110085.SH,156.93067961565953,124.6,9.776781340055589,19553.562680111176,rebalance,simulated
2023-05-04,2023-04-28,111002.SH,144.36492641847644,131.43,9.486941139590181,18973.88227918036,rebalance,simulated
2023-05-04,2023-04-28,113044.SH,161.04819116749877,115.99,9.33998984675909,18679.97969351818,rebalance,simulated
2023-05-04,2023-04-28,113619.SH,-1046.0327163734094,124.8,65.27244150170074,130544.88300340148,rebalance,simulated
2023-05-04,2023-04-28,113631.SH,139.78454026356553,121.0,8.456964685945715,16913.92937189143,rebalance,simulated
2023-05-04,2023-04-28,113647.SH,201.8049363648065,122.04,12.314137216980495,24628.27443396099,rebalance,simulated
2023-05-04,2023-04-28,113651.SH,-1036.3364853628175,119.53,61.93665004770879,123873.30009541758,rebalance,simulated
2023-05-04,2023-04-28,118031.SH,-1135.4721456813786,115.92,65.81196556369271,131623.9311273854,risk_exit,simulated
2023-05-04,2023-04-28,127027.SZ,156.91292187347676,122.62,9.62033124006286,19240.66248012572,rebalance,simulated
2023-05-04,2023-04-28,127036.SZ,149.28880694281156,133.5,9.965027863432672,19930.055726865343,rebalance,simulated
2023-05-04,2023-04-28,127050.SZ,-1020.0919533845032,127.75,65.15837352243514,130316.74704487028,rebalance,simulated
2023-05-04,2023-04-28,128074.SZ,988.3571262868246,153.31,75.76251551551654,151525.03103103308,rebalance,simulated
2023-05-04,2023-04-28,128075.SZ,1232.010984885219,122.99,75.76251551551654,151525.03103103308,rebalance,simulated
2023-05-04,2023-04-28,128081.SZ,120.18998345237605,129.21,7.764873880940756,15529.74776188151,rebalance,simulated
2023-05-05,2023-05-04,110074.SH,-1093.1753194649236,137.88,75.36350652391182,150727.01304782365,risk_exit,simulated
2023-05-05,2023-05-04,111002.SH,-1152.8953133305415,130.56,75.26100605421776,150522.0121084355,risk_exit,simulated
2023-05-05,2023-05-04,113647.SH,-1241.6013686580882,122.2,75.86184362500919,151723.68725001838,risk_exit,simulated
2023-05-05,2023-05-04,128074.SZ,-988.3571262868246,168.0,83.02199860809327,166043.99721618654,risk_exit,simulated
2023-05-05,2023-05-04,128075.SZ,-1232.010984885219,122.42,75.41139238482425,150822.7847696485,risk_exit,simulated
2023-05-05,2023-05-04,128081.SZ,-1172.7035912934996,128.8,75.52211127930137,151044.22255860275,risk_exit,simulated
2023-05-05,2023-05-04,128128.SZ,-976.1670983768271,130.55,63.719307346547396,127438.61469309479,risk_exit,simulated
2023-05-08,2023-05-05,110057.SH,308.0945638696246,138.3,21.304739091584544,42609.478183169085,rebalance,simulated
2023-05-08,2023-05-05,110084.SH,340.0989754401555,122.6,20.848067194481533,41696.134388963066,rebalance,simulated
2023-05-08,2023-05-05,110085.SH,343.7724189715932,122.65,21.081843593432954,42163.68718686591,rebalance,simulated
2023-05-08,2023-05-05,110090.SH,1474.8484375681924,129.72,95.65866966067296,191317.3393213459,rebalance,simulated
2023-05-08,2023-05-05,113044.SH,314.83310958914376,118.01,18.576727631307428,37153.45526261486,rebalance,simulated
2023-05-08,2023-05-05,113631.SH,292.10334272826526,123.88,18.092881048588747,36185.762097177496,rebalance,simulated
2023-05-08,2023-05-05,118013.SH,1530.5387145707673,125.0,95.65866966067296,191317.3393213459,rebalance,simulated
2023-05-08,2023-05-05,127018.SZ,1540.3972570156675,124.2,95.65866966067296,191317.3393213459,rebalance,simulated
2023-05-08,2023-05-05,127027.SZ,335.0213930714435,121.8,20.40280283805091,40805.60567610182,rebalance,simulated
2023-05-08,2023-05-05,127036.SZ,316.55417693983713,131.8,20.86092026033527,41721.840520670536,rebalance,simulated
2023-05-08,2023-05-05,127063.SZ,1464.9107145585444,130.6,95.65866966067296,191317.3393213459,rebalance,simulated
2023-05-10,2023-05-09,110057.SH,-1383.3502481659139,131.47,90.93452856318635,181869.0571263727,risk_exit,simulated
2023-05-15,2023-05-12,110077.SH,1399.2883014818356,135.32,94.675846478261,189351.692956522,rebalance,simulated
2023-05-15,2023-05-12,110084.SH,-20.80530563263028,122.98,1.279318243350436,2558.636486700872,rebalance,simulated
2023-05-15,2023-05-12,110085.SH,-1559.8641607936886,123.2,96.08763230489122,192175.26460978243,rebalance,simulated
2023-05-15,2023-05-12,110090.SH,-18.296953287253928,130.0,1.1893019636715054,2378.6039273430106,rebalance,simulated
2023-05-15,2023-05-12,113044.SH,13.25970637450564,115.85,0.7680684917432392,1536.1369834864784,rebalance,simulated
2023-05-15,2023-05-12,113619.SH,1601.2828156999747,118.25,94.675846478261,189351.692956522,rebalance,simulated
2023-05-15,2023-05-12,113631.SH,-14.261635898057875,123.75,0.8824387211923311,1764.8774423846621,rebalance,simulated
2023-05-15,2023-05-12,118013.SH,34.35130986329864,121.0,2.0782542467295677,4156.508493459135,rebalance,simulated
2023-05-15,2023-05-12,123090.SZ,1645.1059335927193,115.1,94.675846478261,189351.692956522,rebalance,simulated
2023-05-15,2023-05-12,127018.SZ,18.052890774637035,121.5,1.0967131145591997,2193.4262291183995,rebalance,simulated
2023-05-15,2023-05-12,127027.SZ,-17.795816070092087,121.93,1.0849219267131642,2169.843853426328,rebalance,simulated
2023-05-15,2023-05-12,127036.SZ,-1451.573135973793,133.5,96.89250682625067,193785.01365250134,rebalance,simulated
2023-05-15,2023-05-12,127063.SZ,-2.0577096410384,129.44,0.13317496796800526,266.3499359360105,rebalance,simulated
2023-05-22,2023-05-19,110077.SH,-69.17478500311813,131.9,4.562077070955641,9124.154141911282,rebalance,simulated
2023-05-22,2023-05-19,110084.SH,-137.95346169613867,125.16,8.633127632944356,17266.255265888714,rebalance,simulated
2023-05-22,2023-05-19,110085.SH,1418.859464808272,123.65,87.72098641177142,175441.97282354283,rebalance,simulated
2023-05-22,2023-05-19,110090.SH,-1456.5514842809384,133.0,96.86067370468241,193721.34740936483,rebalance,simulated
2023-05-22,2023-05-19,113044.SH,-122.15527148636511,116.01,7.085616522566609,14171.233045133216,rebalance,simulated
2023-05-22,2023-05-19,113063.SH,1344.3829335137382,130.5,87.72098641177142,175441.97282354283,rebalance,simulated
2023-05-22,2023-05-19,113066.SH,1498.2235083137732,117.1,87.72098641177142,175441.97282354283,rebalance,simulated
2023-05-22,2023-05-19,113619.SH,-1601.2828156999747,123.0,98.47889316554846,196957.7863310969,rebalance,simulated
2023-05-22,2023-05-19,113631.SH,-129.82757407964004,125.29,8.133048378219051,16266.096756438103,rebalance,simulated
2023-05-22,2023-05-19,118013.SH,-149.00774839869473,123.91,9.231775052041131,18463.550104082264,rebalance,simulated
2023-05-22,2023-05-19,123090.SZ,-162.33063927609624,118.32,9.603480619573853,19206.961239147706,rebalance,simulated
2023-05-22,2023-05-19,127018.SZ,-129.187640062868,122.75,7.928891408858524,15857.782817717049,rebalance,simulated
2023-05-22,2023-05-19,127027.SZ,-1552.954096256229,122.59,95.18832133002556,190376.64266005112,rebalance,simulated
2023-05-22,2023-05-19,127036.SZ,1260.8118779988704,139.15,87.72098641177142,175441.97282354283,rebalance,simulated
2023-05-22,2023-05-19,127063.SZ,-85.97360746386585,127.42,5.477378531522893,10954.757063045787,rebalance,simulated
2023-05-29,2023-05-26,110077.SH,111.11650384073141,134.03,7.446472504886616,14892.945009773232,rebalance,simulated
2023-05-29,2023-05-26,110084.SH,104.91205882538748,128.21,6.725387531001465,13450.77506200293,rebalance,simulated
2023-05-29,2023-05-26,110085.SH,-1418.859464808272,123.74,87.78483508768778,175569.67017537556,rebalance,simulated
2023-05-29,2023-05-26,113044.SH,157.54794209543638,115.68,9.112572970800041,18225.145941600083,rebalance,simulated
2023-05-29,2023-05-26,113063.SH,-1344.3829335137382,133.74,89.89888676406368,179797.77352812735,rebalance,simulated
2023-05-29,2023-05-26,113066.SH,-1498.2235083137732,115.37,86.42502307708001,172850.04615416002,rebalance,simulated
2023-05-29,2023-05-26,113505.SH,1619.1790412692014,119.3,96.58402981170786,193168.05962341573,rebalance,simulated
2023-05-29,2023-05-26,113631.SH,147.53387409412812,124.8,9.206113743473594,18412.227486947188,rebalance,simulated
2023-05-29,2023-05-26,118013.SH,135.1700735986076,124.54,8.417040482985295,16834.08096597059,rebalance,simulated
2023-05-29,2023-05-26,123090.SZ,72.52309234533914,124.2,4.50368403464556,9007.36806929112,rebalance,simulated
2023-05-29,2023-05-26,127018.SZ,159.29061417565345,121.6,9.684869341879729,19369.738683759457,rebalance,simulated
2023-05-29,2023-05-26,127036.SZ,107.23387004231768,141.2,7.570711224987628,15141.422449975254,rebalance,simulated
2023-05-29,2023-05-26,127050.SZ,1519.572526930583,127.12,96.58402981170786,193168.05962341573,rebalance,simulated
2023-05-29,2023-05-26,127063.SZ,122.87261825610904,128.8,7.912996615693422,15825.993231386845,rebalance,simulated
2023-06-05,2023-06-02,110077.SH,-1441.2300203194488,143.3,103.26413095588852,206528.26191177702,rebalance,simulated
2023-06-05,2023-06-02,110084.SH,24.431475625461644,127.8,1.561171292466999,3122.342584933998,rebalance,simulated
2023-06-05,2023-06-02,113044.SH,30.618076914750645,115.07,1.7616110552901783,3523.2221105803565,rebalance,simulated
2023-06-05,2023-06-02,113061.SH,1608.4888962378736,121.65,97.83633711366866,195672.67422733732,rebalance,simulated
2023-06-05,2023-06-02,113505.SH,-1619.1790412692014,122.3,99.01279837361166,198025.59674722332,rebalance,simulated
2023-06-05,2023-06-02,113619.SH,1540.7297183254907,127.0,97.83633711366866,195672.67422733732,rebalance,simulated
2023-06-05,2023-06-02,113631.SH,40.17344399469016,123.22,2.475085884512861,4950.171769025722,rebalance,simulated
2023-06-05,2023-06-02,113651.SH,1653.4787411470113,118.34,97.83633711366866,195672.67422733732,rebalance,simulated
2023-06-05,2023-06-02,118013.SH,-31.854568365831938,128.8,2.051434202759577,4102.868405519154,rebalance,simulated
2023-06-05,2023-06-02,123090.SZ,-1555.2983866619622,124.23,96.60735928750779,193214.71857501558,rebalance,simulated
2023-06-05,2023-06-02,127018.SZ,3.576041866945161,122.9,0.21974777272378015,439.4955454475603,rebalance,simulated
2023-06-05,2023-06-02,127027.SZ,1639.2114788249755,119.37,97.83633711366866,195672.67422733732,rebalance,simulated
2023-06-05,2023-06-02,127036.SZ,-1368.045748041188,142.57,97.52114114911609,195042.28229823217,rebalance,simulated
2023-06-05,2023-06-02,127050.SZ,0.21523405844459376,128.75,0.013855692512370723,27.711385024741446,rebalance,simulated
2023-06-05,2023-06-02,127063.SZ,12.401571827633461,129.4,0.802381697247885,1604.76339449577,rebalance,simulated
2023-06-12,2023-06-09,110084.SH,6.992415013680102,127.66,0.4463258503232009,892.6517006464018,rebalance,simulated
2023-06-12,2023-06-09,113044.SH,-18.65939053627403,116.75,1.0892419225549965,2178.483845109993,rebalance,simulated
2023-06-12,2023-06-09,113061.SH,-12.269287948428882,123.01,0.7546225552681184,1509.2451105362368,rebalance,simulated
2023-06-12,2023-06-09,113519.SH,1635.576626536315,120.05,98.17548700784229,196350.9740156846,rebalance,simulated
2023-06-12,2023-06-09,113527.SH,1496.3494438018945,131.22,98.17548700784229,196350.9740156846,rebalance,simulated
2023-06-12,2023-06-09,113619.SH,-10.32462077533819,128.3,0.6623244227379449,1324.6488454758899,rebalance,simulated
2023-06-12,2023-06-09,113631.SH,-25.934179867770354,125.7,1.6299632046893668,3259.9264093787338,rebalance,simulated
2023-06-12,2023-06-09,113651.SH,-1653.4787411470113,118.63,98.07609153113496,196152.18306226993,rebalance,simulated
2023-06-12,2023-06-09,118013.SH,74.43077173635447,123.21,4.585307692818117,9170.615385636234,rebalance,simulated
2023-06-12,2023-06-09,127018.SZ,6.820136031956736,122.8,0.4187563523621436,837.5127047242871,rebalance,simulated
2023-06-12,2023-06-09,127027.SZ,-1639.2114788249755,121.1,99.25425504285226,198508.51008570453,rebalance,simulated
2023-06-12,2023-06-09,127036.SZ,1412.5969353646374,139.0,98.17548700784229,196350.9740156846,rebalance,simulated
2023-06-12,2023-06-09,127050.SZ,-1519.7877609890277,129.12,98.11749784945162,196234.99569890325,rebalance,simulated
2023-06-12,2023-06-09,127063.SZ,-12.146146623061895,130.9,0.7949652964794012,1589.9305929588022,rebalance,simulated
2023-06-19,2023-06-16,110084.SH,174.28841596887764,128.7,11.215459567597277,22430.919135194552,rebalance,simulated
2023-06-19,2023-06-16,113044.SH,229.567562638347,115.3,13.234569986100704,26469.139972201407,rebalance,simulated
2023-06-19,2023-06-16,113061.SH,81.08835848015906,131.39,5.327099710354049,10654.199420708097,rebalance,simulated
2023-06-19,2023-06-16,113519.SH,151.92839215018216,123.29,9.365625734097978,18731.25146819596,rebalance,simulated
2023-06-19,2023-06-16,113527.SH,-1496.3494438018945,131.26,98.20541399671833,196410.82799343666,rebalance,simulated
2023-06-19,2023-06-16,113619.SH,-1530.4050975501525,129.74,99.2773786780784,198554.7573561568,rebalance,simulated
2023-06-19,2023-06-16,113631.SH,199.723211236231,125.09,12.49168824677007,24983.376493540138,rebalance,simulated
2023-06-19,2023-06-16,118013.SH,138.9303601547615,127.2,8.835970905842833,17671.941811685665,rebalance,simulated
2023-06-19,2023-06-16,127018.SZ,168.20244227048215,124.71,10.488263287775913,20976.526575551827,rebalance,simulated
2023-06-19,2023-06-16,127027.SZ,1826.1641842381357,120.68,110.19074687692911,220381.49375385823,rebalance,simulated
2023-06-19,2023-06-16,127036.SZ,-1412.5969353646374,149.6,105.66225076527488,211324.50153054975,rebalance,simulated
2023-06-19,2023-06-16,127050.SZ,1677.4356352097598,131.38,110.19074687692911,220381.49375385823,rebalance,simulated
2023-06-19,2023-06-16,127063.SZ,174.49672863098886,131.61,11.482757227562223,22965.514455124445,rebalance,simulated
2023-06-26,2023-06-21,110084.SH,8.414668753182923,127.1,0.5347521992647748,1069.5043985295495,rebalance,simulated
2023-06-26,2023-06-21,113044.SH,-11.520445099878089,115.12,0.6631168199489827,1326.2336398979655,rebalance,simulated
2023-06-26,2023-06-21,113061.SH,-30.510190380368385,132.81,2.026029192208363,4052.0583844167254,rebalance,simulated
2023-06-26,2023-06-21,113519.SH,3.1549836244112157,122.14,0.19267484994279294,385.3496998855859,rebalance,simulated
2023-06-26,2023-06-21,113631.SH,-6.194987188768891,124.58,0.38588575198841424,771.7715039768285,rebalance,simulated
2023-06-26,2023-06-21,113651.SH,1853.4848532394437,118.0,109.35560634112717,218711.21268225435,rebalance,simulated
2023-06-26,2023-06-21,118013.SH,-4.9821937101762614,126.6,0.31537286185415736,630.7457237083147,rebalance,simulated
2023-06-26,2023-06-21,127018.SZ,14.029239133278452,122.79,0.8613251365876307,1722.6502731752612,rebalance,simulated
2023-06-26,2023-06-21,127027.SZ,-1826.1641842381357,118.7,108.38284433453336,216765.6886690667,rebalance,simulated
2023-06-26,2023-06-21,127050.SZ,9.890492565694103,129.62,0.6410028231826349,1282.0056463652697,rebalance,simulated
2023-06-26,2023-06-21,127063.SZ,-1.632724828663413,130.74,0.10673122204972732,213.46244409945464,rebalance,simulated
2023-07-03,2023-06-30,110084.SH,6.769450891574934,127.47,0.4314509525745284,862.9019051490568,rebalance,simulated
2023-07-03,2023-06-30,113044.SH,6.402779192872913,115.52,0.36982452618033945,739.6490523606789,rebalance,simulated
2023-07-03,2023-06-30,113061.SH,-17.41706307210302,135.15,1.1769580370973616,2353.916074194723,rebalance,simulated
2023-07-03,2023-06-30,113519.SH,-19.052573470920606,124.3,1.1841174412177156,2368.2348824354312,rebalance,simulated
2023-07-03,2023-06-30,113619.SH,1700.2069441384376,129.52,110.10540170240523,220210.80340481046,rebalance,simulated
2023-07-03,2023-06-30,113631.SH,-20.962221127005705,126.95,1.3305769860366872,2661.1539720733745,rebalance,simulated
2023-07-03,2023-06-30,113651.SH,-1853.4848532394437,120.0,111.20909119436664,222418.18238873326,rebalance,simulated
2023-07-03,2023-06-30,118013.SH,28.210263526598737,125.42,1.7690656257530069,3538.1312515060135,rebalance,simulated
2023-07-03,2023-06-30,127012.SZ,1755.3671056581145,125.45,110.10540170240523,220210.80340481046,rebalance,simulated
2023-07-03,2023-06-30,127018.SZ,42.96417622309491,120.72,2.593317676826009,5186.635353652017,rebalance,simulated
2023-07-03,2023-06-30,127050.SZ,-1687.3261277754539,130.27,109.9039873326542,219807.9746653084,rebalance,simulated
2023-07-03,2023-06-30,127063.SZ,-10.40123933532027,132.46,0.6888740811782614,1377.748162356523,rebalance,simulated
2023-07-10,2023-07-07,110084.SH,-2.5737147614534024,128.3,0.16510380194723578,330.20760389447156,rebalance,simulated
2023-07-10,2023-07-07,113044.SH,-2.4766335387107574,116.25,0.1439543244375628,287.90864887512555,rebalance,simulated
2023-07-10,2023-07-07,113061.SH,33.38759872533865,133.1,2.2219446951712873,4443.889390342574,rebalance,simulated
2023-07-10,2023-07-07,113519.SH,-28.699393457621454,126.98,1.8221244906243863,3644.2489812487725,rebalance,simulated
2023-07-10,2023-07-07,113527.SH,1630.5493430549834,135.73,110.65723116642644,221314.46233285288,rebalance,simulated
2023-07-10,2023-07-07,113619.SH,-1700.2069441384376,126.88,107.86112853614249,215722.25707228496,rebalance,simulated
2023-07-10,2023-07-07,113631.SH,0.49300802407401534,127.55,0.031441586735320326,62.883173470640656,rebalance,simulated
2023-07-10,2023-07-07,118013.SH,-7.371259063117122,126.58,0.4665269861046827,933.0539722093654,rebalance,simulated
2023-07-10,2023-07-07,127012.SZ,-1755.3671056581145,126.01,110.5969044919895,221193.80898397902,rebalance,simulated
2023-07-10,2023-07-07,127018.SZ,7.928206253709732,120.8,0.47886365772406775,957.7273154481355,rebalance,simulated
2023-07-10,2023-07-07,127036.SZ,1691.7479157074827,130.82,110.65723116642644,221314.46233285288,rebalance,simulated
2023-07-10,2023-07-07,127050.SZ,1697.3269601415209,130.39,110.65723116642644,221314.46233285288,rebalance,simulated
2023-07-10,2023-07-07,127063.SZ,-1662.470205381326,137.0,113.87920906862082,227758.41813724165,rebalance,simulated
2023-07-11,2023-07-10,127036.SZ,-1691.7479157074827,128.36,108.57638123010625,217152.76246021249,risk_exit,simulated
2023-07-17,2023-07-14,110045.SH,1733.448574835635,127.63,110.62002080313606,221240.0416062721,rebalance,simulated
2023-07-17,2023-07-14,110084.SH,-9.937241497538253,129.0,0.6409520765912173,1281.9041531824346,rebalance,simulated
2023-07-17,2023-07-14,113044.SH,-3.255953766545872,116.41,0.1895127889818025,379.025577963605,rebalance,simulated
2023-07-17,2023-07-14,113061.SH,-21.03455123605886,134.76,1.417308062285646,2834.616124571292,rebalance,simulated
2023-07-17,2023-07-14,113519.SH,-41.06156148796549,130.0,2.669001496717757,5338.002993435513,rebalance,simulated
2023-07-17,2023-07-14,113527.SH,62.57104881975533,130.67,4.088079474638715,8176.158949277428,rebalance,simulated
2023-07-17,2023-07-14,113631.SH,4.736361961467992,127.16,0.3011378935101349,602.2757870202698,rebalance,simulated
2023-07-17,2023-07-14,118013.SH,0.6556778288509122,126.49,0.04146834428567594,82.93668857135188,rebalance,simulated
2023-07-17,2023-07-14,127018.SZ,-6.6604791423583265,121.2,0.4036250360269146,807.2500720538292,rebalance,simulated
2023-07-17,2023-07-14,127020.SZ,1684.611601357436,131.33,110.62002080313606,221240.0416062721,rebalance,simulated
2023-07-17,2023-07-14,127050.SZ,-1697.3269601415209,132.1,112.10844571734745,224216.8914346949,rebalance,simulated
2023-07-24,2023-07-21,110045.SH,-6.4977687279049405,128.0,0.4158571985859162,831.7143971718324,rebalance,simulated
2023-07-24,2023-07-21,110084.SH,-12.036746458074049,129.8,0.7811848451290058,1562.3696902580116,rebalance,simulated
2023-07-24,2023-07-21,113044.SH,-17.166582748265228,117.37,1.007420908581945,2014.8418171638898,rebalance,simulated
2023-07-24,2023-07-21,113061.SH,24.428168656084836,132.67,1.6204425678013874,3240.885135602775,rebalance,simulated
2023-07-24,2023-07-21,113519.SH,33.91876506743256,127.35,2.159777365668768,4319.554731337536,rebalance,simulated
2023-07-24,2023-07-21,113527.SH,-1693.1203918747387,129.24,109.40943972294562,218818.87944589125,rebalance,simulated
2023-07-24,2023-07-21,113631.SH,7.434730325355304,126.51,0.4702838667303498,940.5677334606995,rebalance,simulated
2023-07-24,2023-07-21,118013.SH,25.85796377800807,124.54,1.6101754044565626,3220.350808913125,rebalance,simulated
2023-07-24,2023-07-21,123128.SZ,2144.0320386206545,103.1,110.52485159089473,221049.70318178946,rebalance,simulated
2023-07-24,2023-07-21,127018.SZ,-6.223491224509189,121.51,0.3781082093450558,756.2164186901116,rebalance,simulated
2023-07-24,2023-07-21,127020.SZ,-1684.611601357436,136.7,115.14320295278075,230286.4059055615,rebalance,simulated
2023-07-24,2023-07-21,128095.SZ,1435.387682998633,154.0,110.52485159089474,221049.7031817895,rebalance,simulated
2023-07-31,2023-07-28,110045.SH,16.8240226499488,128.35,1.0796816535604643,2159.3633071209288,rebalance,simulated
2023-07-31,2023-07-28,110084.SH,16.2594500051423,130.18,1.0583276008347122,2116.6552016694245,rebalance,simulated
2023-07-31,2023-07-28,113044.SH,20.303857551527244,117.57,1.193562266166529,2387.124532333058,rebalance,simulated
2023-07-31,2023-07-28,113061.SH,-1.5022100794690232,134.45,0.10098607259230508,201.97214518461016,rebalance,simulated
2023-07-31,2023-07-28,113519.SH,-9.342072724189848,129.64,0.6055531539819858,1211.1063079639716,rebalance,simulated
2023-07-31,2023-07-28,113631.SH,17.661138568563047,126.81,1.11980449093974,2239.60898187948,rebalance,simulated
2023-07-31,2023-07-28,118013.SH,12.004760397124528,125.25,0.7517981198699235,1503.596239739847,rebalance,simulated
2023-07-31,2023-07-28,123128.SZ,8.02083898557703,104.0,0.41708362725000553,834.167254500011,rebalance,simulated
2023-07-31,2023-07-28,127018.SZ,-26.530208125076115,124.85,1.6561482422078764,3312.2964844157527,rebalance,simulated
2023-07-31,2023-07-28,127020.SZ,1622.072034142978,137.98,111.90674963552405,223813.4992710481,rebalance,simulated
2023-07-31,2023-07-28,128095.SZ,-1435.387682998633,160.8,115.4051697130901,230810.3394261802,rebalance,simulated
2023-08-07,2023-08-04,110045.SH,30.163194098879785,126.25,1.9040516274917865,3808.1032549835727,rebalance,simulated
2023-08-07,2023-08-04,110084.SH,2.710191672185374,130.06,0.17624376444221487,352.48752888442976,rebalance,simulated
2023-08-07,2023-08-04,113044.SH,9.215667229761038,117.08,0.5394851596302113,1078.9703192604225,rebalance,simulated
2023-08-07,2023-08-04,113061.SH,-6.927111051121528,135.1,0.46792635150325923,935.8527030065185,rebalance,simulated
2023-08-07,2023-08-04,113519.SH,-22.659945350305634,131.45,1.4893249081488378,2978.6498162976754,rebalance,simulated
2023-08-07,2023-08-04,113631.SH,-2.044731813620274,127.04,0.1298813648011598,259.7627296023196,rebalance,simulated
2023-08-07,2023-08-04,118013.SH,0.02570321965322364,125.33,0.0016106922595692595,3.221384519138519,rebalance,simulated
2023-08-07,2023-08-04,123128.SZ,-1.902384272508698,104.16,0.09907617291225299,198.15234582450597,rebalance,simulated
2023-08-07,2023-08-04,127018.SZ,10.4136381379476,124.21,0.6467389965572358,1293.4779931144715,rebalance,simulated
2023-08-07,2023-08-04,127020.SZ,-17.201554847811167,139.55,1.2002384895060243,2400.4769790120486,rebalance,simulated
2023-08-14,2023-08-11,110045.SH,-1773.9380228565587,125.21,111.05738992093487,222114.77984186972,rebalance,simulated
2023-08-14,2023-08-11,110084.SH,-33.05047879618178,131.4,2.171416456909143,4342.832913818286,rebalance,simulated
2023-08-14,2023-08-11,113044.SH,-6.311287746155585,116.4,0.3673169468262551,734.6338936525102,rebalance,simulated
2023-08-14,2023-08-11,113061.SH,17.546963809633098,132.47,1.1622231479310483,2324.4462958620966,rebalance,simulated
2023-08-14,2023-08-11,113519.SH,-10.589459373720956,131.07,0.6939802200568029,1387.9604401136057,rebalance,simulated
2023-08-14,2023-08-11,113631.SH,-8.703263605782467,126.51,0.55052493938377,1101.04987876754,rebalance,simulated
2023-08-14,2023-08-11,118013.SH,26.888024738660306,122.35,1.6448749133875442,3289.7498267750884,rebalance,simulated
2023-08-14,2023-08-11,123128.SZ,-55.932460667970645,105.97,2.9635814284924247,5927.162856984849,rebalance,simulated
2023-08-14,2023-08-11,127018.SZ,10.034079625603454,122.4,0.6140856730869314,1228.1713461738627,rebalance,simulated
2023-08-14,2023-08-11,127020.SZ,51.15731655282775,134.01,3.4277959956222235,6855.591991244447,rebalance,simulated
2023-08-14,2023-08-11,127027.SZ,1812.36655713834,122.45,110.96214246079488,221924.28492158974,rebalance,simulated
2023-08-21,2023-08-18,110045.SH,1612.929000002752,126.05,101.65485022517345,203309.7004503469,rebalance,simulated
2023-08-21,2023-08-18,110084.SH,-118.96242180557988,129.5,7.702816811911297,15405.633623822594,rebalance,simulated
2023-08-21,2023-08-18,113044.SH,-179.21087764999947,117.7,10.546560149702469,21093.120299404938,rebalance,simulated
2023-08-21,2023-08-18,113061.SH,-110.15485735826883,129.9,7.154557985419561,14309.11597083912,rebalance,simulated
2023-08-21,2023-08-18,113063.SH,1554.4743516350402,130.79,101.65485022517345,203309.7004503469,rebalance,simulated
2023-08-21,2023-08-18,113519.SH,-310.0204827167813,146.99,22.784955377269846,45569.91075453969,rebalance,simulated
2023-08-21,2023-08-18,113631.SH,-148.40853661915162,126.61,9.395002410675394,18790.004821350787,rebalance,simulated
2023-08-21,2023-08-18,118013.SH,-133.88007623193926,121.02,8.101083412794646,16202.16682558929,rebalance,simulated
2023-08-21,2023-08-18,118034.SH,1752.518752265726,116.01,101.65485022517345,203309.7004503469,rebalance,simulated
2023-08-21,2023-08-18,123128.SZ,-154.42506968181078,104.81,8.092645776675294,16185.29155335059,rebalance,simulated
2023-08-21,2023-08-18,127018.SZ,-166.47451897144083,123.47,10.2773044287019,20554.6088574038,rebalance,simulated
2023-08-21,2023-08-18,127020.SZ,-1656.0277958479946,133.78,110.77169926427237,221543.39852854473,rebalance,simulated
2023-08-21,2023-08-18,127027.SZ,-1812.36655713834,121.68,110.26438133629662,220528.76267259324,rebalance,simulated
2023-08-28,2023-08-25,110045.SH,-1612.929000002752,125.8,101.4532341001731,202906.4682003462,rebalance,simulated
2023-08-28,2023-08-25,110084.SH,-225.5405457243478,127.67,14.397380736313742,28794.761472627484,rebalance,simulated
2023-08-28,2023-08-25,113044.SH,-279.0223968432131,118.51,16.53347212494459,33066.94424988918,rebalance,simulated
2023-08-28,2023-08-25,113061.SH,-258.37242040102205,131.35,16.968608709837124,33937.21741967425,rebalance,simulated
2023-08-28,2023-08-25,113063.SH,-272.60792992399956,133.9,18.25110090841177,36502.201816823545,rebalance,simulated
2023-08-28,2023-08-25,113519.SH,-102.24347381841517,134.0,6.850312745833817,13700.625491667633,rebalance,simulated
2023-08-28,2023-08-25,113631.SH,-247.33106365238473,126.35,15.625139946239404,31250.279892478808,rebalance,simulated
2023-08-28,2023-08-25,118013.SH,-300.0987056346589,124.39,18.664638996947613,37329.27799389522,rebalance,simulated
2023-08-28,2023-08-25,118024.SH,1411.9933684362318,121.56,85.82095693355417,171641.91386710835,rebalance,simulated
2023-08-28,2023-08-25,118034.SH,-290.4922286958083,117.4,17.051893824443948,34103.7876488879,rebalance,simulated
2023-08-28,2023-08-25,123128.SZ,-315.78015319012593,105.69,16.687402195332204,33374.80439066441,rebalance,simulated
2023-08-28,2023-08-25,123158.SZ,1280.9098049784204,134.0,85.82095693355417,171641.91386710835,rebalance,simulated
2023-08-28,2023-08-25,127018.SZ,-248.89692903884452,122.8,15.282271442985053,30564.542885970106,rebalance,simulated
2023-08-28,2023-08-25,127050.SZ,1280.4320318322143,134.05,85.82095693355417,171641.91386710835,rebalance,simulated
2023-09-04,2023-09-01,110045.SH,1093.0768460950426,128.3,70.12087967699699,140241.75935399398,rebalance,simulated
2023-09-04,2023-09-01,110084.SH,-257.9468906258346,129.08,16.647892320991367,33295.78464198273,rebalance,simulated
2023-09-04,2023-09-01,113044.SH,-255.8007798740623,117.6,15.041085856594862,30082.171713189724,rebalance,simulated
2023-09-04,2023-09-01,113061.SH,-257.66672171622554,133.68,17.222443679512516,34444.88735902503,rebalance,simulated
2023-09-04,2023-09-01,113063.SH,-1281.8664217110406,138.72,88.91025500987777,177820.51001975554,rebalance,simulated
2023-09-04,2023-09-01,113066.SH,1130.981930274145,124.0,70.12087967699699,140241.75935399398,rebalance,simulated
2023-09-04,2023-09-01,113519.SH,-243.4652173619536,135.18,16.455814041494442,32911.628082988886,rebalance,simulated
2023-09-04,2023-09-01,113631.SH,-232.83777227459723,124.59,14.504629023846036,29009.25804769207,rebalance,simulated
2023-09-04,2023-09-01,118003.SH,1027.1864011865084,136.53,70.12087967699699,140241.75935399398,rebalance,simulated
2023-09-04,2023-09-01,118013.SH,-253.7910299816574,124.54,15.803567436957806,31607.134873915613,rebalance,simulated
2023-09-04,2023-09-01,118024.SH,-271.8164631192076,123.0,16.716712481831266,33433.42496366253,rebalance,simulated
2023-09-04,2023-09-01,118034.SH,-257.2004122813098,116.4,14.969063994772233,29938.127989544464,rebalance,simulated
2023-09-04,2023-09-01,123128.SZ,-293.9506004425825,105.44,15.497075655332951,30994.1513106659,rebalance,simulated
2023-09-04,2023-09-01,123158.SZ,-1280.9098049784204,134.36,86.05152069845029,172103.04139690057,rebalance,simulated
2023-09-04,2023-09-01,127012.SZ,1088.664488076339,128.82,70.12087967699699,140241.75935399398,rebalance,simulated
2023-09-04,2023-09-01,127018.SZ,-1397.7354549438792,122.3,85.47152306981822,170943.04613963643,risk_exit,simulated
2023-09-04,2023-09-01,127042.SZ,1248.035590940589,112.37,70.12087967699699,140241.75935399398,rebalance,simulated
2023-09-04,2023-09-01,127050.SZ,-1280.4320318322143,137.17,87.81843090321242,175636.86180642483,rebalance,simulated
2023-09-04,2023-09-01,127070.SZ,1109.9466510011396,126.35,70.12087967699699,140241.75935399398,rebalance,simulated
2023-09-04,2023-09-01,128075.SZ,1072.5947178125734,130.75,70.12087967699699,140241.75935399398,rebalance,simulated
2023-09-11,2023-09-08,110045.SH,-58.961450317312256,125.42,3.6974725493986518,7394.945098797303,rebalance,simulated
2023-09-11,2023-09-08,110084.SH,-64.89986245840964,126.96,4.119843268859844,8239.686537719688,rebalance,simulated
2023-09-11,2023-09-08,113044.SH,-86.4535693899918,117.26,5.06877277333522,10137.545546670439,rebalance,simulated
2023-09-11,2023-09-08,113061.SH,-55.45381798554399,130.53,3.619193430826529,7238.386861653057,rebalance,simulated
2023-09-11,2023-09-08,113066.SH,-86.28798795885746,124.15,5.356326852546077,10712.653705092154,rebalance,simulated
2023-09-11,2023-09-08,113519.SH,-49.8655657749764,131.33,3.274422376613826,6548.844753227651,rebalance,simulated
2023-09-11,2023-09-08,113588.SH,962.2996953438414,134.78,64.84937646922148,129698.75293844295,rebalance,simulated
2023-09-11,2023-09-08,113631.SH,-78.06330696466239,123.81,4.832509017647425,9665.01803529485,rebalance,simulated
2023-09-11,2023-09-08,118003.SH,-54.713184282834845,133.37,3.648548693900842,7297.097387801684,rebalance,simulated
2023-09-11,2023-09-08,118013.SH,-62.45041418961637,121.94,3.8076017531409097,7615.2035062818195,rebalance,simulated
2023-09-11,2023-09-08,118024.SH,-47.24058663123219,118.67,2.803020207764162,5606.040415528324,rebalance,simulated
2023-09-11,2023-09-08,118034.SH,-49.17474411010903,112.23,2.7594407657387685,5518.881531477537,rebalance,simulated
2023-09-11,2023-09-08,123128.SZ,-88.56940817919349,104.47,4.626423036240173,9252.846072480344,rebalance,simulated
2023-09-11,2023-09-08,123158.SZ,983.8333682655157,131.83,64.84937646922147,129698.75293844294,rebalance,simulated
2023-09-11,2023-09-08,127012.SZ,-72.45550164334554,127.63,4.623747837370096,9247.495674740192,rebalance,simulated
2023-09-11,2023-09-08,127020.SZ,980.338268620128,132.3,64.84937646922148,129698.75293844295,rebalance,simulated
2023-09-11,2023-09-08,127042.SZ,-1248.035590940589,111.22,69.40325921220615,138806.5184244123,rebalance,simulated
2023-09-11,2023-09-08,127070.SZ,-1109.9466510011396,124.8,69.26067102247112,138521.34204494223,rebalance,simulated
2023-09-11,2023-09-08,128075.SZ,-64.05076028191286,128.6,4.118463886126997,8236.927772253994,rebalance,simulated
2023-09-18,2023-09-15,110045.SH,-15.839656059166941,127.52,1.0099364703324842,2019.8729406649684,rebalance,simulated
2023-09-18,2023-09-15,110084.SH,10.626332694600933,125.8,0.6683963264903987,1336.7926529807974,rebalance,simulated
2023-09-18,2023-09-15,113044.SH,-1.4376294761755162,117.55,0.08449667246221595,168.9933449244319,rebalance,simulated
2023-09-18,2023-09-15,113061.SH,9.074981450109249,129.5,0.5876050488945739,1175.2100977891478,rebalance,simulated
2023-09-18,2023-09-15,113066.SH,-37.47611475624933,128.92,2.4157103571878316,4831.420714375663,rebalance,simulated
2023-09-18,2023-09-15,113519.SH,-17.096792178477017,133.8,1.1437753967401125,2287.550793480225,rebalance,simulated
2023-09-18,2023-09-15,113588.SH,2.7729343767916816,134.55,0.18654916019866039,373.0983203973208,rebalance,simulated
2023-09-18,2023-09-15,113631.SH,3.77328343404497,123.51,0.23301911846944715,466.0382369388943,rebalance,simulated
2023-09-18,2023-09-15,118003.SH,17.844982676186078,131.12,1.1699170642507593,2339.8341285015185,rebalance,simulated
2023-09-18,2023-09-15,118013.SH,0.8081646780588017,121.99,0.0492940045381966,98.5880090763932,rebalance,simulated
2023-09-18,2023-09-15,118024.SH,-1092.936318685792,118.2,64.59253643433031,129185.07286866062,rebalance,simulated
2023-09-18,2023-09-15,118034.SH,23.20040158147549,110.15,1.2777621170997626,2555.5242341995254,rebalance,simulated
2023-09-18,2023-09-15,123128.SZ,-13.707983387326976,105.76,0.7248781615218506,1449.756323043701,rebalance,simulated
2023-09-18,2023-09-15,123158.SZ,-983.8333682655157,126.56,62.25697554384184,124513.95108768367,rebalance,simulated
2023-09-18,2023-09-15,123208.SZ,1068.9045302017714,121.48,64.9252611644556,129850.5223289112,rebalance,simulated
2023-09-18,2023-09-15,127012.SZ,2.8659023514296678,127.42,0.18258663880958415,365.1732776191683,rebalance,simulated
2023-09-18,2023-09-15,127020.SZ,-3.9451388441208337,132.99,0.26233200743981483,524.6640148796297,rebalance,simulated
2023-09-18,2023-09-15,127070.SZ,1042.8923165120168,124.51,64.9252611644556,129850.52232891122,rebalance,simulated
2023-09-18,2023-09-15,128075.SZ,-28.835776386015823,132.54,1.9109469011012685,3821.893802202537,rebalance,simulated
2023-09-25,2023-09-22,110045.SH,6.088480512326328,126.9,0.3863140885071055,772.628177014211,rebalance,simulated
2023-09-25,2023-09-22,110084.SH,-5.973909670324474,126.67,0.37835756897000056,756.7151379400011,rebalance,simulated
2023-09-25,2023-09-22,113044.SH,1.672589419661108,117.5,0.0982646284050901,196.5292568101802,rebalance,simulated
2023-09-25,2023-09-22,113045.SH,1124.3021929363424,115.62,64.99590977364996,129991.81954729992,rebalance,simulated
2023-09-25,2023-09-22,113061.SH,-25.32463427119046,133.0,1.6840881790341657,3368.1763580683314,rebalance,simulated
2023-09-25,2023-09-22,113066.SH,13.92765199555663,127.3,0.8864950495171795,1772.990099034359,rebalance,simulated
2023-09-25,2023-09-22,113519.SH,-2.561011887139216,134.3,0.17197194822139839,343.94389644279676,rebalance,simulated
2023-09-25,2023-09-22,113588.SH,-26.503535516301554,138.5,1.8353698345038827,3670.7396690077653,rebalance,simulated
2023-09-25,2023-09-22,113631.SH,-9.734986835456994,124.8,0.6074631785325164,1214.9263570650328,rebalance,simulated
2023-09-25,2023-09-22,118003.SH,-1.0349457952331704,131.4,0.0679959387468193,135.9918774936386,rebalance,simulated
2023-09-25,2023-09-22,118013.SH,6.337020889395262,121.4,0.38465716798629246,769.3143359725849,rebalance,simulated
2023-09-25,2023-09-22,118034.SH,-13.110404332569487,111.51,0.7309705935624118,1461.9411871248235,rebalance,simulated
2023-09-25,2023-09-22,123128.SZ,0.4069768798747191,105.84,0.021537216482970134,43.07443296594027,rebalance,simulated
2023-09-25,2023-09-22,123208.SZ,17.80186962517996,119.62,1.0647298222820134,2129.459644564027,rebalance,simulated
2023-09-25,2023-09-22,127012.SZ,7.230334232313908,126.66,0.45789706693243976,915.7941338648795,rebalance,simulated
2023-09-25,2023-09-22,127020.SZ,-976.3931297760072,131.57,64.23202204231464,128464.04408462926,rebalance,simulated
2023-09-25,2023-09-22,127070.SZ,7.4617522282862865,123.76,0.46173322788635546,923.4664557727109,rebalance,simulated
2023-09-25,2023-09-22,128075.SZ,12.444311202324457,131.02,0.8152268268642753,1630.4536537285505,rebalance,simulated
2023-10-09,2023-09-28,110045.SH,145.92278183113353,127.5,9.302577341734763,18605.154683469525,rebalance,simulated
2023-10-09,2023-09-28,110084.SH,133.15103409069002,128.7,8.568269043735901,17136.538087471803,rebalance,simulated
2023-10-09,2023-09-28,113044.SH,160.66119223052328,117.77,9.460534304494365,18921.068608988728,rebalance,simulated
2023-10-09,2023-09-28,113045.SH,-1124.3021929363424,116.89,65.70984166616454,131419.68333232906,rebalance,simulated
2023-10-09,2023-09-28,113061.SH,147.89386166177826,132.6,9.805363028175899,19610.726056351796,rebalance,simulated
2023-10-09,2023-09-28,113066.SH,155.60209743994756,126.8,9.865172977692675,19730.34595538535,rebalance,simulated
2023-10-09,2023-09-28,113519.SH,113.94937940298303,137.92,7.857949203629709,15715.898407259418,rebalance,simulated
2023-10-09,2023-09-28,113588.SH,131.81535890117743,139.4,9.187530515412067,18375.061030824134,rebalance,simulated
2023-10-09,2023-09-28,113631.SH,146.38927007224584,125.6,9.193246160537038,18386.492321074074,rebalance,simulated
2023-10-09,2023-09-28,118003.SH,-989.2832537846265,132.6,65.58947972592073,131178.95945184145,rebalance,simulated
2023-10-09,2023-09-28,118013.SH,127.90643436955611,124.48,7.9608964751611735,15921.792950322346,rebalance,simulated
2023-10-09,2023-09-28,118034.SH,-1165.741364427405,112.58,65.61958140361862,131239.16280723724,rebalance,simulated
2023-10-09,2023-09-28,123128.SZ,168.26672440801894,106.85,8.989649751498412,17979.299502996822,rebalance,simulated
2023-10-09,2023-09-28,123208.SZ,160.7778637204774,119.61,9.615320139803151,19230.6402796063,rebalance,simulated
2023-10-09,2023-09-28,127012.SZ,141.87447449291585,127.73,9.06081331349007,18121.62662698014,rebalance,simulated
2023-10-09,2023-09-28,127020.SZ,1141.8963248098873,130.67,74.60579638145398,149211.59276290797,rebalance,simulated
2023-10-09,2023-09-28,127070.SZ,152.28631783911146,124.07,9.44708172714928,18894.16345429856,rebalance,simulated
2023-10-09,2023-09-28,128075.SZ,54.94640423484111,142.5,3.9149313017324294,7829.862603464859,rebalance,simulated
2023-10-16,2023-10-13,110045.SH,5.5359404852517855,126.08,0.34898568819027254,697.971376380545,rebalance,simulated
2023-10-16,2023-10-13,110084.SH,2.441039123117662,127.6,0.15573829605490683,311.4765921098136,rebalance,simulated
2023-10-16,2023-10-13,113044.SH,-3.786440022279976,117.36,0.222188300507389,444.376601014778,rebalance,simulated
2023-10-16,2023-10-13,113061.SH,47.10645321556126,126.45,2.9783055045538607,5956.611009107722,rebalance,simulated
2023-10-16,2023-10-13,113066.SH,-5.106412082186125,126.53,0.3230571603795052,646.1143207590104,rebalance,simulated
2023-10-16,2023-10-13,113519.SH,-25.071647960433666,140.28,1.7585253879448173,3517.0507758896347,rebalance,simulated
2023-10-16,2023-10-13,113588.SH,-1070.384453105509,145.6,77.92398818608106,155847.9763721621,rebalance,simulated
2023-10-16,2023-10-13,113631.SH,18.060348795435175,122.92,1.1099890369674459,2219.9780739348917,rebalance,simulated
2023-10-16,2023-10-13,118003.SH,1127.3593657517904,131.5,74.12387829818022,148247.75659636044,rebalance,simulated
2023-10-16,2023-10-13,118013.SH,-11.557558181110608,124.88,0.7216539328285463,1443.3078656570926,rebalance,simulated
2023-10-16,2023-10-13,118034.SH,1340.8805770293093,110.56,74.12387829818022,148247.75659636044,rebalance,simulated
2023-10-16,2023-10-13,123128.SZ,-8.37091049245214,106.8,0.44700662029694427,894.0132405938886,rebalance,simulated
2023-10-16,2023-10-13,123208.SZ,-1247.4842635474288,115.74,72.1919143314897,144383.8286629794,rebalance,simulated
2023-10-16,2023-10-13,127012.SZ,0.8744511880872778,126.81,0.05544457758067385,110.8891551613477,rebalance,simulated
2023-10-16,2023-10-13,127020.SZ,-1141.8963248098873,130.31,74.4002550429882,148800.51008597642,rebalance,simulated
2023-10-16,2023-10-13,127070.SZ,-17.511626515776925,125.09,1.0952646804292678,2190.5293608585357,rebalance,simulated
2023-10-16,2023-10-13,127091.SZ,1203.2120493171046,123.21,74.12387829818022,148247.75659636044,rebalance,simulated
2023-10-16,2023-10-13,128075.SZ,27.160209188917634,138.0,1.8740544340353167,3748.1088680706334,rebalance,simulated
2023-10-23,2023-10-20,110045.SH,-43.91026366115943,126.0,2.766346610653044,5532.693221306088,rebalance,simulated
2023-10-23,2023-10-20,110068.SH,1018.1396169306864,140.08,71.31049876982529,142620.99753965056,rebalance,simulated
2023-10-23,2023-10-20,110084.SH,-4.647937230443404,123.25,0.28642913182607477,572.8582636521495,rebalance,simulated
2023-10-23,2023-10-20,110090.SH,1072.878800144814,132.933,71.31049876982529,142620.99753965056,rebalance,simulated
2023-10-23,2023-10-20,113044.SH,-24.40588527127079,115.13,1.404924785640703,2809.849571281406,rebalance,simulated
2023-10-23,2023-10-20,113061.SH,-1172.3824167367375,124.631,73.05759649015816,146115.19298031632,rebalance,simulated
2023-10-23,2023-10-20,113066.SH,-26.182988543787133,124.51,1.630021951793468,3260.043903586936,rebalance,simulated
2023-10-23,2023-10-20,113519.SH,27.622936300293077,131.518,1.8164566681709726,3632.913336341945,rebalance,simulated
2023-10-23,2023-10-20,113588.SH,1076.3848870917022,132.5,71.31049876982527,142620.99753965053,rebalance,simulated
2023-10-23,2023-10-20,113631.SH,-16.293178768547023,119.874,0.976564255850403,1953.1285117008058,rebalance,simulated
2023-10-23,2023-10-20,118003.SH,-1127.3593657517904,125.233,70.59129772559699,141182.59545119398,rebalance,simulated
2023-10-23,2023-10-20,118013.SH,17.447546383885538,118.4,1.032894745926024,2065.789491852048,rebalance,simulated
2023-10-23,2023-10-20,118034.SH,-23.511624491479097,108.262,1.272707745348255,2545.41549069651,rebalance,simulated
2023-10-23,2023-10-20,123128.SZ,-11.569921680717925,103.61,0.5993797926695922,1198.7595853391842,rebalance,simulated
2023-10-23,2023-10-20,123208.SZ,1296.5545230877324,110.0,71.31049876982529,142620.99753965056,rebalance,simulated
2023-10-23,2023-10-20,127012.SZ,-1169.0541486977402,123.104,71.9576209606433,143915.2419212866,rebalance,simulated
2023-10-23,2023-10-20,127070.SZ,-1185.1287600636376,121.319,71.88931802108023,143778.63604216045,rebalance,simulated
2023-10-23,2023-10-20,127091.SZ,15.770835637173604,117.0,0.9225938847746559,1845.1877695493117,rebalance,simulated
2023-10-23,2023-10-20,128075.SZ,121.23287270059654,119.299,7.231480240154234,14462.960480308468,rebalance,simulated
2023-10-24,2023-10-23,128075.SZ,-1195.4919784713245,122.222,73.05771029636111,146115.42059272222,risk_exit,simulated
2023-10-30,2023-10-27,110045.SH,-118.29439454844896,126.65,7.490992534780531,14981.985069561062,rebalance,simulated
2023-10-30,2023-10-27,110068.SH,-147.80229007397122,147.5,10.90041889295538,21800.837785910757,rebalance,simulated
2023-10-30,2023-10-27,110084.SH,-142.76512166680072,126.552,9.033605838588484,18067.211677176965,rebalance,simulated
2023-10-30,2023-10-27,110090.SH,-1072.878800144814,136.5,73.22397810988355,146447.9562197671,rebalance,simulated
2023-10-30,2023-10-27,113044.SH,-133.81789606051598,116.18,7.773481582155374,15546.963164310748,rebalance,simulated
2023-10-30,2023-10-27,113061.SH,1018.8472675505197,126.0,64.18737785568274,128374.75571136549,rebalance,simulated
2023-10-30,2023-10-27,113066.SH,-120.51002697642957,125.25,7.5469404393989015,15093.880878797803,rebalance,simulated
2023-10-30,2023-10-27,113519.SH,-92.98088004799467,129.483,6.019721645627247,12039.443291254494,rebalance,simulated
2023-10-30,2023-10-27,113588.SH,-192.26122516769738,145.2,13.958164947174827,27916.329894349656,rebalance,simulated
2023-10-30,2023-10-27,113631.SH,-168.72235814439114,125.73,10.60673104474715,21213.4620894943,rebalance,simulated
2023-10-30,2023-10-27,118003.SH,993.6280415437196,129.198,64.18737785568274,128374.75571136549,rebalance,simulated
2023-10-30,2023-10-27,118013.SH,-125.29095011889876,118.945,7.451366030946207,14902.732061892413,rebalance,simulated
2023-10-30,2023-10-27,118034.SH,-122.28469638793581,107.419,6.567849900647838,13135.699801295676,rebalance,simulated
2023-10-30,2023-10-27,123128.SZ,-135.01835214739322,103.403,6.980651333548451,13961.302667096901,rebalance,simulated
2023-10-30,2023-10-27,123158.SZ,992.1536108769263,129.39,64.18737785568274,128374.75571136549,rebalance,simulated
2023-10-30,2023-10-27,123208.SZ,-153.40315298323026,112.299,8.613510338431889,17227.020676863776,rebalance,simulated
2023-10-30,2023-10-27,127012.SZ,1023.3630601014436,125.444,64.18737785568274,128374.75571136549,rebalance,simulated
2023-10-30,2023-10-27,127091.SZ,-132.7182402481901,118.18,7.842320816265555,15684.64163253111,rebalance,simulated
2023-11-06,2023-11-03,110045.SH,21.551159752988724,124.51,1.3416674504223132,2683.334900844626,rebalance,simulated
2023-11-06,2023-11-03,110068.SH,-870.3373268567152,150.099,65.31838121193304,130636.7624238661,rebalance,simulated
2023-11-06,2023-11-03,110072.SH,1384.5627616685733,93.09,64.44447374186375,128888.94748372749,rebalance,simulated
2023-11-06,2023-11-03,110084.SH,12.600350238486726,125.5,0.7906719774650421,1581.3439549300842,rebalance,simulated
2023-11-06,2023-11-03,111002.SH,1013.3734902956843,127.188,64.44447374186375,128888.94748372749,rebalance,simulated
2023-11-06,2023-11-03,113044.SH,7.749211316549463,115.833,0.448807197214937,897.614394429874,rebalance,simulated
2023-11-06,2023-11-03,113061.SH,-14.726455118862873,128.36,0.9451438895286193,1890.2877790572386,rebalance,simulated
2023-11-06,2023-11-03,113066.SH,5.981986773715107,125.022,0.3739399752117051,747.8799504234102,rebalance,simulated
2023-11-06,2023-11-03,113519.SH,4.994614813216913,129.35,0.32302671304480385,646.0534260896077,rebalance,simulated
2023-11-06,2023-11-03,113588.SH,-884.1236619240049,160.347,70.88328840926421,141766.5768185284,rebalance,simulated
2023-11-06,2023-11-03,113631.SH,1.8929545105476109,126.0,0.11925613416449948,238.51226832899897,rebalance,simulated
2023-11-06,2023-11-03,118003.SH,-8.803227914474292,130.875,0.5760612266534115,1152.122453306823,rebalance,simulated
2023-11-06,2023-11-03,118013.SH,7.200239672993575,118.63,0.4270822162036139,854.1644324072278,rebalance,simulated
2023-11-06,2023-11-03,118034.SH,27.759431137014644,105.401,1.4629359006362401,2925.8718012724803,rebalance,simulated
2023-11-06,2023-11-03,123128.SZ,15.953811430664473,102.5,0.8176328358215542,1635.2656716431084,rebalance,simulated
2023-11-06,2023-11-03,123158.SZ,-992.1536108769263,128.273,63.633260064007985,127266.52012801597,rebalance,simulated
2023-11-06,2023-11-03,123208.SZ,3.5474509251018844,112.4,0.19936674199072593,398.73348398145185,rebalance,simulated
2023-11-06,2023-11-03,127012.SZ,18.58477727711329,123.7,1.149468474589457,2298.936949178914,rebalance,simulated
2023-11-06,2023-11-03,127070.SZ,1056.2157149835489,122.029,64.44447374186375,128888.94748372748,rebalance,simulated
2023-11-06,2023-11-03,127091.SZ,5.209840069776192,118.087,0.30760719215983057,615.2143843196611,rebalance,simulated
2023-11-13,2023-11-10,110045.SH,-27.75291720682185,121.839,1.6906938397809836,3381.387679561967,rebalance,simulated
2023-11-13,2023-11-10,110072.SH,-56.869115305218884,92.448,2.6287179858684375,5257.435971736875,rebalance,simulated
2023-11-13,2023-11-10,110084.SH,-71.80806195758964,128.5,4.613667980775134,9227.335961550269,rebalance,simulated
2023-11-13,2023-11-10,110090.SH,913.943575718536,134.3,61.37131110949969,122742.62221899939,rebalance,simulated
2023-11-13,2023-11-10,111002.SH,-48.91619440362058,127.266,3.1126841984855886,6225.368396971177,rebalance,simulated
2023-11-13,2023-11-10,113044.SH,-47.165392436635784,115.192,2.716537942780475,5433.075885560949,rebalance,simulated
2023-11-13,2023-11-10,113061.SH,-47.436305658473884,128.3,3.0430390079911,6086.0780159822,rebalance,simulated
2023-11-13,2023-11-10,113066.SH,-58.01778503237824,126.16,3.65976187984242,7319.523759684839,rebalance,simulated
2023-11-13,2023-11-10,113519.SH,-52.25434028178972,129.999,3.396505991146191,6793.011982292382,rebalance,simulated
2023-11-13,2023-11-10,113631.SH,-59.281053449623414,127.373,3.7754028105194415,7550.805621038883,rebalance,simulated
2023-11-13,2023-11-10,113651.SH,995.1808639662014,123.337,61.37131110949969,122742.62221899939,rebalance,simulated
2023-11-13,2023-11-10,113673.SH,940.4628061495742,130.513,61.37131110949969,122742.62221899939,rebalance,simulated
2023-11-13,2023-11-10,118003.SH,-67.46590317334562,133.8,4.5134689222968225,9026.937844593645,rebalance,simulated
2023-11-13,2023-11-10,118013.SH,-65.64798760609574,120.238,3.9466913668908696,7893.382733781739,rebalance,simulated
2023-11-13,2023-11-10,118034.SH,-96.76458436030907,109.0,5.273669847636845,10547.33969527369,rebalance,simulated
2023-11-13,2023-11-10,123128.SZ,-78.36935925668058,104.1,4.079125149310224,8158.250298620448,rebalance,simulated
2023-11-13,2023-11-10,123208.SZ,-60.24055841398649,112.975,3.402838543410062,6805.677086820124,rebalance,simulated
2023-11-13,2023-11-10,127012.SZ,-63.91118195501258,125.499,4.010394712086062,8020.789424172123,rebalance,simulated
2023-11-13,2023-11-10,127070.SZ,-1056.2157149835489,122.626,64.75975413278634,129519.50826557267,rebalance,simulated
2023-11-13,2023-11-10,127091.SZ,-1091.4744847758643,120.39,65.70130661108315,131402.6132221663,rebalance,simulated
2023-11-20,2023-11-17,110045.SH,-8.210046439559846,123.097,0.5053160432852492,1010.6320865704984,rebalance,simulated
2023-11-20,2023-11-17,110072.SH,11.934742188191422,91.816,0.5479001443754918,1095.8002887509836,rebalance,simulated
2023-11-20,2023-11-17,110084.SH,16.324737440588706,126.605,1.0333966918328665,2066.793383665733,rebalance,simulated
2023-11-20,2023-11-17,110090.SH,-913.943575718536,136.415,62.33780644082204,124675.61288164408,rebalance,simulated
2023-11-20,2023-11-17,111002.SH,12.200610898118498,125.939,0.7682663679490727,1536.5327358981453,rebalance,simulated
2023-11-20,2023-11-17,113044.SH,4.020458410397168,114.999,0.23117434836863196,462.34869673726394,rebalance,simulated
2023-11-20,2023-11-17,113061.SH,-12.707038617258945,130.299,0.8278572123951117,1655.7144247902233,rebalance,simulated
2023-11-20,2023-11-17,113066.SH,0.4376541942494896,126.367,0.027652523782362624,55.30504756472525,rebalance,simulated
2023-11-20,2023-11-17,113519.SH,4.133871715611804,129.703,0.26808778156499885,536.1755631299977,rebalance,simulated
2023-11-20,2023-11-17,113631.SH,13.235752627116995,125.91,0.8332568066401503,1666.5136132803007,rebalance,simulated
2023-11-20,2023-11-17,113651.SH,-995.1808639662014,125.4,62.39784017068083,124795.68034136166,rebalance,simulated
2023-11-20,2023-11-17,113673.SH,-940.4628061495742,135.0,63.48123941509627,126962.47883019253,rebalance,simulated
2023-11-20,2023-11-17,118003.SH,-2.457689664105942,134.44,0.16520589922120144,330.41179844240287,rebalance,simulated
2023-11-20,2023-11-17,118013.SH,0.9961337534263066,120.372,0.05995330608371569,119.90661216743138,rebalance,simulated
2023-11-20,2023-11-17,118034.SH,-5.866715647467345,109.8,0.32208268904595727,644.1653780919145,rebalance,simulated
2023-11-20,2023-11-17,123078.SZ,896.8691083267009,137.143,61.499660061624375,122999.32012324875,rebalance,simulated
2023-11-20,2023-11-17,123128.SZ,11.616311072509006,103.3,0.5999824668950902,1199.9649337901803,rebalance,simulated
2023-11-20,2023-11-17,123208.SZ,2.580634201792691,112.943,0.14573228432653593,291.46456865307186,rebalance,simulated
2023-11-20,2023-11-17,127012.SZ,13.485542085937709,124.051,0.8364474906513294,1672.8949813026588,rebalance,simulated
2023-11-20,2023-11-17,127073.SZ,1028.4224090572638,119.6,61.499660061624375,122999.32012324875,rebalance,simulated
2023-11-20,2023-11-17,127091.SZ,1014.8291292490945,121.202,61.499660061624375,122999.32012324875,rebalance,simulated
2023-11-27,2023-11-24,110045.SH,41.104373032167814,123.751,2.5433536335518996,5086.7072671037995,rebalance,simulated
2023-11-27,2023-11-24,110068.SH,879.356213908028,146.402,64.36975421428156,128739.50842856312,rebalance,simulated
2023-11-27,2023-11-24,110072.SH,67.82223382259986,91.47,3.1018498638766046,6203.699727753209,rebalance,simulated
2023-11-27,2023-11-24,110084.SH,65.44720497133517,124.15,4.0626352485956305,8125.270497191262,rebalance,simulated
2023-11-27,2023-11-24,110090.SH,955.7356863933952,134.702,64.36975421428156,128739.50842856312,rebalance,simulated
2023-11-27,2023-11-24,111002.SH,46.30203304742702,125.85,2.9135554295093447,5827.11085901869,rebalance,simulated
2023-11-27,2023-11-24,113044.SH,46.19909109921991,115.382,2.665271764605096,5330.543529210192,rebalance,simulated
2023-11-27,2023-11-24,113061.SH,69.48004919086895,127.03,4.413025324358042,8826.050648716084,rebalance,simulated
2023-11-27,2023-11-24,113063.SH,958.4751627013937,134.317,64.36975421428156,128739.50842856312,rebalance,simulated
2023-11-27,2023-11-24,113066.SH,40.354893360949745,126.999,2.5625155509736284,5125.0311019472565,rebalance,simulated
2023-11-27,2023-11-24,113519.SH,17.83500534462644,133.25,1.1882572310857364,2376.514462171473,rebalance,simulated
2023-11-27,2023-11-24,113631.SH,55.10544612452259,124.749,3.437174649294034,6874.3492985880675,rebalance,simulated
2023-11-27,2023-11-24,113651.SH,1038.4730856542963,123.97,64.36975421428156,128739.5084285631,rebalance,simulated
2023-11-27,2023-11-24,118003.SH,-914.9012207917938,132.0,60.38348057225839,120766.96114451678,rebalance,simulated
2023-11-27,2023-11-24,118013.SH,87.11716965938297,116.092,5.056803230048544,10113.606460097088,rebalance,simulated
2023-11-27,2023-11-24,118034.SH,90.8494682523492,106.303,4.828785511814738,9657.571023629476,rebalance,simulated
2023-11-27,2023-11-24,123078.SZ,-896.8691083267009,132.548,59.43910328524378,118878.20657048756,rebalance,simulated
2023-11-27,2023-11-24,123128.SZ,67.75061977822975,102.3,3.4654442016564517,6930.888403312903,rebalance,simulated
2023-11-27,2023-11-24,123208.SZ,-1089.0388968174102,111.094,60.49284360151668,120985.68720303336,rebalance,simulated
2023-11-27,2023-11-24,127012.SZ,45.86304365541025,124.1,2.8458018588182057,5691.603717636412,rebalance,simulated
2023-11-27,2023-11-24,127073.SZ,-1028.4224090572638,117.0,60.162710929849936,120325.42185969987,rebalance,simulated
2023-11-27,2023-11-24,127091.SZ,-1014.8291292490945,118.764,60.26258335306973,120525.16670613945,rebalance,simulated
2023-12-04,2023-12-01,110045.SH,6.477741898972681,122.9,0.3980572396918713,796.1144793837426,rebalance,simulated
2023-12-04,2023-12-01,110068.SH,21.594234791766098,142.794,1.5417635814277242,3083.5271628554483,rebalance,simulated
2023-12-04,2023-12-01,110072.SH,4.907822351764253,91.089,0.223524315099927,447.048630199854,rebalance,simulated
2023-12-04,2023-12-01,110084.SH,4.27182690690006,123.555,0.26390278674101847,527.805573482037,rebalance,simulated
2023-12-04,2023-12-01,110090.SH,-955.7356863933952,135.2,64.60773240019351,129215.46480038702,rebalance,simulated
2023-12-04,2023-12-01,111002.SH,-8.231479621031212,126.783,0.5218058403966002,1043.6116807932003,rebalance,simulated
2023-12-04,2023-12-01,113044.SH,-17.60023342231875,117.15,1.0309336727123208,2061.867345424642,rebalance,simulated
2023-12-04,2023-12-01,113061.SH,5.482268107221444,126.259,0.3460928444748361,692.1856889496722,rebalance,simulated
2023-12-04,2023-12-01,113063.SH,33.43933449317524,129.699,2.1685241222151674,4337.048244430335,rebalance,simulated
2023-12-04,2023-12-01,113066.SH,-22.562230186068632,129.8,1.4642887390758546,2928.577478151709,rebalance,simulated
2023-12-04,2023-12-01,113519.SH,-25.283681725691736,136.736,1.7285947522220926,3457.189504444185,rebalance,simulated
2023-12-04,2023-12-01,113631.SH,-2.7857529616667307,125.0,0.17410956010417067,348.21912020834134,rebalance,simulated
2023-12-04,2023-12-01,113651.SH,-19.702746949525817,126.28,1.2440314423930603,2488.0628847861203,rebalance,simulated
2023-12-04,2023-12-01,113673.SH,999.6139733616038,128.7,64.3251591858192,128650.3183716384,rebalance,simulated
2023-12-04,2023-12-01,118013.SH,9.42393142210517,115.034,0.5420362636052231,1084.0725272104462,rebalance,simulated
2023-12-04,2023-12-01,118034.SH,26.067495774289,103.991,1.3553924765320438,2710.7849530640874,rebalance,simulated
2023-12-04,2023-12-01,123128.SZ,-4.548979261771137,102.6,0.23336263612885932,466.72527225771864,rebalance,simulated
2023-12-04,2023-12-01,127012.SZ,-7.358672937202982,124.9,0.4595491249283263,919.0982498566525,rebalance,simulated
2023-12-11,2023-12-08,110045.SH,-73.01532218757961,124.597,4.548745049302928,9097.490098605856,rebalance,simulated
2023-12-11,2023-12-08,110068.SH,-68.21723991884267,145.7,4.969625928087687,9939.251856175375,rebalance,simulated
2023-12-11,2023-12-08,110072.SH,-83.74227609489117,91.32,3.8236723264927304,7647.344652985461,rebalance,simulated
2023-12-11,2023-12-08,110084.SH,-55.22360032023278,123.05,3.3976320097023214,6795.264019404643,rebalance,simulated
2023-12-11,2023-12-08,110090.SH,906.3415817145722,133.867,60.66461425969231,121329.22851938462,rebalance,simulated
2023-12-11,2023-12-08,111002.SH,-44.226620311728084,125.017,2.764539695755655,5529.07939151131,rebalance,simulated
2023-12-11,2023-12-08,113044.SH,-65.57828480464968,117.5,3.852724232273169,7705.448464546338,rebalance,simulated
2023-12-11,2023-12-08,113061.SH,-59.81544933239695,126.5,3.783327170274107,7566.654340548214,rebalance,simulated
2023-12-11,2023-12-08,113063.SH,-55.732178372156795,129.6,3.6114451585157603,7222.890317031521,rebalance,simulated
2023-12-11,2023-12-08,113066.SH,-44.66300145069488,128.19,2.8626750779822885,5725.3501559645765,rebalance,simulated
2023-12-11,2023-12-08,113519.SH,-28.204909823045682,132.94,1.8747803559378464,3749.560711875693,rebalance,simulated
2023-12-11,2023-12-08,113631.SH,-55.452719369699366,124.6,3.45470441673227,6909.40883346454,rebalance,simulated
2023-12-11,2023-12-08,113651.SH,-1018.7703387047704,126.78,64.5798517704954,129159.7035409908,rebalance,simulated
2023-12-11,2023-12-08,113673.SH,-999.6139733616038,126.4,63.17560311645337,126351.20623290673,rebalance,simulated
2023-12-11,2023-12-08,118003.SH,898.7350260695157,135.0,60.66461425969231,121329.22851938462,rebalance,simulated
2023-12-11,2023-12-08,118013.SH,-1118.367772759692,114.635,64.10204481515365,128204.08963030728,rebalance,simulated
2023-12-11,2023-12-08,118025.SH,956.2518010670289,126.88,60.66461425969231,121329.22851938462,rebalance,simulated
2023-12-11,2023-12-08,118034.SH,-64.65103625871257,103.481,3.345076941543917,6690.153883087834,rebalance,simulated
2023-12-11,2023-12-08,123128.SZ,-1253.9017385149943,103.5,64.88941496815096,129778.82993630192,rebalance,simulated
2023-12-11,2023-12-08,123158.SZ,940.543946227371,128.999,60.66461425969231,121329.22851938462,rebalance,simulated
2023-12-11,2023-12-08,123208.SZ,1082.1275989278067,112.121,60.66461425969231,121329.22851938462,rebalance,simulated
2023-12-11,2023-12-08,127012.SZ,-69.0181998898837,126.252,4.356842886248798,8713.685772497596,rebalance,simulated
2023-12-18,2023-12-15,110045.SH,57.256914263861745,123.5,3.535614455793463,7071.228911586925,rebalance,simulated
2023-12-18,2023-12-15,110068.SH,-832.7332087809515,132.734,55.26600486716541,110532.00973433082,rebalance,simulated
2023-12-18,2023-12-15,110072.SH,55.429789524247326,92.0,2.5497703181153772,5099.540636230754,rebalance,simulated
2023-12-18,2023-12-15,110084.SH,30.730669430775265,125.235,1.9242776930815702,3848.55538616314,rebalance,simulated
2023-12-18,2023-12-15,110090.SH,55.38219585555237,132.4,3.666301365637567,7332.602731275134,rebalance,simulated
2023-12-18,2023-12-15,111002.SH,57.45695648718106,123.869,3.5585678715553155,7117.135743110631,rebalance,simulated
2023-12-18,2023-12-15,113044.SH,68.16748103783266,115.677,3.9427048520066847,7885.409704013369,rebalance,simulated
2023-12-18,2023-12-15,113061.SH,35.59652624858188,128.008,2.278320066014235,4556.640132028469,rebalance,simulated
2023-12-18,2023-12-15,113063.SH,35.83426273062298,130.998,2.3471083745930748,4694.216749186149,rebalance,simulated
2023-12-18,2023-12-15,113066.SH,42.89273504820039,128.7,2.7601475003516955,5520.2950007033905,rebalance,simulated
2023-12-18,2023-12-15,113519.SH,47.61164828940048,132.6,3.1566522815872515,6313.304563174503,rebalance,simulated
2023-12-18,2023-12-15,113631.SH,32.45520412618259,126.547,2.0535543582780145,4107.108716556028,rebalance,simulated
2023-12-18,2023-12-15,113651.SH,997.1356493467752,127.698,63.66611407514225,127332.22815028449,rebalance,simulated
2023-12-18,2023-12-15,118003.SH,67.85822049956323,131.733,4.4695834805344825,8939.166961068964,rebalance,simulated
2023-12-18,2023-12-15,118025.SH,54.321438220943264,126.0,3.4222506079194255,6844.501215838851,rebalance,simulated
2023-12-18,2023-12-15,118034.SH,-1172.4783150470582,101.911,59.74421878238038,119488.43756476075,rebalance,simulated
2023-12-18,2023-12-15,123128.SZ,1228.4826642574478,103.65,63.66611407514224,127332.22815028447,rebalance,simulated
2023-12-18,2023-12-15,123158.SZ,-940.543946227371,127.775,60.08900136460117,120178.00272920233,rebalance,simulated
2023-12-18,2023-12-15,123208.SZ,70.93070180826567,110.43,3.916438700343389,7832.877400686778,rebalance,simulated
2023-12-18,2023-12-15,127012.SZ,62.57082562906305,124.399,3.8918740687149076,7783.748137429815,rebalance,simulated
2023-12-25,2023-12-22,110045.SH,-68.40932193034064,124.509,4.258788132112391,8517.576264224783,rebalance,simulated
2023-12-25,2023-12-22,110068.SH,906.4127758088065,132.23,59.92748067259924,119854.96134519848,rebalance,simulated
2023-12-25,2023-12-22,110072.SH,-70.65328978060052,91.256,3.2237683061092404,6447.5366122184805,rebalance,simulated
2023-12-25,2023-12-22,110084.SH,-1016.7463420791671,123.08,62.57056989155195,125141.13978310389,rebalance,simulated
2023-12-25,2023-12-22,110090.SH,-26.4529126056417,128.15,1.694970375206492,3389.940750412984,rebalance,simulated
2023-12-25,2023-12-22,111002.SH,-1027.958796392031,121.306,62.348784877565855,124697.56975513171,rebalance,simulated
2023-12-25,2023-12-22,113044.SH,-68.41418494603613,116.1,3.971443436117397,7942.886872234794,rebalance,simulated
2023-12-25,2023-12-22,113061.SH,-58.44906696505711,128.013,3.7411202046989285,7482.240409397857,rebalance,simulated
2023-12-25,2023-12-22,113063.SH,-60.128199791581096,131.436,3.951505033903127,7903.010067806254,rebalance,simulated
2023-12-25,2023-12-22,113066.SH,-73.75008471891726,130.9,4.8269430448531345,9653.88608970627,rebalance,simulated
2023-12-25,2023-12-22,113519.SH,-60.46119169195072,133.2,4.026715366683917,8053.430733367834,rebalance,simulated
2023-12-25,2023-12-22,113631.SH,-41.2669321788419,124.21,2.562882822966976,5125.765645933952,rebalance,simulated
2023-12-25,2023-12-22,113651.SH,-997.1356493467752,127.127,63.381431847253744,126762.86369450748,rebalance,simulated
2023-12-25,2023-12-22,118003.SH,-50.19384489769607,130.789,3.282401390162385,6564.8027803247705,rebalance,simulated
2023-12-25,2023-12-22,118013.SH,1094.565857033776,109.5,59.92748067259923,119854.96134519846,rebalance,simulated
2023-12-25,2023-12-22,118025.SH,-80.59270448246866,128.879,5.193353580498039,10386.707160996079,rebalance,simulated
2023-12-25,2023-12-22,118034.SH,1183.180103902294,101.299,59.92748067259924,119854.96134519848,rebalance,simulated
2023-12-25,2023-12-22,123128.SZ,-55.36621541633849,102.168,2.828327748328236,5656.655496656472,rebalance,simulated
2023-12-25,2023-12-22,123158.SZ,921.9754253542246,129.998,59.92748067259924,119854.96134519848,rebalance,simulated
2023-12-25,2023-12-22,123208.SZ,-1153.0583007360724,109.947,63.38765049551448,126775.30099102895,rebalance,simulated
2023-12-25,2023-12-22,127012.SZ,-72.34934202084901,126.0,4.558008547313488,9116.017094626975,rebalance,simulated
2023-12-25,2023-12-22,127063.SZ,884.5384601121659,135.5,59.92748067259924,119854.96134519848,rebalance,simulated
2024-01-02,2023-12-29,110045.SH,39.188804262853864,121.669,2.3840313129285833,4768.0626258571665,rebalance,simulated
2024-01-02,2023-12-29,110068.SH,-16.463879669914036,136.962,1.1274629436753831,2254.925887350766,rebalance,simulated
2024-01-02,2023-12-29,110072.SH,25.813413116225775,91.016,1.1747168040932028,2349.4336081864053,rebalance,simulated
2024-01-02,2023-12-29,110084.SH,982.9772638143144,124.0,60.94459035648749,121889.18071297498,rebalance,simulated
2024-01-02,2023-12-29,110090.SH,-15.324748002650267,132.496,1.015233905679575,2030.46781135915,rebalance,simulated
2024-01-02,2023-12-29,111002.SH,986.5495278304099,123.551,60.94459035648749,121889.18071297498,rebalance,simulated
2024-01-02,2023-12-29,113044.SH,15.44554799734442,116.33,0.8983902992655382,1796.7805985310763,rebalance,simulated
2024-01-02,2023-12-29,113061.SH,8.546981050387444,129.008,0.5513144656741917,1102.6289313483835,rebalance,simulated
2024-01-02,2023-12-29,113063.SH,-6.275305947890274,134.593,0.4223061267221978,844.6122534443956,rebalance,simulated
2024-01-02,2023-12-29,113066.SH,22.723005202485638,129.898,1.4758364648962397,2951.6729297924794,rebalance,simulated
2024-01-02,2023-12-29,113519.SH,-899.8120221110997,132.597,59.65618734793275,119312.3746958655,rebalance,simulated
2024-01-02,2023-12-29,113631.SH,8.454388234646672,125.221,0.5293334745653455,1058.666949130691,rebalance,simulated
2024-01-02,2023-12-29,113651.SH,949.65509199753,128.351,60.94459035648749,121889.18071297498,rebalance,simulated
2024-01-02,2023-12-29,118003.SH,-20.77446072633768,136.094,1.4136397290451,2827.2794580902,rebalance,simulated
2024-01-02,2023-12-29,118013.SH,-13.029204744734443,112.7,0.7341956873657859,1468.3913747315717,rebalance,simulated
2024-01-02,2023-12-29,118025.SH,-929.9805348055035,142.88,66.43780940650517,132875.61881301034,rebalance,simulated
2024-01-02,2023-12-29,118034.SH,3.666835854035071,102.7,0.1882920211047009,376.5840422094018,rebalance,simulated
2024-01-02,2023-12-29,123128.SZ,12.61057347447354,102.797,0.6481645607277283,1296.3291214554565,rebalance,simulated
2024-01-02,2023-12-29,123158.SZ,17.09282464173043,129.798,1.1093072264236632,2218.6144528473264,rebalance,simulated
2024-01-02,2023-12-29,127012.SZ,16.74381995384681,125.922,1.054207648114149,2108.415296228298,rebalance,simulated
2024-01-02,2023-12-29,127063.SZ,-884.5384601121659,140.997,62.35863463021754,124717.26926043507,rebalance,simulated
2024-01-08,2024-01-05,110045.SH,-131.82628338273355,124.741,8.222071207722784,16444.142415445567,rebalance,simulated
2024-01-08,2024-01-05,110068.SH,-56.979401779596515,130.284,3.711752190726476,7423.504381452952,rebalance,simulated
2024-01-08,2024-01-05,110072.SH,-155.05622658062248,91.646,7.105141470603864,14210.282941207728,rebalance,simulated
2024-01-08,2024-01-05,110084.SH,-95.1070736524324,122.228,5.812373699194754,11624.747398389507,rebalance,simulated
2024-01-08,2024-01-05,110090.SH,-69.99508585221952,127.681,4.468521278348621,8937.04255669724,rebalance,simulated
2024-01-08,2024-01-05,111002.SH,-986.5495278304099,121.407,59.88700926265329,119774.01852530657,rebalance,simulated
2024-01-08,2024-01-05,113044.SH,-130.8402941422961,118.352,7.742605246164514,15485.210492329028,rebalance,simulated
2024-01-08,2024-01-05,113061.SH,-78.17023026035076,125.221,4.894277201715691,9788.554403431383,rebalance,simulated
2024-01-08,2024-01-05,113063.SH,-87.64259498395631,132.673,5.813903002153218,11627.806004306436,rebalance,simulated
2024-01-08,2024-01-05,113066.SH,-121.28013960591773,132.82,8.054214071228996,16108.428142457991,rebalance,simulated
2024-01-08,2024-01-05,113619.SH,914.7912232309136,118.631,54.26129880155325,108522.59760310651,rebalance,simulated
2024-01-08,2024-01-05,113631.SH,-115.45208362460642,126.492,7.301882480921858,14603.764961843715,rebalance,simulated
2024-01-08,2024-01-05,113651.SH,-101.02670911430732,127.88,6.45964778076881,12919.29556153762,rebalance,simulated
2024-01-08,2024-01-05,118003.SH,-43.40454371943429,127.341,2.7635890008882407,5527.178001776481,rebalance,simulated
2024-01-08,2024-01-05,118013.SH,-108.24854184064645,111.501,6.034910331886961,12069.82066377392,rebalance,simulated
2024-01-08,2024-01-05,118025.SH,823.2010741341614,131.83,54.26129880155325,108522.59760310651,rebalance,simulated
2024-01-08,2024-01-05,118034.SH,-116.66768406034953,101.406,5.915401584911902,11830.803169823805,rebalance,simulated
2024-01-08,2024-01-05,123128.SZ,-121.77998699100931,102.0,6.210779336541474,12421.55867308295,rebalance,simulated
2024-01-08,2024-01-05,123158.SZ,-939.0682499959551,127.19,59.72004535849276,119440.09071698552,rebalance,simulated
2024-01-08,2024-01-05,123208.SZ,999.8304567224045,108.541,54.26129880155325,108522.59760310651,rebalance,simulated
2024-01-08,2024-01-05,127012.SZ,-112.11722392584034,126.8,7.108231996898278,14216.463993796555,rebalance,simulated
2024-01-08,2024-01-05,127063.SZ,790.9291489851723,137.209,54.26129880155325,108522.59760310651,rebalance,simulated
2024-01-15,2024-01-12,110045.SH,48.697833840477415,123.7,3.0119610230335283,6023.922046067057,rebalance,simulated
2024-01-15,2024-01-12,110068.SH,41.72929677316745,129.92,2.7107351183849575,5421.470236769915,rebalance,simulated
2024-01-15,2024-01-12,110072.SH,58.98165462240763,91.415,2.695903978653697,5391.807957307394,rebalance,simulated
2024-01-15,2024-01-12,110084.SH,54.03504766596416,120.65,3.259664250449288,6519.328500898576,rebalance,simulated
2024-01-15,2024-01-12,110090.SH,38.367921300568014,127.928,2.4541657180695324,4908.331436139065,rebalance,simulated
2024-01-15,2024-01-12,111002.SH,935.3157773162933,121.5,56.82043347196482,113640.86694392964,rebalance,simulated
2024-01-15,2024-01-12,113044.SH,45.14022436391883,118.119,2.665959080820864,5331.918161641728,rebalance,simulated
2024-01-15,2024-01-12,113061.SH,-866.6485461951789,123.5,53.5155477275523,107031.0954551046,rebalance,simulated
2024-01-15,2024-01-12,113063.SH,17.132891774225754,136.08,1.1657219563183205,2331.443912636641,rebalance,simulated
2024-01-15,2024-01-12,113066.SH,99.39342140876613,124.0,6.1623921273435,12324.784254687,rebalance,simulated
2024-01-15,2024-01-12,113619.SH,-914.7912232309136,118.389,54.15060906354231,108301.21812708462,rebalance,simulated
2024-01-15,2024-01-12,113627.SH,1006.829688526,112.87,56.82043347196482,113640.86694392964,rebalance,simulated
2024-01-15,2024-01-12,113631.SH,47.82433268746752,125.464,3.000116038150212,6000.2320763004245,rebalance,simulated
2024-01-15,2024-01-12,113651.SH,40.23252399147145,127.85,2.5718640961548127,5143.728192309625,rebalance,simulated
2024-01-15,2024-01-12,118003.SH,63.42594024864286,124.11,3.9358967221295327,7871.793444259065,rebalance,simulated
2024-01-15,2024-01-12,118013.SH,-973.2881104483951,110.701,53.87198355737389,107743.96711474778,rebalance,simulated
2024-01-15,2024-01-12,118025.SH,49.623348049800256,130.199,3.2304551463679725,6460.9102927359445,rebalance,simulated
2024-01-15,2024-01-12,118034.SH,36.3530417132672,102.7,1.8667286919762711,3733.457383952542,rebalance,simulated
2024-01-15,2024-01-12,123128.SZ,49.80785955291458,102.034,2.541047570811043,5082.095141622086,rebalance,simulated
2024-01-15,2024-01-12,123158.SZ,884.5712379849742,128.47,56.82043347196482,113640.86694392964,rebalance,simulated
2024-01-15,2024-01-12,123208.SZ,37.029306819257044,109.601,2.0292245283486956,4058.4490566973914,rebalance,simulated
2024-01-15,2024-01-12,127012.SZ,43.22238256728133,126.397,2.7315897446783293,5463.179489356658,rebalance,simulated
2024-01-15,2024-01-12,127063.SZ,-790.9291489851723,139.502,55.16809907086476,110336.19814172952,rebalance,simulated
2024-01-22,2024-01-19,110045.SH,-918.6812202419534,122.634,56.33077638157586,112661.55276315172,rebalance,simulated
2024-01-22,2024-01-19,110048.SH,719.2694363816987,147.5,53.046120933150284,106092.24186630057,rebalance,simulated
2024-01-22,2024-01-19,110068.SH,-0.43227389883691103,121.35,0.026228218811929577,52.45643762385915,rebalance,simulated
2024-01-22,2024-01-19,110072.SH,-70.81563662608687,90.498,3.204336741693805,6408.67348338761,rebalance,simulated
2024-01-22,2024-01-19,110084.SH,-941.9052378278461,117.97,55.55828045327551,111116.560906551,rebalance,simulated
2024-01-22,2024-01-19,110090.SH,-26.67007063526114,123.127,1.6419028935538993,3283.8057871077986,rebalance,simulated
2024-01-22,2024-01-19,111002.SH,-935.3157773162933,118.899,55.604055303564984,111208.11060712996,rebalance,simulated
2024-01-22,2024-01-19,113044.SH,-59.78958726700739,117.58,3.515029835427365,7030.059670854729,rebalance,simulated
2024-01-22,2024-01-19,113061.SH,906.8798135358126,116.986,53.046120933150284,106092.24186630057,rebalance,simulated
2024-01-22,2024-01-19,113063.SH,-25.238930876348036,131.0,1.6531499724007963,3306.2999448015926,rebalance,simulated
2024-01-22,2024-01-19,113066.SH,-69.82033237072403,125.31,4.374592924687714,8749.185849375428,rebalance,simulated
2024-01-22,2024-01-19,113527.SH,819.6945187423264,129.429,53.046120933150284,106092.24186630057,rebalance,simulated
2024-01-22,2024-01-19,113619.SH,930.6255371996787,114.001,53.046120933150284,106092.24186630057,rebalance,simulated
2024-01-22,2024-01-19,113627.SH,-93.8155588676475,116.2,5.45068397021032,10901.36794042064,rebalance,simulated
2024-01-22,2024-01-19,113631.SH,-22.839954339097176,120.16,1.3722244566929582,2744.4489133859165,rebalance,simulated
2024-01-22,2024-01-19,113651.SH,-47.56007133050025,126.105,2.998781397566367,5997.562795132734,rebalance,simulated
2024-01-22,2024-01-19,113673.SH,898.9953722189317,118.012,53.046120933150284,106092.24186630057,rebalance,simulated
2024-01-22,2024-01-19,118003.SH,-35.7969274037564,120.58,2.158196753172473,4316.393506344946,rebalance,simulated
2024-01-22,2024-01-19,118025.SH,-37.99146498860307,127.082,2.4140156768408274,4828.031353681655,rebalance,simulated
2024-01-22,2024-01-19,118034.SH,-71.9906897417618,102.55,3.6913226165088364,7382.645233017673,rebalance,simulated
2024-01-22,2024-01-19,123128.SZ,-1113.7548948774881,101.517,56.53252783163898,113065.05566327796,rebalance,simulated
2024-01-22,2024-01-19,123158.SZ,-24.1313201723176,123.3,1.4876958886233802,2975.3917772467603,rebalance,simulated
2024-01-22,2024-01-19,123208.SZ,-1036.8597635416616,109.602,56.8209519018466,113641.90380369319,rebalance,simulated
2024-01-22,2024-01-19,127012.SZ,-57.73129238605861,126.098,3.6399002536486096,7279.800507297219,rebalance,simulated
2024-01-22,2024-01-19,127063.SZ,764.2432060675736,138.82,53.046120933150284,106092.24186630057,rebalance,simulated
2024-01-29,2024-01-26,110048.SH,-719.2694363816987,152.3,54.77236758046636,109544.73516093272,rebalance,simulated
2024-01-29,2024-01-26,110068.SH,-54.70936384281015,122.506,3.35111266346365,6702.2253269273,rebalance,simulated
2024-01-29,2024-01-26,110072.SH,-43.35589637063708,88.932,1.9278632880167486,3855.726576033497,rebalance,simulated
2024-01-29,2024-01-26,110084.SH,853.036318657032,117.698,50.20033431664767,100400.66863329534,rebalance,simulated
2024-01-29,2024-01-26,110090.SH,-47.857737503879434,123.374,2.9522002534018106,5904.400506803621,rebalance,simulated
2024-01-29,2024-01-26,110091.SH,738.2510671722771,135.998,50.20033431664767,100400.66863329534,rebalance,simulated
2024-01-29,2024-01-26,111002.SH,851.3870447000266,117.926,50.20033431664767,100400.66863329534,rebalance,simulated
2024-01-29,2024-01-26,113044.SH,-62.827892409599826,119.6,3.7571079660940696,7514.215932188139,rebalance,simulated
2024-01-29,2024-01-26,113061.SH,-19.63459761768479,113.16,1.1109255332086054,2221.851066417211,rebalance,simulated
2024-01-29,2024-01-26,113063.SH,-809.8644417274852,126.0,51.02145982883157,102042.91965766314,risk_exit,simulated
2024-01-29,2024-01-26,113066.SH,-76.98960483837834,130.45,5.021646975583227,10043.293951166454,rebalance,simulated
2024-01-29,2024-01-26,113527.SH,-33.77930439167801,127.75,2.157653068018433,4315.306136036866,rebalance,simulated
2024-01-29,2024-01-26,113619.SH,-930.6255371996787,113.934,53.014944977654096,106029.88995530819,rebalance,simulated
2024-01-29,2024-01-26,113627.SH,-913.0141296583525,113.4,51.76790115162859,103535.80230325718,rebalance,simulated
2024-01-29,2024-01-26,113631.SH,-64.99672847009322,122.75,3.989174209851971,7978.348419703942,rebalance,simulated
2024-01-29,2024-01-26,113651.SH,-38.09548647783117,125.0,2.3809679048644483,4761.935809728897,rebalance,simulated
2024-01-29,2024-01-26,113669.SH,918.0077228558202,109.368,50.20033431664767,100400.66863329534,rebalance,simulated
2024-01-29,2024-01-26,113673.SH,-42.334377054295715,117.2,2.4807944953817294,4961.588990763458,rebalance,simulated
2024-01-29,2024-01-26,118003.SH,-30.43596985649276,118.2,1.7987658185187223,3597.5316370374444,rebalance,simulated
2024-01-29,2024-01-26,118025.SH,-18.885776962479326,123.048,1.1619285418395782,2323.8570836791564,rebalance,simulated
2024-01-29,2024-01-26,118034.SH,-61.67633859746286,103.201,3.182529909798382,6365.059819596764,rebalance,simulated
2024-01-29,2024-01-26,123158.SZ,-19.211022686595925,119.35,1.1464177788226118,2292.8355576452236,rebalance,simulated
2024-01-29,2024-01-26,127012.SZ,-60.62694225093037,128.6,3.8983123867348226,7796.624773469645,rebalance,simulated
2024-01-29,2024-01-26,127063.SZ,-6.330707892172882,132.47,0.4193144372380708,838.6288744761416,rebalance,simulated
2024-01-29,2024-01-26,127091.SZ,923.9382017677594,108.666,50.20033431664767,100400.66863329534,rebalance,simulated
2024-02-05,2024-02-02,110068.SH,-819.5571533908163,118.998,48.76283106960018,97525.66213920036,rebalance,simulated
2024-02-05,2024-02-02,110072.SH,-72.92989838228482,86.943,3.1703720775254944,6340.744155050988,rebalance,simulated
2024-02-05,2024-02-02,110074.SH,800.4256330033419,114.707,45.90721154245717,91814.42308491434,rebalance,simulated
2024-02-05,2024-02-02,110084.SH,-22.377115123988688,110.532,1.2366936444423589,2473.3872888847177,rebalance,simulated
2024-02-05,2024-02-02,110090.SH,-44.42662429488587,119.338,2.6508922450515446,5301.784490103089,rebalance,simulated
2024-02-05,2024-02-02,110091.SH,-23.814215764914934,128.513,1.5302181552982566,3060.436310596513,rebalance,simulated
2024-02-05,2024-02-02,111002.SH,-0.859734974094863,107.95,0.04640419522677024,92.80839045354047,rebalance,simulated
2024-02-05,2024-02-02,113044.SH,-72.11215271255446,119.65,4.314109536028571,8628.219072057142,rebalance,simulated
2024-02-05,2024-02-02,113061.SH,-63.716230234209775,111.489,3.551829396290907,7103.658792581814,rebalance,simulated
2024-02-05,2024-02-02,113066.SH,-40.86444164767829,125.983,2.5741124760497276,5148.224952099455,rebalance,simulated
2024-02-05,2024-02-02,113519.SH,805.3896761834591,114.0,45.90721154245717,91814.42308491434,rebalance,simulated
2024-02-05,2024-02-02,113527.SH,-785.9152143506484,119.231,46.85272846112108,93705.45692224216,rebalance,simulated
2024-02-05,2024-02-02,113588.SH,696.7778939433432,131.77,45.90721154245717,91814.42308491434,rebalance,simulated
2024-02-05,2024-02-02,113631.SH,-817.928054039066,115.308,47.15682402756831,94313.64805513663,rebalance,simulated
2024-02-05,2024-02-02,113651.SH,-8.233981853223213,115.494,0.47548775007808086,950.9755001561617,rebalance,simulated
2024-02-05,2024-02-02,113669.SH,-918.0077228558202,103.512,47.512407704125835,95024.81540825167,rebalance,simulated
2024-02-05,2024-02-02,113673.SH,-39.76309060643598,112.394,2.2345664028098833,4469.132805619766,rebalance,simulated
2024-02-05,2024-02-02,118003.SH,-16.145846464214856,110.186,0.8895231192529891,1779.0462385059782,rebalance,simulated
2024-02-05,2024-02-02,118025.SH,-48.21670424021818,119.592,2.883166046748086,5766.332093496172,rebalance,simulated
2024-02-05,2024-02-02,118034.SH,-68.77066831658703,101.554,3.49196822511134,6983.93645022268,rebalance,simulated
2024-02-05,2024-02-02,123128.SZ,931.0863308479296,98.61,45.90721154245717,91814.42308491434,rebalance,simulated
2024-02-05,2024-02-02,123158.SZ,-49.725247842316435,116.0,2.8840643748543533,5768.128749708707,rebalance,simulated
2024-02-05,2024-02-02,127012.SZ,-780.7205959043184,129.698,50.62894992379915,101257.8998475983,rebalance,simulated
2024-02-05,2024-02-02,127037.SZ,647.4924053943182,141.8,45.90721154245717,91814.42308491434,rebalance,simulated
2024-02-05,2024-02-02,127042.SZ,867.5078005320855,105.837,45.90721154245717,91814.42308491434,rebalance,simulated
2024-02-05,2024-02-02,127050.SZ,789.7403477142788,116.259,45.90721154245717,91814.42308491434,rebalance,simulated
2024-02-05,2024-02-02,127063.SZ,-13.5899191954461,123.353,0.8381786512579315,1676.3573025158628,rebalance,simulated
2024-02-05,2024-02-02,127091.SZ,-923.9382017677594,103.626,47.87201004819292,95744.02009638584,rebalance,simulated
2024-02-19,2024-02-08,110068.SH,750.4542038102705,128.203,48.10524014554406,96210.48029108811,rebalance,simulated
2024-02-19,2024-02-08,110072.SH,37.283258260247294,87.999,1.6404447218217508,3280.8894436435016,rebalance,simulated
2024-02-19,2024-02-08,110074.SH,-800.4256330033419,122.838,49.161341953432256,98322.6839068645,rebalance,simulated
2024-02-19,2024-02-08,110084.SH,-5.526439458531172,116.6,0.3221914204323673,644.3828408647346,rebalance,simulated
2024-02-19,2024-02-08,110090.SH,-11.801683038452893,127.0,0.7494068729417587,1498.8137458835174,rebalance,simulated
2024-02-19,2024-02-08,110091.SH,-714.4368514073622,138.5,49.47475195995983,98949.50391991966,rebalance,simulated
2024-02-19,2024-02-08,111002.SH,8.487165958107653,112.001,0.47528553723700767,950.5710744740153,rebalance,simulated
2024-02-19,2024-02-08,113044.SH,38.63385715153345,119.369,2.3058424471606984,4611.684894321396,rebalance,simulated
2024-02-19,2024-02-08,113061.SH,-823.528985683918,116.501,47.970975180581064,95941.95036116213,rebalance,simulated
2024-02-19,2024-02-08,113066.SH,-16.092884370839556,134.996,1.0862375092629284,2172.4750185258567,rebalance,simulated
2024-02-19,2024-02-08,113519.SH,-805.3896761834591,117.305,47.23811798235033,94476.23596470067,rebalance,simulated
2024-02-19,2024-02-08,113527.SH,798.698978831703,120.459,48.10524014554406,96210.48029108811,rebalance,simulated
2024-02-19,2024-02-08,113588.SH,-696.7778939433432,141.073,49.148273916134634,98296.54783226927,rebalance,simulated
2024-02-19,2024-02-08,113651.SH,18.950771181595996,118.206,1.1200474291458682,2240.0948582917363,rebalance,simulated
2024-02-19,2024-02-08,113666.SH,878.0251176451789,109.576,48.10524014554406,96210.48029108811,rebalance,simulated
2024-02-19,2024-02-08,113669.SH,868.0905918170903,110.83,48.10524014554406,96210.48029108811,rebalance,simulated
2024-02-19,2024-02-08,113673.SH,-15.878170222273639,120.11,0.9535635126986434,1907.1270253972866,rebalance,simulated
2024-02-19,2024-02-08,118003.SH,-22.50056451573687,118.666,1.3350259944122156,2670.051988824431,rebalance,simulated
2024-02-19,2024-02-08,118013.SH,885.426838681098,108.66,48.10524014554406,96210.48029108811,rebalance,simulated
2024-02-19,2024-02-08,118024.SH,894.531865770572,107.554,48.10524014554406,96210.48029108811,rebalance,simulated
2024-02-19,2024-02-08,118025.SH,-15.115931532316836,127.835,0.9661725537168614,1932.3451074337227,rebalance,simulated
2024-02-19,2024-02-08,118030.SH,797.0513991706275,120.708,48.10524014554406,96210.48029108811,rebalance,simulated
2024-02-19,2024-02-08,118034.SH,35.00232741726404,102.45,1.7929942219493504,3585.988443898701,rebalance,simulated
2024-02-19,2024-02-08,123128.SZ,98.34316081789655,93.46,4.595575905020305,9191.15181004061,rebalance,simulated
2024-02-19,2024-02-08,123158.SZ,-1.6954931886975828,121.815,0.10326825139059803,206.53650278119605,rebalance,simulated
2024-02-19,2024-02-08,127012.SZ,742.9438087636825,129.499,48.10524014554406,96210.48029108811,rebalance,simulated
2024-02-19,2024-02-08,127037.SZ,-647.4924053943182,160.0,51.799392431545456,103598.78486309091,rebalance,simulated
2024-02-19,2024-02-08,127042.SZ,-867.5078005320855,108.301,46.9759811527127,93951.96230542539,rebalance,simulated
2024-02-19,2024-02-08,127050.SZ,-789.7403477142788,125.093,49.39549465831114,98790.98931662228,rebalance,simulated
2024-02-19,2024-02-08,127063.SZ,-7.077519278130012,130.5,0.4618081328979833,923.6162657959666,rebalance,simulated
2024-02-26,2024-02-23,110068.SH,17.488955482085316,128.7,1.12541428527219,2250.82857054438,rebalance,simulated
2024-02-26,2024-02-23,110072.SH,0.591307757929826,90.35,0.02671232796447989,53.42465592895978,rebalance,simulated
2024-02-26,2024-02-23,110074.SH,804.8394511476074,122.8,49.41714230046309,98834.28460092618,rebalance,simulated
2024-02-26,2024-02-23,110084.SH,14.366807835164082,117.73,0.8457021432169337,1691.4042864338674,rebalance,simulated
2024-02-26,2024-02-23,110090.SH,24.601491971179144,126.36,1.5543222627390982,3108.6445254781966,rebalance,simulated
2024-02-26,2024-02-23,111002.SH,-859.0144756840394,117.172,50.32622207242513,100652.44414485026,rebalance,simulated
2024-02-26,2024-02-23,113044.SH,-3.3293288396210983,123.133,0.20497512400453236,409.9502480090647,rebalance,simulated
2024-02-26,2024-02-23,113061.SH,820.81458849702,120.41,49.41714230046309,98834.28460092618,rebalance,simulated
2024-02-26,2024-02-23,113066.SH,-712.6913411589092,156.3,55.69682831156875,111393.6566231375,rebalance,simulated
2024-02-26,2024-02-23,113527.SH,12.755011766956954,121.799,0.7767738391017952,1553.5476782035903,rebalance,simulated
2024-02-26,2024-02-23,113634.SH,774.952049624625,127.536,49.41714230046309,98834.28460092618,rebalance,simulated
2024-02-26,2024-02-23,113651.SH,-29.523054260400727,126.0,1.8599524184052456,3719.9048368104914,rebalance,simulated
2024-02-26,2024-02-23,113666.SH,16.402797295329606,110.5,0.9062545505669607,1812.5091011339214,rebalance,simulated
2024-02-26,2024-02-23,113669.SH,21.76323287522598,111.068,1.2085993744927996,2417.198748985599,rebalance,simulated
2024-02-26,2024-02-23,113670.SH,921.162467271175,107.293,49.41714230046309,98834.28460092618,rebalance,simulated
2024-02-26,2024-02-23,113673.SH,-801.0197343359264,122.674,49.13214744496272,98264.29488992544,rebalance,simulated
2024-02-26,2024-02-23,118003.SH,-8.045507833463262,123.124,0.4952975532436653,990.5951064873306,rebalance,simulated
2024-02-26,2024-02-23,118013.SH,20.87735198873088,109.052,1.13835849453754,2276.71698907508,rebalance,simulated
2024-02-26,2024-02-23,118024.SH,8.89764090614517,109.399,0.48669650874568776,973.3930174913755,rebalance,simulated
2024-02-26,2024-02-23,118025.SH,9.866242758848216,129.622,0.6394410594437118,1278.8821188874235,rebalance,simulated
2024-02-26,2024-02-23,118030.SH,16.39950289460853,121.5,0.9962698008474683,1992.5396016949367,rebalance,simulated
2024-02-26,2024-02-23,118034.SH,17.663263898363084,103.301,0.9123164119824025,1824.632823964805,rebalance,simulated
2024-02-26,2024-02-23,123128.SZ,-13.566928829323388,97.291,0.6599700363668509,1319.9400727337018,rebalance,simulated
2024-02-26,2024-02-23,123158.SZ,13.030737599315785,123.106,0.8020809914506845,1604.161982901369,rebalance,simulated
2024-02-26,2024-02-23,127012.SZ,-742.9438087636825,138.699,51.522781665857,103045.563331714,rebalance,simulated
2024-02-26,2024-02-23,127063.SZ,5.786061607247234,133.015,0.3848164923439954,769.6329846879908,rebalance,simulated
2024-03-04,2024-03-01,110068.SH,-4.693645315244908,128.872,0.3024397295331209,604.8794590662418,rebalance,simulated
2024-03-04,2024-03-01,110072.SH,-12.997256560351843,90.999,0.5913686748677287,1182.7373497354574,rebalance,simulated
2024-03-04,2024-03-01,110074.SH,-11.614411509067281,124.002,0.7201051279736805,1440.210255947361,rebalance,simulated
2024-03-04,2024-03-01,110084.SH,-1.324752858801503,117.352,0.07773119874303698,155.46239748607397,rebalance,simulated
2024-03-04,2024-03-01,110090.SH,-8.88216408766823,127.2,0.5649056359756994,1129.8112719513988,rebalance,simulated
2024-03-04,2024-03-01,113044.SH,19.070579159294198,119.7,1.1413741626837577,2282.7483253675155,rebalance,simulated
2024-03-04,2024-03-01,113061.SH,-820.81458849702,120.067,49.27637259853586,98552.74519707171,rebalance,simulated
2024-03-04,2024-03-01,113069.SH,834.42052396724,117.88,49.18074568262912,98361.49136525825,rebalance,simulated
2024-03-04,2024-03-01,113527.SH,18.593784232423673,118.501,1.101691012663219,2203.3820253264375,rebalance,simulated
2024-03-04,2024-03-01,113602.SH,843.3635545336384,116.63,49.18074568262912,98361.49136525825,rebalance,simulated
2024-03-04,2024-03-01,113619.SH,812.9116055939161,120.999,49.18074568262912,98361.49136525825,rebalance,simulated
2024-03-04,2024-03-01,113631.SH,825.0626283605379,119.217,49.18074568262912,98361.49136525825,rebalance,simulated
2024-03-04,2024-03-01,113634.SH,6.836366516869248,125.816,0.43006214484321065,860.1242896864213,rebalance,simulated
2024-03-04,2024-03-01,113651.SH,24.02938110161699,121.67,1.4618273993168698,2923.6547986337396,rebalance,simulated
2024-03-04,2024-03-01,113666.SH,-22.04218221094527,112.75,1.2426280221420396,2485.256044284079,rebalance,simulated
2024-03-04,2024-03-01,113669.SH,-20.575136851443744,113.153,1.1640692300757072,2328.138460151414,rebalance,simulated
2024-03-04,2024-03-01,113670.SH,-921.162467271175,106.582,49.08966904334819,98179.33808669637,rebalance,simulated
2024-03-04,2024-03-01,118003.SH,-6.658949651979697,123.56,0.41138990949930565,822.7798189986113,rebalance,simulated
2024-03-04,2024-03-01,118013.SH,-906.3041906698289,110.954,50.27903758579009,100558.07517158019,rebalance,simulated
2024-03-04,2024-03-01,118024.SH,-903.4295066767172,108.577,49.04583277321897,98091.66554643793,rebalance,simulated
2024-03-04,2024-03-01,118025.SH,20.02908839940926,125.7,1.2588282059028721,2517.656411805744,rebalance,simulated
2024-03-04,2024-03-01,118030.SH,-813.450902065236,124.35,50.576309835906045,101152.61967181209,rebalance,simulated
2024-03-04,2024-03-01,118034.SH,-7.773792149542942,103.649,0.40287289125398823,805.7457825079764,rebalance,simulated
2024-03-04,2024-03-01,123128.SZ,37.14558795311564,93.41,1.7348846853502657,3469.7693707005315,rebalance,simulated
2024-03-04,2024-03-01,123158.SZ,-802.8388916943625,121.89,48.92901625431292,97858.03250862584,rebalance,simulated
2024-03-04,2024-03-01,123208.SZ,823.7842864044006,119.402,49.18074568262912,98361.49136525825,rebalance,simulated
2024-03-04,2024-03-01,127063.SZ,3.8914869973034456,131.689,0.25623301559394673,512.4660311878935,rebalance,simulated
2024-03-04,2024-03-01,127091.SZ,842.5688826902368,116.74,49.18074568262912,98361.49136525825,rebalance,simulated
2024-03-11,2024-03-08,110068.SH,34.85798192791958,128.021,2.2312768521970963,4462.553704394192,rebalance,simulated
2024-03-11,2024-03-08,110072.SH,42.61797205310154,90.941,1.9378604982405536,3875.7209964811072,rebalance,simulated
2024-03-11,2024-03-08,110074.SH,-793.2250396385401,121.5,48.18842115804131,96376.84231608262,rebalance,simulated
2024-03-11,2024-03-08,110084.SH,58.99006278936815,113.886,3.3590711454149904,6718.142290829981,rebalance,simulated
2024-03-11,2024-03-08,110090.SH,51.444160625420295,123.889,3.186682807861348,6373.365615722695,rebalance,simulated
2024-03-11,2024-03-08,111009.SH,1039.235531324775,98.317,51.08725986662894,102174.51973325788,rebalance,simulated
2024-03-11,2024-03-08,113044.SH,33.64137065776424,119.45,2.0092308625349693,4018.461725069939,rebalance,simulated
2024-03-11,2024-03-08,113045.SH,928.6566543050416,110.024,51.08725986662895,102174.5197332579,rebalance,simulated
2024-03-11,2024-03-08,113069.SH,38.11275698901056,117.101,2.231520978085063,4463.041956170126,rebalance,simulated
2024-03-11,2024-03-08,113527.SH,40.196582358381306,117.409,2.3597202690575956,4719.440538115191,rebalance,simulated
2024-03-11,2024-03-08,113602.SH,-843.3635545336384,116.345,49.06056637610808,98121.13275221616,rebalance,simulated
2024-03-11,2024-03-08,113619.SH,-3.2557576343463097,126.195,0.20543016733316627,410.8603346663325,rebalance,simulated
2024-03-11,2024-03-08,113627.SH,957.9280318506862,106.662,51.08725986662895,102174.5197332579,rebalance,simulated
2024-03-11,2024-03-08,113631.SH,26.391702749944557,120.0,1.5835021649966734,3167.004329993347,rebalance,simulated
2024-03-11,2024-03-08,113634.SH,-781.7884161414943,126.224,49.34023051952199,98680.46103904398,rebalance,simulated
2024-03-11,2024-03-08,113651.SH,41.04376400629883,120.28,2.468371967338812,4936.743934677624,rebalance,simulated
2024-03-11,2024-03-08,113666.SH,47.42593552684116,111.082,2.6340838850962847,5268.167770192569,rebalance,simulated
2024-03-11,2024-03-08,113669.SH,36.13048488779941,112.849,2.038644544551638,4077.289089103276,rebalance,simulated
2024-03-11,2024-03-08,118003.SH,-796.0625717486099,121.95,48.53991531237149,97079.83062474299,rebalance,simulated
2024-03-11,2024-03-08,118025.SH,53.92350601340593,122.155,3.2935129385338007,6587.025877067601,rebalance,simulated
2024-03-11,2024-03-08,118034.SH,34.59580775527775,103.88,1.7969062548091261,3593.812509618252,rebalance,simulated
2024-03-11,2024-03-08,123128.SZ,73.92498548261051,90.666,3.3512413668831824,6702.482733766365,rebalance,simulated
2024-03-11,2024-03-08,123208.SZ,58.58228699414417,115.796,3.3917972523869593,6783.594504773919,rebalance,simulated
2024-03-11,2024-03-08,127063.SZ,15.118857484629189,134.08,1.013568205769541,2027.1364115390818,rebalance,simulated
2024-03-11,2024-03-08,127091.SZ,50.56503106201751,114.4,2.8923197767474016,5784.639553494803,rebalance,simulated
2024-03-18,2024-03-15,110068.SH,-16.84996568195629,132.035,1.1123926094085494,2224.7852188170987,rebalance,simulated
2024-03-18,2024-03-15,110072.SH,2.467566981808204,91.611,0.1130281393852157,226.05627877043142,rebalance,simulated
2024-03-18,2024-03-15,110074.SH,820.3831618365459,125.738,51.576669001501806,103153.3380030036,rebalance,simulated
2024-03-18,2024-03-15,110084.SH,-5.991335378008671,115.75,0.3467485350022519,693.4970700045037,rebalance,simulated
2024-03-18,2024-03-15,110090.SH,-2.1384832204655595,125.401,0.1340839671648008,268.1679343296016,rebalance,simulated
2024-03-18,2024-03-15,111002.SH,878.4988758559326,117.42,51.576669001501806,103153.3380030036,rebalance,simulated
2024-03-18,2024-03-15,111009.SH,-1039.235531324775,99.28,51.58765177496183,103175.30354992366,rebalance,simulated
2024-03-18,2024-03-15,113044.SH,12.189019421044009,118.9,0.7246372045810664,1449.2744091621328,rebalance,simulated
2024-03-18,2024-03-15,113045.SH,-928.6566543050416,109.768,50.968391814877904,101936.78362975581,rebalance,simulated
2024-03-18,2024-03-15,113061.SH,862.9262249391713,119.539,51.576669001501806,103153.3380030036,rebalance,simulated
2024-03-18,2024-03-15,113069.SH,-872.5332809562506,121.688,53.08841494650211,106176.82989300422,rebalance,simulated
2024-03-18,2024-03-15,113527.SH,-870.244357189465,119.02,51.78824169634506,103576.48339269012,rebalance,simulated
2024-03-18,2024-03-15,113602.SH,897.7662141253577,114.9,51.576669001501806,103153.3380030036,rebalance,simulated
2024-03-18,2024-03-15,113619.SH,16.979442599571826,124.787,1.0594068518363848,2118.8137036727694,rebalance,simulated
2024-03-18,2024-03-15,113627.SH,-21.872333093847715,110.2,1.2051655534710093,2410.3311069420183,rebalance,simulated
2024-03-18,2024-03-15,113631.SH,3.1644210374170143,120.701,0.19097439181863554,381.94878363727105,rebalance,simulated
2024-03-18,2024-03-15,113651.SH,-17.254899649643903,123.95,1.069372405786681,2138.744811573362,rebalance,simulated
2024-03-18,2024-03-15,113666.SH,1.949208911683968,111.909,0.10906701004882059,218.13402009764118,rebalance,simulated
2024-03-18,2024-03-15,113669.SH,7.4037575847946755,113.006,0.4183345148136535,836.669029627307,rebalance,simulated
2024-03-18,2024-03-15,118003.SH,829.0469523805986,124.424,51.576669001501806,103153.3380030036,rebalance,simulated
2024-03-18,2024-03-15,118013.SH,954.9820212098541,108.016,51.576669001501806,103153.3380030036,rebalance,simulated
2024-03-18,2024-03-15,118025.SH,-13.642139684144581,125.37,0.8551575261006031,1710.3150522012063,rebalance,simulated
2024-03-18,2024-03-15,118034.SH,-983.5822076747969,105.101,51.68773680441442,103375.47360882883,rebalance,simulated
2024-03-18,2024-03-15,123128.SZ,5.251453816714275,91.11,0.2392299786204188,478.4599572408376,rebalance,simulated
2024-03-18,2024-03-15,123208.SZ,10.69725936197301,115.505,0.6177934713023463,1235.5869426046925,rebalance,simulated
2024-03-18,2024-03-15,127063.SZ,39.666338098132655,128.667,2.551874362036217,5103.748724072434,rebalance,simulated
2024-03-18,2024-03-15,127091.SZ,-893.1339137522543,116.1,51.846423693318364,103692.84738663673,rebalance,simulated
2024-03-25,2024-03-22,110068.SH,-781.2575302230742,130.199,50.859474588757024,101718.94917751405,rebalance,simulated
2024-03-25,2024-03-22,110072.SH,37.824522315601826,94.02,1.778130794056442,3556.2615881128836,rebalance,simulated
2024-03-25,2024-03-22,110074.SH,-33.17369024368497,139.0,2.305571471936106,4611.142943872212,rebalance,simulated
2024-03-25,2024-03-22,110084.SH,-891.1735464622342,116.498,51.90996790787868,103819.93581575736,rebalance,simulated
2024-03-25,2024-03-22,110090.SH,57.01823621021617,124.399,3.546505783157341,7093.011566314682,rebalance,simulated
2024-03-25,2024-03-22,111002.SH,-878.4988758559326,119.0,52.27068311342799,104541.36622685599,rebalance,simulated
2024-03-25,2024-03-22,111009.SH,1082.6476620072194,101.069,54.71105827570383,109422.11655140766,rebalance,simulated
2024-03-25,2024-03-22,113044.SH,-867.5638183599966,119.15,51.6851144787968,103370.2289575936,rebalance,simulated
2024-03-25,2024-03-22,113061.SH,45.06578030029152,120.51,2.715438591994066,5430.877183988132,rebalance,simulated
2024-03-25,2024-03-22,113602.SH,-897.7662141253577,116.3,52.20510535138955,104410.21070277909,rebalance,simulated
2024-03-25,2024-03-22,113619.SH,60.60223306796706,123.329,3.737006401019655,7474.0128020393095,rebalance,simulated
2024-03-25,2024-03-22,113627.SH,53.93884155337844,110.528,2.9808761396059062,5961.7522792118125,rebalance,simulated
2024-03-25,2024-03-22,113631.SH,41.028468153216636,122.171,2.5062444913733146,5012.4889827466295,rebalance,simulated
2024-03-25,2024-03-22,113651.SH,46.32234564952637,124.55,2.8847240753242547,5769.448150648509,rebalance,simulated
2024-03-25,2024-03-22,113666.SH,64.690477814176,110.925,3.587895625768737,7175.791251537474,rebalance,simulated
2024-03-25,2024-03-22,113669.SH,48.666398996127555,113.806,2.7692641020766464,5538.528204153293,rebalance,simulated
2024-03-25,2024-03-22,113673.SH,912.984593799031,119.851,54.711058275703834,109422.11655140767,rebalance,simulated
2024-03-25,2024-03-22,118003.SH,42.92579841157021,125.488,2.6933362955355618,5386.672591071123,rebalance,simulated
2024-03-25,2024-03-22,118013.SH,-954.9820212098541,108.497,51.80634217760277,103612.68435520554,rebalance,simulated
2024-03-25,2024-03-22,118019.SH,847.5107780296465,129.11,54.711058275703834,109422.11655140767,rebalance,simulated
2024-03-25,2024-03-22,118025.SH,50.19022930627682,125.343,3.1454969559683277,6290.993911936655,rebalance,simulated
2024-03-25,2024-03-22,123128.SZ,35.54516340775035,93.705,1.6653797685616232,3330.7595371232464,rebalance,simulated
2024-03-25,2024-03-22,123208.SZ,18.78713850121278,120.0,1.127228310072767,2254.4566201455336,rebalance,simulated
2024-03-25,2024-03-22,127042.SZ,1008.9823376310092,108.448,54.711058275703834,109422.11655140767,rebalance,simulated
2024-03-25,2024-03-22,127063.SZ,63.62435284673427,126.451,4.022681520911197,8045.363041822395,rebalance,simulated
2024-03-25,2024-03-22,127091.SZ,892.5131855742877,122.6,54.711058275703834,109422.11655140767,rebalance,simulated
2024-04-01,2024-03-29,110072.SH,9.339600008257548,92.425,0.43160626538160196,863.2125307632039,rebalance,simulated
2024-04-01,2024-03-29,110074.SH,-49.54677174201072,146.99,3.6414399891790783,7282.879978358156,rebalance,simulated
2024-04-01,2024-03-29,110084.SH,948.5525347832778,114.31,54.21452012553824,108429.04025107648,rebalance,simulated
2024-04-01,2024-03-29,110090.SH,4.806974182511112,122.6,0.2946675173879312,589.3350347758624,rebalance,simulated
2024-04-01,2024-03-29,111009.SH,-18.5746467856643,101.9,0.946378253729596,1892.756507459192,rebalance,simulated
2024-04-01,2024-03-29,111017.SH,791.2622525309706,137.033,54.21452012553824,108429.04025107648,rebalance,simulated
2024-04-01,2024-03-29,113061.SH,1.266193930989857,119.25,0.07549681313527024,150.99362627054046,rebalance,simulated
2024-04-01,2024-03-29,113069.SH,833.5565824959754,130.08,54.21452012553824,108429.04025107648,rebalance,simulated
2024-04-01,2024-03-29,113619.SH,-5.700611016730704,123.0,0.3505875775289383,701.1751550578766,rebalance,simulated
2024-04-01,2024-03-29,113627.SH,4.6212982004281,109.016,0.2518977223089349,503.7954446178698,rebalance,simulated
2024-04-01,2024-03-29,113631.SH,-14.031464005215867,122.989,0.8628578632687471,1725.7157265374942,rebalance,simulated
2024-04-01,2024-03-29,113651.SH,-22.570492528423188,126.674,1.4295472852727396,2859.094570545479,rebalance,simulated
2024-04-01,2024-03-29,113666.SH,-986.4513549822643,110.441,54.47233704779813,108944.67409559626,rebalance,simulated
2024-04-01,2024-03-29,113669.SH,8.993965218872177,111.728,0.5024388729870752,1004.8777459741505,rebalance,simulated
2024-04-01,2024-03-29,113673.SH,2.9946269070005656,118.375,0.17724448005809598,354.48896011619195,rebalance,simulated
2024-04-01,2024-03-29,118003.SH,23.121565982033076,121.137,1.4004385691827703,2800.8771383655408,rebalance,simulated
2024-04-01,2024-03-29,118019.SH,7.51343263381716,126.814,0.47640422301244467,952.8084460248893,rebalance,simulated
2024-04-01,2024-03-29,118025.SH,7.581810410657454,123.136,0.4667969033633581,933.5938067267161,rebalance,simulated
2024-04-01,2024-03-29,123128.SZ,7.869438235945381,92.233,0.36291094840797516,725.8218968159504,rebalance,simulated
2024-04-01,2024-03-29,123208.SZ,55.98893386427346,112.032,3.136276119341142,6272.552238682284,rebalance,simulated
2024-04-01,2024-03-29,127042.SZ,-1008.9823376310092,108.228,54.600070218564426,109200.14043712885,rebalance,simulated
2024-04-01,2024-03-29,127063.SZ,-17.819765960054383,127.938,1.139912608698719,2279.825217397438,rebalance,simulated
2024-04-01,2024-03-29,127091.SZ,-892.5131855742877,118.944,53.07954417247404,106159.08834494808,rebalance,simulated
2024-04-08,2024-04-03,110072.SH,-8.827202718446415,93.172,0.4112240658415447,822.4481316830894,rebalance,simulated
2024-04-08,2024-04-03,110074.SH,54.7619928808823,136.9,3.748458412696394,7496.916825392787,rebalance,simulated
2024-04-08,2024-04-03,110084.SH,-23.624661215869537,117.288,1.385444632343453,2770.8892646869062,rebalance,simulated
2024-04-08,2024-04-03,110090.SH,-884.4130526188947,122.876,54.33656912679965,108673.1382535993,rebalance,simulated
2024-04-08,2024-04-03,111002.SH,889.7660034199797,121.923,54.24147021748709,108482.94043497418,rebalance,simulated
2024-04-08,2024-04-03,111009.SH,-20.987878060979483,104.002,1.091390647048994,2182.781294097988,rebalance,simulated
2024-04-08,2024-04-03,111017.SH,10.533316094115662,135.3,0.7125788337669247,1425.1576675338492,rebalance,simulated
2024-04-08,2024-04-03,113044.SH,904.8916914958016,119.885,54.24147021748709,108482.94043497418,rebalance,simulated
2024-04-08,2024-04-03,113061.SH,3.828691847687196,118.809,0.22744152486593405,454.8830497318681,rebalance,simulated
2024-04-08,2024-04-03,113069.SH,-833.5565824959754,129.266,53.87526259646238,107750.52519292475,rebalance,simulated
2024-04-08,2024-04-03,113527.SH,914.7036689598915,118.599,54.24147021748709,108482.94043497418,rebalance,simulated
2024-04-08,2024-04-03,113619.SH,14.27597289725361,121.1,0.864410158928706,1728.820317857412,rebalance,simulated
2024-04-08,2024-04-03,113627.SH,-8.227945848577633,109.98,0.4524547422132841,904.9094844265682,rebalance,simulated
2024-04-08,2024-04-03,113631.SH,-21.213639968894654,126.084,1.3373502909190569,2674.7005818381135,rebalance,simulated
2024-04-08,2024-04-03,113651.SH,-15.934333711656336,129.141,1.0288878949285054,2057.7757898570107,rebalance,simulated
2024-04-08,2024-04-03,113669.SH,-970.4732945284663,112.943,54.804082651964286,109608.16530392857,rebalance,simulated
2024-04-08,2024-04-03,113673.SH,-915.9792207060316,116.932,53.55364111779884,107107.28223559768,rebalance,simulated
2024-04-08,2024-04-03,118003.SH,2.943269608034825,120.8,0.17777348432530343,355.54696865060686,rebalance,simulated
2024-04-08,2024-04-03,118013.SH,984.9817993496662,110.137,54.24147021748709,108482.94043497418,rebalance,simulated
2024-04-08,2024-04-03,118019.SH,-20.41165153918155,129.98,1.3265532335314087,2653.1064670628175,rebalance,simulated
2024-04-08,2024-04-03,118025.SH,1.4118438227975503,123.0,0.08682839510204934,173.65679020409868,rebalance,simulated
2024-04-08,2024-04-03,123128.SZ,1.784331368048015,92.139,0.08220325396028802,164.40650792057605,rebalance,simulated
2024-04-08,2024-04-03,123208.SZ,-18.29251714230054,114.247,1.044932602978205,2089.8652059564097,rebalance,simulated
2024-04-08,2024-04-03,127063.SZ,-847.512390775817,124.199,52.63009571098285,105260.1914219657,risk_exit,simulated
2024-04-08,2024-04-03,127091.SZ,926.8085470736795,117.05,54.24147021748709,108482.94043497418,rebalance,simulated
2024-04-15,2024-04-12,110072.SH,3.749092829573783,93.65,0.17555127174479243,351.10254348958483,rebalance,simulated
2024-04-15,2024-04-12,110074.SH,0.26076121734092794,138.0,0.01799252399652403,35.985047993048056,rebalance,simulated
2024-04-15,2024-04-12,110084.SH,2.897339706316302,117.9,0.170798175687346,341.596351374692,rebalance,simulated
2024-04-15,2024-04-12,110090.SH,877.2300933838984,124.7,54.695296322486065,109390.59264497213,rebalance,simulated
2024-04-15,2024-04-12,111002.SH,-0.9752150989789925,123.078,0.060013761976068225,120.02752395213645,rebalance,simulated
2024-04-15,2024-04-12,111009.SH,18.969762838182987,102.999,0.9769333012850048,1953.8666025700095,rebalance,simulated
2024-04-15,2024-04-12,111017.SH,-801.7955686250863,140.8,56.446408031206076,112892.81606241215,rebalance,simulated
2024-04-15,2024-04-12,113044.SH,0.06026618927558047,120.88,0.0036424884798160837,7.284976959632167,rebalance,simulated
2024-04-15,2024-04-12,113061.SH,-913.0868910181399,118.112,53.92325943596727,107846.51887193453,rebalance,simulated
2024-04-15,2024-04-12,113527.SH,-23.90079725816406,122.8,1.4675089516512734,2935.0179033025465,rebalance,simulated
2024-04-15,2024-04-12,113619.SH,15.448851078192888,120.043,0.9272632149897545,1854.526429979509,rebalance,simulated
2024-04-15,2024-04-12,113627.SH,-986.3878926620674,113.263,55.86062594329187,111721.25188658375,rebalance,simulated
2024-04-15,2024-04-12,113631.SH,-0.4131804388599676,127.2,0.02627827591149394,52.55655182298788,rebalance,simulated
2024-04-15,2024-04-12,113651.SH,5.378679125218696,129.393,0.3479817140247114,695.9634280494228,rebalance,simulated
2024-04-15,2024-04-12,113669.SH,975.821737941429,112.101,54.695296322486065,109390.59264497213,rebalance,simulated
2024-04-15,2024-04-12,118003.SH,19.915158020389185,119.168,1.1866247754868693,2373.2495509737387,rebalance,simulated
2024-04-15,2024-04-12,118013.SH,-984.9817993496662,112.71,55.50864930235044,111017.29860470087,rebalance,simulated
2024-04-15,2024-04-12,118019.SH,-23.109646327753012,134.8,1.5575901624905533,3115.1803249811064,rebalance,simulated
2024-04-15,2024-04-12,118025.SH,17.1010037552104,121.67,1.0403395634482246,2080.6791268964494,rebalance,simulated
2024-04-15,2024-04-12,123128.SZ,4.578580032453374,92.55,0.21187379100177986,423.7475820035597,rebalance,simulated
2024-04-15,2024-04-12,123208.SZ,14.237888313176086,113.501,0.8080072807168994,1616.014561433799,rebalance,simulated
2024-04-15,2024-04-12,127042.SZ,976.701720044394,112.0,54.695296322486065,109390.59264497213,rebalance,simulated
2024-04-15,2024-04-12,127084.SZ,792.570588646371,138.02,54.695296322486065,109390.59264497213,rebalance,simulated
2024-04-15,2024-04-12,127086.SZ,882.1750844345781,124.001,54.695296322486065,109390.59264497213,rebalance,simulated
2024-04-15,2024-04-12,127091.SZ,-926.8085470736795,118.211,54.77948257906336,109558.96515812672,rebalance,simulated
2024-04-22,2024-04-19,110072.SH,-50.66944656243368,91.8,2.325727597215706,4651.455194431412,rebalance,simulated
2024-04-22,2024-04-19,110074.SH,-6.645673004704577,130.5,0.43363016355697365,867.2603271139473,rebalance,simulated
2024-04-22,2024-04-19,110084.SH,-59.97473007400754,118.198,3.5444465726437717,7088.893145287543,rebalance,simulated
2024-04-22,2024-04-19,110086.SH,1149.8250393808023,89.212,51.289095706620074,102578.19141324014,rebalance,simulated
2024-04-22,2024-04-19,110090.SH,-877.2300933838984,122.3,53.64262021042539,107285.24042085078,rebalance,simulated
2024-04-22,2024-04-19,111002.SH,-50.73366893178388,122.4,3.104900538625174,6209.801077250348,rebalance,simulated
2024-04-22,2024-04-19,111009.SH,-24.286763894351225,98.845,1.2003125885685735,2400.6251771371467,rebalance,simulated
2024-04-22,2024-04-19,113044.SH,-66.89483829586038,122.4,4.093964103706655,8187.928207413311,rebalance,simulated
2024-04-22,2024-04-19,113069.SH,802.0061563794166,127.902,51.289095706620074,102578.19141324014,rebalance,simulated
2024-04-22,2024-04-19,113527.SH,-55.47558006296401,122.8,3.4062006158659903,6812.40123173198,rebalance,simulated
2024-04-22,2024-04-19,113619.SH,-911.2617365858245,119.284,54.34947249345174,108698.94498690349,rebalance,simulated
2024-04-22,2024-04-19,113631.SH,-859.9889358881456,126.297,54.30701131793256,108614.02263586513,rebalance,simulated
2024-04-22,2024-04-19,113651.SH,-46.60505387025853,128.414,2.992370693847689,5984.741387695378,rebalance,simulated
2024-04-22,2024-04-19,113669.SH,-49.18947585253886,110.7,2.722637488438026,5445.274976876052,rebalance,simulated
2024-04-22,2024-04-19,113672.SH,767.5710222481305,133.64,51.289095706620074,102578.19141324014,rebalance,simulated
2024-04-22,2024-04-19,113674.SH,823.9212161706035,124.5,51.289095706620074,102578.19141324014,rebalance,simulated
2024-04-22,2024-04-19,118003.SH,-27.053044791368734,115.14,1.5574437886390982,3114.887577278196,rebalance,simulated
2024-04-22,2024-04-19,118013.SH,891.4726453795225,115.066,51.289095706620074,102578.19141324014,rebalance,simulated
2024-04-22,2024-04-19,118019.SH,-64.43652618220108,137.308,4.423825268512833,8847.650537025665,rebalance,simulated
2024-04-22,2024-04-19,118025.SH,-899.0761292428053,119.048,53.51660751704875,107033.21503409749,rebalance,simulated
2024-04-22,2024-04-19,123128.SZ,33.56333131691463,84.39,1.4162047649172127,2832.4095298344255,rebalance,simulated
2024-04-22,2024-04-19,123208.SZ,-38.356823577380624,110.844,2.1258118763055887,4251.623752611177,rebalance,simulated
2024-04-22,2024-04-19,127042.SZ,-976.701720044394,107.471,52.48355527744554,104967.11055489107,rebalance,simulated
2024-04-22,2024-04-19,127050.SZ,763.2305908723224,134.4,51.28909570662007,102578.19141324013,rebalance,simulated
2024-04-22,2024-04-19,127084.SZ,-75.24057876357278,143.0,5.379701381595455,10759.402763190908,rebalance,simulated
2024-04-22,2024-04-19,127086.SZ,-882.1750844345781,124.901,55.09227511048162,110184.55022096324,rebalance,simulated
2024-04-22,2024-04-19,127091.SZ,898.1463380343412,114.211,51.289095706620074,102578.19141324014,rebalance,simulated
2024-04-24,2024-04-23,123128.SZ,-1215.525434450055,82.863,50.36104203741745,100722.0840748349,risk_exit,simulated
2024-04-25,2024-04-24,118019.SH,-747.066386614328,138.9,51.88376055036509,103767.52110073017,risk_exit,simulated
2024-04-29,2024-04-26,110072.SH,-1117.4094925189559,93.93,52.47913681615277,104958.27363230553,risk_exit,simulated
2024-04-29,2024-04-26,110074.SH,54.473585977478365,137.55,3.746420875601075,7492.84175120215,rebalance,simulated
2024-04-29,2024-04-26,110084.SH,120.37597735332258,116.99,7.041392795282604,14082.785590565209,rebalance,simulated
2024-04-29,2024-04-26,110086.SH,91.98606287591201,93.1,4.281951226873703,8563.902453747407,rebalance,simulated
2024-04-29,2024-04-26,110090.SH,924.9009089608007,125.0,57.806306810050046,115612.61362010009,rebalance,simulated
2024-04-29,2024-04-26,111002.SH,93.55137070022795,124.1,5.804862551949144,11609.725103898289,rebalance,simulated
2024-04-29,2024-04-26,111009.SH,152.15172412717038,97.16,7.391530758097937,14783.061516195874,rebalance,simulated
2024-04-29,2024-04-26,113044.SH,135.93288583487822,118.7,8.067616774300022,16135.233548600045,rebalance,simulated
2024-04-29,2024-04-26,113058.SH,1032.7257377922099,111.949,57.80630681005005,115612.6136201001,rebalance,simulated
2024-04-29,2024-04-26,113069.SH,-802.0061563794166,135.728,54.42734579653273,108854.69159306545,rebalance,simulated
2024-04-29,2024-04-26,113527.SH,109.87659684670518,122.315,6.7197779716523725,13439.555943304744,rebalance,simulated
2024-04-29,2024-04-26,113631.SH,919.0191861693171,125.8,57.806306810050046,115612.61362010009,rebalance,simulated
2024-04-29,2024-04-26,113651.SH,93.26416170054881,129.6,6.043517678195562,12087.035356391125,rebalance,simulated
2024-04-29,2024-04-26,113669.SH,-926.6322620888901,115.234,53.389771044775586,106779.54208955116,rebalance,simulated
2024-04-29,2024-04-26,113672.SH,-767.5710222481305,142.5,54.6894353351793,109378.87067035859,rebalance,simulated
2024-04-29,2024-04-26,113674.SH,50.54072785859307,132.21,3.3409948150922952,6681.98963018459,rebalance,simulated
2024-04-29,2024-04-26,118003.SH,72.53874722291027,120.0,4.352324833374616,8704.649666749232,rebalance,simulated
2024-04-29,2024-04-26,118013.SH,99.01435050046769,116.723,5.778626016733045,11557.25203346609,rebalance,simulated
2024-04-29,2024-04-26,123208.SZ,79.11245978462898,115.09,4.5525264983064755,9105.05299661295,rebalance,simulated
2024-04-29,2024-04-26,127042.SZ,1070.199794685687,108.029,57.80630681005004,115612.61362010008,rebalance,simulated
2024-04-29,2024-04-26,127050.SZ,88.7415065491964,135.7,6.021111219362975,12042.22243872595,rebalance,simulated
2024-04-29,2024-04-26,127084.SZ,108.47437311791668,140.0,7.593206118254168,15186.412236508335,rebalance,simulated
2024-04-29,2024-04-26,127086.SZ,924.4571695194314,125.06,57.806306810050046,115612.61362010009,rebalance,simulated
2024-04-29,2024-04-26,127091.SZ,-898.1463380343412,117.84,52.91878223698338,105837.56447396676,rebalance,simulated
2024-04-30,2024-04-29,113058.SH,-1032.7257377922099,112.005,57.835223130708236,115670.44626141647,risk_exit,simulated
2024-04-30,2024-04-29,127084.SZ,-825.8043830007149,139.0,57.39340461854969,114786.80923709937,risk_exit,simulated
2024-05-06,2024-04-30,110074.SH,156.10305850351222,139.4,10.880383177694803,21760.766355389605,rebalance,simulated
2024-05-06,2024-04-30,110084.SH,-988.2264605530396,119.9,59.24417631015473,118488.35262030945,rebalance,simulated
2024-05-06,2024-04-30,110086.SH,209.45580436818636,95.729,10.025497348181055,20050.99469636211,rebalance,simulated
2024-05-06,2024-04-30,110090.SH,155.6815820501438,128.568,10.007834820511444,20015.669641022887,rebalance,simulated
2024-05-06,2024-04-30,111002.SH,177.1571101044508,125.3,11.098892948043842,22197.785896087684,rebalance,simulated
2024-05-06,2024-04-30,111009.SH,199.55796370672465,99.986,9.976501279590286,19953.00255918057,rebalance,simulated
2024-05-06,2024-04-30,113044.SH,-973.9900052240951,118.3,57.61150880900522,115223.01761801045,rebalance,simulated
2024-05-06,2024-04-30,113061.SH,1120.344580495102,124.005,69.46416485214756,138928.32970429512,rebalance,simulated
2024-05-06,2024-04-30,113527.SH,170.94629673273573,124.471,10.638928250310174,21277.85650062035,rebalance,simulated
2024-05-06,2024-04-30,113627.SH,1270.0044766006208,109.392,69.46416485214756,138928.32970429512,rebalance,simulated
2024-05-06,2024-04-30,113631.SH,168.3121882088243,127.77,10.75262414372074,21505.248287441478,rebalance,simulated
2024-05-06,2024-04-30,113651.SH,163.61375997173184,131.6,10.765785406139955,21531.570812279908,rebalance,simulated
2024-05-06,2024-04-30,113669.SH,1158.5084198156696,119.92,69.46416485214756,138928.32970429512,rebalance,simulated
2024-05-06,2024-04-30,113674.SH,-874.4619440291966,130.923,57.24359054906726,114487.1810981345,rebalance,simulated
2024-05-06,2024-04-30,118003.SH,-963.4384468341674,122.6,59.058776790934466,118117.55358186892,rebalance,simulated
2024-05-06,2024-04-30,118013.SH,181.4688155005531,118.544,10.756019632348782,21512.039264697563,rebalance,simulated
2024-05-06,2024-04-30,123208.SZ,186.26993978739495,116.667,10.865777532588003,21731.555065176006,rebalance,simulated
2024-05-06,2024-04-30,127019.SZ,1357.000260837624,102.379,69.46416485214756,138928.32970429512,rebalance,simulated
2024-05-06,2024-04-30,127042.SZ,-1070.199794685687,109.511,58.59932485791214,117198.64971582427,rebalance,simulated
2024-05-06,2024-04-30,127050.SZ,159.13639957485043,137.402,10.932829787191798,21865.659574383597,rebalance,simulated
2024-05-06,2024-04-30,127086.SZ,-924.4571695194314,124.222,57.4189592560214,114837.9185120428,rebalance,simulated
2024-05-06,2024-04-30,128144.SZ,1295.9732248534992,107.2,69.46416485214756,138928.32970429512,rebalance,simulated
2024-05-07,2024-05-06,110074.SH,-996.6164254253595,144.217,71.86451551278454,143729.03102556907,risk_exit,simulated
2024-05-07,2024-05-06,128144.SZ,-1295.9732248534992,107.66,69.76223869386386,139524.47738772773,risk_exit,simulated
2024-05-13,2024-05-10,110086.SH,-1451.2669066249007,99.122,71.9262391592367,143852.4783184734,rebalance,simulated
2024-05-13,2024-05-10,110090.SH,-1080.5824910109445,127.64,68.96277457631848,137925.54915263696,rebalance,simulated
2024-05-13,2024-05-10,111002.SH,145.77779340337815,128.006,9.330216111196412,18660.432222392825,rebalance,simulated
2024-05-13,2024-05-10,111009.SH,184.9249372461352,102.0,9.431171799552894,18862.34359910579,rebalance,simulated
2024-05-13,2024-05-10,113033.SH,1412.7533112298881,113.671,80.29454082040631,160589.08164081263,rebalance,simulated
2024-05-13,2024-05-10,113061.SH,-1120.344580495102,122.931,68.86253981242169,137725.07962484338,rebalance,simulated
2024-05-13,2024-05-10,113527.SH,-1116.1501852182043,123.8,69.08969646500684,138179.39293001368,rebalance,simulated
2024-05-13,2024-05-10,113602.SH,1264.4809578016743,127.0,80.29454082040631,160589.08164081263,rebalance,simulated
2024-05-13,2024-05-10,113627.SH,167.3558424041912,111.725,9.34891574630413,18697.83149260826,rebalance,simulated
2024-05-13,2024-05-10,113631.SH,155.61817392536204,129.2,10.052934035578389,20105.868071156776,rebalance,simulated
2024-05-13,2024-05-10,113651.SH,156.352410371416,132.495,10.357956306080382,20715.912612160762,rebalance,simulated
2024-05-13,2024-05-10,113669.SH,-1158.5084198156696,124.245,71.96943930999895,143938.87861999788,rebalance,simulated
2024-05-13,2024-05-10,113673.SH,1268.9472524619143,126.553,80.29454082040631,160589.08164081263,rebalance,simulated
2024-05-13,2024-05-10,118013.SH,175.26802788801888,119.2,10.445974462125925,20891.94892425185,rebalance,simulated
2024-05-13,2024-05-10,118034.SH,1551.585329862924,103.5,80.29454082040631,160589.08164081263,rebalance,simulated
2024-05-13,2024-05-10,123208.SZ,183.15459638072753,116.88,10.703554612489716,21407.10922497943,rebalance,simulated
2024-05-13,2024-05-10,127019.SZ,188.28448773161676,103.922,9.78345026702254,19566.90053404508,rebalance,simulated
2024-05-13,2024-05-10,127050.SZ,161.07458067379594,137.0,11.033608776155022,22067.217552310045,rebalance,simulated
2024-05-13,2024-05-10,127086.SZ,1261.501034099078,127.3,80.29454082040631,160589.08164081263,rebalance,simulated
2024-05-20,2024-05-17,111002.SH,-78.18351123482353,127.233,4.9737613424701514,9947.522684940302,rebalance,simulated
2024-05-20,2024-05-17,111009.SH,-116.83506049864195,102.686,5.998662511181774,11997.325022363548,rebalance,simulated
2024-05-20,2024-05-17,113033.SH,-81.80495933249244,112.455,4.599688350867719,9199.376701735438,rebalance,simulated
2024-05-20,2024-05-17,113061.SH,1218.2503126586923,122.858,74.83589845631082,149671.79691262162,rebalance,simulated
2024-05-20,2024-05-17,113602.SH,-87.44575087637054,127.16,5.559800840719639,11119.601681439277,rebalance,simulated
2024-05-20,2024-05-17,113619.SH,1183.176260178827,126.5,74.83589845631082,149671.79691262162,rebalance,simulated
2024-05-20,2024-05-17,113627.SH,-1437.360319004812,114.262,82.11783238506392,164235.66477012783,rebalance,simulated
2024-05-20,2024-05-17,113631.SH,-80.21535023149181,128.724,5.162820371599276,10325.640743198552,rebalance,simulated
2024-05-20,2024-05-17,113634.SH,1138.188569677731,131.5,74.83589845631082,149671.79691262162,rebalance,simulated
2024-05-20,2024-05-17,113651.SH,-91.4893048211743,133.57,6.110113222482125,12220.22644496425,rebalance,simulated
2024-05-20,2024-05-17,113669.SH,1202.279676380606,124.49,74.83589845631082,149671.79691262162,rebalance,simulated
2024-05-20,2024-05-17,113673.SH,-71.57287716094129,125.0,4.4733048225588306,8946.609645117662,rebalance,simulated
2024-05-20,2024-05-17,118013.SH,-1347.2238392685622,119.01,80.1665545556758,160333.1091113516,rebalance,simulated
2024-05-20,2024-05-17,118034.SH,-1551.585329862924,103.404,80.2200647245729,160440.12944914578,rebalance,simulated
2024-05-20,2024-05-17,123208.SZ,-84.32503997116714,116.057,4.893255581966873,9786.511163933745,rebalance,simulated
2024-05-20,2024-05-17,127019.SZ,-100.5762841616961,103.6,5.2098515195758575,10419.703039151715,rebalance,simulated
2024-05-20,2024-05-17,127050.SZ,-56.89397996061507,134.2,3.8175860553572707,7635.172110714541,rebalance,simulated
2024-05-20,2024-05-17,127086.SZ,-101.25454640433668,129.0,6.530918243079715,13061.836486159431,rebalance,simulated
2024-05-27,2024-05-24,111002.SH,29.26909274661989,122.408,1.7913855524641238,3582.7711049282475,rebalance,simulated
2024-05-27,2024-05-24,111009.SH,-16.327902789851123,102.397,0.8359641309861928,1671.9282619723856,rebalance,simulated
2024-05-27,2024-05-24,113033.SH,12.972454436621092,109.812,0.7122655832971178,1424.5311665942354,rebalance,simulated
2024-05-27,2024-05-24,113061.SH,-1218.2503126586923,120.964,73.68221541022302,147364.43082044605,rebalance,simulated
2024-05-27,2024-05-24,113602.SH,5.485879494175833,124.8,0.342318880436572,684.637760873144,rebalance,simulated
2024-05-27,2024-05-24,113619.SH,12.179576409145056,123.46,0.7518452517365244,1503.6905034730487,rebalance,simulated
2024-05-27,2024-05-24,113631.SH,-10.739134686318039,128.107,0.6878791636300725,1375.758327260145,rebalance,simulated
2024-05-27,2024-05-24,113634.SH,-1138.188569677731,130.789,74.43127241979037,148862.54483958075,rebalance,simulated
2024-05-27,2024-05-24,113651.SH,18.104220398365214,129.608,1.1732258986956594,2346.451797391319,rebalance,simulated
2024-05-27,2024-05-24,113669.SH,-1.2230526428659232,122.874,0.07514068521975373,150.28137043950744,rebalance,simulated
2024-05-27,2024-05-24,113672.SH,1083.6310684794737,136.189,73.78931579257552,147578.63158515104,rebalance,simulated
2024-05-27,2024-05-24,113673.SH,-1197.374375300973,124.187,74.34916577275098,148698.33154550195,rebalance,simulated
2024-05-27,2024-05-24,118013.SH,1264.782629733132,116.683,73.78931579257552,147578.63158515104,rebalance,simulated
2024-05-27,2024-05-24,123078.SZ,1319.1268152700404,111.876,73.78931579257552,147578.63158515104,rebalance,simulated
2024-05-27,2024-05-24,123208.SZ,-17.081716063754357,115.97,0.9904833059567963,1980.9666119135927,rebalance,simulated
2024-05-27,2024-05-24,127019.SZ,-29.08609908235485,104.25,1.5161129146677466,3032.225829335493,rebalance,simulated
2024-05-27,2024-05-24,127050.SZ,-9.831183214036628,133.5,0.6562314795369449,1312.4629590738898,rebalance,simulated
2024-05-27,2024-05-24,127086.SZ,-1160.2464876947413,125.814,72.98762580141309,145975.25160282617,rebalance,simulated
2024-05-27,2024-05-24,127103.SZ,1379.239547524776,107.0,73.78931579257552,147578.63158515104,rebalance,simulated
2024-06-03,2024-05-31,110086.SH,1620.959193187313,97.738,79.2146548118708,158429.3096237416,rebalance,simulated
2024-06-03,2024-05-31,111002.SH,97.25435142931929,121.599,5.913015939726898,11826.031879453796,rebalance,simulated
2024-06-03,2024-05-31,111009.SH,96.013351956002,103.06,4.947568026292783,9895.136052585565,rebalance,simulated
2024-06-03,2024-05-31,113033.SH,119.18337090286809,108.283,6.452766475737634,12905.532951475267,rebalance,simulated
2024-06-03,2024-05-31,113602.SH,61.07611933063504,127.396,3.890426649122791,7780.853298245582,rebalance,simulated
2024-06-03,2024-05-31,113619.SH,-1195.3558365879721,125.57,75.05041620017583,150100.83240035165,rebalance,simulated
2024-06-03,2024-05-31,113631.SH,81.72433002121534,128.416,5.247355782002194,10494.711564004388,rebalance,simulated
2024-06-03,2024-05-31,113634.SH,1208.6459385393773,131.08,79.2146548118708,158429.3096237416,rebalance,simulated
2024-06-03,2024-05-31,113651.SH,74.68525037318886,130.573,4.875938598489196,9751.87719697839,rebalance,simulated
2024-06-03,2024-05-31,113669.SH,89.6834561343635,122.743,5.504008228150089,11008.016456300178,rebalance,simulated
2024-06-03,2024-05-31,113672.SH,59.43754352443398,138.6,4.119021766243274,8238.043532486548,rebalance,simulated
2024-06-03,2024-05-31,118013.SH,-1264.782629733132,116.144,73.44845687386244,146896.91374772487,rebalance,simulated
2024-06-03,2024-05-31,118034.SH,1527.8246954920305,103.696,79.2146548118708,158429.3096237416,rebalance,simulated
2024-06-03,2024-05-31,123078.SZ,-1319.1268152700404,114.15,75.28916298153757,150578.32596307513,rebalance,simulated
2024-06-03,2024-05-31,123145.SZ,1328.1021847911945,119.29,79.2146548118708,158429.3096237416,rebalance,simulated
2024-06-03,2024-05-31,123208.SZ,-1272.558692637329,114.599,72.91697680877263,145833.95361754525,rebalance,simulated
2024-06-03,2024-05-31,127019.SZ,122.7054944617912,102.988,6.318596731815476,12637.193463630952,rebalance,simulated
2024-06-03,2024-05-31,127050.SZ,-1105.4579144955135,134.69,74.44706325170036,148894.1265034007,rebalance,simulated
2024-06-03,2024-05-31,127103.SZ,127.9029255176008,105.119,6.7225138137423395,13445.027627484678,rebalance,simulated
2024-06-11,2024-06-07,110086.SH,35.10099367280577,94.19,1.6530812970207878,3306.1625940415756,rebalance,simulated
2024-06-11,2024-06-07,111002.SH,0.9517468126748554,119.635,0.05693111496717817,113.86222993435634,rebalance,simulated
2024-06-11,2024-06-07,111009.SH,14.82952676849709,100.5,0.7451837201169788,1490.3674402339575,rebalance,simulated
2024-06-11,2024-06-07,113033.SH,52.38067125140856,102.927,2.6956926749468644,5391.385349893729,rebalance,simulated
2024-06-11,2024-06-07,113602.SH,-1243.5972057501147,128.443,79.865677949081,159731.355898162,rebalance,simulated
2024-06-11,2024-06-07,113631.SH,-15.56781980007895,128.05,0.9967296627000549,1993.4593254001097,rebalance,simulated
2024-06-11,2024-06-07,113634.SH,-1208.6459385393773,132.808,80.25892490276881,160517.8498055376,rebalance,simulated
2024-06-11,2024-06-07,113651.SH,17.811551043315376,126.698,1.1283439470429857,2256.6878940859715,rebalance,simulated
2024-06-11,2024-06-07,113669.SH,-26.89054980927267,123.42,1.6594158287302168,3318.8316574604332,rebalance,simulated
2024-06-11,2024-06-07,113672.SH,3.8748365281112456,136.0,0.2634888839115647,526.9777678231294,rebalance,simulated
2024-06-11,2024-06-07,113673.SH,1276.9898403631157,122.15,77.99215450017729,155984.30900035458,rebalance,simulated
2024-06-11,2024-06-07,118034.SH,-27.499505764957576,103.967,1.4295205579326722,2859.041115865344,rebalance,simulated
2024-06-11,2024-06-07,123078.SZ,1405.403319251048,110.989,77.99215450017729,155984.30900035458,rebalance,simulated
2024-06-11,2024-06-07,123145.SZ,-21.700936882027236,119.4,1.2955459318570262,2591.091863714052,rebalance,simulated
2024-06-11,2024-06-07,127019.SZ,43.66310370545898,98.6,2.1525910126791277,4305.1820253582555,rebalance,simulated
2024-06-11,2024-06-07,127103.SZ,9.18210166700942,102.87,0.4722813992426295,944.562798485259,rebalance,simulated
2024-06-17,2024-06-14,110086.SH,21.30733641177676,93.892,1.0002942151872718,2000.5884303745433,rebalance,simulated
2024-06-17,2024-06-14,111002.SH,-1303.8350733510642,120.65,78.65385079990295,157307.7015998059,rebalance,simulated
2024-06-17,2024-06-14,111009.SH,7.2380312512871114,101.0,0.3655205781899991,731.0411563799983,rebalance,simulated
2024-06-17,2024-06-14,113033.SH,-7.784227233388947,104.458,0.4065624041726713,813.1248083453426,rebalance,simulated
2024-06-17,2024-06-14,113619.SH,1198.336629218526,131.425,78.7456957475224,157491.3914950448,rebalance,simulated
2024-06-17,2024-06-14,113631.SH,14.561259009362857,127.76,0.9301732255180993,1860.3464510361987,rebalance,simulated
2024-06-17,2024-06-14,113651.SH,-15.000782019928238,129.5,0.9713006357903535,1942.601271580707,rebalance,simulated
2024-06-17,2024-06-14,113669.SH,-24.267378699256824,127.052,1.541609499248989,3083.218998497978,rebalance,simulated
2024-06-17,2024-06-14,113672.SH,4.444078481702036,136.784,0.30393941552056564,607.8788310411312,rebalance,simulated
2024-06-17,2024-06-14,113673.SH,16.786480141647417,121.73,1.02170911382137,2043.41822764274,rebalance,simulated
2024-06-17,2024-06-14,118034.SH,7.014678912273212,104.483,0.366457348395521,732.914696791042,rebalance,simulated
2024-06-17,2024-06-14,123078.SZ,-48.666286532129334,116.081,2.8246156034680525,5649.231206936105,rebalance,simulated
2024-06-17,2024-06-14,123145.SZ,-1306.4012479091673,119.866,78.29654599094013,156593.09198188025,rebalance,simulated
2024-06-17,2024-06-14,127019.SZ,5.575859033540155,99.203,0.276570971852142,553.141943704284,rebalance,simulated
2024-06-17,2024-06-14,127050.SZ,1165.6531085415202,135.11,78.7456957475224,157491.3914950448,rebalance,simulated
2024-06-17,2024-06-14,127103.SZ,14.828971879549954,102.858,0.7626391947933746,1525.2783895867492,rebalance,simulated
2024-06-24,2024-06-21,110086.SH,14.130729429630719,90.199,0.6372888319116307,1274.5776638232612,rebalance,simulated
2024-06-24,2024-06-21,111002.SH,1300.1401865822324,117.35,76.28572544771248,152571.45089542496,rebalance,simulated
2024-06-24,2024-06-21,111009.SH,151.56271381127,89.177,6.757954064773813,13515.908129547624,rebalance,simulated
2024-06-24,2024-06-21,113033.SH,7.001999645399792,100.727,0.35264520914109243,705.2904182821849,rebalance,simulated
2024-06-24,2024-06-21,113602.SH,1144.5720247218676,133.3,76.28572544771248,152571.45089542496,rebalance,simulated
2024-06-24,2024-06-21,113619.SH,-1198.336629218526,129.3,77.47246307897771,154944.92615795543,rebalance,simulated
2024-06-24,2024-06-21,113631.SH,-17.4978929070312,125.551,1.0984389761853373,2196.8779523706744,rebalance,simulated
2024-06-24,2024-06-21,113651.SH,-18.101442134901617,127.35,1.1526093279398604,2305.2186558797207,rebalance,simulated
2024-06-24,2024-06-21,113669.SH,-61.42422939118046,129.5,3.977218853078935,7954.43770615787,rebalance,simulated
2024-06-24,2024-06-21,113672.SH,-4.863056268904529,133.073,0.3235707434359662,647.1414868719324,rebalance,simulated
2024-06-24,2024-06-21,113673.SH,-59.31954351376862,123.594,3.6657698305203597,7331.539661040719,rebalance,simulated
2024-06-24,2024-06-21,118034.SH,33.72363278913099,99.004,1.6693872703275623,3338.7745406551244,rebalance,simulated
2024-06-24,2024-06-21,123078.SZ,-1356.7370327189187,117.969,80.02645550640905,160052.9110128181,rebalance,simulated
2024-06-24,2024-06-21,123145.SZ,1320.3933439673299,115.55,76.28572544771248,152571.45089542496,rebalance,simulated
2024-06-24,2024-06-21,127019.SZ,102.03949968249117,90.3,4.607083410664476,9214.166821328952,rebalance,simulated
2024-06-24,2024-06-21,127050.SZ,-1165.6531085415202,137.284,80.01276067650703,160025.52135301405,rebalance,simulated
2024-06-24,2024-06-21,127103.SZ,100.97579546738552,93.48,4.719608680145599,9439.217360291199,rebalance,simulated
2024-07-01,2024-06-28,110086.SH,169.0209305194944,89.287,7.54568591164705,15091.3718232941,rebalance,simulated
2024-07-01,2024-06-28,111002.SH,-1300.1401865822324,118.746,77.19322329794689,154386.44659589377,rebalance,simulated
2024-07-01,2024-06-28,111009.SH,40.035423043329274,94.876,1.8992003983294543,3798.4007966589083,rebalance,simulated
2024-07-01,2024-06-28,113033.SH,128.94498578287244,101.068,6.5161059115516755,13032.211823103351,rebalance,simulated
2024-07-01,2024-06-28,113602.SH,59.19736884519966,138.0,4.084618450318777,8169.236900637554,rebalance,simulated
2024-07-01,2024-06-28,113631.SH,-1215.2149397091616,126.313,76.74872233974168,153497.44467948333,rebalance,simulated
2024-07-01,2024-06-28,113651.SH,76.36808990726217,130.35,4.977290259705812,9954.580519411624,rebalance,simulated
2024-07-01,2024-06-28,113669.SH,82.04672309099055,131.82,5.4076995189271875,10815.399037854375,rebalance,simulated
2024-07-01,2024-06-28,113672.SH,79.45469023123746,135.5,5.383055263166339,10766.110526332677,rebalance,simulated
2024-07-01,2024-06-28,113673.SH,109.26406321588024,123.627,6.7539941715948135,13507.988343189627,rebalance,simulated
2024-07-01,2024-06-28,118013.SH,1456.0960706156347,114.086,83.06008815612765,166120.1763122553,rebalance,simulated
2024-07-01,2024-06-28,118034.SH,152.43324464163265,98.093,7.4763171333158365,14952.634266631672,rebalance,simulated
2024-07-01,2024-06-28,123145.SZ,144.57580204665055,113.395,8.19708653653997,16394.17307307994,rebalance,simulated
2024-07-01,2024-06-28,123149.SZ,1639.8832804763604,101.3,83.06008815612765,166120.1763122553,rebalance,simulated
2024-07-01,2024-06-28,127019.SZ,-1689.6063222084713,90.6,76.53916639604374,153078.3327920875,rebalance,simulated
2024-07-01,2024-06-28,127103.SZ,123.89789168844891,94.6,5.860370276863633,11720.740553727266,rebalance,simulated
2024-07-08,2024-07-05,110086.SH,-60.52916255815103,91.737,2.7763818927985504,5552.763785597101,rebalance,simulated
2024-07-08,2024-07-05,111009.SH,43.37946150166226,92.028,1.9960625415374875,3992.125083074975,rebalance,simulated
2024-07-08,2024-07-05,113033.SH,-100.4169101827124,107.0,5.372304694775114,10744.609389550227,rebalance,simulated
2024-07-08,2024-07-05,113602.SH,27.17983693388078,134.145,1.8230196127477187,3646.039225495437,rebalance,simulated
2024-07-08,2024-07-05,113619.SH,1256.5495124155302,131.412,82.56284226277484,165125.68452554967,rebalance,simulated
2024-07-08,2024-07-05,113631.SH,1281.037118119082,128.9,82.56284226277484,165125.68452554967,rebalance,simulated
2024-07-08,2024-07-05,113651.SH,3.2802808352369084,129.237,0.21196682715175616,423.9336543035123,rebalance,simulated
2024-07-08,2024-07-05,113669.SH,8.714248402044404,130.131,0.5669969294032202,1133.9938588064404,rebalance,simulated
2024-07-08,2024-07-05,113672.SH,20.252420348849228,132.5,1.3417228481112613,2683.4456962225227,rebalance,simulated
2024-07-08,2024-07-05,113673.SH,-10.449265515314892,123.85,0.6470707670358746,1294.1415340717492,rebalance,simulated
2024-07-08,2024-07-05,118013.SH,-1456.0960706156347,117.368,85.44954180800791,170899.08361601582,rebalance,simulated
2024-07-08,2024-07-05,118034.SH,9.830822970972804,96.943,0.47651473563750824,953.0294712750165,rebalance,simulated
2024-07-08,2024-07-05,123145.SZ,-1464.9691460139804,114.5,83.86948360930039,167738.96721860077,rebalance,simulated
2024-07-08,2024-07-05,123149.SZ,88.2766831609988,95.55,4.217418538016718,8434.837076033435,rebalance,simulated
2024-07-08,2024-07-05,127103.SZ,46.53683984811278,91.606,2.1315268755631096,4263.053751126219,rebalance,simulated
2024-07-15,2024-07-12,110086.SH,14.845887466226714,91.888,0.6820794537483201,1364.1589074966403,rebalance,simulated
2024-07-15,2024-07-12,111009.SH,56.55232558295597,90.1,2.5476822675121666,5095.364535024333,rebalance,simulated
2024-07-15,2024-07-12,113033.SH,15.28932150109108,107.0,0.8179787003083728,1635.9574006167456,rebalance,simulated
2024-07-15,2024-07-12,113602.SH,-31.233818912783818,139.001,2.170766031347932,4341.532062695864,rebalance,simulated
2024-07-15,2024-07-12,113619.SH,-43.98449346545135,137.528,3.0245497086582964,6049.099417316593,rebalance,simulated
2024-07-15,2024-07-12,113631.SH,1.6559410242577997,130.009,0.10764361831136612,215.28723662273225,rebalance,simulated
2024-07-15,2024-07-12,113651.SH,-3.247744194902907,130.85,0.21248366395152268,424.9673279030454,rebalance,simulated
2024-07-15,2024-07-12,113669.SH,6.797461538904599,130.72,0.4442820861828046,888.5641723656092,rebalance,simulated
2024-07-15,2024-07-12,113672.SH,-20.043037750150006,136.0,1.3629265670102004,2725.853134020401,rebalance,simulated
2024-07-15,2024-07-12,113673.SH,36.32141090441928,121.76,2.211247495861046,4422.494991722092,rebalance,simulated
2024-07-15,2024-07-12,118034.SH,53.44506120560095,94.925,2.5366362174708352,5073.27243494167,rebalance,simulated
2024-07-15,2024-07-12,123145.SZ,1437.2782128675162,116.026,83.38082096308321,166761.64192616643,rebalance,simulated
2024-07-15,2024-07-12,123149.SZ,-1728.1599636373592,100.65,86.96965017005012,173939.30034010022,rebalance,simulated
2024-07-15,2024-07-12,127103.SZ,17.977868832514332,91.6,0.8233863925291565,1646.7727850583128,rebalance,simulated
2024-07-22,2024-07-19,110086.SH,15.73590656660349,87.4,0.6876591169605726,1375.318233921145,rebalance,simulated
2024-07-22,2024-07-19,111009.SH,24.788015368467768,85.3,1.0572088554651502,2114.4177109303005,rebalance,simulated
2024-07-22,2024-07-19,113033.SH,-24.560510768533504,104.3,1.2808306365790223,2561.6612731580444,rebalance,simulated
2024-07-22,2024-07-19,113602.SH,124.7214808324004,120.8,7.533177442276984,15066.354884553968,rebalance,simulated
2024-07-22,2024-07-19,113619.SH,27.682861704217203,129.0,1.7855445799220098,3571.0891598440194,rebalance,simulated
2024-07-22,2024-07-19,113631.SH,-41.290385304076835,128.88,2.660752428994711,5321.504857989422,rebalance,simulated
2024-07-22,2024-07-19,113651.SH,34.79295746043772,122.202,2.125884493790205,4251.76898758041,rebalance,simulated
2024-07-22,2024-07-19,113669.SH,-15.440840200046523,126.95,0.9801073316979532,1960.2146633959062,rebalance,simulated
2024-07-22,2024-07-19,113672.SH,-4.875745067850858,131.0,0.3193613019442312,638.7226038884623,rebalance,simulated
2024-07-22,2024-07-19,113673.SH,-2.245374690799281,117.009,0.13136452359786654,262.7290471957331,rebalance,simulated
2024-07-22,2024-07-19,118034.SH,-51.51937033808758,93.823,2.4168509416151958,4833.701883230391,rebalance,simulated
2024-07-22,2024-07-19,123145.SZ,-1437.2782128675162,118.116,84.88277669552977,169765.55339105954,rebalance,simulated
2024-07-22,2024-07-19,123149.SZ,1633.738145659187,97.93,79.9959883022021,159991.9766044042,rebalance,simulated
2024-07-22,2024-07-19,127103.SZ,-12.722997742864663,88.5,0.5629926501217614,1125.9853002435227,rebalance,simulated
2024-07-29,2024-07-26,110086.SH,32.396068210262456,84.221,1.3642146303682574,2728.4292607365146,rebalance,simulated
2024-07-29,2024-07-26,111009.SH,1.6168932156913343,83.58,0.06756996748374086,135.1399349674817,rebalance,simulated
2024-07-29,2024-07-26,113033.SH,-7.981895229296242,102.82,0.41034923373811977,820.6984674762396,rebalance,simulated
2024-07-29,2024-07-26,113602.SH,-1324.4368924205646,113.012,74.83863104311644,149677.26208623286,risk_exit,simulated
2024-07-29,2024-07-26,113619.SH,-19.114248982676372,128.488,1.2279758116430608,2455.9516232861215,rebalance,simulated
2024-07-29,2024-07-26,113631.SH,-25.869531088851772,129.08,1.6696195364744937,3339.239072948987,rebalance,simulated
2024-07-29,2024-07-26,113651.SH,-18.937458260906624,121.6,1.1513974622631227,2302.7949245262453,rebalance,simulated
2024-07-29,2024-07-26,113669.SH,-1260.2755148042866,124.32,78.33872600023444,156677.45200046888,rebalance,simulated
2024-07-29,2024-07-26,113672.SH,27.700241345215773,125.62,1.7398521588930027,3479.7043177860055,rebalance,simulated
2024-07-29,2024-07-26,113673.SH,-1367.3476109051799,115.626,79.05046742926116,158100.93485852232,rebalance,simulated
2024-07-29,2024-07-26,118030.SH,1519.9904874422193,103.225,78.45050903311153,156901.01806622307,rebalance,simulated
2024-07-29,2024-07-26,118034.SH,-9.0260375710493,92.5,0.4174542376610302,834.9084753220603,rebalance,simulated
2024-07-29,2024-07-26,123145.SZ,1393.8951348686785,112.563,78.45050903311153,156901.01806622307,rebalance,simulated
2024-07-29,2024-07-26,123149.SZ,-25.81625524903052,97.58,1.2595750936001988,2519.150187200398,rebalance,simulated
2024-07-29,2024-07-26,127042.SZ,1605.536127564319,97.725,78.45050903311153,156901.01806622307,rebalance,simulated
2024-07-29,2024-07-26,127103.SZ,-5.332723833760838,87.047,0.23209880577868983,464.1976115573796,rebalance,simulated
2024-08-05,2024-08-02,110086.SH,-7.466624440730357,84.67,0.31609954569831966,632.1990913966393,rebalance,simulated
2024-08-05,2024-08-02,111009.SH,1.9943585791893383,83.6,0.08336418861011434,166.72837722022868,rebalance,simulated
2024-08-05,2024-08-02,113033.SH,-18.972417238726166,104.25,0.9889372485686014,1977.8744971372028,rebalance,simulated
2024-08-05,2024-08-02,113619.SH,-1221.1336316716197,125.888,76.86303531193845,153726.07062387688,rebalance,simulated
2024-08-05,2024-08-02,113631.SH,-1215.5331427504111,128.009,77.79959103516867,155599.18207033735,rebalance,simulated
2024-08-05,2024-08-02,113641.SH,1627.2078587479018,96.549,78.55264577712559,157105.2915542512,rebalance,simulated
2024-08-05,2024-08-02,113651.SH,17.271867699657378,120.15,1.0376074520569172,2075.214904113834,rebalance,simulated
2024-08-05,2024-08-02,113669.SH,1320.3234856227514,118.99,78.55264577712559,157105.2915542512,rebalance,simulated
2024-08-05,2024-08-02,113672.SH,17.965117843456028,124.0,1.1138373062942737,2227.6746125885475,rebalance,simulated
2024-08-05,2024-08-02,118030.SH,-2.8418625423980757,103.553,0.14714169592647397,294.28339185294794,rebalance,simulated
2024-08-05,2024-08-02,118034.SH,20.26399396202828,91.527,0.9273512876812812,1854.7025753625624,rebalance,simulated
2024-08-05,2024-08-02,123145.SZ,-40.70571579674743,116.1,2.3629668020011882,4725.933604002376,rebalance,simulated
2024-08-05,2024-08-02,123149.SZ,-2.9560465876754733,97.887,0.14467926616389454,289.3585323277891,rebalance,simulated
2024-08-05,2024-08-02,127042.SZ,-24.825067444474826,99.389,1.2336693141194541,2467.3386282389083,rebalance,simulated
2024-08-05,2024-08-02,127103.SZ,-14.822036032013557,87.883,0.6513024963007237,1302.6049926014473,rebalance,simulated
2024-08-12,2024-08-09,110086.SH,24.62406146174726,83.01,1.0220216709698202,2044.0433419396402,rebalance,simulated
2024-08-12,2024-08-09,111009.SH,-6.816421185925037,83.351,0.2840777611340189,568.1555222680378,rebalance,simulated
2024-08-12,2024-08-09,113033.SH,-24.58495533549194,105.28,1.2941520488602958,2588.3040977205915,rebalance,simulated
2024-08-12,2024-08-09,113619.SH,1268.8553073751102,123.0,78.03460140356928,156069.20280713856,rebalance,simulated
2024-08-12,2024-08-09,113641.SH,3.1323009455898045,95.728,0.14992445245971042,299.8489049194208,rebalance,simulated
2024-08-12,2024-08-09,113651.SH,21.803629109879466,117.4,1.2798730287499247,2559.7460574998495,rebalance,simulated
2024-08-12,2024-08-09,113669.SH,-1320.3234856227514,121.043,79.90795783511736,159815.9156702347,rebalance,simulated
2024-08-12,2024-08-09,113672.SH,-31.872367086615895,126.361,2.0137120887159354,4027.424177431871,rebalance,simulated
2024-08-12,2024-08-09,118030.SH,64.82089318987073,98.655,3.1974526088233484,6394.905217646697,rebalance,simulated
2024-08-12,2024-08-09,118034.SH,-48.81794807134861,93.585,2.2843138351285797,4568.6276702571595,rebalance,simulated
2024-08-12,2024-08-09,123145.SZ,18.30495947843201,113.795,1.0415064319240852,2083.0128638481706,rebalance,simulated
2024-08-12,2024-08-09,123149.SZ,3.348368062828513,97.039,0.16246114422440802,324.92228844881606,rebalance,simulated
2024-08-12,2024-08-09,127042.SZ,7.779553693270827,98.25,0.38217057518192943,764.3411503638588,rebalance,simulated
2024-08-12,2024-08-09,127103.SZ,8.299023550773427,86.9,0.36059257328110544,721.1851465622109,rebalance,simulated
2024-08-19,2024-08-16,110086.SH,-127.93438951875623,80.0,5.11737558075025,10234.751161500499,rebalance,simulated
2024-08-19,2024-08-16,111009.SH,-137.16144965445437,80.78,5.539950951543412,11079.901903086824,rebalance,simulated
2024-08-19,2024-08-16,113033.SH,-118.76794033950387,102.794,6.1043158296294795,12208.63165925896,rebalance,simulated
2024-08-19,2024-08-16,113619.SH,-1268.8553073751102,121.52,77.09564847611169,154191.29695222338,rebalance,simulated
2024-08-19,2024-08-16,113641.SH,-84.85753088800288,90.7,3.848289025770931,7696.578051541862,rebalance,simulated
2024-08-19,2024-08-16,113651.SH,-101.05445062956505,114.119,5.766116425697668,11532.232851395334,rebalance,simulated
2024-08-19,2024-08-16,113672.SH,-99.46723015383009,123.433,6.138769309788855,12277.53861957771,rebalance,simulated
2024-08-19,2024-08-16,118013.SH,1314.8540407719597,106.609,70.08763721632891,140175.27443265784,rebalance,simulated
2024-08-19,2024-08-16,118030.SH,-82.75268761388111,93.499,3.8686467696051348,7737.293539210269,rebalance,simulated
2024-08-19,2024-08-16,118034.SH,-126.47269613901608,90.952,5.751472329617895,11502.94465923579,rebalance,simulated
2024-08-19,2024-08-16,123145.SZ,-88.50771012035102,109.257,4.835043442309596,9670.086884619192,rebalance,simulated
2024-08-19,2024-08-16,123149.SZ,-146.6020340228115,95.898,7.029420929359788,14058.841858719576,rebalance,simulated
2024-08-19,2024-08-16,127042.SZ,-77.98119104740545,92.8,3.6183272645996127,7236.654529199225,rebalance,simulated
2024-08-19,2024-08-16,127070.SZ,1440.7095300182723,97.296,70.08763721632891,140175.27443265784,rebalance,simulated
2024-08-19,2024-08-16,127103.SZ,-130.99576015266553,84.191,5.514332021506531,11028.664043013063,rebalance,simulated
2024-08-26,2024-08-23,110086.SH,34.61424090040009,76.353,1.321450567734124,2642.901135468248,rebalance,simulated
2024-08-26,2024-08-23,111009.SH,-40.76766549322656,80.512,1.6411431420953284,3282.2862841906567,rebalance,simulated
2024-08-26,2024-08-23,113033.SH,-32.88174908973747,102.518,1.6854855765908527,3370.9711531817056,rebalance,simulated
2024-08-26,2024-08-23,113641.SH,-26.240588216097876,89.8,1.1782024109027947,2356.404821805589,rebalance,simulated
2024-08-26,2024-08-23,113651.SH,-53.23558954275313,116.1,3.090325972956819,6180.651945913638,rebalance,simulated
2024-08-26,2024-08-23,113672.SH,-15.264615764914424,121.77,0.9293861308468148,1858.7722616936294,rebalance,simulated
2024-08-26,2024-08-23,118013.SH,-1314.8540407719597,104.741,68.85956354224791,137719.12708449582,rebalance,simulated
2024-08-26,2024-08-23,118024.SH,1364.9072097657654,99.954,68.21396762246366,136427.9352449273,rebalance,simulated
2024-08-26,2024-08-23,118030.SH,-31.460668615377244,92.95,1.4621345738996574,2924.269147799315,rebalance,simulated
2024-08-26,2024-08-23,118034.SH,82.94151415992428,84.0,3.48354359471682,6967.08718943364,rebalance,simulated
2024-08-26,2024-08-23,123145.SZ,18.371992751151765,104.835,0.9630139300334976,1926.0278600669951,rebalance,simulated
2024-08-26,2024-08-23,123149.SZ,-5.175811999460166,93.666,0.24239880337071792,484.79760674143586,rebalance,simulated
2024-08-26,2024-08-23,127042.SZ,-45.59011378979085,93.13,2.122903648621611,4245.807297243222,rebalance,simulated
2024-08-26,2024-08-23,127070.SZ,25.154177351742874,93.07,1.1705496430633546,2341.099286126709,rebalance,simulated
2024-08-26,2024-08-23,127103.SZ,158.95981344541337,74.799,5.945017542951738,11890.035085903475,rebalance,simulated
2024-08-30,2024-08-29,113033.SH,-1330.7705500002662,103.13,68.62118341076373,137242.36682152745,risk_exit,simulated
2024-09-02,2024-08-30,110086.SH,-443.89634177547055,82.9,18.399503366593258,36799.006733186514,rebalance,simulated
2024-09-02,2024-08-30,111009.SH,-381.668810708494,84.799,16.182566739634794,32365.133479269585,rebalance,simulated
2024-09-02,2024-08-30,113058.SH,1009.5044565900884,110.279,55.66357098414918,111327.14196829835,rebalance,simulated
2024-09-02,2024-08-30,113641.SH,-323.8854863250767,93.133,15.082213498956683,30164.426997913368,rebalance,simulated
2024-09-02,2024-08-30,113651.SH,-252.8662991628563,120.716,15.26250408487168,30525.00816974336,rebalance,simulated
2024-09-02,2024-08-30,113672.SH,-243.7822756484943,127.0,15.48017450367939,30960.349007358778,rebalance,simulated
2024-09-02,2024-08-30,118024.SH,-1364.9072097657654,106.712,72.82598908426219,145651.97816852437,rebalance,simulated
2024-09-02,2024-08-30,118030.SH,-346.6369073962005,99.3,17.210522452221355,34421.04490444271,rebalance,simulated
2024-09-02,2024-08-30,118034.SH,-386.0733366016884,89.92,17.35785721361191,34715.71442722382,rebalance,simulated
2024-09-02,2024-08-30,123101.SZ,1053.2369154995113,105.7,55.66357098414917,111327.14196829834,rebalance,simulated
2024-09-02,2024-08-30,123145.SZ,-275.3020531784141,108.5,14.935136384928965,29870.27276985793,rebalance,simulated
2024-09-02,2024-08-30,123149.SZ,-275.0958270930246,94.23,12.961139893487855,25922.27978697571,rebalance,simulated
2024-09-02,2024-08-30,123208.SZ,1090.6406266793863,102.075,55.66357098414918,111327.14196829835,rebalance,simulated
2024-09-02,2024-08-30,127042.SZ,-328.9280644014457,98.0,16.11747515567084,32234.950311341676,rebalance,simulated
2024-09-02,2024-08-30,127052.SZ,1001.0353376281188,111.212,55.66357098414918,111327.14196829835,rebalance,simulated
2024-09-02,2024-08-30,127067.SZ,1203.5366699275498,92.5,55.66357098414918,111327.14196829835,rebalance,simulated
2024-09-02,2024-08-30,127070.SZ,-327.51445362707454,97.797,16.014965510683503,32029.931021367007,rebalance,simulated
2024-09-02,2024-08-30,127084.SZ,824.2486356072881,135.065,55.66357098414918,111327.14196829835,rebalance,simulated
2024-09-02,2024-08-30,127103.SZ,-439.26131678094725,80.4,17.65830493459408,35316.60986918816,rebalance,simulated
2024-09-03,2024-09-02,118034.SH,-1238.068749647446,88.199,54.59821282507755,109196.4256501551,risk_exit,simulated
2024-09-03,2024-09-02,127103.SZ,-1384.6659448793328,80.89,56.00281414064462,112005.62828128923,risk_exit,simulated
2024-09-09,2024-09-06,110086.SH,-99.69491981698616,85.2,4.24700358420361,8494.00716840722,rebalance,simulated
2024-09-09,2024-09-06,111009.SH,-71.09366018629225,85.301,3.0321801537754576,6064.360307550915,rebalance,simulated
2024-09-09,2024-09-06,113058.SH,-45.623655543438645,109.891,2.506814565662008,5013.629131324016,rebalance,simulated
2024-09-09,2024-09-06,113619.SH,809.93611393214,130.778,52.9609125539087,105921.82510781739,rebalance,simulated
2024-09-09,2024-09-06,113641.SH,-63.07197958188294,93.547,2.950097236973202,5900.194473946403,rebalance,simulated
2024-09-09,2024-09-06,113651.SH,-62.11944019446037,123.15,3.8250045299738975,7650.009059947794,rebalance,simulated
2024-09-09,2024-09-06,113669.SH,852.0438008914242,124.315,52.9609125539087,105921.82510781739,rebalance,simulated
2024-09-09,2024-09-06,113672.SH,-18.23003931872597,123.4,1.1247934259653927,2249.586851930785,rebalance,simulated
2024-09-09,2024-09-06,118024.SH,1008.3663367175099,105.043,52.9609125539087,105921.82510781739,rebalance,simulated
2024-09-09,2024-09-06,118030.SH,-97.36388923751281,103.464,5.036828718035013,10073.657436070025,rebalance,simulated
2024-09-09,2024-09-06,123101.SZ,-67.91761217097735,107.5,3.6505716541900326,7301.143308380065,rebalance,simulated
2024-09-09,2024-09-06,123145.SZ,-37.611058284408955,107.16,2.0152005028786317,4030.4010057572636,rebalance,simulated
2024-09-09,2024-09-06,123149.SZ,-83.80504542475524,96.5,4.04359344174444,8087.18688348888,rebalance,simulated
2024-09-09,2024-09-06,123208.SZ,-58.15346813590304,102.589,2.9829530712970787,5965.906142594157,rebalance,simulated
2024-09-09,2024-09-06,127042.SZ,-66.0738192429842,99.0,3.2706540525277177,6541.308105055436,rebalance,simulated
2024-09-09,2024-09-06,127052.SZ,-36.57528656672662,109.825,2.0084404235953754,4016.880847190751,rebalance,simulated
2024-09-09,2024-09-06,127067.SZ,-1203.5366699275498,94.812,57.054859374585426,114109.71874917085,rebalance,simulated
2024-09-09,2024-09-06,127070.SZ,-35.82380295793155,96.072,1.7208321988872,3441.6643977743997,rebalance,simulated
2024-09-09,2024-09-06,127082.SZ,952.5343984515953,111.2,52.9609125539087,105921.82510781739,rebalance,simulated
2024-09-09,2024-09-06,127084.SZ,-31.598593642030323,133.63,2.1112600341922563,4222.520068384512,rebalance,simulated
2024-09-18,2024-09-13,110086.SH,14.783464133665348,82.116,0.6069794704000319,1213.9589408000636,rebalance,simulated
2024-09-18,2024-09-13,111009.SH,-19.569082557248294,84.523,0.8270187824931488,1654.0375649862974,rebalance,simulated
2024-09-18,2024-09-13,113058.SH,-9.821615714232621,108.276,0.5317226315371256,1063.4452630742512,rebalance,simulated
2024-09-18,2024-09-13,113619.SH,23.142211479576076,124.0,1.4348171117337167,2869.6342234674335,rebalance,simulated
2024-09-18,2024-09-13,113641.SH,14.238314896401107,90.1,0.6414360860828698,1282.8721721657396,rebalance,simulated
2024-09-18,2024-09-13,113651.SH,-12.08982261044821,121.816,0.7363669155571796,1472.7338311143592,rebalance,simulated
2024-09-18,2024-09-13,113669.SH,-852.0438008914242,122.9,52.35809156477802,104716.18312955604,rebalance,simulated
2024-09-18,2024-09-13,113672.SH,16.335341920129395,118.1,0.9646019403836407,1929.2038807672814,rebalance,simulated
2024-09-18,2024-09-13,113673.SH,917.2753232258857,112.618,51.65085617552639,103301.71235105279,rebalance,simulated
2024-09-18,2024-09-13,118024.SH,14.362138333999837,101.006,0.7253310722819938,1450.6621445639876,rebalance,simulated
2024-09-18,2024-09-13,118030.SH,20.751331952782152,98.9,1.0261533650650774,2052.306730130155,rebalance,simulated
2024-09-18,2024-09-13,123101.SZ,-0.6588544618489323,104.911,0.03456054022351667,69.12108044703334,rebalance,simulated
2024-09-18,2024-09-13,123145.SZ,-12.630693102626083,105.862,0.6685552166151012,1337.1104332302023,rebalance,simulated
2024-09-18,2024-09-13,123149.SZ,-21.575989688458094,96.0,1.0356475050459886,2071.295010091977,rebalance,simulated
2024-09-18,2024-09-13,123208.SZ,-4.619651244523084,100.501,0.23213978486290723,464.27956972581444,rebalance,simulated
2024-09-18,2024-09-13,127042.SZ,-7.1207386604380645,97.198,0.3460607781586295,692.121556317259,rebalance,simulated
2024-09-18,2024-09-13,127052.SZ,6.420704117675314,106.4,0.3415814590603267,683.1629181206534,rebalance,simulated
2024-09-18,2024-09-13,127067.SZ,1126.3952933273667,91.71,51.6508561755264,103301.7123510528,rebalance,simulated
2024-09-18,2024-09-13,127070.SZ,28.680334925161787,91.32,1.3095440926828872,2619.0881853657743,rebalance,simulated
2024-09-18,2024-09-13,127082.SZ,-952.5343984515953,108.59,51.717855163929364,103435.71032785873,rebalance,simulated
2024-09-18,2024-09-13,127084.SZ,-30.275781071879237,135.5,2.051184167619818,4102.3683352396365,rebalance,simulated
2024-09-23,2024-09-20,110086.SH,24.496392950466998,80.22,0.9825503212432313,1965.1006424864624,rebalance,simulated
2024-09-23,2024-09-20,111009.SH,8.483657667645502,83.599,0.3546126486787482,709.2252973574964,rebalance,simulated
2024-09-23,2024-09-20,113058.SH,-8.455784847858467,108.8,0.45999469572350066,919.9893914470013,rebalance,simulated
2024-09-23,2024-09-20,113588.SH,836.4361786399998,123.0,51.440824986359985,102881.64997271997,rebalance,simulated
2024-09-23,2024-09-20,113619.SH,-1.375415365475419,123.7,0.08506944035465468,170.13888070930935,rebalance,simulated
2024-09-23,2024-09-20,113641.SH,-22.145560667454674,91.501,1.013170473316385,2026.3409466327703,rebalance,simulated
2024-09-23,2024-09-20,113651.SH,12.919989838989522,119.5,0.771969392879624,1543.9387857592478,rebalance,simulated
2024-09-23,2024-09-20,113669.SH,872.6623065865945,117.894,51.440824986359985,102881.64997271997,rebalance,simulated
2024-09-23,2024-09-20,113672.SH,-1.3383131310686167,117.8,0.07882664341994151,157.65328683988304,rebalance,simulated
2024-09-23,2024-09-20,113673.SH,-917.2753232258857,113.405,52.01180401521579,104023.60803043157,rebalance,simulated
2024-09-23,2024-09-20,118024.SH,-7.2352464831271845,101.312,0.36650864584929066,733.0172916985813,rebalance,simulated
2024-09-23,2024-09-20,118030.SH,-5.298111596472381,99.0,0.26225652402538285,524.5130480507657,rebalance,simulated
2024-09-23,2024-09-20,123101.SZ,-984.660448866685,105.4,51.891605655274304,103783.2113105486,rebalance,simulated
2024-09-23,2024-09-20,123145.SZ,-35.50072313200212,109.412,1.9421025596593082,3884.205119318616,rebalance,simulated
2024-09-23,2024-09-20,123149.SZ,24.25546257622159,93.502,1.1339671309009354,2267.934261801871,rebalance,simulated
2024-09-23,2024-09-20,123208.SZ,-26.098763650275032,102.7,1.340171513441623,2680.343026883246,rebalance,simulated
2024-09-23,2024-09-20,127042.SZ,20.168049883896174,95.0,0.9579823694850683,1915.9647389701365,rebalance,simulated
2024-09-23,2024-09-20,127052.SZ,1.4436940480374005,105.81,0.07637863361141868,152.75726722283736,rebalance,simulated
2024-09-23,2024-09-20,127067.SZ,35.387214410422985,88.555,1.566857386057504,3133.7147721150077,rebalance,simulated
2024-09-23,2024-09-20,127070.SZ,37.90387307073797,88.0,1.6677704151124708,3335.5408302249416,rebalance,simulated
2024-09-23,2024-09-20,127084.SZ,-15.230833350023545,137.7,1.0486428761491209,2097.2857522982417,rebalance,simulated
2024-09-30,2024-09-27,110086.SH,2.4325486007699055,89.0,0.1082484127342608,216.4968254685216,rebalance,simulated
2024-09-30,2024-09-27,111009.SH,1.6543313192921687,92.8,0.07676097321515662,153.52194643031325,rebalance,simulated
2024-09-30,2024-09-27,113058.SH,20.97205674072609,118.313,1.2406334745827627,2481.2669491655256,rebalance,simulated
2024-09-30,2024-09-27,113588.SH,-836.4361786399998,145.015,60.64789622273978,121295.79244547956,rebalance,simulated
2024-09-30,2024-09-27,113619.SH,-23.516040288678028,141.5,1.6637598504239703,3327.519700847941,rebalance,simulated
2024-09-30,2024-09-27,113641.SH,10.074752539890596,100.805,0.5077927148918359,1015.5854297836717,rebalance,simulated
2024-09-30,2024-09-27,113651.SH,57.60739398393093,124.5,3.5860602754997006,7172.1205509994015,rebalance,simulated
2024-09-30,2024-09-27,113669.SH,-872.6623065865945,128.998,56.28584611252875,112571.6922250575,rebalance,simulated
2024-09-30,2024-09-27,113672.SH,-1.0593292161341878,131.1,0.069439030117596,138.878060235192,rebalance,simulated
2024-09-30,2024-09-27,118024.SH,39.19179177391618,108.429,2.1247633951269784,4249.526790253957,rebalance,simulated
2024-09-30,2024-09-27,118025.SH,1039.6316518395176,109.999,57.179221035347545,114358.44207069509,rebalance,simulated
2024-09-30,2024-09-27,118030.SH,-31.822732247097065,113.52,1.8062582823452296,3612.516564690459,rebalance,simulated
2024-09-30,2024-09-27,123101.SZ,1012.0216112450894,113.0,57.17922103534755,114358.4420706951,rebalance,simulated
2024-09-30,2024-09-27,123145.SZ,45.53450505676244,116.0,2.6410012932922218,5282.002586584444,rebalance,simulated
2024-09-30,2024-09-27,123149.SZ,44.41418362378636,99.9,2.218488472008129,4436.976944016257,rebalance,simulated
2024-09-30,2024-09-27,123208.SZ,-47.19076309196464,119.8,2.826726709208682,5653.4534184173635,rebalance,simulated
2024-09-30,2024-09-27,127042.SZ,38.19646021657377,102.0,1.9480194710452623,3896.0389420905244,rebalance,simulated
2024-09-30,2024-09-27,127050.SZ,853.4212094827993,134.0,57.17922103534755,114358.4420706951,rebalance,simulated
2024-09-30,2024-09-27,127052.SZ,26.43923697983928,114.5,1.5136463170957986,3027.2926341915972,rebalance,simulated
2024-09-30,2024-09-27,127067.SZ,35.06146997749147,95.55,1.675061728174655,3350.12345634931,rebalance,simulated
2024-09-30,2024-09-27,127070.SZ,-1169.1096587809088,108.0,63.13192157416908,126263.84314833816,rebalance,simulated
2024-09-30,2024-09-27,127073.SZ,1104.912483774832,103.5,57.17922103534756,114358.44207069512,rebalance,simulated
2024-09-30,2024-09-27,127084.SZ,-747.143427543355,161.0,60.145045917240076,120290.09183448015,rebalance,simulated
2024-10-08,2024-09-30,110086.SH,15.980455928022138,98.8,0.7894345228442936,1578.8690456885872,rebalance,simulated
2024-10-08,2024-09-30,111009.SH,54.40047429726792,99.89,2.7170316887770465,5434.063377554093,rebalance,simulated
2024-10-08,2024-09-30,113058.SH,29.777945932189482,129.0,1.9206775126262217,3841.3550252524433,rebalance,simulated
2024-10-08,2024-09-30,113619.SH,2.725363727069407,158.5,0.21598507537025052,431.970150740501,rebalance,simulated
2024-10-08,2024-09-30,113631.SH,918.0750505883196,139.999,64.26479450365709,128529.58900731416,rebalance,simulated
2024-10-08,2024-09-30,113641.SH,-1134.4520814512682,120.0,68.06712488707609,136134.24977415218,rebalance,simulated
2024-10-08,2024-09-30,113651.SH,19.623631233912192,137.001,1.344228551338602,2688.457102677204,rebalance,simulated
2024-10-08,2024-09-30,113669.SH,945.0705074067218,136.0,64.26479450365709,128529.58900731418,rebalance,simulated
2024-10-08,2024-09-30,113672.SH,7.973999475981941,146.011,0.5821458187437997,1164.2916374875992,rebalance,simulated
2024-10-08,2024-09-30,113673.SH,1012.0440079316076,127.0,64.26479450365709,128529.58900731416,rebalance,simulated
2024-10-08,2024-09-30,113687.SH,931.3738333863345,138.0,64.26479450365709,128529.58900731416,rebalance,simulated
2024-10-08,2024-09-30,118013.SH,1004.1374141196419,128.0,64.26479450365709,128529.58900731416,rebalance,simulated
2024-10-08,2024-09-30,118024.SH,25.395559551097676,119.0,1.5110357932903116,3022.0715865806233,rebalance,simulated
2024-10-08,2024-09-30,118025.SH,57.97371970031304,117.1,3.3943612884533283,6788.722576906656,rebalance,simulated
2024-10-08,2024-09-30,118030.SH,-57.425845890891196,135.3,3.8848584745187895,7769.716949037579,rebalance,simulated
2024-10-08,2024-09-30,123101.SZ,-1012.0216112450894,131.0,66.28741553655335,132574.8310731067,rebalance,simulated
2024-10-08,2024-09-30,123145.SZ,-59.24212850288461,138.71,4.108737822317563,8217.475644635126,rebalance,simulated
2024-10-08,2024-09-30,123149.SZ,16.689795504135645,110.666,0.9234964546303377,1846.9929092606753,rebalance,simulated
2024-10-08,2024-09-30,123208.SZ,-120.40359707207517,154.08,9.275893118432672,18551.786236865344,rebalance,simulated
2024-10-08,2024-09-30,127042.SZ,-1121.1611967715207,108.8,60.99116910437073,121982.33820874145,rebalance,simulated
2024-10-08,2024-09-30,127050.SZ,-853.4212094827993,150.0,64.00659071120995,128013.1814224199,rebalance,simulated
2024-10-08,2024-09-30,127052.SZ,22.422754663797605,125.863,1.4110975851247791,2822.195170249558,rebalance,simulated
2024-10-08,2024-09-30,127067.SZ,66.09784214631031,101.77,3.363388697615,6726.77739523,rebalance,simulated
2024-10-08,2024-09-30,127073.SZ,-1104.912483774832,114.5,63.25623969610914,126512.47939221827,rebalance,simulated
2024-10-14,2024-10-11,110086.SH,11.20696553097514,87.817,0.49208104601682184,984.1620920336437,rebalance,simulated
2024-10-14,2024-10-11,110096.SH,960.1997635859437,120.002,57.612946014920205,115225.89202984041,rebalance,simulated
2024-10-14,2024-10-11,111009.SH,5.1022641913803,89.197,0.22755332953927432,455.1066590785486,rebalance,simulated
2024-10-14,2024-10-11,113058.SH,10.848324345894753,114.402,0.6205350009095257,1241.0700018190514,rebalance,simulated
2024-10-14,2024-10-11,113061.SH,971.0510785333042,118.661,57.612946014920205,115225.89202984041,rebalance,simulated
2024-10-14,2024-10-11,113619.SH,41.350281528980645,135.2,2.795279031359091,5590.558062718183,rebalance,simulated
2024-10-14,2024-10-11,113631.SH,-3.58384400228465,126.0,0.22578217214393295,451.5643442878659,rebalance,simulated
2024-10-14,2024-10-11,113651.SH,-23.67412802695435,126.0,1.4914700656981241,2982.940131396248,rebalance,simulated
2024-10-14,2024-10-11,113669.SH,-945.0705074067218,124.7,58.92514613680911,117850.29227361822,rebalance,simulated
2024-10-14,2024-10-11,113672.SH,25.36276929965561,127.232,1.6134779317668912,3226.9558635337826,rebalance,simulated
2024-10-14,2024-10-11,113673.SH,-1012.0440079316076,117.539,59.47732032413661,118954.64064827323,rebalance,simulated
2024-10-14,2024-10-11,113687.SH,-931.3738333863345,122.0,56.81380383656641,113627.6076731328,rebalance,simulated
2024-10-14,2024-10-11,118013.SH,-21.23293548925369,117.23,1.244568513702605,2489.13702740521,rebalance,simulated
2024-10-14,2024-10-11,118024.SH,19.40312268141679,104.8,1.0167236285062398,2033.4472570124794,rebalance,simulated
2024-10-14,2024-10-11,118025.SH,-45.74639093970836,109.545,2.5056441977451764,5011.288395490353,rebalance,simulated
2024-10-14,2024-10-11,118030.SH,-22.289996738654054,124.21,1.3843202474541099,2768.64049490822,rebalance,simulated
2024-10-14,2024-10-11,123101.SZ,1017.4561544017203,113.249,57.612946014920205,115225.89202984041,rebalance,simulated
2024-10-14,2024-10-11,123145.SZ,41.71898288093905,118.995,2.482175183958671,4964.350367917343,rebalance,simulated
2024-10-14,2024-10-11,123149.SZ,-61.66240242242429,104.774,3.2303082757035413,6460.616551407083,rebalance,simulated
2024-10-14,2024-10-11,123208.SZ,80.31682310138967,126.0,5.059959855387549,10119.919710775099,rebalance,simulated
2024-10-14,2024-10-11,123247.SZ,1189.1216927744108,96.9,57.612946014920205,115225.89202984041,rebalance,simulated
2024-10-14,2024-10-11,127052.SZ,-3.909939534626801,113.269,0.22143747057382157,442.87494114764314,rebalance,simulated
2024-10-14,2024-10-11,127067.SZ,-1262.9418198615915,94.15,59.45298616998443,118905.97233996885,rebalance,simulated
2024-10-21,2024-10-18,110086.SH,14.905394320849837,90.95,0.6778228067406463,1355.6456134812927,rebalance,simulated
2024-10-21,2024-10-18,110096.SH,-21.200518404517197,128.533,1.3624831160439044,2724.9662320878087,rebalance,simulated
2024-10-21,2024-10-18,111009.SH,13.533532132040591,92.46,0.6256551904642366,1251.310380928473,rebalance,simulated
2024-10-21,2024-10-18,113058.SH,27.008983558364548,116.7,1.5759741906305715,3151.948381261143,rebalance,simulated
2024-10-21,2024-10-18,113061.SH,-971.0510785333042,121.645,59.06175422409189,118123.50844818378,rebalance,simulated
2024-10-21,2024-10-18,113066.SH,891.2449415219636,135.42,60.34619499045215,120692.38998090429,rebalance,simulated
2024-10-21,2024-10-18,113619.SH,-3.3622865563994537,142.175,0.2390165455780462,478.0330911560924,rebalance,simulated
2024-10-21,2024-10-18,113631.SH,32.11577365635162,127.5,2.047380570592416,4094.7611411848316,rebalance,simulated
2024-10-21,2024-10-18,113651.SH,-32.88134551295764,136.9,2.2507281003619504,4501.456200723901,rebalance,simulated
2024-10-21,2024-10-18,113672.SH,-15.902297991172077,135.65,1.078573361251246,2157.146722502492,rebalance,simulated
2024-10-21,2024-10-18,118013.SH,6.369297657546213,122.001,0.38853034175914775,777.0606835182955,rebalance,simulated
2024-10-21,2024-10-18,118024.SH,-12.164873918017747,111.0,0.675150502449985,1350.30100489997,rebalance,simulated
2024-10-21,2024-10-18,118025.SH,22.10782827071148,112.38,1.2422388705312781,2484.477741062556,rebalance,simulated
2024-10-21,2024-10-18,118030.SH,0.6044588355548512,130.018,0.03929526444058533,78.59052888117066,rebalance,simulated
2024-10-21,2024-10-18,123101.SZ,18.085587176180184,116.55,1.0539375926919001,2107.8751853838003,rebalance,simulated
2024-10-21,2024-10-18,123145.SZ,22.21486557713547,121.845,1.3533851481230357,2706.770296246071,rebalance,simulated
2024-10-21,2024-10-18,123149.SZ,-35.44036747926225,113.399,2.00945111589043,4018.90223178086,rebalance,simulated
2024-10-21,2024-10-18,123208.SZ,-914.491206586035,141.0,64.47163006431546,128943.26012863094,rebalance,simulated
2024-10-21,2024-10-18,123247.SZ,20.2208922045902,99.8,1.0090225210090509,2018.0450420181019,rebalance,simulated
2024-10-21,2024-10-18,127052.SZ,2.4724740422323066,118.355,0.14631483263420234,292.62966526840466,rebalance,simulated
2024-10-21,2024-10-18,127082.SZ,1011.9851922298138,119.263,60.34619499045215,120692.38998090429,rebalance,simulated
2024-10-28,2024-10-25,110086.SH,-45.520518351576584,94.999,2.162201861440712,4324.403722881424,rebalance,simulated
2024-10-28,2024-10-25,110096.SH,7.746485170115193,128.589,0.49805639076997127,996.1127815399425,rebalance,simulated
2024-10-28,2024-10-25,111009.SH,-15.716912862231993,94.4,0.7418382870973501,1483.6765741947002,rebalance,simulated
2024-10-28,2024-10-25,113058.SH,6.961017625176964,116.927,0.40696545392953354,813.930907859067,rebalance,simulated
2024-10-28,2024-10-25,113066.SH,-891.2449415219636,136.4,60.78290501179792,121565.81002359584,rebalance,simulated
2024-10-28,2024-10-25,113619.SH,-848.9002284572132,150.65,63.94340970853958,127886.81941707917,rebalance,simulated
2024-10-28,2024-10-25,113631.SH,4.4952597589758625,128.0,0.2876966245744552,575.3932491489104,rebalance,simulated
2024-10-28,2024-10-25,113641.SH,1067.904269475214,114.0,60.8705433600872,121741.0867201744,rebalance,simulated
2024-10-28,2024-10-25,113651.SH,57.975122373382874,129.569,3.7558893153984223,7511.7786307968445,rebalance,simulated
2024-10-28,2024-10-25,113672.SH,31.855967595179095,132.099,2.1040707316777816,4208.141463355563,rebalance,simulated
2024-10-28,2024-10-25,118013.SH,33.10761643750482,119.076,1.9711612674561616,3942.322534912323,rebalance,simulated
2024-10-28,2024-10-25,118024.SH,15.808089793498084,110.36,0.8722903948052243,1744.5807896104486,rebalance,simulated
2024-10-28,2024-10-25,118025.SH,6.255788468779201,112.7,0.352513680215708,705.027360431416,rebalance,simulated
2024-10-28,2024-10-25,118030.SH,5.466032990458075,130.38,0.3563306906479619,712.6613812959238,rebalance,simulated
2024-10-28,2024-10-25,123101.SZ,5.87046304292403,116.9,0.3431285648589096,686.2571297178191,rebalance,simulated
2024-10-28,2024-10-25,123145.SZ,-14.68337132762565,124.753,0.9158973116176414,1831.7946232352829,rebalance,simulated
2024-10-28,2024-10-25,123149.SZ,-39.45603200895562,118.788,2.34345156513991,4686.903130279819,rebalance,simulated
2024-10-28,2024-10-25,123247.SZ,-29.795189182330205,103.21,1.5375807377541502,3075.1614755083,rebalance,simulated
2024-10-28,2024-10-25,127050.SZ,920.1339807129909,132.308,60.8705433600872,121741.0867201744,rebalance,simulated
2024-10-28,2024-10-25,127052.SZ,-16.11264627550804,121.3,0.9772319966095627,1954.4639932191253,rebalance,simulated
2024-10-28,2024-10-25,127082.SZ,9.641194264214505,119.164,0.5744416366504287,1148.8832733008574,rebalance,simulated
2024-10-29,2024-10-28,123101.SZ,-1041.4122046208245,120.53,62.76070651147399,125521.41302294798,risk_exit,simulated
2024-11-01,2024-10-31,123247.SZ,-1179.5473957966708,102.228,60.291385588751034,120582.77117750206,risk_exit,simulated
2024-11-04,2024-11-01,110086.SH,-1281.4986128293392,98.0,62.793432028637625,125586.86405727525,rebalance,simulated
2024-11-04,2024-11-01,110096.SH,-125.35149948022809,127.23,7.97423563943471,15948.47127886942,rebalance,simulated
2024-11-04,2024-11-01,111009.SH,-223.2425233446911,98.0,10.938883643889865,21877.76728777973,rebalance,simulated
2024-11-04,2024-11-01,113058.SH,-138.6085270273495,115.788,8.024602063721373,16049.204127442745,rebalance,simulated
2024-11-04,2024-11-01,113069.SH,819.3335005390611,127.55,52.25299399687862,104505.98799375724,rebalance,simulated
2024-11-04,2024-11-01,113631.SH,-117.6879252858057,125.395,7.3787386956068035,14757.477391213606,rebalance,simulated
2024-11-04,2024-11-01,113641.SH,-147.1466660059873,113.5,8.350573295839778,16701.146591679557,rebalance,simulated
2024-11-04,2024-11-01,113651.SH,-113.48987338245342,126.506,7.178574961060327,14357.149922120652,rebalance,simulated
2024-11-04,2024-11-01,113669.SH,844.9639636949672,123.681,52.25299399687862,104505.98799375724,rebalance,simulated
2024-11-04,2024-11-01,113672.SH,-131.05156686950954,132.196,8.662246466940841,17324.492933881684,rebalance,simulated
2024-11-04,2024-11-01,118013.SH,-117.55980990864214,115.499,6.789020242319129,13578.040484638257,rebalance,simulated
2024-11-04,2024-11-01,118024.SH,-144.64656852176506,109.033,7.885624652816805,15771.24930563361,rebalance,simulated
2024-11-04,2024-11-01,118025.SH,-1080.222597339613,109.9,59.35823172381174,118716.46344762348,rebalance,simulated
2024-11-04,2024-11-01,118030.SH,-108.59117095383249,126.651,6.876590196236919,13753.180392473838,rebalance,simulated
2024-11-04,2024-11-01,123035.SZ,849.600734872748,123.006,52.25299399687862,104505.98799375724,rebalance,simulated
2024-11-04,2024-11-01,123145.SZ,-117.84394945246254,121.8,7.176696521654969,14353.393043309938,rebalance,simulated
2024-11-04,2024-11-01,123149.SZ,-130.45402936864343,116.844,7.621385303774886,15242.770607549772,rebalance,simulated
2024-11-04,2024-11-01,127049.SZ,1016.6051031017543,102.799,52.25299399687862,104505.98799375724,rebalance,simulated
2024-11-04,2024-11-01,127050.SZ,-139.36455229493163,133.85,9.3269726623383,18653.9453246766,rebalance,simulated
2024-11-04,2024-11-01,127052.SZ,-146.36232070484698,121.905,8.921149352762185,17842.298705524372,rebalance,simulated
2024-11-04,2024-11-01,127082.SZ,-1021.6263864940283,117.149,59.841254775694466,119682.50955138892,rebalance,simulated
2024-11-04,2024-11-01,127086.SZ,894.1306296522694,116.88,52.25299399687862,104505.98799375724,rebalance,simulated
2024-11-04,2024-11-01,127091.SZ,897.2550547659736,116.473,52.25299399687862,104505.98799375724,rebalance,simulated
2024-11-04,2024-11-01,127103.SZ,1027.5908357301596,101.7,52.25299399687862,104505.98799375724,rebalance,simulated
2024-11-04,2024-11-01,128130.SZ,954.7239041288963,109.462,52.25299399687862,104505.98799375724,rebalance,simulated
2024-11-11,2024-11-08,110068.SH,916.5006051290045,122.2,55.998186973382175,111996.37394676435,rebalance,simulated
2024-11-11,2024-11-08,110096.SH,49.210812168784855,128.642,3.1652886495084105,6330.577299016821,rebalance,simulated
2024-11-11,2024-11-08,111009.SH,67.43137515289413,98.778,3.3303681874262883,6660.736374852577,rebalance,simulated
2024-11-11,2024-11-08,113058.SH,-902.563201659561,118.103,53.297710902799565,106595.42180559912,rebalance,simulated
2024-11-11,2024-11-08,113069.SH,65.06251597097037,126.636,4.119628386249901,8239.256772499803,rebalance,simulated
2024-11-11,2024-11-08,113631.SH,53.404704579433655,126.29,3.3722400706683384,6744.480141336677,rebalance,simulated
2024-11-11,2024-11-08,113641.SH,34.02819317838066,117.3,1.9957535299120257,3991.5070598240513,rebalance,simulated
2024-11-11,2024-11-08,113651.SH,27.340643549986567,131.23,1.7939563265323684,3587.912653064737,rebalance,simulated
2024-11-11,2024-11-08,113669.SH,36.716746921476215,127.026,2.3319907472237187,4663.981494447437,rebalance,simulated
2024-11-11,2024-11-08,113672.SH,18.099878231954676,138.5,1.2534165675628612,2506.8331351257225,rebalance,simulated
2024-11-11,2024-11-08,118013.SH,26.16957203834886,120.298,1.5740735885346457,3148.1471770692915,rebalance,simulated
2024-11-11,2024-11-08,118024.SH,43.27612544503461,111.8,2.4191354123774347,4838.270824754869,rebalance,simulated
2024-11-11,2024-11-08,118030.SH,-1.6465819700068778,136.0,0.11196757396046769,223.93514792093538,rebalance,simulated
2024-11-11,2024-11-08,123035.SZ,-849.600734872748,130.324,55.36168308577802,110723.36617155603,rebalance,simulated
2024-11-11,2024-11-08,123145.SZ,41.55623093313284,124.5,2.5868753755875193,5173.750751175038,rebalance,simulated
2024-11-11,2024-11-08,123149.SZ,40.61120055153913,119.78,2.4322048010316784,4864.409602063357,rebalance,simulated
2024-11-11,2024-11-08,127049.SZ,46.98819173931258,105.3,2.4739282950748076,4947.856590149615,rebalance,simulated
2024-11-11,2024-11-08,127050.SZ,-780.7694284180593,132.4,51.68693616127553,103373.87232255106,rebalance,simulated
2024-11-11,2024-11-08,127052.SZ,64.49167403327931,121.502,3.9179336891957517,7835.867378391503,rebalance,simulated
2024-11-11,2024-11-08,127082.SZ,935.3296638279969,119.74,55.998186973382175,111996.37394676435,rebalance,simulated
2024-11-11,2024-11-08,127086.SZ,57.25677549697889,117.719,3.370105177364429,6740.210354728858,rebalance,simulated
2024-11-11,2024-11-08,127091.SZ,48.02156531137575,118.48,2.8447975290458998,5689.5950580918,rebalance,simulated
2024-11-11,2024-11-08,127103.SZ,58.066143203189995,103.16,2.9950516664205398,5990.1033328410795,rebalance,simulated
2024-11-11,2024-11-08,128130.SZ,36.10509224175962,113.033,2.0405334456814077,4081.066891362815,rebalance,simulated
2024-11-12,2024-11-11,110068.SH,-916.5006051290045,120.0,54.990036307740276,109980.07261548055,risk_exit,simulated
2024-11-18,2024-11-15,110081.SH,965.577788417081,113.98,55.02827816188945,110056.5563237789,rebalance,simulated
2024-11-18,2024-11-15,110084.SH,905.8152783850115,121.5,55.02827816188945,110056.5563237789,rebalance,simulated
2024-11-18,2024-11-15,110096.SH,31.79374610207026,121.96,1.9387826373042443,3877.5652746084884,rebalance,simulated
2024-11-18,2024-11-15,111009.SH,-24.019916061682352,99.168,1.1910035180024579,2382.007036004916,rebalance,simulated
2024-11-18,2024-11-15,113061.SH,894.7687505998284,123.0,55.02827816188945,110056.5563237789,rebalance,simulated
2024-11-18,2024-11-15,113069.SH,-24.28350655521183,127.956,1.5536101823893425,3107.220364778685,rebalance,simulated
2024-11-18,2024-11-15,113631.SH,-11.095475839419237,125.675,0.6972119630595063,1394.4239261190125,rebalance,simulated
2024-11-18,2024-11-15,113641.SH,13.45938065940527,113.666,0.7649369810159796,1529.8739620319593,rebalance,simulated
2024-11-18,2024-11-15,113651.SH,-13.309369463009375,131.0,0.8717636998271141,1743.5273996542282,rebalance,simulated
2024-11-18,2024-11-15,113669.SH,-7.68186748390292,125.923,0.4836618995877537,967.3237991755074,rebalance,simulated
2024-11-18,2024-11-15,113672.SH,-10.54847552982335,137.9,0.72731738778132,1454.63477556264,rebalance,simulated
2024-11-18,2024-11-15,118013.SH,-11.677476451432995,119.716,0.6989903854298761,1397.9807708597523,rebalance,simulated
2024-11-18,2024-11-15,118024.SH,-1001.756475373563,108.984,54.5877138560562,109175.42771211239,rebalance,simulated
2024-11-18,2024-11-15,118025.SH,977.7416563651934,112.562,55.02827816188945,110056.5563237789,rebalance,simulated
2024-11-18,2024-11-15,118030.SH,59.06787046985812,124.7,3.682881723795654,7365.763447591308,rebalance,simulated
2024-11-18,2024-11-15,123145.SZ,9.989048076735912,121.0,0.6043374086425226,1208.6748172850453,rebalance,simulated
2024-11-18,2024-11-15,123149.SZ,16.444644922602492,115.671,0.9510842614211765,1902.168522842353,rebalance,simulated
2024-11-18,2024-11-15,127049.SZ,-0.5838551090114379,103.533,0.0302241355006406,60.4482710012812,rebalance,simulated
2024-11-18,2024-11-15,127052.SZ,2.636547792729516,119.057,0.15694973527949901,313.899470558998,rebalance,simulated
2024-11-18,2024-11-15,127082.SZ,-935.3296638279969,117.41,54.90852791502255,109817.05583004511,rebalance,simulated
2024-11-18,2024-11-15,127086.SZ,-951.3874051492483,115.274,54.835115870587224,109670.23174117444,rebalance,simulated
2024-11-18,2024-11-15,127091.SZ,1.047564341939733,116.299,0.060915342701624506,121.830685403249,rebalance,simulated
2024-11-18,2024-11-15,127103.SZ,-13.816734252994138,102.68,0.7093511365487191,1418.7022730974381,rebalance,simulated
2024-11-18,2024-11-15,128130.SZ,-36.892943777032656,115.371,2.1281879082500175,4256.3758165000345,rebalance,simulated
2024-11-25,2024-11-22,110081.SH,8.473903224817604,112.568,0.47694516910563406,953.890338211268,rebalance,simulated
2024-11-25,2024-11-22,110084.SH,-4.853480318082688,121.7,0.29533427735533163,590.6685547106632,rebalance,simulated
2024-11-25,2024-11-22,110096.SH,-2.1840879102803683,121.801,0.1330120457800296,266.02409156005916,rebalance,simulated
2024-11-25,2024-11-22,111009.SH,6.440011076712608,98.229,0.31629792402720136,632.5958480544027,rebalance,simulated
2024-11-25,2024-11-22,113058.SH,940.6273662132425,116.568,54.82352541237262,109647.05082474524,rebalance,simulated
2024-11-25,2024-11-22,113061.SH,-26.710428615984824,126.313,1.6869371848854455,3373.874369770891,rebalance,simulated
2024-11-25,2024-11-22,113069.SH,7.6916121246836155,126.35,0.48591759597688744,971.8351919537748,rebalance,simulated
2024-11-25,2024-11-22,113631.SH,-12.354140352040872,126.999,0.7844817352844193,1568.9634705688386,rebalance,simulated
2024-11-25,2024-11-22,113641.SH,-10.62901289875731,114.5,0.6085109884538561,1217.021976907712,rebalance,simulated
2024-11-25,2024-11-22,113651.SH,7.223313103615965,129.4,0.46734835780395295,934.6967156079058,rebalance,simulated
2024-11-25,2024-11-22,113669.SH,-873.9988431325405,124.071,54.21895523314871,108437.91046629743,rebalance,simulated
2024-11-25,2024-11-22,113672.SH,-798.0896035081863,134.958,53.85428835512891,107708.57671025781,rebalance,simulated
2024-11-25,2024-11-22,113687.SH,843.4388524980403,130.0,54.82352541237262,109647.05082474524,rebalance,simulated
2024-11-25,2024-11-22,118013.SH,-26.42238504259535,122.8,1.6223344416153547,3244.668883230709,rebalance,simulated
2024-11-25,2024-11-22,118024.SH,1006.1300876751047,108.979,54.82352541237262,109647.05082474524,rebalance,simulated
2024-11-25,2024-11-22,118025.SH,-977.7416563651934,111.9,54.70464567363258,109409.29134726516,rebalance,simulated
2024-11-25,2024-11-22,118030.SH,-13.507784116993435,126.167,0.8521182993443553,1704.2365986887107,rebalance,simulated
2024-11-25,2024-11-22,123145.SZ,-4.5212490357231445,121.152,0.2738791815879652,547.7583631759304,rebalance,simulated
2024-11-25,2024-11-22,123149.SZ,-1.314205441889385,115.4,0.07582965399701752,151.65930799403503,rebalance,simulated
2024-11-25,2024-11-22,127049.SZ,6.7283218533771105,102.499,0.3448231308246502,689.6462616493004,rebalance,simulated
2024-11-25,2024-11-22,127052.SZ,8.764159773830784,117.5,0.5148943867125586,1029.7887734251171,rebalance,simulated
2024-11-25,2024-11-22,127091.SZ,18.19948574912428,113.68,1.0344587699802241,2068.9175399604483,rebalance,simulated
2024-11-25,2024-11-22,127103.SZ,24.64122838182766,99.999,1.2320490984771921,2464.098196954384,rebalance,simulated
2024-11-25,2024-11-22,128130.SZ,-7.887296556132014,115.9,0.45706883542785026,914.1376708557005,rebalance,simulated
2024-12-02,2024-11-29,110081.SH,0.8205488057188859,114.052,0.04679261619492519,93.58523238985038,rebalance,simulated
2024-12-02,2024-11-29,110084.SH,-900.9617980669288,122.901,55.36455297211181,110729.10594422361,rebalance,simulated
2024-12-02,2024-11-29,110096.SH,-10.725671091634922,125.0,0.6703544432271826,1340.7088864543653,rebalance,simulated
2024-12-02,2024-11-29,111009.SH,-9.413869891506465,100.455,0.47283514997564097,945.6702999512819,rebalance,simulated
2024-12-02,2024-11-29,113058.SH,-940.6273662132425,118.416,55.69266509875366,111385.33019750731,rebalance,simulated
2024-12-02,2024-11-29,113061.SH,11.307449396281982,126.439,0.7148512971082487,1429.7025942164973,rebalance,simulated
2024-12-02,2024-11-29,113066.SH,818.8094025151461,135.79,55.59306438376584,111186.12876753169,rebalance,simulated
2024-12-02,2024-11-29,113069.SH,14.61146471698953,126.002,0.9205368886350574,1841.0737772701148,rebalance,simulated
2024-12-02,2024-11-29,113631.SH,9.013934551974103,127.451,0.5744174862918257,1148.8349725836513,rebalance,simulated
2024-12-02,2024-11-29,113641.SH,15.992668932652577,114.2,0.9131813960544622,1826.3627921089244,rebalance,simulated
2024-12-02,2024-11-29,113651.SH,-6.940560689734639,132.3,0.45911808962594636,918.2361792518927,rebalance,simulated
2024-12-02,2024-11-29,113672.SH,821.8962800675021,135.28,55.59306438376584,111186.12876753169,rebalance,simulated
2024-12-02,2024-11-29,113687.SH,9.909181697944746,130.294,0.6455534600760064,1291.106920152013,rebalance,simulated
2024-12-02,2024-11-29,118013.SH,-9.199282810078898,125.82,0.5787268815820635,1157.453763164127,rebalance,simulated
2024-12-02,2024-11-29,118024.SH,-1006.1300876751047,110.61,55.644024498871666,111288.04899774333,rebalance,simulated
2024-12-02,2024-11-29,118030.SH,-9.646502173093836,129.374,0.6240032860709209,1248.0065721418418,rebalance,simulated
2024-12-02,2024-11-29,123145.SZ,1.4947608266386396,122.65,0.09166620769361458,183.33241538722916,rebalance,simulated
2024-12-02,2024-11-29,123149.SZ,-18.003817431049015,119.28,1.0737476715877634,2147.4953431755266,rebalance,simulated
2024-12-02,2024-11-29,127049.SZ,11.83936650339706,102.8,0.6085434382746088,1217.0868765492175,rebalance,simulated
2024-12-02,2024-11-29,127052.SZ,-14.379069790817084,121.014,0.8700343758329694,1740.0687516659386,rebalance,simulated
2024-12-02,2024-11-29,127072.SZ,858.9781270668394,129.44,55.59306438376584,111186.12876753169,rebalance,simulated
2024-12-02,2024-11-29,127091.SZ,-3.62860602125636,115.711,0.2099348156627973,419.86963132559464,rebalance,simulated
2024-12-02,2024-11-29,127103.SZ,-11.018641451634721,102.432,0.5643307405869239,1128.6614811738477,rebalance,simulated
2024-12-02,2024-11-29,128130.SZ,12.832600082450199,115.954,0.7439956549802151,1487.9913099604303,rebalance,simulated
2024-12-09,2024-12-06,110081.SH,49.542200710198586,110.088,2.727000895892171,5454.001791784342,rebalance,simulated
2024-12-09,2024-12-06,110096.SH,5.556501591346887,126.0,0.3500596002548539,700.1192005097078,rebalance,simulated
2024-12-09,2024-12-06,111009.SH,-1106.8252328657775,103.448,57.24942834474947,114498.85668949893,rebalance,simulated
2024-12-09,2024-12-06,113058.SH,942.4681346998299,119.66,56.38786849909082,112775.73699818164,rebalance,simulated
2024-12-09,2024-12-06,113061.SH,-1.391952787819946,128.45,0.08939816779773603,178.79633559547204,rebalance,simulated
2024-12-09,2024-12-06,113066.SH,-818.8094025151461,140.0,57.31665817606023,114633.31635212046,rebalance,simulated
2024-12-09,2024-12-06,113069.SH,1.6978125840371376,127.558,0.10828478879730462,216.56957759460923,rebalance,simulated
2024-12-09,2024-12-06,113631.SH,0.49388369265079746,129.2,0.03190488654524151,63.80977309048303,rebalance,simulated
2024-12-09,2024-12-06,113641.SH,8.955068818772475,114.777,0.5139179669061242,1027.8359338122484,rebalance,simulated
2024-12-09,2024-12-06,113651.SH,16.542839470131753,131.601,1.0885271085544044,2177.0542171088086,rebalance,simulated
2024-12-09,2024-12-06,113672.SH,6.119410080674584,136.2,0.41673182649393914,833.4636529878783,rebalance,simulated
2024-12-09,2024-12-06,113687.SH,16.6203146544658,129.632,1.0772623146438556,2154.524629287711,rebalance,simulated
2024-12-09,2024-12-06,118013.SH,7.611461365926175,126.529,0.4815352975846365,963.0705951692729,rebalance,simulated
2024-12-09,2024-12-06,118024.SH,1023.9028989421174,110.143,56.38786849909082,112775.73699818164,rebalance,simulated
2024-12-09,2024-12-06,118030.SH,-1.9365816732041594,131.52,0.12734961082990554,254.69922165981106,rebalance,simulated
2024-12-09,2024-12-06,123145.SZ,-35.07106815640702,129.41,2.2692734650603166,4538.546930120633,rebalance,simulated
2024-12-09,2024-12-06,123149.SZ,-20.544924475624725,123.712,1.270826848364243,2541.653696728486,rebalance,simulated
2024-12-09,2024-12-06,127049.SZ,3.9740135077131526,103.888,0.20642615764465203,412.85231528930404,rebalance,simulated
2024-12-09,2024-12-06,127052.SZ,13.520945046958673,120.964,0.8177737983301545,1635.547596660309,rebalance,simulated
2024-12-09,2024-12-06,127072.SZ,-858.9781270668394,132.746,57.01295522780734,114025.91045561468,rebalance,simulated
2024-12-09,2024-12-06,127082.SZ,905.9747509494026,124.48,56.38786849909082,112775.73699818164,rebalance,simulated
2024-12-09,2024-12-06,127091.SZ,17.50893531652798,115.265,1.0090837146297988,2018.1674292595978,rebalance,simulated
2024-12-09,2024-12-06,127103.SZ,-16.70110873164731,105.52,0.8811504966817121,1762.3009933634241,rebalance,simulated
2024-12-09,2024-12-06,128130.SZ,-32.2722836006194,121.708,1.9638975462320933,3927.7950924641864,rebalance,simulated
2024-12-16,2024-12-13,110081.SH,-1024.414441157816,112.51,57.62843438733295,115256.8687746659,rebalance,simulated
2024-12-16,2024-12-13,110084.SH,931.2622224793124,122.73,57.146906282443005,114293.81256488602,rebalance,simulated
2024-12-16,2024-12-13,110096.SH,-6.857497935995525,128.682,0.441218274699888,882.436549399776,rebalance,simulated
2024-12-16,2024-12-13,113058.SH,-942.4681346998299,123.24,58.074886460203516,116149.77292040703,rebalance,simulated
2024-12-16,2024-12-13,113061.SH,19.151868730190472,127.4,1.219974038113133,2439.948076226266,rebalance,simulated
2024-12-16,2024-12-13,113069.SH,10.099428260091372,127.815,0.6454292115317893,1290.8584230635786,rebalance,simulated
2024-12-16,2024-12-13,113631.SH,11.893620389944772,129.179,0.7682029941763379,1536.4059883526756,rebalance,simulated
2024-12-16,2024-12-13,113641.SH,-0.6920372333374871,116.404,0.040277951054708425,80.55590210941685,rebalance,simulated
2024-12-16,2024-12-13,113651.SH,5.460590101110142,132.528,0.36184054245996244,723.6810849199248,rebalance,simulated
2024-12-16,2024-12-13,113672.SH,-4.573236510669403,138.8,0.31738261384045663,634.7652276809132,rebalance,simulated
2024-12-16,2024-12-13,113687.SH,-869.9683488504509,135.3,58.853358799733,117706.717599466,rebalance,simulated
2024-12-16,2024-12-13,118013.SH,15.79027859800351,126.0,0.9947875516742212,1989.5751033484423,rebalance,simulated
2024-12-16,2024-12-13,118024.SH,-20.181000594124043,113.87,1.1490052688264525,2298.010537652905,rebalance,simulated
2024-12-16,2024-12-13,118030.SH,-10.858918301157473,135.0,0.7329769853281295,1465.953970656259,rebalance,simulated
2024-12-16,2024-12-13,123145.SZ,32.56933261770121,126.427,2.0588215074290552,4117.64301485811,rebalance,simulated
2024-12-16,2024-12-13,123149.SZ,20.270637730684484,122.65,1.2430968588342262,2486.1937176684523,rebalance,simulated
2024-12-16,2024-12-13,127035.SZ,882.577703203753,129.5,57.146906282443005,114293.81256488602,rebalance,simulated
2024-12-16,2024-12-13,127049.SZ,-29.34838621926474,108.212,1.587923784779538,3175.847569559076,rebalance,simulated
2024-12-16,2024-12-13,127052.SZ,6.681322035592871,121.72,0.40662525908618213,813.2505181723642,rebalance,simulated
2024-12-16,2024-12-13,127072.SZ,840.3277129414976,136.011,57.146906282443005,114293.81256488602,rebalance,simulated
2024-12-16,2024-12-13,127082.SZ,-0.5050967982291468,126.226,0.03187817422663614,63.75634845327228,rebalance,simulated
2024-12-16,2024-12-13,127091.SZ,-13.907391292563943,118.501,0.82401988778006,1648.03977556012,rebalance,simulated
2024-12-16,2024-12-13,127103.SZ,-6.857507876847649,107.631,0.36904021514649465,738.0804302929893,rebalance,simulated
2024-12-16,2024-12-13,128130.SZ,11.77147711479654,121.799,0.7168770705525519,1433.7541411051038,rebalance,simulated
2024-12-23,2024-12-20,110084.SH,-931.2622224793124,119.876,55.81799509096503,111635.99018193006,rebalance,simulated
2024-12-23,2024-12-20,110096.SH,4.6049135696596295,126.8,0.2919515203164205,583.903040632841,rebalance,simulated
2024-12-23,2024-12-20,113061.SH,-3.091809653843029,126.624,0.19574865280410983,391.4973056082197,rebalance,simulated
2024-12-23,2024-12-20,113069.SH,-17.325564078146158,129.1,1.1183651612443346,2236.730322488669,rebalance,simulated
2024-12-23,2024-12-20,113631.SH,-1.4244067220607803,128.156,0.09127313393621068,182.54626787242137,rebalance,simulated
2024-12-23,2024-12-20,113641.SH,6.3965394902046455,114.55,0.3663617993014711,732.7235986029422,rebalance,simulated
2024-12-23,2024-12-20,113651.SH,9.121278843341429,129.893,0.5923951363990742,1184.7902727981482,rebalance,simulated
2024-12-23,2024-12-20,113672.SH,-8.423405934731704,138.9,0.585005542167117,1170.0110843342338,rebalance,simulated
2024-12-23,2024-12-20,113687.SH,854.5149888731547,132.48,56.60307286295777,113206.14572591553,rebalance,simulated
2024-12-23,2024-12-20,118013.SH,-12.254245923113785,126.51,0.7751423258665625,1550.284651733125,rebalance,simulated
2024-12-23,2024-12-20,118024.SH,-8.940301459456236,113.8,0.5087031530430599,1017.4063060861197,rebalance,simulated
2024-12-23,2024-12-20,118030.SH,-1.597054061227027,133.968,0.10697706923723116,213.95413847446233,rebalance,simulated
2024-12-23,2024-12-20,123145.SZ,4.599377492812209,124.59,0.28651822091473655,573.0364418294731,rebalance,simulated
2024-12-23,2024-12-20,123149.SZ,12.301707242358702,119.9,0.7374873491794042,1474.9746983588084,rebalance,simulated
2024-12-23,2024-12-20,127035.SZ,-7.256660871168151,129.331,0.46925560356452406,938.5112071290481,rebalance,simulated
2024-12-23,2024-12-20,127049.SZ,14.841320858712834,105.697,0.7843415454016853,1568.6830908033705,rebalance,simulated
2024-12-23,2024-12-20,127052.SZ,10.097391356427806,119.279,0.6022033718016762,1204.4067436033522,rebalance,simulated
2024-12-23,2024-12-20,127072.SZ,20.555524517936078,131.5,1.3515257370542972,2703.0514741085944,rebalance,simulated
2024-12-23,2024-12-20,127082.SZ,-10.799875863001716,126.534,0.6832757462245296,1366.5514924490592,rebalance,simulated
2024-12-23,2024-12-20,127091.SZ,-47.10482757212969,123.4,2.9063678612004025,5812.735722400805,rebalance,simulated
2024-12-23,2024-12-20,127103.SZ,14.291901832233862,105.191,0.7516897228172561,1503.3794456345122,rebalance,simulated
2024-12-23,2024-12-20,128130.SZ,12.124867834379074,119.101,0.7220419419711911,1444.083883942382,rebalance,simulated
2024-12-30,2024-12-27,110096.SH,-892.7929473652645,127.29,56.821807135062265,113643.61427012453,rebalance,simulated
2024-12-30,2024-12-27,113058.SH,939.3438271479869,121.595,57.109756331029736,114219.51266205947,rebalance,simulated
2024-12-30,2024-12-27,113061.SH,5.049187996172691,127.04,0.32072442151688935,641.4488430337786,rebalance,simulated
2024-12-30,2024-12-27,113069.SH,-54.57255757212624,138.9,3.790064123384168,7580.128246768336,rebalance,simulated
2024-12-30,2024-12-27,113631.SH,-883.3464350160392,128.849,56.909152402690815,113818.30480538163,rebalance,simulated
2024-12-30,2024-12-27,113632.SH,930.5051948029285,122.75,57.109756331029736,114219.51266205947,rebalance,simulated
2024-12-30,2024-12-27,113641.SH,13.630779482643334,114.003,0.7769748766798941,1553.949753359788,rebalance,simulated
2024-12-30,2024-12-27,113651.SH,4.974171642654142,130.312,0.3240971275487733,648.1942550975466,rebalance,simulated
2024-12-30,2024-12-27,113669.SH,853.2121659973068,133.87,57.109756331029736,114219.51266205947,rebalance,simulated
2024-12-30,2024-12-27,113672.SH,18.408019179334815,137.048,1.261391106244739,2522.782212489478,rebalance,simulated
2024-12-30,2024-12-27,113687.SH,9.985341594590636,132.122,0.6596416510802522,1319.2833021605043,rebalance,simulated
2024-12-30,2024-12-27,118013.SH,-28.312586442207134,131.813,1.8659834783533242,3731.9669567066485,rebalance,simulated
2024-12-30,2024-12-27,118024.SH,22.320181952409484,112.299,1.2532670565368165,2506.534113073633,rebalance,simulated
2024-12-30,2024-12-27,118030.SH,-19.135576207819327,138.299,1.3232155269826027,2646.431053965205,rebalance,simulated
2024-12-30,2024-12-27,123145.SZ,19.984453611316894,123.0,1.229043897095989,2458.087794191978,rebalance,simulated
2024-12-30,2024-12-27,123149.SZ,18.074223413476716,118.701,1.0727141967015499,2145.4283934030996,rebalance,simulated
2024-12-30,2024-12-27,127035.SZ,-875.3210423325849,127.972,56.00829221469277,112016.58442938555,rebalance,simulated
2024-12-30,2024-12-27,127049.SZ,16.760806259813535,105.0,0.8799423286402106,1759.8846572804212,rebalance,simulated
2024-12-30,2024-12-27,127052.SZ,6.644865233676683,119.51,0.3970639220383502,794.1278440767004,rebalance,simulated
2024-12-30,2024-12-27,127072.SZ,4.783353382586256,131.944,0.31556738935598044,631.1347787119608,rebalance,simulated
2024-12-30,2024-12-27,127082.SZ,9.323198855156079,126.35,0.5889930876744853,1177.9861753489706,rebalance,simulated
2024-12-30,2024-12-27,127091.SZ,-20.35641845291832,127.33,1.295991380805045,2591.9827616100897,rebalance,simulated
2024-12-30,2024-12-27,127103.SZ,24.173943782271863,103.801,1.2546397692718008,2509.2795385436016,rebalance,simulated
2024-12-30,2024-12-27,128130.SZ,-58.16547479615804,128.0,3.7225903869541144,7445.180773908229,rebalance,simulated
2025-01-06,2025-01-03,110096.SH,901.9755736566847,123.059,55.49810605930898,110996.21211861796,rebalance,simulated
2025-01-06,2025-01-03,111009.SH,1084.0426611578944,102.391,55.49810605930899,110996.21211861797,rebalance,simulated
2025-01-06,2025-01-03,113058.SH,-939.3438271479869,117.621,55.24328014648668,110486.56029297336,rebalance,simulated
2025-01-06,2025-01-03,113061.SH,-0.03712269853735961,123.46,0.0022915841807112087,4.583168361422417,rebalance,simulated
2025-01-06,2025-01-03,113069.SH,9.51637496694866,133.436,0.6349135050448809,1269.8270100897616,rebalance,simulated
2025-01-06,2025-01-03,113632.SH,-25.521810223899138,122.65,1.5651250119806148,3130.2500239612295,rebalance,simulated
2025-01-06,2025-01-03,113641.SH,-1001.8991838991909,111.995,56.10384955039495,112207.69910078989,rebalance,simulated
2025-01-06,2025-01-03,113651.SH,-9.4178508645997,128.01,0.6027895445887037,1205.5790891774075,rebalance,simulated
2025-01-06,2025-01-03,113666.SH,887.9696969489437,125.0,55.49810605930898,110996.21211861796,rebalance,simulated
2025-01-06,2025-01-03,113669.SH,13.126780144371423,128.121,0.8409080994385056,1681.8161988770112,rebalance,simulated
2025-01-06,2025-01-03,113672.SH,20.692176224049945,129.954,1.3445155345100934,2689.031069020187,rebalance,simulated
2025-01-06,2025-01-03,113687.SH,2.989662721975378,127.951,0.1912651674697358,382.5303349394716,rebalance,simulated
2025-01-06,2025-01-03,118013.SH,-12.696766004091614,129.998,0.8252770934999508,1650.5541869999015,rebalance,simulated
2025-01-06,2025-01-03,118024.SH,-27.05421819964181,112.112,1.5165512553991212,3033.1025107982423,rebalance,simulated
2025-01-06,2025-01-03,118030.SH,20.05503339294603,131.21,1.3157104657442245,2631.420931488449,rebalance,simulated
2025-01-06,2025-01-03,123145.SZ,-3.6454897599679725,120.0,0.21872938559807836,437.4587711961567,rebalance,simulated
2025-01-06,2025-01-03,123149.SZ,-4.556088629839564,115.9,0.26402533609920276,528.0506721984056,rebalance,simulated
2025-01-06,2025-01-03,127035.SZ,885.6245631058393,125.331,55.49810605930898,110996.21211861796,rebalance,simulated
2025-01-06,2025-01-03,127049.SZ,-15.377712267611514,103.5,0.7957966098488959,1591.5932196977917,rebalance,simulated
2025-01-06,2025-01-03,127052.SZ,-17.733042880642984,118.333,1.0492020815975631,2098.4041631951263,rebalance,simulated
2025-01-06,2025-01-03,127072.SZ,-865.6665908420199,126.249,54.64477071360708,109289.54142721416,rebalance,simulated
2025-01-06,2025-01-03,127082.SZ,-0.7696445536089414,122.889,0.0472904247742246,94.5808495484492,rebalance,simulated
2025-01-06,2025-01-03,127091.SZ,5.372866460577029,123.0,0.3304312873254873,660.8625746509746,rebalance,simulated
2025-01-06,2025-01-03,127103.SZ,-7.457377290269733,101.56,0.37868561879989704,757.3712375997941,rebalance,simulated
2025-01-06,2025-01-03,128130.SZ,-892.3399426723396,120.0,53.540396560340376,107080.79312068076,rebalance,simulated
2025-01-13,2025-01-10,110096.SH,-1.3445143937577768,124.7,0.08383047245079739,167.66094490159477,rebalance,simulated
2025-01-13,2025-01-10,111009.SH,6.089572324793835,103.023,0.3136830048086176,627.3660096172352,rebalance,simulated
2025-01-13,2025-01-10,113061.SH,-11.230187313426768,126.5,0.710309347574243,1420.618695148486,rebalance,simulated
2025-01-13,2025-01-10,113066.SH,862.2151232195599,130.256,56.154346545043495,112308.69309008699,rebalance,simulated
2025-01-13,2025-01-10,113069.SH,-0.1612565342599055,135.04,0.01088804119322882,21.776082386457638,rebalance,simulated
2025-01-13,2025-01-10,113632.SH,-904.9833845790293,122.249,55.31665689070088,110633.31378140175,rebalance,simulated
2025-01-13,2025-01-10,113641.SH,998.2018921713166,112.511,56.154346545043495,112308.69309008699,rebalance,simulated
2025-01-13,2025-01-10,113651.SH,-3.243591724067187,130.01,0.21084968002298748,421.69936004597497,rebalance,simulated
2025-01-13,2025-01-10,113666.SH,9.078922758136287,125.198,0.5683314857365734,1136.6629714731469,rebalance,simulated
2025-01-13,2025-01-10,113669.SH,-31.267988523364693,134.49,2.1026158882536587,4205.231776507318,rebalance,simulated
2025-01-13,2025-01-10,113672.SH,3.9260707864279993,130.889,0.25693973958238725,513.8794791647745,rebalance,simulated
2025-01-13,2025-01-10,113687.SH,-867.4899931897207,128.122,55.57227645372671,111144.55290745341,rebalance,simulated
2025-01-13,2025-01-10,118013.SH,10.881066595489642,129.88,0.7066164647110974,1413.2329294221947,rebalance,simulated
2025-01-13,2025-01-10,118024.SH,-990.0475606413048,113.39,56.13074645055878,112261.49290111756,rebalance,simulated
2025-01-13,2025-01-10,118030.SH,5.932132572108003,131.837,0.39103728095450135,782.0745619090027,rebalance,simulated
2025-01-13,2025-01-10,123145.SZ,14.059609675198772,119.601,0.8407716883817242,1681.5433767634484,rebalance,simulated
2025-01-13,2025-01-10,123149.SZ,8.988878582536813,116.18,0.5221639568595635,1044.327913719127,rebalance,simulated
2025-01-13,2025-01-10,127035.SZ,-43.30094169397273,133.332,2.8867005789703857,5773.401157940772,rebalance,simulated
2025-01-13,2025-01-10,127049.SZ,22.199468076748644,102.6,1.1388327123372053,2277.6654246744106,rebalance,simulated
2025-01-13,2025-01-10,127052.SZ,-35.91369919028239,124.499,2.2356098177454835,4471.2196354909665,rebalance,simulated
2025-01-13,2025-01-10,127072.SZ,842.5258296330607,133.3,56.154346545043495,112308.69309008699,rebalance,simulated
2025-01-13,2025-01-10,127082.SZ,-903.2233325897189,122.889,55.49810605930898,110996.21211861796,rebalance,simulated
2025-01-13,2025-01-10,127091.SZ,-11.564307847651094,126.07,0.7289561451766866,1457.9122903533732,rebalance,simulated
2025-01-13,2025-01-10,127103.SZ,38.09127528485851,99.3,1.891231817893225,3782.46363578645,rebalance,simulated
2025-01-13,2025-01-10,127107.SZ,894.5620974789081,125.546,56.154346545043495,112308.69309008699,rebalance,simulated
2025-01-20,2025-01-17,110081.SH,1051.4802281141413,109.597,57.61953928031277,115239.07856062554,rebalance,simulated
2025-01-20,2025-01-17,110096.SH,-900.6310592629269,129.45,58.29334531079294,116586.69062158588,rebalance,simulated
2025-01-20,2025-01-17,111009.SH,-1090.1322334826882,104.082,56.73157156267257,113463.14312534514,rebalance,simulated
2025-01-20,2025-01-17,113061.SH,-13.984801584514116,131.878,0.9221438316812762,1844.2876633625524,rebalance,simulated
2025-01-20,2025-01-17,113066.SH,-862.2151232195599,134.4,57.940856280354424,115881.71256070885,rebalance,simulated
2025-01-20,2025-01-17,113069.SH,-8.092346769826918,139.925,0.5661608108840157,1132.3216217680315,rebalance,simulated
2025-01-20,2025-01-17,113631.SH,896.1187464861468,128.598,57.619539280312765,115239.07856062552,rebalance,simulated
2025-01-20,2025-01-17,113641.SH,-998.2018921713166,116.396,58.09335372058628,116186.70744117256,rebalance,simulated
2025-01-20,2025-01-17,113651.SH,1.8771235815643195,133.113,0.12493477565638562,249.86955131277125,rebalance,simulated
2025-01-20,2025-01-17,113666.SH,6.787290572335905,127.5,0.43268977398641395,865.3795479728279,rebalance,simulated
2025-01-20,2025-01-17,113669.SH,-14.279799779100472,140.4,1.0024419444928532,2004.8838889857063,rebalance,simulated
2025-01-20,2025-01-17,113672.SH,5.168757722584132,133.5,0.34501457798249086,690.0291559649817,rebalance,simulated
2025-01-20,2025-01-17,118013.SH,10.94570823345748,131.603,0.7202440203238525,1440.488040647705,rebalance,simulated
2025-01-20,2025-01-17,118024.SH,1015.3222780671853,113.5,57.619539280312765,115239.07856062552,rebalance,simulated
2025-01-20,2025-01-17,118030.SH,-16.809582838778738,138.0,1.1598612158757329,2319.7224317514656,rebalance,simulated
2025-01-20,2025-01-17,123145.SZ,3.6229053741548114,122.25,0.22145009099521287,442.9001819904257,rebalance,simulated
2025-01-20,2025-01-17,123149.SZ,2.5317098625079097,118.9,0.15051015132609524,301.0203026521905,rebalance,simulated
2025-01-20,2025-01-17,127035.SZ,10.806263251998075,135.078,0.729844213776698,1459.688427553396,rebalance,simulated
2025-01-20,2025-01-17,127049.SZ,13.867768780721462,103.96,0.7208466212219017,1441.6932424438032,rebalance,simulated
2025-01-20,2025-01-17,127052.SZ,9.212729536746451,126.456,0.5825024631494047,1165.0049262988093,rebalance,simulated
2025-01-20,2025-01-17,127072.SZ,11.653773075560707,134.912,0.7861169165850231,1572.2338331700462,rebalance,simulated
2025-01-20,2025-01-17,127091.SZ,-16.827397735673003,131.85,1.1093461957242428,2218.6923914484855,rebalance,simulated
2025-01-20,2025-01-17,127103.SZ,-2.9785224264815042,102.16,0.15214292554467523,304.28585108935044,rebalance,simulated
2025-01-20,2025-01-17,127107.SZ,6.517569114457501,127.89,0.41676595702398495,833.5319140479698,rebalance,simulated
2025-01-20,2025-01-17,128130.SZ,926.4559685547969,124.387,57.619539280312765,115239.07856062552,rebalance,simulated
2025-01-27,2025-01-24,110081.SH,-1051.4802281141413,116.49,61.24346588650816,122486.93177301632,rebalance,simulated
2025-01-27,2025-01-24,110096.SH,910.2790648444862,130.391,59.3460987720687,118692.1975441374,rebalance,simulated
2025-01-27,2025-01-24,111009.SH,1121.7695972340218,105.808,59.3460987720687,118692.1975441374,rebalance,simulated
2025-01-27,2025-01-24,113061.SH,-37.97040798287287,142.0,2.695898966783974,5391.797933567947,rebalance,simulated
2025-01-27,2025-01-24,113069.SH,8.637731389835835,142.622,0.6159652631405833,1231.9305262811665,rebalance,simulated
2025-01-27,2025-01-24,113631.SH,23.263109006784248,129.1,1.5016336863879232,3003.267372775846,rebalance,simulated
2025-01-27,2025-01-24,113641.SH,1012.7320609568037,117.2,59.3460987720687,118692.1975441374,rebalance,simulated
2025-01-27,2025-01-24,113651.SH,15.435898109850541,134.7,1.0396077376984338,2079.2154753968675,rebalance,simulated
2025-01-27,2025-01-24,113666.SH,13.72645670887539,129.356,0.8877997670166424,1775.5995340332847,rebalance,simulated
2025-01-27,2025-01-24,113669.SH,-820.791157839213,151.405,62.13594262632303,124271.88525264605,rebalance,simulated
2025-01-27,2025-01-24,113672.SH,3.152333816487385,137.0,0.21593486642938586,431.8697328587717,rebalance,simulated
2025-01-27,2025-01-24,118013.SH,-42.436866994598404,142.45,3.022565851690271,6045.131703380542,rebalance,simulated
2025-01-27,2025-01-24,118024.SH,-1015.3222780671853,114.001,57.8738775109686,115747.75502193719,rebalance,simulated
2025-01-27,2025-01-24,118030.SH,3.9202779225150834,141.471,0.2773028189880657,554.6056379761313,rebalance,simulated
2025-01-27,2025-01-24,123145.SZ,16.07506106595872,123.802,0.9950623550439109,1990.1247100878218,rebalance,simulated
2025-01-27,2025-01-24,123149.SZ,14.155267926890929,120.7,0.8542704193878676,1708.5408387757352,rebalance,simulated
2025-01-27,2025-01-24,127035.SZ,-853.1298846638647,138.199,58.95084846533072,117901.69693066145,rebalance,simulated
2025-01-27,2025-01-24,127049.SZ,16.56078342929368,105.499,0.8735730455035269,1747.1460910070537,rebalance,simulated
2025-01-27,2025-01-24,127052.SZ,6.84655611167193,129.274,0.44254084739013855,885.0816947802771,rebalance,simulated
2025-01-27,2025-01-24,127072.SZ,-13.261705324796026,141.146,0.9359183298868299,1871.8366597736597,rebalance,simulated
2025-01-27,2025-01-24,127082.SZ,932.3085189233948,127.31,59.3460987720687,118692.1975441374,rebalance,simulated
2025-01-27,2025-01-24,127091.SZ,2.4969655682333496,135.414,0.16906204772837538,338.12409545675075,rebalance,simulated
2025-01-27,2025-01-24,127103.SZ,11.055154450049486,104.2,0.5759735468475782,1151.9470936951564,rebalance,simulated
2025-01-27,2025-01-24,127107.SZ,-1.9304105489929952,132.005,0.12741192225991016,254.82384451982034,rebalance,simulated
2025-01-27,2025-01-24,128130.SZ,-926.4559685547969,126.213,58.465393579603294,116930.78715920658,rebalance,simulated
2025-01-27,2025-01-24,128131.SZ,946.7654511122425,125.366,59.3460987720687,118692.1975441374,rebalance,simulated
2025-02-05,2025-01-27,110096.SH,43.276145120522074,130.061,2.814269355260111,5628.538710520222,rebalance,simulated
2025-02-05,2025-01-27,111009.SH,-1121.7695972340218,105.999,59.453227768604535,118906.45553720907,rebalance,simulated
2025-02-05,2025-01-27,113061.SH,38.754010778128645,141.8,2.7476593641693214,5495.318728338642,rebalance,simulated
2025-02-05,2025-01-27,113069.SH,54.91171630215331,139.8,3.838328969520517,7676.657939041033,rebalance,simulated
2025-02-05,2025-01-27,113631.SH,39.71878068288777,129.309,2.567997905661767,5135.995811323534,rebalance,simulated
2025-02-05,2025-01-27,113632.SH,958.722512084562,129.36,62.01017208162948,124020.34416325895,rebalance,simulated
2025-02-05,2025-01-27,113641.SH,47.45210867269657,116.98,2.7754738362660225,5550.947672532045,rebalance,simulated
2025-02-05,2025-01-27,113651.SH,29.0413801093066,136.256,1.9785311440868403,3957.0622881736804,rebalance,simulated
2025-02-05,2025-01-27,113666.SH,32.63947306119496,130.52,2.1300520119735835,4260.104023947167,rebalance,simulated
2025-02-05,2025-01-27,113672.SH,48.91964216469853,135.499,3.3142812968372426,6628.5625936744855,rebalance,simulated
2025-02-05,2025-01-27,113687.SH,928.3654776799083,133.59,62.01017208162948,124020.34416325895,rebalance,simulated
2025-02-05,2025-01-27,118013.SH,74.69540179696753,136.599,5.101658595031983,10203.317190063966,rebalance,simulated
2025-02-05,2025-01-27,118030.SH,23.95625413643029,143.718,1.721472465989744,3442.944931979488,rebalance,simulated
2025-02-05,2025-01-27,123145.SZ,41.43805539560492,124.0,2.5691594345275055,5138.3188690550105,rebalance,simulated
2025-02-05,2025-01-27,123149.SZ,59.69894235598065,118.9,3.54910212306305,7098.2042461261,rebalance,simulated
2025-02-05,2025-01-27,127049.SZ,44.78251323695531,106.015,2.3738090704079085,4747.618140815817,rebalance,simulated
2025-02-05,2025-01-27,127052.SZ,56.09240879781623,127.3,3.570281819981003,7140.563639962006,rebalance,simulated
2025-02-05,2025-01-27,127072.SZ,-840.9178973838253,138.71,58.321860773055214,116643.72154611042,rebalance,simulated
2025-02-05,2025-01-27,127082.SZ,38.1167092711197,127.8,2.435657722424549,4871.315444849098,rebalance,simulated
2025-02-05,2025-01-27,127091.SZ,63.10575652745695,131.99,4.164664402029522,8329.328804059043,rebalance,simulated
2025-02-05,2025-01-27,127103.SZ,53.88155022002593,103.96,2.800762980436948,5601.525960873895,rebalance,simulated
2025-02-05,2025-01-27,127107.SZ,29.842086002510996,133.5,1.991959240667609,3983.918481335218,rebalance,simulated
2025-02-05,2025-01-27,128131.SZ,-946.7654511122425,124.613,58.989641579724946,117979.28315944989,rebalance,simulated
2025-02-10,2025-02-07,110081.SH,1138.255616596419,117.516,66.8816235199724,133763.24703994478,rebalance,simulated
2025-02-10,2025-02-07,110096.SH,36.55024554901672,135.1,2.4689690868360796,4937.938173672159,rebalance,simulated
2025-02-10,2025-02-07,113061.SH,-874.6145568636033,151.3,66.1645912267316,132329.1824534632,rebalance,simulated
2025-02-10,2025-02-07,113069.SH,48.915334369045354,142.903,3.4950740136698437,6990.148027339687,rebalance,simulated
2025-02-10,2025-02-07,113631.SH,-959.1006361758189,129.88,62.28399531325768,124567.99062651535,rebalance,simulated
2025-02-10,2025-02-07,113632.SH,-958.722512084562,128.595,61.643460720757126,123286.92144151425,rebalance,simulated
2025-02-10,2025-02-07,113641.SH,-1060.1841696295003,119.51,63.35130505621079,126702.61011242158,rebalance,simulated
2025-02-10,2025-02-07,113651.SH,80.71129203712769,134.99,5.447608656045934,10895.217312091867,rebalance,simulated
2025-02-10,2025-02-07,113666.SH,92.72951683508745,128.257,5.946604820358906,11893.209640717812,rebalance,simulated
2025-02-10,2025-02-07,113672.SH,40.165716974675775,140.0,2.811600188227304,5623.200376454608,rebalance,simulated
2025-02-10,2025-02-07,113687.SH,63.86986865897438,134.81,4.305148496958168,8610.296993916336,rebalance,simulated
2025-02-10,2025-02-07,118013.SH,4.3907361070924935,146.621,0.32188705937900425,643.7741187580085,rebalance,simulated
2025-02-10,2025-02-07,118030.SH,45.226295626289016,147.289,3.330667928250241,6661.335856500482,rebalance,simulated
2025-02-10,2025-02-07,123145.SZ,30.290036624278855,129.81,1.965974827098819,3931.949654197638,rebalance,simulated
2025-02-10,2025-02-07,123149.SZ,57.86778371100468,121.5,3.515467860443534,7030.935720887068,rebalance,simulated
2025-02-10,2025-02-07,127035.SZ,984.1466696092112,135.918,66.8816235199724,133763.24703994478,rebalance,simulated
2025-02-10,2025-02-07,127049.SZ,-1169.837703751912,106.6,62.352349609976905,124704.6992199538,rebalance,simulated
2025-02-10,2025-02-07,127052.SZ,54.02311472724557,130.087,3.513852462761597,7027.704925523194,rebalance,simulated
2025-02-10,2025-02-07,127072.SZ,908.1624485025785,147.29,66.8816235199724,133763.24703994478,rebalance,simulated
2025-02-10,2025-02-07,127082.SZ,66.75645284221389,128.968,4.30472310507732,8609.44621015464,rebalance,simulated
2025-02-10,2025-02-07,127091.SZ,16.857315767253226,139.85,1.1787478050251818,2357.4956100503637,rebalance,simulated
2025-02-10,2025-02-07,127103.SZ,68.9552840503975,106.0,3.6546300546710673,7309.2601093421345,rebalance,simulated
2025-02-10,2025-02-07,127107.SZ,-928.9913420468836,140.11,65.08048846709444,130160.97693418888,rebalance,simulated
2025-02-10,2025-02-07,128130.SZ,1013.8033911866181,131.942,66.8816235199724,133763.24703994478,rebalance,simulated
2025-02-10,2025-02-07,128131.SZ,1039.107326553805,128.729,66.8816235199724,133763.24703994478,rebalance,simulated
2025-02-17,2025-02-14,110081.SH,36.116078986880666,115.5,2.0857035614923585,4171.407122984717,rebalance,simulated
2025-02-17,2025-02-14,110096.SH,48.882907870663644,130.55,3.1908318112575698,6381.66362251514,rebalance,simulated
2025-02-17,2025-02-14,111009.SH,1271.7515267764693,106.656,67.81996541993556,135639.93083987111,rebalance,simulated
2025-02-17,2025-02-14,113061.SH,950.0923254289996,142.765,67.81996541993556,135639.93083987111,rebalance,simulated
2025-02-17,2025-02-14,113069.SH,-936.0422597142452,145.0,67.86306382928278,135726.12765856556,rebalance,simulated
2025-02-17,2025-02-14,113632.SH,1066.7458167709067,127.153,67.81996541993556,135639.93083987111,rebalance,simulated
2025-02-17,2025-02-14,113651.SH,28.170608461330403,133.1,1.8747539931015382,3749.5079862030766,rebalance,simulated
2025-02-17,2025-02-14,113666.SH,10.558121728515971,128.753,0.6796949234558083,1359.3898469116166,rebalance,simulated
2025-02-17,2025-02-14,113672.SH,-955.4517645710341,143.73,68.66354106089736,137327.08212179472,rebalance,simulated
2025-02-17,2025-02-14,113687.SH,-36.35140807340622,141.9,2.5791324028081712,5158.2648056163425,rebalance,simulated
2025-02-17,2025-02-14,118013.SH,37.174267475598526,142.857,2.6553021643807893,5310.6043287615785,rebalance,simulated
2025-02-17,2025-02-14,118030.SH,21.508773168385233,145.9,1.5690650026337027,3138.1300052674055,rebalance,simulated
2025-02-17,2025-02-14,123145.SZ,-47.57029758555325,138.002,3.2823981037007597,6564.7962074015195,rebalance,simulated
2025-02-17,2025-02-14,123149.SZ,30.333977088568645,119.901,1.8185370934482343,3637.0741868964687,rebalance,simulated
2025-02-17,2025-02-14,127035.SZ,-984.1466696092112,140.3,69.03788887308617,138075.77774617236,rebalance,simulated
2025-02-17,2025-02-14,127049.SZ,1259.1430956877864,107.724,67.81996541993556,135639.93083987111,rebalance,simulated
2025-02-17,2025-02-14,127052.SZ,19.50058740620534,129.457,1.2622437719225623,2524.4875438451245,rebalance,simulated
2025-02-17,2025-02-14,127072.SZ,65.41605610097099,139.321,4.55691517602169,9113.83035204338,rebalance,simulated
2025-02-17,2025-02-14,127082.SZ,6.2024023468954965,130.0,0.4031561525482073,806.3123050964145,rebalance,simulated
2025-02-17,2025-02-14,127091.SZ,-172.43071788123416,173.0,14.915257096726755,29830.51419345351,rebalance,simulated
2025-02-17,2025-02-14,127103.SZ,12.319111618525994,106.448,0.6556723967844276,1311.344793568855,rebalance,simulated
2025-02-17,2025-02-14,128130.SZ,17.678972614683175,131.5,1.1623924494154187,2324.7848988308374,rebalance,simulated
2025-02-17,2025-02-14,128131.SZ,-1039.107326553805,129.441,67.25154572822554,134503.09145645107,rebalance,simulated
2025-02-24,2025-02-21,110081.SH,10.109383278050927,117.581,0.5943356976082531,1188.6713952165062,rebalance,simulated
2025-02-24,2025-02-21,110084.SH,1171.065432308594,118.928,69.63623486679823,139272.46973359646,rebalance,simulated
2025-02-24,2025-02-21,110093.SH,1186.9138378523646,117.34,69.63623486679823,139272.46973359646,rebalance,simulated
2025-02-24,2025-02-21,110096.SH,32.19000986821834,130.018,2.092640351523006,4185.280703046012,rebalance,simulated
2025-02-24,2025-02-21,111009.SH,-1271.7515267764693,108.422,68.94292201807917,137885.84403615835,rebalance,simulated
2025-02-24,2025-02-21,111017.SH,1040.667038284364,133.83,69.63623486679823,139272.46973359646,rebalance,simulated
2025-02-24,2025-02-21,113058.SH,1119.5536152218365,124.4,69.63623486679823,139272.46973359646,rebalance,simulated
2025-02-24,2025-02-21,113061.SH,-950.0923254289996,151.75,72.08825519192534,144176.5103838507,risk_exit,simulated
2025-02-24,2025-02-21,113631.SH,1078.820342328609,129.097,69.63623486679823,139272.46973359646,rebalance,simulated
2025-02-24,2025-02-21,113632.SH,-1066.7458167709067,127.226,67.85890164224769,135717.80328449537,rebalance,simulated
2025-02-24,2025-02-21,113651.SH,7.780624346416857,135.629,0.527639149740086,1055.2782994801719,rebalance,simulated
2025-02-24,2025-02-21,113666.SH,28.911001169271913,128.67,1.8599892602251085,3719.978520450217,rebalance,simulated
2025-02-24,2025-02-21,113687.SH,-955.8839382654764,157.223,75.14347021295652,150286.94042591302,rebalance,simulated
2025-02-24,2025-02-21,118013.SH,8.65372562818061,145.358,0.6289441249305386,1257.8882498610772,rebalance,simulated
2025-02-24,2025-02-21,118030.SH,-929.6773875248191,150.5,69.95822341124264,139916.44682248528,rebalance,simulated
2025-02-24,2025-02-21,123145.SZ,18.35609256632995,139.1,1.2766662379882479,2553.3324759764955,rebalance,simulated
2025-02-24,2025-02-21,123149.SZ,14.311701429419372,121.574,0.8699653947901154,1739.9307895802308,rebalance,simulated
2025-02-24,2025-02-21,127049.SZ,-14.71669278566742,111.917,0.8235240532467704,1647.0481064935407,rebalance,simulated
2025-02-24,2025-02-21,127052.SZ,1.293958779364175,132.76,0.08589298377419392,171.78596754838784,rebalance,simulated
2025-02-24,2025-02-21,127066.SZ,1079.6399176241403,128.999,69.63623486679823,139272.46973359646,rebalance,simulated
2025-02-24,2025-02-21,127072.SZ,-973.5785046035495,149.241,72.64891480276917,145297.82960553834,rebalance,simulated
2025-02-24,2025-02-21,127082.SZ,38.01626706242723,128.789,2.4480385093514703,4896.07701870294,rebalance,simulated
2025-02-24,2025-02-21,127091.SZ,-784.0458430050353,182.8,71.66179005066023,143323.58010132046,rebalance,simulated
2025-02-24,2025-02-21,127103.SZ,27.4118249593339,106.997,1.4664915175869246,2932.983035173849,rebalance,simulated
2025-02-24,2025-02-21,128130.SZ,-7.442675459158409,136.003,0.5061130952359605,1012.226190471921,rebalance,simulated
2025-02-24,2025-02-21,128131.SZ,1014.2479371201932,137.316,69.63623486679823,139272.46973359646,rebalance,simulated
2025-03-03,2025-02-28,110081.SH,-2.4587802752271273,116.0,0.1426092559631734,285.21851192634676,rebalance,simulated
2025-03-03,2025-02-28,110084.SH,-1171.065432308594,117.54,68.82351545677606,137647.03091355212,rebalance,simulated
2025-03-03,2025-02-28,110090.SH,1032.7148747542035,132.771,68.55729331799516,137114.58663599033,rebalance,simulated
2025-03-03,2025-02-28,110093.SH,-1186.9138378523646,121.738,72.24625839623559,144492.51679247117,rebalance,simulated
2025-03-03,2025-02-28,110096.SH,15.049834272961107,126.23,0.9498702901379403,1899.7405802758806,rebalance,simulated
2025-03-03,2025-02-28,111017.SH,-1040.667038284364,131.48,68.41345109681409,136826.90219362816,rebalance,simulated
2025-03-03,2025-02-28,113058.SH,-31.929581874830546,126.068,2.012649263898069,4025.2985277961375,rebalance,simulated
2025-03-03,2025-02-28,113631.SH,-12.411474141775216,128.576,0.797908849626445,1595.81769925289,rebalance,simulated
2025-03-03,2025-02-28,113632.SH,1061.9488416307065,129.116,68.55729331799516,137114.58663599033,rebalance,simulated
2025-03-03,2025-02-28,113641.SH,1116.1138513308126,122.85,68.55729331799516,137114.58663599033,rebalance,simulated
2025-03-03,2025-02-28,113651.SH,-61.27462006558369,142.001,4.350528661966475,8701.05732393295,rebalance,simulated
2025-03-03,2025-02-28,113666.SH,-1082.4004797823616,127.62,69.0679746149125,138135.949229825,rebalance,simulated
2025-03-03,2025-02-28,113672.SH,1005.6075294168708,136.35,68.55729331799516,137114.58663599033,rebalance,simulated
2025-03-03,2025-02-28,118013.SH,17.034625677194754,140.606,1.1975852889838228,2395.1705779676454,rebalance,simulated
2025-03-03,2025-02-28,123145.SZ,37.45188887649965,132.007,2.471955747460045,4943.911494920089,rebalance,simulated
2025-03-03,2025-02-28,123149.SZ,3.7482037932591084,119.3,0.22358035626790582,447.1607125358116,rebalance,simulated
2025-03-03,2025-02-28,127035.SZ,942.4136325183365,145.493,68.55729331799516,137114.58663599033,rebalance,simulated
2025-03-03,2025-02-28,127049.SZ,-0.1924043904100472,110.2,0.0106014819115936,21.2029638231872,rebalance,simulated
2025-03-03,2025-02-28,127052.SZ,18.732994245570808,128.41,1.2027518955368737,2405.5037910737474,rebalance,simulated
2025-03-03,2025-02-28,127066.SZ,-1079.6399176241403,123.302,66.56088056144587,133121.76112289174,rebalance,simulated
2025-03-03,2025-02-28,127072.SZ,972.547339333903,140.985,68.55729331799516,137114.58663599033,rebalance,simulated
2025-03-03,2025-02-28,127082.SZ,3.2639744280932064,126.412,0.20630276770205921,412.6055354041184,rebalance,simulated
2025-03-03,2025-02-28,127103.SZ,-11.801540264498044,106.303,0.6272695673684677,1254.5391347369355,rebalance,simulated
2025-03-03,2025-02-28,128130.SZ,12.531950234407532,132.277,0.8288443905783625,1657.6887811567249,rebalance,simulated
2025-03-03,2025-02-28,128131.SZ,-1014.2479371201932,129.85,65.85004731752855,131700.0946350571,rebalance,simulated
2025-03-10,2025-03-07,110081.SH,97.2815752684794,117.39,5.709942060383399,11419.884120766797,rebalance,simulated
2025-03-10,2025-03-07,110090.SH,74.28252873234283,135.662,5.038658206443547,10077.316412887092,rebalance,simulated
2025-03-10,2025-03-07,110096.SH,-56.20432719807786,145.8,4.097295452739877,8194.590905479754,rebalance,simulated
2025-03-10,2025-03-07,113058.SH,96.46081843720799,126.83,6.117062801195545,12234.12560239109,rebalance,simulated
2025-03-10,2025-03-07,113631.SH,-1066.4088681868338,129.51,69.05530625943842,138110.61251887685,rebalance,simulated
2025-03-10,2025-03-07,113632.SH,91.5234751208975,130.196,5.957995183420186,11915.990366840371,rebalance,simulated
2025-03-10,2025-03-07,113641.SH,35.05076039406117,130.457,2.286308524364019,4572.617048728038,rebalance,simulated
2025-03-10,2025-03-07,113651.SH,-965.5888806134486,167.976,81.09787890496231,162195.75780992463,rebalance,simulated
2025-03-10,2025-03-07,113666.SH,1156.0740071575856,129.903,75.08874087589592,150177.48175179184,rebalance,simulated
2025-03-10,2025-03-07,113672.SH,63.53767936675388,140.465,4.462410066125542,8924.820132251083,rebalance,simulated
2025-03-10,2025-03-07,118013.SH,66.06727673998307,144.23,4.764441662103879,9528.883324207758,rebalance,simulated
2025-03-10,2025-03-07,123145.SZ,41.7217514683864,139.0,2.899661727052855,5799.32345410571,rebalance,simulated
2025-03-10,2025-03-07,123149.SZ,90.7853707160707,121.1,5.497054196858081,10994.108393716162,rebalance,simulated
2025-03-10,2025-03-07,127035.SZ,-942.4136325183365,152.65,71.92972050196204,143859.44100392406,rebalance,simulated
2025-03-10,2025-03-07,127049.SZ,98.44659543005037,111.849,5.505576626127852,11011.153252255705,rebalance,simulated
2025-03-10,2025-03-07,127052.SZ,76.97141761932653,131.187,5.048824681613295,10097.64936322659,rebalance,simulated
2025-03-10,2025-03-07,127072.SZ,58.891408961370644,145.6,4.287294572387783,8574.589144775566,rebalance,simulated
2025-03-10,2025-03-07,127082.SZ,84.39594098131124,128.46,5.420751289229622,10841.502578459244,rebalance,simulated
2025-03-10,2025-03-07,127103.SZ,119.80711177809007,106.535,6.381825326639413,12763.650653278826,rebalance,simulated
2025-03-10,2025-03-07,128130.SZ,92.59084950074225,132.999,6.157245196374609,12314.490392749218,rebalance,simulated
2025-03-10,2025-03-07,128131.SZ,1138.5621166768397,131.901,75.08874087589592,150177.48175179184,rebalance,simulated
2025-03-17,2025-03-14,110081.SH,13.079614881531597,114.83,0.7509660884231366,1501.9321768462733,rebalance,simulated
2025-03-17,2025-03-14,110084.SH,1261.9314122462422,117.601,74.20219800578516,148404.39601157032,rebalance,simulated
2025-03-17,2025-03-14,110090.SH,-1106.9974034865463,134.898,74.66586786776406,149331.7357355281,rebalance,simulated
2025-03-17,2025-03-14,110093.SH,1226.6650907702826,120.982,74.20219800578516,148404.39601157032,rebalance,simulated
2025-03-17,2025-03-14,110096.SH,-1030.0238803277903,141.709,72.98182702868543,145963.65405737085,rebalance,simulated
2025-03-17,2025-03-14,113058.SH,-9.534823991809162,126.35,0.6023625056825438,1204.7250113650875,rebalance,simulated
2025-03-17,2025-03-14,113632.SH,-13.627343276252759,130.197,0.8871196062691403,1774.2392125382805,rebalance,simulated
2025-03-17,2025-03-14,113641.SH,8.244732115519355,128.0,0.5276628553932388,1055.3257107864774,rebalance,simulated
2025-03-17,2025-03-14,113666.SH,-14.501730145506144,130.0,0.9426124594578994,1885.2249189157988,rebalance,simulated
2025-03-17,2025-03-14,113672.SH,7.028801452563357,137.9,0.48463586015424354,969.271720308487,rebalance,simulated
2025-03-17,2025-03-14,118013.SH,-36.65743525230107,147.728,2.7076647974759664,5415.329594951932,rebalance,simulated
2025-03-17,2025-03-14,123145.SZ,42.32268006686695,132.181,2.7971270869592706,5594.254173918541,rebalance,simulated
2025-03-17,2025-03-14,123149.SZ,-1.1779472494108632,119.784,0.07054961666171541,141.09923332343084,rebalance,simulated
2025-03-17,2025-03-14,127049.SZ,-8.70849496135179,111.25,0.4844100322251933,968.8200644503866,rebalance,simulated
2025-03-17,2025-03-14,127052.SZ,-5.368961919621825,130.249,0.3496509605344115,699.301921068823,rebalance,simulated
2025-03-17,2025-03-14,127072.SZ,4.058757315158573,143.317,0.29084446106829065,581.6889221365813,rebalance,simulated
2025-03-17,2025-03-14,127082.SZ,-3.1656331204740127,127.288,0.20147355431944805,402.9471086388961,rebalance,simulated
2025-03-17,2025-03-14,127103.SZ,-10.932010173119806,106.1,0.5799431396840057,1159.8862793680114,rebalance,simulated
2025-03-17,2025-03-14,128130.SZ,12.409788934786775,130.0,0.8066362807611404,1613.2725615222807,rebalance,simulated
2025-03-17,2025-03-14,128131.SZ,3.0979803427026127,129.99,0.20135323237395633,402.70646474791266,rebalance,simulated
2025-03-24,2025-03-21,110081.SH,-1292.3834887361345,113.701,73.47264752639362,146945.29505278723,rebalance,simulated
2025-03-24,2025-03-21,110084.SH,-1261.9314122462422,115.986,73.18318839039634,146366.37678079266,rebalance,simulated
2025-03-24,2025-03-21,110090.SH,1129.3844281729916,128.666,72.65668841765307,145313.37683530615,rebalance,simulated
2025-03-24,2025-03-21,110093.SH,-1226.6650907702826,120.998,74.21201132651133,148424.02265302266,risk_exit,simulated
2025-03-24,2025-03-21,110096.SH,1043.9179370352454,139.2,72.65668841765307,145313.37683530615,rebalance,simulated
2025-03-24,2025-03-21,113058.SH,5.133174312694564,123.18,0.31615220591885823,632.3044118377164,rebalance,simulated
2025-03-24,2025-03-21,113631.SH,1137.4824018419267,127.75,72.65668841765307,145313.37683530615,rebalance,simulated
2025-03-24,2025-03-21,113632.SH,-1139.8449734753513,126.87,72.30606589240891,144612.13178481782,rebalance,simulated
2025-03-24,2025-03-21,113641.SH,29.734492782406733,122.2,1.8167775090050513,3633.5550180101027,rebalance,simulated
2025-03-24,2025-03-21,113661.SH,1179.1184351975116,123.239,72.65668841765307,145313.37683530615,rebalance,simulated
2025-03-24,2025-03-21,113666.SH,-20.698980071202186,129.643,1.3417389366854324,2683.477873370865,rebalance,simulated
2025-03-24,2025-03-21,113672.SH,2.3464585044871455,134.734,0.15807387007178553,316.14774014357107,rebalance,simulated
2025-03-24,2025-03-21,118013.SH,36.93750669214239,139.521,2.5767789355971993,5153.557871194398,rebalance,simulated
2025-03-24,2025-03-21,123145.SZ,18.560930625644232,127.323,1.18161668502445,2363.2333700489003,rebalance,simulated
2025-03-24,2025-03-21,123149.SZ,-57.52381241402804,123.0,3.537714463462725,7075.42892692545,rebalance,simulated
2025-03-24,2025-03-21,127049.SZ,-1333.9720989804075,109.47,73.0149628376926,146029.9256753852,rebalance,simulated
2025-03-24,2025-03-21,127052.SZ,10.250333990942408,126.399,0.6478159830605649,1295.6319661211296,rebalance,simulated
2025-03-24,2025-03-21,127072.SZ,29.30337982450692,136.47,1.9995161223252296,3999.0322446504592,rebalance,simulated
2025-03-24,2025-03-21,127082.SZ,-12.613864200805892,126.0,0.7946734446507713,1589.3468893015424,rebalance,simulated
2025-03-24,2025-03-21,127103.SZ,-10.435035000615699,104.671,0.5461227742747229,1092.2455485494459,rebalance,simulated
2025-03-24,2025-03-21,128130.SZ,0.4244759865148353,127.245,0.02700622345204011,54.01244690408022,rebalance,simulated
2025-03-24,2025-03-21,128131.SZ,4.3444521547965,126.8,0.27543826661409804,550.8765332281961,rebalance,simulated
2025-03-24,2025-03-21,128141.SZ,1097.5579268057897,132.397,72.65668841765307,145313.37683530615,rebalance,simulated
2025-03-31,2025-03-28,110090.SH,-1129.3844281729916,125.584,70.91630701383849,141832.614027677,rebalance,simulated
2025-03-31,2025-03-28,110096.SH,-1043.9179370352454,136.323,71.15501246522788,142310.02493045575,rebalance,simulated
2025-03-31,2025-03-28,113058.SH,-114.82044948317048,121.5,6.975342306102607,13950.684612205214,rebalance,simulated
2025-03-31,2025-03-28,113069.SH,910.3632454514801,142.12,64.69041222178218,129380.82444356436,rebalance,simulated
2025-03-31,2025-03-28,113631.SH,-126.53675061857655,127.98,8.097086672082714,16194.173344165427,rebalance,simulated
2025-03-31,2025-03-28,113632.SH,1018.4579524195059,127.036,64.69041222178218,129380.82444356436,rebalance,simulated
2025-03-31,2025-03-28,113641.SH,-122.81543096593532,121.333,7.450782342694915,14901.56468538983,rebalance,simulated
2025-03-31,2025-03-28,113661.SH,-121.22126067940576,122.3,7.4126800905456625,14825.360181091324,rebalance,simulated
2025-03-31,2025-03-28,113666.SH,-132.946841606014,130.962,8.705492135203402,17410.984270406803,rebalance,simulated
2025-03-31,2025-03-28,113672.SH,-102.04667710937224,132.498,6.760490311818802,13520.980623637603,rebalance,simulated
2025-03-31,2025-03-28,113692.SH,943.6967501354075,137.1,64.69041222178218,129380.82444356436,rebalance,simulated
2025-03-31,2025-03-28,118013.SH,-103.97395873197775,138.0,7.174203152506465,14348.40630501293,rebalance,simulated
2025-03-31,2025-03-28,123145.SZ,-127.30905759800874,127.596,8.122063256637762,16244.126513275523,rebalance,simulated
2025-03-31,2025-03-28,123149.SZ,-100.53384142114987,119.7,6.016950409055821,12033.90081811164,rebalance,simulated
2025-03-31,2025-03-28,127049.SZ,1176.1893131233123,110.0,64.69041222178218,129380.82444356436,rebalance,simulated
2025-03-31,2025-03-28,127052.SZ,-123.62260079025918,126.1,7.794404979825841,15588.809959651682,rebalance,simulated
2025-03-31,2025-03-28,127072.SZ,-97.5543995602934,133.762,6.524535796991984,13049.071593983967,rebalance,simulated
2025-03-31,2025-03-28,127082.SZ,-124.34195378998243,125.742,7.817502976729986,15635.005953459971,rebalance,simulated
2025-03-31,2025-03-28,127103.SZ,-152.81750752488233,104.722,8.001677511510364,16003.355023020726,rebalance,simulated
2025-03-31,2025-03-28,128130.SZ,-107.77753282621734,125.1,6.741484678279894,13482.969356559788,rebalance,simulated
2025-03-31,2025-03-28,128131.SZ,-1146.0045491743388,124.98,71.61382427790444,143227.64855580888,rebalance,simulated
2025-03-31,2025-03-28,128141.SZ,-100.64139477441108,129.781,6.530670427608923,13061.340855217846,rebalance,simulated
2025-04-07,2025-04-03,110096.SH,973.1645883873086,129.6,63.0610653274976,126122.1306549952,rebalance,simulated
2025-04-07,2025-04-03,113058.SH,-11.72995546267407,119.759,0.7023838681271919,1404.7677362543839,rebalance,simulated
2025-04-07,2025-04-03,113069.SH,82.72439750123795,127.0,5.2529992413286095,10505.998482657218,rebalance,simulated
2025-04-07,2025-04-03,113631.SH,-1010.9456512233502,127.01,64.20010358093886,128400.20716187771,rebalance,simulated
2025-04-07,2025-04-03,113632.SH,-11.076599242975817,125.198,0.6933840360110431,1386.7680720220862,rebalance,simulated
2025-04-07,2025-04-03,113641.SH,-1066.3284056568646,115.5,61.58046542668393,123160.93085336786,rebalance,simulated
2025-04-07,2025-04-03,113651.SH,896.3904097725317,140.7,63.0610653274976,126122.1306549952,rebalance,simulated
2025-04-07,2025-04-03,113661.SH,12.749095897812595,117.8,0.7509217483811619,1501.8434967623236,rebalance,simulated
2025-04-07,2025-04-03,113666.SH,-36.563924935864975,132.57,2.4236397643738097,4847.279528747619,rebalance,simulated
2025-04-07,2025-04-03,113669.SH,934.2380048518163,135.0,63.0610653274976,126122.1306549952,rebalance,simulated
2025-04-07,2025-04-03,113672.SH,0.1194226239542786,129.145,0.007711417385287656,15.422834770575312,rebalance,simulated
2025-04-07,2025-04-03,113692.SH,-943.6967501354075,132.16,62.35948124894773,124718.96249789545,rebalance,simulated
2025-04-07,2025-04-03,118013.SH,59.470684440536616,126.5,3.761520790863941,7523.041581727882,rebalance,simulated
2025-04-07,2025-04-03,123145.SZ,-4.203217738705234,124.9,0.26249094778214194,524.9818955642838,rebalance,simulated
2025-04-07,2025-04-03,123149.SZ,-14.754588095396002,118.3,0.8727338858426735,1745.467771685347,rebalance,simulated
2025-04-07,2025-04-03,127049.SZ,-32.74297898917621,110.3,1.8057752912530678,3611.5505825061355,rebalance,simulated
2025-04-07,2025-04-03,127052.SZ,11.998957259929057,121.503,0.72895465197658,1457.9093039531601,rebalance,simulated
2025-04-07,2025-04-03,127072.SZ,-17.953395794220683,132.859,1.1926351059121831,2385.270211824366,rebalance,simulated
2025-04-07,2025-04-03,127082.SZ,-19.153941605720888,124.9,1.1961636532772695,2392.327306554539,rebalance,simulated
2025-04-07,2025-04-03,127103.SZ,-32.01393511672154,104.8,1.677530200116209,3355.0604002324176,rebalance,simulated
2025-04-07,2025-04-03,127107.SZ,994.6618715841229,126.799,63.0610653274976,126122.1306549952,rebalance,simulated
2025-04-07,2025-04-03,128130.SZ,13.306781945523426,120.4,0.8010682731205103,1602.1365462410206,rebalance,simulated
2025-04-07,2025-04-03,128141.SZ,-1.8387334815608938,126.746,0.11652605692695853,233.05211385391704,rebalance,simulated
2025-04-14,2025-04-11,110084.SH,1013.7392749299578,119.228,60.4330531356745,120866.106271349,rebalance,simulated
2025-04-14,2025-04-11,110096.SH,-973.1645883873086,129.0,62.76911595098141,125538.23190196282,rebalance,simulated
2025-04-14,2025-04-11,113058.SH,-1053.1327971592548,119.698,63.02894477718424,126057.88955436848,rebalance,simulated
2025-04-14,2025-04-11,113069.SH,-993.087642952718,135.2,67.13272466360374,134265.44932720746,rebalance,simulated
2025-04-14,2025-04-11,113632.SH,-1007.3813531765301,125.379,63.152233339960084,126304.46667992017,rebalance,simulated
2025-04-14,2025-04-11,113641.SH,1039.1720941565557,116.31,60.4330531356745,120866.106271349,rebalance,simulated
2025-04-14,2025-04-11,113651.SH,-66.27745616372829,145.602,4.8250650861755835,9650.130172351166,rebalance,simulated
2025-04-14,2025-04-11,113661.SH,-32.98191657231587,116.479,1.92085033021339,3841.70066042678,rebalance,simulated
2025-04-14,2025-04-11,113666.SH,-26.744214369706697,130.72,1.7480018512040296,3496.0037024080593,rebalance,simulated
2025-04-14,2025-04-11,113669.SH,-86.64960182692846,142.6,6.178116610259999,12356.233220519998,rebalance,simulated
2025-04-14,2025-04-11,113672.SH,-59.16859646066166,131.745,3.8975833703549356,7795.166740709871,rebalance,simulated
2025-04-14,2025-04-11,113674.SH,1005.2322186294485,120.237,60.4330531356745,120866.106271349,rebalance,simulated
2025-04-14,2025-04-11,113682.SH,1019.1071355088449,118.6,60.4330531356745,120866.106271349,rebalance,simulated
2025-04-14,2025-04-11,118013.SH,-60.066330310306284,129.0,3.8742783050147556,7748.556610029511,rebalance,simulated
2025-04-14,2025-04-11,118025.SH,992.1615014763382,121.821,60.4330531356745,120866.106271349,rebalance,simulated
2025-04-14,2025-04-11,123145.SZ,-39.54946068202878,124.574,2.4634172575015265,4926.834515003053,rebalance,simulated
2025-04-14,2025-04-11,123149.SZ,-49.585341182475304,118.9,2.9478485332981568,5895.697066596314,rebalance,simulated
2025-04-14,2025-04-11,127039.SZ,888.7213696422721,136.0,60.4330531356745,120866.106271349,rebalance,simulated
2025-04-14,2025-04-11,127049.SZ,-56.520918024882576,111.2,3.1425630421834714,6285.126084366942,rebalance,simulated
2025-04-14,2025-04-11,127052.SZ,-44.26438775547797,121.626,2.691850212573882,5383.700425147764,rebalance,simulated
2025-04-14,2025-04-11,127072.SZ,-23.65509939799483,130.576,1.5443941294962866,3088.788258992573,rebalance,simulated
2025-04-14,2025-04-11,127082.SZ,-29.413166121057543,123.286,1.8131157992003504,3626.2315984007005,rebalance,simulated
2025-04-14,2025-04-11,127103.SZ,-12.668100511258672,101.501,0.6429124349966332,1285.8248699932665,rebalance,simulated
2025-04-14,2025-04-11,127107.SZ,-46.69984562864806,127.501,2.9771385087491287,5954.277017498257,rebalance,simulated
2025-04-14,2025-04-11,128130.SZ,-1047.5260021179004,121.359,63.56335404551313,127126.70809102626,rebalance,simulated
2025-04-14,2025-04-11,128141.SZ,-40.384300253195306,126.602,2.556366590327516,5112.733180655032,rebalance,simulated
2025-04-21,2025-04-18,110081.SH,1111.2957911937995,106.6,59.23206567062951,118464.13134125901,rebalance,simulated
2025-04-21,2025-04-18,110084.SH,-19.495621205585167,119.15,1.1614516333227365,2322.9032666454727,rebalance,simulated
2025-04-21,2025-04-18,113058.SH,998.0044931488279,118.701,59.23206567062951,118464.13134125901,rebalance,simulated
2025-04-21,2025-04-18,113068.SH,992.5193439954004,119.357,59.23206567062951,118464.13134125901,rebalance,simulated
2025-04-21,2025-04-18,113632.SH,956.4820784250732,123.854,59.23206567062951,118464.13134125901,rebalance,simulated
2025-04-21,2025-04-18,113641.SH,-46.17853723066287,119.3,2.7545497458090398,5509.09949161808,rebalance,simulated
2025-04-21,2025-04-18,113651.SH,-0.1776777468525097,142.739,0.012680771953990193,25.361543907980383,rebalance,simulated
2025-04-21,2025-04-18,113661.SH,-1037.6643538436026,114.956,59.642871730222595,119285.74346044518,rebalance,simulated
2025-04-21,2025-04-18,113666.SH,-0.8349496226179554,128.238,0.05353613485264068,107.07226970528136,rebalance,simulated
2025-04-21,2025-04-18,113669.SH,40.4485635512666,133.4,2.697919188869483,5395.838377738965,rebalance,simulated
2025-04-21,2025-04-18,113672.SH,23.805241663528932,125.861,1.4980757605067074,2996.151521013415,rebalance,simulated
2025-04-21,2025-04-18,113674.SH,2.964574089413418,117.501,0.174170210040083,348.34042008016604,rebalance,simulated
2025-04-21,2025-04-18,113682.SH,-1019.1071355088449,118.4,60.33114242212362,120662.28484424723,rebalance,simulated
2025-04-21,2025-04-18,118013.SH,12.772296712947536,124.736,0.796582601393112,1593.165202786224,rebalance,simulated
2025-04-21,2025-04-18,118025.SH,-992.1615014763382,119.199,59.13232940723902,118264.65881447804,rebalance,simulated
2025-04-21,2025-04-18,123145.SZ,17.212544043173125,119.97,1.0324944544297399,2064.9889088594796,rebalance,simulated
2025-04-21,2025-04-18,123149.SZ,10.639537548267526,115.33,0.613528932720847,1227.0578654416938,rebalance,simulated
2025-04-21,2025-04-18,123210.SZ,969.6821699729799,122.168,59.23206567062951,118464.13134125901,rebalance,simulated
2025-04-21,2025-04-18,127039.SZ,-888.7213696422721,129.46,57.52693425694427,115053.86851388855,rebalance,simulated
2025-04-21,2025-04-18,127049.SZ,-5.811565071991481,109.576,0.31840402716426924,636.8080543285384,rebalance,simulated
2025-04-21,2025-04-18,127052.SZ,-993.752209818205,122.609,60.92148234680014,121842.96469360028,rebalance,simulated
2025-04-21,2025-04-18,127072.SZ,1.645157721995588,127.754,0.10508773980791217,210.17547961582434,rebalance,simulated
2025-04-21,2025-04-18,127082.SZ,-980.3717070174148,123.696,60.63402933561307,121268.05867122614,rebalance,simulated
2025-04-21,2025-04-18,127103.SZ,-27.66381652802943,101.85,1.4087798566898988,2817.5597133797974,rebalance,simulated
2025-04-21,2025-04-18,127107.SZ,26.249580469352622,121.6,1.5959744925366395,3191.948985073279,rebalance,simulated
2025-04-21,2025-04-18,128130.SZ,988.2799668075901,119.869,59.23206567062951,118464.13134125901,rebalance,simulated
2025-04-21,2025-04-18,128133.SZ,922.4023307736433,128.43,59.23206567062951,118464.13134125901,rebalance,simulated
2025-04-21,2025-04-18,128141.SZ,-954.6934982966225,124.81,59.57764776120073,119155.29552240146,rebalance,simulated
2025-04-24,2025-04-23,113068.SH,-992.5193439954004,122.899,60.98981742884536,121979.63485769072,risk_exit,simulated
2025-04-28,2025-04-25,110081.SH,51.193083818615605,109.0,2.7900230681145506,5580.046136229101,rebalance,simulated
2025-04-28,2025-04-25,110084.SH,75.55546971246883,118.444,4.474546027311829,8949.09205462366,rebalance,simulated
2025-04-28,2025-04-25,113058.SH,-998.0044931488279,121.2,60.479072284818976,120958.14456963795,rebalance,simulated
2025-04-28,2025-04-25,113069.SH,963.5472976415592,131.505,63.35564368817662,126711.28737635324,rebalance,simulated
2025-04-28,2025-04-25,113632.SH,47.27504014042859,126.237,2.9839296211036417,5967.859242207283,rebalance,simulated
2025-04-28,2025-04-25,113641.SH,62.73149057627961,120.023,3.764610846718404,7529.221693436808,rebalance,simulated
2025-04-28,2025-04-25,113651.SH,17.008694302832396,149.61,1.2723353773233776,2544.670754646755,rebalance,simulated
2025-04-28,2025-04-25,113661.SH,1101.856444254276,114.998,63.35564368817662,126711.28737635324,rebalance,simulated
2025-04-28,2025-04-25,113666.SH,66.92255522235871,127.9,4.27969740646984,8559.39481293968,rebalance,simulated
2025-04-28,2025-04-25,113669.SH,-888.0369665761544,136.32,60.52859964183068,121057.19928366136,rebalance,simulated
2025-04-28,2025-04-25,113672.SH,57.15716326835013,126.916,3.6270792666829625,7254.158533365925,rebalance,simulated
2025-04-28,2025-04-25,113674.SH,-1008.196792718862,121.027,61.009516616192855,122019.0332323857,rebalance,simulated
2025-04-28,2025-04-25,113688.SH,982.2580416771569,129.0,63.35564368817662,126711.28737635324,rebalance,simulated
2025-04-28,2025-04-25,118013.SH,24.159302880738437,130.11,1.5716834489064393,3143.3668978128785,rebalance,simulated
2025-04-28,2025-04-25,123145.SZ,43.563332160702544,122.9,2.6769667612751715,5353.933522550343,rebalance,simulated
2025-04-28,2025-04-25,123149.SZ,56.75355654189184,116.9,3.317245379873578,6634.4907597471565,rebalance,simulated
2025-04-28,2025-04-25,123161.SZ,919.1701900296924,137.854,63.35564368817661,126711.28737635323,rebalance,simulated
2025-04-28,2025-04-25,123210.SZ,-969.6821699729799,125.0,60.60513562331124,121210.27124662248,rebalance,simulated
2025-04-28,2025-04-25,127049.SZ,75.0110337834792,109.6,4.11060465133466,8221.20930266932,rebalance,simulated
2025-04-28,2025-04-25,127052.SZ,1039.4606063637973,121.901,63.35564368817663,126711.28737635326,rebalance,simulated
2025-04-28,2025-04-25,127072.SZ,28.689354755609884,132.547,1.9013439523959117,3802.6879047918233,rebalance,simulated
2025-04-28,2025-04-25,127103.SZ,69.90834465739431,102.764,3.592030565186234,7184.061130372468,rebalance,simulated
2025-04-28,2025-04-25,127107.SZ,-974.2116064248274,125.395,61.08063219382062,122161.26438764123,rebalance,simulated
2025-04-28,2025-04-25,128130.SZ,47.78943120020415,122.3,2.9223237178924837,5844.6474357849675,rebalance,simulated
2025-04-28,2025-04-25,128133.SZ,65.21487403035701,128.3,4.183534169047403,8367.068338094805,rebalance,simulated
2025-04-29,2025-04-28,113661.SH,-1101.856444254276,115.169,63.44985241416036,126899.70482832073,risk_exit,simulated
2025-04-29,2025-04-28,113672.SH,-998.3870227264746,125.68,62.738640508131674,125477.28101626334,risk_exit,simulated
2025-04-29,2025-04-28,127052.SZ,-1039.4606063637973,120.87,62.819801745596095,125639.60349119219,risk_exit,simulated
2025-04-29,2025-04-28,127072.SZ,-955.9725031600357,129.937,62.108099571552785,124216.19914310556,risk_exit,simulated
2025-05-06,2025-04-30,110081.SH,287.4055625997146,110.295,15.849698263467761,31699.39652693552,rebalance,simulated
2025-05-06,2025-04-30,110084.SH,292.684854687481,117.371,17.176357039762166,34352.71407952433,rebalance,simulated
2025-05-06,2025-04-30,110090.SH,1294.1442189904415,123.569,79.95805349821492,159916.10699642985,rebalance,simulated
2025-05-06,2025-04-30,113058.SH,1283.3843505190791,124.605,79.95805349821492,159916.10699642985,rebalance,simulated
2025-05-06,2025-04-30,113069.SH,-963.5472976415592,135.5,65.28032941521563,130560.65883043128,risk_exit,simulated
2025-05-06,2025-04-30,113632.SH,-1003.7571185655017,125.597,63.034441410235665,126068.88282047132,risk_exit,simulated
2025-05-06,2025-04-30,113641.SH,280.2825967698632,119.697,16.77449299278116,33548.985985562314,rebalance,simulated
2025-05-06,2025-04-30,113651.SH,246.55183473821955,146.243,18.02823998381072,36056.47996762144,rebalance,simulated
2025-05-06,2025-04-30,113666.SH,250.45476102929763,128.844,16.134796615029412,32269.59323005882,rebalance,simulated
2025-05-06,2025-04-30,113669.SH,1167.799347123734,136.938,79.95805349821492,159916.10699642985,rebalance,simulated
2025-05-06,2025-04-30,113674.SH,1334.535938682872,119.829,79.95805349821492,159916.10699642985,rebalance,simulated
2025-05-06,2025-04-30,113688.SH,-982.2580416771569,127.301,62.521215481771875,125042.43096354375,rebalance,simulated
2025-05-06,2025-04-30,118013.SH,209.7825064433208,135.103,14.171122984005986,28342.245968011972,rebalance,simulated
2025-05-06,2025-04-30,123145.SZ,-1031.0112886603192,124.2,64.02580102580583,128051.60205161166,rebalance,simulated
2025-05-06,2025-04-30,123161.SZ,313.7895172696334,129.701,20.34940708969436,40698.81417938872,rebalance,simulated
2025-05-06,2025-04-30,123247.SZ,1328.1075915955605,120.409,79.95805349821492,159916.10699642985,rebalance,simulated
2025-05-06,2025-04-30,127049.SZ,308.9388971772785,109.153,16.86080372179574,33721.60744359148,rebalance,simulated
2025-05-06,2025-04-30,127103.SZ,345.6068932068597,101.3,17.504989140927442,35009.978281854885,rebalance,simulated
2025-05-06,2025-04-30,127107.SZ,1239.659744158371,129.0,79.95805349821492,159916.10699642985,rebalance,simulated
2025-05-06,2025-04-30,128130.SZ,-1036.0693980077942,122.916,63.67475306276302,127349.50612552604,rebalance,simulated
2025-05-06,2025-04-30,128133.SZ,-987.6172048040003,128.134,63.27367146017788,126547.34292035576,rebalance,simulated
2025-05-07,2025-05-06,113674.SH,-1334.535938682872,121.16,80.84618716540838,161692.37433081676,risk_exit,simulated
2025-05-07,2025-05-06,127103.SZ,-1578.6387660062178,102.31,80.75526607504807,161510.53215009614,risk_exit,simulated
2025-05-12,2025-05-09,110081.SH,-1449.8944376121297,111.7,80.97660434063744,161953.20868127487,rebalance,simulated
2025-05-12,2025-05-09,110084.SH,-1362.4839781243224,117.819,80.26324990931478,160526.49981862956,rebalance,simulated
2025-05-12,2025-05-09,110090.SH,273.18374432153814,125.87,17.192818948876003,34385.63789775201,rebalance,simulated
2025-05-12,2025-05-09,113058.SH,293.3511632084833,125.119,18.351902094741114,36703.80418948222,rebalance,simulated
2025-05-12,2025-05-09,113641.SH,-1336.0076442720356,121.361,81.06961185824926,162139.22371649853,rebalance,simulated
2025-05-12,2025-05-09,113651.SH,219.89760642596457,150.206,16.514969935409216,33029.93987081843,rebalance,simulated
2025-05-12,2025-05-09,113666.SH,299.9655632761978,128.01,19.199295877493043,38398.59175498608,rebalance,simulated
2025-05-12,2025-05-09,113669.SH,202.48314743818105,143.97,14.575749368337464,29151.498736674926,rebalance,simulated
2025-05-12,2025-05-09,118013.SH,277.5504257204732,135.011,18.7361802634734,37472.3605269468,rebalance,simulated
2025-05-12,2025-05-09,123145.SZ,1593.5731135817418,123.797,98.63978537103944,197279.57074207888,rebalance,simulated
2025-05-12,2025-05-09,123149.SZ,557.0317544983386,120.222,33.48373579464963,66967.47158929927,rebalance,simulated
2025-05-12,2025-05-09,123161.SZ,231.62507920460075,134.7,15.599949084429861,31199.89816885972,rebalance,simulated
2025-05-12,2025-05-09,123247.SZ,272.1355175784313,123.281,16.774569371293296,33549.13874258659,rebalance,simulated
2025-05-12,2025-05-09,127049.SZ,328.7130023453051,109.98,18.07592799896833,36151.855997936655,rebalance,simulated
2025-05-12,2025-05-09,127107.SZ,266.2911775368875,131.0,17.442072128666133,34884.144257332264,rebalance,simulated
2025-05-12,2025-05-09,128133.SZ,1523.206173307382,129.516,98.63978537103944,197279.57074207888,rebalance,simulated
2025-05-19,2025-05-16,110090.SH,165.29311484177333,123.689,10.22247004083205,20444.9400816641,rebalance,simulated
2025-05-19,2025-05-16,113058.SH,-1576.7355137275624,125.405,98.86525854950249,197730.51709900497,rebalance,simulated
2025-05-19,2025-05-16,113651.SH,115.5620645252443,149.974,8.665652532554494,17331.305065108987,rebalance,simulated
2025-05-19,2025-05-16,113666.SH,161.08082906812933,125.899,10.139957649424208,20279.915298848417,rebalance,simulated
2025-05-19,2025-05-16,113669.SH,154.9740339300215,140.505,10.887313318668836,21774.62663733767,rebalance,simulated
2025-05-19,2025-05-16,113682.SH,1813.3417541927308,118.183,107.15308426787976,214306.16853575953,rebalance,simulated
2025-05-19,2025-05-16,118013.SH,99.19496985882824,137.34,6.811718580205736,13623.437160411471,rebalance,simulated
2025-05-19,2025-05-16,123145.SZ,-1593.5731135817418,123.8,98.64217573070982,197284.35146141963,rebalance,simulated
2025-05-19,2025-05-16,123149.SZ,144.47773254725166,120.03,8.67083111882331,17341.66223764662,rebalance,simulated
2025-05-19,2025-05-16,123161.SZ,67.90308220332531,139.842,4.74785141073871,9495.70282147742,rebalance,simulated
2025-05-19,2025-05-16,123247.SZ,60.78749488553012,129.02,3.9214012950655484,7842.802590131097,rebalance,simulated
2025-05-19,2025-05-16,123254.SZ,1799.077976290795,119.12,107.15308426787976,214306.16853575953,rebalance,simulated
2025-05-19,2025-05-16,127049.SZ,162.91044264375137,109.525,8.921383115278434,17842.76623055687,rebalance,simulated
2025-05-19,2025-05-16,127107.SZ,-1505.9509216952586,129.5,97.51032217976798,195020.64435953597,rebalance,simulated
2025-05-19,2025-05-16,128133.SZ,111.62057312066281,131.088,7.3160588446207235,14632.117689241446,rebalance,simulated
2025-05-26,2025-05-23,110090.SH,-1732.621078153753,122.739,106.33008925575675,212660.17851151348,rebalance,simulated
2025-05-26,2025-05-23,111009.SH,1938.8978376129953,109.843,106.48717758846213,212974.35517692426,rebalance,simulated
2025-05-26,2025-05-23,113641.SH,1748.8450909584847,121.78,106.48717758846213,212974.35517692426,rebalance,simulated
2025-05-26,2025-05-23,113651.SH,9.08878597512171,148.1,0.6730246014577626,1346.049202915525,rebalance,simulated
2025-05-26,2025-05-23,113666.SH,-1702.2070750026571,124.56,106.0134566311655,212026.91326233099,rebalance,simulated
2025-05-26,2025-05-23,113669.SH,29.50508381423697,136.982,2.0208326955209044,4041.6653910418086,rebalance,simulated
2025-05-26,2025-05-23,113682.SH,-1813.3417541927308,117.873,106.87201629597989,213744.03259195978,rebalance,simulated
2025-05-26,2025-05-23,113692.SH,1698.6580993230411,125.378,106.48717758846213,212974.35517692426,rebalance,simulated
2025-05-26,2025-05-23,118013.SH,25.097527743018873,134.326,1.6856252558043765,3371.2505116087527,rebalance,simulated
2025-05-26,2025-05-23,123145.SZ,1695.9257459541668,125.58,106.48717758846213,212974.35517692426,rebalance,simulated
2025-05-26,2025-05-23,123149.SZ,10.29817472171726,118.6,0.6106817609978336,1221.363521995667,rebalance,simulated
2025-05-26,2025-05-23,123161.SZ,-100.43868112707264,148.72,7.468620328609122,14937.240657218243,rebalance,simulated
2025-05-26,2025-05-23,123247.SZ,43.73254282330163,124.929,2.7317314211861246,5463.462842372249,rebalance,simulated
2025-05-26,2025-05-23,123254.SZ,-21.28424876068766,119.797,1.27489457439205,2549.7891487841,rebalance,simulated
2025-05-26,2025-05-23,127049.SZ,-1956.6872269870762,109.65,107.27537721956647,214550.75443913293,rebalance,simulated
2025-05-26,2025-05-23,128133.SZ,19.844223239848816,128.711,1.2770849087120906,2554.169817424181,rebalance,simulated
2025-06-03,2025-05-30,111009.SH,-1938.8978376129953,108.85,105.52451481208726,211049.02962417452,rebalance,simulated
2025-06-03,2025-05-30,111014.SH,1821.258542543899,116.868,106.42342167501019,212846.84335002038,rebalance,simulated
2025-06-03,2025-05-30,113058.SH,1719.2798331988722,123.8,106.42342167501019,212846.84335002038,rebalance,simulated
2025-06-03,2025-05-30,113641.SH,-1748.8450909584847,119.91,104.85200742841594,209704.0148568319,rebalance,simulated
2025-06-03,2025-05-30,113651.SH,-19.065306162530987,150.0,1.429897962189824,2859.795924379648,rebalance,simulated
2025-06-03,2025-05-30,113669.SH,-63.2347921047749,142.704,4.5119288862598985,9023.857772519797,rebalance,simulated
2025-06-03,2025-05-30,113692.SH,-1698.6580993230411,123.192,104.63054428590205,209261.08857180408,rebalance,simulated
2025-06-03,2025-05-30,118013.SH,26.935850031759628,132.003,1.777806505871183,3555.613011742366,rebalance,simulated
2025-06-03,2025-05-30,123145.SZ,6.8490008459962155,125.0,0.42806255287476347,856.1251057495269,rebalance,simulated
2025-06-03,2025-05-30,123149.SZ,-30.837354334611973,120.6,1.859492466377102,3718.984932754204,rebalance,simulated
2025-06-03,2025-05-30,123161.SZ,-1.7710345040754873,148.815,0.13177824986199682,263.5564997239936,rebalance,simulated
2025-06-03,2025-05-30,123247.SZ,7.449315007277619,124.311,0.4630158989348441,926.0317978696881,rebalance,simulated
2025-06-03,2025-05-30,123254.SZ,15.023470209320749,118.722,0.8918082150954889,1783.6164301909778,rebalance,simulated
2025-06-03,2025-05-30,127049.SZ,1938.3016578486706,109.811,106.42342167501019,212846.84335002038,rebalance,simulated
2025-06-03,2025-05-30,128133.SZ,-5.040711272205726,129.027,0.32519392665944413,650.3878533188882,rebalance,simulated
2025-06-09,2025-06-06,111009.SH,1973.7798306588227,109.938,108.49670351148482,216993.40702296965,rebalance,simulated
2025-06-09,2025-06-06,111014.SH,-1821.258542543899,119.228,108.57250675521199,217145.01351042397,rebalance,simulated
2025-06-09,2025-06-06,113058.SH,14.074325163974208,125.187,0.8809612721512197,1761.9225443024393,rebalance,simulated
2025-06-09,2025-06-06,113641.SH,1786.6892303249867,121.45,108.49670351148482,216993.40702296965,rebalance,simulated
2025-06-09,2025-06-06,113651.SH,-1418.9789556668024,153.013,108.56111347172224,217122.22694344446,rebalance,simulated
2025-06-09,2025-06-06,113669.SH,-1491.5268202013986,152.649,113.84003878846165,227680.0775769233,rebalance,simulated
2025-06-09,2025-06-06,113692.SH,1719.6177658789704,126.187,108.49670351148482,216993.40702296965,rebalance,simulated
2025-06-09,2025-06-06,118013.SH,-51.33579198683856,139.0,3.56783754308528,7135.67508617056,rebalance,simulated
2025-06-09,2025-06-06,118055.SH,1718.201669342785,126.291,108.49670351148482,216993.40702296965,rebalance,simulated
2025-06-09,2025-06-06,123145.SZ,-5.139717947551617,127.821,0.32848194388699764,656.9638877739952,rebalance,simulated
2025-06-09,2025-06-06,123149.SZ,26.184787005804992,121.152,1.5861696576636433,3172.3393153272864,rebalance,simulated
2025-06-09,2025-06-06,123161.SZ,21.173054761767844,149.501,1.5826964299695274,3165.3928599390547,rebalance,simulated
2025-06-09,2025-06-06,123247.SZ,32.107530255957045,124.4,1.9970883819205283,3994.1767638410565,rebalance,simulated
2025-06-09,2025-06-06,123254.SZ,15.461194118652202,120.0,0.9276716471191321,1855.3432942382642,rebalance,simulated
2025-06-09,2025-06-06,127049.SZ,-1938.3016578486706,110.799,107.38094269398744,214761.88538797488,rebalance,simulated
2025-06-09,2025-06-06,128133.SZ,14.442372705544813,130.399,0.941635479215169,1883.270958430338,rebalance,simulated
2025-06-16,2025-06-13,111009.SH,-1973.7798306588227,109.798,108.35853892333871,216717.07784667742,rebalance,simulated
2025-06-16,2025-06-13,111014.SH,1702.4393520202182,117.31,99.8565801927459,199713.1603854918,rebalance,simulated
2025-06-16,2025-06-13,113058.SH,-126.31519296789816,124.274,7.848847145446288,15697.694290892576,rebalance,simulated
2025-06-16,2025-06-13,113631.SH,1556.6107590451425,128.3,99.8565801927459,199713.1603854918,rebalance,simulated
2025-06-16,2025-06-13,113641.SH,-159.69810702159134,122.75,9.801471318450169,19602.942636900338,rebalance,simulated
2025-06-16,2025-06-13,113651.SH,1340.6627041438435,148.966,99.8565801927459,199713.1603854918,rebalance,simulated
2025-06-16,2025-06-13,113682.SH,1708.5564238642467,116.89,99.8565801927459,199713.1603854918,rebalance,simulated
2025-06-16,2025-06-13,113692.SH,-1719.6177658789704,123.2,105.92845437814458,211856.90875628917,rebalance,simulated
2025-06-16,2025-06-13,118013.SH,-109.17227443394654,137.55,7.508323174194674,15016.646348389348,rebalance,simulated
2025-06-16,2025-06-13,118055.SH,-107.61166623398026,124.0,6.671923306506777,13343.846613013553,rebalance,simulated
2025-06-16,2025-06-13,123145.SZ,-140.17452518348705,128.23,8.987289682139272,17974.579364278543,rebalance,simulated
2025-06-16,2025-06-13,123149.SZ,-141.92494029914815,121.1,8.59355513511342,17187.11027022684,rebalance,simulated
2025-06-16,2025-06-13,123161.SZ,-1451.4512078378716,156.5,113.57605701331345,227152.1140266269,rebalance,simulated
2025-06-16,2025-06-13,123247.SZ,-109.2701711505872,122.145,6.673402527594237,13346.805055188473,rebalance,simulated
2025-06-16,2025-06-13,123254.SZ,-121.49758808869205,118.399,7.192596466056525,14385.19293211305,rebalance,simulated
2025-06-16,2025-06-13,128133.SZ,-133.7035860016788,130.5,8.72415898660954,17448.31797321908,rebalance,simulated
2025-06-23,2025-06-20,110090.SH,1784.444833091174,120.547,107.55473564732087,215109.47129464173,rebalance,simulated
2025-06-23,2025-06-20,111014.SH,-1702.4393520202182,116.17,98.88618976209438,197772.37952418876,rebalance,simulated
2025-06-23,2025-06-20,113058.SH,129.01687725027546,123.907,7.9930471047249405,15986.09420944988,rebalance,simulated
2025-06-23,2025-06-20,113631.SH,-1556.6107590451425,127.75,99.42851223400848,198857.02446801696,rebalance,simulated
2025-06-23,2025-06-20,113641.SH,114.78597219977655,123.5,7.088033783336202,14176.067566672404,rebalance,simulated
2025-06-23,2025-06-20,113651.SH,137.2551880755584,145.549,9.988677684604726,19977.35536920945,rebalance,simulated
2025-06-23,2025-06-20,113682.SH,-1708.5564238642467,117.073,100.01291310552948,200025.82621105894,rebalance,simulated
2025-06-23,2025-06-20,113692.SH,1762.2101721552065,122.068,107.55473564732087,215109.47129464173,rebalance,simulated
2025-06-23,2025-06-20,118013.SH,124.18157506989996,136.481,8.47421277355751,16948.425547115017,rebalance,simulated
2025-06-23,2025-06-20,118055.SH,102.07865901941068,125.599,6.410488747089481,12820.977494178962,rebalance,simulated
2025-06-23,2025-06-20,123145.SZ,162.03966655183285,125.1,10.135581142817143,20271.162285634287,rebalance,simulated
2025-06-23,2025-06-20,123149.SZ,140.77972247567527,120.177,8.459242353979615,16918.48470795923,rebalance,simulated
2025-06-23,2025-06-20,123247.SZ,120.91719419319315,122.502,7.406299061527274,14812.598123054548,rebalance,simulated
2025-06-23,2025-06-20,123254.SZ,113.29845392635843,119.5,6.769582622099916,13539.165244199832,rebalance,simulated
2025-06-23,2025-06-20,128131.SZ,1761.8926308022092,122.09,107.55473564732087,215109.47129464173,rebalance,simulated
2025-06-23,2025-06-20,128133.SZ,-1530.369045099554,127.36,97.4539007919396,194907.8015838792,rebalance,simulated
2025-06-30,2025-06-27,110090.SH,-1784.444833091174,124.436,111.02458862526667,222049.17725053334,rebalance,simulated
2025-06-30,2025-06-27,113058.SH,-3.9047243740060367,127.796,0.24950407805023775,499.0081561004755,rebalance,simulated
2025-06-30,2025-06-27,113631.SH,1708.7387921803556,129.547,110.68099215529428,221361.98431058854,rebalance,simulated
2025-06-30,2025-06-27,113641.SH,1.093421074959906,127.01,0.06943770536532884,138.87541073065768,rebalance,simulated
2025-06-30,2025-06-27,113651.SH,39.403269687435795,145.89,2.874271507350004,5748.543014700008,rebalance,simulated
2025-06-30,2025-06-27,113692.SH,-22.62679839812563,127.25,1.4396300480807431,2879.260096161486,rebalance,simulated
2025-06-30,2025-06-27,118013.SH,-4.1853779420166575,140.822,0.29469664627533493,589.3932925506698,rebalance,simulated
2025-06-30,2025-06-27,118055.SH,-37.486022917453056,132.142,2.476739020179041,4953.478040358082,rebalance,simulated
2025-06-30,2025-06-27,123145.SZ,-17.043071120103377,130.025,1.108012661195721,2216.025322391442,rebalance,simulated
2025-06-30,2025-06-27,123149.SZ,1.7405872298575105,123.55,0.10752477612444772,215.04955224889542,rebalance,simulated
2025-06-30,2025-06-27,123247.SZ,39.25774524950225,123.306,2.420357767867562,4840.715535735124,rebalance,simulated
2025-06-30,2025-06-27,123254.SZ,6.957348921302582,122.5,0.4261376214297832,852.2752428595663,rebalance,simulated
2025-06-30,2025-06-27,128131.SZ,-6.639571581277778,126.114,0.41867146520063286,837.3429304012657,rebalance,simulated
2025-07-07,2025-07-04,113058.SH,-0.09471637287720114,128.66,0.006093104267190349,12.186208534380699,rebalance,simulated
2025-07-07,2025-07-04,113631.SH,14.437879163801654,129.323,0.9335749235501607,1867.1498471003213,rebalance,simulated
2025-07-07,2025-07-04,113641.SH,4.9442023884600985,127.5,0.3151929022643313,630.3858045286626,rebalance,simulated
2025-07-07,2025-07-04,113651.SH,96.92278353496204,138.05,6.690095133500755,13380.19026700151,rebalance,simulated
2025-07-07,2025-07-04,113692.SH,29.0386632924467,126.0,1.829435787424142,3658.871574848284,rebalance,simulated
2025-07-07,2025-07-04,118013.SH,-1571.9275703412004,154.0,121.03842291627244,242076.84583254487,rebalance,simulated
2025-07-07,2025-07-04,118055.SH,8.990161679822904,132.318,0.5947801065754036,1189.5602131508072,rebalance,simulated
2025-07-07,2025-07-04,123145.SZ,-20.59765254809554,132.5,1.3645944813113295,2729.188962622659,rebalance,simulated
2025-07-07,2025-07-04,123149.SZ,16.11148354873626,123.27,0.9930312885263594,1986.0625770527188,rebalance,simulated
2025-07-07,2025-07-04,123247.SZ,14.180701304611148,123.16,0.8732475863379544,1746.4951726759089,rebalance,simulated
2025-07-07,2025-07-04,123254.SZ,1.487794196458708,123.22,0.091663000443821,183.326000887642,rebalance,simulated
2025-07-07,2025-07-04,128131.SZ,-22.71187975022235,128.624,1.4606464104962997,2921.2928209925994,rebalance,simulated
2025-07-07,2025-07-04,128141.SZ,1714.3215812497822,129.991,111.42318833412024,222846.37666824047,rebalance,simulated
2025-07-14,2025-07-11,110090.SH,1816.9369959170645,124.099,112.7400321281559,225480.0642563118,rebalance,simulated
2025-07-14,2025-07-11,113058.SH,8.054297883349363,129.578,0.521829905564322,1043.659811128644,rebalance,simulated
2025-07-14,2025-07-11,113631.SH,11.418791816945713,129.99,0.7421643741423867,1484.3287482847734,rebalance,simulated
2025-07-14,2025-07-11,113641.SH,19.270424107952067,127.6,1.2294530580873417,2458.9061161746836,rebalance,simulated
2025-07-14,2025-07-11,113651.SH,-56.09271707947664,144.71,4.0585885442855325,8117.177088571066,rebalance,simulated
2025-07-14,2025-07-11,113692.SH,-8.337991423991298,128.093,0.5340191677366586,1068.0383354733171,rebalance,simulated
2025-07-14,2025-07-11,118055.SH,34.88383964852051,131.165,2.2877694137490963,4575.538827498192,rebalance,simulated
2025-07-14,2025-07-11,123145.SZ,-12.58885084577787,135.077,0.8502321028475687,1700.4642056951373,rebalance,simulated
2025-07-14,2025-07-11,123149.SZ,-9.704201738782558,125.4,0.6084534490216664,1216.9068980433328,rebalance,simulated
2025-07-14,2025-07-11,123247.SZ,-19.028581829232962,125.94,1.1982297977867995,2396.459595573599,rebalance,simulated
2025-07-14,2025-07-11,123254.SZ,-1808.524400813508,124.12,112.2370243144863,224474.0486289726,rebalance,simulated
2025-07-14,2025-07-11,128131.SZ,11.98542986245775,129.25,0.7745584048613321,1549.1168097226641,rebalance,simulated
2025-07-14,2025-07-11,128141.SZ,16.13378176594165,130.301,1.0511239489419812,2102.2478978839627,rebalance,simulated
2025-07-21,2025-07-18,110090.SH,-1816.9369959170645,126.672,115.0775215734032,230155.0431468064,rebalance,simulated
2025-07-21,2025-07-18,111014.SH,1926.3592589088962,118.554,114.18879779034263,228377.59558068527,rebalance,simulated
2025-07-21,2025-07-18,113058.SH,25.031248717214567,129.382,1.6192965107653277,3238.5930215306553,rebalance,simulated
2025-07-21,2025-07-18,113631.SH,15.42442634606391,130.5,1.0064438190806702,2012.8876381613404,rebalance,simulated
2025-07-21,2025-07-18,113641.SH,8.859454932262452,128.595,0.569640803507145,1139.2816070142899,rebalance,simulated
2025-07-21,2025-07-18,113651.SH,-1558.151228362323,149.642,116.58243305729738,233164.86611459474,rebalance,simulated
2025-07-21,2025-07-18,113692.SH,5.704166411931055,129.32,0.36883140019546207,737.6628003909241,rebalance,simulated
2025-07-21,2025-07-18,118055.SH,10.906284178045325,132.013,0.7198856465981488,1439.7712931962976,rebalance,simulated
2025-07-21,2025-07-18,123145.SZ,-20.91805919870353,138.549,1.449088091960588,2898.176183921176,rebalance,simulated
2025-07-21,2025-07-18,123149.SZ,12.379227965258906,126.143,0.7807764766108272,1561.5529532216542,rebalance,simulated
2025-07-21,2025-07-18,123247.SZ,-2.825255142996184,127.76,0.18047729853459626,360.9545970691925,rebalance,simulated
2025-07-21,2025-07-18,127070.SZ,1813.384116092467,125.94,114.18879779034263,228377.59558068527,rebalance,simulated
2025-07-21,2025-07-18,128131.SZ,7.829755326880104,130.326,0.5102103463654882,1020.4206927309764,rebalance,simulated
2025-07-21,2025-07-18,128141.SZ,-12.038541490627722,132.9,0.7999610820522122,1599.9221641044244,rebalance,simulated
2025-07-28,2025-07-25,110090.SH,1841.5877582036921,127.713,117.59734868173406,235194.69736346812,rebalance,simulated
2025-07-28,2025-07-25,111014.SH,-1926.3592589088962,120.987,116.53221382880531,233064.42765761062,rebalance,simulated
2025-07-28,2025-07-25,113058.SH,8.600471171589106,132.598,0.5702026382051862,1140.4052764103724,rebalance,simulated
2025-07-28,2025-07-25,113631.SH,-1750.019889507167,134.327,117.5374608489146,235074.9216978292,rebalance,simulated
2025-07-28,2025-07-25,113641.SH,-66.68080902811357,137.6,4.587639661134213,9175.279322268427,rebalance,simulated
2025-07-28,2025-07-25,113692.SH,25.98504005182963,131.249,1.7052552608812934,3410.510521762587,rebalance,simulated
2025-07-28,2025-07-25,118055.SH,-10.540045617031183,136.787,0.7208706099084222,1441.7412198168445,rebalance,simulated
2025-07-28,2025-07-25,123145.SZ,-19.670625786792243,144.408,1.4202978643095472,2840.595728619094,rebalance,simulated
2025-07-28,2025-07-25,123149.SZ,20.555523804905533,128.45,1.3201785163700577,2640.3570327401153,rebalance,simulated
2025-07-28,2025-07-25,123247.SZ,-8.469193881984665,132.2,0.5598137155991864,1119.6274311983727,rebalance,simulated
2025-07-28,2025-07-25,123254.SZ,1824.614994169697,128.901,117.59734868173406,235194.69736346812,rebalance,simulated
2025-07-28,2025-07-25,127070.SZ,-11.760953655715639,130.546,0.7676727279695268,1535.3454559390536,rebalance,simulated
2025-07-28,2025-07-25,128131.SZ,26.05344527165903,132.25,1.7227840685884532,3445.5681371769065,rebalance,simulated
2025-07-28,2025-07-25,128133.SZ,1738.5898577271278,135.279,117.59734868173406,235194.69736346812,rebalance,simulated
2025-07-28,2025-07-25,128141.SZ,-1718.416821525096,135.31,116.25949006028038,232518.98012056077,rebalance,simulated
2025-08-04,2025-08-01,110090.SH,47.30298699079276,128.312,3.034770433381301,6069.540866762602,rebalance,simulated
2025-08-04,2025-08-01,113058.SH,80.01262298840311,130.744,5.230585189997888,10461.170379995776,rebalance,simulated
2025-08-04,2025-08-01,113631.SH,1854.3507314149344,130.702,121.18367464869739,242367.34929739477,rebalance,simulated
2025-08-04,2025-08-01,113641.SH,97.86990248021834,134.117,6.563008855469722,13126.017710939443,rebalance,simulated
2025-08-04,2025-08-01,113692.SH,97.07943882811446,128.301,6.227694540542956,12455.389081085912,rebalance,simulated
2025-08-04,2025-08-01,118055.SH,93.95746056090866,133.655,6.278942195634123,12557.884391268246,rebalance,simulated
2025-08-04,2025-08-01,123145.SZ,27.88509767452365,146.307,2.039892492733266,4079.7849854665315,rebalance,simulated
2025-08-04,2025-08-01,123149.SZ,75.16155804150685,127.148,4.778320890930757,9556.641781861514,rebalance,simulated
2025-08-04,2025-08-01,123247.SZ,36.53933326901188,133.49,2.438817799040198,4877.6355980803955,rebalance,simulated
2025-08-04,2025-08-01,123254.SZ,106.59894445496252,125.5,6.689083764548898,13378.167529097796,rebalance,simulated
2025-08-04,2025-08-01,127070.SZ,102.74749575491182,127.269,6.538285518615937,13076.571037231874,rebalance,simulated
2025-08-04,2025-08-01,128131.SZ,10.569576370090317,135.478,0.7159725337335481,1431.9450674670961,rebalance,simulated
2025-08-04,2025-08-01,128133.SZ,-1738.5898577271278,198.0,172.12039591498566,344240.7918299713,rebalance,simulated
2025-08-11,2025-08-08,110090.SH,-1888.890745194485,132.812,125.43367882538499,250867.35765076996,rebalance,simulated
2025-08-11,2025-08-08,111014.SH,2083.9279842107053,119.701,124.7241318190028,249448.26363800562,rebalance,simulated
2025-08-11,2025-08-08,113058.SH,2.5764994800526893,134.377,0.17311113531552014,346.22227063104026,rebalance,simulated
2025-08-11,2025-08-08,113631.SH,2.9898067522506153,134.304,0.2007715030271333,401.54300605426664,rebalance,simulated
2025-08-11,2025-08-08,113641.SH,-24.64738523638198,139.944,1.7246268397601199,3449.2536795202395,rebalance,simulated
2025-08-11,2025-08-08,113692.SH,-1889.0526909174114,132.672,125.3121993046974,250624.3986093948,rebalance,simulated
2025-08-11,2025-08-08,118055.SH,-8.400139675459513,138.2,0.5804496515742523,1160.8993031485047,rebalance,simulated
2025-08-11,2025-08-08,123145.SZ,134.15993803619267,139.3,9.34423968422082,18688.47936844164,rebalance,simulated
2025-08-11,2025-08-08,123149.SZ,14.127012097771967,129.9,0.9175494357502892,1835.0988715005785,rebalance,simulated
2025-08-11,2025-08-08,123247.SZ,-47.901825966157276,141.113,3.379785183781176,6759.570367562352,rebalance,simulated
2025-08-11,2025-08-08,123254.SZ,17.600621047259438,128.0,1.126439747024604,2252.879494049208,rebalance,simulated
2025-08-11,2025-08-08,127070.SZ,-96.77454487278169,138.0,6.677443596221937,13354.887192443874,rebalance,simulated
2025-08-11,2025-08-08,128131.SZ,24.477609772513688,137.554,1.683496567324174,3366.9931346483477,rebalance,simulated
2025-08-11,2025-08-08,128141.SZ,1860.1660226547772,134.1,124.7241318190028,249448.26363800562,rebalance,simulated
2025-08-18,2025-08-15,110090.SH,2068.844270221107,132.782,137.35263994424952,274705.279888499,rebalance,simulated
2025-08-18,2025-08-15,111014.SH,205.18730172320602,120.005,12.31175107164667,24623.50214329334,rebalance,simulated
2025-08-18,2025-08-15,113058.SH,171.01369689056355,135.5,11.58617796433568,23172.35592867136,rebalance,simulated
2025-08-18,2025-08-15,113631.SH,155.65375996201192,136.466,10.62072300348796,21241.44600697592,rebalance,simulated
2025-08-18,2025-08-15,113641.SH,222.66172216067525,137.0,15.252327968006256,30504.65593601251,rebalance,simulated
2025-08-18,2025-08-15,118055.SH,-1804.980199985569,149.508,134.92948986972124,269858.97973944247,rebalance,simulated
2025-08-18,2025-08-15,123145.SZ,170.75309561348968,140.05,11.956985520334616,23913.971040669232,rebalance,simulated
2025-08-18,2025-08-15,123149.SZ,179.85120004071837,130.802,11.762448333863022,23524.896667726043,rebalance,simulated
2025-08-18,2025-08-15,123247.SZ,-1767.7199381914184,145.2,128.33646751269697,256672.93502539393,rebalance,simulated
2025-08-18,2025-08-15,123254.SZ,167.55893715781144,129.8,10.874575021541963,21749.150043083926,rebalance,simulated
2025-08-18,2025-08-15,127070.SZ,262.5265685838997,132.7,17.418637825541744,34837.27565108349,rebalance,simulated
2025-08-18,2025-08-15,128131.SZ,221.39692902568277,135.0,14.944292709233586,29888.585418467173,rebalance,simulated
2025-08-18,2025-08-15,128141.SZ,129.01051527787308,138.1,8.908176079937137,17816.352159874274,rebalance,simulated
2025-08-19,2025-08-18,123145.SZ,-1961.4800420456907,145.0,142.20730304831258,284414.60609662515,risk_exit,simulated
2025-08-25,2025-08-22,110084.SH,2031.5723145462896,128.916,130.95108825102474,261902.17650204946,rebalance,simulated
2025-08-25,2025-08-22,110090.SH,-211.13169546245513,140.981,14.882778778996194,29765.557557992386,rebalance,simulated
2025-08-25,2025-08-22,111014.SH,-2289.1152859339113,124.839,142.88543159035177,285770.86318070354,rebalance,simulated
2025-08-25,2025-08-22,113058.SH,-189.4352284888148,142.5,13.497260029828054,26994.520059656108,rebalance,simulated
2025-08-25,2025-08-22,113631.SH,-151.7435501382547,140.713,10.676145085302116,21352.290170604232,rebalance,simulated
2025-08-25,2025-08-22,113641.SH,-159.86985446736207,141.931,11.345244157203584,22690.48831440717,rebalance,simulated
2025-08-25,2025-08-22,113666.SH,1998.002597626291,131.082,130.95108825102474,261902.17650204946,rebalance,simulated
2025-08-25,2025-08-22,118025.SH,1933.5708859509007,135.45,130.95108825102474,261902.17650204946,rebalance,simulated
2025-08-25,2025-08-22,123149.SZ,-149.8154276532789,134.285,10.058982351210277,20117.964702420555,rebalance,simulated
2025-08-25,2025-08-22,123254.SZ,-139.93229526270648,132.512,9.27135415492588,18542.70830985176,rebalance,simulated
2025-08-25,2025-08-22,127070.SZ,-152.83002815424902,136.6,10.438290922935208,20876.581845870416,rebalance,simulated
2025-08-25,2025-08-22,128131.SZ,-237.61819683065346,145.725,17.313455866573488,34626.911733146975,rebalance,simulated
2025-08-25,2025-08-22,128141.SZ,-148.96788078864256,142.322,10.600703364800593,21201.406729601185,rebalance,simulated
2025-08-26,2025-08-25,128131.SZ,-1797.2357282693392,144.476,129.82871453872053,259657.42907744105,risk_exit,simulated
2025-09-01,2025-08-29,110084.SH,-2031.5723145462896,123.001,124.94271313075409,249885.42626150817,rebalance,simulated
2025-09-01,2025-08-29,110090.SH,-243.7006387635654,134.908,16.43858288715754,32877.16577431508,rebalance,simulated
2025-09-01,2025-08-29,113058.SH,-230.07161716553287,135.426,15.578839413129726,31157.678826259453,rebalance,simulated
2025-09-01,2025-08-29,113631.SH,-1861.2507479909423,133.648,124.37621998374672,248752.43996749344,rebalance,simulated
2025-09-01,2025-08-29,113632.SH,1646.0774286454875,132.28,108.87156113061255,217743.1222612251,rebalance,simulated
2025-09-01,2025-08-29,113641.SH,-284.39557706118217,139.5,19.83659150001746,39673.183000034915,rebalance,simulated
2025-09-01,2025-08-29,113655.SH,1687.9442651588392,128.999,108.87156113061255,217743.1222612251,rebalance,simulated
2025-09-01,2025-08-29,113666.SH,-1998.002597626291,127.164,127.03700116227483,254074.00232454966,rebalance,simulated
2025-09-01,2025-08-29,113692.SH,1672.2457742202987,130.21,108.87156113061255,217743.1222612251,rebalance,simulated
2025-09-01,2025-08-29,118024.SH,1701.118142665821,128.0,108.87156113061255,217743.1222612251,rebalance,simulated
2025-09-01,2025-08-29,118025.SH,-320.65886920108505,135.0,21.64447367107324,43288.94734214648,rebalance,simulated
2025-09-01,2025-08-29,123149.SZ,-245.2178737166048,127.699,15.657038627868358,31314.077255736716,rebalance,simulated
2025-09-01,2025-08-29,123254.SZ,-391.2408356582798,137.36,26.870420593010664,53740.841186021324,rebalance,simulated
2025-09-01,2025-08-29,127052.SZ,1784.7796906657795,122.0,108.87156113061255,217743.1222612251,rebalance,simulated
2025-09-01,2025-08-29,127070.SZ,-264.5056194376002,131.743,17.423381910783885,34846.763821567765,rebalance,simulated
2025-09-01,2025-08-29,127072.SZ,1592.2714607767832,136.75,108.87156113061255,217743.1222612251,rebalance,simulated
2025-09-01,2025-08-29,128141.SZ,-208.8929828238995,133.477,13.941204334192816,27882.408668385633,rebalance,simulated
2025-09-02,2025-09-01,113641.SH,-1560.8825968546603,143.999,112.3827665322371,224765.5330644742,risk_exit,simulated
2025-09-02,2025-09-01,127052.SZ,-1784.7796906657795,122.155,109.00988155663916,218019.7631132783,risk_exit,simulated
2025-09-08,2025-09-05,110090.SH,-66.02183678393294,134.386,4.436205279022807,8872.410558045613,rebalance,simulated
2025-09-08,2025-09-05,111009.SH,1703.9340590938432,122.087,104.01409873629503,208028.19747259005,rebalance,simulated
2025-09-08,2025-09-05,111014.SH,1706.1560713912313,121.928,104.01409873629503,208028.19747259005,rebalance,simulated
2025-09-08,2025-09-05,113058.SH,-90.46981416474614,137.098,6.201615291179184,12403.230582358368,rebalance,simulated
2025-09-08,2025-09-05,113631.SH,1524.7756939177764,136.432,104.01409873629503,208028.19747259005,rebalance,simulated
2025-09-08,2025-09-05,113632.SH,-165.4496886270531,140.5,11.62284062605048,23245.68125210096,rebalance,simulated
2025-09-08,2025-09-05,113655.SH,-98.3896050895346,130.872,6.438222198638787,12876.444397277573,rebalance,simulated
2025-09-08,2025-09-05,113692.SH,-83.03112584298742,130.9,5.434387186423527,10868.774372847054,rebalance,simulated
2025-09-08,2025-09-05,118024.SH,-136.9963571576252,133.0,9.110257750982075,18220.51550196415,rebalance,simulated
2025-09-08,2025-09-05,118025.SH,-50.64615609863381,133.158,3.37197042689094,6743.94085378188,rebalance,simulated
2025-09-08,2025-09-05,123149.SZ,-94.60359850075338,129.168,6.109878805572657,12219.757611145313,rebalance,simulated
2025-09-08,2025-09-05,123158.SZ,1473.5692906759086,141.173,104.01409873629503,208028.19747259005,rebalance,simulated
2025-09-08,2025-09-05,123254.SZ,-1585.200365908744,159.6,126.49898919951778,252997.97839903555,rebalance,simulated
2025-09-08,2025-09-05,127070.SZ,-83.23672894960646,132.54,5.51609802749042,11032.19605498084,rebalance,simulated
2025-09-08,2025-09-05,127072.SZ,-66.90320413470431,136.379,4.5620960383434195,9124.192076686839,rebalance,simulated
2025-09-08,2025-09-05,128141.SZ,-89.68089239784604,134.94,6.050769810082672,12101.539620165344,rebalance,simulated
2025-09-15,2025-09-12,110090.SH,-41.81284468069748,138.2,2.889267567436196,5778.535134872392,rebalance,simulated
2025-09-15,2025-09-12,111009.SH,-1703.9340590938432,121.498,103.51229015589189,207024.58031178376,rebalance,simulated
2025-09-15,2025-09-12,111014.SH,0.2875270061338142,121.981,0.017536415867604394,35.07283173520879,rebalance,simulated
2025-09-15,2025-09-12,113058.SH,-1517.368579210419,137.005,103.94354109736173,207887.08219472345,rebalance,simulated
2025-09-15,2025-09-12,113631.SH,-4.295806583160129,136.9,0.2940479606173108,588.0959212346216,rebalance,simulated
2025-09-15,2025-09-12,113632.SH,30.75514587007433,137.724,2.117860854905058,4235.721709810116,rebalance,simulated
2025-09-15,2025-09-12,113655.SH,-10.838720925512462,131.85,0.7145426770144091,1429.085354028818,rebalance,simulated
2025-09-15,2025-09-12,113692.SH,-1589.2146483773113,132.0,104.88816679290254,209776.33358580509,rebalance,simulated
2025-09-15,2025-09-12,118024.SH,37.5902929185836,129.957,2.4425608484101846,4885.121696820369,rebalance,simulated
2025-09-15,2025-09-12,118025.SH,-6.2324861325307666,133.772,0.41686606746045285,833.7321349209057,rebalance,simulated
2025-09-15,2025-09-12,123107.SZ,1599.717924177937,130.119,104.07684828805449,208153.69657610898,rebalance,simulated
2025-09-15,2025-09-12,123149.SZ,4.760702704095365,128.865,0.30674397698162464,613.4879539632493,rebalance,simulated
2025-09-15,2025-09-12,123158.SZ,20.714245405275506,139.3,1.442747192477439,2885.494384954878,rebalance,simulated
2025-09-15,2025-09-12,127020.SZ,1530.5418865890367,136.0,104.07684828805449,208153.69657610898,rebalance,simulated
2025-09-15,2025-09-12,127066.SZ,1553.3857953440968,134.0,104.07684828805449,208153.69657610898,rebalance,simulated
2025-09-15,2025-09-12,127070.SZ,-22.399297660203047,134.54,1.5068007536018588,3013.6015072037176,rebalance,simulated
2025-09-15,2025-09-12,127072.SZ,-10.421411109990231,137.4,0.7159509432563289,1431.9018865126577,rebalance,simulated
2025-09-15,2025-09-12,127073.SZ,1614.1576253430185,128.955,104.07684828805449,208153.69657610898,rebalance,simulated
2025-09-15,2025-09-12,128141.SZ,-1541.6347819222622,135.143,104.17057466666013,208341.14933332027,rebalance,simulated
2025-09-22,2025-09-19,110090.SH,32.84870402898741,144.06,2.3660921512079636,4732.184302415927,rebalance,simulated
2025-09-22,2025-09-19,111009.SH,1873.1219498168666,118.365,110.85603979503671,221712.0795900734,rebalance,simulated
2025-09-22,2025-09-19,111014.SH,-1706.4435983973651,121.022,103.25860858262297,206517.21716524594,rebalance,simulated
2025-09-22,2025-09-19,113058.SH,1653.5682131701988,134.081,110.85603979503671,221712.0795900734,rebalance,simulated
2025-09-22,2025-09-19,113631.SH,137.42843233990266,133.73,9.18915212840759,18378.30425681518,rebalance,simulated
2025-09-22,2025-09-19,113632.SH,-1511.3828858885088,137.224,103.69900256658237,207398.00513316473,rebalance,simulated
2025-09-22,2025-09-19,113655.SH,141.10223385314703,128.916,9.095167789706151,18190.3355794123,rebalance,simulated
2025-09-22,2025-09-19,113692.SH,1628.4756887046606,136.147,110.85603979503671,221712.0795900734,rebalance,simulated
2025-09-22,2025-09-19,118024.SH,130.413543370669,128.0,8.346466775722817,16692.933551445632,rebalance,simulated
2025-09-22,2025-09-19,118025.SH,129.99004441726834,131.5,8.546845420435393,17093.690840870786,rebalance,simulated
2025-09-22,2025-09-19,123107.SZ,-1599.717924177937,129.1,103.26179200568583,206523.58401137165,rebalance,simulated
2025-09-22,2025-09-19,123149.SZ,39.28279653856248,134.0,2.6319473680836865,5263.894736167373,rebalance,simulated
2025-09-22,2025-09-19,123158.SZ,132.2328829170874,136.311,9.012398251655553,18024.796503311103,rebalance,simulated
2025-09-22,2025-09-19,127020.SZ,-1530.5418865890367,129.59,99.17146154153664,198342.92308307328,rebalance,simulated
2025-09-22,2025-09-19,127066.SZ,74.49205504962265,136.197,5.072797210796728,10145.594421593456,rebalance,simulated
2025-09-22,2025-09-19,127070.SZ,141.38917074030678,131.304,9.28248183744262,18564.963674885243,rebalance,simulated
2025-09-22,2025-09-19,127072.SZ,-1514.9468455320887,137.201,103.92611107692404,207852.2221538481,rebalance,simulated
2025-09-22,2025-09-19,127073.SZ,91.3199099652386,130.0,5.935794147740508,11871.588295481017,rebalance,simulated
2025-09-22,2025-09-19,128141.SZ,1696.9406186574724,130.654,110.85603979503671,221712.0795900734,rebalance,simulated
2025-09-29,2025-09-26,110090.SH,56.98104872814338,141.399,4.028531654555373,8057.063309110746,rebalance,simulated
2025-09-29,2025-09-26,111009.SH,-1873.1219498168666,118.971,111.42359574583122,222847.19149166244,rebalance,simulated
2025-09-29,2025-09-26,113045.SH,1677.1239211017946,134.56,112.83689741172874,225673.7948234575,rebalance,simulated
2025-09-29,2025-09-26,113058.SH,-49.26734286950864,140.668,3.465169293384021,6930.338586768042,rebalance,simulated
2025-09-29,2025-09-26,113631.SH,-1657.908319674519,133.635,110.77728914985217,221554.57829970433,rebalance,simulated
2025-09-29,2025-09-26,113632.SH,1652.464668322429,136.568,112.83689741172874,225673.7948234575,rebalance,simulated
2025-09-29,2025-09-26,113655.SH,-1719.8181729969392,127.04,109.24285034876559,218485.70069753117,rebalance,simulated
2025-09-29,2025-09-26,113671.SH,1659.3661384077757,136.0,112.83689741172874,225673.7948234575,rebalance,simulated
2025-09-29,2025-09-26,113692.SH,6.853515300132813,137.999,0.472889128951514,945.778257903028,rebalance,simulated
2025-09-29,2025-09-26,118024.SH,-9.977037195126513,131.042,0.6537054540618843,1307.4109081237686,rebalance,simulated
2025-09-29,2025-09-26,118025.SH,-1.8906217459382333,134.0,0.12667165697786165,253.34331395572326,rebalance,simulated
2025-09-29,2025-09-26,123149.SZ,19.570185659318668,134.8,1.3190305134380784,2638.0610268761566,rebalance,simulated
2025-09-29,2025-09-26,123158.SZ,-52.31899141517556,143.358,3.750172985648369,7500.345971296738,rebalance,simulated
2025-09-29,2025-09-26,127066.SZ,-22.801073555472612,140.6,1.6029154709497246,3205.830941899449,rebalance,simulated
2025-09-29,2025-09-26,127070.SZ,13.758945217449082,132.57,0.9120116837386123,1824.0233674772246,rebalance,simulated
2025-09-29,2025-09-26,127072.SZ,1607.5464071650438,140.384,112.83689741172874,225673.7948234575,rebalance,simulated
2025-09-29,2025-09-26,127073.SZ,-76.063854272463,138.5,5.267421908368063,10534.843816736126,rebalance,simulated
2025-09-29,2025-09-26,128141.SZ,-1696.9406186574724,132.369,112.31116637553548,224622.33275107096,rebalance,simulated
2025-10-09,2025-09-30,110090.SH,26.589857565600823,143.133,1.9029430414685715,3805.886082937143,rebalance,simulated
2025-10-09,2025-09-30,113045.SH,16.837239901475186,137.103,1.1542180511059763,2308.4361022119524,rebalance,simulated
2025-10-09,2025-09-30,113058.SH,39.019328506561806,141.328,2.7572618295876836,5514.523659175367,rebalance,simulated
2025-10-09,2025-09-30,113632.SH,28.70711411811476,138.146,1.9828864934805406,3965.772986961081,rebalance,simulated
2025-10-09,2025-09-30,113655.SH,1807.6522186879774,128.48,116.12357852851567,232247.15705703132,rebalance,simulated
2025-10-09,2025-09-30,113671.SH,-68.16354410238887,145.957,4.974473203276186,9948.946406552372,rebalance,simulated
2025-10-09,2025-09-30,113691.SH,1815.9915322310683,127.89,116.12357852851567,232247.15705703132,rebalance,simulated
2025-10-09,2025-09-30,113692.SH,27.1414979066692,139.7,1.8958336287808437,3791.667257561687,rebalance,simulated
2025-10-09,2025-09-30,118024.SH,11.039154629255108,134.0,0.7396233601600922,1479.2467203201845,rebalance,simulated
2025-10-09,2025-09-30,118025.SH,-1684.1327971899811,136.131,114.63134090713467,229262.68181426934,rebalance,simulated
2025-10-09,2025-09-30,123149.SZ,34.47886564786836,135.927,2.3433043854589015,4686.608770917803,rebalance,simulated
2025-10-09,2025-09-30,123158.SZ,-1574.197427583096,150.5,118.45835642562798,236916.71285125596,rebalance,simulated
2025-10-09,2025-09-30,127020.SZ,1637.0882174519004,141.866,116.12357852851567,232247.15705703132,rebalance,simulated
2025-10-09,2025-09-30,127066.SZ,-1605.0767768382468,153.7,123.35015030001927,246700.30060003852,rebalance,simulated
2025-10-09,2025-09-30,127070.SZ,-21.747758165912956,138.197,1.5027374676273364,3005.474935254673,rebalance,simulated
2025-10-09,2025-09-30,127072.SZ,35.97148639618854,141.311,2.541583357065899,5083.1667141317985,rebalance,simulated
2025-10-09,2025-09-30,127073.SZ,-17.705443304834034,144.1,1.2756771901132922,2551.3543802265845,rebalance,simulated
2025-10-13,2025-10-10,110090.SH,164.82531883697902,136.0,11.208121680914573,22416.243361829147,rebalance,simulated
2025-10-13,2025-10-10,113045.SH,-1693.9611610032698,131.0,110.95445604571418,221908.91209142836,rebalance,simulated
2025-10-13,2025-10-10,113047.SH,1702.2830001110815,142.802,121.54470849093133,243089.41698186265,rebalance,simulated
2025-10-13,2025-10-10,113058.SH,68.58915958162879,141.999,4.869796035715853,9739.592071431707,rebalance,simulated
2025-10-13,2025-10-10,113632.SH,98.80329961953339,136.569,6.746733912870027,13493.467825740054,rebalance,simulated
2025-10-13,2025-10-10,113655.SH,97.70603703667553,127.582,6.232765808606569,12465.531617213137,rebalance,simulated
2025-10-13,2025-10-10,113671.SH,-1591.2025943053868,140.88,112.08431074287145,224168.6214857429,rebalance,simulated
2025-10-13,2025-10-10,113691.SH,83.99062374356618,127.943,5.373006186811543,10746.012373623087,rebalance,simulated
2025-10-13,2025-10-10,113692.SH,125.39844906644839,135.966,8.52496276288436,17049.925525768722,rebalance,simulated
2025-10-13,2025-10-10,118024.SH,-1733.187739231577,128.0,110.92401531082093,221848.03062164187,rebalance,simulated
2025-10-13,2025-10-10,123149.SZ,73.57673289961576,136.399,5.017896395387345,10035.79279077469,rebalance,simulated
2025-10-13,2025-10-10,123158.SZ,1692.8232380352554,143.6,121.54470849093133,243089.41698186265,rebalance,simulated
2025-10-13,2025-10-10,127020.SZ,177.36396716498552,133.974,11.881080068480884,23762.160136961767,rebalance,simulated
2025-10-13,2025-10-10,127066.SZ,1722.694472268887,141.11,121.54470849093134,243089.41698186268,rebalance,simulated
2025-10-13,2025-10-10,127070.SZ,126.0527025668955,134.556,8.480573723295596,16961.147446591192,rebalance,simulated
2025-10-13,2025-10-10,127072.SZ,-1643.5178935612323,136.389,112.07888099246146,224157.76198492292,rebalance,simulated
2025-10-13,2025-10-10,127073.SZ,188.9541102828373,135.0,12.754402444091516,25508.804888183033,rebalance,simulated
2025-10-20,2025-10-17,110090.SH,-181.63888736328795,138.876,12.612641060731988,25225.282121463977,rebalance,simulated
2025-10-20,2025-10-17,113047.SH,-72.9649533463296,136.87,4.993356582256066,9986.713164512132,rebalance,simulated
2025-10-20,2025-10-17,113058.SH,-169.08292569624518,144.543,12.219876664456184,24439.753328912368,rebalance,simulated
2025-10-20,2025-10-17,113621.SH,1559.47385357127,143.0,111.5023805303458,223004.7610606916,rebalance,simulated
2025-10-20,2025-10-17,113632.SH,-83.48923516129639,131.451,5.4873717255937855,10974.74345118757,rebalance,simulated
2025-10-20,2025-10-17,113655.SH,-1905.358255724653,128.191,122.1248900797995,244249.780159599,rebalance,simulated
2025-10-20,2025-10-17,113671.SH,1564.7809778668325,142.515,111.5023805303458,223004.7610606916,rebalance,simulated
2025-10-20,2025-10-17,113691.SH,-127.76827847974755,125.834,8.038796777110276,16077.593554220553,rebalance,simulated
2025-10-20,2025-10-17,113692.SH,-71.89351992255752,129.958,4.671569031047865,9343.13806209573,rebalance,simulated
2025-10-20,2025-10-17,118024.SH,1689.686021069038,131.98,111.5023805303458,223004.7610606916,rebalance,simulated
2025-10-20,2025-10-17,123149.SZ,-70.09114805451554,130.252,4.564756108198379,9129.512216396759,rebalance,simulated
2025-10-20,2025-10-17,123158.SZ,-70.97043032113447,137.5,4.879217084577995,9758.43416915599,rebalance,simulated
2025-10-20,2025-10-17,127020.SZ,-132.5778695271631,132.593,8.789448727107569,17578.897454215137,rebalance,simulated
2025-10-20,2025-10-17,127066.SZ,-1722.694472268887,141.944,122.26307208586744,244526.14417173486,rebalance,simulated
2025-10-20,2025-10-17,127070.SZ,-181.5247392055419,137.227,12.45504769347945,24910.0953869589,rebalance,simulated
2025-10-20,2025-10-17,127073.SZ,-172.7715453224214,136.99,11.833986996859254,23667.973993718508,rebalance,simulated
2025-10-27,2025-10-24,110090.SH,-6.916654689856159,143.812,0.49734897212879703,994.697944257594,rebalance,simulated
2025-10-27,2025-10-24,113045.SH,1631.5053710370278,140.935,114.96810473355175,229936.2094671035,rebalance,simulated
2025-10-27,2025-10-24,113047.SH,61.91166731682847,135.958,4.208693232530683,8417.386465061365,rebalance,simulated
2025-10-27,2025-10-24,113058.SH,-14.45254544411614,150.445,1.0871565996700263,2174.3131993400525,rebalance,simulated
2025-10-27,2025-10-24,113621.SH,-124.41749970613091,160.228,9.967583571456974,19935.167142913946,rebalance,simulated
2025-10-27,2025-10-24,113632.SH,21.135181622411665,133.869,1.4146728143053136,2829.345628610627,rebalance,simulated
2025-10-27,2025-10-24,113655.SH,1768.8761402192745,129.99,114.96810473355175,229936.2094671035,rebalance,simulated
2025-10-27,2025-10-24,113671.SH,15.623508064376892,145.492,1.1365477176511614,2273.0954353023226,rebalance,simulated
2025-10-27,2025-10-24,113691.SH,51.22949655034313,126.1,3.230019757499134,6460.039514998268,rebalance,simulated
2025-10-27,2025-10-24,113692.SH,-1715.9756310553535,133.973,114.94720160968946,229894.4032193789,rebalance,simulated
2025-10-27,2025-10-24,118024.SH,-17.325378507263167,137.492,1.1910504708603138,2382.1009417206274,rebalance,simulated
2025-10-27,2025-10-24,123149.SZ,-7.254764926706912,134.872,0.48923232759740737,978.4646551948147,rebalance,simulated
2025-10-27,2025-10-24,123158.SZ,-1621.852807714121,142.0,115.15154934770258,230303.09869540518,rebalance,simulated
2025-10-27,2025-10-24,127020.SZ,77.3927810625612,130.7,5.057618242438374,10115.236484876748,rebalance,simulated
2025-10-27,2025-10-24,127070.SZ,-23.261043086566815,143.547,1.6695264759737034,3339.0529519474067,rebalance,simulated
2025-10-27,2025-10-24,127073.SZ,-5.170584571829522,141.698,0.3663307463295499,732.6614926590997,rebalance,simulated
2025-11-03,2025-10-31,110082.SH,1461.2620808674412,145.999,106.67140127228278,213342.80254456555,rebalance,simulated
2025-11-03,2025-10-31,110090.SH,-103.50810414094349,142.67,7.383750608894203,14767.501217788405,rebalance,simulated
2025-11-03,2025-10-31,113045.SH,-49.87614868540618,134.888,3.363846971938534,6727.693943877069,rebalance,simulated
2025-11-03,2025-10-31,113047.SH,-51.53128316824041,130.111,3.3523933921514635,6704.786784302927,rebalance,simulated
2025-11-03,2025-10-31,113058.SH,-90.075481365923,148.33,6.680448075503679,13360.896151007359,rebalance,simulated
2025-11-03,2025-10-31,113621.SH,175.05370141376648,132.502,11.597482772363445,23194.96554472689,rebalance,simulated
2025-11-03,2025-10-31,113631.SH,1562.1498319145169,136.57,106.67140127228278,213342.80254456555,rebalance,simulated
2025-11-03,2025-10-31,113632.SH,-1717.6210285211923,138.499,118.9443974145783,237888.7948291566,rebalance,simulated
2025-11-03,2025-10-31,113655.SH,-1768.8761402192745,129.706,114.7169243216406,229433.8486432812,rebalance,simulated
2025-11-03,2025-10-31,113671.SH,20.12668586492373,133.295,1.3413932961825041,2682.7865923650083,rebalance,simulated
2025-11-03,2025-10-31,113691.SH,-165.1109925687665,128.649,10.620682041489621,21241.364082979242,rebalance,simulated
2025-11-03,2025-10-31,118024.SH,-77.88225641693589,133.801,5.210361895421219,10420.723790842438,rebalance,simulated
2025-11-03,2025-10-31,123149.SZ,-109.47498272056941,133.726,7.319825769645433,14639.651539290866,rebalance,simulated
2025-11-03,2025-10-31,123158.SZ,1473.3517209450595,144.801,106.67140127228278,213342.80254456555,rebalance,simulated
2025-11-03,2025-10-31,123240.SZ,1466.2735570073235,145.5,106.67140127228278,213342.80254456555,rebalance,simulated
2025-11-03,2025-10-31,127020.SZ,-71.6420918445574,126.416,4.528353341310784,9056.706682621569,rebalance,simulated
2025-11-03,2025-10-31,127070.SZ,-1601.818285767752,182.634,146.27324040145382,292546.4808029076,rebalance,simulated
2025-11-03,2025-10-31,127073.SZ,-157.49397059498983,145.604,11.465876047256451,22931.7520945129,rebalance,simulated
2025-11-04,2025-11-03,127020.SZ,-1687.6250043077266,123.91,104.5568071418852,209113.6142837704,risk_exit,simulated
2025-11-05,2025-11-04,113621.SH,-1610.1100552789055,124.596,100.30663622376527,200613.27244753053,risk_exit,simulated
2025-11-10,2025-11-07,110082.SH,106.12901037074039,145.1,7.699659702397215,15399.319404794429,rebalance,simulated
2025-11-10,2025-11-07,110090.SH,117.60917412562412,141.0,8.291446775856501,16582.893551713,rebalance,simulated
2025-11-10,2025-11-07,113045.SH,86.41959049426919,136.344,5.891396323175319,11782.792646350637,rebalance,simulated
2025-11-10,2025-11-07,113047.SH,-1639.69843091334,125.22,102.66151875948421,205323.03751896843,risk_exit,simulated
2025-11-10,2025-11-07,113058.SH,88.06701249767298,149.0,6.560992431076636,13121.984862153273,rebalance,simulated
2025-11-10,2025-11-07,113631.SH,193.2410861053977,129.56,12.518157557907664,25036.315115815327,rebalance,simulated
2025-11-10,2025-11-07,113671.SH,109.48286855530182,132.998,7.280501276059016,14561.00255211803,rebalance,simulated
2025-11-10,2025-11-07,113691.SH,76.43838388326299,131.1,5.010536063547888,10021.072127095777,rebalance,simulated
2025-11-10,2025-11-07,118003.SH,1629.260314769397,139.59,113.71422366933007,227428.44733866013,rebalance,simulated
2025-11-10,2025-11-07,118024.SH,70.44436157595283,136.6,4.811349895637578,9622.699791275156,rebalance,simulated
2025-11-10,2025-11-07,123149.SZ,75.12658460541297,136.144,5.114016867259672,10228.033734519344,rebalance,simulated
2025-11-10,2025-11-07,123158.SZ,47.50187901923209,149.54,3.5517154942679836,7103.430988535967,rebalance,simulated
2025-11-10,2025-11-07,123240.SZ,181.7586700844165,138.0,12.541348235824739,25082.696471649477,rebalance,simulated
2025-11-10,2025-11-07,127073.SZ,5.089548561945321,154.68,0.39362568578085116,787.2513715617023,rebalance,simulated
2025-11-10,2025-11-07,128141.SZ,1657.23106036886,137.234,113.71422366933007,227428.44733866013,rebalance,simulated
2025-11-14,2025-11-13,127073.SZ,-1470.315796086502,170.0,124.97684266735266,249953.6853347053,risk_exit,simulated
2025-11-17,2025-11-14,110082.SH,34.475184948292735,143.2,2.4684232422977597,4936.8464845955195,rebalance,simulated
2025-11-17,2025-11-14,110090.SH,39.071169984501466,138.851,2.7125355117590066,5425.071023518013,rebalance,simulated
2025-11-17,2025-11-14,110094.SH,1581.130500488724,145.078,114.69362537495157,229387.25074990312,rebalance,simulated
2025-11-17,2025-11-14,111009.SH,1864.4216293862112,123.034,114.69362537495157,229387.25074990312,rebalance,simulated
2025-11-17,2025-11-14,113045.SH,23.248343713987197,135.628,1.5765631806203275,3153.126361240655,rebalance,simulated
2025-11-17,2025-11-14,113058.SH,-1526.3654183802694,150.29,114.69872936418534,229397.45872837066,rebalance,simulated
2025-11-17,2025-11-14,113631.SH,-9.673636818216664,131.4,0.6355579389568349,1271.1158779136697,rebalance,simulated
2025-11-17,2025-11-14,113632.SH,1647.246064772562,139.255,114.69362537495157,229387.25074990312,rebalance,simulated
2025-11-17,2025-11-14,113671.SH,2.124989108122463,133.977,0.14234983286946165,284.6996657389233,rebalance,simulated
2025-11-17,2025-11-14,113691.SH,-59.76327523651753,136.947,4.092200626907683,8184.4012538153665,rebalance,simulated
2025-11-17,2025-11-14,118003.SH,7.057770260407324,140.185,0.4946967619776004,989.3935239552007,rebalance,simulated
2025-11-17,2025-11-14,118024.SH,33.73876553382274,135.04,2.2780414488437115,4556.082897687423,rebalance,simulated
2025-11-17,2025-11-14,123149.SZ,-2.2283167005500673,137.5,0.15319677316281713,306.39354632563425,rebalance,simulated
2025-11-17,2025-11-14,123158.SZ,-1520.8535999642916,152.897,116.26697643687015,232533.9528737403,rebalance,simulated
2025-11-17,2025-11-14,123240.SZ,70.21146209338303,133.501,4.686650200464364,9373.300400928729,rebalance,simulated
2025-11-17,2025-11-14,128141.SZ,30.345732688465887,135.927,2.0624022035725513,4124.804407145102,rebalance,simulated
2025-11-20,2025-11-19,123240.SZ,-1718.243689185123,121.701,104.55598760875932,209111.97521751863,risk_exit,simulated
2025-11-24,2025-11-21,110082.SH,176.55497354336012,125.0,11.03468584646001,22069.371692920016,rebalance,simulated
2025-11-24,2025-11-21,110090.SH,-32.22937842761735,137.24,2.2115799477031026,4423.159895406206,rebalance,simulated
2025-11-24,2025-11-21,110094.SH,-1581.130500488724,139.5,110.28385240908851,220567.704818177,rebalance,simulated
2025-11-24,2025-11-21,111009.SH,-32.282047103858076,121.335,1.95847109267331,3916.9421853466197,rebalance,simulated
2025-11-24,2025-11-21,113045.SH,-32.928528549006614,134.049,2.207018161732894,4414.036323465788,rebalance,simulated
2025-11-24,2025-11-21,113058.SH,1541.0929373742067,144.25,111.15132810811465,222302.6562162293,rebalance,simulated
2025-11-24,2025-11-21,113631.SH,-38.323608265988696,130.2,2.494866898115864,4989.733796231728,rebalance,simulated
2025-11-24,2025-11-21,113632.SH,-1647.246064772562,136.642,112.54149839132621,225082.99678265242,rebalance,simulated
2025-11-24,2025-11-21,113671.SH,-91.51472682832105,137.171,6.276583296883813,12553.166593767626,rebalance,simulated
2025-11-24,2025-11-21,113691.SH,27.16983295146497,130.599,1.7741765068141866,3548.353013628373,rebalance,simulated
2025-11-24,2025-11-21,113692.SH,1724.4393987901087,128.913,111.15132810811465,222302.6562162293,rebalance,simulated
2025-11-24,2025-11-21,118003.SH,-18.394822902953365,137.4,1.2637243334328963,2527.4486668657923,rebalance,simulated
2025-11-24,2025-11-21,118024.SH,-16.181976621733156,132.128,1.069046103538179,2138.092207076358,rebalance,simulated
2025-11-24,2025-11-21,123149.SZ,-0.7216784259803717,133.311,0.04810383632293467,96.20767264586934,rebalance,simulated
2025-11-24,2025-11-21,123158.SZ,1596.0272550255183,139.285,111.15132810811465,222302.6562162293,rebalance,simulated
2025-11-24,2025-11-21,128141.SZ,-24.879289570195397,133.7,1.663180507767562,3326.3610155351244,rebalance,simulated
2025-11-25,2025-11-24,110082.SH,-1778.4212497298345,128.4,114.17464423265538,228349.28846531076,risk_exit,simulated
2025-12-01,2025-11-28,110090.SH,17.528002609527448,136.259,1.1941740537858003,2388.3481075716004,rebalance,simulated
2025-12-01,2025-11-28,110094.SH,1604.4153119354405,139.055,111.55098560059135,223101.9712011827,rebalance,simulated
2025-12-01,2025-11-28,111009.SH,-1832.139582282353,120.32,110.22151727010636,220443.0345402127,rebalance,simulated
2025-12-01,2025-11-28,113045.SH,-23.92195254433159,136.5,1.632673261150631,3265.3465223012618,rebalance,simulated
2025-12-01,2025-11-28,113058.SH,13.624631972014186,143.5,0.9775673439920178,1955.1346879840357,rebalance,simulated
2025-12-01,2025-11-28,113623.SH,1669.50006137048,133.634,111.55098560059135,223101.9712011827,rebalance,simulated
2025-12-01,2025-11-28,113631.SH,-1707.3936729357092,133.105,113.63131741805378,227262.63483610755,rebalance,simulated
2025-12-01,2025-11-28,113632.SH,1618.4049037828895,137.853,111.55098560059135,223101.9712011827,rebalance,simulated
2025-12-01,2025-11-28,113671.SH,-74.36536233125571,144.285,5.364903151982615,10729.80630396523,rebalance,simulated
2025-12-01,2025-11-28,113691.SH,-10.729474695730232,131.9,0.7076088561834089,1415.2177123668178,rebalance,simulated
2025-12-01,2025-11-28,113692.SH,6.1064529100365235,128.92,0.3936219545809543,787.2439091619085,rebalance,simulated
2025-12-01,2025-11-28,118003.SH,23.77575404850768,135.897,1.6155268239650238,3231.0536479300476,rebalance,simulated
2025-12-01,2025-11-28,118024.SH,21.863950870615326,130.902,1.4310174484326434,2862.034896865287,rebalance,simulated
2025-12-01,2025-11-28,123149.SZ,35.85732702492851,130.974,2.348188774881493,4696.377549762986,rebalance,simulated
2025-12-01,2025-11-28,123158.SZ,11.335649882137886,138.8,0.7866941018203694,1573.3882036407388,rebalance,simulated
2025-12-01,2025-11-28,128141.SZ,30.059375988906368,131.798,1.9808828182929408,3961.7656365858816,rebalance,simulated
2025-12-08,2025-12-05,110090.SH,-20.23167308649954,139.607,1.4122415922934706,2824.483184586941,rebalance,simulated
2025-12-08,2025-12-05,110094.SH,-1604.4153119354405,142.755,114.5191539276719,229038.3078553438,rebalance,simulated
2025-12-08,2025-12-05,113045.SH,-6.273082987386715,138.658,0.43490657043253356,869.8131408650671,rebalance,simulated
2025-12-08,2025-12-05,113058.SH,-12.456266822861608,146.382,0.911686625032064,1823.373250064128,rebalance,simulated
2025-12-08,2025-12-05,113623.SH,-1669.50006137048,134.43,112.21544662501682,224430.89325003364,rebalance,simulated
2025-12-08,2025-12-05,113631.SH,1687.3018033466199,133.799,112.8796469929872,225759.2939859744,rebalance,simulated
2025-12-08,2025-12-05,113632.SH,-4.974180281196595,139.925,0.34800608792321686,696.0121758464337,rebalance,simulated
2025-12-08,2025-12-05,113659.SH,1713.1789371972136,131.778,112.8796469929872,225759.2939859744,rebalance,simulated
2025-12-08,2025-12-05,113671.SH,40.63378796047982,142.265,2.8903829220988304,5780.765844197661,rebalance,simulated
2025-12-08,2025-12-05,113691.SH,-17.35868604922348,134.855,1.170452803584016,2340.905607168032,rebalance,simulated
2025-12-08,2025-12-05,113692.SH,19.539761257896316,128.999,1.2603048312536835,2520.609662507367,rebalance,simulated
2025-12-08,2025-12-05,118003.SH,-1641.6990161753586,137.598,112.94725061384851,225894.501227697,rebalance,simulated
2025-12-08,2025-12-05,118024.SH,3.831915677206325,132.164,0.25322065178114833,506.4413035622967,rebalance,simulated
2025-12-08,2025-12-05,123149.SZ,-27.279026886825704,134.691,1.8371197052067205,3674.239410413441,rebalance,simulated
2025-12-08,2025-12-05,123158.SZ,25.143378887082463,138.29,1.738538933147317,3477.0778662946336,rebalance,simulated
2025-12-08,2025-12-05,127026.SZ,1670.0396057609328,135.182,112.8796469929872,225759.2939859744,rebalance,simulated
2025-12-08,2025-12-05,128141.SZ,9.814738605354478,132.599,0.6507122621656991,1301.4245243313983,rebalance,simulated
2025-12-15,2025-12-12,110090.SH,132.90472466092046,136.95,9.100651021156528,18201.302042313055,rebalance,simulated
2025-12-15,2025-12-12,113045.SH,111.78724583913413,137.741,7.698843514564088,15397.687029128176,rebalance,simulated
2025-12-15,2025-12-12,113058.SH,86.69834343420939,147.127,6.377833587222463,12755.667174444927,rebalance,simulated
2025-12-15,2025-12-12,113631.SH,-1687.3018033466199,132.106,111.45134601645428,222902.69203290856,rebalance,simulated
2025-12-15,2025-12-12,113632.SH,142.04044516315162,136.524,9.695964867727056,19391.929735454112,rebalance,simulated
2025-12-15,2025-12-12,113659.SH,117.67250112581382,130.903,7.701841707436204,15403.683414872407,rebalance,simulated
2025-12-15,2025-12-12,113671.SH,176.19778500920893,135.934,11.975634853720903,23951.269707441807,rebalance,simulated
2025-12-15,2025-12-12,113691.SH,149.24069038818197,131.443,9.808322033346903,19616.644066693803,rebalance,simulated
2025-12-15,2025-12-12,113692.SH,125.21912750204638,127.8,8.001502247380763,16003.004494761526,rebalance,simulated
2025-12-15,2025-12-12,118003.SH,1757.8918688446133,136.336,119.83197291539962,239663.94583079923,rebalance,simulated
2025-12-15,2025-12-12,118024.SH,117.32099654508283,131.287,7.7013608367071456,15402.721673414291,rebalance,simulated
2025-12-15,2025-12-12,123149.SZ,123.24589801369143,133.193,8.207745447068802,16415.490894137605,rebalance,simulated
2025-12-15,2025-12-12,123158.SZ,90.61626418457831,139.087,6.3017721683202215,12603.544336640443,rebalance,simulated
2025-12-15,2025-12-12,127026.SZ,159.65170346905552,130.986,10.456069015298851,20912.138030597704,rebalance,simulated
2025-12-15,2025-12-12,128141.SZ,-1702.5716180813913,131.25,111.73126243659131,223462.5248731826,rebalance,simulated
2025-12-22,2025-12-19,110090.SH,-106.20875574899628,136.645,7.256447714660799,14512.895429321597,rebalance,simulated
2025-12-22,2025-12-19,111009.SH,1864.5391073271082,120.468,112.30864859074104,224617.29718148208,rebalance,simulated
2025-12-22,2025-12-19,113045.SH,-178.16625354925577,143.82,12.81193529272698,25623.870585453962,rebalance,simulated
2025-12-22,2025-12-19,113058.SH,-102.653639179538,147.164,7.553460078108765,15106.92015621753,rebalance,simulated
2025-12-22,2025-12-19,113632.SH,-122.25904062475115,137.531,8.407204058081327,16814.408116162653,rebalance,simulated
2025-12-22,2025-12-19,113659.SH,-1830.8514383230274,127.782,116.97492924589653,233949.85849179307,rebalance,simulated
2025-12-22,2025-12-19,113671.SH,-167.64990311758106,140.787,11.801463455107443,23602.926910214886,rebalance,simulated
2025-12-22,2025-12-19,113691.SH,-140.86629568646458,133.505,9.403177402810726,18806.354805621453,rebalance,simulated
2025-12-22,2025-12-19,113692.SH,-155.41731946864775,130.6,10.148750961302698,20297.501922605396,rebalance,simulated
2025-12-22,2025-12-19,118003.SH,-112.46444827848563,136.51,7.676260917248036,15352.521834496072,rebalance,simulated
2025-12-22,2025-12-19,118024.SH,-110.86054337859423,131.0,7.261365591297922,14522.731182595844,rebalance,simulated
2025-12-22,2025-12-19,123149.SZ,-104.28927385005477,132.511,6.909737983572303,13819.475967144606,rebalance,simulated
2025-12-22,2025-12-19,123158.SZ,-148.07663828517184,142.61,10.55860469292418,21117.209385848357,rebalance,simulated
2025-12-22,2025-12-19,127026.SZ,-1829.6913092299883,131.607,120.40009206691553,240800.18413383106,rebalance,simulated
2025-12-22,2025-12-19,127039.SZ,1613.5140951187564,139.21,112.30864859074104,224617.29718148208,rebalance,simulated
2025-12-22,2025-12-19,128141.SZ,1718.9397666025015,130.672,112.30864859074104,224617.29718148208,rebalance,simulated
2025-12-29,2025-12-26,110090.SH,130.67543198280168,139.378,9.106640179449466,18213.28035889893,rebalance,simulated
2025-12-29,2025-12-26,111009.SH,-1864.5391073271082,120.4,112.24525426109192,224490.50852218384,rebalance,simulated
2025-12-29,2025-12-26,113045.SH,-1561.7945847690314,162.0,126.50536136629155,253010.7227325831,rebalance,simulated
2025-12-29,2025-12-26,113058.SH,138.0485548921631,148.6,10.25700762848772,20514.01525697544,rebalance,simulated
2025-12-29,2025-12-26,113623.SH,1751.5799423809547,141.2,123.66154393209538,247323.08786419078,rebalance,simulated
2025-12-29,2025-12-26,113632.SH,85.5267555037417,143.898,6.153564531738712,12307.129063477423,rebalance,simulated
2025-12-29,2025-12-26,113659.SH,1894.470224926777,130.55,123.66154393209538,247323.08786419078,rebalance,simulated
2025-12-29,2025-12-26,113671.SH,168.9473895924507,140.175,11.841100168060889,23682.200336121776,rebalance,simulated
2025-12-29,2025-12-26,113691.SH,144.55194022933483,135.37,9.783998074422529,19567.996148845057,rebalance,simulated
2025-12-29,2025-12-26,113692.SH,-1719.8874209914402,130.525,112.24415281245388,224488.30562490775,rebalance,simulated
2025-12-29,2025-12-26,118003.SH,61.9092852249571,144.859,4.484058574201031,8968.117148402062,rebalance,simulated
2025-12-29,2025-12-26,118024.SH,187.84943491581453,130.0,12.210213269527944,24420.426539055887,rebalance,simulated
2025-12-29,2025-12-26,123149.SZ,153.50757187780005,133.79,10.268889020765434,20537.778041530866,rebalance,simulated
2025-12-29,2025-12-26,123158.SZ,142.5113162493867,143.997,10.26060100298147,20521.20200596294,rebalance,simulated
2025-12-29,2025-12-26,127026.SZ,1834.0607183106472,134.85,123.66154393209538,247323.08786419078,rebalance,simulated
2025-12-29,2025-12-26,127039.SZ,114.80937003980966,143.1,8.214610426348381,16429.220852696762,rebalance,simulated
2025-12-29,2025-12-26,128141.SZ,-1718.9397666025015,131.41,112.94293736461736,225885.87472923473,rebalance,simulated
2026-01-05,2025-12-31,110090.SH,-45.708697067514095,142.737,3.26216114666288,6524.322293325759,rebalance,simulated
2026-01-05,2025-12-31,113048.SH,2046.8262697190137,120.557,123.37961729925757,246759.23459851515,rebalance,simulated
2026-01-05,2025-12-31,113058.SH,11.429714041284342,147.25,0.8415126962895597,1683.0253925791194,rebalance,simulated
2026-01-05,2025-12-31,113623.SH,-1.365494353355416,140.988,0.0962591589454367,192.5183178908734,rebalance,simulated
2026-01-05,2025-12-31,113632.SH,-2.7497695068732355,143.8,0.19770842754418563,395.4168550883713,rebalance,simulated
2026-01-05,2025-12-31,113659.SH,-1894.470224926777,131.725,124.77454518923986,249549.0903784797,rebalance,simulated
2026-01-05,2025-12-31,113671.SH,23.722395896875014,138.0,1.636845316884376,3273.690633768752,rebalance,simulated
2026-01-05,2025-12-31,113691.SH,11.863961704240864,134.19,0.7960125105460407,1592.0250210920815,rebalance,simulated
2026-01-05,2025-12-31,118003.SH,-1707.3367057910848,142.405,121.56664179408972,243133.28358817945,rebalance,simulated
2026-01-05,2025-12-31,118024.SH,-8.838385841928812,130.309,0.5758606103379508,1151.7212206759016,rebalance,simulated
2026-01-05,2025-12-31,123149.SZ,-8.615335321833754,134.11,0.5777013100055625,1155.402620011125,rebalance,simulated
2026-01-05,2025-12-31,123158.SZ,-38.92297697404115,147.0,2.860838807592024,5721.677615184049,rebalance,simulated
2026-01-05,2025-12-31,127022.SZ,1872.5089892131973,131.78,123.37961729925757,246759.23459851515,rebalance,simulated
2026-01-05,2025-12-31,127026.SZ,-1834.0607183106472,134.56,123.39560512794036,246791.2102558807,rebalance,simulated
2026-01-05,2025-12-31,127039.SZ,49.48081869240741,138.8,3.4339688172530747,6867.937634506149,rebalance,simulated
2026-01-05,2025-12-31,128141.SZ,1895.3195584935954,130.194,123.37961729925757,246759.23459851515,rebalance,simulated
2026-01-12,2026-01-09,110090.SH,160.98531843242858,146.645,11.803846010761747,23607.692021523493,rebalance,simulated
2026-01-12,2026-01-09,113048.SH,140.42820001471205,126.699,8.896056256832,17792.112513664,rebalance,simulated
2026-01-12,2026-01-09,113058.SH,-1675.7842757114781,155.17,130.01572303107503,260031.44606215003,rebalance,simulated
2026-01-12,2026-01-09,113623.SH,157.20296757595315,145.287,11.419773775103753,22839.547550207506,rebalance,simulated
2026-01-12,2026-01-09,113632.SH,147.9746863638702,148.674,10.99999426023102,21999.98852046204,rebalance,simulated
2026-01-12,2026-01-09,113671.SH,136.3545631140953,144.0,9.817528544214861,19635.057088429723,rebalance,simulated
2026-01-12,2026-01-09,113691.SH,147.66501458906077,139.5,10.299634767586989,20599.26953517398,rebalance,simulated
2026-01-12,2026-01-09,113692.SH,2002.3334830982176,138.4,138.56147703039667,277122.95406079333,rebalance,simulated
2026-01-12,2026-01-09,118024.SH,163.96253058962452,134.682,11.041400772435903,22082.801544871807,rebalance,simulated
2026-01-12,2026-01-09,123149.SZ,137.91921404909954,140.11,9.661930540209669,19323.861080419338,rebalance,simulated
2026-01-12,2026-01-09,123158.SZ,-1678.6342489694907,157.0,131.77278854410503,263545.57708821003,rebalance,simulated
2026-01-12,2026-01-09,127022.SZ,-1872.5089892131973,134.159,125.60696674192667,251213.93348385333,rebalance,simulated
2026-01-12,2026-01-09,127026.SZ,1970.2598171442723,140.653,138.56147703039667,277122.95406079333,rebalance,simulated
2026-01-12,2026-01-09,127039.SZ,196.72317313691633,140.349,13.804950313296535,27609.90062659307,rebalance,simulated
2026-01-12,2026-01-09,128141.SZ,181.20776577895572,133.455,12.091541191015269,24183.082382030538,rebalance,simulated
2026-01-19,2026-01-16,110089.SH,1904.6605908728536,144.05,137.1831790576173,274366.3581152346,rebalance,simulated
2026-01-19,2026-01-16,110090.SH,-17.073777729430958,146.51,1.2507395875694647,2501.4791751389293,rebalance,simulated
2026-01-19,2026-01-16,110094.SH,1976.831048952991,138.791,137.1831790576173,274366.3581152346,rebalance,simulated
2026-01-19,2026-01-16,113048.SH,-67.056348199681,129.406,4.33874689756396,8677.493795127919,rebalance,simulated
2026-01-19,2026-01-16,113623.SH,101.47403029641987,136.576,6.92945858088192,13858.917161763839,rebalance,simulated
2026-01-19,2026-01-16,113632.SH,-1863.963800400832,146.011,136.07960923016293,272159.21846032585,rebalance,simulated
2026-01-19,2026-01-16,113659.SH,1922.5716716318257,142.708,137.1831790576173,274366.3581152346,rebalance,simulated
2026-01-19,2026-01-16,113671.SH,-8.498770799960312,143.2,0.6085119892771582,1217.0239785543165,rebalance,simulated
2026-01-19,2026-01-16,113691.SH,-11.264717504869168,138.9,0.7823346307131638,1564.6692614263275,rebalance,simulated
2026-01-19,2026-01-16,113692.SH,-2002.3334830982176,139.662,139.82494945823163,279649.89891646325,rebalance,simulated
2026-01-19,2026-01-16,118024.SH,-2057.6094360107018,133.981,137.8402849230749,275680.5698461498,rebalance,simulated
2026-01-19,2026-01-16,123149.SZ,-9.149992701692327,139.361,0.6375760664502722,1275.1521329005443,rebalance,simulated
2026-01-19,2026-01-16,127026.SZ,-3.842388742149751,139.526,0.2680565658185931,536.1131316371863,rebalance,simulated
2026-01-19,2026-01-16,127039.SZ,70.93721352991042,134.134,4.757546099810502,9515.092199621004,rebalance,simulated
2026-01-19,2026-01-16,128141.SZ,-29.490757245262103,134.031,1.9763378421698627,3952.675684339725,rebalance,simulated
2026-01-26,2026-01-23,110089.SH,179.20743238540967,148.4,13.297191482997398,26594.382965994795,rebalance,simulated
2026-01-26,2026-01-23,110090.SH,-1872.6800772318245,149.9,140.35737178852526,280714.7435770505,rebalance,simulated
2026-01-26,2026-01-23,110094.SH,226.87460665540516,140.33,15.918656775976505,31837.313551953008,rebalance,simulated
2026-01-26,2026-01-23,113048.SH,260.43031590312876,129.901,16.915079233066166,33830.15846613233,rebalance,simulated
2026-01-26,2026-01-23,113623.SH,205.13254284201844,139.676,14.326046527000884,28652.093054001765,rebalance,simulated
2026-01-26,2026-01-23,113659.SH,-1922.5716716318257,147.07,141.37630787344628,282752.6157468926,rebalance,simulated
2026-01-26,2026-01-23,113671.SH,-1915.966187955549,151.0,144.65544719064397,289310.8943812879,rebalance,simulated
2026-01-26,2026-01-23,113691.SH,-1975.279756049205,161.0,159.010020361961,318020.040723922,rebalance,simulated
2026-01-26,2026-01-23,118024.SH,2257.3196102945776,136.997,154.62300732576315,309246.0146515263,rebalance,simulated
2026-01-26,2026-01-23,123149.SZ,184.34334457028422,143.629,13.238525118642675,26477.05023728535,rebalance,simulated
2026-01-26,2026-01-23,127022.SZ,2232.613651076262,138.513,154.62300732576315,309246.0146515263,rebalance,simulated
2026-01-26,2026-01-23,127026.SZ,187.84143884036507,143.551,13.482413193486622,26964.826386973244,rebalance,simulated
2026-01-26,2026-01-23,127039.SZ,293.3746652321224,132.222,19.39529249316085,38790.58498632169,rebalance,simulated
2026-01-26,2026-01-23,127067.SZ,2207.969603178134,140.059,154.62300732576315,309246.0146515263,rebalance,simulated
2026-01-26,2026-01-23,128141.SZ,211.48651622711668,136.924,14.478789873940864,28957.579747881726,rebalance,simulated
2026-01-27,2026-01-26,127039.SZ,-2338.8393357499226,133.16,155.71992297422986,311439.8459484597,risk_exit,simulated
2026-01-30,2026-01-29,110089.SH,-2083.8680232582633,146.5,152.6433327036678,305286.66540733556,risk_exit,simulated
2026-02-02,2026-01-30,110094.SH,-173.42415234211035,136.0,11.792842359263505,23585.68471852701,rebalance,simulated
2026-02-02,2026-01-30,113048.SH,-225.15514336285014,128.101,14.421299509962234,28842.599019924466,rebalance,simulated
2026-02-02,2026-01-30,113623.SH,-119.01280159032785,131.798,7.842824612001015,15685.64922400203,rebalance,simulated
2026-02-02,2026-01-30,113632.SH,1856.8815362758232,148.7,138.05914222210745,276118.2844442149,rebalance,simulated
2026-02-02,2026-01-30,113655.SH,1968.5753509066174,140.263,138.05914222210745,276118.2844442149,rebalance,simulated
2026-02-02,2026-01-30,113671.SH,1869.656052410653,147.684,138.05914222210745,276118.2844442149,rebalance,simulated
2026-02-02,2026-01-30,118024.SH,-133.74118734349213,130.025,8.694848942168782,17389.697884337565,rebalance,simulated
2026-02-02,2026-01-30,123149.SZ,-163.76414701365616,138.8,11.365231802747738,22730.463605495475,rebalance,simulated
2026-02-02,2026-01-30,127022.SZ,-201.2567235542292,135.928,13.678211959639633,27356.423919279267,rebalance,simulated
2026-02-02,2026-01-30,127026.SZ,-166.75259096635045,138.927,11.583218602591083,23166.437205182167,rebalance,simulated
2026-02-02,2026-01-30,127067.SZ,-207.11246952440297,138.0,14.290760397183806,28581.52079436761,rebalance,simulated
2026-02-02,2026-01-30,128141.SZ,-190.0663865414317,133.49,12.68598096970786,25371.96193941572,rebalance,simulated
2026-02-09,2026-02-06,110094.SH,241.33388175240657,133.796,16.144754021472494,32289.508042944988,rebalance,simulated
2026-02-09,2026-02-06,113048.SH,173.51561055372986,130.5,11.321893588630873,22643.787177261747,rebalance,simulated
2026-02-09,2026-02-06,113623.SH,242.9353671095755,130.0,15.79079886212241,31581.597724244817,rebalance,simulated
2026-02-09,2026-02-06,113632.SH,-1856.8815362758232,148.888,138.2336890865174,276467.37817303475,rebalance,simulated
2026-02-09,2026-02-06,113655.SH,-1968.5753509066174,144.27,142.00318293764886,284006.3658752977,rebalance,simulated
2026-02-09,2026-02-06,113661.SH,2056.3805957642826,147.8,151.9665260269805,303933.052053961,rebalance,simulated
2026-02-09,2026-02-06,113671.SH,-1869.656052410653,149.52,139.77548647822044,279550.9729564409,rebalance,simulated
2026-02-09,2026-02-06,118024.SH,199.35838577683398,130.84,13.04202559752048,26084.05119504096,rebalance,simulated
2026-02-09,2026-02-06,123149.SZ,172.34581273494018,140.601,12.115996808172662,24231.993616345324,rebalance,simulated
2026-02-09,2026-02-06,127022.SZ,145.3461595936369,139.63,10.14734213202976,20294.68426405952,rebalance,simulated
2026-02-09,2026-02-06,127026.SZ,203.7918639831346,138.7,14.132965767230383,28265.931534460764,rebalance,simulated
2026-02-09,2026-02-06,127067.SZ,164.91086473555833,140.335,11.571383101332291,23142.76620266458,rebalance,simulated
2026-02-09,2026-02-06,128135.SZ,2603.3478552250676,116.747,151.9665260269805,303933.052053961,rebalance,simulated
2026-02-09,2026-02-06,128141.SZ,167.47956546387286,135.931,11.382832406534853,22765.664813069703,rebalance,simulated
2026-02-10,2026-02-09,113623.SH,-2337.9465542612384,133.65,156.23327848850727,312466.5569770145,risk_exit,simulated
2026-02-12,2026-02-11,110094.SH,-2271.6153850186925,132.331,150.30256775745428,300605.1355149086,risk_exit,simulated
2026-02-24,2026-02-13,111002.SH,2095.852584049285,146.2,153.20682389400272,306413.6477880054,rebalance,simulated
2026-02-24,2026-02-13,113048.SH,-24.58977559793766,132.969,1.6348389357410864,3269.6778714821726,rebalance,simulated
2026-02-24,2026-02-13,113632.SH,2073.1640581055844,147.8,153.20682389400272,306413.6477880054,rebalance,simulated
2026-02-24,2026-02-13,113661.SH,64.3051898234853,144.488,4.645664133607873,9291.328267215746,rebalance,simulated
2026-02-24,2026-02-13,118024.SH,-2322.9368087279195,132.22,153.56935242500276,307138.7048500055,rebalance,simulated
2026-02-24,2026-02-13,123091.SZ,2051.345953645967,149.372,153.2068238940027,306413.64778800536,rebalance,simulated
2026-02-24,2026-02-13,123149.SZ,-11.399416068044502,142.5,0.8122083948481708,1624.4167896963415,rebalance,simulated
2026-02-24,2026-02-13,127022.SZ,-7.894266544009042,141.282,0.5576588829353428,1115.3177658706857,rebalance,simulated
2026-02-24,2026-02-13,127026.SZ,-62.982187018975765,143.97,4.53377273256097,9067.54546512194,rebalance,simulated
2026-02-24,2026-02-13,127067.SZ,26.83193283029277,139.749,1.8748678905502922,3749.7357811005845,rebalance,simulated
2026-02-24,2026-02-13,128135.SZ,11.103064467811237,117.2,0.6506395778137385,1301.279155627477,rebalance,simulated
2026-02-24,2026-02-13,128141.SZ,6.125756086696583,136.666,0.4185912906722376,837.1825813444752,rebalance,simulated
2026-03-02,2026-02-27,111002.SH,-2095.852584049285,142.501,149.33054453980358,298661.08907960716,rebalance,simulated
2026-03-02,2026-02-27,113048.SH,-68.97133600397365,135.601,4.676291066737416,9352.58213347483,rebalance,simulated
2026-03-02,2026-02-27,113632.SH,69.25257201243176,141.488,4.899203954447472,9798.407908894944,rebalance,simulated
2026-03-02,2026-02-27,113661.SH,-18.562039664481745,144.2,1.3383230598091336,2676.646119618267,rebalance,simulated
2026-03-02,2026-02-27,118003.SH,2128.6955348464735,142.4,151.56312208106894,303126.24416213785,rebalance,simulated
2026-03-02,2026-02-27,123091.SZ,59.54633931952685,143.601,4.275456936311688,8550.913872623376,rebalance,simulated
2026-03-02,2026-02-27,123149.SZ,-30.210755405583313,142.98,2.1597669039451506,4319.533807890301,rebalance,simulated
2026-03-02,2026-02-27,127022.SZ,-71.06386266730124,144.501,5.134399609643848,10268.799219287695,rebalance,simulated
2026-03-02,2026-02-27,127026.SZ,84.2843691110752,137.0,5.773479284108651,11546.958568217302,rebalance,simulated
2026-03-02,2026-02-27,127067.SZ,-57.156154099907326,141.95,4.056658037240922,8113.316074481844,rebalance,simulated
2026-03-02,2026-02-27,128135.SZ,20.74202268856834,115.03,1.1929774349330082,2385.9548698660165,rebalance,simulated
2026-03-02,2026-02-27,128141.SZ,-21.35693282663624,136.5,1.4576106654179235,2915.221330835847,rebalance,simulated
2026-03-05,2026-03-04,127022.SZ,-2097.7449579043596,129.508,135.83737700413892,271674.75400827784,risk_exit,simulated
2026-03-09,2026-03-06,111002.SH,2077.2377897728975,144.758,150.34839398597256,300696.78797194513,rebalance,simulated
2026-03-09,2026-03-06,113048.SH,17.9953782264447,133.44,1.2006516352683905,2401.303270536781,rebalance,simulated
2026-03-09,2026-03-06,113631.SH,2092.1384845710627,143.727,150.34839398597256,300696.78797194513,rebalance,simulated
2026-03-09,2026-03-06,113632.SH,-30.529761798447907,142.383,2.1734595370742045,4346.919074148409,rebalance,simulated
2026-03-09,2026-03-06,113661.SH,-2102.123745923286,142.64,149.92346555924877,299846.9311184975,rebalance,simulated
2026-03-09,2026-03-06,118003.SH,-25.92079378392009,143.0,1.8533367555502864,3706.673511100573,rebalance,simulated
2026-03-09,2026-03-06,123091.SZ,-13.10529720753948,143.34,0.9392566508643545,1878.513301728709,rebalance,simulated
2026-03-09,2026-03-06,123149.SZ,-1.5823116441115417,141.94,0.11229665738259612,224.59331476519222,rebalance,simulated
2026-03-09,2026-03-06,127026.SZ,-44.97883497413386,138.722,3.119776972640899,6239.5539452817975,rebalance,simulated
2026-03-09,2026-03-06,127067.SZ,-75.87673621594104,146.0,5.539001743763697,11078.003487527392,rebalance,simulated
2026-03-09,2026-03-06,127108.SZ,2156.3827169991405,139.445,150.34839398597256,300696.78797194513,rebalance,simulated
2026-03-09,2026-03-06,128135.SZ,-2635.192942381447,115.1,151.65535383405228,303310.70766810456,rebalance,simulated
2026-03-09,2026-03-06,128141.SZ,-18.266131281049184,136.529,1.2469283188351818,2493.856637670364,rebalance,simulated
2026-03-16,2026-03-13,111002.SH,20.983532156524234,142.6,1.496125842760178,2992.2516855203557,rebalance,simulated
2026-03-16,2026-03-13,113048.SH,-18.73879498562883,133.892,1.2544873691079077,2508.9747382158153,rebalance,simulated
2026-03-16,2026-03-13,113051.SH,2232.883287366683,134.0,149.60318025356776,299206.3605071355,rebalance,simulated
2026-03-16,2026-03-13,113631.SH,51.173553445667494,139.6,3.5719140305075907,7143.828061015181,rebalance,simulated
2026-03-16,2026-03-13,113632.SH,50.94644458440371,138.34,3.5239655719032044,7047.931143806409,rebalance,simulated
2026-03-16,2026-03-13,113661.SH,2121.729970976709,141.02,149.60318025356776,299206.3605071355,rebalance,simulated
2026-03-16,2026-03-13,118003.SH,34.39828275253012,140.001,2.4078969918184847,4815.79398363697,rebalance,simulated
2026-03-16,2026-03-13,123091.SZ,-34.29485432943329,145.0,2.4863769388839136,4972.753877767827,rebalance,simulated
2026-03-16,2026-03-13,123149.SZ,-2118.4781454977115,150.05,158.93882286596582,317877.6457319316,rebalance,simulated
2026-03-16,2026-03-13,127026.SZ,33.15347865663762,135.955,2.2536905953815842,4507.381190763168,rebalance,simulated
2026-03-16,2026-03-13,127067.SZ,-2059.567040903734,148.5,152.92285278710224,305845.7055742045,rebalance,simulated
2026-03-16,2026-03-13,127108.SZ,39.20829320908024,136.276,2.6715746826803097,5343.149365360619,rebalance,simulated
2026-03-16,2026-03-13,128141.SZ,0.3937497574406734,135.828,0.026741121026825895,53.48224205365179,rebalance,simulated
2026-03-23,2026-03-20,111002.SH,-2098.2213219294217,134.5,141.10538389975363,282210.76779950724,rebalance,simulated
2026-03-23,2026-03-20,113048.SH,-206.0569921760366,131.736,13.572561960651177,27145.123921302355,rebalance,simulated
2026-03-23,2026-03-20,113051.SH,-275.0715711843725,136.501,18.773772269119014,37547.54453823803,rebalance,simulated
2026-03-23,2026-03-20,113631.SH,-189.7794570912804,136.8,12.98091486504358,25961.82973008716,rebalance,simulated
2026-03-23,2026-03-20,113632.SH,-164.00566091742303,133.7,10.963778432329729,21927.55686465946,rebalance,simulated
2026-03-23,2026-03-20,113661.SH,-211.0480632451222,139.868,14.759435254984375,29518.87050996875,rebalance,simulated
2026-03-23,2026-03-20,118003.SH,-176.48853088692022,136.301,12.027781624209055,24055.56324841811,rebalance,simulated
2026-03-23,2026-03-20,123091.SZ,-91.98832321275609,135.553,6.234646588229363,12469.293176458725,rebalance,simulated
2026-03-23,2026-03-20,123149.SZ,1881.994768102828,142.0,133.6216285353008,267243.25707060157,rebalance,simulated
2026-03-23,2026-03-20,127026.SZ,-176.20483671113584,132.0,11.629519222934965,23259.03844586993,rebalance,simulated
2026-03-23,2026-03-20,127084.SZ,1817.1531143669317,147.067,133.6216285353008,267243.25707060157,rebalance,simulated
2026-03-23,2026-03-20,127108.SZ,-201.23834550223887,134.0,13.482969148650005,26965.93829730001,rebalance,simulated
2026-03-23,2026-03-20,128141.SZ,-181.32546434747724,132.2,11.985613193368245,23971.22638673649,rebalance,simulated
2026-03-30,2026-03-27,113048.SH,-9.572330720998025,134.461,0.6435525805380578,1287.1051610761156,rebalance,simulated
2026-03-30,2026-03-27,113051.SH,-1957.8117161823104,149.999,146.8348998078152,293669.79961563036,rebalance,simulated
2026-03-30,2026-03-27,113054.SH,2082.1253607017,130.388,135.74208076558665,271484.1615311733,rebalance,simulated
2026-03-30,2026-03-27,113631.SH,39.74320124175506,136.2,2.7065120045635194,5413.024009127039,rebalance,simulated
2026-03-30,2026-03-27,113632.SH,-25.473761154833255,137.575,1.7522763454380925,3504.552690876185,rebalance,simulated
2026-03-30,2026-03-27,113661.SH,48.07827647601266,138.6,3.331824559787677,6663.649119575354,rebalance,simulated
2026-03-30,2026-03-27,113671.SH,1994.7403492371293,136.1,135.74208076558665,271484.1615311733,rebalance,simulated
2026-03-30,2026-03-27,118003.SH,-51.71454228179505,142.215,3.677291815302741,7354.5836306054825,rebalance,simulated
2026-03-30,2026-03-27,123091.SZ,-1971.5038182157648,138.251,136.28118718607385,272562.3743721477,rebalance,simulated
2026-03-30,2026-03-27,123149.SZ,120.1008184102493,135.6,8.142835488214903,16285.670976429805,rebalance,simulated
2026-03-30,2026-03-27,127026.SZ,-2024.5701293227391,130.998,132.60731890051008,265214.6378010202,rebalance,simulated
2026-03-30,2026-03-27,127067.SZ,1882.9007485655363,144.184,135.74208076558665,271484.1615311733,rebalance,simulated
2026-03-30,2026-03-27,127084.SZ,-1817.1531143669317,150.99,137.18597436913151,274371.94873826305,rebalance,simulated
2026-03-30,2026-03-27,127108.SZ,1.707636236399594,136.01,0.11612780225635438,232.25560451270877,rebalance,simulated
2026-03-30,2026-03-27,128135.SZ,2365.2772853150254,114.779,135.74208076558665,271484.1615311733,rebalance,simulated
2026-03-30,2026-03-27,128141.SZ,21.43206715763381,132.889,1.4240429862553998,2848.0859725107994,rebalance,simulated
2026-04-07,2026-04-03,113048.SH,-115.00616014704747,130.814,7.522207916737933,15044.415833475867,rebalance,simulated
2026-04-07,2026-04-03,113051.SH,1851.85427556715,134.501,124.53812595902862,249076.25191805724,rebalance,simulated
2026-04-07,2026-04-03,113054.SH,-2082.1253607017,126.094,131.2717576161601,262543.5152323202,rebalance,simulated
2026-04-07,2026-04-03,113058.SH,1726.1001518922885,144.3,124.53812595902862,249076.25191805724,rebalance,simulated
2026-04-07,2026-04-03,113631.SH,-1993.2757821672049,137.0,136.53939107845355,273078.7821569071,rebalance,simulated
2026-04-07,2026-04-03,113632.SH,-164.52126978554816,137.7,11.32728942473499,22654.57884946998,rebalance,simulated
2026-04-07,2026-04-03,113661.SH,-141.34864157310676,137.05,9.685915663797141,19371.831327594282,rebalance,simulated
2026-04-07,2026-04-03,113671.SH,-1994.7403492371293,138.329,137.96521888481143,275930.4377696229,rebalance,simulated
2026-04-07,2026-04-03,118003.SH,-214.57367909495838,147.0,15.77116541347944,31542.33082695888,rebalance,simulated
2026-04-07,2026-04-03,123149.SZ,-120.85501311385337,132.4,8.000601868137094,16001.203736274187,rebalance,simulated
2026-04-07,2026-04-03,127026.SZ,1914.3954738642597,130.107,124.53812595902862,249076.25191805724,rebalance,simulated
2026-04-07,2026-04-03,127066.SZ,1688.5495252361366,147.509,124.53812595902862,249076.25191805724,rebalance,simulated
2026-04-07,2026-04-03,127067.SZ,-188.50447701412645,147.0,13.855079060538294,27710.158121076587,rebalance,simulated
2026-04-07,2026-04-03,127084.SZ,1706.0367810164403,145.997,124.53812595902862,249076.25191805724,rebalance,simulated
2026-04-07,2026-04-03,127108.SZ,-1996.0603009423814,131.184,130.92558725941268,261851.17451882537,rebalance,simulated
2026-04-07,2026-04-03,128135.SZ,-192.5006296857914,114.635,11.03365484201535,22067.3096840307,rebalance,simulated
2026-04-07,2026-04-03,128141.SZ,-142.55131961728557,131.066,9.341815628479575,18683.63125695915,rebalance,simulated
2026-04-13,2026-04-10,110097.SH,1906.050883104973,146.3,139.4276220991288,278855.24419825757,rebalance,simulated
2026-04-13,2026-04-10,113048.SH,175.95143645494886,134.065,11.794464664166359,23588.929328332717,rebalance,simulated
2026-04-13,2026-04-10,113051.SH,139.96889727754706,140.0,9.797822809428293,19595.645618856586,rebalance,simulated
2026-04-13,2026-04-10,113058.SH,158.05690350134364,148.0,11.696210859099429,23392.421718198857,rebalance,simulated
2026-04-13,2026-04-10,113632.SH,217.58438497270845,137.61,14.970893608047207,29941.787216094413,rebalance,simulated
2026-04-13,2026-04-10,113661.SH,174.29781824672523,140.008,12.201544468543755,24403.08893708751,rebalance,simulated
2026-04-13,2026-04-10,113671.SH,1968.941262600052,141.627,139.4276220991288,278855.24419825757,rebalance,simulated
2026-04-13,2026-04-10,118003.SH,-1694.3962715514099,154.48,130.8751680146309,261750.3360292618,rebalance,simulated
2026-04-13,2026-04-10,123149.SZ,175.18369909128182,135.602,11.877629982088,23755.259964176,rebalance,simulated
2026-04-13,2026-04-10,127026.SZ,119.88606072376729,137.078,8.216870715946287,16433.741431892573,rebalance,simulated
2026-04-13,2026-04-10,127066.SZ,-1688.5495252361366,152.18,128.48173337521763,256963.46675043527,rebalance,simulated
2026-04-13,2026-04-10,127067.SZ,-1694.3962715514099,166.679,141.21013807295876,282420.2761459175,rebalance,simulated
2026-04-13,2026-04-10,127084.SZ,175.5775523051359,148.2,13.010296625810568,26020.593251621136,rebalance,simulated
2026-04-13,2026-04-10,128135.SZ,257.9698942161076,114.72,14.797153132235932,29594.306264471863,rebalance,simulated
2026-04-13,2026-04-10,128141.SZ,189.9811598073054,133.4,12.671743359147271,25343.48671829454,rebalance,simulated
2026-04-20,2026-04-17,110097.SH,-1906.050883104973,149.801,142.76416417000402,285528.32834000804,rebalance,simulated
2026-04-20,2026-04-17,113048.SH,-160.94467619793863,149.0,11.99037837674643,23980.756753492857,rebalance,simulated
2026-04-20,2026-04-17,113051.SH,-14.660158009348152,144.621,1.0600833557349696,2120.166711469939,rebalance,simulated
2026-04-20,2026-04-17,113058.SH,-1884.1570553936322,152.289,143.4681969044204,286936.39380884083,rebalance,simulated
2026-04-20,2026-04-17,113632.SH,47.77122204883949,137.856,3.2927747933824087,6585.549586764817,rebalance,simulated
2026-04-20,2026-04-17,113661.SH,40.29288736351987,140.718,2.834967262009894,5669.934524019788,rebalance,simulated
2026-04-20,2026-04-17,113671.SH,-1968.941262600052,146.221,143.9502801793211,287900.5603586422,rebalance,simulated
2026-04-20,2026-04-17,123090.SZ,2457.9379227605496,116.333,142.9696461842515,285939.292368503,rebalance,simulated
2026-04-20,2026-04-17,123091.SZ,1937.4681020198868,147.584,142.9696461842515,285939.292368503,rebalance,simulated
2026-04-20,2026-04-17,123149.SZ,-1.2291861072453685,139.13,0.08550833155052406,171.01666310104812,rebalance,simulated
2026-04-20,2026-04-17,127026.SZ,-13.523431334318502,141.501,0.9567895286187013,1913.5790572374024,rebalance,simulated
2026-04-20,2026-04-17,127066.SZ,1916.6244989141492,149.189,142.9696461842515,285939.292368503,rebalance,simulated
2026-04-20,2026-04-17,127084.SZ,87.25774798740281,145.23,6.336221370105254,12672.442740210508,rebalance,simulated
2026-04-20,2026-04-17,128135.SZ,61.31630851706905,114.74,3.517716619624251,7035.433239248502,rebalance,simulated
2026-04-20,2026-04-17,128141.SZ,-15.353055821951784,137.801,1.0578332226603888,2115.6664453207777,rebalance,simulated
2026-04-27,2026-04-24,113048.SH,-1919.055653479886,157.2,150.837774363519,301675.548727038,rebalance,simulated
2026-04-27,2026-04-24,113051.SH,-1977.1630148353488,148.929,147.22845531820684,294456.91063641367,rebalance,simulated
2026-04-27,2026-04-24,113058.SH,2343.8185810907066,145.052,169.9877864121846,339975.5728243692,rebalance,simulated
2026-04-27,2026-04-24,113632.SH,390.1707593295837,137.957,26.913393722415687,53826.787444831374,rebalance,simulated
2026-04-27,2026-04-24,113661.SH,370.6519766624649,141.5,26.223627348869393,52447.25469773878,rebalance,simulated
2026-04-27,2026-04-24,123090.SZ,498.37140614700866,115.0,28.656355853453,57312.711706906,rebalance,simulated
2026-04-27,2026-04-24,123091.SZ,394.34194348364326,145.799,28.747330508985854,57494.66101797171,rebalance,simulated
2026-04-27,2026-04-24,123149.SZ,373.2018623622339,140.0,26.124130365356375,52248.26073071275,rebalance,simulated
2026-04-27,2026-04-24,127026.SZ,433.5493195698807,138.522,30.028059422729505,60056.11884545901,rebalance,simulated
2026-04-27,2026-04-24,127066.SZ,410.0311232671047,146.122,29.95728389701794,59914.56779403588,rebalance,simulated
2026-04-27,2026-04-24,127084.SZ,436.995634752539,141.311,30.87614507125802,61752.29014251604,rebalance,simulated
2026-04-27,2026-04-24,128135.SZ,-2492.0628583624107,114.58,142.77028115558252,285540.56231116503,rebalance,simulated
2026-04-27,2026-04-24,128141.SZ,700.2947074747558,122.5,42.89305083282879,85786.10166565758,rebalance,simulated
2026-04-28,2026-04-27,123091.SZ,-2331.81004550353,147.01,171.39969739473696,342799.3947894739,risk_exit,simulated
2026-04-28,2026-04-27,123149.SZ,-2428.3969487454942,140.0,169.9877864121846,339975.5728243692,risk_exit,simulated
2026-04-28,2026-04-27,127084.SZ,-2405.867716061518,142.551,171.47942439614272,342958.8487922854,risk_exit,simulated
2026-04-28,2026-04-27,128141.SZ,-2775.310798566279,124.847,173.2446136343021,346489.2272686042,risk_exit,simulated
2026-04-30,2026-04-29,113661.SH,-2402.6542249072027,141.182,169.60576439042433,339211.52878084866,risk_exit,simulated
2026-05-06,2026-04-30,111002.SH,2348.0450371323636,144.642,169.81296513044964,339625.9302608993,rebalance,simulated
2026-05-06,2026-04-30,111010.SH,2288.584435720346,148.4,169.8129651304497,339625.93026089936,rebalance,simulated
2026-05-06,2026-04-30,113051.SH,2268.710288983964,149.7,169.8129651304497,339625.93026089936,rebalance,simulated
2026-05-06,2026-04-30,113058.SH,-2343.8185810907066,143.008,167.5924038223099,335184.8076446198,risk_exit,simulated
2026-05-06,2026-04-30,113616.SH,2932.8664098523263,115.8,169.8129651304497,339625.93026089936,rebalance,simulated
2026-05-06,2026-04-30,113631.SH,2377.600251049392,142.844,169.8129651304497,339625.93026089936,rebalance,simulated
2026-05-06,2026-04-30,113632.SH,16.292026121796425,136.91,1.1152706481675743,2230.5412963351487,rebalance,simulated
2026-05-06,2026-04-30,123090.SZ,-11.848149644662954,115.344,0.6833064863070019,1366.6129726140036,rebalance,simulated
2026-05-06,2026-04-30,127026.SZ,-21.840259619370954,139.622,1.524690364287906,3049.3807285758116,rebalance,simulated
2026-05-06,2026-04-30,127066.SZ,71.83258587594491,141.6,5.085747080016899,10171.494160033799,rebalance,simulated
2026-05-11,2026-05-08,111002.SH,-2348.0450371323636,147.94,173.68489139668094,347369.78279336187,rebalance,simulated
2026-05-11,2026-05-08,111010.SH,-2288.584435720346,155.0,177.3652937683268,354730.5875366536,rebalance,simulated
2026-05-11,2026-05-08,113051.SH,-2268.710288983964,164.8,186.94172781227863,373883.4556245573,rebalance,simulated
2026-05-11,2026-05-08,113616.SH,57.95018782502666,116.545,3.3769023200338664,6753.804640067732,rebalance,simulated
2026-05-11,2026-05-08,113631.SH,-2377.600251049392,143.279,170.33009318505293,340660.18637010583,rebalance,simulated
2026-05-11,2026-05-08,113632.SH,30.622188039312732,138.8,2.1251798499283034,4250.359699856607,rebalance,simulated
2026-05-11,2026-05-08,123090.SZ,65.85681345069906,115.79,3.812780214728223,7625.5604294564455,rebalance,simulated
2026-05-11,2026-05-08,127026.SZ,-69.31651658518695,147.5,5.112093098157538,10224.186196315075,rebalance,simulated
2026-05-11,2026-05-08,127027.SZ,2793.210356409224,124.79,174.28236018815355,348564.7203763071,rebalance,simulated
2026-05-11,2026-05-08,127066.SZ,22.503626528475706,143.976,1.6199910665319093,3239.9821330638183,rebalance,simulated
2026-05-11,2026-05-08,127108.SZ,2548.3043973030794,136.783,174.28236018815355,348564.7203763071,rebalance,simulated
2026-05-18,2026-05-15,113054.SH,2552.41084380498,133.501,170.37470002940432,340749.4000588086,rebalance,simulated
2026-05-18,2026-05-15,113616.SH,-2990.816597677353,116.666,174.46330459231305,348926.6091846261,rebalance,simulated
2026-05-18,2026-05-15,113631.SH,2436.8833587842996,139.83,170.37470002940432,340749.4000588086,rebalance,simulated
2026-05-18,2026-05-15,113632.SH,-2511.2732015584083,134.154,168.44867254093336,336897.3450818667,rebalance,simulated
2026-05-18,2026-05-15,118025.SH,2251.831537320059,151.321,170.37470002940432,340749.4000588086,rebalance,simulated
2026-05-18,2026-05-15,123090.SZ,-35.74355568993178,114.554,2.047283639252223,4094.5672785044453,rebalance,simulated
2026-05-18,2026-05-15,127026.SZ,113.02785698030766,137.611,7.776938213458559,15553.876426917117,rebalance,simulated
2026-05-18,2026-05-15,127027.SZ,89.12258267729794,118.22,5.268035862055082,10536.071724110163,rebalance,simulated
2026-05-18,2026-05-15,127066.SZ,138.72421152917377,133.12,9.233483519381807,18466.967038763614,rebalance,simulated
2026-05-18,2026-05-15,127108.SZ,-95.9524378735905,138.948,6.666199668829827,13332.399337659654,rebalance,simulated
2026-05-21,2026-05-20,127066.SZ,-2559.7160461148483,139.573,178.6336238521939,357267.24770438776,risk_exit,simulated
2026-05-25,2026-05-22,110084.SH,2399.569198923137,143.0,171.56919772300427,343138.39544600854,rebalance,simulated
2026-05-25,2026-05-22,113054.SH,-2552.41084380498,131.598,167.94608111152388,335892.16222304775,rebalance,simulated
2026-05-25,2026-05-22,113631.SH,14.105180115761868,140.0,0.9873626081033308,1974.7252162066616,rebalance,simulated
2026-05-25,2026-05-22,118025.SH,-2251.831537320059,165.07,185.85491593271107,371709.83186542214,rebalance,simulated
2026-05-25,2026-05-22,123090.SZ,48.404996030769325,113.51,2.747225549726313,5494.451099452626,rebalance,simulated
2026-05-25,2026-05-22,127026.SZ,65.58738859331743,135.0,4.427148730048926,8854.297460097852,rebalance,simulated
2026-05-25,2026-05-22,127027.SZ,25.71814269598417,117.996,1.5173189827776739,3034.637965555348,rebalance,simulated
2026-05-25,2026-05-22,127108.SZ,75.33378697578382,135.752,5.113356124768303,10226.712249536606,rebalance,simulated
2026-05-25,2026-05-22,127110.SZ,2458.0114286963367,139.6,171.5691977230043,343138.3954460086,rebalance,simulated
2026-05-26,2026-05-25,127026.SZ,-2541.7658921926563,132.516,168.412324484901,336824.648969802,risk_exit,simulated
2026-06-01,2026-05-29,110084.SH,99.1842179502778,135.26,6.707828659977287,13415.657319954575,rebalance,simulated
2026-06-01,2026-05-29,113631.SH,-2450.9885389000615,137.13,168.0520291696827,336104.0583393654,rebalance,simulated
2026-06-01,2026-05-29,113632.SH,2461.752508622421,137.293,168.99069358314904,337981.38716629805,rebalance,simulated
2026-06-01,2026-05-29,123090.SZ,-17.899081260192816,112.47,1.006554834666943,2013.109669333886,rebalance,simulated
2026-06-01,2026-05-29,127027.SZ,-9.01358807583938,116.584,0.5254200761168292,1050.8401522336583,rebalance,simulated
2026-06-01,2026-05-29,127108.SZ,10.855542210455496,133.14,0.7226534449500223,1445.3068899000446,rebalance,simulated
2026-06-01,2026-05-29,127110.SZ,-0.17947827529678761,137.512,0.01234020829630593,24.68041659261186,rebalance,simulated
2026-06-01,2026-05-29,128142.SZ,2698.6481037862845,125.241,168.99069358314904,337981.38716629805,rebalance,simulated
2026-06-08,2026-06-05,110084.SH,60.23924245301396,131.5,3.960730191285668,7921.460382571336,rebalance,simulated
2026-06-08,2026-06-05,113632.SH,-96.97714178176511,142.3,6.899923637772589,13799.847275545177,rebalance,simulated
2026-06-08,2026-06-05,113691.SH,2320.7416186305195,145.0,168.25376735071268,336507.53470142535,rebalance,simulated
2026-06-08,2026-06-05,123090.SZ,-25.054185700905236,112.921,1.4145718517659602,2829.1437035319204,rebalance,simulated
2026-06-08,2026-06-05,127027.SZ,-67.45971582339962,118.841,4.008490044084317,8016.980088168634,rebalance,simulated
2026-06-08,2026-06-05,127103.SZ,2343.8568969939774,143.57,168.25376735071268,336507.53470142535,rebalance,simulated
2026-06-08,2026-06-05,127108.SZ,61.980617886785694,129.4,4.010145977275035,8020.291954550069,rebalance,simulated
2026-06-08,2026-06-05,127110.SZ,-2457.83195042104,138.1,169.7132961765728,339426.5923531456,rebalance,simulated
2026-06-08,2026-06-05,128142.SZ,129.14630546939088,119.0,7.684205175428758,15368.410350857515,rebalance,simulated
2026-06-15,2026-06-12,110084.SH,17.24857374552721,132.552,1.1431664735585614,2286.332947117123,rebalance,simulated
2026-06-15,2026-06-12,113049.SH,3139.061349127221,108.786,170.74296396307693,341485.9279261539,rebalance,simulated
2026-06-15,2026-06-12,113616.SH,3038.293217842179,112.394,170.74296396307693,341485.9279261539,rebalance,simulated
2026-06-15,2026-06-12,113632.SH,-95.76587895923467,150.5,7.206382391682409,14412.764783364817,rebalance,simulated
2026-06-15,2026-06-12,113691.SH,-2320.7416186305195,158.593,184.02668776173496,368053.37552346993,rebalance,simulated
2026-06-15,2026-06-12,123090.SZ,38.87414797500196,113.116,2.198644061170161,4397.288122340322,rebalance,simulated
2026-06-15,2026-06-12,127027.SZ,-2831.577777883267,115.036,162.86669062828977,325733.38125657954,rebalance,simulated
2026-06-15,2026-06-12,127103.SZ,-24.342093422837934,147.223,1.7918580099952346,3583.7160199904692,rebalance,simulated
2026-06-15,2026-06-12,127108.SZ,10.306619799161126,130.796,0.6740323216255394,1348.0646432510787,rebalance,simulated
2026-06-15,2026-06-12,128142.SZ,85.90804745212199,117.2,5.034211580694349,10068.423161388697,rebalance,simulated
2026-06-22,2026-06-18,110084.SH,28.21039358789585,130.3,1.8379071422514148,3675.8142845028297,rebalance,simulated
2026-06-22,2026-06-18,113049.SH,-6.931111801393854,108.348,0.37548605072871066,750.9721014574213,rebalance,simulated
2026-06-22,2026-06-18,113616.SH,-6.939515709274019,111.95,0.38843939182661325,776.8787836532265,rebalance,simulated
2026-06-22,2026-06-18,113632.SH,131.00781743034713,141.399,9.262187188416826,18524.374376833654,rebalance,simulated
2026-06-22,2026-06-18,113691.SH,2351.2786458378623,144.33,169.68002347688937,339360.0469537787,rebalance,simulated
2026-06-22,2026-06-18,123090.SZ,-12.148529174933628,112.866,0.6855779469290294,1371.1558938580588,rebalance,simulated
2026-06-22,2026-06-18,127103.SZ,-2319.5148035711395,159.131,184.5533551035395,369106.710207079,rebalance,simulated
2026-06-22,2026-06-18,127108.SZ,63.61427418519315,126.89,4.03600762567958,8072.015251359159,rebalance,simulated
2026-06-22,2026-06-18,128142.SZ,51.9538130971373,114.43,2.972537416352711,5945.074832705422,rebalance,simulated
2026-06-29,2026-06-26,110084.SH,53.57063134366308,126.089,3.3773336677455674,6754.6673354911345,rebalance,simulated
2026-06-29,2026-06-26,113049.SH,-10.414808028089283,107.36,0.5590668949478327,1118.1337898956654,rebalance,simulated
2026-06-29,2026-06-26,113051.SH,2501.099764846307,134.0,167.57368424470258,335147.36848940514,rebalance,simulated
2026-06-29,2026-06-26,113616.SH,-44.56670908945807,112.21,2.500415213464045,5000.83042692809,rebalance,simulated
2026-06-29,2026-06-26,113632.SH,-2400.0173053117683,136.0,163.20117676120026,326402.3535224005,risk_exit,simulated
2026-06-29,2026-06-26,113691.SH,-12.480967630721352,143.299,0.8942550902573696,1788.5101805147392,rebalance,simulated
2026-06-29,2026-06-26,123090.SZ,-3006.751784893402,112.46,169.06965286455602,338139.305729112,rebalance,simulated
2026-06-29,2026-06-26,127103.SZ,2363.5216395585694,141.8,167.57368424470258,335147.36848940514,rebalance,simulated
2026-06-29,2026-06-26,127108.SZ,36.35979822711943,123.634,2.247653647005842,4495.307294011684,rebalance,simulated
2026-06-29,2026-06-26,128142.SZ,-2965.6562698049347,113.348,168.0756034349249,336151.20686984976,rebalance,simulated
2026-07-06,2026-07-03,110084.SH,-2658.0222580035147,129.68,172.3461632089479,344692.3264178958,rebalance,simulated
2026-07-06,2026-07-03,113049.SH,33.64990302051456,107.47,1.8081775388073498,3616.3550776146994,rebalance,simulated
2026-07-06,2026-07-03,113051.SH,44.52009120451885,133.212,2.965305194768182,5930.610389536364,rebalance,simulated
2026-07-06,2026-07-03,113054.SH,2763.7091464078453,122.7,169.55355613212132,339107.1122642426,rebalance,simulated
2026-07-06,2026-07-03,113616.SH,-2986.7869930434467,115.59,172.621354262946,345242.708525892,rebalance,simulated
2026-07-06,2026-07-03,113691.SH,-28.803725453444713,146.8,2.114193448282842,4228.386896565684,rebalance,simulated
2026-07-06,2026-07-03,123117.SZ,2974.6498852116474,113.999,169.55355613212132,339107.1122642426,rebalance,simulated
2026-07-06,2026-07-03,127103.SZ,-24.851899805172252,145.0,1.8017627358749884,3603.5254717499765,rebalance,simulated
2026-07-06,2026-07-03,127108.SZ,-20.586558792030246,126.052,1.2974884544264982,2594.9769088529965,rebalance,simulated
2026-07-13,2026-07-10,113049.SH,-43.847467650652106,107.668,2.360484573505206,4720.969147010412,rebalance,simulated
2026-07-13,2026-07-10,113051.SH,81.91665730628165,127.5,5.222186903275455,10444.37380655091,rebalance,simulated
2026-07-13,2026-07-10,113054.SH,-45.898693700010426,123.265,2.8288512394658927,5657.702478931786,rebalance,simulated
2026-07-13,2026-07-10,113691.SH,73.35661213913681,140.563,5.155612736056743,10311.225472113487,rebalance,simulated
2026-07-13,2026-07-10,123117.SZ,-51.34355490596454,114.6,2.941985696111768,5883.971392223536,rebalance,simulated
2026-07-13,2026-07-10,127103.SZ,32.249619432952386,141.3,2.2784356129380865,4556.8712258761725,rebalance,simulated
2026-07-13,2026-07-10,127108.SZ,20.973975559900282,123.566,1.2958351320173191,2591.6702640346384,rebalance,simulated
2026-07-20,2026-07-17,111002.SH,2347.785530480812,144.354,169.4561162335136,338912.2324670272,rebalance,simulated
2026-07-20,2026-07-17,113049.SH,-26.655513675663315,109.863,1.4642273494746993,2928.454698949399,rebalance,simulated
2026-07-20,2026-07-17,113051.SH,16.105265962755766,128.199,1.0323394955796632,2064.6789911593264,rebalance,simulated
2026-07-20,2026-07-17,113054.SH,-2717.810452707835,126.026,171.25739005647878,342514.7801129576,rebalance,simulated
2026-07-20,2026-07-17,113631.SH,2484.1656280338284,136.429,169.4561162335136,338912.2324670272,rebalance,simulated
2026-07-20,2026-07-17,113691.SH,-34.49111388493793,144.288,2.4883269201149623,4976.653840229925,rebalance,simulated
2026-07-20,2026-07-17,123117.SZ,-2923.306330305683,115.58,168.9378728283654,337875.74565673084,rebalance,simulated
2026-07-20,2026-07-17,127103.SZ,-0.8705999937228626,142.998,0.06224702895119095,124.4940579023819,rebalance,simulated
2026-07-20,2026-07-17,127108.SZ,-25.673117961832304,126.2,1.6199737433916184,3239.947486783237,rebalance,simulated
2026-07-27,2026-07-24,111002.SH,-2347.785530480812,144.277,169.36572649059005,338731.4529811801,rebalance,simulated
2026-07-27,2026-07-24,113049.SH,-17.653569881758358,111.101,0.9806646337166177,1961.3292674332354,rebalance,simulated
2026-07-27,2026-07-24,113051.SH,-42.34435344106987,131.0,2.7735551503900764,5547.110300780153,rebalance,simulated
2026-07-27,2026-07-24,113631.SH,-2484.1656280338284,136.875,170.01008516856513,340020.17033713026,rebalance,simulated
2026-07-27,2026-07-24,113691.SH,-43.306402442754916,147.804,3.200429753324474,6400.859506648948,rebalance,simulated
2026-07-27,2026-07-24,127056.SZ,2607.0687995572025,130.71,170.38498139506098,340769.96279012196,rebalance,simulated
2026-07-27,2026-07-24,127103.SZ,44.02011860648054,141.16,3.1069399712453962,6213.879942490792,rebalance,simulated
2026-07-27,2026-07-24,127108.SZ,-10.713421930371169,127.4,0.6824449769646436,1364.889953929287,rebalance,simulated
2026-07-27,2026-07-24,127110.SZ,2457.2748582336203,138.678,170.38498139506098,340769.96279012196,rebalance,simulated
2026-08-03,2026-07-31,111002.SH,2336.825326507453,147.587,172.44251973162773,344885.03946325544,rebalance,simulated
2026-08-03,2026-07-31,113049.SH,61.28395712689917,110.24,3.377971716834682,6755.943433669364,rebalance,simulated
2026-08-03,2026-07-31,113051.SH,5.563090551832829,132.299,0.36799565845846577,735.9913169169315,rebalance,simulated
2026-08-03,2026-07-31,113691.SH,-2305.55304856514,153.67,177.14716848650255,354294.3369730051,rebalance,simulated
2026-08-03,2026-07-31,127056.SZ,-0.8780575408086406,132.333,0.058097994273914925,116.19598854782984,rebalance,simulated
2026-08-03,2026-07-31,127103.SZ,-2414.068877799107,148.0,178.64109695713395,357282.1939142679,rebalance,simulated
2026-08-03,2026-07-31,127108.SZ,-1.9183591195392182,129.031,0.12376389777663244,247.52779555326487,rebalance,simulated
2026-08-03,2026-07-31,127110.SZ,11.479898124686315,139.7,0.8018708840093391,1603.7417680186782,rebalance,simulated
2026-08-10,2026-08-07,111002.SH,9.430245018962523,145.99,0.6883607351591694,1376.7214703183388,rebalance,simulated
2026-08-10,2026-08-07,113049.SH,26.71959491639882,108.56,1.4503396120621281,2900.679224124256,rebalance,simulated
2026-08-10,2026-08-07,113051.SH,-17.841152350676566,132.301,1.1802011485734303,2360.4022971468603,rebalance,simulated
2026-08-10,2026-08-07,113054.SH,2720.3044163342342,125.916,171.26492544357072,342529.8508871414,rebalance,simulated
2026-08-10,2026-08-07,127056.SZ,-2606.190742016394,130.137,169.58092229689373,339161.84459378745,rebalance,simulated
2026-08-10,2026-08-07,127103.SZ,2333.1506769780085,146.81,171.26492544357072,342529.8508871414,rebalance,simulated
2026-08-10,2026-08-07,127108.SZ,11.518103648548276,127.6,0.7348550127773801,1469.71002555476,rebalance,simulated
2026-08-10,2026-08-07,127110.SZ,16.948080268263766,137.8,1.1677227304833737,2335.4454609667473,rebalance,simulated
2026-08-17,2026-08-14,111002.SH,20.078281094598424,142.1,1.426561871771218,2853.123743542436,rebalance,simulated
2026-08-17,2026-08-14,113049.SH,-20.542430501793206,107.27,1.1017932599636786,2203.586519927357,rebalance,simulated
2026-08-17,2026-08-14,113051.SH,52.426358288047595,127.3,3.3369377050342295,6673.875410068459,rebalance,simulated
2026-08-17,2026-08-14,113054.SH,-2720.3044163342342,123.29,167.69316574492387,335386.33148984774,rebalance,simulated
2026-08-17,2026-08-14,113633.SH,2965.2992623918276,113.397,168.12802022872305,336256.04045744607,rebalance,simulated
2026-08-17,2026-08-14,113691.SH,2307.707367081505,145.71,168.12802022872305,336256.04045744607,rebalance,simulated
2026-08-17,2026-08-14,127103.SZ,83.87089042744037,139.12,5.834059138132752,11668.118276265504,rebalance,simulated
2026-08-17,2026-08-14,127108.SZ,-2.9355928663026134,125.4,0.18406167271717389,368.12334543434775,rebalance,simulated
2026-08-17,2026-08-14,127110.SZ,-2485.7028366265704,135.8,168.77922260694416,337558.4452138883,rebalance,simulated
2026-08-24,2026-08-21,111002.SH,0.7016043369767431,140.913,0.0494325859682019,98.8651719364038,rebalance,simulated
2026-08-24,2026-08-21,113049.SH,-22.042243320022862,107.159,1.1810123759651652,2362.0247519303302,rebalance,simulated
2026-08-24,2026-08-21,113051.SH,95.76924732017096,121.856,5.8350287007233765,11670.057401446753,rebalance,simulated
2026-08-24,2026-08-21,113633.SH,-5.916899593078597,112.708,0.33344095966835124,666.8819193367025,rebalance,simulated
2026-08-24,2026-08-21,113661.SH,2399.2667770559733,139.02,166.7730336731607,333546.0673463214,rebalance,simulated
2026-08-24,2026-08-21,113691.SH,-38.5784470219005,146.993,2.8353808315451103,5670.76166309022,rebalance,simulated
2026-08-24,2026-08-21,127103.SZ,26.503562968621736,136.502,1.8088946761714024,3617.7893523428047,rebalance,simulated
2026-08-24,2026-08-21,127108.SZ,6.252496408569641,124.1,0.38796740215174624,775.9348043034925,rebalance,simulated
2026-08-31,2026-08-28,110087.SH,2672.3248899727787,125.901,168.2241879862314,336448.3759724628,rebalance,simulated
2026-08-31,2026-08-28,111002.SH,-2367.035456957991,141.041,166.924523942406,333849.047884812,rebalance,simulated
2026-08-31,2026-08-28,113049.SH,31.602759550287374,107.005,1.6908266428392502,3381.6532856785,rebalance,simulated
2026-08-31,2026-08-28,113051.SH,-1.8623195055438373,123.0,0.114532649590946,229.065299181892,rebalance,simulated
2026-08-31,2026-08-28,113058.SH,2511.7272433387047,133.951,168.2241879862314,336448.3759724628,rebalance,simulated
2026-08-31,2026-08-28,113066.SH,2405.2643406667344,139.88,168.2241879862314,336448.3759724628,rebalance,simulated
2026-08-31,2026-08-28,113633.SH,-2959.382362798749,113.189,167.48476513141378,334969.5302628276,rebalance,simulated
2026-08-31,2026-08-28,113661.SH,17.921066700494976,139.19,1.2472166370209476,2494.4332740418954,rebalance,simulated
2026-08-31,2026-08-28,113691.SH,-2269.1289200596043,151.5,171.88651569451503,343773.03138903005,rebalance,simulated
2026-08-31,2026-08-28,123149.SZ,2531.9715229715744,132.88,168.2241879862314,336448.3759724628,rebalance,simulated
2026-08-31,2026-08-28,127103.SZ,-51.734702043087054,140.668,3.638708533498485,7277.41706699697,rebalance,simulated
2026-08-31,2026-08-28,127108.SZ,-2687.7201236609303,125.666,168.87751852998724,337755.03705997445,rebalance,simulated
2026-09-07,2026-09-04,110087.SH,-16.552606749514325,124.833,1.0331557791810608,2066.3115583621216,rebalance,simulated
2026-09-07,2026-09-04,113049.SH,-3144.230418881948,106.842,167.96793320709256,335935.8664141851,rebalance,simulated
2026-09-07,2026-09-04,113051.SH,31.3002867414325,119.83,1.8753566801129282,3750.7133602258564,rebalance,simulated
2026-09-07,2026-09-04,113058.SH,-0.436697327949787,132.015,0.028825298874645564,57.65059774929112,rebalance,simulated
2026-09-07,2026-09-04,113066.SH,-23.61462958987613,139.201,1.6435900267701737,3287.180053540347,rebalance,simulated
2026-09-07,2026-09-04,113661.SH,36.66672440614457,135.105,2.476928900446081,4953.857800892161,rebalance,simulated
2026-09-07,2026-09-04,113691.SH,2277.6038845260355,145.56,165.7640107158049,331528.02143160976,rebalance,simulated
2026-09-07,2026-09-04,123149.SZ,30.029229965859486,129.402,1.9429212080210745,3885.8424160421487,rebalance,simulated
2026-09-07,2026-09-04,127103.SZ,42.336013898162946,136.2,2.8830825464648964,5766.165092929793,rebalance,simulated
2026-09-07,2026-09-04,127108.SZ,2691.957463615848,123.155,165.7640107158049,331528.02143160976,rebalance,simulated
