date,nav,return,cash,receivables,long_exposure,short_exposure,net_exposure,idle_cash_weight,cost,borrow_cost,turnover,marked_prices_verified,stale_mark_count,mode,benchmark_nav,excess_nav
2019-01-07,1.0068906900440378,0.0068906900440377505,0.9999000999000999,0.0,0.10669490590424352,0.09975215609727874,0.006942749806964782,0.8933050940957565,9.990009990009991e-05,0.0,0.19980019980019983,True,0,long_short,1.0077485782538829,0.99914870809212
2019-01-08,1.0051657159618934,-0.0017131691644391989,0.9998918445973093,0.0,0.1063507292405102,0.10110396118939609,0.005246768051114113,0.8936492707594899,0.0,8.255302790644073e-06,0.0,True,0,long_short,1.0095193482717215,0.9956874206350959
2019-01-09,1.014848539118488,0.009633061497057227,0.9998834917560323,0.0,0.11594845253689545,0.10120236306086937,0.014746089476026077,0.8840515474631045,0.0,8.352841276892285e-06,0.0,True,0,long_short,1.0155958667645042,0.9992641485944631
2019-01-10,1.012781256454146,-0.002037035660648945,0.9998750502434044,0.0,0.11393389703331236,0.10119056659695749,0.01274333043635487,0.8860661029666876,0.0,8.441512628027024e-06,0.0,True,0,long_short,1.0187351359689563,0.9941556158175037
2019-01-11,1.0135475217988015,0.0007565951085410916,0.9998666269084033,0.0,0.11440027572099686,0.10090224568672886,0.013498030034268,0.8855997242790031,0.0,8.423335001044402e-06,0.0,True,0,long_short,1.0227596132822259,0.9909929064818457
2019-01-14,1.0145422669296815,0.000981448930104989,1.0144125450042045,0.0,0.09972994092879989,0.09960207841414145,0.00012786251465843733,0.9002700590712001,0.00010971968963329657,2.5217068206505767e-05,0.21629823898720985,True,0,long_short,1.0186622531270633,0.9959554934084047
2019-01-15,1.0137760035275327,-0.0007552799199463944,1.0144042394821422,0.0,0.10039333850983811,0.10101303748912306,-0.0006196989792849454,0.8996066614901619,0.0,8.305522062344463e-06,0.0,True,0,long_short,1.0241323580712793,0.9898876795932408
2019-01-16,1.014975939296451,0.0011836300768048869,1.0143958226662422,0.0,0.10075709304073686,0.10018553601386701,0.0005715570268698592,0.8992429069592631,0.0,8.416815899991781e-06,0.0,True,0,long_short,1.0246885319909682,0.9905214195423407
2019-01-17,1.0162731098735036,0.0012780308644084748,1.0143874649203366,0.0,0.10045042029038773,0.09859496929513123,0.0018554509952565007,0.8995495797096122,0.0,8.357745905719978e-06,0.0,True,0,long_short,1.0216812302623712,0.9947066460372588
2019-01-18,1.0161371010408218,-0.00013383098633679147,1.014379229351893,0.0,0.10034863058640955,0.09861867535976905,0.0017299552266405106,0.8996513694135905,0.0,8.235568443570872e-06,0.0,True,0,long_short,1.0265438602574108,0.989862333584091
2019-01-21,1.0150077512433504,-0.0011114147847910427,1.0153215553496826,0.0,0.20149322423731128,0.2018023884835427,-0.0003091642462314369,0.7985067757626887,0.00020346709518866108,2.4709338465672732e-05,0.400713110345258,True,0,long_short,1.028735652517253,0.9866555599192938
2019-01-22,1.0145088644404103,-0.0004915103380529473,1.0153047199259677,0.0,0.20087905135229062,0.20166352501580684,-0.0007844736635162293,0.7991209486477093,0.0,1.683542371481241e-05,0.0,True,0,long_short,1.0259024204887115,0.98889411329893
2019-01-23,1.0141519344503747,-0.0003518254029575285,1.0152879043560694,0.0,0.20099334487300616,0.2021134629412229,-0.0011201180682167465,0.7990066551269939,0.0,1.6815569898315328e-05,0.0,True,0,long_short,1.0267646315843104,0.9877160775255044
2019-01-24,1.0142163698810314,6.353626953514713e-05,1.015271057197761,0.0,0.20270403406123585,0.203743937722871,-0.0010399036616351555,0.7972959659387642,0.0,1.6847158308518245e-05,0.0,True,0,long_short,1.0338746004711203,0.9809858656154905
2019-01-25,1.0120489885117594,-0.002137000973003622,1.0152540730522621,0.0,0.20206121919586925,0.20522814547798107,-0.0031669262821118213,0.7979387808041307,0.0,1.6984145498840317e-05,0.0,True,0,long_short,1.0438461054027415,0.9695385011962908
2019-01-28,1.011233505243208,-0.0008057745008476225,1.013333321127885,0.0,0.09794012860362553,0.10001661823118366,-0.002076489627558135,0.9020598713963744,0.00030694249480731696,5.1213929682362045e-05,0.6056241170024602,True,0,long_short,1.0404220270345812,0.9719454980450899
2019-01-29,1.0114475792046684,0.0002116958747415687,1.0133250082383969,0.0,0.09714032388360938,0.09899650414675729,-0.0018561802631479048,0.9028596761163906,0.0,8.312889487930817e-06,0.0,True,0,long_short,1.0385334415490222,0.9739191235826226
2019-01-30,1.0110897855175467,-0.000353744172686854,1.01331677839392,0.0,0.09700056588395652,0.09920313276601965,-0.0022025668820631434,0.9029994341160434,0.0,8.229844476901034e-06,0.0,True,0,long_short,1.0396549881936872,0.9725243441328838
2019-01-31,1.0109022707167212,-0.00018545811016135172,1.0133085342891888,0.0,0.0968210298434532,0.09920134260183833,-0.0023803127583851254,0.9031789701565468,0.0,8.24410473132029e-06,0.0,True,0,long_short,1.041038346988842,0.9710519056677518
2019-02-01,1.0116736914826883,0.0007631012297757422,1.0133002918621343,0.0,0.09868808854582929,0.10029591960157445,-0.001607831055745162,0.9013119114541707,0.0,8.242427054329789e-06,0.0,True,0,long_short,1.0516767653038046,0.9619625771521534
2019-02-11,1.0127166538262782,0.0010309276126985178,1.0118172340186826,0.0,0.20095113713839938,0.2000630113193981,0.0008881258190012764,0.7990488628616006,0.0002027801733473695,8.339732319778826e-05,0.40074340527595964,True,0,long_short,1.059515916409749,0.9558295804162587
2019-02-12,1.0126783375699915,-3.7835120161089364e-05,1.0118005813767612,0.0,0.20182968581962232,0.20096291879137054,0.0008667670282517959,0.7981703141803776,0.0,1.6652641921462162e-05,0.0,True,0,long_short,1.0636337969767065,0.9520930422185232
2019-02-13,1.0112521315514127,-0.001408350475829434,1.0117838544621436,0.0,0.2025767728744052,0.20310257934159653,-0.0005258064671913299,0.7974232271255948,0.0,1.672691461765959e-05,0.0,True,0,long_short,1.0720609640206422,0.9432785685609026
2019-02-14,1.0121474477014611,0.0008853540300328699,1.011766973263545,0.0,0.2035357388278219,0.20315983071405833,0.0003759081137635714,0.7964642611721782,0.0,1.6881198598584606e-05,0.0,True,0,long_short,1.075848748997861,0.9407897240613639
2019-02-15,1.0184042257169237,0.006181686304373324,1.011750072356356,0.0,0.20729616990142363,0.2007622679472333,0.006533901954190326,0.7927038300985764,0.0,1.6900907188988634e-05,0.0,True,0,long_short,1.0688965750017514,0.9527621750638082
2019-02-18,1.0224668268527763,0.003989183305865396,1.019147154187024,0.0,0.30710506035975693,0.3038583313915708,0.003246728968186107,0.6928949396402431,0.0001059807175510786,5.0414089818569346e-05,0.20795759938673283,True,0,long_short,1.0868377833143579,0.9407722500543921
2019-02-19,1.0232844440526454,0.0007996515665802395,1.0191216184283463,0.0,0.30607678186165294,0.30200867973375134,0.004068102127901605,0.693923218138347,0.0,2.5535758677593326e-05,0.0,True,0,long_short,1.0816754845470684,0.9460179681164974
2019-02-20,1.0239613330567723,0.0006614866551142295,1.0190962178159677,0.0,0.30630691390755915,0.3015556453940488,0.004751268513510414,0.6936930860924408,0.0,2.5400612378665085e-05,0.0,True,0,long_short,1.082307017910074,0.9460913734385953
2019-02-21,1.0231696719374594,-0.0007731357559661589,1.019070838529339,0.0,0.30645184203889275,0.30244582669213327,0.004006015346759476,0.6935481579611072,0.0,2.5379286628642644e-05,0.0,True,0,long_short,1.0861560103224748,0.9420098606586774
2019-02-22,1.0233531219702616,0.00017929580775688514,1.0190454040035357,0.0,0.31040237448699065,0.30619295950183645,0.00420941498515418,0.6895976255130094,0.0,2.543452580346113e-05,0.0,True,0,long_short,1.102543328141905,0.928174971313734
2019-02-25,1.0233464209336578,-6.548117614579851e-06,1.0249998445124264,0.0,0.305986249292316,0.3076019519956684,-0.001615702703352446,0.694013750707684,0.00011304484619303785,7.726278600777161e-05,0.22055101904682203,True,0,long_short,1.1418172735165688,0.8962435975258594
2019-02-26,1.036170366702575,0.012531382830476057,1.0249739719077704,0.0,0.31107615418048096,0.300270600234333,0.01080555394614794,0.688923845819519,0.0,2.587260465591568e-05,0.0,True,0,long_short,1.1285851459107419,0.9181144820636548
2019-02-27,1.0351834957212964,-0.0009524215447496154,1.0249483994558837,0.0,0.309340375851573,0.29945314686490815,0.009887228986664835,0.6906596241484271,0.0,2.5572451886696805e-05,0.0,True,0,long_short,1.1219860645175899,0.9226348957964864
2019-02-28,1.0351368960745932,-4.5015832358052954e-05,1.0249229209116062,0.0,0.30890253307473353,0.29903526314964457,0.009867269925088972,0.6910974669252665,0.0,2.547854427750891e-05,0.0,True,0,long_short,1.1222761806843489,0.9223548658436115
2019-03-01,1.03355974360388,-0.001523617288393675,1.0248974790677066,0.0,0.30888760350034494,0.3005066031858695,0.008381000314475426,0.6911123964996551,0.0,2.544184389974566e-05,0.0,True,0,long_short,1.134866868521476,0.9107321504155103
2019-03-04,1.0449998883792029,0.011068682624415072,1.0322793657368436,0.0,0.5076297311976727,0.4954569809573937,0.012172750240279015,0.49237026880232726,0.0003151743182531147,7.658421231946688e-05,0.6104512585090714,True,0,long_short,1.148732298491325,0.9096983603156645
2019-03-05,1.0590209184693913,0.013417255107974313,1.0322368107376823,0.0,0.5183495417038272,0.49305815485339527,0.02529138685043196,0.4816504582961728,0.0,4.25549991614115e-05,0.0,True,0,long_short,1.1597422070198207,0.913152002280531
2019-03-06,1.063021541512954,0.0037776619647371668,1.0321938935678183,0.0,0.5252605841533217,0.4962605622899263,0.02900002186339529,0.47473941584667834,0.0,4.291716986397255e-05,0.0,True,0,long_short,1.1656453634129549,0.9119596533206952
2019-03-07,1.0673285062859799,0.004051625112785562,1.032150534471825,0.0,0.5236962467915356,0.49073734837649663,0.032958898415038955,0.4763037532084644,0.0,4.335909599322105e-05,0.0,True,0,long_short,1.1577269610614573,0.921917293268703
2019-03-08,1.0661135103297787,-0.0011383523901454806,1.0321074842284534,0.0,0.5127040944300313,0.4808069035851217,0.031897190844909606,0.4872959055699687,0.0,4.3050243371624275e-05,0.0,True,0,long_short,1.1300824283713797,0.943394467132995
2019-03-11,1.0854865436867862,0.018171642296339385,1.0704246436047105,0.0,0.6155211885973139,0.6016454752873001,0.013875713310013804,0.38447881140268614,0.00033563112489933835,0.00012639322251910496,0.6269024595334236,True,0,long_short,1.150183586925526,0.9437506812180508
2019-03-12,1.0811951890106895,-0.003953392790592702,1.0703709659553273,0.0,0.6209510467094234,0.6109396970795137,0.010011349629909735,0.37904895329057664,0.0,5.367764938310179e-05,0.0,True,0,long_short,1.1607558446024595,0.9314578893040006
2019-03-13,1.0723056614440727,-0.00822194517416508,1.0703166745804293,0.0,0.6122087022925794,0.6103538329813752,0.0018548693112042307,0.3877912977074206,0.0,5.429137489791929e-05,0.0,True,0,long_short,1.1487100090785132,0.9334868269357803
2019-03-14,1.060888791775129,-0.0106470291815568,1.070262881221203,0.0,0.6011046947329111,0.6099407664482024,-0.00883607171529127,0.39889530526708894,0.0,5.379335922657686e-05,0.0,True,0,long_short,1.13688954428411,0.9331502757756137
2019-03-15,1.0682514199141298,0.006940056484790569,1.0702096966193313,0.0,0.6073686412656067,0.6092018021383151,-0.0018331608727083456,0.39263135873439325,0.0,5.318460187164079e-05,0.0,True,0,long_short,1.145301497919301,0.9327250700840345
2019-03-18,1.072457287776371,0.003937151670324379,1.0706274380136647,0.0,0.6057069195081227,0.6040006979330889,0.001706221575033839,0.3942930804918773,0.00044472419824648663,0.00016046647154346617,0.8304280774659852,True,0,long_short,1.1673722622055764,0.918693481503597
2019-03-19,1.0857835546167374,0.012425918488555343,1.0705741970588438,0.0,0.6120651547016493,0.5980574295954589,0.014007725106190479,0.38793484529835065,0.0,5.324095482085114e-05,0.0,True,0,long_short,1.172762054503629,0.9258344865841475
2019-03-20,1.0846156932665905,-0.0010755931467015811,1.0705208249282874,0.0,0.6096798154397666,0.5966845504571506,0.012995264982615964,0.39032018456023343,0.0,5.33721305565293e-05,0.0,True,0,long_short,1.1704170667557299,0.9266916247838289
2019-03-21,1.0934753191083264,0.008168447033117365,1.0704676325917923,0.0,0.6177047982323404,0.5966639149911019,0.021040883241238498,0.38229520176765963,0.0,5.319233649497641e-05,0.0,True,0,long_short,1.180053522894765,0.9266319687143889
2019-03-22,1.0840754180074264,-0.008596354153256214,1.0704140076111202,0.0,0.6169327318007162,0.604330831444543,0.01260190035617312,0.38306726819928383,0.0,5.362498067221796e-05,0.0,True,0,long_short,1.1788421109984455,0.9196103599397595
2019-03-25,1.0862182032197756,0.0019766016060835945,1.0830839601844364,0.0,0.600223215633802,0.5973377520814065,0.002885463552395479,0.399776784366198,0.0007680320965877731,0.00016154141886074428,1.4172268945530253,True,0,long_short,1.1634687845618574,0.9336032196418805
2019-03-26,1.0711822111085523,-0.013842515312902592,1.0830306309400708,0.0,0.586339607448426,0.597400675965664,-0.011061068517238112,0.41366039255157405,0.0,5.33292443655785e-05,0.0,True,0,long_short,1.1412306727793908,0.9386202427417761
2019-03-27,1.0717011248750457,0.00048443090364269636,1.0829780343666189,0.0,0.5866427628858627,0.5971652016795032,-0.010522438793640503,0.4133572371141373,0.0,5.259657345194333e-05,0.0,True,0,long_short,1.14270495822681,0.9378633716073619
2019-03-28,1.0705358499288484,-0.0010873133555150405,1.0829254330555194,0.0,0.5832160716753322,0.5947893255065742,-0.011573253831241961,0.4167839283246678,0.0,5.260131109941016e-05,0.0,True,0,long_short,1.138167470618662,0.9405784979489427
2019-03-29,1.0758151635627586,0.004931468324261168,1.0828730979900856,0.0,0.5925177112990607,0.5990782568893956,-0.0065605455903349486,0.4074822887009393,0.0,5.233506543368112e-05,0.0,True,0,long_short,1.1621271741906998,0.9257292897500238
2019-04-01,1.0915596022158633,0.014634891927870042,1.0783812942654956,0.0,0.7131270951292595,0.7010541786127307,0.01207291651652886,0.28687290487074046,0.0005430336246150759,0.00015891718510414293,1.0066204099355225,True,0,long_short,1.1923441881594394,0.9154735797394609
2019-04-02,1.088731503355466,-0.002590879008948499,1.0783183976282074,0.0,0.7177585751777464,0.7081941364753065,0.009564438702439908,0.28224142482225356,0.0,6.28966372880779e-05,0.0,True,0,long_short,1.1967157434722093,0.9097661740427744
2019-04-03,1.0858762837679217,-0.0026225194905673543,1.0782550250309304,0.0,0.7190807110300016,0.7120621778408007,0.007018533189200929,0.2809192889699984,0.0,6.337259727717424e-05,0.0,True,0,long_short,1.2002891255261894,0.9046789316631434
2019-04-04,1.0958722785828325,0.009205463793928281,1.0781914734064248,0.0,0.7213903413627678,0.7052563396894409,0.016134001673326837,0.2786096586372322,0.0,6.355162450565437e-05,0.0,True,0,long_short,1.2072200715100971,0.9077651245576285
2019-04-08,1.1128360376282709,0.015479686252649616,1.111777815863293,0.0,0.4970127712108376,0.4960618478679582,0.000950923342879397,0.5029872287891624,0.0006854883533647058,0.0002540945332472731,1.2323792627881662,True,0,long_short,1.2029497030554892,0.925089415460738
2019-04-09,1.110510249802214,-0.002089964511765685,1.1117324430823725,0.0,0.49479192762714913,0.4958924967397496,-0.001100569112600484,0.5052080723728509,0.0,4.537278092054275e-05,0.0,True,0,long_short,1.1934671500049177,0.930490839063009
2019-04-10,1.1093347434763448,-0.0010585281190141904,1.1116871805864468,0.0,0.49282654072220844,0.4949471243638334,-0.002120583641624956,0.5071734592777916,0.0,4.5262495925712566e-05,0.0,True,0,long_short,1.1856938057367996,0.9355996785249251
2019-04-11,1.1040244724474768,-0.004786896885810132,1.1116420521994954,0.0,0.4872537771560319,0.49415360586646945,-0.006899828710437569,0.5127462228439681,0.0,4.512838695127459e-05,0.0,True,0,long_short,1.1735160027369984,0.9407834830309547
2019-04-12,1.1064516914246985,0.0021985191794171577,1.1115972118427262,0.0,0.4858696320847663,0.49052010210339136,-0.004650470018625046,0.5141303679152337,0.0,4.484035676915732e-05,0.0,True,0,long_short,1.1727312738859363,0.9434827194113999
2019-04-15,1.106149439627997,-0.0002731721583908442,1.1083490210337463,0.0,0.692335972533235,0.6943244754668796,-0.001988502933644548,0.307664027466765,0.0003415534325177729,0.00013382551150276762,0.6161384256057206,True,0,long_short,1.1701177517836838,0.9453317308807802
2019-04-16,1.1112633922658934,0.0046232023040362336,1.1082858955573527,0.0,0.6918836884549558,0.6892043086344166,0.0026793798205392043,0.30811631154504415,0.0,6.312547639378288e-05,0.0,True,0,long_short,1.1784798195902004,0.9429634464613229
2019-04-17,1.1102424839999308,-0.0009186915299000953,1.1082229458983408,0.0,0.6927745139551085,0.6909555076292885,0.0018190063258200194,0.3072254860448915,0.0,6.294965901183712e-05,0.0,True,0,long_short,1.1827600944505023,0.9386878110017209
2019-04-18,1.1238528750439034,0.012258935538962401,1.1081598942688238,0.0,0.6964848473919444,0.6825212929769888,0.013963554414955568,0.3035151526080556,0.0,6.305162951702255e-05,0.0,True,0,long_short,1.1804434107188726,0.9520599334444111
2019-04-19,1.1189941815999491,-0.004323246887422583,1.1080968487742435,0.0,0.6940952020424632,0.684356694903736,0.009738507138727294,0.3059047979575368,0.0,6.304549458007162e-05,0.0,True,0,long_short,1.1830629474245822,0.9458450068408407
2019-04-22,1.114644873924572,-0.0038868009743878718,1.1192830846159934,0.0,0.5908799911107472,0.5950411466499915,-0.004161155539244325,0.4091200088892528,0.0003423286498330896,0.00018882521746921285,0.611505679983726,True,0,long_short,1.169815960210214,0.9528378068326852
2019-04-23,1.1153611609493024,0.0006426145595668231,1.2295225034549495,0.0,0.4860702495919755,0.588423950350645,-0.1023537007586695,0.5139297504080245,5.517455393879899e-05,5.451448470309143e-05,0.09913379355295858,True,0,long_short,1.1569018989872115,0.9640931196722252
2019-04-24,1.1145046000623973,-0.0007679672888878386,1.2294685605601225,0.0,0.4843694880102264,0.5875220102082405,-0.10315252219801402,0.5156305119897736,0.0,5.394289482686055e-05,0.0,True,0,long_short,1.1542590114680797,0.9655585002926513
2019-04-25,1.1052616592573283,-0.008293317770560527,1.2294147417122034,0.0,0.4742117813285256,0.5865409130006571,-0.11232913167213157,0.5257882186714744,0.0,5.3818847919040325e-05,0.0,True,0,long_short,1.1383648911321396,0.9709203682117348
2019-04-26,1.1022324822790353,-0.002740687648867257,1.229361458327322,0.0,0.4702141356566079,0.585551850786748,-0.11533771513014007,0.5297858643433921,0.0,5.328338488154092e-05,0.0,True,0,long_short,1.1270188724104477,0.9780071206097909
2019-04-29,1.089832208477938,-0.011250143686074243,1.092671732915785,0.0,0.6940673597795584,0.6966728291497586,-0.0026054693702002546,0.30593264022044164,0.00029572303244012954,0.00015914324465648888,0.54113785516801,True,0,long_short,1.1256786772401035,0.9681556828898522
2019-04-30,1.0955156957497163,0.00521501129033064,1.0908540482703253,0.0,0.6011812562263199,0.5969260479280938,0.004255208298226047,0.3988187437736801,0.00010752184903994362,6.240464284757707e-05,0.19789728190647454,True,0,long_short,1.1340732946653298,0.9660007875178896
2019-05-06,1.0782882176866861,-0.01572545069857767,1.0875017945219483,0.0,0.4877510589850222,0.4962956917503033,-0.00854463276528112,0.5122489410149778,0.0003290881034210769,0.0003224918735541736,0.6050354125392288,True,0,long_short,1.1029923005999744,0.9776026696651913
2019-05-07,1.076759354001278,-0.0014178618112772323,1.0874578096071343,0.0,0.4890099555436919,0.49894574627176913,-0.009935790728077168,0.510990044456308,0.0,4.398491481394649e-05,0.0,True,0,long_short,1.1082497716219686,0.9715854508369508
2019-05-08,1.0797860195145965,0.002810902456590103,1.087413652524989,0.0,0.4916563486109357,0.4987203713640931,-0.007064022753157344,0.5083436513890642,0.0,4.4157082145529505e-05,0.0,True,0,long_short,1.1098351503332444,0.972924689932892
2019-05-09,1.0816459920659443,0.0017225380934120516,1.087369391323511,0.0,0.492192619934877,0.4974839992766846,-0.005291379341807544,0.507807380065123,0.0,4.426120147775963e-05,0.0,True,0,long_short,1.110300043800465,0.9741925149922174
2019-05-10,1.0876702758362595,0.005569552158936064,1.0873251637968864,0.0,0.49880741309537,0.4984901183719228,0.0003172947234472465,0.50119258690463,0.0,4.4227526624758594e-05,0.0,True,0,long_short,1.129800803409502,0.9627097737529471
2019-05-13,1.0860147032154115,-0.0015221273005510128,1.0814600867177413,0.0,0.3987937123756484,0.3945998313129103,0.004193881062738091,0.6012062876243516,0.00022173956923874976,0.00013369139619071646,0.4099903758204037,True,0,long_short,1.1231695261978438,0.9669196660737325
2019-05-14,1.0880803294197496,0.0019020241606511057,1.0814248641518214,0.0,0.40087581468573463,0.3947591107182276,0.006116703967507034,0.5991241853142654,0.0,3.522256591990206e-05,0.0,True,0,long_short,1.1251465617342435,0.9670565297223485
2019-05-15,1.0928327302343468,0.004367692978267224,1.0813895603471722,0.0,0.40688309222796154,0.3964119839141389,0.01047110831382266,0.5931169077720384,0.0,3.5303804649183815e-05,0.0,True,0,long_short,1.135827082273407,0.9621470972914248
2019-05-16,1.0910463718476535,-0.0016346128160987794,1.0813539538821848,0.0,0.4084816535390311,0.39959805499036916,0.008883598548661912,0.5915183464609689,0.0,3.5606464987274166e-05,0.0,True,0,long_short,1.1363680427843512,0.9601170842277035
2019-05-17,1.0870180692376579,-0.0036921461029872926,1.0813181199089168,0.0,0.40159001540778055,0.39634635894056247,0.005243656467218122,0.5984099845922195,0.0,3.583397326805107e-05,0.0,True,0,long_short,1.1250987987067895,0.9661534351357388
2019-05-20,1.0849440773042407,-0.0019079645427343417,1.0864012470868905,0.0,0.49875967274778477,0.5001027555970594,-0.0013430828492747026,0.5012403272522152,0.0004383786605115674,0.00010623344889327434,0.8067034917136028,True,0,long_short,1.1193640512104568,0.9692504204784895
2019-05-21,1.0877299111386785,0.002567721132097134,1.0863566511809128,0.0,0.5007065873893128,0.49944408652057415,0.0012625008687387406,0.49929341261068716,0.0,4.459590597768985e-05,0.0,True,0,long_short,1.122840845808918,0.9687302659132025
2019-05-22,1.0852059441201236,-0.0023203986510885732,1.0863119996517197,0.0,0.501112993159011,0.502132205721925,-0.001019212562913897,0.49888700684098897,0.0,4.4651529193131166e-05,0.0,True,0,long_short,1.123105842161238,0.9662543843880447
2019-05-23,1.0817925692739212,-0.003145370576614237,1.086267211965058,0.0,0.497068911716352,0.5012052339820339,-0.004136322265681873,0.502931088283648,0.0,4.4787686661664245e-05,0.0,True,0,long_short,1.1163252612637602,0.9690657434816574
2019-05-24,1.081445832211912,-0.00032052083907530005,1.0862226475734578,0.0,0.4958943399110272,0.5003114038260784,-0.004417063915051217,0.5041056600889728,0.0,4.4564391600243385e-05,0.0,True,0,long_short,1.1154046731346061,0.9695546901132662
2019-05-27,1.084765506740354,0.003069663250402588,1.0834549837040004,0.0,0.5035139495389849,0.5023058331044095,0.0012081164345753902,0.4964860504610151,0.00032655254808343153,0.000133411976500883,0.6026169244637813,True,0,long_short,1.1148290402037322,0.9730330549535343
2019-05-28,1.0842147960664454,-0.0005076771620101672,1.083410198714281,0.0,0.5027966043680261,0.5020545029365721,0.0007421014314540449,0.4972033956319739,0.0,4.47849897194088e-05,0.0,True,0,long_short,1.1156767454909933,0.9718001208220022
2019-05-29,1.0833290443675132,-0.000816952233216095,1.0833654588578003,0.0,0.5011563679665443,0.5011899814752714,-3.3613508727122025e-05,0.4988436320334557,0.0,4.473985648073558e-05,0.0,True,0,long_short,1.11461109927846,0.9719345564285183
2019-05-30,1.079695286485086,-0.0033542513249505967,1.083320832529279,0.0,0.49834661815441844,0.5017045526472103,-0.0033579344927917826,0.5016533818455815,0.0,4.462632852149403e-05,0.0,True,0,long_short,1.108500615966154,0.9740141511279525
2019-05-31,1.079292213880124,-0.00037332070446849386,1.0832763102245637,0.0,0.49820587912668246,0.5018972764083477,-0.003691397281665237,0.5017941208733175,0.0,4.4522304715175474e-05,0.0,True,0,long_short,1.1068724274302713,0.9750827531098792
2019-06-03,1.076602473020393,-0.0024921340348239562,1.0784919653233334,0.0,0.19664793475838405,0.1984029858104586,-0.001755051052074537,0.803352065241616,0.0005427377125194713,0.00013356833981798715,1.0059689665077207,True,0,long_short,1.0969359487187833,0.9814633883390003
2019-06-04,1.0770364762925297,0.0004031230496055471,1.0784744090648257,0.0,0.19442839338318052,0.19576347608831376,-0.0013350827051332474,0.8055716066168195,0.0,1.7556258507794766e-05,0.0,True,0,long_short,1.088804204844657,0.9891920618052663
2019-06-05,1.0769784070106247,-5.3915798752801614e-05,1.0784570793877455,0.0,0.1938860558104838,0.19525903819109175,-0.0013729823806079367,0.8061139441895162,0.0,1.732967707996721e-05,0.0,True,0,long_short,1.087490544689565,0.990333582457086
2019-06-06,1.0775233398918629,0.0005059831076379417,1.0784397952972329,0.0,0.1928931729332041,0.1937436931692318,-0.0008505202360276767,0.8071068270667959,0.0,1.7284090512778248e-05,0.0,True,0,long_short,1.0828854812425748,0.9950482840119353
2019-06-10,1.0788757926475283,0.0012551493834009886,1.0770244323838851,0.0,0.30108021463934226,0.29936420592336216,0.001716008715980145,0.6989197853606577,0.0003194986874823446,6.863452647014627e-05,0.5931229169585953,True,0,long_short,1.0891300548319556,0.9905849056878616
2019-06-11,1.0798858135298857,0.0009361790200879128,1.0769978863459437,0.0,0.3052654224904215,0.30259113309078395,0.0026742893996375434,0.6947345775095786,0.0,2.654603794157796e-05,0.0,True,0,long_short,1.1051511894409038,0.9771385343902133
2019-06-12,1.0792048273053807,-0.0006306094736803214,1.0769710290414019,0.0,0.30268711493716777,0.30061725923650684,0.0020698557006608915,0.6973128850628323,0.0,2.685730454175379e-05,0.0,True,0,long_short,1.1014631761210338,0.9797920172928166
2019-06-13,1.0795404492177545,0.0003109900029003576,1.0769443637594287,0.0,0.30249382448585455,0.3000890183850669,0.002404806100787619,0.6975061755141454,0.0,2.6665281973097364e-05,0.0,True,0,long_short,1.099131986581066,0.982175446076997
2019-06-14,1.0827174902698289,0.0029429569354038065,1.076917737055288,0.0,0.3010584559264174,0.2957017924692717,0.005356663457145695,0.6989415440735827,0.0,2.662670414077234e-05,0.0,True,0,long_short,1.0933010054294179,0.9903196694167201
2019-06-17,1.081853518872689,-0.0007979656788628109,1.081161112961784,0.0,0.39985762496910643,0.39921760679767543,0.0006400181714310093,0.6001423750308936,0.000432937190983351,7.894393215056373e-05,0.8005539433620255,True,0,long_short,1.0924487007395132,0.9903014376238884
2019-06-18,1.0819202068974936,6.164237915884385e-05,1.0811256147448491,0.0,0.3990681614913025,0.3983337338065445,0.000734427684757969,0.6009318385086975,0.0,3.5498216935068384e-05,0.0,True,0,long_short,1.0920053890846977,0.990764530754141
2019-06-19,1.084577424458149,0.0024560199021284035,1.0810901929380796,0.0,0.4014366361990061,0.3982213456707051,0.003215290528300978,0.598563363800994,0.0,3.542180676938859e-05,0.0,True,0,long_short,1.09902726172087,0.9868521575705999
2019-06-20,1.0896935355923083,0.004717146990880217,1.0810546941533028,0.0,0.4078097219957903,0.39988195041888575,0.007927771576904557,0.5921902780042096,0.0,3.549878477685958e-05,0.0,True,0,long_short,1.1160301918941544,0.9764014840340951
2019-06-21,1.0883324153984433,-0.0012490853156480464,1.0810188791853819,0.0,0.4101272174791629,0.40340727042109065,0.006719947058072292,0.5898727825208371,0.0,3.5814967920945515e-05,0.0,True,0,long_short,1.1223023618993977,0.9697319121351012
2019-06-24,1.0885592433004794,0.0002084178499388578,1.0845469244926869,0.0,0.39732454935882544,0.39363865092703465,0.0036858984317908,0.6026754506411746,0.0004425558481727915,0.00010825673646740018,0.815779058122773,True,0,long_short,1.1205287614799322,0.9714692569450611
2019-06-25,1.0887722382246279,0.0001956668187417243,1.0845117053974551,0.0,0.39477681634665507,0.39086366290868696,0.003913153437968124,0.6052231836533449,0.0,3.521909523180447e-05,0.0,True,0,long_short,1.1147398825524846,0.9767051984644193
2019-06-26,1.0904274406038648,0.0015202466788977187,1.084476727739501,0.0,0.3966484018357285,0.3911911722734678,0.005457229562260751,0.6033515981642714,0.0,3.49776579538987e-05,0.0,True,0,long_short,1.1163549804808428,0.976774824916524
2019-06-27,1.092446150924563,0.001851301834059127,1.0844416675541229,0.0,0.3988615943347649,0.39153447494891147,0.007327119385853469,0.6011384056652351,0.0,3.506018537827258e-05,0.0,True,0,long_short,1.1235240340016148,0.972338924547646
2019-06-28,1.0889220403868918,-0.003225889472619703,1.0844065116365793,0.0,0.3986026593656626,0.3944558714572207,0.004146787908441881,0.6013973406343374,0.0,3.5155917543469166e-05,0.0,True,0,long_short,1.1208206466477078,0.9715399548034538
2019-07-01,1.090830144260627,0.0017522869433861388,1.0904072455379619,0.0,0.40175444638065083,0.40136676116229636,0.00038768521835442306,0.5982455536193492,0.000436963791963227,0.00010591192415090619,0.8011479333637233,True,0,long_short,1.1310812063454776,0.9644136408075404
2019-07-02,1.0911446421717528,0.00028831061625922416,1.0903712600890318,0.0,0.4015252998150498,0.4008165192805264,0.0007087805345233743,0.5984747001849502,0.0,3.598544892987028e-05,0.0,True,0,long_short,1.1335245505499116,0.9626122712934635
2019-07-03,1.080972074760711,-0.009322840453851233,1.0903353136125244,0.0,0.39570193731375425,0.4043638066352962,-0.00866186932154196,0.6042980626862458,0.0,3.5946476507414585e-05,0.0,True,0,long_short,1.130002823325623,0.9566100654327452
2019-07-04,1.0788255731009335,-0.0019857142565432584,1.0902993870933724,0.0,0.39453216633176685,0.40516763352732,-0.010635467195553127,0.6054678336682331,0.0,3.592651915205713e-05,0.0,True,0,long_short,1.1282087024943621,0.9562287285284653
2019-07-05,1.078937280930122,0.00010354577419535715,1.0902634606382127,0.0,0.39623112903039337,0.40672866202723884,-0.010497532996845506,0.6037688709696066,0.0,3.5926455159621366e-05,0.0,True,0,long_short,1.1284669766428184,0.9561088656222384
2019-07-08,1.0762850399063064,-0.002458197590066824,1.0787899083897254,0.0,0.2955274030287585,0.2978547311904853,-0.0023273281617267284,0.7044725969712415,0.00021782841853166477,0.00010820582055222305,0.4037569168428927,True,0,long_short,1.1178352805317193,0.9628297287184846
2019-07-09,1.0757439904909032,-0.0005027008602204175,1.0787635596288012,0.0,0.294655902095368,0.2974628609671716,-0.0028069588718036167,0.7053440979046319,0.0,2.6348760924298654e-05,0.0,True,0,long_short,1.117608848401566,0.9625406885686892
2019-07-10,1.0752356588737992,-0.0004725395833927726,1.0787372587615345,0.0,0.29441387478698355,0.2976704631067968,-0.003256588319813227,0.7055861252130164,0.0,2.6300867266821854e-05,0.0,True,0,long_short,1.1164805795530373,0.9630580939475457
2019-07-11,1.0737430304434308,-0.0013881872481161794,1.0787109519755187,0.0,0.29322831177844577,0.2978550440516565,-0.004626732273210797,0.7067716882215542,0.0,2.6306786015827853e-05,0.0,True,0,long_short,1.1159817212662935,0.9621510908127286
2019-07-12,1.0709905936774395,-0.0025634036151598316,1.0786846654184528,0.0,0.2921563187430434,0.2993403890667559,-0.007184070323712551,0.7078436812569566,0.0,2.6286557065716762e-05,0.0,True,0,long_short,1.122122277595885,0.9544330551675761
2019-07-15,1.075789454865179,0.004480768753777564,1.0705989393607955,0.0,0.4028081448431345,0.3979833015795109,0.004824843263623578,0.5971918551568656,0.000320510939321685,7.904977175299085e-05,0.5985715157790145,True,0,long_short,1.124207929794718,0.9569310323772753
2019-07-16,1.0772454681871129,0.0013534370646124394,1.0705637492589557,0.0,0.40420367631067516,0.3980010798500914,0.006202596460583717,0.5957963236893249,0.0,3.5190101839862966e-05,0.0,True,0,long_short,1.1235958554428978,0.9587481681858692
2019-07-17,1.0756032005437748,-0.001524506430369832,1.0705285099554267,0.0,0.4038884784252287,0.39917048336368305,0.004717995061545624,0.5961115215747713,0.0,3.523930352893876e-05,0.0,True,0,long_short,1.1258545159411757,0.9553660666756819
2019-07-18,1.074035564358021,-0.0014574484205337468,1.0704932209924567,0.0,0.40315873531768115,0.39986057324268337,0.003298162074997739,0.5968412646823189,0.0,3.528896297002053e-05,0.0,True,0,long_short,1.122765840165805,0.9565980064012389
2019-07-19,1.075403868706385,0.0012739842085038866,1.0704579225423378,0.0,0.4047819645312116,0.400182812242503,0.004599152288708602,0.5952180354687884,0.0,3.529845011895018e-05,0.0,True,0,long_short,1.125783755900503,0.9552490547762259
2019-07-22,1.0719188404391724,-0.0032406692672629633,1.0758581192400734,0.0,0.29721448298178393,0.30088946158304347,-0.00367497860125955,0.702785517018216,0.000327971942798339,0.00010611570685694511,0.6095078639008505,True,0,long_short,1.1227877757784135,0.9546940780469627
2019-07-23,1.072030682684287,0.00010433835183709661,1.0758316100003942,0.0,0.29772801701265317,0.30127355668563166,-0.0035455396729784597,0.7022719829873468,0.0,2.6509239678942153e-05,0.0,True,0,long_short,1.123532171406292,0.9541610912150899
2019-07-24,1.0758809339206394,0.0035915494757217115,1.0758050641513546,0.0,0.3003028014283136,0.30023228268698027,7.051874133339062e-05,0.6996971985716864,0.0,2.654584903959624e-05,0.0,True,0,long_short,1.1262118541465738,0.955309544966498
2019-07-25,1.0811622083192731,0.004908790770543847,1.0757785150399555,0.0,0.3040573187321984,0.2990777761271282,0.004979542605070179,0.6959426812678016,0.0,2.6549111399210443e-05,0.0,True,0,long_short,1.1333547264522967,0.9539486473962127
2019-07-26,1.081773375148242,0.0005652868961438795,1.0757519381970326,0.0,0.30686152816397344,0.30129526346423074,0.005566264699742677,0.6931384718360265,0.0,2.657684292302656e-05,0.0,True,0,long_short,1.1414181868871738,0.9477449961599153
2019-07-29,1.0835344841202699,0.0016279832841943342,1.0831986881752567,0.0,0.3000394975741446,0.299729589629419,0.0003099079447256298,0.6999605024258554,0.00022049023906378848,8.036708894972375e-05,0.40702664943866956,True,0,long_short,1.1438275662720851,0.9472883116916653
2019-07-30,1.0818699751229317,-0.001536184608549429,1.0831719949687135,0.0,0.30209144761121914,0.30329493774933286,-0.0012034901381137253,0.6979085523887809,0.0,2.6693206543125427e-05,0.0,True,0,long_short,1.1490330286641848,0.9415481958605368
2019-07-31,1.0822957850780166,0.0003935869973992201,1.0831450257341855,0.0,0.30272367625586416,0.30350834221121364,-0.0007846659553494795,0.6972763237441358,0.0,2.6969234528036865e-05,0.0,True,0,long_short,1.1486866582650912,0.9422027994236936
2019-08-01,1.0836898343344896,0.0012880483096149309,1.083118026901349,0.0,0.3028845587050823,0.30235691009657445,0.0005276486085078509,0.6971154412949176,0.0,2.6998832836538037e-05,0.0,True,0,long_short,1.145909326668681,0.9457029532039222
2019-08-02,1.0824613897459872,-0.0011335758162360765,1.0830910958512274,0.0,0.30241764959018214,0.302999384986202,-0.0005817353960198663,0.6975823504098179,0.0,2.6931050121570817e-05,0.0,True,0,long_short,1.1417917999019265,0.9480374529217713
2019-08-05,1.0825293300162502,6.276461304444148e-05,1.0828217398045699,0.0,0.2983107757028038,0.2985808928998272,-0.00027011719702339955,0.7016892242971962,0.0001127976173045097,8.087304707613953e-05,0.20831844106301242,True,0,long_short,1.1318224177715257,0.9564480372704316
2019-08-06,1.081220902577183,-0.0012086762019165587,1.0827951735656154,0.0,0.2957601074891004,0.2972161198402121,-0.0014560123511116975,0.7042398925108996,0.0,2.656623895450715e-05,0.0,True,0,long_short,1.128684209967684,0.9579481072107319
2019-08-07,1.0809124702223598,-0.0002852630337500939,1.0827687607205727,0.0,0.29819152515343034,0.29990886170874936,-0.0017173365553190085,0.7018084748465696,0.0,2.641284504280457e-05,0.0,True,0,long_short,1.1335348107558092,0.9535767759100735
2019-08-08,1.080233033490968,-0.0006285770125790124,1.0827421161812396,0.0,0.2989195241448064,0.30124224767989716,-0.00232272353509076,0.7010804758551936,0.0,2.664453933297373e-05,0.0,True,0,long_short,1.138515963818976,0.9488079814599113
2019-08-09,1.0799627342657396,-0.00025022306932687144,1.0827153700036758,0.0,0.29881709288938724,0.3013659176317592,-0.0025488247423719025,0.7011829071106128,0.0,2.6746177563854202e-05,0.0,True,0,long_short,1.1386298874844594,0.9484756602091912
2019-08-12,1.0843001993608024,0.004016309968335907,1.0801998708578007,0.0,0.30328155488819913,0.29950001126640596,0.003781543621793155,0.6967184451118009,0.0002168125340442295,8.025138750084615e-05,0.4013498446980128,True,0,long_short,1.1454649536132553,0.9466026838625531
2019-08-13,1.091430106773905,0.006575584342146001,1.0801731792477793,0.0,0.30571426747537894,0.29540034315144814,0.010313924323930829,0.694285732524621,0.0,2.6691610021210397e-05,0.0,True,0,long_short,1.142757320656908,0.9550847647569671
2019-08-14,1.0892976272047428,-0.001953839788665479,1.0801466798920478,0.0,0.3056774857399763,0.2972767079505514,0.008400777789424909,0.6943225142600238,0.0,2.6499355731520536e-05,0.0,True,0,long_short,1.1438969111119446,0.9522690520650785
2019-08-15,1.0952885645371357,0.005499816746839192,1.08012006431841,0.0,0.30962971993663796,0.29578085790169467,0.013848862034943244,0.690370280063362,0.0,2.6615573637844347e-05,0.0,True,0,long_short,1.1456506987200217,0.956040585285591
2019-08-16,1.0964423948080029,0.001053448660221168,1.080093437025977,0.0,0.31300064335067773,0.29808972978199094,0.014910913568686842,0.6869993566493222,0.0,2.6627292433044625e-05,0.0,True,0,long_short,1.1486134216229948,0.9545791248536221
2019-08-19,1.096423899522359,-1.6868451759521896e-05,1.1029062802531175,0.0,0.40086459200107094,0.4067768862638852,-0.0059122942628142576,0.5991354079989291,0.000238197591334444,8.059024533448026e-05,0.4318520304790592,True,0,long_short,1.1579516241905936,0.9468650301248617
2019-08-20,1.1002530249649853,0.0034923768483106077,1.1028696227271004,0.0,0.39702827406805136,0.3994064522713773,-0.0023781782033259085,0.6029717259319487,0.0,3.66575260169599e-05,0.0,True,0,long_short,1.1570904744956048,0.9508789927983844
2019-08-21,1.1107117595953062,0.009505754033853675,1.1028335037004728,0.0,0.40449316601407087,0.39740018637576785,0.007092979638303037,0.5955068339859291,0.0,3.6119026627571165e-05,0.0,True,0,long_short,1.156591616208861,0.9603318440402134
2019-08-22,1.1069627962175541,-0.00337528017090416,1.1027972244900395,0.0,0.4019191653073135,0.3981561014159632,0.0037630638913502506,0.5980808346926865,0.0,3.627921043339165e-05,0.0,True,0,long_short,1.154288376884959,0.9590002103329491
2019-08-23,1.107250310740845,0.00025973277898150293,1.1027609989565035,0.0,0.4051169684843763,0.40106249973346003,0.004054468750916246,0.5948830315156237,0.0,3.622553353598586e-05,0.0,True,0,long_short,1.1591411004743046,0.955233414023343
2019-08-26,1.1046327364112651,-0.0023640312440538214,1.1038509338357454,0.0,0.3005324605860149,0.2998247117118871,0.0007077488741277913,0.6994675394139851,0.0003349777066121597,0.000109498334167325,0.6067414972615499,True,0,long_short,1.1515347499021742,0.9592699972841519
2019-08-27,1.1089465029666377,0.003905159075211939,1.1038237122309444,0.0,0.30542636388898825,0.3008068527385507,0.004619511150437615,0.6945736361110117,0.0,2.7221604800714016e-05,0.0,True,0,long_short,1.1576017157894662,0.9579689523959918
2019-08-28,1.1108433208481687,0.0017104683377031638,1.103796294802938,0.0,0.3068940020687381,0.3005501496883234,0.006343852380414722,0.6931059979312619,0.0,2.741742800653283e-05,0.0,True,0,long_short,1.1584320848667624,0.9589196771737661
2019-08-29,1.110683738275618,-0.00014365893871415292,1.10376885391584,0.0,0.3064986642053437,0.3002728736211458,0.006225790584197964,0.6935013357946562,0.0,2.7440887098180112e-05,0.0,True,0,long_short,1.1565537595871012,0.9603390495848122
2019-08-30,1.1067838376989896,-0.0035112610748071482,1.1037414422831462,0.0,0.30435819286102134,0.30160933141923457,0.002748861441786755,0.6956418071389787,0.0,2.7411632693942172e-05,0.0,True,0,long_short,1.1563814588880625,0.9571096364371283
2019-09-02,1.111124171255665,0.003921572947522378,1.1078134433380402,0.0,0.4028055652563582,0.3998259451533385,0.002979620103019682,0.5971944347436418,0.00022601825782159294,8.231087670756333e-05,0.4079606650399771,True,0,long_short,1.16357740122429,0.954920721291566
2019-09-03,1.1093349839124267,-0.0016102496818301004,1.2186336935101283,0.0,0.30266410982352,0.4011904442335504,-0.09852633441003039,0.69733589017648,5.545611024823472e-05,3.6514214133289e-05,0.09971357164557335,True,0,long_short,1.1644233375105344,0.9526904418491962
2019-09-04,1.1063101083011413,-0.00272674679438778,1.2185971136804024,0.0,0.30183099633108484,0.40332785922397646,-0.10149686289289159,0.6981690036689152,0.0,3.657982972599822e-05,0.0,True,0,long_short,1.1667467434460281,0.9482007252350368
2019-09-05,1.1046486641129862,-0.0015017888525906686,1.218560439240324,0.0,0.3037187606582945,0.40683912718569815,-0.10312036652740365,0.6962812393417055,0.0,3.667444007826944e-05,0.0,True,0,long_short,1.177302726313607,0.9382876973128936
2019-09-06,1.10092796599312,-0.003368218548341906,1.2185235010788154,0.0,0.30244024149724186,0.4092551637429634,-0.10681492224572152,0.6975597585027582,0.0,3.6938161508595185e-05,0.0,True,0,long_short,1.1826415713823752,0.9309058573902985
2019-09-09,1.1060047286728314,0.004611348640900292,1.102776637930377,0.0,0.4052448938710758,0.40232619862613966,0.002918695244936143,0.5947551061289242,0.0003923831839529538,0.00011109709849110953,0.7113745517556338,True,0,long_short,1.1905419299235014,0.9289926720547322
2019-09-10,1.1074136130680796,0.0012738502455942324,1.1027400646691592,0.0,0.4052302565921727,0.401010019145414,0.004220237446758716,0.5947697434078273,0.0,3.657326121776509e-05,0.0,True,0,long_short,1.188351906664676,0.9318902985364291
2019-09-11,1.1027805508742186,-0.004183678202243857,1.102703564618131,0.0,0.4009540157437154,0.4008842047046773,6.981103903810962e-05,0.5990459842562845,0.0,3.650005102835529e-05,0.0,True,0,long_short,1.1846274519238593,0.9309091639597582
2019-09-12,1.105753012426558,0.002695424352544995,1.1026672286753283,0.0,0.4014647547060978,0.39867409194818404,0.0027906627579137684,0.5985352452939021,0.0,3.633594280282167e-05,0.0,True,0,long_short,1.1858714134388886,0.9324392171829182
2019-09-16,1.1050700759560523,-0.0006176211711210744,1.1064939132732725,0.0,0.398414261696559,0.39970272054473505,-0.001288458848176009,0.601585738303441,0.0003355587790751603,0.00014493208048705546,0.6063423274281766,True,0,long_short,1.181569202965978,0.9352563296183607
2019-09-17,1.10027026816051,-0.004343442013294729,1.1064576092034846,0.0,0.3913839100300051,0.39700738384550577,-0.005623473815500695,0.6086160899699948,0.0,3.630406978785297e-05,0.0,True,0,long_short,1.168079862612305,0.9419478097155576
2019-09-18,1.1016622155780507,0.0012650959112687765,1.106421706566168,0.0,0.39148733044158973,0.39580761203136927,-0.004320281589779535,0.6085126695584102,0.0,3.590263731660799e-05,0.0,True,0,long_short,1.1687319163871055,0.9426132718131057
2019-09-19,1.1033284107941803,0.0015124374718211708,1.1063858671450053,0.0,0.3931102605274903,0.3958813813659579,-0.0027711208384675937,0.6068897394725097,0.0,3.5839421162723484e-05,0.0,True,0,long_short,1.172499888552936,0.9410051306323576
2019-09-20,1.1040971406332505,0.0006967371016186608,1.1063499668292218,0.0,0.39369551168200834,0.3957359355840929,-0.002040423902084596,0.6063044883179917,0.0,3.590031578346634e-05,0.0,True,0,long_short,1.1749542005636744,0.9396937685771659
2019-09-23,1.10458428930436,0.0004412190315337128,1.1034312002825002,0.0,0.3986974258491461,0.39765351364341844,0.0010439122057276354,0.601302574150854,0.00022411065176702053,0.00010773638998131483,0.40612435702829375,True,0,long_short,1.1689441965091243,0.9449418480394827
2019-09-24,1.108697141456512,0.0037234389371427756,1.103395098214794,0.0,0.40096968200153804,0.3961874533446186,0.004782228656919466,0.599030317998462,0.0,3.610206770607099e-05,0.0,True,0,long_short,1.1691578918319563,0.9482869244626078
2019-09-25,1.104763522229972,-0.0035479655168699775,1.1033589953191496,0.0,0.3978209697033469,0.39654963255058934,0.0012713371527575514,0.6021790302966531,0.0,3.6102895644173736e-05,0.0,True,0,long_short,1.1654412206956137,0.9479358569199868
2019-09-26,1.0945833188361294,-0.009214825787598357,1.1033229876285637,0.0,0.3913823057330647,0.3993667767569125,-0.007984471023847835,0.6086176942669352,0.0,3.600769058593893e-05,0.0,True,0,long_short,1.1611475014275838,0.9426737925116176
2019-09-27,1.0997444785736128,0.0047151821598847565,1.103287058296076,0.0,0.3942794314312822,0.39750070672884774,-0.0032212752975655356,0.6057205685687178,0.0,3.592933248784675e-05,0.0,True,0,long_short,1.1628142541856334,0.9457610917779891
2019-09-30,1.09301717933802,-0.006117147543508006,1.1015397963632054,0.0,0.3961357767782404,0.4039331080428298,-0.007797331264589406,0.6038642232217596,0.00011538064017089181,0.00010779021553664201,0.20946779460473267,True,0,long_short,1.1614110825790902,0.9411113736841642
2019-10-08,1.094735209376238,0.0015718234541002296,1.0944458727605533,0.0,0.3990318329048097,0.3987675346405297,0.00026429826427998515,0.6009681670951903,0.00011135448273543566,0.000290305200916743,0.20346945772015765,True,0,long_short,1.1623260099049904,0.9418486724440784
2019-10-09,1.0951347398083757,0.000364956227511426,1.094409992361058,0.0,0.3987642045870476,0.3981024162052413,0.000661788381806293,0.6012357954129524,0.0,3.58803994953819e-05,0.0,True,0,long_short,1.1661580199076298,0.9390963498198299
2019-10-10,1.1016511231028736,0.005950302787069095,1.0943741587348124,0.0,0.40320624160406116,0.3966007344562401,0.006605507147821037,0.5967937583959388,0.0,3.5833626245590074e-05,0.0,True,0,long_short,1.172643531435502,0.9394595148231258
2019-10-11,1.1005644702508408,-0.0009863856435530227,1.094338247859919,0.0,0.404333963783138,0.39867666467961255,0.005657299103525428,0.595666036216862,0.0,3.591087489346368e-05,0.0,True,0,long_short,1.178656365891679,0.9337449846276781
2019-10-14,1.096954743911857,-0.0032798863097597275,1.100144081387904,0.0,0.29874831262838375,0.3016557593519134,-0.0029074467235296842,0.7012516873716163,0.00011396997525070041,0.00010818970822960023,0.20716953647282713,True,0,long_short,1.189058091870591,0.922540918237359
2019-10-15,1.0965905165983638,-0.0003320349499508213,1.1001168839043767,0.0,0.29803125242289186,0.30124700821563,-0.0032157557927381354,0.7019687475771081,0.0,2.7197483527349173e-05,0.0,True,0,long_short,1.184342642760151,0.9259064708188857
2019-10-16,1.096160349928602,-0.0003922764817412272,1.100089732292402,0.0,0.2976154808316841,0.30120015926313415,-0.0035846784314500376,0.7023845191683159,0.0,2.7151611975032e-05,0.0,True,0,long_short,1.1818373835201281,0.9275052263651237
2019-10-17,1.0970913752476155,0.0008493513919511919,1.1000625955522394,0.0,0.2979487847415502,0.3006570553301813,-0.002708270588631084,0.7020512152584498,0.0,2.7136740162446113e-05,0.0,True,0,long_short,1.1803606214712852,0.9294544017235368
2019-10-18,1.0956188992870248,-0.0013421634640581326,1.100035484736159,0.0,0.2967879083356103,0.3008190412888738,-0.004031132953263521,0.7032120916643897,0.0,2.7110816080281117e-05,0.0,True,0,long_short,1.1762494631081915,0.9314511365572881
2019-10-21,1.0996532676672488,0.0036822734464050377,1.096857608964234,0.0,0.3006071850231338,0.2980648757469148,0.002542309276218974,0.6993928149768662,0.0002206875616464478,8.12670477291355e-05,0.402318708419079,True,0,long_short,1.1733819124599234,0.9371656883323631
2019-10-22,1.0975423289294874,-0.0019196403082941682,1.0968306691274181,0.0,0.29913562024832074,0.29848720807932194,0.0006484121689988234,0.7008643797516793,0.0,2.6939836815774854e-05,0.0,True,0,long_short,1.1757774936369034,0.9334609097972952
2019-10-23,1.0959301278565348,-0.0014689192666721418,1.096803742907239,0.0,0.29736088311918296,0.298158027963091,-0.0007971448439080575,0.702639116880817,0.0,2.6926220178989545e-05,0.0,True,0,long_short,1.1725363299738825,0.9346662443124009
2019-10-24,1.0963788755435395,0.0004094674246089003,1.0967768858908797,0.0,0.2978188919814486,0.2981819146155201,-0.00036302263407152994,0.7021811080185514,0.0,2.685701635948295e-05,0.0,True,0,long_short,1.1724400963185673,0.9351257083292716
2019-10-25,1.1006903713618943,0.003932487130616558,1.096750015724941,0.0,0.301676411976811,0.2980965172675678,0.0035798947092431452,0.6983235880231891,0.0,2.687016593865071e-05,0.0,True,0,long_short,1.176631567327825,0.9354588147431775
2019-10-28,1.1105139491018363,0.00892492384373944,1.1071991543249198,0.0,0.30391321282365064,0.30092829329193493,0.0029849195317156896,0.6960867871763494,0.00022869734658635492,8.090432045579011e-05,0.41302437218130017,True,0,long_short,1.1821002570712278,0.9394414242436985
2019-10-29,1.1061334679161705,-0.00394455305060204,1.1071716870591077,0.0,0.30045275184513165,0.30139135389728094,-0.0009386020521493181,0.6995472481548684,0.0,2.7467265812063204e-05,0.0,True,0,long_short,1.180772091107798,0.9367882898370323
2019-10-30,1.1059303492755466,-0.00018362941409466593,1.107144286040191,0.0,0.2985019312515861,0.29959959238860023,-0.0010976611370141262,0.7014980687484139,0.0,2.740101891668624e-05,0.0,True,0,long_short,1.1725451749789666,0.9431878386224096
2019-10-31,1.1054802577231,-0.00040698001708827647,1.1071170529211347,0.0,0.2977265393319013,0.2992071584443635,-0.0014806191124622314,0.7022734606680987,0.0,2.723311905642214e-05,0.0,True,0,long_short,1.1675074138832615,0.9468721522256958
2019-11-01,1.1067717830420816,0.0011682934271859402,1.1070898665425077,0.0,0.3007065909624873,0.30099398851390635,-0.0002873975514190857,0.6992934090375127,0.0,2.7186378627096283e-05,0.0,True,0,long_short,1.1732648045926097,0.9433265011528097
2019-11-04,1.1107729209612325,0.003615142688362827,1.1088514737961643,0.0,0.4007965992700672,0.39906677031150284,0.001729828958564386,0.5992034007299327,0.0003347264519747741,8.214205151157139e-05,0.6035532210910873,True,0,long_short,1.1772022470558516,0.943570167096812
2019-11-05,1.1177190939725903,0.006253459082660173,1.1088150404348944,0.0,0.4053980916939307,0.39743182039579167,0.00796627129813901,0.5946019083060693,0.0,3.6433361269929304e-05,0.0,True,0,long_short,1.186484902991522,0.9420424070752604
2019-11-06,1.1140790095516944,-0.0032567077367877673,1.1087785294375623,0.0,0.40313905838134945,0.39838133467532166,0.004757723706027783,0.5968609416186506,0.0,3.651099733221876e-05,0.0,True,0,long_short,1.185970123695627,0.9393820192367821
2019-11-07,1.119166287051654,0.004566352526475637,1.1087420504006231,0.0,0.40633015561148905,0.39701586802828037,0.009314287583208703,0.5936698443885109,0.0,3.647903693909297e-05,0.0,True,0,long_short,1.1888528877526399,0.9413833272233384
2019-11-08,1.1181458962270647,-0.000911741924676357,1.1087055303917255,0.0,0.40569193996999525,0.3972490651473145,0.008442874822680758,0.5943080600300048,0.0,3.6520008897682195e-05,0.0,True,0,long_short,1.18737329530217,0.94169702203258
2019-11-11,1.1162334382788237,-0.001710383193011089,1.1168817413095922,0.0,0.39797759496694446,0.39855839017387545,-0.0005807952069310149,0.6020224050330556,0.00011736982373967977,0.00010952443034987858,0.2101520450103022,True,0,long_short,1.1794166825287091,0.9464283953365672
2019-11-12,1.1218675440162764,0.005047426052869675,1.1168451754847524,0.0,0.40087416532134945,0.39639737253211865,0.00447679278923081,0.5991258346786505,0.0,3.6565824839889695e-05,0.0,True,0,long_short,1.1767483213949352,0.9533623491269549
2019-11-13,1.1190353475552117,-0.002524537300477969,1.1168086243603597,0.0,0.3995906298867783,0.3976007703173582,0.0019898595694200806,0.6004093701132217,0.0,3.655112439263942e-05,0.0,True,0,long_short,1.176172334663858,0.9514212454886761
2019-11-14,1.1219509196632313,0.00260543343370645,1.1167720548275213,0.0,0.4012432020789165,0.39662725610040195,0.004615945978514562,0.5987567979210835,0.0,3.6569532838381214e-05,0.0,True,0,long_short,1.1773911763644482,0.9529126276685668
2019-11-15,1.1214690936171827,-0.0004294537645134211,1.1167354797879532,0.0,0.39950596492853413,0.3952850605307484,0.004220904397785685,0.6004940350714658,0.0,3.6575039568110955e-05,0.0,True,0,long_short,1.1729647820201567,0.9560978392596879
2019-11-18,1.1210847908934216,-0.00034267794444664545,1.119925648888043,0.0,0.4012484847824696,0.40021453800628065,0.0010339467761889618,0.5987515152175305,0.00045052306389186563,0.00010930684402697217,0.8042353544648457,True,0,long_short,1.1775096994325753,0.9520811518016845
2019-11-19,1.127111277553212,0.005375585066128341,1.119888771537496,0.0,0.4048230871205724,0.3984151075718317,0.006407979548740717,0.5951769128794275,0.0,3.68773505468448e-05,0.0,True,0,long_short,1.1833028239624632,0.9525129617952861
2019-11-20,1.1285435156579184,0.0012707157964169102,1.1198518626475598,0.0,0.40546185378792615,0.39776019861046347,0.00770165517746268,0.5945381462120738,0.0,3.69088899363113e-05,0.0,True,0,long_short,1.180855587955792,0.9556998562470858
2019-11-21,1.1337390846383848,0.004603782582045524,1.1198149676043054,0.0,0.4044874829538554,0.3922058943390281,0.012281588614827347,0.5955125170461446,0.0,3.6895043254409127e-05,0.0,True,0,long_short,1.1775323426455906,0.9628092949796908
2019-11-22,1.1283559121689164,-0.004748158145386316,1.1197784202767733,0.0,0.4010272866047623,0.39342552567132133,0.007601760933440956,0.5989727133952377,0.0,3.654732753186647e-05,0.0,True,0,long_short,1.1747419204416558,0.960513873332025
2019-11-25,1.1247336551459752,-0.003210207864270731,1.126695865532062,0.0,0.3984312439341878,0.4001758439798156,-0.0017446000456277898,0.6015687560658123,0.0003393947676351469,0.00010946071673985186,0.6022788808664181,True,0,long_short,1.1772139224625626,0.9554199399826956
2019-11-26,1.124360759725596,-0.0003315410885706971,1.126658871731539,0.0,0.3983463002300123,0.4003902278449386,-0.002043927614926314,0.6016536997699877,0.0,3.6993800523332345e-05,0.0,True,0,long_short,1.1778107834056384,0.9546191761587615
2019-11-27,1.1248780430926,0.00046006885470650793,1.1266218703840785,0.0,0.39774343950540997,0.3992936762641294,-0.0015502367587194226,0.60225656049459,0.0,3.700134746025531e-05,0.0,True,0,long_short,1.1757806778387336,0.9567073726371311
2019-11-28,1.1252169311713744,0.0003012665069384024,1.1265849533959271,0.0,0.3976691688878883,0.3988849542059502,-0.0012157853180619416,0.6023308311121117,0.0,3.691698815138992e-05,0.0,True,0,long_short,1.1736391252077691,0.9587418372510182
2019-11-29,1.1235669405805426,-0.0014663755451262972,1.1265480630860043,0.0,0.3964887301277219,0.39914199661126704,-0.002653266483545116,0.6035112698722781,0.0,3.6890309922908505e-05,0.0,True,0,long_short,1.1726849260592955,0.9581149340396063
2019-12-02,1.1250255342092548,0.0012981813330661396,1.1222863557217748,0.0,0.30199275586811714,0.2995579858080709,0.0024347700600461796,0.6980072441318829,0.0004460504924464319,0.00011057985665500206,0.794580240095651,True,0,long_short,1.1728108789316931,0.9592557115722138
2019-12-03,1.1251944716237507,0.0001501631823981331,1.1222586562382397,0.0,0.3029992710988632,0.30039010845227265,0.002609162646590578,0.6970007289011368,0.0,2.769948353509918e-05,0.0,True,0,long_short,1.1740877438656352,0.9583563728542933
2019-12-04,1.123969346489018,-0.0010888119037457678,1.1222308756391142,0.0,0.3024570482754969,0.3009103238427227,0.001546724432774157,0.6975429517245031,0.0,2.7780599125558032e-05,0.0,True,0,long_short,1.1734930057237796,0.9577980789035749
2019-12-05,1.125736016404465,0.0015718132535962326,1.1222030772297955,0.0,0.30449666417897053,0.301358327017161,0.0031383371618095355,0.6955033358210294,0.0,2.779840931846332e-05,0.0,True,0,long_short,1.1785466878286361,0.9551900048003444
2019-12-06,1.1284338846052813,0.002396537164577106,1.1221751936745161,0.0,0.30621037351132535,0.3006640220447932,0.0055463514665321425,0.6937896264886747,0.0,2.7883555279447633e-05,0.0,True,0,long_short,1.1818214625109766,0.9548260210199055
2019-12-09,1.131035067595737,0.0023051266236706613,1.1292593877623371,0.0,0.2991758705893408,0.2976059105728273,0.0015699600165134963,0.7008241294106592,0.00023115820702689115,8.365795159489e-05,0.4093141068808222,True,0,long_short,1.1814482032964273,0.957329372917044
2019-12-10,1.1373847337303364,0.005614031179507872,1.1292317217852539,0.0,0.30335840614873355,0.2961901967440382,0.0071682094046953285,0.6966415938512664,0.0,2.7665977083421533e-05,0.0,True,0,long_short,1.184083307211085,0.9605614121942657
2019-12-11,1.1326008040405353,-0.004206078689056203,1.1292040328366464,0.0,0.30050646099492784,0.2975073714730316,0.0029990895218962865,0.6994935390050722,0.0,2.768894860744552e-05,0.0,True,0,long_short,1.1865853822492778,0.954504261542132
2019-12-12,1.1294667932354572,-0.0027670921598302867,1.1291763377335116,0.0,0.29879761694582213,0.29854045533320517,0.000257161612616918,0.7012023830541778,0.0,2.769510313465823e-05,0.0,True,0,long_short,1.1868999106300686,0.9516108166491285
2019-12-13,1.131907845436513,0.002161243000392332,1.1291486233611223,0.0,0.3054791721963034,0.3030414984170157,0.002437673779287655,0.6945208278036966,0.0,2.77143723892807e-05,0.0,True,0,long_short,1.1960927013140847,0.946337891864857
2019-12-16,1.1335809479903662,0.0014781261218381747,1.131960651188012,0.0,0.3025591849169953,0.30112982355976115,0.0014293613572341959,0.6974408150830047,0.0002338076768284266,8.457905331395918e-05,0.41301681879426705,True,0,long_short,1.2069126191333737,0.9392402813754127
2019-12-17,1.1334809927782825,-8.817651025350148e-05,1.1319325946101333,0.0,0.30568728216805424,0.30432122647059245,0.001366055697461777,0.6943127178319457,0.0,2.8056577878825674e-05,0.0,True,0,long_short,1.2165780868890845,0.9316960456494084
2019-12-18,1.147821994002298,0.012652176185913744,1.1319042431860864,0.0,0.31408922166226755,0.30022143475856083,0.013867786903706693,0.6859107783377325,0.0,2.835142404685411e-05,0.0,True,0,long_short,1.2186814290980854,0.9418556536565683
2019-12-19,1.1473141277823329,-0.00044246078452825355,1.1318759198354655,0.0,0.31309101674714307,0.2996350611609357,0.013455955586207382,0.686908983252857,0.0,2.832335062083305e-05,0.0,True,0,long_short,1.2177035253359862,0.9421949628221437
2019-12-20,1.1535955051160902,0.005474853993037376,1.1318476643117246,0.0,0.3162902672843761,0.2974380433394006,0.01885222394497553,0.6837097327156239,0.0,2.825552374100259e-05,0.0,True,0,long_short,1.217102064990267,0.9478215001839762
2019-12-23,1.1522461192286835,-0.0011697218664794562,1.1546661496897306,0.0,0.2983385128537537,0.30043878502708676,-0.0021002721733330673,0.7016614871462463,0.00024225299697999383,8.460571804443058e-05,0.41951897902280527,True,0,long_short,1.2117727725269898,0.9508763898249905
2019-12-24,1.1513049581064867,-0.0008168056342223728,1.1546376965863787,0.0,0.3004159032500036,0.30331065190580137,-0.0028947486557977394,0.6995840967499964,0.0,2.8453103351773263e-05,0.0,True,0,long_short,1.2171194012002318,0.9459260586686534
2019-12-25,1.1522747974127898,0.0008423826367414122,1.1546089949652236,0.0,0.3008594491938557,0.30288517913056406,-0.0020257299367083563,0.6991405508061443,0.0,2.870162115498574e-05,0.0,True,0,long_short,1.218302155280079,0.9458037912999424
2019-12-26,1.1563390981585282,0.003527197466145937,1.1545803094617915,0.0,0.302681821120195,0.3011608237764767,0.0015209973437183015,0.6973181788798051,0.0,2.86855034319458e-05,0.0,True,0,long_short,1.2256116674815865,0.9434791858130716
2019-12-27,1.1542351277030207,-0.001819509916129114,1.1545516866643641,0.0,0.30195405452036256,0.3022283131646764,-0.00027425864431384917,0.6980459454796375,0.0,2.862279742737291e-05,0.0,True,0,long_short,1.2248478128425229,0.9423498295877019
2019-12-30,1.1520625245566014,-0.001882288187453618,1.1544299763443653,0.0,0.4020828694875295,0.4041378376314461,-0.0020549681439165687,0.5979171305124704,0.00023417172160496386,8.601596769232575e-05,0.4056101022919866,True,0,long_short,1.2307821036535533,0.9360410109447689
2019-12-31,1.149470483780477,-0.002249913282373339,1.2710707228538674,0.0,0.30201073940720385,0.40779878772094663,-0.10578804831374278,0.6979892605927962,5.8368691520682094e-05,3.826784034168737e-05,0.10144100037455807,True,0,long_short,1.2379967974005592,0.9284922918977155
2020-01-02,1.153738844996476,0.0037133282465513506,1.2709936676204745,0.0,0.30870471845877556,0.41033501645256165,-0.10163029799378609,0.6912952815412244,0.0,7.70552333928803e-05,0.0,True,0,long_short,1.2518781483795598,0.9216063452260781
2020-01-03,1.155168851082178,0.0012394538780622355,1.2709547564329722,0.0,0.31092977691611257,0.41116266082942476,-0.10023288391331221,0.6890702230838874,0.0,3.891118750221275e-05,0.0,True,0,long_short,1.254332460390298,0.9209431211903227
2020-01-06,1.156611202543405,0.0012486066083547964,1.154580562770052,0.0,0.6027476447814645,0.600991964247775,0.0017556805336893945,0.3972523552185355,0.0004158599863200157,0.00011711399141545097,0.7201061027142847,True,0,long_short,1.2543851766205996,0.9220542653887186
2020-01-07,1.164497193540075,0.0068181865948804266,1.1545234301093545,0.0,0.6066564959544205,0.5980916290865148,0.008564866867905687,0.3933435040455795,0.0,5.71326606976062e-05,0.0,True,0,long_short,1.2573111043024228,0.9261806322677453
2020-01-08,1.16075615001307,-0.0032125826904159105,1.1544661855046792,0.0,0.6022402160915065,0.5968213651913238,0.005418850900182647,0.39775978390849354,0.0,5.7244604675429414e-05,0.0,True,0,long_short,1.2506557686769357,0.92811801543204
2020-01-09,1.1619323411274256,0.0010132973358292219,1.1544092459920678,0.0,0.602941721656901,0.5964670803468415,0.006474641310059531,0.39705827834309904,0.0,5.693951261137196e-05,0.0,True,0,long_short,1.2554578988372003,0.925504823541755
2020-01-10,1.1582742463444136,-0.003148285535681583,1.154352282617459,0.0,0.6008471809531765,0.5974611402643393,0.0033860406888371925,0.39915281904682354,0.0,5.6963374608727044e-05,0.0,True,0,long_short,1.249604274472537,0.9269128395334001
2020-01-13,1.1625293956046734,0.003673697549340549,1.1562065736915732,0.0,0.7011780313592612,0.6957391822970306,0.0054388490622305835,0.29882196864073884,0.0007004027665014022,0.00017063601829144559,1.210819505377551,True,0,long_short,1.2530265838396804,0.9277771202924568
2020-01-14,1.1683910648961042,0.005042168665663649,1.1561400955613463,0.0,0.7018985097711773,0.6914131768181669,0.010485332953010374,0.2981014902288227,0.0,6.64781302269252e-05,0.0,True,0,long_short,1.2530598410587968,0.9324303809057115
2020-01-15,1.1721620876039693,0.003227534702347601,1.156073697672748,0.0,0.6993029727681181,0.6855775758274034,0.013725396940714686,0.30069702723188185,0.0,6.639788859828299e-05,0.0,True,0,long_short,1.2476810165670482,0.9394725671383006
2020-01-16,1.1742491328827873,0.0017805091129370343,1.1560076476966525,0.0,0.698131483865522,0.6825968884587091,0.015534595406812858,0.30186851613447796,0.0,6.604997609558777e-05,0.0,True,0,long_short,1.2453363826193529,0.9429172304537946
2020-01-17,1.1709627524867519,-0.0027987079606927034,1.1559417677949224,0.0,0.7003775378065049,0.6875496449807683,0.012827892825736558,0.2996224621934951,0.0,6.587990172995572e-05,0.0,True,0,long_short,1.2487395867755144,0.9377157294343512
2020-01-20,1.1809968701959948,0.008569117751981103,1.170493870337717,0.0,0.7070646791389841,0.6981713449368918,0.008893334202092271,0.2929353208610159,0.00059388204094857,0.00019851658144717058,1.014240034091896,True,0,long_short,1.2591246841448684,0.9379506931023801
2020-01-21,1.1844611253156927,0.0029333313297630337,1.1704261000769036,0.0,0.7066190363953798,0.694769744815592,0.01184929157978784,0.2933809636046202,0.0,6.777026081350664e-05,0.0,True,0,long_short,1.2552813525357216,0.9435821881070973
2020-01-22,1.2029140169990629,0.015579145055057753,1.1703584621793328,0.0,0.7084522961985356,0.6813883877564781,0.027063908442057395,0.29154770380146444,0.0,6.763789757092378e-05,0.0,True,0,long_short,1.2558162984432084,0.9578741878810407
2020-01-23,1.2088136370171825,0.004904440329690063,1.1702910935511697,0.0,0.7049997146612224,0.6731316563548406,0.03186805830638172,0.29500028533877765,0.0,6.736862816323234e-05,0.0,True,0,long_short,1.2398018860381241,0.9750054832389659
2020-02-03,1.2058970867635734,-0.002412737715969171,1.190104613182207,0.0,0.7175336520065985,0.7044376144137467,0.013096037592851717,0.28246634799340153,0.000627217143987706,0.0007356655876279435,1.0534985762762092,True,0,long_short,1.1960159266699548,1.008261729524899
2020-02-04,1.2112985450590048,0.004479203370436835,1.1900347929684787,0.0,0.7267865620694512,0.7092320523432878,0.017554509726163542,0.27321343793054875,0.0,6.982021372834673e-05,0.0,True,0,long_short,1.2200750480991376,0.992806587550654
2020-02-05,1.2375476269428152,0.021670200126040706,1.189964182687401,0.0,0.7375529482562437,0.6991031599657014,0.038449788290542325,0.26244705174375627,0.0,7.061028107775092e-05,0.0,True,0,long_short,1.22937574784518,1.0066471777338692
2020-02-06,1.263507733810331,0.02097705680358075,1.189893072540283,0.0,0.7492097252740467,0.6909475878132415,0.05826213746080522,0.2507902747259533,0.0,7.111014711811866e-05,0.0,True,0,long_short,1.2391183440452243,1.0196828574787178
2020-02-07,1.2818164887079695,0.014490417753459273,1.1898213176673356,0.0,0.7480926554162727,0.6763232782464079,0.07176937716986474,0.2519073445837273,0.0,7.175487294736632e-05,0.0,True,0,long_short,1.2370224316404936,1.0362111922320372
2020-02-10,1.2894032151940358,0.005918730608398981,1.290779837493208,0.0,0.7013365750663662,0.7024042180526334,-0.0010676429862673245,0.29866342493363385,0.0007065144838926948,0.00021376167035012228,1.0941106467150987,True,0,long_short,1.2419452076701054,1.0382126419352764
2020-02-11,1.2964764274976124,0.005485648104663676,1.2907053978556362,0.0,0.706669733074819,0.7022184144703496,0.004451318604469377,0.29333026692518105,0.0,7.44396375717467e-05,0.0,True,0,long_short,1.2469773079625566,1.039695284925379
2020-02-12,1.303995272909938,0.00579944629370388,1.2906305696675828,0.0,0.7128287544179186,0.7025797117104776,0.010249042707440916,0.2871712455820814,0.0,7.482818805333341e-05,0.0,True,0,long_short,1.2607776386949867,1.0342785538770225
2020-02-13,1.2968296432927213,-0.005495134657371947,1.2905552687944668,0.0,0.7103156714641684,0.7054774303499972,0.004838241114171138,0.2896843285358316,0.0,7.530087311612793e-05,0.0,True,0,long_short,1.2568497488372357,1.0318096053187524
2020-02-14,1.3015912552338134,0.0036717328029316487,1.2904800728456158,0.0,0.7081197948216996,0.6995831806246402,0.008536614197059448,0.2918802051783004,0.0,7.51959488508372e-05,0.0,True,0,long_short,1.256206540067519,1.036128386311263
2020-02-17,1.305216024297091,0.0027848750893970653,1.288564981362831,0.0,0.8060083229258118,0.7932510148447781,0.01275730808103363,0.19399167707418818,0.0005341312286950798,0.00022452444251745758,0.828689157377969,True,0,long_short,1.270542524307843,1.0272903104979798
2020-02-18,1.3164826918777879,0.00863203283668268,1.2884798829571436,0.0,0.8078032933372519,0.7865323650573652,0.021270928279886584,0.19219670666274813,0.0,8.50984056875617e-05,0.0,True,0,long_short,1.2751270673430384,1.0324325516992763
2020-02-19,1.3100083019359474,-0.00491794535680945,1.2883947769643873,0.0,0.8101836981564418,0.7936849286909207,0.01649876946552113,0.18981630184355824,0.0,8.510599275614164e-05,0.0,True,0,long_short,1.2744399873481047,1.0279089756606385
2020-02-20,1.313735168623759,0.002844918373649863,1.288309319388028,0.0,0.8155342965240662,0.7961804344649673,0.019353862059098833,0.18446570347593383,0.0,8.545757635944217e-05,0.0,True,0,long_short,1.2839052041887113,1.0232337748439122
2020-02-21,1.3155124018408257,0.0013528093481189885,1.2882233492315354,0.0,0.8198198278299691,0.7990757796772459,0.02074404815272324,0.1801801721700309,0.0,8.597015649261136e-05,0.0,True,0,long_short,1.290687554087206,1.019233816639052
2020-02-24,1.3265419098025508,0.008384191548700848,1.3176068275728572,0.0,0.8026088588085901,0.7958732388001551,0.006735620008435011,0.19739114119140988,0.0008068540387767934,0.0002591985447557369,1.223977041546613,True,0,long_short,1.2956821515581007,1.0238173831501347
2020-02-25,1.3228588653628475,-0.0027764252395551248,1.317520052843584,0.0,0.8023485260822161,0.7983127119382792,0.004035814143936732,0.19765147391778393,0.0,8.677472927331777e-05,0.0,True,0,long_short,1.2940872202413343,1.0222331576044368
2020-02-26,1.3105245093860152,-0.009324015055414914,1.3174332537985167,0.0,0.794528651231674,0.7998003911823738,-0.005271739950699672,0.20547134876832596,0.0,8.679904506734874e-05,0.0,True,0,long_short,1.285576910149608,1.019405761755245
2020-02-27,1.3042561183620351,-0.0047831162096440005,1.3173471038246598,0.0,0.7922918155801192,0.8023289434711234,-0.010037127891004204,0.20770818441988081,0.0,8.61499738570704e-05,0.0,True,0,long_short,1.2841482649284226,1.0156585138825331
2020-02-28,1.2952103719299561,-0.006935559898648691,1.317261094857526,0.0,0.7801367332583734,0.7971615528594646,-0.017024819601091125,0.2198632667416266,0.0,8.600896713379397e-05,0.0,True,0,long_short,1.2647058823529411,1.0241198289678723
2020-03-02,1.3201167500452442,0.01922960057691303,1.3004670108162188,0.0,1.000641708447065,0.9857568588848182,0.014884849562246573,0.0,0.0009222402964803923,0.0002545870466385292,1.4173166033020008,True,0,long_short,1.2734429783750238,1.0366516384815112
2020-03-03,1.3501828180557096,0.02277530984243259,1.4329955690997906,0.0,0.9066201373551341,0.9679546099440633,-0.06133447258892917,0.09337986264486586,6.63509332717458e-05,0.00010695732664815079,0.09879173367921187,True,0,long_short,1.2785858181311283,1.0559970233591613
2020-03-04,1.337134223134134,-0.009664317118451837,1.4328881513724203,0.0,0.904388275091223,0.9759995812575155,-0.07161130616629251,0.09561172490877701,0.0,0.00010741772737021567,0.0,True,0,long_short,1.278405733827616,1.0459388500477715
2020-03-05,1.3363100218025017,-0.0006163938648586775,1.4327808876100754,0.0,0.9142699019408703,0.986461881521662,-0.07219197958079172,0.08573009805912968,0.0,0.00010726376234498699,0.0,True,0,long_short,1.2941247230628907,1.0325975526066515
2020-03-06,1.3434914158089288,0.005374047855108088,1.4326725408513024,0.0,0.9167283466551803,0.9831084693660327,-0.06638012271085242,0.08327165334481967,0.0,0.00010834675877289443,0.0,True,0,long_short,1.293082781463983,1.0389833002709037
2020-03-09,1.319658522998854,-0.017739519977300944,1.341385048640003,0.0,0.7859875746124765,0.8024513228189265,-0.016463748206450052,0.21401242538752352,0.0006292277166091339,0.0003256761672498872,0.9377362487043023,True,0,long_short,1.2702722209524726,1.0388785185031841
2020-03-10,1.328440638169752,0.006654839125307177,1.3412980106898016,0.0,0.7879529421815918,0.7976314871994284,-0.009678545017836632,0.21204705781840816,0.0,8.70379502013453e-05,0.0,True,0,long_short,1.280100436801731,1.0377628192119024
2020-03-11,1.3281813037911385,-0.0001952171374181022,1.3412109197789621,0.0,0.7893633169537464,0.7991734354598811,-0.009810118506134712,0.2106366830462536,0.0,8.709091083941071e-05,0.0,True,0,long_short,1.2783409883904002,1.0389882792254779
2020-03-12,1.3265266903132742,-0.0012457738059867829,1.3411236775420745,0.0,0.7826245899154052,0.7936285051290167,-0.011003915213611597,0.21737541008459482,0.0,8.724223688748068e-05,0.0,True,0,long_short,1.2686072371954398,1.045655937803003
2020-03-13,1.32964495012991,0.002350695119371693,1.3410371485507666,0.0,0.78016746702773,0.7887353169787592,-0.00856784995102917,0.21983253297227,0.0,8.652899130797801e-05,0.0,True,0,long_short,1.2609474627926016,1.054480848222784
2020-03-16,1.3011662714127634,-0.02141825809541409,1.3384643185845881,0.0,0.986436570061747,1.0151016592139026,-0.028665089152155487,0.013563429938252991,0.0005451624916280261,0.000258592914544912,0.8142772688806612,True,0,long_short,1.2412199172532086,1.0482963198755422
2020-03-17,1.313006144883902,0.009099431587850093,1.476812701024191,0.0,0.8749374227475825,0.9996943073810302,-0.12475688463344775,0.12506257725241754,6.926310288251757e-05,0.00010856022254993946,0.10519050224240477,True,0,long_short,1.236861452547963,1.0615628308078315
2020-03-18,1.3117789743509367,-0.0009346266487381127,1.4767048157007447,0.0,0.8742931004067177,1.000019952700118,-0.12572685229340022,0.1257068995932823,0.0,0.00010788532344630814,0.0,True,0,long_short,1.2349856038697251,1.062181591623891
2020-03-19,1.3233940278501457,0.008854428776735146,1.4765969960995489,0.0,0.8691475521314201,0.9849127475496596,-0.11576519541823947,0.13085244786857986,0.0,0.00010781960119589858,0.0,True,0,long_short,1.2315381746881429,1.0745862816516127
2020-03-20,1.3360789797283856,0.009585166330882355,1.4764898650599823,0.0,0.8766629258526554,0.9817546812518319,-0.10509175539917644,0.12333707414734463,0.0,0.0001071310395666327,0.0,True,0,long_short,1.2492724098817811,1.0694857015651367
2020-03-23,1.3344858470563898,-0.001192394084606918,1.3241507099666332,0.0,0.9801938910891351,0.9724492326406744,0.007744658448460735,0.019806108910864872,0.0007467968935684567,0.0003234333187899897,1.1273277966055617,True,0,long_short,1.2258359768105196,1.088633285611803
2020-03-24,1.3372080773436585,0.0020399094477272506,1.3240440480703641,0.0,0.9846864118283122,0.9748419983100778,0.009844413518234401,0.01531358817168782,0.0,0.00010666189626902684,0.0,True,0,long_short,1.2326982855549744,1.0847813232267396
2020-03-25,1.3449720802723044,0.005806129248088876,1.323936905610561,0.0,0.9936185924772857,0.977978732758053,0.015639859719232724,0.006381407522714322,0.0,0.00010714245980334816,0.0,True,0,long_short,1.2527934295056633,1.0735784915498907
2020-03-26,1.339969345925542,-0.003719582302221025,1.3238287943154383,0.0,0.9936564408769367,0.9816109775540759,0.012045463322860911,0.00634355912306328,0.0,0.00010811129512271265,0.0,True,0,long_short,1.2473891313992729,1.074219192869202
2020-03-27,1.3361440507839983,-0.002854763172885466,1.3237206851138317,0.0,0.9931693049830627,0.9838713811081053,0.009297923874957285,0.006830695016937338,0.0,0.00010810920160655893,0.0,True,0,long_short,1.2435893172151395,1.074425481376861
2020-03-30,1.3318965626299466,-0.0031789148419735236,1.3336041184429333,0.0,0.9891031259181868,0.9903851742850773,-0.0012820483668905052,0.010896874081813168,0.0008768694621280835,0.00032414643927227603,1.3141730306771013,True,0,long_short,1.2388873125124271,1.075074826562635
2020-03-31,1.3358751139671352,0.002987132371100154,1.3334957000366887,0.0,0.9882130194087743,0.9864318544588709,0.001781164949903328,0.011786980591225737,0.0,0.00010841840624465383,0.0,True,0,long_short,1.2382058933207476,1.0788796283180726
2020-04-01,1.3360778894902758,0.0001517922753559997,1.3333873918367438,0.0,0.9896759604040762,0.9876622322564165,0.00201372814765968,0.010324039595923762,0.0,0.00010830819994488138,0.0,True,0,long_short,1.2391034844366828,1.0782617483298251
2020-04-02,1.343093700081092,0.005251049093771609,1.3332789320829792,0.0,0.9893156594259597,0.9820080769411933,0.0073075824847663355,0.01068434057404033,0.0,0.00010845975376458144,0.0,True,0,long_short,1.2412963380971351,1.082008911860651
2020-04-03,1.3423805815969592,-0.0005309521473370049,1.3331705269710694,0.0,0.9825509168926492,0.9756899307072463,0.006860986185402829,0.017449083107350827,0.0,0.00010840511190973687,0.0,True,0,long_short,1.2361329779292356,1.0859515970892621
2020-04-07,1.3507638568825637,0.006245080866434716,1.3467292079855286,0.0,1.0003557799363398,0.9973688411931412,0.0029869387431987102,0.0,0.0005994117423498523,0.0004306018246491255,0.8897780891359911,True,0,long_short,1.2491521178126372,1.0813445677439641
2020-04-08,1.3495365649175644,-0.0009085910603441327,1.346618478414351,0.0,1.0003289225524117,0.9981666347129626,0.002162287839449182,0.0,0.0,0.00011072957117790745,0.0,True,0,long_short,1.2478947118898804,1.0814506641139234
2020-04-09,1.353804173756382,0.003162277295597482,1.3465077609591651,0.0,1.0025627927926781,0.9971732298568723,0.005389562935805948,0.0,0.0,0.00011071745518568685,0.0,True,0,long_short,1.2502266090302547,1.0828470326723152
2020-04-10,1.3396551061685995,-0.010451339907250556,1.3463968039224086,0.0,0.9973966163474481,1.0024290293340192,-0.00503241298657111,0.0026033836525518605,0.0,0.00011095703675657801,0.0,True,0,long_short,1.2402593497010743,1.080141106367375
2020-04-13,1.3291775454339017,-0.007821088193858738,1.3387871772296525,0.0,0.9900973720248997,0.9973271298768605,-0.007229757851960773,0.009902627975100331,0.0005271332686629332,0.0003311282879307005,0.7871688737004594,True,0,long_short,1.2288821965614867,1.0816151044852385
2020-04-14,1.338496037948761,0.007010720687293359,1.4396580524591502,0.0,0.9161739747179313,0.9917528420752226,-0.07557886735729136,0.08382602528206873,5.0515172933811145e-05,0.00010895546519049562,0.07581051200042999,True,0,long_short,1.2335449294416254,1.0850808965301673
2020-04-15,1.3379601693695993,-0.00040035126288662237,1.439548946383829,0.0,0.916496310800663,0.9924244134003801,-0.07592810259971718,0.08350368919933704,0.0,0.00010910607532126918,0.0,True,0,long_short,1.2329954777258005,1.0851298269458385
2020-04-16,1.3471122347033992,0.006840312247943903,1.439439810137015,0.0,0.9187126521692696,0.987250056147301,-0.06853740397803146,0.08128734783073044,0.0,0.00010913624681422174,0.0,True,0,long_short,1.2380760486461129,1.0880690537358524
2020-04-17,1.3405184432741966,-0.004894760257785458,1.4393305002770684,0.0,0.9257268692264264,0.9994386913193212,-0.07371182209289473,0.07427313077357356,0.0,0.00010930985994638195,0.0,True,0,long_short,1.2412453908678507,1.0799785869391518
2020-04-20,1.349792533386327,0.006918286099427906,1.3378206136213273,0.0,0.9952929521507702,0.9864235003877165,0.00886945176305364,0.004707047849229817,0.00045864112517317356,0.0003303532599374901,0.685419165763053,True,0,long_short,1.245489224307206,1.0837448506526735
2020-04-21,1.3494792060524585,-0.0002321299948833122,1.3377111779712798,0.0,0.9901111585385564,0.9813907365947436,0.008720421943812772,0.009888841461443643,0.0,0.0001094356500476831,0.0,True,0,long_short,1.2423633995104821,1.0862193836233283
2020-04-22,1.3546146992630832,0.0038055371194989362,1.3376023259390566,0.0,0.9927309628844613,0.980172134655828,0.0125588282286333,0.0072690371155387234,0.0,0.0001088520322230503,0.0,True,0,long_short,1.2464480228583235,1.0867799333956298
2020-04-23,1.3861950109965457,0.02331313232511234,1.3374931953433242,0.0,0.9919251450881276,0.9567916932527977,0.03513345183532986,0.008074854911872431,0.0,0.00010913059573256374,0.0,True,0,long_short,1.2451474533107563,1.1132777947790475
2020-04-24,1.369112440599113,-0.01232335296399012,1.3373841843949612,0.0,0.9889810915971562,0.9658067669300985,0.023174324667057666,0.011018908402843808,0.0,0.00010901094836301086,0.0,True,0,long_short,1.2388119530691106,1.1051818132745554
2020-04-27,1.361673418951965,-0.005433462896511809,1.3748983118540647,0.0,0.9981948713276013,1.0079071068152252,-0.009712235487623963,0.0018051286723986815,0.0009409402860110481,0.0003260460969416234,1.3678055551147328,True,0,long_short,1.2422356776370673,1.0961474086319012
2020-04-28,1.3586570053158682,-0.002215225467512183,1.099211530847297,0.0,0.9977357126600074,0.8067784118449619,0.19095730081504553,0.002264287339992621,0.00013771812978166602,0.00011280331365395105,0.20207149651547854,True,0,long_short,1.2418051027895731,1.094098423547947
2020-04-29,1.3391332025251843,-0.014369927593421483,1.0991214375480376,0.0,0.9982463427666701,0.8190171484456273,0.1792291943210428,0.001753657233329875,0.0,9.009329925951518e-05,0.0,True,0,long_short,1.2425654194266031,1.0777164578933345
2020-04-30,1.3454515271916712,0.004718219707025684,1.0990312918173317,0.0,1.005134641367809,0.8219840555650738,0.1831505858027353,0.0,0.0,9.014573070583868e-05,0.0,True,0,long_short,1.2502573896479476,1.07613963199252
2020-05-06,1.3610211202809497,0.01157202082320774,1.3441461683107934,0.0,0.8049379549044576,0.7925392112562528,0.012398743648204832,0.19506204509554237,0.0009752875190211228,0.0005453949219717856,1.4501107164623461,True,0,long_short,1.2530103090303257,1.086201055547748
2020-05-07,1.3567185546242702,-0.003161277655846617,1.2113059245753148,0.0,0.6024800942217359,0.4953004366919352,0.10717965752980067,0.3975199057782641,0.0003385117303497379,8.865720042497798e-05,0.49846760474525537,True,0,long_short,1.2475617858985144,1.0874960823260063
2020-05-08,1.3579839599475456,0.0009326955240365198,1.2112506930718157,0.0,0.6046010382570498,0.49654875545880706,0.1080522827982427,0.3953989617429502,0.0,5.5231503499187845e-05,0.0,True,0,long_short,1.2497235051410707,1.0866275254975335
2020-05-11,1.3564326233942214,-0.0011423820892434433,1.3607544068404054,0.0,0.4944704871137124,0.4976566265294466,-0.0031861394157342393,0.5055295128862876,0.0004848800074162929,0.00016626704677273385,0.7124096580243641,True,0,long_short,1.247131918651427,1.087641654509962
2020-05-12,1.3484024783220878,-0.005920047139562179,1.360698924291079,0.0,0.49195333982975825,0.5010726096076455,-0.009119269777887358,0.5080466601702418,0.0,5.5482549326536084e-05,0.0,True,0,long_short,1.243321490461193,1.0845163448609874
2020-05-13,1.3503633876564265,0.0014542463143341067,1.3606433916158505,0.0,0.4905731640586497,0.49818593263145966,-0.007612768572809917,0.5094268359413503,0.0,5.553267522856975e-05,0.0,True,0,long_short,1.2414513025862086,1.0877296474242129
2020-05-14,1.3470559463220766,-0.0024492972518235234,1.360588098571165,0.0,0.4873615748391175,0.4974072988389527,-0.010045723999835195,0.5126384251608824,0.0,5.529304468528718e-05,0.0,True,0,long_short,1.2322478978960918,1.093169603796448
2020-05-15,1.3449189137011845,-0.0015864468188769854,1.360533027163523,0.0,0.48562863513574683,0.49723834134425643,-0.011609706208509558,0.5143713648642532,0.0,5.507140764205589e-05,0.0,True,0,long_short,1.2304711132747959,1.093011367102959
2020-05-18,1.3369030559542348,-0.005960104854864756,1.344795583998927,0.0,0.4947269311320705,0.5006305215304474,-0.005903590398376877,0.5052730688679294,0.00027733965544852053,0.0001648960890142922,0.412378616164583,True,0,long_short,1.2214021526619574,1.094564188412925
2020-05-19,1.3423110652648496,0.004045176863444855,1.344740573494203,0.0,0.4974364751942726,0.49924641947039616,-0.0018099442761235842,0.5025635248057274,0.0,5.501050472367267e-05,0.0,True,0,long_short,1.2199887208495168,1.1002651437057187
2020-05-20,1.3414645396030445,-0.000630647905474846,1.3446854931659993,0.0,0.4926299848756117,0.4950310573362433,-0.0024010724606315665,0.5073700151243883,0.0,5.508032820402488e-05,0.0,True,0,long_short,1.209810596599131,1.1088219456615793
2020-05-21,1.3387347231514026,-0.002034952375595256,1.3446309123487865,0.0,0.49075729005806945,0.49516158995066073,-0.004404299892591279,0.5092427099419305,0.0,5.45808172125018e-05,0.0,True,0,long_short,1.2067378418329113,1.1093832286870209
2020-05-22,1.3432359916834302,0.003362330455903617,1.3445764282380437,0.0,0.4861078605764556,0.4871057764772449,-0.0009979159007893206,0.5138921394235444,0.0,5.448411074283337e-05,0.0,True,0,long_short,1.2001589270513513,1.119215098440006
2020-05-25,1.3378816865297174,-0.003986123947589015,1.33814624806,0.0,0.5976173555871691,0.5978151021689081,-0.00019774658173893402,0.4023826444128309,0.0005446626785081507,0.00016133375606822614,0.8137243244711059,True,0,long_short,1.1899054433576488,1.1243596657180697
2020-05-26,1.3476948858568167,0.007334878282513557,1.3380805105906473,0.0,0.6060935373967308,0.5989595967941017,0.007133940602629022,0.3939064626032692,0.0,6.573746935254855e-05,0.0,True,0,long_short,1.197260949585594,1.1256484113369707
2020-05-27,1.344772558559135,-0.0021683893946246036,1.3380141641699266,0.0,0.6042638937932517,0.5992382154016213,0.005025678391630488,0.39573610620674826,0.0,6.634642072062508e-05,0.0,True,0,long_short,1.1972821775977958,1.123187652602715
2020-05-28,1.3376177823566109,-0.0053204359034438875,1.3379479308185749,0.0,0.6017271172236588,0.6019739354600181,-0.00024681823635938784,0.3982728827763412,0.0,6.62333513516752e-05,0.0,True,0,long_short,1.1982229323385414,1.1163346538077152
2020-05-29,1.3380568031601865,0.0003282109503672803,1.3378817490892116,0.0,0.6077206311061946,0.6075898040213047,0.00013082708488992826,0.39227936889380544,0.0,6.618172936327488e-05,0.0,True,0,long_short,1.2096520941080238,1.1061501151261564
2020-06-01,1.3520783349342573,0.010479025808886044,1.3369026087395153,0.0,0.7107530455707803,0.6995290463374222,0.011223999233358137,0.28924695442921966,0.0005468934091109788,0.00020046320649899285,0.8178154139388275,True,0,long_short,1.2242718261114458,1.104393898558258
2020-06-02,1.358590926231663,0.004816726316173359,1.3368248702681556,0.0,0.7138526571050496,0.6978316050405547,0.016021052064494834,0.28614734289495036,0.0,7.77384713597302e-05,0.0,True,0,long_short,1.2254457351862087,1.1086504177398135
2020-06-03,1.3604398355402336,0.0013609021471230331,1.3367469468966504,0.0,0.7129267975242357,0.6955111882303673,0.01741560929386848,0.2870732024757643,0.0,7.792337150513222e-05,0.0,True,0,long_short,1.2222010335211542,1.1131064352161562
2020-06-04,1.3665424690139358,0.00448577975613218,1.3366691769410448,0.0,0.7110220121769467,0.6891615191807453,0.02186049299620148,0.2889779878230533,0.0,7.776995560541206e-05,0.0,True,0,long_short,1.2176051688794511,1.1223198652084814
2020-06-05,1.3677815663053234,0.0009067389557835259,1.3365917713122253,0.0,0.7080205008114321,0.6852173019955944,0.022803198815837655,0.2919794991885679,0.0,7.740562881950552e-05,0.0,True,0,long_short,1.2146622587878664,1.1260591628740138
2020-06-08,1.3611134217471836,-0.004875153110998509,1.3665705611375165,0.0,0.5979763655210415,0.6019856856137988,-0.004009320092757385,0.4020236344789585,0.0008329142390736004,0.00023109721510266787,1.2182420976284432,True,0,long_short,1.2148274834828376,1.1204170470731802
2020-06-09,1.3633377787734007,0.0016342187143829623,1.3665032155926078,0.0,0.5991162037604882,0.6014380324873758,-0.002321828726887558,0.40088379623951176,0.0,6.734554490865386e-05,0.0,True,0,long_short,1.2147510626389109,1.122318654993972
2020-06-10,1.3677960533274147,0.0032701173718117094,1.366435821357708,0.0,0.5997821954133098,0.5987877255386542,0.0009944698746556062,0.4002178045866902,0.0,6.739423489982329e-05,0.0,True,0,long_short,1.2126261386175046,1.1279618752790674
2020-06-11,1.3662053978148354,-0.001162933252153886,1.36636850468748,0.0,0.596645811559505,0.5967651983463717,-0.00011938678686664077,0.403354188440495,0.0,6.731667022789071e-05,0.0,True,0,long_short,1.208607322107489,1.1303964263864772
2020-06-12,1.3669875972868317,0.0005725343152995777,1.3663014934133533,0.0,0.5970229169364976,0.5965210075740132,0.0005019093624844363,0.40297708306350244,0.0,6.701127412675511e-05,0.0,True,0,long_short,1.2104665421761684,1.129306386964873
2020-06-15,1.3754273232168854,0.00617395940300014,1.3670622402098063,0.0,0.5993927318796589,0.5933109252542715,0.0060818066253873196,0.4006072681203411,0.0006879431281378666,0.00020106661287321866,1.0059485080220814,True,0,long_short,1.2118845733912527,1.1349491143104382
2020-06-16,1.3808737851653303,0.003959832596393875,1.3669951671091687,0.0,0.6048124824033506,0.5947618766164502,0.010050605786900363,0.3951875175966494,0.0,6.707310063762872e-05,0.0,True,0,long_short,1.218111103170262,1.1336189133909553
2020-06-17,1.3806825330464785,-0.00013850079631216872,1.366927663732415,0.0,0.6048553753289145,0.5948930060044377,0.009962369324476845,0.39514462467108546,0.0,6.750337675359392e-05,0.0,True,0,long_short,1.2177894987854039,1.1337612406935194
2020-06-18,1.3836948868231354,0.002181785967850347,1.366860154824271,0.0,0.605013049269526,0.5928465433734786,0.012166505896047492,0.39498695073047396,0.0,6.750890814426089e-05,0.0,True,0,long_short,1.2182359946420498,1.1358184234489819
2020-06-19,1.383828729712192,9.672861432896696e-05,1.3667927313669501,0.0,0.6083914238530009,0.5960806530332731,0.01231077081972783,0.39160857614699907,0.0,6.742345732082076e-05,0.0,True,0,long_short,1.2210207560427306,1.1333375971405386
2020-06-22,1.3899119685360548,0.004395947773918385,1.3865258768574114,0.0,0.39962143683282625,0.3971852453650962,0.0024361914677300156,0.6003785631671738,0.000562845379151827,0.00020339347386403927,0.8115492111337859,True,0,long_short,1.2184486285642717,1.140722666472876
2020-06-23,1.4071253934538985,0.012384543271451998,1.3864805026771707,0.0,0.4060331038891212,0.3913614258192276,0.014671678069893574,0.5939668961108788,0.0,4.537418024045562e-05,0.0,True,0,long_short,1.212598542201642,1.1604214787353
2020-06-24,1.4079489699966181,0.000585290086122292,1.3864352401072841,0.0,0.40651120965058735,0.39123101814663985,0.015280191503947492,0.5934887903494126,0.0,4.5262569886730906e-05,0.0,True,0,long_short,1.2147606152444017,1.1590340947243736
2020-06-29,1.40535642164687,-0.0018413652802731217,1.4076061024522628,0.0,0.4957728829538319,0.49737367316672065,-0.0016007902128887606,0.5042271170461681,0.0002936697882195633,0.00022636985302614646,0.417174281876937,True,0,long_short,1.2083670917694043,1.1630210978263364
2020-06-30,1.4084307599910195,0.0021875862213991404,1.4075486514424922,0.0,0.49589991554500706,0.4952736096068063,0.0006263059382007717,0.504100084454993,0.0,5.7451009770652795e-05,0.0,True,0,long_short,1.2151671316780674,1.1590428372153776
2020-07-01,1.4143406945472472,0.004196112953586351,1.4074913178600499,0.0,0.49711859406890413,0.4922757887154245,0.004842805353479611,0.5028814059310959,0.0,5.733358244235695e-05,0.0,True,0,long_short,1.2278370707607484,1.15189606848321
2020-07-02,1.4129990284943943,-0.0009486158872649142,1.4074340921876454,0.0,0.5059953916150385,0.5020570051090838,0.003938386505954651,0.4940046083849615,0.0,5.722567240443019e-05,0.0,True,0,long_short,1.248743832377955,1.1315363422485554
2020-07-03,1.414288551067899,0.0009126139137396461,1.4073757848402095,0.0,0.5119742669547596,0.5070864622543187,0.004887804700440838,0.48802573304524044,0.0,5.8307347435721146e-05,0.0,True,0,long_short,1.2665958830393136,1.1166059909133632
2020-07-06,1.4178872085443526,0.0025445001826085445,1.4143025727633725,0.0,0.4076684527875706,0.4051402998009446,0.002528152986625933,0.5923315472124294,0.00016061285564596123,0.0001768355945674045,0.22710079311915277,True,0,long_short,1.3096094965635388,1.0826793882183494
2020-07-07,1.4223578833555974,0.003153053913106829,1.4142553582497763,0.0,0.4073943876667357,0.40169784307649087,0.005696544590244843,0.5926056123332644,0.0,4.721451359618494e-05,0.0,True,0,long_short,1.3096477069855021,1.0860614467302259
2020-07-08,1.419245798760909,-0.0021879757767759855,1.4142083973105575,0.0,0.40881867300686,0.40526932203837407,0.003549350968485901,0.5911813269931401,0.0,4.6960939218639986e-05,0.0,True,0,long_short,1.323238941797744,1.0725544373964166
2020-07-09,1.4245364863966181,0.0037278163094287553,1.4141611225065025,0.0,0.4122335178177618,0.4049501916346886,0.007283326183073153,0.5877664821822381,0.0,4.727480405503926e-05,0.0,True,0,long_short,1.3356902323547457,1.0665171099478967
2020-07-10,1.421124904142428,-0.0023948717963830912,1.4141137088361062,0.0,0.4053488468752134,0.4004152936837344,0.004933553191479017,0.5946511531247867,0.0,4.741367039645889e-05,0.0,True,0,long_short,1.3171641923059776,1.0789276784502053
2020-07-13,1.440942434756393,0.013944960471946377,1.4266526191982853,0.0,0.4071731703456248,0.39725617767927734,0.009916992666347402,0.5928268296543753,0.0002893696400568845,0.000140311268840579,0.4055801039150261,True,0,long_short,1.3366865337274194,1.0779957741762016
2020-07-14,1.4338855365752943,-0.004897418530318887,1.4266055707091987,0.0,0.4030429988082056,0.3979659088450255,0.005077089963180156,0.5969570011917944,0.0,4.704848908661887e-05,0.0,True,0,long_short,1.3247118120443495,1.082413188693821
2020-07-15,1.4213719579040183,-0.00872704156090709,1.4265586689918774,0.0,0.3959982092787503,0.39964729709071733,-0.0036490878119670076,0.6040017907212497,0.0,4.690171732133621e-05,0.0,True,0,long_short,1.3064330783377334,1.0879791559721756
2020-07-16,1.4069141219527441,-0.01017174700181489,1.4265119801594552,0.0,0.38602521011917856,0.3999548863523732,-0.013929676233194615,0.6139747898808214,0.0,4.668883242220946e-05,0.0,True,0,long_short,1.2700981512524172,1.107720785645909
2020-07-17,1.4096246973904913,0.0019266104415704977,1.4264657306653934,0.0,0.3862012802949187,0.3981484555296307,-0.011947175234711968,0.6137987197050814,0.0,4.624949406190345e-05,0.0,True,0,long_short,1.2712618001212828,1.1088390269069741
2020-07-20,1.425958044632297,0.011587018354631606,1.408556789360831,0.0,0.5088385282806588,0.4966353254326024,0.012203202848056378,0.4911614717193412,0.0005649208671833822,0.00013838791959676778,0.8018056397583578,True,0,long_short,1.2963211147253768,1.1000037170067878
2020-07-21,1.4244288262475384,-0.0010724147112988192,1.4084985826919916,0.0,0.507846383018341,0.4966627820815972,0.011183600936743726,0.49215361698165905,0.0,5.820666883966013e-05,0.0,True,0,long_short,1.2974239099592635,1.0978900691696538
2020-07-22,1.4400685439207876,0.010979641372780957,1.4084404352303157,0.0,0.5136685798113536,0.49170566087670325,0.021962918934650334,0.4863314201886464,0.0,5.8147461675725465e-05,0.0,True,0,long_short,1.3048625592349992,1.1036170313332123
2020-07-23,1.4445649380129237,0.0031223472737582636,1.4083822360641431,0.0,0.5142285609636947,0.48918108750185674,0.025047473461838058,0.48577143903630526,0.0,5.819916617230049e-05,0.0,True,0,long_short,1.3032637361159956,1.1084210340403056
2020-07-24,1.428887194540942,-0.010852917068267853,1.4083241549260053,0.0,0.503557947685988,0.4891670008754224,0.014390946810565625,0.49644205231401195,0.0,5.8081138137880625e-05,0.0,True,0,long_short,1.2769374629836538,1.1189954371001436
2020-07-27,1.4485155556939295,0.013736816473670865,1.4330099169864214,0.0,0.5050760964363761,0.4943715937152576,0.01070450272111855,0.4949239035636239,0.00029769711885989115,0.00017234740196947943,0.4153987824110231,True,0,long_short,1.2726310069083029,1.1382054561226793
2020-07-28,1.4502139372002198,0.0011724979408154201,1.432951059045836,0.0,0.5067807157945275,0.49487703888757995,0.011903676906947549,0.49321928420547245,0.0,5.8857940585458894e-05,0.0,True,0,long_short,1.281316094300491,1.131815906825033
2020-07-29,1.461684251620295,0.007909394694012972,1.4328920718475624,0.0,0.5140094276857105,0.49431148010173925,0.019697947583971226,0.48599057231428955,0.0,5.8987198273573445e-05,0.0,True,0,long_short,1.2971751884162983,1.1268210066558884
2020-07-30,1.4669202644176218,0.003582177745653725,1.4328326860416014,0.0,0.5154758840336253,0.49223837126427694,0.023237512769348403,0.4845241159663747,0.0,5.938580596108201e-05,0.0,True,0,long_short,1.2986554884671748,1.1295684478637615
2020-07-31,1.487935962854193,0.014326408153421122,1.4327733374573495,0.0,0.5218014723022025,0.48472821997551685,0.03707325232668569,0.47819852769779747,0.0,5.93485842519035e-05,0.0,True,0,long_short,1.3059688924709194,1.1393349194091356
2020-08-03,1.4912442626088263,0.00222341541385096,1.4892765410925135,0.0,0.502511999115567,0.5011924825443045,0.0013195165712625617,0.497488000884433,0.0006219540189996705,0.00017784112209333773,0.8348944858194782,True,0,long_short,1.323341190056516,1.1268781428507788
2020-08-04,1.4863691010430808,-0.0032691904927878435,1.489215110921495,0.0,0.502178919936551,0.5040936596041188,-0.0019147396675678373,0.49782108006344905,0.0,6.143017101837273e-05,0.0,True,0,long_short,1.3228462235720095,1.1236144266485635
2020-08-05,1.487814007237372,0.0009721045689641272,1.4891535271483718,0.0,0.5023801723884426,0.5032804999189565,-0.0009003275305139179,0.49761982761155743,0.0,6.158377312333897e-05,0.0,True,0,long_short,1.3311385927384631,1.117700302097463
2020-08-06,1.4885910649434557,0.0005222814829701772,1.489091982947494,0.0,0.5014015078972645,0.5017380126740532,-0.00033650477678866215,0.49859849210273555,0.0,6.154420087798771e-05,0.0,True,0,long_short,1.332520182532601,1.1171245917748314
2020-08-07,1.480209649420587,-0.005630435194898253,1.4890305953264575,0.0,0.49798353980143434,0.5039427942282135,-0.005959254426779248,0.5020164601985657,0.0,6.138762103636288e-05,0.0,True,0,long_short,1.320352993538901,1.121071150415032
2020-08-10,1.4781232636710684,-0.001409520435389111,1.4717188261861713,0.0,0.4016142373663007,0.3972814204475066,0.004332816918794133,0.5983857626336992,0.0003059430560426867,0.00018393065427268972,0.4156765054981834,True,0,long_short,1.3216429490803672,1.118398327399684
2020-08-11,1.4712940729255384,-0.0046201767561449,1.4716705606319422,0.0,0.39944646467619754,0.3997023534976998,-0.000255888821502183,0.6005535353238025,0.0,4.826555422912984e-05,0.0,True,0,long_short,1.3116541079387813,1.1217088895773182
2020-08-12,1.4686412649100087,-0.001803044044250579,1.4716222253138354,0.0,0.3971215496689231,0.3991512899976543,-0.002029740328731216,0.6028784503310769,0.0,4.833531810703183e-05,0.0,True,0,long_short,1.303640179532375,1.1265694997501692
2020-08-13,1.4650551699055767,-0.002441777369405318,1.4715740436654436,0.0,0.3974925734832691,0.40194214909910553,-0.004449575615836412,0.602507426516731,0.0,4.8181648391721924e-05,0.0,True,0,long_short,1.3095755317440159,1.1187252162191075
2020-08-14,1.4635512718708734,-0.0010265129024459307,1.4715256436032347,0.0,0.3979990293010506,0.4034476745829941,-0.005448645281943481,0.6020009706989494,0.0,4.8400062208816654e-05,0.0,True,0,long_short,1.314790192941403,1.1131443478420442
2020-08-17,1.4681524939358086,0.0031438748702348196,1.4656769057203904,0.0,0.40198456275145567,0.40029836991682605,0.0016861928346296152,0.5980154372485443,0.000444765743951904,0.00014559444425818043,0.6067241929623453,True,0,long_short,1.3276851489534236,1.1057986866036058
2020-08-18,1.469218007590067,0.0007257513498490908,1.4656286016888744,0.0,0.40299650646385193,0.4005534341065508,0.002443072357301133,0.5970034935361481,0.0,4.8304031516040574e-05,0.0,True,0,long_short,1.3329305907685036,1.1022464468633633
2020-08-19,1.462652973111419,-0.004468386886583575,1.4655802317996915,0.0,0.40167159855316875,0.40367293362176354,-0.0020013350685947973,0.5983284014468313,0.0,4.836988918285362e-05,0.0,True,0,long_short,1.3249226769655547,1.1039534597304241
2020-08-20,1.4592658051960496,-0.00231577002722938,1.4655317030257304,0.0,0.39925827641216094,0.4035521465264127,-0.004293870114251741,0.6007417235878391,0.0,4.8528773961080616e-05,0.0,True,0,long_short,1.31316094300491,1.1112619614293489
2020-08-21,1.4599465636273723,0.0004665074922598489,1.465483301120412,0.0,0.40149345578099416,0.40528588053884507,-0.0037924247578509113,0.5985065442190058,0.0,4.8401905318311765e-05,0.0,True,0,long_short,1.3162259141666555,1.1091914753492078
2020-08-24,1.4575718876270896,-0.0016265499432955854,1.4600667508767362,0.0,0.49919689491611474,0.5009085520020018,-0.0017116570858870125,0.5008031050838853,0.00044514648644814923,0.00014589757690998425,0.6095759812046982,True,0,long_short,1.319059853795604,1.1050081491244814
2020-08-25,1.4589404136135316,0.0009389080552792972,1.4600067418172564,0.0,0.49960044656531843,0.5003313387894112,-0.0007308922240926859,0.5003995534346816,0.0,6.000905947973505e-05,0.0,True,0,long_short,1.3172876685769521,1.10753364539547
2020-08-26,1.4545205785674495,-0.0030294829074855034,1.4599467456301038,0.0,0.4957326086457339,0.4994631623021138,-0.0037305536563799133,0.5042673913542661,0.0,5.999618715264949e-05,0.0,True,0,long_short,1.3043141689197841,1.1151612189968498
2020-08-27,1.4528527786133978,-0.0011466320783816153,1.4598870349905582,0.0,0.4947442070204146,0.4995858926204336,-0.0048416856000190025,0.5052557929795853,0.0,5.971063954559988e-05,0.0,True,0,long_short,1.3061882485970053,1.112284374150454
2020-08-28,1.4565218091736343,0.0025253973521930373,1.4598273781616062,0.0,0.49674536379950707,0.49901485881643887,-0.0022694950169317545,0.5032546362004929,0.0,5.9656828952026155e-05,0.0,True,0,long_short,1.3148404325702807,1.1077555672108375
2020-08-31,1.4505971173779928,-0.004067698649155793,1.4556223462210307,0.0,0.4974289951722629,0.5008932436412803,-0.003464248469017381,0.5025710048277371,0.0007299280013268461,0.00017921737601946867,1.0024058248085654,True,0,long_short,1.3171744525118754,1.101294604227768
2020-09-01,1.4508806787714839,0.00019547908243722212,1.6012667570724808,0.0,0.39701754889238955,0.5006691313425291,-0.10365158245013956,0.6029824511076105,7.288850972011972e-05,5.972007906905373e-05,0.10045955388884248,True,0,long_short,1.3215382242201714,1.0978726548962565
2020-09-02,1.4522347518682832,0.0009332766757537136,1.6012070520448818,0.0,0.3982403435515799,0.5008217615936335,-0.10258141804205362,0.6017596564484201,0.0,5.970502759908311e-05,0.0,True,0,long_short,1.325803639471932,1.0953618685544633
2020-09-03,1.4474775764792738,-0.0032757619819311357,1.6011472730777576,0.0,0.39637435085680883,0.5025381347354215,-0.1061637838786127,0.6036256491431912,0.0,5.9778967124232894e-05,0.0,True,0,long_short,1.321823387184083,1.095061254410754
2020-09-04,1.4464058219670028,-0.0007404290951973369,1.6010874857340847,0.0,0.3959244180762483,0.5028665095818854,-0.10694209150563709,0.6040755819237518,0.0,5.9787343673033644e-05,0.0,True,0,long_short,1.318268402740678,1.0972013126916549
2020-09-07,1.4489418084056132,0.0017533021508178148,1.4448707002892356,0.0,0.49833343989403084,0.4955237286325017,0.002809711261529114,0.5016665601059691,0.0005075209231753723,0.0001793463403885803,0.7022672899411118,True,0,long_short,1.3020042073920184,1.1128549356287554
2020-09-08,1.4445877901225,-0.0030049642144733824,1.4448116878195802,0.0,0.4981171637489287,0.49827215446573464,-0.0001549907168059154,0.5018828362510712,0.0,5.901246965528788e-05,0.0,True,0,long_short,1.3000261104550082,1.1111990586226728
2020-09-09,1.434848419255023,-0.006741972301074872,1.4447525263507723,0.0,0.49119917047340944,0.49810171638895057,-0.00690254591554109,0.5088008295265906,0.0,5.916146880815609e-05,0.0,True,0,long_short,1.2854460040743632,1.116226130624789
2020-09-10,1.4297660782361234,-0.0035420752120550736,1.4446937838471785,0.0,0.4868596746094249,0.4973003374830826,-0.010440662873657667,0.5131403253905751,0.0,5.8742503593608174e-05,0.0,True,0,long_short,1.2790567262018062,1.1178285129556784
2020-09-11,1.4301428122607176,0.00026349346954623876,1.444635343588009,0.0,0.48713305155842473,0.49726667681811615,-0.01013362525969138,0.5128669484415753,0.0,5.844025916948118e-05,0.0,True,0,long_short,1.2841068703046292,1.1137256916330058
2020-09-14,1.4351669147332098,0.0035130075328284605,1.4297541571780843,0.0,0.7001212547765258,0.6963497369833277,0.0037715177931980947,0.29987874522347424,0.000579120922958544,0.00017535510336037856,0.8097706063686136,True,0,long_short,1.2869015381110043,1.115211127060924
2020-09-15,1.4286041656820816,-0.004572812391197223,1.429672016512035,0.0,0.6994091484531463,0.7001566269049142,-0.0007474784517678976,0.3005908515468537,0.0,8.214066604945024e-05,0.0,True,0,long_short,1.286888801303683,1.110122462978024
2020-09-16,1.4192723027706853,-0.00653215434727572,1.429589804456652,0.0,0.697565924207494,0.704835495850529,-0.007269571643034985,0.30243407579250603,0.0,8.221205538298153e-05,0.0,True,0,long_short,1.2824846963722036,1.1066582757559729
2020-09-17,1.4226538734524672,0.0023826088025395986,1.4295075836212598,0.0,0.6960284520590041,0.7008460048711723,-0.004817552812168165,0.3039715479409959,0.0,8.222083539207928e-05,0.0,True,0,long_short,1.2794084036039504,1.1119622705658414
2020-09-18,1.425809776172257,0.002218320828896392,1.4294256333787783,0.0,0.6976646292496477,0.7002006317844518,-0.002536002534804109,0.30233537075035233,0.0,8.19502424813967e-05,0.0,True,0,long_short,1.2856398865858067,1.1090273342084078
2020-09-21,1.428540696875678,0.0019153471585475756,1.4288831856263595,0.0,0.5994783571162465,0.5997181043992118,-0.00023974728296536824,0.40052164288375347,0.0005821774769085105,0.0002461692097184208,0.8145387666402001,True,0,long_short,1.2826637192751058,1.1137297137265363
2020-09-22,1.429017399804772,0.0003336992289659779,1.4288127701426234,0.0,0.5976690770087293,0.5975258809481518,0.0001431960605774362,0.4023309229912707,0.0,7.041548373595156e-05,0.0,True,0,long_short,1.2767343816669225,1.1192754110209098
2020-09-23,1.4328416586440693,0.0026761457486941254,1.428742588645579,0.0,0.5971594421124402,0.5942986444982996,0.002860797614140643,0.4028405578875598,0.0,7.018149704454112e-05,0.0,True,0,long_short,1.2768341533242713,1.1221830610605366
2020-09-24,1.428110541447775,-0.0033019120903921007,1.4286725993971805,0.0,0.5886155936028449,0.5890091611405761,-0.0003935675377311588,0.4113844063971551,0.0,6.998924839831773e-05,0.0,True,0,long_short,1.2619692377799179,1.1316524196422857
2020-09-25,1.4170456241355414,-0.0077479417671803,1.428603462121123,0.0,0.5859770517792771,0.594133343848301,-0.008156292069023886,0.41402294822072294,0.0,6.913727605760283e-05,0.0,True,0,long_short,1.258596106641042,1.1258938563836587
2020-09-28,1.3993875805783347,-0.01246116797966812,1.4121957935570335,0.0,0.5910663088816902,0.6002190362293243,-0.009152727347633973,0.4089336911183098,0.00042990323242343443,0.00020759524645148672,0.608658377658705,True,0,long_short,1.2544987464858794,1.1154953996552965
2020-09-29,1.3945817244075367,-0.003434256697355975,1.4121267574695053,0.0,0.5950021199150699,0.6075829767805376,-0.012580856865467739,0.4049978800849301,0.0,6.903608752816552e-05,0.0,True,0,long_short,1.2662887844627935,1.1013141248022424
2020-09-30,1.3951570108629339,0.00041251541256337454,1.4120571143915206,0.0,0.5997612802733431,0.6118746864326499,-0.012113406159306731,0.4002387197266569,0.0,6.964307798459725e-05,0.0,True,0,long_short,1.2708942017099871,1.09777588802101
2020-10-09,1.3995717713913574,0.0031643467323385632,1.3940809833719066,0.0,0.6009532502644969,0.5970300588057321,0.003923191458764683,0.39904674973550314,0.000590852363378845,0.0006314754515272305,0.8472994839927221,True,0,long_short,1.2833419542649553,1.0905680802689675
2020-10-12,1.4119946057904484,0.008876168163024056,1.3986193044923874,0.0,0.5062758931561013,0.4968032639808834,0.009472629175217915,0.49372410684389867,0.00014348724428101366,0.00020603500692574305,0.2051630843037561,True,0,long_short,1.3006721496263518,1.0855884061145435
2020-10-13,1.4141164844547123,0.001502752670273999,1.3985616483119316,0.0,0.5066270502636849,0.4956273650794909,0.010999685184193968,0.49337294973631507,0.0,5.7656180455898256e-05,0.0,True,0,long_short,1.3057456445425966,1.0829953677157989
2020-10-14,1.4160895922922292,0.001395293711095924,1.3985040421617585,0.0,0.5091318045128438,0.4967134164206009,0.012418388092242959,0.4908681954871562,0.0,5.760615017307633e-05,0.0,True,0,long_short,1.3043909435639143,1.085632799951161
2020-10-15,1.4221183312743586,0.00425731466069923,1.3984462292275657,0.0,0.5116026284758631,0.4949569657864719,0.01664566268939128,0.48839737152413687,0.0,5.7812934192750326e-05,0.0,True,0,long_short,1.303561282087025,1.0909485812569713
2020-10-16,1.4454468630397224,0.016404072187480523,1.398388375470779,0.0,0.5192495665272424,0.4866932071257068,0.03255635940153569,0.4807504334727576,0.0,5.7853756786592645e-05,0.0,True,0,long_short,1.303799035823686,1.1086423776395486
2020-10-19,1.42678917814719,-0.01290790091950944,1.4405788391740324,0.0,0.39292087455010666,0.4025856948599646,-0.009664820309857903,0.6070791254498933,0.0004507363367411749,0.00017346308289105077,0.6255754141359814,True,0,long_short,1.2983200858743853,1.0989502462994587
2020-10-20,1.4403914225649908,0.00953346480764905,1.4405316278113445,0.0,0.3974668433629175,0.39756418165871504,-9.733829579754047e-05,0.6025331566370825,0.0,4.721136268792308e-05,0.0,True,0,long_short,1.3040074241434676,1.1045883603853763
2020-10-21,1.447982988315411,0.005270488029497811,1.4404845608493846,0.0,0.3972433270048759,0.39206479415847134,0.005178532846404564,0.6027566729951241,0.0,4.7066961960023255e-05,0.0,True,0,long_short,1.303705986370201,1.1106668247699838
2020-10-22,1.4599016648681666,0.00823122691974576,1.4404379003163221,0.0,0.4008621585851805,0.387529915037392,0.013332243547788518,0.5991378414148195,0.0,4.666053306237121e-05,0.0,True,0,long_short,1.3087441012661094,1.1154981813907119
2020-10-23,1.451557494645024,-0.0057155700441620105,1.4403913998586662,0.0,0.39477102521694457,0.38707853296117734,0.007692492255767221,0.6052289747830555,0.0,4.650045765610749e-05,0.0,True,0,long_short,1.2979255986476341,1.1183672593848721
2020-10-26,1.4698784342774074,0.01262157351670301,1.461332211719117,0.0,0.5979803362615996,0.5921660985947331,0.0058142376668665055,0.40201966373840037,0.0004691933487924343,0.00013854248520065704,0.6419385658897182,True,0,long_short,1.2992445658057765,1.1313331400126394
2020-10-27,1.46292785205687,-0.004728678276006093,1.4612606709921716,0.0,0.5989338053663842,0.5977941858955029,0.001139619470881331,0.4010661946336158,0.0,7.154072694530854e-05,0.0,True,0,long_short,1.3053076398908314,1.1207533054653853
2020-10-28,1.462592512192702,-0.0002292251553599467,1.4611887918334585,0.0,0.6017238977397753,0.6007641496571469,0.0009597480826284581,0.3982761022602247,0.0,7.187915871322135e-05,0.0,True,0,long_short,1.3050157547230559,1.1207470154282437
2020-10-29,1.464091333928404,0.0010247705517480998,1.4611165721227557,0.0,0.6021949454533757,0.600163131087214,0.0020318143661617713,0.3978050545466243,0.0,7.221971070265963e-05,0.0,True,0,long_short,1.3073855084851902,1.1198619874751266
2020-10-30,1.4615471161732734,-0.0017377452459227394,1.4610443507277555,0.0,0.5967473550114195,0.5964033596383289,0.00034399537309066377,0.4032526449885805,0.0,7.222139500012e-05,0.0,True,0,long_short,1.2943557545956879,1.1291695586657398
2020-11-02,1.4667383826627154,0.003551898144094068,1.46389944776933,0.0,0.891295970359306,0.8893604275747559,0.0019355427845501034,0.10870402964069403,0.0007470197395231882,0.00021493272584107017,1.0200683319760544,True,0,long_short,1.2900068424959332,1.1370004672415832
2020-11-03,1.4663076677015174,-0.0002936549328013127,1.4637922319549344,0.0,0.8918605549471584,0.8901450652160529,0.0017154897311056228,0.10813944505284157,0.0,0.0001072158143954974,0.0,True,0,long_short,1.293965512971377,1.13318914067067
2020-11-04,1.4695085577911162,0.002182959388472794,1.4636849530616882,0.0,0.8927149352435806,0.8887519744982676,0.003962960745313006,0.10728506475641941,0.0,0.00010727889324599717,0.0,True,0,long_short,1.2949982557649975,1.1347571714859415
2020-11-05,1.4829945151819912,0.00917718874066753,1.4635776082425966,0.0,0.8983917945931855,0.8852987543016564,0.013093040291529143,0.10160820540681448,0.0,0.00010734481909142104,0.0,True,0,long_short,1.3053607099213362,1.136080245031551
2020-11-06,1.473064518424876,-0.006695909293971125,1.4634696992127123,0.0,0.8989733584184517,0.8924598492732965,0.006513509145155173,0.10102664158154828,0.0,0.00010790902988439498,0.0,True,0,long_short,1.2999610112175892,1.1331605376727045
2020-11-09,1.4849066463327534,0.008039110140633854,1.4735796314149003,0.0,0.8050020737772294,0.7973739747678894,0.007628099009340021,0.19499792622277057,0.0010370558441523902,0.0003241605052808151,1.4065429383957682,True,0,long_short,1.3113643455722257,1.1323372115053203
2020-11-10,1.4772793211344843,-0.005136568832192934,1.473482314216428,0.0,0.8016735567583784,0.7991032866248058,0.002570270133572621,0.19832644324162163,0.0,9.731719847224144e-05,0.0,True,0,long_short,1.3068176591587906,1.1304402804637805
2020-11-11,1.4777810305449461,0.00033961716195718417,1.4733852869210213,0.0,0.7987619881968725,0.7957874313896952,0.0029745568071772675,0.2012380118031275,0.0,9.702729540669272e-05,0.0,True,0,long_short,1.3044705486096715,1.13285886915576
2020-11-12,1.475222996262563,-0.001730996832081444,1.47328862942208,0.0,0.7980565680582212,0.7967453311500495,0.0013112369081717276,0.20194343194177877,0.0,9.665749894140655e-05,0.0,True,0,long_short,1.303310791543043,1.1319042287035666
2020-11-13,1.480083633691033,0.0032948492809456997,1.4731920230904627,0.0,0.7950141933240937,0.7903579627951579,0.00465623052893582,0.20498580667590627,0.0,9.660633161731923e-05,0.0,True,0,long_short,1.2953524097685651,1.1426107849334013
2020-11-16,1.4976476483365926,0.011866906873200467,1.481147600848915,0.0,0.8018885834788313,0.7908712740963447,0.01101730938248647,0.1981114165211687,0.0007490714505460536,0.0002884428210798492,1.0109631319756174,True,0,long_short,1.2984757579638657,1.1533889940964686
2020-11-17,1.490715483399836,-0.004628702181354916,1.4810502490814805,0.0,0.798434063115815,0.7919504420452722,0.006483621070542795,0.201565936884185,0.0,9.735176743457717e-05,0.0,True,0,long_short,1.2908036005539096,1.154873973670464
2020-11-18,1.490027462497923,-0.000461537368850351,1.480953215701806,0.0,0.7983095106290656,0.7922195243539775,0.0060899862750882555,0.20169048937093437,0.0,9.703337967470397e-05,0.0,True,0,long_short,1.292578969974392,1.1527554579720904
2020-11-19,1.5041401311965572,0.009471415161016905,1.480856194152687,0.0,0.7987411003482137,0.7832612015269863,0.015479898821227347,0.20125889965178634,0.0,9.70215491189974e-05,0.0,True,0,long_short,1.293444011471618,1.1628954310014699
2020-11-20,1.510198533002216,0.00402781740876712,1.4807593611713368,0.0,0.7994103952010747,0.7799168179080578,0.01949357729301696,0.2005896047989253,0.0,9.683298135008008e-05,0.0,True,0,long_short,1.2949664137466947,1.1662067193177585
2020-11-23,1.5160148149036825,0.003851335949786705,1.518766165445178,0.0,0.8034730831011929,0.8052879403931186,-0.0018148572919256432,0.19652691689880708,0.0012234592153351148,0.0002904236468059328,1.6098257454992455,True,0,long_short,1.3052842890774092,1.161444160164695
2020-11-24,1.5265118754712845,0.006924114767485889,1.5186658233809671,0.0,0.8037645871647703,0.7986247305960847,0.0051398565686854815,0.19623541283522972,0.0,0.00010034206421089656,0.0,True,0,long_short,1.3079887378319266,1.1670680574831047
2020-11-25,1.513935301400547,-0.008238765955787208,1.5185656225479287,0.0,0.8014208304700352,0.8044792974620515,-0.0030584669920162818,0.1985791695299648,0.0,0.00010020083303835441,0.0,True,0,long_short,1.3026714745755636,1.1621773647064908
2020-11-26,1.5012053249856039,-0.008408533973127241,1.5184655187445584,0.0,0.8001249288738863,0.8116224858513905,-0.011497556977504247,0.1998750711261137,0.0,0.000100103803370442,0.0,True,0,long_short,1.2997593451016716,1.1549871371520506
2020-11-27,1.501927083608501,0.00048078607961521413,1.5183653752926978,0.0,0.8005210932716995,0.8114658933645924,-0.010944800092892974,0.1994789067283005,0.0,0.00010014345186067073,0.0,True,0,long_short,1.303365276774361,1.1523454785641916
2020-11-30,1.494777907521646,-0.00476000210987515,1.5090235525493372,0.0,0.6987069922971634,0.7082372676350633,-0.00953027533789997,0.3012930077028366,0.0006214414555313668,0.0003005168061375245,0.8232948249412902,True,0,long_short,1.3033663381749712,1.1468593777055018
2020-12-01,1.4924399055463056,-0.0015641132796890833,1.5089365396106293,0.0,0.7005385703643005,0.7115920365729017,-0.011053466208601297,0.29946142963569955,0.0,8.701293870775793e-05,0.0,True,0,long_short,1.3127176313500943,1.1369085551257294
2020-12-02,1.4877871440337196,-0.0031175536752233723,1.5088492512529432,0.0,0.7000739306405924,0.7142305976770608,-0.014156667036468408,0.2999260693594076,0.0,8.728835768633134e-05,0.0,True,0,long_short,1.3126974647385028,1.133381593244789
2020-12-03,1.4903364056873754,0.0017134585843672223,1.5087619123679212,0.0,0.6983392946956584,0.7107026152253262,-0.012363320529667833,0.30166070530434164,0.0,8.733888502187266e-05,0.0,True,0,long_short,1.3065080839808467,1.1407020162832942
2020-12-04,1.4895135100062016,-0.0005521543176650878,1.5086748559859142,0.0,0.6965583547705138,0.7094225187079274,-0.012864163937413728,0.30344164522948625,0.0,8.705638200719428e-05,0.0,True,0,long_short,1.3055308878191543,1.1409255222558419
2020-12-07,1.5011415987796382,0.007806635317720634,1.4907612087921618,0.0,0.7975902275522393,0.7906752303288495,0.006914997223389832,0.2024097724477607,0.000757397521991469,0.00026055478995240457,1.0156058647677921,True,0,long_short,1.3028034420514185,1.1522395092968996
2020-12-08,1.51015630001534,0.006005230447967191,1.4906636540952274,0.0,0.7979297242275181,0.7850220232697334,0.01290770095778463,0.20207027577248193,0.0,9.755469693462803e-05,0.0,True,0,long_short,1.3002090251601477,1.1614719408899141
2020-12-09,1.4966560256100936,-0.00893965373326533,1.4905662152496855,0.0,0.7951728177632041,0.7911038732253799,0.004068944537824238,0.20482718223679586,0.0,9.743884554177342e-05,0.0,True,0,long_short,1.2955102046592657,1.155263787369187
2020-12-10,1.490856803599205,-0.0038747861309846865,1.4904688993281447,0.0,0.7947866974589066,0.794526508639884,0.00026018881902249925,0.20521330254109338,0.0,9.731592154078751e-05,0.0,True,0,long_short,1.2924293124883688,1.1535306335081454
2020-12-11,1.4760057992871658,-0.009961388831030593,1.4903715410883327,0.0,0.7922050842866933,0.801937933444945,-0.00973284915825167,0.20779491571330666,0.0,9.735823981197482e-05,0.0,True,0,long_short,1.2833872406909859,1.1500860788459082
2020-12-14,1.470237787950675,-0.0039078514049717405,1.4734957847657264,0.0,0.7997954729029919,0.8020114388111955,-0.002215965908203633,0.2002045270970081,0.0005996101765608068,0.00029186261270953246,0.8135296787685604,True,0,long_short,1.284022312056025,1.1450251091014725
2020-12-15,1.4774164114905362,0.004882627557728059,1.473398868530901,0.0,0.793803912625315,0.791084609571424,0.0027193030538910107,0.20619608737468498,0.0,9.691623482538988e-05,0.0,True,0,long_short,1.27704537204568,1.1569020520577782
2020-12-16,1.473400062985547,-0.00271849457861173,1.6200004644386647,0.0,0.6891184957005732,0.7886165241966909,-0.0994980284961178,0.31088150429942685,7.33855220046812e-05,9.606257959384151e-05,0.0995406189434808,True,0,long_short,1.2748001559551296,1.1557890514075273
2020-12-17,1.4796341350306332,0.004231078986418835,1.6199049618932053,0.0,0.6931603903009065,0.7879614114058082,-0.09480102110490167,0.3068396096990935,0.0,9.550254545941213e-05,0.0,True,0,long_short,1.2811590070101972,1.1549184191301995
2020-12-18,1.4812499630951,0.0010920456795444622,1.6198091349396655,0.0,0.6962539189607038,0.7897959782327552,-0.09354205927205139,0.30374608103929623,0.0,9.58269535399685e-05,0.0,True,0,long_short,1.2854283140641949,1.1523396107650432
2020-12-21,1.4849464563817372,0.0024955229561076653,1.4797918131014274,0.0,0.9019968477441662,0.898525582327048,0.003471265417118164,0.09800315225583378,0.0005260323262581851,0.00028846485952025596,0.7107018643096972,True,0,long_short,1.2958371160471744,1.1459360424182188
2020-12-22,1.4867966941967532,0.0012459963166109311,1.479682147700377,0.0,0.8973528563950974,0.892567705524003,0.0047851508710944415,0.10264714360490257,0.0,0.0001096654010502647,0.0,True,0,long_short,1.2881936164536907,1.1541717605229276
2020-12-23,1.4791355645237887,-0.005152775562972001,1.4795730737238906,0.0,0.899006347968196,0.8993021350553269,-0.0002957870871308818,0.100993652031804,0.0,0.00010907397648656454,0.0,True,0,long_short,1.2907784807394709,1.1459251812723206
2020-12-24,1.4600450062911752,-0.012906564273410304,1.4794637430577635,0.0,0.8913994703641948,0.9046995650071097,-0.013300094642914921,0.10860052963580524,0.0,0.00010933066612705556,0.0,True,0,long_short,1.2805713448724092,1.1401512396301887
2020-12-25,1.4487175873519857,-0.007758266964635219,1.4793551757633459,0.0,0.9008860232846088,0.92203409843662,-0.02114807515201113,0.09911397671539124,0.0,0.00010856729441773388,0.0,True,0,long_short,1.2876926353657268,1.1250492140467396
2020-12-28,1.4532494277050503,0.003128173767357856,1.4484782761294728,0.0,0.9965077200417916,0.9932246280380245,0.003283092003767018,0.003492279958208444,0.0010339283438251744,0.0003293672090654869,1.4265879799209653,True,0,long_short,1.285190560327534,1.1307657187698967
2020-12-29,1.4508071616501514,-0.0016805553185426092,1.4483596402564087,0.0,0.9946644158745588,0.9929774091803275,0.0016870066942312276,0.005335584125441217,0.0,0.00011863587306401264,0.0,True,0,long_short,1.2791518984565113,1.134194588930969
2020-12-30,1.4483988258578395,-0.0016599971767251587,1.4482412332369627,0.0,1.0033366880300585,1.003227883315457,0.00010880471460150538,0.0,0.0,0.00011840701944621635,0.0,True,0,long_short,1.2897131883271407,1.1230394780536646
2020-12-31,1.4534694336292642,0.0035008367038833477,1.4481218024899822,0.0,1.0087643086345024,1.0050850904717035,0.003679218162798959,0.0,0.0,0.00011943074698043452,0.0,True,0,long_short,1.3030518097941803,1.115434875808079
2021-01-04,1.4534633328956148,-4.197359440794024e-06,1.4554242376829973,0.0,0.9040258212978777,0.9053749470329424,-0.0013491257350646715,0.09597417870212233,0.0007510801603094065,0.00048028289003741075,1.0315793038187275,True,0,long_short,1.3160033738387393,1.1044525886403385
2021-01-05,1.4448435987814108,-0.005930479234747321,1.455316079111378,0.0,0.9086216166242626,0.9158697923706198,-0.007248175746357197,0.09137838337573745,0.0,0.00010815857161928969,0.0,True,0,long_short,1.3238959487753914,1.0913573684683426
2021-01-06,1.4385973464463102,-0.00432313389516259,1.4552073156642418,0.0,0.9158096624909896,0.9273556098396083,-0.011545947348618663,0.0841903375090104,0.0,0.00010876344713621505,0.0,True,0,long_short,1.3251795359131973,1.0855867506699426
2021-01-07,1.4246323763554067,-0.009707351487475147,1.4550976643229108,0.0,0.9132501873599727,0.9346348536592479,-0.021384666299275334,0.08674981264002735,0.0,0.0001096513413310159,0.0,True,0,long_short,1.3243739328501365,1.0757025195214374
2021-01-08,1.4274420488417507,0.0019722087838069946,1.4549882250566704,0.0,0.9140243745308602,0.9333219538877743,-0.019297579356914046,0.08597562546913984,0.0,0.00010943926624053389,0.0,True,0,long_short,1.323351804062617,1.0786565178356824
2021-01-11,1.4134448373242683,-0.009805800192617342,1.4223125627175075,0.0,0.8964900801314395,0.9027639191657428,-0.00627383903430342,0.10350991986856051,0.0010429697899149064,0.0003285032059939439,1.4655084637603957,True,0,long_short,1.3175816765459476,1.072756901894406
2021-01-12,1.4087659013612286,-0.0033103067339345094,1.4222076854297652,0.0,0.8997826316528442,0.9093241630425154,-0.009541531389671277,0.10021736834715578,0.0,0.00010487728774252949,0.0,True,0,long_short,1.3264564008471393,1.0620521718328038
2021-01-13,1.3953499284788369,-0.009523209547752876,1.4221023957140793,0.0,0.9012181586406136,0.9203907451647749,-0.019172586524161254,0.09878184135938639,0.0,0.00010528971568587404,0.0,True,0,long_short,1.3203926191616775,1.0567689551042403
2021-01-14,1.394340916619649,-0.0007231246002125102,1.4219968395091118,0.0,0.9053297704730394,0.9251641757894309,-0.019834405316391458,0.09467022952696058,0.0,0.00010555620496752756,0.0,True,0,long_short,1.3188270532617903,1.0572583517839538
2021-01-15,1.405878913772589,0.008274875258564407,1.4218908125832301,0.0,0.9042394579732799,0.9156287025616877,-0.011389244588407834,0.09576054202672013,0.0,0.00010602692588169017,0.0,True,0,long_short,1.3227920921408947,1.0628117011927558
2021-01-18,1.4225789083043274,0.011878686256788118,1.4031373944739234,0.0,0.9963580533972216,0.982691666445388,0.013666386951833658,0.0036419466027783898,0.0008642892093933905,0.0003174073362188458,1.2311797335256434,True,0,long_short,1.3297467427384277,1.0698119142406959
2021-01-19,1.430541941457028,0.005597603834990306,1.4030224939447684,0.0,0.994479823161492,0.9752427447405471,0.019237078420944964,0.0055201768385080285,0.0,0.00011490052915492933,0.0,True,0,long_short,1.3245278359386001,1.0800391676504881
2021-01-20,1.4232723934373106,-0.005081674160712368,1.4029078260831696,0.0,0.9994305237995338,0.985122252629488,0.014308271170045716,0.0005694762004662124,0.0,0.0001146678615988786,0.0,True,0,long_short,1.326591198724621,1.072879418170148
2021-01-21,1.428376458105845,0.003586147452918409,1.4027925852086767,0.0,0.9995793580594325,0.9816682025289818,0.017911155530450747,0.00042064194056745663,0.0,0.00011524087449273917,0.0,True,0,long_short,1.3348835678910749,1.0700382358908467
2021-01-22,1.4204841105771435,-0.005525397372599827,1.4026773365716771,0.0,1.00102866877201,0.9884929607884609,0.012535707983549147,0.0,0.0,0.00011524863699973794,0.0,True,0,long_short,1.3349387607227996,1.0640818533188936
2021-01-25,1.4176931864490978,-0.001964769691729873,1.281945805600238,0.0,0.9953715115275394,0.8996192132542671,0.09575229827327235,0.004628488472460557,0.0008087665649121769,0.00034622594240976104,1.1351366149715885,True,0,long_short,1.3323751244492215,1.0640345653669758
2021-01-26,1.4222357846742082,0.0032042181400957492,1.2818409795156602,0.0,0.9837788235574005,0.8850646675282663,0.09871415602913415,0.01622117644259946,0.0,0.00010482608457774839,0.0,True,0,long_short,1.3234370699116278,1.0746531263244559
2021-01-27,1.4193691908946844,-0.0020155545307000144,1.2817375189149554,0.0,0.9847552089570254,0.8877884205677592,0.09696678838926621,0.015244791042974604,0.0,0.00010346060070488884,0.0,True,0,long_short,1.3218686736101135,1.0737596095823123
2021-01-28,1.4222009590101252,0.0019950891801843174,1.281633949090392,0.0,0.9750911846147028,0.8762535280731338,0.09883765654156901,0.02490881538529721,0.0,0.00010356982456330931,0.0,True,0,long_short,1.3004835741179583,1.0935939425261259
2021-01-29,1.4162330897335338,-0.004196220821525154,1.281531520985628,0.0,0.9655758691195094,0.8704632992153207,0.09511256990418863,0.03442413088049057,0.0,0.00010242810476396847,0.0,True,0,long_short,1.2842041653605543,1.1028099175615982
2021-02-01,1.3951781433061152,-0.014866865193342016,1.402425385376042,0.0,0.9962423825180233,1.0014368747803184,-0.005194492262295065,0.0037576174819766717,0.0010415351801135227,0.00030397288629386947,1.4842318901264737,True,0,long_short,1.286630527155227,1.0843658018832258
2021-02-02,1.3786652844559555,-0.011835663373445326,1.402310548430322,0.0,0.9960531653972948,1.0132040026896816,-0.01715083729238679,0.003946834602705174,0.0,0.00011483694572007805,0.0,True,0,long_short,1.2848275613188822,1.0730352663362455
2021-02-03,1.3790431244393124,0.00027406215824599123,1.402195737264466,0.0,0.9869428174054253,1.0037317142969329,-0.016788896891507428,0.013057182594574668,0.0,0.00011481116585589718,0.0,True,0,long_short,1.2784856926735761,1.0786535448476158
2021-02-04,1.3587992149578818,-0.014679678338312518,1.4020819682793113,0.0,0.977056639558814,1.008910318045647,-0.031853678486832855,0.022943360441185945,0.0,0.0001137689851547564,0.0,True,0,long_short,1.2605356393558855,1.0779538257658525
2021-02-05,1.352185913752114,-0.004867018712527593,1.4019692910287807,0.0,0.9715239327016715,1.0083408946078378,-0.03681696190616646,0.028476067298328522,0.0,0.00011267725053068479,0.0,True,0,long_short,1.2551359406521387,1.0773222803655438
2021-02-08,1.3476526830809863,-0.0033525202599903325,1.3494954432856494,0.0,0.997003016964241,0.9983704020685767,-0.00136738510433574,0.0029969830357590155,0.0007712559601772991,0.000336196690014803,1.142375740449015,True,0,long_short,1.2634116812090346,1.0666773967067777
2021-02-09,1.3472049239073742,-0.00033225116473512006,1.3493848578156997,0.0,1.0125690704217,1.0141871864704468,-0.001618116048746741,0.0,0.0,0.00011058546994983786,0.0,True,0,long_short,1.282003528095628,1.0508589831329098
2021-02-10,1.3514731111791454,0.003168179685234307,1.3492725577084632,0.0,1.022233897088778,1.0206056342306573,0.0016282628581207425,0.0,0.0,0.00011230010723644538,0.0,True,0,long_short,1.2910576290999252,1.0467953410579662
2021-02-18,1.3768372834653664,0.01876779647069049,1.35759174917243,0.0,0.9934322061344009,0.9794541315107262,0.013978074623674612,0.006567793865599136,0.0004070747382166472,0.0009069508417187975,0.5995214886039282,True,0,long_short,1.3018403978978608,1.0576083563611993
2021-02-19,1.40183655718285,0.018157028443159806,1.3574809095314129,0.0,1.004862209503841,0.9732211116710274,0.03164109783281364,0.0,0.0,0.00011083964101710886,0.0,True,0,long_short,1.3125994620821708,1.0679850157481572
2021-02-22,1.4268333138874536,0.017831434468250418,1.4060355847823385,0.0,1.0005180592768719,0.9859419143952732,0.014576144881598736,0.0,0.0009160781109895658,0.00033640198337159477,1.302216892235937,True,0,long_short,1.3190626841972308,1.0817024323266418
2021-02-23,1.4201353894392368,-0.004694258525523298,1.4059199594588576,0.0,0.9936679305323363,0.9836580187407623,0.01000991179157396,0.006332069467663737,0.0,0.00011562532348086147,0.0,True,0,long_short,1.3142050074050382,1.0806041534139055
2021-02-24,1.4206775365075661,0.00038175731156409043,1.4058051434947327,0.0,0.9856524367757323,0.9751839155028516,0.010468521272880778,0.014347563224267668,0.0,0.00011481596412488551,0.0,True,0,long_short,1.3009406839807052,1.0920386717098294
2021-02-25,1.4022283157117548,-0.012986212790528695,1.4056912732030022,0.0,0.9872135243511698,0.9896831346510372,-0.002469610299867388,0.012786475648830176,0.0,0.00011387029173027894,0.0,True,0,long_short,1.3007584768759723,1.0780082087794516
2021-02-26,1.3885864631745872,-0.009728695665543796,1.405577210596291,0.0,0.9892771294530135,1.0015131319435315,-0.012236002490517955,0.010722870546986507,0.0,0.00011406260671151128,0.0,True,0,long_short,1.2929380771808068,1.0739775459334737
2021-03-01,1.4024503739643577,0.009984189791159892,1.3912673952489873,0.0,1.0038432643799948,0.9958693788700503,0.007973885509944338,0.0,0.0009605938685686865,0.00034290926573631085,1.3799375907929343,True,0,long_short,1.3029959093620487,1.076327534021962
2021-03-02,1.4061550688023345,0.002641587115489008,1.3911526014914954,0.0,0.9998069166716849,0.9891377752350884,0.010669141436596436,0.00019308332831513564,0.0,0.0001147937574917223,0.0,True,0,long_short,1.298835218970484,1.0826277639105886
2021-03-03,1.4126931438457202,0.004649611688243072,1.3910382824972716,0.0,1.008005267321694,0.9926764880727919,0.015328779248902106,0.0,0.0,0.00011431899422389183,0.0,True,0,long_short,1.3109047591080556,1.0776474294035836
2021-03-04,1.4111815910045626,-0.001069979597297932,1.3909230210779218,0.0,1.0035684968352196,0.9892127469758275,0.014355749859392275,0.0,0.0,0.0001152614193499135,0.0,True,0,long_short,1.2997773889120432,1.0857102170286008
2021-03-05,1.415599889881602,0.003130921566156575,1.3908082847367067,0.0,1.0050638894131094,0.9875507451114602,0.017513144301649318,0.0,0.0,0.00011473634121528837,0.0,True,0,long_short,1.2990471452922991,1.0897217202714204
2021-03-08,1.4273300672484908,0.008286364989665174,1.418899745803129,0.0,0.9905865080464721,0.9846801506882099,0.005906357358262157,0.00941349195352792,0.0008059871714941642,0.0003447065899805615,1.1354284944745952,True,0,long_short,1.2884299549895382,1.10780571479346
2021-03-09,1.4246742120081632,-0.001860715542444491,1.4187842282481398,0.0,0.9842848265888898,0.980150559462849,0.0041342671260408415,0.015715173411110173,0.0,0.00011551755498904575,0.0,True,0,long_short,1.282581283827722,1.110786684611817
2021-03-10,1.4296960544176782,0.003524905811579382,1.4186694560377877,0.0,0.9846820457858488,0.9769694985309136,0.007712547254935142,0.015317954214151164,0.0,0.00011477221035222697,0.0,True,0,long_short,1.2846389858104892,1.1129166016362733
2021-03-11,1.4330094777116225,0.0023175718249386357,1.4185546530703355,0.0,0.9897924789130487,0.9797054384111465,0.010087040501902206,0.010207521086951332,0.0,0.0001148029674522793,0.0,True,0,long_short,1.2982394194280182,1.1038098645494694
2021-03-12,1.4263521562999126,-0.004645692520011013,1.4184392617953814,0.0,0.998997401546999,0.993449757180507,0.005547644366492089,0.0010025984530009913,0.0,0.00011539127495414736,0.0,True,0,long_short,1.303184484870442,1.0945128436222256
2021-03-15,1.4409402255403116,0.010227536850536012,1.4287404614441543,0.0,0.9907049663066865,0.9822384359954915,0.008466530311194967,0.009295033693313526,0.00071859920407726,0.0003493995295882292,1.0054141791950155,True,0,long_short,1.301410530650773,1.1072142045905886
2021-03-16,1.444434072140553,0.002424699191759583,1.4286241315641408,0.0,0.9944005878031265,0.9834551657299798,0.010945422073146608,0.005599412196873543,0.0,0.0001163298800135101,0.0,True,0,long_short,1.3036239047230205,1.108014410373558
2021-03-17,1.448806538671928,0.0030271139512065837,1.4285073751682664,0.0,0.9945154572787523,0.9805045020809183,0.014010955197833967,0.005484542721247654,0.0,0.00011675639587422059,0.0,True,0,long_short,1.3045614752619359,1.1105697708734117
2021-03-18,1.4543858638831204,0.0038509801428054935,1.4283906167024738,0.0,0.9955755039048803,0.9777018103919077,0.01787369351297258,0.004424496095119745,0.0,0.00011675846579277514,0.0,True,0,long_short,1.308685370432351,1.1113334776582964
2021-03-19,1.4623592703277402,0.0054823184428725025,1.428273743631888,0.0,0.990681739100805,0.9673731531825083,0.023308585918296792,0.009318260899194963,0.0,0.0001168730705857747,0.0,True,0,long_short,1.3033847357855461,1.121970535773062
2021-03-22,1.4691745214903316,0.004660449248606202,1.4598436790033156,0.0,1.0044985378055067,0.9981474594614915,0.006351078344015102,0.0,0.0009119791973998724,0.00034881709276174134,1.2486403078844854,True,0,long_short,1.3120503641665495,1.1197546691918276
2021-03-23,1.4549646954466995,-0.009671979629225835,1.4597231486348663,0.0,1.0018356782479603,1.0051061721665127,-0.003270493918552454,0.0,0.0,0.0001205303684491337,0.0,True,0,long_short,1.3032287098958626,1.11643081862658
2021-03-24,1.4514346174149226,-0.0024262293393262357,1.4596029518680982,0.0,0.995327385373933,1.0009551514166941,-0.005627766042761026,0.004672614626067051,0.0,0.0001201967667680423,0.0,True,0,long_short,1.2906097180424658,1.124611567016858
2021-03-25,1.437222242807272,-0.009791949590511662,1.4594835419264067,0.0,0.9940174095972847,1.009506523567336,-0.015489113970051198,0.005982590402715315,0.0,0.00011940994169145085,0.0,True,0,long_short,1.287599585912242,1.1162027842600035
2021-03-26,1.4361204024827774,-0.000766645750167716,1.4593642910855906,0.0,1.000875388014257,1.0170605829064323,-0.01618519489217548,0.0,0.0,0.00011925084081616592,0.0,True,0,long_short,1.2959464403100138,1.1081633914895677
2021-03-29,1.4485176666616377,0.008632468529399029,1.4355453926650221,0.0,0.9941500631113418,0.9851945120019704,0.008955551109371455,0.005849936888658203,0.0008565828055746836,0.00036015323515223513,1.1926784008968634,True,0,long_short,1.2987467689196428,1.1153195536852663
2021-03-30,1.4375729026597581,-0.0075558374286892604,1.435428099104277,0.0,0.9978307776517408,0.9963388160604273,0.0014919615913134643,0.0021692223482592254,0.0,0.00011729356074517356,0.0,True,0,long_short,1.2991822969699842,1.1065213142239816
2021-03-31,1.423132967039283,-0.010044663191521641,1.435310375020674,0.0,1.00617322999413,1.014729990510138,-0.00855676051600801,0.0,0.0,0.00011772408360300619,0.0,True,0,long_short,1.2978569614081814,1.09652527925356
2021-04-01,1.4441576880318348,0.014773546449628139,1.4351916822232378,0.0,0.9988949803621961,0.9926865130439104,0.006208467318285735,0.0011050196378038502,0.0,0.00011869279743603583,0.0,True,0,long_short,1.3026852727834948,1.1086006099892807
2021-04-02,1.4486510961786192,0.0031114387189312698,1.435073852426557,0.0,0.9943487751581588,0.9849764398954597,0.009372335262699084,0.005651224841841218,0.0,0.00011782979668092143,0.0,True,0,long_short,1.3035404078750266,1.1113204373465841
2021-04-06,1.4694182446585855,0.014335507379760193,1.4556928503258169,0.0,1.0011920384898931,0.9918513389425306,0.009340699547362486,0.0,0.0009525760447240593,0.00046911359979112487,1.3079038007177228,True,0,long_short,1.3054675575827521,1.125587714626482
2021-04-07,1.4697351805559433,0.00021568801021087936,1.4555730603707402,0.0,1.0007761116645877,0.9911402804124254,0.009635831252162316,0.0,0.0,0.00011978995507653706,0.0,True,0,long_short,1.3075730225929734,1.124017668735162
2021-04-08,1.4653328991758816,-0.0029952888372696274,1.455453330474385,0.0,1.0066263410575116,0.9998841402190176,0.006742200838494073,0.0,0.0,0.00011972989635519653,0.0,True,0,long_short,1.309759507849765,1.1187801198569054
2021-04-09,1.479836022245285,0.009897493653189704,1.4553329061078621,0.0,1.0083418520257905,0.9917838579176019,0.01655799410818856,0.0,0.0,0.00012042436652277673,0.0,True,0,long_short,1.3084161284775906,1.1310132839520637
2021-04-12,1.4743059404855938,-0.0037369557684511223,1.4775731232586056,0.0,0.9934584178372751,0.9956744997801692,-0.0022160819428941733,0.006541582162724935,0.0007663528529628148,0.00036189307706988494,1.036775199940585,True,0,long_short,1.3009849090061256,1.133222937698697
2021-04-13,1.453410951185065,-0.014172763418186185,1.4774524715739632,0.0,0.9959471276130202,1.0124885747304342,-0.016541447117414048,0.004052872386979822,0.0,0.00012065168464240484,0.0,True,0,long_short,1.2967555813751082,1.1208056260254042
2021-04-14,1.4487449478569667,-0.003210381292568343,1.4773315212740348,0.0,0.9999247965045586,1.0196567537820314,-0.0197319572774728,7.520349544143379e-05,0.0,0.00012095029992846338,0.0,True,0,long_short,1.3000353092602959,1.114388922775709
2021-04-15,1.4668945696681321,0.012527824057652737,1.4772101057202875,0.0,0.994681523290193,1.0017137505991325,-0.00703222730893951,0.005318476709807007,0.0,0.00012141555374711942,0.0,True,0,long_short,1.299480196741217,1.1288318000895665
2021-04-16,1.4665258158529046,-0.0002513839936777451,1.4770893324221137,0.0,0.997259547818236,1.0044626372252,-0.007203089406963834,0.002740452181763997,0.0,0.00012077329817389851,0.0,True,0,long_short,1.304711840348366,1.1240227692433091
2021-04-19,1.46531830871662,-0.000823379393142587,1.4652585326581322,0.0,1.0066570269087025,1.0066162330019235,4.079390677916815e-05,0.0,0.000753122407990188,0.00036322283553298683,1.0274439570621545,True,0,long_short,1.3167544916704819,1.1128257530055317
2021-04-20,1.4633997030403996,-0.00130934395947091,1.4651372986968116,0.0,1.0088514179124073,1.0100387870589242,-0.0011873691465167572,0.0,0.0,0.00012123396132074577,0.0,True,0,long_short,1.3179864239785966,1.1103298762538425
2021-04-21,1.4638997720305378,0.0003417172964428339,1.4650158118096026,0.0,1.0087819535451175,1.009544327992049,-0.0007623744469315095,0.0,0.0,0.00012148688720887518,0.0,True,0,long_short,1.3152603934116742,1.113011369735924
2021-04-22,1.4657796173372437,0.0012841352547643403,1.4648943429017998,0.0,1.007978703158254,1.0073747416725212,0.0006039614857327638,0.0,0.0,0.00012146890780292736,0.0,True,0,long_short,1.3157730499063491,1.1140064142836574
2021-04-23,1.4663752658803269,0.0004063697816765188,1.4647729793924822,0.0,1.0069802798288918,1.0058875946717383,0.0010926851571535611,0.0,0.0,0.00012136350931758516,0.0,True,0,long_short,1.314122218157451,1.1158591230093895
2021-04-26,1.4582132004717416,-0.005566150492646971,1.4589566926854938,0.0,0.99334845392334,0.9938583191567034,-0.000509865233363404,0.006651546076659964,0.0010004128197740622,0.00036370077265047757,1.370468784324776,True,0,long_short,1.3126054766856279,1.110930303409809
2021-04-27,1.4628371925850876,0.0031709986659358425,1.4588375756454615,0.0,0.9887597035280071,0.9860255530976654,0.002734150430341727,0.011240296471992872,0.0,0.00011911704003229825,0.0,True,0,long_short,1.308363058447086,1.1180667194328684
2021-04-28,1.4635700702207648,0.0005009974038068243,1.4587190226439344,0.0,0.9910864281188253,0.9877718976596868,0.00331453045913854,0.008913571881174698,0.0,0.00011855300152689428,0.0,True,0,long_short,1.3103910412127704,1.1168956625849844
2021-04-29,1.4707803256091903,0.004926484583917423,1.4586002001738834,0.0,0.9960419280683668,0.9877605245010042,0.008281403567362611,0.0039580719316332225,0.0,0.00011882247005094952,0.0,True,0,long_short,1.3162736771941097,1.1173818568980587
2021-04-30,1.471129787866288,0.00023760329874744635,1.5830745631914942,0.0,0.9094947516570766,0.9855891766687336,-0.076094425011657,0.0905052483429234,6.232804876932078e-05,0.00011940647226160202,0.08471955737685487,True,0,long_short,1.3140974521432156,1.1194982422855793
2021-05-06,1.5001694575255682,0.01973970610805109,1.4783308881771942,0.0,0.899759561412389,0.8852021597543155,0.014557401658073493,0.100240438587611,0.0010374426385475002,0.0007150337735651425,1.4025481240029545,True,0,long_short,1.3191189384295658,1.1372510952739001
2021-05-07,1.5234813113703447,0.015539480375255765,1.6399131383031351,0.0,0.7920934500917237,0.8685182976194313,-0.07642484752770765,0.20790654990827628,8.088614155472584e-05,0.0001091468419560898,0.10741456898712538,True,0,long_short,1.317816953681185,1.1560644345291338
2021-05-10,1.5342824905235566,0.007089800887348119,1.5282933046334366,0.0,0.8979628011124989,0.8940592266878985,0.003903574424600418,0.10203719888750107,0.000566923371835253,0.0003262614398645894,0.741628778681655,True,0,long_short,1.3225539846040304,1.1600906340189336
2021-05-11,1.5240513594881895,-0.00666834895044377,1.5281805589279298,0.0,0.8991404490878303,0.9018498062325444,-0.002709357144714063,0.1008595509121697,0.0,0.00011274570550670744,0.0,True,0,long_short,1.322308801063099,1.1525684153829234
2021-05-12,1.5376715545704251,0.00893683470536688,1.5280675891671154,0.0,0.9022741031385891,0.8960283184814147,0.006245784657174458,0.09772589686141087,0.0,0.00011296976081448243,0.0,True,0,long_short,1.327930332494355,1.1579459531450695
2021-05-13,1.5328902990008002,-0.0031094127711562836,1.5279543455569164,0.0,0.8990616763170958,0.8958416458641004,0.003220030452995325,0.10093832368290423,0.0,0.00011324361019877595,0.0,True,0,long_short,1.3224885315664079,1.1590953436739329
2021-05-14,1.5271099319723873,-0.0037708941286801467,1.5278414775869122,0.0,0.9028900737235699,0.9033691129853868,-0.0004790392618168354,0.09710992627643011,0.0,0.00011286797000432793,0.0,True,0,long_short,1.3294580417724824,1.148671025327274
2021-05-17,1.5057140159454125,-0.014010724165312904,1.528529456382345,0.0,0.8019361770076142,0.8170887492725453,-0.015152572264931106,0.19806382299238579,0.0006234550208831067,0.00034016152060530486,0.8154253459335111,True,0,long_short,1.331661863239239,1.130702964101409
2021-05-18,1.5142460399792907,0.005666430639234665,1.5284283356714914,0.0,0.8023314239105133,0.8116973362640925,-0.009365912353579278,0.19766857608948674,0.0,0.00010112071085350507,0.0,True,0,long_short,1.3348471264701285,1.1343965986453932
2021-05-19,1.5123742598725953,-0.0012361135887276609,1.5283273129747434,0.0,0.8024143247960968,0.8129626748476853,-0.010548350051588514,0.19758567520390324,0.0,0.00010102269674791568,0.0,True,0,long_short,1.3341925960939043,1.1335501818105953
2021-05-20,1.5185544354483522,0.004086406215533911,1.5282262578659482,0.0,0.8010552600077548,0.8074243582710912,-0.006369098263336248,0.19894473999224516,0.0,0.00010105510879535451,0.0,True,0,long_short,1.3316225914166655,1.1403789971998122
2021-05-21,1.5153584997709362,-0.002104590788984506,1.5281254810571365,0.0,0.8004938563014123,0.8089189130045823,-0.008425056703169957,0.19950614369858766,0.0,0.00010077680881163874,0.0,True,0,long_short,1.332422179876269,1.1372960632580096
2021-05-24,1.515605649061989,0.00016309625154042884,1.5147347874170098,0.0,0.7993821030852347,0.7988075066224161,0.0005745964628185741,0.20061789691476528,0.0007732728131643002,0.0003022525850417162,1.020479974282494,True,0,long_short,1.3342920139510497,1.135887521783212
2021-05-25,1.5144384104306179,-0.0007701466618927899,1.514635279704444,0.0,0.806531741036886,0.8066617359395974,-0.0001299949027114954,0.19346825896311404,0.0,9.950771256575801e-05,0.0,True,0,long_short,1.3443459543300547,1.1265243187980787
2021-05-26,1.5299256001449075,0.01022635823789364,1.5145348709770088,0.0,0.8085450780632883,0.7984852887725928,0.010059789290695516,0.19145492193671165,0.0,0.00010040872743547124,0.0,True,0,long_short,1.3503835548004675,1.1329563328183223
2021-05-27,1.532451603945931,0.0016510631633224193,1.5144344636001896,0.0,0.8186040478679459,0.8068469781508019,0.011757069717144047,0.18139595213205406,0.0,0.00010040737681909224,0.0,True,0,long_short,1.3551340301310406,1.130848735159978
2021-05-28,1.5393060944266146,0.004472891974555138,1.5143328372484794,0.0,0.8182643468037935,0.8020406358287275,0.016223710975065957,0.18173565319620655,0.0,0.00010162635171009236,0.0,True,0,long_short,1.3544115701157704,1.13651280629199
2021-05-31,1.5508164788545746,0.0074776449399087674,1.5466754462118533,0.0,0.7965839128222949,0.7939136854297022,0.0026702273925927134,0.2034160871777051,0.0008023117785732679,0.00030441847529809904,1.0369283492838814,True,0,long_short,1.3559134519790523,1.1437429701660142
2021-06-01,1.5422197539618139,-0.005543354104097675,1.5465742505055942,0.0,0.7954972623222639,0.7983207876548855,-0.002823525332621472,0.20450273767773608,0.0,0.00010119570625911363,0.0,True,0,long_short,1.357364032812846,1.1361872840890692
2021-06-02,1.5374092129519978,-0.0031192318717603307,1.5464730571284389,0.0,0.7937426456801773,0.7996381770065685,-0.005895531326391215,0.20625735431982273,0.0,0.00010119337715504539,0.0,True,0,long_short,1.3537213059190067,1.1356910807489213
2021-06-03,1.555549320230776,0.011799140479942238,1.5463720129284095,0.0,0.7960770867708968,0.7901773655707972,0.005899721200099737,0.20392291322910316,0.0,0.00010104420002942783,0.0,True,0,long_short,1.3552667052073022,1.147780960200626
2021-06-04,1.5498714830945377,-0.0036500527899662183,1.5462709860902826,0.0,0.7980734749449158,0.7957503810345317,0.0023230939103841388,0.20192652505508424,0.0,0.00010102683812674512,0.0,True,0,long_short,1.35547155552505,1.143418669891738
2021-06-07,1.5499888394615373,7.572006342448923e-05,1.5471014319611829,0.0,0.7968748267822371,0.7950119698204043,0.001862856961832826,0.2031251732177629,0.0004779274882049013,0.0003041040386039259,0.6176452086760098,True,0,long_short,1.3541805385829737,1.1445954178926978
2021-06-08,1.5433780029887105,-0.004265086499025017,1.5470001503436108,0.0,0.7935355421048995,0.7958824379061133,-0.002346895801213926,0.20646445789510048,0.0,0.00010128161757205144,0.0,True,0,long_short,1.3505954811222824,1.1427389063276256
2021-06-09,1.5468789825020006,0.0022683875930009645,1.546899190279422,0.0,0.7955495577246654,0.7955626213047193,-1.3063580053950681e-05,0.2044504422753346,0.0,0.00010096006418871152,0.0,True,0,long_short,1.3511283042285493,1.1448794149754848
2021-06-10,1.544038394116574,-0.001836335238605491,1.546798041860395,0.0,0.7945431455531516,0.796330437730818,-0.001787292177666401,0.20545685444684836,0.0,0.00010114841902688784,0.0,True,0,long_short,1.3547006248819191,1.1397635505270092
2021-06-11,1.5393199212452378,-0.003055929754930631,1.5466969817422915,0.0,0.791513685573618,0.7963061009742358,-0.004792415400617785,0.208486314426382,0.0,0.00010106011810356498,0.0,True,0,long_short,1.3532387224416176,1.1375080358828915
2021-06-15,1.5381291411139675,-0.0007735754698133812,1.538152471136899,0.0,0.6965291065805502,0.6965442743725829,-1.5167792032664439e-05,0.30347089341944977,0.0009209566545169233,0.00040299282563466173,1.1967676627859196,True,0,long_short,1.3436765643452893,1.1447168030823145
2021-06-16,1.564479586882748,0.017131491150149225,1.5380644129138998,0.0,0.6954952644062925,0.6786109444123956,0.016884319993896984,0.3045047355937075,0.0,8.805822299905911e-05,0.0,True,0,long_short,1.329793444365272,1.1764831549680972
2021-06-17,1.5570542363798778,-0.004746211177906856,1.5379771521218477,0.0,0.6945862762242773,0.6823342404169798,0.012252035807297418,0.30541372377572273,0.0,8.726079205219858e-05,0.0,True,0,long_short,1.3288590580281865,1.1717226345209975
2021-06-18,1.545892862126092,-0.007168262988536567,1.5378898289914642,0.0,0.694920633991291,0.6897436690600856,0.005176964931205464,0.305079366008709,0.0,8.732313038369625e-05,0.0,True,0,long_short,1.3309910580536604,1.161459990863265
2021-06-21,1.5603716474555305,0.00936596945633461,1.5443890424782785,0.0,0.8069754072102276,0.7967325878131215,0.010242819397106135,0.19302459278977235,0.0007777720499492384,0.0002629158447197214,1.0067159644335348,True,0,long_short,1.3357592233944016,1.1681533768416352
2021-06-22,1.5597201567207795,-0.0004175227970935058,1.5442868617434324,0.0,0.8081933316024084,0.798298418780486,0.009894912821922322,0.19180666839759164,0.0,0.0001021807348460933,0.0,True,0,long_short,1.3445157784276696,1.160060879720414
2021-06-23,1.5515193884060547,-0.005257845953575591,1.5441845229378284,0.0,0.8104356165306078,0.8057080794317888,0.004727537098819011,0.1895643834693922,0.0,0.00010233880560413014,0.0,True,0,long_short,1.3500485060078813,1.1492323286916013
2021-06-24,1.545279788554166,-0.004021606109801179,1.544081777318105,0.0,0.8118915085351802,0.8111162371280639,0.0007752714071163709,0.18810849146481978,0.0,0.00010274561972332816,0.0,True,0,long_short,1.3523690815417482,1.142646493213593
2021-06-25,1.5451911621383174,-5.735298973363889e-05,1.5439787580144828,0.0,0.8144827240474853,0.813698093541214,0.0007846305062713263,0.18551727595251466,0.0,0.00010301930362209083,0.0,True,0,long_short,1.3575848041397454,1.1381912624732506
2021-06-28,1.5393226987288497,-0.003797888282862538,1.5408470693106069,0.0,0.5988872552184473,0.5998775417795538,-0.0009902865611063644,0.4011127447815527,0.0008000632965683456,0.0003100238883588531,1.0379331036867157,True,0,long_short,1.3601233205988845,1.1317523017332434
2021-06-29,1.5411483599740476,0.001186015932010509,1.5407711729996603,0.0,0.5944334565088657,0.5941887124049341,0.00024474410393152205,0.4055665434911343,0.0,7.589631094676144e-05,0.0,True,0,long_short,1.354207073598226,1.1380448308242146
2021-06-30,1.5350605258352796,-0.00395019343813896,1.5406959072769504,0.0,0.5931019308883662,0.5967730444026716,-0.003671113514305435,0.40689806911163384,0.0,7.526572270996893e-05,0.0,True,0,long_short,1.355672514040561,1.1323240015098155
2021-07-01,1.5335599427803537,-0.0009775399925090467,1.5406206128048945,0.0,0.5908468950636993,0.595450999427393,-0.0046041043636936806,0.40915310493630075,0.0,7.529447205576046e-05,0.0,True,0,long_short,1.3503014731532867,1.1357167071728902
2021-07-02,1.5337549160144786,0.00012713766751848432,1.5405455585747074,0.0,0.5889216262589059,0.5933490888797754,-0.004427462620869573,0.4110783737410941,0.0,7.50542301871543e-05,0.0,True,0,long_short,1.3445150708272628,1.140749515786966
2021-07-05,1.538530610565364,0.0031137272982930675,1.533177557377867,0.0,0.7011482044741884,0.6976688761132597,0.0034793283609286614,0.29885179552581165,0.0006211388505116076,0.00022439640377640017,0.8099352959928735,True,0,long_short,1.3470422656798944,1.142154667128295
2021-07-06,1.5420183154133844,0.002266906374218225,1.5330893339596254,0.0,0.7000463929838038,0.6942559420115239,0.005790450972279934,0.2999536070161962,0.0,8.822341824156038e-05,0.0,True,0,long_short,1.3492156603291616,1.1428998052373522
2021-07-07,1.5413951106703996,-0.0004041487294641488,1.5330013431066254,0.0,0.7067905861804978,0.7013450209872076,0.005445565193290238,0.29320941381950216,0.0,8.799085299997334e-05,0.0,True,0,long_short,1.3589239379094795,1.1342762222892528
2021-07-08,1.545655460552414,0.0027639570493780408,1.532912489699537,0.0,0.7129917377169188,0.7047473577900218,0.00824437992689697,0.2870082622830812,0.0,8.885340708844197e-05,0.0,True,0,long_short,1.363242423191745,1.133808216541257
2021-07-09,1.5380961347046946,-0.004890692680642794,1.5328229584719852,0.0,0.7205454777709436,0.7171170989370538,0.0034283788338898176,0.2794545222290564,0.0,8.953122755161916e-05,0.0,True,0,long_short,1.3699476446459062,1.1227408147427782
2021-07-12,1.5176142965857031,-0.013316357577950688,1.522056414690022,0.0,0.6996503305170114,0.7025773707500355,-0.0029270402330240563,0.3003496694829886,0.000964585169096266,0.0002719713792342887,1.266673498507889,True,0,long_short,1.3794312590970879,1.1001739206483283
2021-07-13,1.526772061152944,0.006034316221087188,1.5219687784054488,0.0,0.7028557940031249,0.6997097561172415,0.003146037885883403,0.2971442059968751,0.0,8.763628457324776e-05,0.0,True,0,long_short,1.3887326664435367,1.0993995446675264
2021-07-14,1.5145155653162283,-0.00802771818306669,1.5218809731473755,0.0,0.7047754674062324,0.7096386777949677,-0.004863210388735376,0.2952245325937676,0.0,8.780525807309134e-05,0.0,True,0,long_short,1.3841919946335586,1.0941513685875424
2021-07-15,1.5257293329324086,0.007404194366162686,1.5217926368057366,0.0,0.7028740194233053,0.700293813326654,0.002580206096651334,0.2971259805766947,0.0,8.833634163870463e-05,0.0,True,0,long_short,1.387935554585357,1.0992796660419997
2021-07-16,1.527414411376488,0.0011044412712708507,1.521704818273189,0.0,0.7008366343854286,0.6970985571087102,0.0037380772767185684,0.29916336561457135,0.0,8.781853254769055e-05,0.0,True,0,long_short,1.3884832373001648,1.1000596696770124
2021-07-19,1.5242354483177047,-0.0020812708293870275,1.526982462323533,0.0,0.5970134747559712,0.598815698952279,-0.0018022241963078427,0.4029865252440288,0.0004655212180570055,0.00026254316275338066,0.6095411733467128,True,0,long_short,1.3835484320636389,1.1016856461209843
2021-07-20,1.5232572745903605,-0.0006417471319302148,1.526907442916792,0.0,0.5985039503507478,0.6009002417634463,-0.0023962914126985117,0.40149604964925223,0.0,7.501940674127726e-05,0.0,True,0,long_short,1.3831185648165512,1.1013208219010469
2021-07-21,1.5281498727282654,0.0032119315755250177,1.526832210670389,0.0,0.6000953775783057,0.5992331178736839,0.0008622597046216944,0.39990462242169433,0.0,7.523224640295418e-05,0.0,True,0,long_short,1.396453648281557,1.094307623177304
2021-07-22,1.5284048846752232,0.00016687626751066276,1.5267569461761852,0.0,0.6007924437248668,0.5997142356429892,0.0010782080818776529,0.39920755627513316,0.0,7.526449420382727e-05,0.0,True,0,long_short,1.4052399225319074,1.0876469278793346
2021-07-23,1.5308303715616536,0.001586940025349426,1.5266816086829935,0.0,0.5990085404215496,0.5962984015611429,0.0027101388604066547,0.4009914595784504,0.0,7.533749319172707e-05,0.0,True,0,long_short,1.4079935495146922,1.087242460797708
2021-07-26,1.513403443275909,-0.011383970823603984,1.534073011040323,0.0,0.5931940955892141,0.6068517675445998,-0.013657671955385782,0.4068059044107859,0.00016346378626918667,0.00022508178993455288,0.213088124224999,True,0,long_short,1.397357607801153,1.083046626595008
2021-07-27,1.5087803136766027,-0.003054789930502011,1.5339975251591262,0.0,0.5918405083150642,0.6085541486336298,-0.016713640318565547,0.4081594916849358,0.0,7.548588119671798e-05,0.0,True,0,long_short,1.3820691934133724,1.0916821826773266
2021-07-28,1.4957245379812043,-0.00865319859826652,1.5339220587602826,0.0,0.5968259826380743,0.6223637870994719,-0.025537804461397667,0.4031740173619257,0.0,7.546639884366952e-05,0.0,True,0,long_short,1.3736866051950607,1.0888397195725836
2021-07-29,1.5023918134503225,0.004457555719529216,1.5338455476818238,0.0,0.600399129428706,0.6213349026071194,-0.020935773178413393,0.399600870571294,0.0,7.651107845881563e-05,0.0,True,0,long_short,1.3921249027933942,1.0792076274446856
2021-07-30,1.4970960496895827,-0.0035248885898665483,1.5337688226020085,0.0,0.6108580178454637,0.6353539564460831,-0.024495938600619358,0.3891419821545363,0.0,7.672507981544299e-05,0.0,True,0,long_short,1.3955503963623679,1.0727638740900385
2021-08-02,1.4911259439636069,-0.003987790714706341,1.489412804175023,0.0,0.5986052994188488,0.5974564093498917,0.0011488900689570326,0.40139470058115123,0.0006471073151612603,0.0002345389886342658,0.8685654988383642,True,0,long_short,1.4103392448629979,1.057281749334329
2021-08-03,1.4842145747419688,-0.004635000316114524,1.4893395809351022,0.0,0.600037481917919,0.6034904908563499,-0.0034530089384308895,0.39996251808208105,0.0,7.322323992073679e-05,0.0,True,0,long_short,1.4031560393340914,1.0577687250281487
2021-08-04,1.485036487027739,0.0005537691784982535,1.4892659609858765,0.0,0.6016930410676041,0.6045411017011867,-0.0028480606335825626,0.39830695893239587,0.0,7.361994922579557e-05,0.0,True,0,long_short,1.4148544430583339,1.0496037202369033
2021-08-05,1.4812250982760768,-0.002566528691352543,1.4891921720329502,0.0,0.5989573011905589,0.6043360068080547,-0.00537870561749577,0.4010426988094411,0.0,7.37889529260994e-05,0.0,True,0,long_short,1.4111299883175172,1.0496730354672241
2021-08-06,1.4879784314636988,0.004559288926093696,1.48911859743067,0.0,0.5990067645901839,0.5997730162661907,-0.000766251676006912,0.40099323540981613,0.0,7.357460228022187e-05,0.0,True,0,long_short,1.4131883979006912,1.052922903750207
2021-08-09,1.4761088041880213,-0.007977015677573807,1.4866555321489763,0.0,0.7012311206080398,0.7083760735620713,-0.007144952954031508,0.2987688793919602,0.0005987863492666608,0.00022005599473430584,0.8052238837958606,True,0,long_short,1.412982486182333,1.0446759380409916
2021-08-10,1.4872842100227694,0.007570855077241756,1.4865695891222206,0.0,0.703266357876421,0.7027858707605538,0.0004804871158672634,0.296733642123579,0.0,8.594302675570807e-05,0.0,True,0,long_short,1.417899601408691,1.04893478250868
2021-08-11,1.4950467370238614,0.005219262699610816,1.4864836787938418,0.0,0.7033293580335039,0.6976017389444406,0.005727619089063282,0.29667064196649606,0.0,8.591032837884447e-05,0.0,True,0,long_short,1.4244664869833368,1.0495485507630269
2021-08-12,1.5014586686274893,0.004288783383716854,1.4863979571058787,0.0,0.7024191048007555,0.6923883847840816,0.010030720016673956,0.29758089519924447,0.0,8.57216879631006e-05,0.0,True,0,long_short,1.426694366863922,1.0524038669388665
2021-08-13,1.5031070139822713,0.0010978293237260406,1.4863125111434905,0.0,0.7024304458623261,0.6912572541450668,0.011173191717259242,0.29756955413767394,0.0,8.544596238830507e-05,0.0,True,0,long_short,1.428930737949388,1.051910336913412
2021-08-16,1.5025832947480549,-0.00034842444971960873,1.5112889419891329,0.0,0.7989170544039289,0.8047108411919938,-0.005793786788064906,0.2010829455960711,0.0006197989331230942,0.00025620007245326517,0.8198893443066146,True,0,long_short,1.4272077309590039,1.0528133096213002
2021-08-17,1.4930677086816373,-0.006332817687829562,1.5111895602027976,0.0,0.7942196387650918,0.806356966105164,-0.012137327340072265,0.20578036123490817,0.0,9.93817863351571e-05,0.0,True,0,long_short,1.4122971751884164,1.0571908907786671
2021-08-18,1.4875973134657026,-0.003663862786748573,1.5110906057742144,0.0,0.7956735651694696,0.8114663419484078,-0.01579277677893814,0.20432643483053037,0.0,9.895442858318743e-05,0.0,True,0,long_short,1.4179760222526177,1.0490990609999762
2021-08-19,1.4928261509811556,0.003514954933113712,1.5109913891865228,0.0,0.7970942554603656,0.8092626102238645,-0.012168354763498875,0.2029057445396344,0.0,9.921658769180487e-05,0.0,True,0,long_short,1.4168070663807018,1.053655212769829
2021-08-20,1.4969152937260186,0.002739195546765938,1.5108920942505593,0.0,0.7895304559265977,0.7988675243519933,-0.00933706842539557,0.21046954407340235,0.0,9.929493596329763e-05,0.0,True,0,long_short,1.4133313331828503,1.0591396784184608
2021-08-23,1.5100712334409758,0.008788700182366549,1.4942774978849929,0.0,0.9005692919081421,0.8901103577822373,0.01045893412590476,0.09943070809185794,0.0006076409940419875,0.000294863921473202,0.812960110764948,True,0,long_short,1.423030411957881,1.0611658196140303
2021-08-24,1.551483021280985,0.027423731359774717,1.4941670214428662,0.0,0.9029413237834405,0.8659986057182468,0.036942718065193766,0.0970586762165595,0.0,0.00011047644212669683,0.0,True,0,long_short,1.4315460290526574,1.0837814431350818
2021-08-25,1.5669732677717592,0.009984154694767211,1.494056590034656,0.0,0.9039575400032138,0.8574240864741751,0.046533453529038704,0.09604245999678618,0.0,0.00011043140821026294,0.0,True,0,long_short,1.436104744673007,1.0911274219963323
2021-08-26,1.567741908996392,0.0004905260609364692,1.4939461603944384,0.0,0.8985393997155736,0.851468036643322,0.04707136307225158,0.10146060028442638,0.0,0.00011042964021769754,0.0,True,0,long_short,1.4345579301838984,1.0928397355103119
2021-08-27,1.5923041331439336,0.015667262581036123,1.4938364440553793,0.0,0.897737893911538,0.8358981441809799,0.06183974973055825,0.10226210608846198,0.0,0.00010971633905889959,0.0,True,0,long_short,1.4390879879877756,1.1064675311274015
2021-08-30,1.6042932876385323,0.007529437527067584,1.5896181025732175,0.0,0.892820307041936,0.8836728617597107,0.009147445282225341,0.10717969295806395,0.0010151748228284859,0.00032819278435069756,1.2764410719363086,True,0,long_short,1.4458558320779322,1.1095803966380933
2021-08-31,1.608113029404121,0.0023809497895557197,1.5895015817150866,0.0,0.8945237991879564,0.8829503293206483,0.01157346986730804,0.10547620081204356,0.0,0.00011652085813063861,0.0,True,0,long_short,1.4491847381913874,1.1096673785090225
2021-09-01,1.6003452100400495,-0.004830393897716223,1.5893848789264104,0.0,0.8994997895719576,0.8926510602822535,0.006848729289704168,0.10050021042804236,0.0,0.0001167027886764817,0.0,True,0,long_short,1.4523462968086516,1.1019033226143151
2021-09-02,1.6281693765979304,0.01738635288394108,1.5892674638703643,0.0,0.9034754516511514,0.879582413686728,0.023893037964423422,0.0965245483488486,0.0,0.00011741505604601718,0.0,True,0,long_short,1.4732286462118258,1.1051708645392622
2021-09-03,1.642461251549828,0.00877787972020494,1.5891497562689814,0.0,0.9060960723197801,0.8736377752180723,0.03245829710170768,0.09390392768021993,0.0,0.00011770760138291694,0.0,True,0,long_short,1.4706575801339772,1.1168209879285425
2021-09-06,1.631946794847693,-0.0064016467312174585,1.6479302448441255,0.0,0.8062125604362361,0.8160066603706796,-0.00979409993444345,0.19378743956376387,0.0010160075065620685,0.0003538149518677518,1.2323112473965467,True,0,long_short,1.479333822521081,1.1031633090538882
2021-09-07,1.650623219027641,0.011444260461745737,1.64782079173832,0.0,0.8150599895478683,0.8133621900397701,0.0016977995080982152,0.1849400104521317,0.0,0.00010945310580544936,0.0,True,0,long_short,1.498188896758978,1.101745729526112
2021-09-08,1.6484557949259613,-0.0013130943977369691,1.64771044479177,0.0,0.8173847542600836,0.8169326037465635,0.00045215051352018814,0.1826152457399164,0.0,0.00011034694655003975,0.0,True,0,long_short,1.5022947481190212,1.0972918576663762
2021-09-09,1.6597438683662584,0.006847665236181966,1.6475997589875473,0.0,0.8179502426252426,0.8106333851207983,0.0073168575044443105,0.18204975737475737,0.0,0.0001106858042227378,0.0,True,0,long_short,1.5023474643493224,1.1047669781804474
2021-09-10,1.6520823020628048,-0.004616113636253472,1.6474891745664146,0.0,0.8135488367591837,0.8107686317472087,0.002780205011974959,0.18645116324081634,0.0,0.00011058442113264895,0.0,True,0,long_short,1.5016122675267316,1.1002056508128484
2021-09-13,1.6449996260703132,-0.004287120553042811,1.6487019479412908,0.0,0.8004579417664117,0.8027085938713133,-0.002250652104901618,0.19954205823358828,0.0005251849903427703,0.00033027694707383977,0.6368861873006079,True,0,long_short,1.5044419615532394,1.093428439321087
2021-09-14,1.6258301932823096,-0.011653153279917006,1.6485934173656664,0.0,0.7976752809053235,0.8116762658651373,-0.014000984959813806,0.20232471909467653,0.0,0.00010853057562425238,0.0,True,0,long_short,1.4895112391710603,1.0915192517695356
2021-09-15,1.6273314473586429,0.0009233769200105435,1.6484849531645531,0.0,0.7895963602439159,0.8025952522890766,-0.012998892045160693,0.21040363975608412,0.0,0.00010846420111349421,0.0,True,0,long_short,1.4884257801471386,1.0933238788687016
2021-09-16,1.6218233397826773,-0.0033847484388664917,1.648377603425357,0.0,0.7824495032882969,0.7988225958387087,-0.0163730925504119,0.21755049671170312,0.0,0.0001073497391959527,0.0,True,0,long_short,1.4628385956396248,1.1086823553992549
2021-09-17,1.6144750355663229,-0.004530890656277653,1.6482711199351974,0.0,0.7834814766999947,0.8044146491705242,-0.0209331724705295,0.21651852330000532,0.0,0.00010648349015975362,0.0,True,0,long_short,1.4624196961988414,1.1039751719446256
2021-09-22,1.6278794523323334,0.008302647282067532,1.6111576974881963,0.0,0.9001920332379152,0.8899199244400683,0.010272108797846949,0.09980796676208481,0.0006660870062436177,0.0005337153572587617,0.8265010265406164,True,0,long_short,1.4686441031766306,1.1084233741934357
2021-09-23,1.6379854338942328,0.006208065067361268,1.6110386277052469,0.0,0.9060215391282664,0.8895703512047444,0.016451187923522115,0.09397846087173356,0.0,0.00011906978294935315,0.0,True,0,long_short,1.4760371122261322,1.109718326407019
2021-09-24,1.623588747687271,-0.008789263878088538,1.6109188657920117,0.0,0.902704816060441,0.8949011885018568,0.0078036275585841326,0.09729518393955905,0.0,0.00011976191323541492,0.0,True,0,long_short,1.4653201502660225,1.1080095686888054
2021-09-27,1.6021457202271423,-0.013207179152154969,1.623941207650488,0.0,0.892657382812897,0.9062613185524349,-0.01360393573953788,0.10734261718710303,0.0006643331233920793,0.0003582620136847184,0.8178392929469191,True,0,long_short,1.4420864447112884,1.1109914569288517
2021-09-28,1.6202156800484513,0.011278599438974357,1.6238218682510694,0.0,0.8878753819414776,0.8901011277153428,-0.0022257457738651698,0.11212461805852236,0.0,0.00011933939941859099,0.0,True,0,long_short,1.4475852074719773,1.1192541010265993
2021-09-29,1.6124678332465212,-0.004781984829142272,1.6237033348973198,0.0,0.8801977544883186,0.8871656464481708,-0.006967891959852117,0.1198022455116814,0.0,0.0001185333537495787,0.0,True,0,long_short,1.4249398716554382,1.1316041226169218
2021-09-30,1.6173964087078054,0.003056541879264074,1.6235857574123067,0.0,0.8872437490923597,0.8910704848704155,-0.0038267357780557595,0.1127562509076403,0.0,0.00011757748501307105,0.0,True,0,long_short,1.4422750202196817,1.1214202465084988
2021-10-08,1.6273307138240458,0.0061421585102796605,1.6252124884265038,0.0,0.9990832611329139,0.9977816047581232,0.0013016563747907718,0.0009167388670860976,0.0006615836857358885,0.0009476476945544764,0.8138190983959758,True,0,long_short,1.44267446064928,1.1279957871380495
2021-10-11,1.612291163630372,-0.009241852357307567,1.638070989897585,0.0,0.998980709409022,1.0149702693897173,-0.015989559980695303,0.0010192905909780503,0.0003415603379748074,0.0004003694756165437,0.41694057815377494,True,0,long_short,1.4404405661652373,1.1193041917186755
2021-10-12,1.6048708889499677,-0.0046023167823461275,1.6379364889992274,0.0,0.9913408996610731,1.0119441770193496,-0.020603277358276433,0.008659100338926917,0.0,0.00013450089835763667,0.0,True,0,long_short,1.4198108301072652,1.1303413489448602
2021-10-13,1.5895829033973066,-0.009525990942899965,1.637803006279972,0.0,0.9867402105576283,1.0170752769323406,-0.030335066374712404,0.013259789442371717,0.0,0.00013348271925540714,0.0,True,0,long_short,1.4190098264468483,1.1202057052540415
2021-10-14,1.5968091166585117,0.0045459807385703765,1.6376701247343544,0.0,0.9882144191480342,1.013803581715786,-0.02558916256775184,0.011785580851965793,0.0,0.00013288154561751203,0.0,True,0,long_short,1.4242545606615216,1.121154294157109
2021-10-15,1.5999704771918029,0.001979798649889064,1.6375370685040709,0.0,0.9878369507975127,1.011316503606639,-0.02347955280912622,0.012163049202487342,0.0,0.0001330562302836838,0.0,True,0,long_short,1.4309629663175132,1.1181075365697402
2021-10-18,1.617765094304673,0.011121840913028924,1.6016669248662694,0.0,0.9976464958051183,0.9876956262412508,0.009950869563867475,0.0023535041948816726,0.0006822152620976739,0.00039897777917279823,0.8515188669093936,True,0,long_short,1.4387108369709891,1.1244546525489851
2021-10-19,1.6209471062655836,0.0019669184185717725,1.601535593947809,0.0,1.0024060616529016,0.9904306478699709,0.011975413782930606,0.0,0.0,0.00013133091846004029,0.0,True,0,long_short,1.4465478652757129,1.1205623714059612
2021-10-20,1.6118554014463917,-0.005608884326976926,1.6014036403292375,0.0,1.003176980354091,0.9966926759259297,0.00648430442816127,0.0,0.0,0.00013195361857163643,0.0,True,0,long_short,1.4475668098614023,1.1134929251387846
2021-10-21,1.6047189453029425,-0.004427479125637124,1.6012715972218452,0.0,1.007634674852807,1.00548641824302,0.0021482566097870016,0.0,0.0,0.00013204310739232337,0.0,True,0,long_short,1.446740332586343,1.1091962456277005
2021-10-22,1.5940205019837557,-0.006666864219744828,1.601138978884481,0.0,1.0033544552685998,1.0078201926238384,-0.0044657373552386736,0.0,0.0,0.000132618337364332,0.0,True,0,long_short,1.4405173408093674,1.106561133854967
2021-10-25,1.59938387206576,0.0033646807398834966,1.5963807658518705,0.0,0.896339360152694,0.8944616957180697,0.0018776644346242821,0.103660639847306,0.0003404859978855694,0.00039611984778631636,0.4264814506491049,True,0,long_short,1.4480610687455024,1.1045002911730464
2021-10-26,1.5987484475751141,-0.0003972932963398623,1.5962631833085572,0.0,0.8955741096055532,0.894019603472755,0.0015545061327981648,0.10442589039444683,0.0,0.00011758254331332097,0.0,True,0,long_short,1.4496545848614555,1.1028478537374526
2021-10-27,1.5956102673310377,-0.0019628980711983157,1.5961457055726815,0.0,0.8903977200086394,0.8907332895725902,-0.0003355695639508849,0.10960227999136063,0.0,0.00011747773587565367,0.0,True,0,long_short,1.4461841586666544,1.1033243987419628
2021-10-28,1.5626426205129615,-0.020661465705670512,1.75333017861882,0.0,0.8001185086280937,0.922147407368397,-0.12202889874030322,0.19988149137190625,7.8689989593851e-05,0.00011681615196949935,0.09898416100376584,True,0,long_short,1.4348186809337777,1.0890871726704843
2021-10-29,1.577594640852883,0.00956841963968258,1.7532117413442048,0.0,0.7942767425002706,0.9055962766464943,-0.11131953414622375,0.20572325749972942,0.0,0.00011843727461501799,0.0,True,0,long_short,1.4439339893732572,1.0925670096163063
2021-11-01,1.5718940286708198,-0.0036134834858345677,1.576528866963313,0.0,0.9067262437940006,0.9096748129773901,-0.0029485691833895226,0.09327375620599943,0.00042301236598428884,0.00035227327384450714,0.536493689540105,True,0,long_short,1.4549679563155813,1.0803633316099488
2021-11-02,1.5693405877993976,-0.0016244357602029913,1.5764113399161992,0.0,0.9014066776223575,0.9059122337596116,-0.004505556137254196,0.09859332237764251,0.0,0.00011752704711381405,0.0,True,0,long_short,1.4485857544470917,1.083360500392603
2021-11-03,1.5595635399610925,-0.006230035668684741,1.576294489107644,0.0,0.9104076399808378,0.9211356088758844,-0.010727968895046566,0.08959236001916215,0.0,0.00011685080855531295,0.0,True,0,long_short,1.4522688145641147,1.0738807611380001
2021-11-04,1.5651151587582486,0.00355972594569276,1.5761764149012636,0.0,0.913321302174696,0.9203886774289176,-0.00706737525422157,0.08667869782530402,0.0,0.00011807420638049513,0.0,True,0,long_short,1.4637676749736594,1.069237410770403
2021-11-05,1.5453797831276628,-0.012609535803259297,1.5760580164680311,0.0,0.917471529993029,0.9373231118988563,-0.019851581905827417,0.08252847000697106,0.0,0.00011839843323233874,0.0,True,0,long_short,1.4532884667502108,1.0633675409145598
2021-11-08,1.594309201078652,0.03166174327191085,1.5630979039013562,0.0,0.904651150444171,0.8850744603289921,0.019576690115179037,0.09534884955582901,0.0005110374446867549,0.00035716936127345766,0.6536640091694854,True,0,long_short,1.4596653616156499,1.0922429503389528
2021-11-09,1.577882013674797,-0.010303639590576785,1.5629819245296515,0.0,0.9062422911450738,0.8967991965308928,0.009443094614181042,0.09375770885492618,0.0,0.00011597937170484115,0.0,True,0,long_short,1.468011508413015,1.0748430817007402
2021-11-10,1.5783325064243796,0.0002855047118088816,1.5628656195990693,0.0,0.9059893089196333,0.896189797877217,0.009799511042416298,0.09401069108036675,0.0,0.0001163049305822552,0.0,True,0,long_short,1.4683384198009237,1.0749105826968477
2021-11-11,1.5768407267160225,-0.0009451618732333467,1.5627493605177063,0.0,0.9141833658036892,0.9052469108025151,0.00893645500117413,0.0858166341963108,0.0,0.0001162590813629183,0.0,True,0,long_short,1.4827288892725656,1.0634720467944943
2021-11-12,1.5757776645778132,-0.0006741721723685368,1.5626320374878415,0.0,0.9184250071506386,0.9100826963123302,0.00834231083830833,0.08157499284936143,0.0,0.00011732302986470732,0.0,True,0,long_short,1.4920596620358937,1.0561090180721644
2021-11-15,1.589320689549392,0.00859450243268145,1.5744121090518235,0.0,0.7948678846742082,0.7854874112457804,0.009380473428427854,0.2051321153257918,0.0008160190941420675,0.00035361073621669874,1.036064655730237,True,0,long_short,1.4892395206148765,1.0672028693498505
2021-11-16,1.5885925961958047,-0.0004581160733482248,1.5743095015399817,0.0,0.7838308381369976,0.7748398012342533,0.008991036902744222,0.2161691618630024,0.0,0.0001026075118416584,0.0,True,0,long_short,1.480174451804275,1.0732468691507087
2021-11-17,1.5953423721826598,0.004248903087562317,1.5742083312847917,0.0,0.7837660214682564,0.7705186826735415,0.013247338794714918,0.21623397853174364,0.0,0.00010117025519001893,0.0,True,0,long_short,1.4861494296386921,1.0734737304111568
2021-11-18,1.6001734184865046,0.003028219138463184,1.5741072977694743,0.0,0.7843421658354353,0.7680526059565538,0.01628955987888154,0.21565783416456474,0.0,0.00010103351531732597,0.0,True,0,long_short,1.4866447499234023,1.0763657010654035
2021-11-19,1.6065408455442807,0.003979210618183293,1.5740062826436618,0.0,0.7881870098541752,0.7679356959888272,0.020251313865348057,0.21181299014582478,0.0,0.00010101512581240824,0.0,True,0,long_short,1.4994102150609916,1.071448513160177
2021-11-22,1.603166236984516,-0.0021005432691761916,1.6039212079431178,0.0,0.9040982707611315,0.9045691956977878,-0.0004709249366564443,0.09590172923886853,0.0005065421225197231,0.0003042049468826777,0.6314302685166101,True,0,long_short,1.512271913853896,1.0601044840533893
2021-11-23,1.6253491007193148,0.013836908003080017,1.603802015494332,0.0,0.9038095685548717,0.8905526717962325,0.013256896758639074,0.09619043144512829,0.0,0.0001191924487856657,0.0,True,0,long_short,1.510709532155839,1.0758845867609512
2021-11-24,1.6540789333108241,0.017676099601491524,1.60368304626275,0.0,0.905627157063001,0.8751595136917133,0.03046764337128777,0.09437284293699899,0.0,0.00011896923158196078,0.0,True,0,long_short,1.5102573754959394,1.095229833105537
2021-11-25,1.6512751271270278,-0.001695086085271802,1.6035640668450883,0.0,0.9058143025012015,0.8769208373855791,0.02889346511562245,0.09418569749879846,0.0,0.00011897941766169935,0.0,True,0,long_short,1.5087077306052037,1.0944963650876467
2021-11-26,1.6533156801650857,0.0012357438227801332,1.6034450500587403,0.0,0.9048089516147827,0.8746449419796926,0.03016400963509016,0.0951910483852173,0.0,0.00011901678634801741,0.0,True,0,long_short,1.5096958945732002,1.0951315997533977
2021-11-29,1.6509823947501696,-0.0014112764083160645,1.7935305578768526,0.0,0.8875111614378133,0.9738525806921677,-0.08634141925435451,0.11248883856218672,0.0009316674446185007,0.0003565637746402456,1.1404137843226363,True,0,long_short,1.5159096875448885,1.0891033999683977
2021-11-30,1.6190815632336892,-0.019322332944263665,1.7933984088248687,0.0,0.9019865450605832,1.0096505748102813,-0.10766402974969806,0.09801345493941682,0.0,0.0001321490519839552,0.0,True,0,long_short,1.5178916762841357,1.0666647617419385
2021-12-01,1.6528602602018336,0.020862875432094086,1.7932640493757468,0.0,0.8970347894199113,0.9819807419330224,-0.0849459525131111,0.10296521058008867,0.0,0.00013435944912194161,0.0,True,0,long_short,1.5256689123544909,1.0833675949069805
2021-12-02,1.6564414458560333,0.0021666596629059676,1.7931306457912572,0.0,0.8959878541400866,0.9785076439444188,-0.08251978980433215,0.10401214585991336,0.0,0.00013340358448969358,0.0,True,0,long_short,1.5273200979035924,1.0845411175625028
2021-12-03,1.68013679187394,0.014304970499975145,1.7929974260145571,0.0,0.8945408601350023,0.9617143395126774,-0.06717347937767504,0.10545913986499766,0.0,0.00013321977669998413,0.0,True,0,long_short,1.5353665759287078,1.0942903266326898
2021-12-06,1.6785147318673168,-0.0009654332995195913,1.840878852915135,0.0,0.8925901171615092,0.9893209458907816,-0.09673082872927245,0.10740988283849084,0.0006963825341129106,0.00039841930974772477,0.8285217041160728,True,0,long_short,1.5210627875068903,1.1035144279734168
2021-12-07,1.6775859244491742,-0.000553350769289529,1.8407423660837194,0.0,0.8786732519551487,0.9759299344634481,-0.09725668250829943,0.12132674804485133,0.0,0.00013648683141555498,0.0,True,0,long_short,1.4998874915353302,1.1184745081992427
2021-12-08,1.6701214457219273,-0.0044495358589144995,1.8406078011805986,0.0,0.8850277131726915,0.9871079276956399,-0.10208021452294849,0.11497228682730853,0.0,0.00013456490312091661,0.0,True,0,long_short,1.5113909513475188,1.105022789922679
2021-12-09,1.6681861796863326,-0.0011587576703191438,1.840472300622849,0.0,0.8920369615593275,0.9953144752052633,-0.10327751364593576,0.10796303844067245,0.0,0.00013550055774958503,0.0,True,0,long_short,1.521723686286775,1.0962477581964616
2021-12-10,1.6678032694008276,-0.00022953690071747523,1.8403358318678917,0.0,0.8933747877519578,0.9968237769897877,-0.10344898923783007,0.10662521224804222,0.0,0.00013646875495719246,0.0,True,0,long_short,1.5253522611724797,1.093388925203973
2021-12-13,1.6582064533001262,-0.005754165540249323,1.6558070543778813,0.0,0.9986637596901538,0.9972167752585895,0.0014469844315641888,0.0013362403098462483,0.0007652642728317061,0.00040993297502795736,0.9239129064465088,True,0,long_short,1.5316070949677583,1.0826578557570816
2021-12-14,1.6514401730224428,-0.004080481211623188,1.6556711427648343,0.0,0.9944695521744138,0.9970315400753429,-0.0025619879009290795,0.005530447825586204,0.0,0.00013591161304709053,0.0,True,0,long_short,1.5249192097235618,1.082968961563424
2021-12-15,1.6492570272298643,-0.0013219648088025338,1.655535810879433,0.0,0.9966625664643503,1.0004696041461083,-0.0038070376817579635,0.0033374335356497475,0.0,0.00013533188540144027,0.0,True,0,long_short,1.5260697679849027,1.0807219052688686
2021-12-16,1.6796594715772513,0.018434024439751395,1.655400191849967,0.0,0.998304365875652,0.9838613908930476,0.014442974982604278,0.0016956341243480333,0.0,0.00013561902946585065,0.0,True,0,long_short,1.5312239293475147,1.0969391474263257
2021-12-17,1.6827167919987573,0.0018202025310731784,1.6552643656496437,0.0,0.9984743900280882,0.9821600426110728,0.016314347417015457,0.0015256099719117566,0.0,0.0001358262003232336,0.0,True,0,long_short,1.5281083647566882,1.1011763503216518
2021-12-20,1.6667924689440816,-0.009463460001347346,1.6769355900855283,0.0,0.9957415357201651,1.001826949069718,-0.0060854133495530215,0.004258464279834895,0.0005270098644103757,0.00040751437712840553,0.6283417161444957,True,0,long_short,1.5159970761951194,1.099469448270594
2021-12-21,1.667155250792941,0.00021765268059392717,1.6767983431583589,0.0,1.0122488356777364,1.0180329954677927,-0.005784159790056224,0.0,0.0,0.0001372469271694218,0.0,True,0,long_short,1.5268679412436927,1.0918791375205499
2021-12-22,1.6428724758289714,-0.014565395125870961,1.676658845701876,0.0,1.0247453338307209,1.045310758335661,-0.020565424504940023,0.0,0.0,0.0001394974564828436,0.0,True,0,long_short,1.5340001995433148,1.070972791475561
2021-12-23,1.6412227666092654,-0.00100416145743365,1.676517696747885,0.0,1.0288050881179238,1.050310352885569,-0.021505264767645322,0.0,0.0,0.0001411489539910329,0.0,True,0,long_short,1.5434364047672455,1.0633562623895516
2021-12-24,1.6134838092103554,-0.016901396911656485,1.676376015109817,0.0,1.0367364039229972,1.0757155405839602,-0.038979136660963025,0.0,0.0,0.00014168163806804445,0.0,True,0,long_short,1.538823557715781,1.0485177466384772
2021-12-27,1.6127004496124147,-0.0004855081863660571,1.6094941285703996,0.0,0.9955947607735495,0.9936065917724276,0.0019881690011218987,0.00440523922645053,0.0007406949589544786,0.00042796839650503186,0.9199837789261127,True,0,long_short,1.5319407285595308,1.0527172621938328
2021-12-28,1.6167869499714917,0.002533948793812968,1.6093624252993897,0.0,0.9911653581078239,0.9865732102851112,0.004592147822712736,0.008834641892176087,0.0,0.00013170327101007557,0.0,True,0,long_short,1.5331432954507662,1.0545569711382607
2021-12-29,1.6164919453105213,-0.00018246353421857986,1.6092313229411777,0.0,0.9920218295664558,0.9875302375171378,0.004491592049318056,0.007978170433544207,0.0,0.00013110235821209163,0.0,True,0,long_short,1.5282856186585736,1.0577158651334881
2021-12-30,1.6189654873680877,0.0015301913905245712,1.6091001173514765,0.0,0.9931577887271372,0.987064162832339,0.006093625894798312,0.006842211272862775,0.0,0.0001312055897011265,0.0,True,0,long_short,1.5346536685189287,1.0549386617832328
2021-12-31,1.606463240440675,-0.0077223677866892215,1.6089687730106454,0.0,1.0033692351798809,1.004928892759897,-0.0015596575800160657,0.0,0.0,0.00013134434083096692,0.0,True,0,long_short,1.5438698100163668,1.0405432051447683
2022-01-04,1.605724287846981,-0.0004599872409722927,1.614039152474117,0.0,1.007902521098889,1.0130807853190094,-0.005178264220120287,0.0,0.0009803077776875235,0.0005307555042659255,1.213988811670021,True,0,long_short,1.5485325428965058,1.0369328660303767
2022-01-05,1.6245683769392125,0.011735569571223348,1.613905448768155,0.0,0.996094047804855,0.9895305024826524,0.0065635453222026505,0.0039059521951450016,0.0,0.00013370370596201312,0.0,True,0,long_short,1.5377342068896223,1.0564689070845539
2022-01-06,1.6250412998310957,0.00029110679402366557,1.6137733205520712,0.0,0.999498090918534,0.992564126052413,0.006933964866121066,0.0005019090814659677,0.0,0.00013212821608356867,0.0,True,0,long_short,1.5413542905704463,1.0542944667378695
2022-01-07,1.6379596744980258,0.007949566985327117,1.613640748686518,0.0,0.995934195889853,0.9810871113186407,0.014847084571212267,0.004065804110147009,0.0,0.00013257186555336398,0.0,True,0,long_short,1.5379387034071668,1.0650357331337532
2022-01-10,1.6333351505117406,-0.0028233442240892526,1.634251509665043,0.0,1.001761441050019,1.0023224766421417,-0.0005610355921226877,0.0,0.0008302838698252756,0.0003962419213585535,1.0155869548645542,True,0,long_short,1.5431728236157392,1.0584265906684036
2022-01-11,1.6328121277978505,-0.0003202176318353178,1.634116951155461,0.0,1.0013058312960381,1.0021049577450623,-0.0007991264490240489,0.0,0.0,0.000134558509581994,0.0,True,0,long_short,1.5341502108295413,1.0643104673009567
2022-01-12,1.6308655325305574,-0.0011921734498128167,1.633982464925735,0.0,1.0037684591928455,1.005679672798753,-0.0019112136059074457,0.0,0.0,0.00013448622972595808,0.0,True,0,long_short,1.5440838591394024,1.056202694482878
2022-01-13,1.6375654028515183,0.0041081684463371015,1.6338476598587377,0.0,0.99856467553452,0.9962943888111275,0.002270286723392466,0.0014353244654800035,0.0,0.00013480506699732289,0.0,True,0,long_short,1.5321639764878536,1.06879252350344
2022-01-14,1.617712760557684,-0.012123266807704036,1.6337135641966414,0.0,0.9973779327862111,1.007268936942871,-0.009891004156659814,0.002622067213788881,0.0,0.00013409566209634532,0.0,True,0,long_short,1.5188094340116627,1.0651189835480452
2022-01-17,1.6093157700336,-0.0051906560477331665,1.6137097281247825,0.0,1.0063243786267513,1.0090547054979602,-0.0027303268712086846,0.0,0.000663789648557245,0.0004017875702315807,0.8223495259917188,True,0,long_short,1.529745398297655,1.0520154346105524
2022-01-18,1.6053263149801824,-0.0024789759273498024,1.6135762579069426,0.0,1.0089495338428895,1.0140886403595994,-0.005139106516709891,0.0,0.0,0.00013347021783982003,0.0,True,0,long_short,1.5347421185697698,1.0459909163607175
2022-01-19,1.6297653819122855,0.015223737818316874,1.6134424543578938,0.0,1.0065361052563384,0.9965205976651543,0.010015507591184105,0.0,0.0,0.00013380354904863608,0.0,True,0,long_short,1.536155196582007,1.060937973935553
2022-01-20,1.6184930246786435,-0.006916552136121301,1.7698969402823068,0.0,0.9151750504438564,1.008721277270336,-0.09354622682647966,0.08482494955614361,7.833315315957133e-05,0.0001334872415701816,0.09509155775988365,True,0,long_short,1.5384382692943173,1.0520363780478805
2022-01-21,1.614863157744909,-0.002242744873401703,1.7697627532945448,0.0,0.9099243861963169,1.0058455760548721,-0.09592118985855531,0.09007561380368312,0.0,0.00013418698776221678,0.0,True,0,long_short,1.5315257209209843,1.0544146504923273
2022-01-24,1.6161963553518421,0.0008255793071623163,1.613764708711383,0.0,0.995500881746112,0.993996332727419,0.0015045490186928292,0.004499118253888046,0.00042472014258241664,0.00040051305940727296,0.5262333341929485,True,0,long_short,1.5346427007126244,1.0531417864245192
2022-01-25,1.6098272165192002,-0.003940819945269292,1.6136326681702717,0.0,0.9831273029958043,0.9854911912516504,-0.0023638882558461275,0.01687269700419569,0.0,0.00013204054111127275,0.0,True,0,long_short,1.5148376729286945,1.0627060874495278
2022-01-26,1.612655323608305,0.0017567767895114716,1.6135022733312594,0.0,0.9872062446149117,0.9877314341644425,-0.0005251895495308078,0.012793755385088312,0.0,0.00013039483901234263,0.0,True,0,long_short,1.5216617712511862,1.059798802911569
2022-01-27,1.609834630834642,-0.0017490983549737216,1.613371352480114,0.0,0.9763250342262136,0.9785219814018614,-0.00219694717564775,0.02367496577378636,0.0,0.00013092085114525101,0.0,True,0,long_short,1.5080482470261325,1.067495442542526
2022-01-28,1.6124473331939724,0.0016229631971427239,1.6132418791727696,0.0,0.981007636035466,0.9815003938219936,-0.0004927577865275428,0.018992363964533965,0.0,0.00012947330734468338,0.0,True,0,long_short,1.5074344036732952,1.0696633493734673
2022-02-07,1.631493499046132,0.011811961519656133,1.6122367543332587,0.0,0.9995696707489057,0.9877665316471367,0.011803139101769023,0.0004303292510943191,0.0012951495831817297,0.0013007816651072115,1.6053597453364041,True,0,long_short,1.5224670205140436,1.0716117177338114
2022-02-08,1.6436477234840279,0.007449753520318625,1.6121042994284678,0.0,0.9978327256537183,0.9786416157797012,0.019191109874017082,0.0021672743462817223,0.0,0.00013245490479103965,0.0,True,0,long_short,1.5259965313428063,1.0770979420495104
2022-02-09,1.640474079775545,-0.0019308539555883408,1.6119720904917105,0.0,1.0054596780040235,0.9880854386696634,0.017374239334360175,0.0,0.0,0.00013220893675750984,0.0,True,0,long_short,1.5404513924514605,1.0649307649785102
2022-02-10,1.6469929660720677,0.003973781955405542,1.61183886348754,0.0,1.0034648193288047,0.982120403591337,0.021344415737467756,0.0,0.0,0.0001332270041705122,0.0,True,0,long_short,1.5448533745817197,1.066116042577829
2022-02-11,1.655760833109219,0.005323560705946528,1.6117059145508372,0.0,0.9957109719668729,0.9691039175678055,0.026607054399067426,0.00428902803312714,0.0,0.00013294893670280484,0.0,True,0,long_short,1.5348142938112561,1.0788020673156673
2022-02-14,1.6612924756096186,0.003340846328640401,1.6535418312628498,0.0,0.9694664944483927,0.9648010640918717,0.0046654303565209585,0.030533505551607276,0.0010610656099702494,0.0003956558572409123,1.2825622534272731,True,0,long_short,1.4885481950175024,1.116048832795827
2022-02-15,1.6545235727424425,-0.004074479940500586,1.6534100928999809,0.0,0.9545601193859841,0.9538871281631297,0.0006729912228544275,0.04543988061401594,0.0,0.00013173836286871067,0.0,True,0,long_short,1.4658642949787968,1.1287017348126176
2022-02-16,1.669447978572684,0.00902036457873101,1.6532803754693552,0.0,0.9552720528882582,0.9455876522295736,0.009684400658684592,0.04472794711174177,0.0,0.00012971743062587584,0.0,True,0,long_short,1.473924925012047,1.1326546896946186
2022-02-17,1.684087449592252,0.008769048935615364,1.6531506267519926,0.0,0.9530182360622674,0.9346481550740445,0.018370080988222893,0.04698176393773257,0.0,0.00012974871736257137,0.0,True,0,long_short,1.4769608845571165,1.1402383551255961
2022-02-18,1.6840613458613414,-1.5500222934949903e-05,1.6530212544866985,0.0,0.9586092644819034,0.9401775776250525,0.018431686856850916,0.04139073551809658,0.0,0.00012937226529408915,0.0,True,0,long_short,1.4885786218349917,1.131321732798618
2022-02-21,1.6890107386375222,0.0029389622820712447,1.6818162789468714,0.0,1.0054479029442138,1.001188332814746,0.004259570129467775,0.0,0.0011785879288946884,0.0003904068616579484,1.4005841040769953,True,0,long_short,1.494434015200672,1.1302009466177216
2022-02-22,1.6865135959017516,-0.0014784646886170094,1.681677291178746,0.0,0.9988340101095265,0.9959663755201833,0.002867634589343239,0.0011659898904734511,0.0,0.0001389877681251537,0.0,True,0,long_short,1.4859750061384336,1.134954214529121
2022-02-23,1.6862104794319184,-0.00017972963311407852,1.6815392327540852,0.0,1.0101421605600487,1.0073718974554056,0.002770263104643168,0.0,0.0,0.0001380584246610229,0.0,True,0,long_short,1.4978255439501227,1.1257722811863522
2022-02-24,1.6776137047496376,-0.005098280900956764,1.6813996184211941,0.0,1.005549382383341,1.0078061079101046,-0.002256725526763402,0.0,0.0,0.0001396143328910565,0.0,True,0,long_short,1.4893233712630738,1.1264267634012064
2022-02-25,1.6836001682366941,0.0035684397845032745,1.6812606560098222,0.0,1.0090641109971707,1.0076745220252699,0.001389588971900862,0.0,0.0,0.0001389624113720863,0.0,True,0,long_short,1.49460100889666,1.1264545910346713
2022-02-28,1.6791291614047523,-0.0026556227044240988,1.6866565573739645,0.0,1.0009121929189824,1.005395109505884,-0.004482916586901769,0.0,0.0012567670619924648,0.0004183202452955115,1.48913696431946,True,0,long_short,1.4967807719495878,1.121827052346251
2022-03-01,1.6874915057717177,0.004980167433915161,1.6865178021755725,0.0,1.0020632983914044,1.0014862859484883,0.0005770124429160249,0.0,0.0,0.00013875519839219623,0.0,True,0,long_short,1.5012789877351622,1.1240359184121245
2022-03-02,1.6887714720722384,0.0007585023664669066,1.686378898098804,0.0,1.003549188503998,1.0021324343646716,0.0014167541393262993,0.0,0.0,0.00013890407676862517,0.0,True,0,long_short,1.4970263092907226,1.128084030047784
2022-03-03,1.7068648726864775,0.01071394259877989,1.6862397989755387,0.0,0.9912422458610042,0.9791586450786668,0.012083600782337344,0.008757754138995821,0.0,0.00013909912326520786,0.0,True,0,long_short,1.488737124326099,1.1465186464394226
2022-03-04,1.7039953447564407,-0.0016811687767176453,1.686102432551204,0.0,0.9816598029170736,0.9711592388983411,0.010500564018732382,0.018340197082926446,0.0,0.00013736642433469004,0.0,True,0,long_short,1.4720136963134727,1.1575947622117548
2022-03-07,1.7194289096101854,0.009057281113611593,1.7143321797282423,0.0,0.9726744323429847,0.9697102330943524,0.0029641992486321863,0.027325567657015326,0.0016691849870789583,0.00040804540818903645,1.9454355006948032,True,0,long_short,1.4418041121490037,1.1925537561738417
2022-03-08,1.713173786207943,-0.003637907544348784,1.7141951374425934,0.0,0.9483464347095003,0.9489426096234949,-0.0005961749139945508,0.05165356529049969,0.0,0.00013704228564881597,0.0,True,0,long_short,1.4143226813526772,1.2113033389024352
2022-03-09,1.7068079274516008,-0.0037158277855936506,1.7140615179683396,0.0,0.9387620147520858,0.943011813689667,-0.004249798937581244,0.06123798524791424,0.0,0.0001336194742539229,0.0,True,0,long_short,1.4044590854830825,1.215277785656904
2022-03-10,1.704272080981811,-0.0014857245674830821,1.7139292270062065,0.0,0.9581966135870686,0.9638630480326955,-0.005666434445626846,0.041803386412931354,0.0,0.00013229096213309883,0.0,True,0,long_short,1.4236944949395955,1.1970771025943454
2022-03-11,1.696127413586751,-0.004778971319161607,1.7137942118103722,0.0,0.9580841558214443,0.9685001175482,-0.010415961726755707,0.04191584417855565,0.0,0.00013501519583442357,0.0,True,0,long_short,1.4251542745786772,1.1901360041095779
2022-03-14,1.6819401787968238,-0.008364486462680287,1.6775873766500384,0.0,0.9948164971865985,0.9922285322865037,0.0025879649000948445,0.005183502813401519,0.001036640182070367,0.0004050492162991626,1.2351070539628157,True,0,long_short,1.41613803019614,1.1876950854599035
2022-03-15,1.670707104574603,-0.006678640753000176,1.677450209332093,0.0,0.9794579058223172,0.9834939841624561,-0.004036078340138982,0.020542094177682824,0.0,0.00013716731794531002,0.0,True,0,long_short,1.392922014651574,1.1994261609775148
2022-03-16,1.6669428491285807,-0.0022530911825988653,1.677315157519492,0.0,0.9916571768474671,0.9978795307789975,-0.006222353931530375,0.008342823152532874,0.0,0.0001350518126010902,0.0,True,0,long_short,1.4176862598860622,1.1758192882976455
2022-03-17,1.6771950723960842,0.0061503147950532355,1.677178439041564,0.0,1.0024172923357055,1.0024073749714144,9.917364290962708e-06,0.0,0.0,0.0001367184779279863,0.0,True,0,long_short,1.4279344365767142,1.1745602805244615
2022-03-18,1.6950467279713821,0.010643756274453242,1.6770402555311668,0.0,1.0072550435136136,0.9966320487943086,0.010622994719305048,0.0,0.0,0.0001381835103974425,0.0,True,0,long_short,1.4384090453975193,1.1784177340896367
2022-03-21,1.697773277600799,0.0016085395077456432,1.6996009370105631,0.0,0.9990871682836217,1.0001636720982812,-0.0010765038146595002,0.0009128317163783484,0.0005068322511440378,0.00041654906958087307,0.5962354390794132,True,0,long_short,1.4394697384072057,1.1794435355615116
2022-03-22,1.7001899468927475,0.0014234346386718943,1.6994613711621482,0.0,0.9973807306380588,0.9969522045595869,0.0004285260784718607,0.0026192693619412344,0.0,0.00013956584841497667,0.0,True,0,long_short,1.437375595003492,1.1828431989542836
2022-03-23,1.695278281037381,-0.0028888924230748847,1.6993220554266093,0.0,0.9978327547786727,1.0002180707674755,-0.0023853159888026386,0.002167245221327274,0.0,0.0001393157355390223,0.0,True,0,long_short,1.432200913229085,1.1836874738580871
2022-03-24,1.6977938627374842,0.0014838753780082037,1.6991826871001705,0.0,0.9855824439200057,0.9864004609909633,-0.0008180170709576372,0.014417556079994287,0.0,0.00013936832643889405,0.0,True,0,long_short,1.4179735456511942,1.197338178800638
2022-03-25,1.6879943354407452,-0.005771918200327741,1.699045040142729,0.0,0.9783428888862264,0.984889536863631,-0.006546647977404616,0.021657111113773553,0.0,0.0001376469574415246,0.0,True,0,long_short,1.4060207595807326,1.2005472351233957
2022-03-28,1.687679145278819,-0.00018672465618430056,1.6855497458565032,0.0,0.993868679182625,0.9926069468040077,0.0012617323786172758,0.006131320817374997,0.0010221923616265342,0.0004099285378998908,1.2121538826342433,True,0,long_short,1.3999552088942542,1.2055236728693781
2022-03-29,1.686253070758635,-0.000844991492709557,1.6854120580173049,0.0,0.9928715326150911,0.9923727861600575,0.0004987464550335533,0.00712846738490891,0.0,0.00013768783919835664,0.0,True,0,long_short,1.39831003794861,1.2059221667552724
2022-03-30,1.6925385461024662,0.0037274804433735653,1.6852745189769212,0.0,1.0012259903033338,0.9969341960973628,0.0042917942059710985,0.0,0.0,0.00013753904038353693,0.0,True,0,long_short,1.4158861244513443,1.1953917175071722
2022-03-31,1.678077815813279,-0.008543811496929954,1.6851358327121413,0.0,1.002945050223181,1.0071510630983596,-0.00420601287517865,0.0,0.0,0.00013868626477992835,0.0,True,0,long_short,1.4148356916475555,1.1860584417821562
2022-04-01,1.6894695042274854,0.006788534063711271,1.684996922203416,0.0,1.0057079749722024,1.0030606457289826,0.0026473292432198136,0.0,0.0,0.00013891050872532468,0.0,True,0,long_short,1.429513093084126,1.181849618867437
2022-04-06,1.6884591555506956,-0.0005980271761413247,1.6867022756101653,0.0,1.001921522944423,1.0008810003266535,0.0010405226177693794,0.0,0.0007615390478251046,0.000696427550075279,0.9025841516838102,True,0,long_short,1.4328628734095796,1.1783815373294655
2022-04-07,1.6782603776762992,-0.00604028699235537,1.6865633758823335,0.0,0.9970166013053178,1.0019639851061142,-0.004947383800796478,0.0029833986946822266,0.0,0.0001388997278316392,0.0,True,0,long_short,1.4217110909995352,1.180451069349397
2022-04-08,1.6830481379950477,0.002852811388765142,1.6864251657626572,0.0,0.9942177390941067,0.9962242341499359,-0.0020064950558291808,0.005782260905893288,0.0,0.00013821011967634825,0.0,True,0,long_short,1.422331302756033,1.1833024659823117
2022-04-11,1.6835392507798648,0.00029179960675529415,1.687196165522526,0.0,0.9824120990950989,0.9845842579805938,-0.0021721588854949187,0.017587900904901144,0.001067887797118767,0.00041343123509052953,1.2680977488171084,True,0,long_short,1.4084630423845568,1.1953023970935002
2022-04-12,1.690563808787462,0.004172494347454592,1.687059925557265,0.0,0.9856169825513679,0.983544370318701,0.0020726122326668634,0.01438301744863213,0.0,0.0001362399652611204,0.0,True,0,long_short,1.412450370676473,1.196901387747727
2022-04-13,1.6772182478152327,-0.007894148036802662,1.6869232616243774,0.0,0.9823911340787814,0.9881775091207812,-0.005786375041999818,0.017608865921218575,0.0,0.00013666393288746156,0.0,True,0,long_short,1.4071967914567158,1.1918860659701997
2022-04-14,1.674770844005025,-0.001459204139589887,1.783897532764697,0.0,0.9296644985376257,0.994823674881243,-0.06515917634361731,0.07033550146237433,4.857953722988623e-05,0.0001362237822228475,0.0580575711240893,True,0,long_short,1.4129057115382029,1.1853380096975719
2022-04-15,1.672556371919756,-0.0013222537836719006,1.7837605929001257,0.0,0.9292208656413657,0.9957084428897965,-0.06648757724843081,0.07077913435863425,0.0,0.00013693986457126355,0.0,True,0,long_short,1.4115457035564705,1.1849112414182936
2022-04-18,1.6822688397075083,0.005806959903303044,1.666232487744668,0.0,0.9989886014344352,0.9894560275768415,0.009532573857593781,0.0010113985655647584,0.0010561686918429227,0.0004106412741525109,1.266929619853909,True,0,long_short,1.413718390605331,1.1899603562398227
2022-04-19,1.6783930876615152,-0.002303883870705792,1.6660956769739732,0.0,1.0062854264745094,0.9989585310184063,0.007326895456103128,0.0,0.0,0.00013681077069479126,0.0,True,0,long_short,1.4165109356104857,1.1848783129500966
2022-04-20,1.6866229489251017,0.004903417038646829,1.762387919977051,0.0,0.9398480624330743,0.9847691700820808,-0.04492110764900638,0.06015193756692572,4.823914429670058e-05,0.00013780644602644888,0.05741168572979046,True,0,long_short,1.4072753351018628,1.198502458513578
2022-04-21,1.6711779040102561,-0.009157378609539801,1.7622514048306137,0.0,0.9332192290564926,0.9877158213114597,-0.05449659225496717,0.06678077094350743,0.0,0.00013651514643734497,0.0,True,0,long_short,1.393842602780728,1.1989717495190932
2022-04-22,1.668993209379099,-0.0013072783130477772,1.6640362741042756,0.0,0.930617226021535,0.9276472107770347,0.002970015244500259,0.06938277397846504,4.901522286724159e-05,0.00013566976898770304,0.05864055651574359,True,0,long_short,1.3945321593770852,1.1968122772619392
2022-04-25,1.6532155094184828,-0.009453423699959607,1.6732226148319678,0.0,0.9724285936357394,0.9845305278962777,-0.012101934260538322,0.027571406364260587,0.0010213640870260167,0.0003817570427226573,1.220089903128073,True,0,long_short,1.3665950339188255,1.2097332921500155
2022-04-26,1.645896474645917,-0.0044271510464720665,1.673088836108279,0.0,0.9683661348513113,0.9848874421639185,-0.016521307312607265,0.03163386514868871,0.0,0.00013377872368882952,0.0,True,0,long_short,1.3600164729374686,1.2102033375308923
2022-04-27,1.6649386557773145,0.011569488983500076,1.6729556013601437,0.0,0.9782916038143258,0.9831067635531009,-0.0048151597387750536,0.021708396185674217,0.0,0.00013323474813539408,0.0,True,0,long_short,1.3770954701544762,1.209021953714327
2022-04-28,1.6676123345823566,0.0016058722618785826,1.5631215019318654,0.0,0.9771552655650988,0.9144963187082082,0.06265894685689054,0.022844734434901204,5.48223722627997e-05,0.00013453253041608378,0.06588727748878864,True,0,long_short,1.3785743550045393,1.209664410576436
2022-04-29,1.673382863485004,0.0034603539341730993,1.4515298562710452,0.0,0.9955228593837361,0.8629453052238198,0.1325775541599162,0.004477140616263919,5.5705297907168514e-05,0.00012534454857599718,0.06679196156110806,True,0,long_short,1.3950391550685064,1.199523939815746
2022-05-05,1.6826056885721066,0.005511485320158549,1.6743968566071166,0.0,1.0013038475553602,0.9964252048521155,0.004878642703244576,0.0,0.0011074427757464074,0.0007121282724919117,1.3219217356282655,True,0,long_short,1.4006553794967123,1.2012988442429755
2022-05-06,1.6793668141588582,-0.0019249158821024182,1.4353252899896143,0.0,0.8531747375374821,0.7078571558681808,0.14531758166930123,0.14682526246251792,0.00035766325367720325,0.00013780197681540792,0.42670505881343307,True,0,long_short,1.3910019409479157,1.2073073118894662
2022-05-09,1.6637187811855143,-0.009317817192416977,1.6788631655764426,0.0,1.0107333652384058,1.0198360961579527,-0.009102730919546791,0.0,0.0011982882899382135,0.0002931168863169609,1.4264814982577598,True,0,long_short,1.390717839384614,1.1963021786804013
2022-05-10,1.674515839025951,0.006489713263165164,1.6787237090997105,0.0,1.010174083130512,1.0126869707220723,-0.0025128875915602796,0.0,0.0,0.00013945647673223853,0.0,True,0,long_short,1.3973452247940352,1.1983551446799912
2022-05-11,1.6960149006168588,0.012838971773126762,1.6785843315348516,0.0,1.0117015444815354,1.0014241765906826,0.010277367890852606,0.0,0.0,0.00013937756485884816,0.0,True,0,long_short,1.406786383220813,1.205595192593393
2022-05-12,1.7054473990331964,0.005561565769797827,1.67844473452181,0.0,1.0086984815276565,0.9928652963313886,0.015833185196267942,0.0,0.0,0.00013959701304129587,0.0,True,0,long_short,1.4063858813906047,1.2126454208619373
2022-05-13,1.7001423392364217,-0.0031106557726624517,1.678305560861217,0.0,1.016448545013592,1.0036044566856628,0.012844088327929267,0.0,0.0,0.00013917366059331703,0.0,True,0,long_short,1.4129796557807062,1.2032320014523146
2022-05-16,1.7047934158347402,0.0027356983535904433,1.696580250839754,0.0,0.9890693671614321,0.9842516778633038,0.004817689298128229,0.010930632838567877,0.0009844958203666912,0.0004207242152854507,1.1598919243624028,True,0,long_short,1.413895290707013,1.2057423396482667
2022-05-17,1.6997211438249336,-0.002975300093661537,1.6964423374879778,0.0,0.9952354172014749,0.9933063911674881,0.0019290260339867881,0.004764582798525097,0.0,0.0001379133517763553,0.0,True,0,long_short,1.419911663165224,1.197061189029159
2022-05-18,1.7018777269332699,0.0012687864219205203,1.6963035694982218,0.0,0.9908299936588897,0.9875546952359575,0.0032752984229321583,0.009170006341110315,0.0,0.00013876798975593038,0.0,True,0,long_short,1.41941068207726,1.1990030428984997
2022-05-19,1.7164214296097948,0.00854568013104684,1.6961654299908286,0.0,0.9885449122949945,0.9767436149739916,0.011801297321002819,0.011455087705005473,0.0,0.00013813950739318765,0.0,True,0,long_short,1.4203125187956358,1.2084815186063744
2022-05-20,1.7204475184664558,0.002345629568127894,1.6960276351684747,0.0,0.9933183061876997,0.9791243926646948,0.014193913523004887,0.006681693812300327,0.0,0.00013779482235418337,0.0,True,0,long_short,1.4269027551837037,1.2057216318465658
2022-05-23,1.735717425515965,0.008875543651061468,1.7216104712453042,0.0,0.9973789510093581,0.989251502345606,0.008127448663752182,0.002621048990641861,0.0007937623011576775,0.00041536408725122056,0.9216910707694977,True,0,long_short,1.4300621909997473,1.2137356238350279
2022-05-24,1.7220354404790468,-0.007882610864986428,1.7214693429381118,0.0,0.9805459510547225,0.9802172136038968,0.0003287374508256866,0.01945404894527747,0.0,0.0001411283071922561,0.0,True,0,long_short,1.412577384949481,1.2190733469378268
2022-05-25,1.739015464127955,0.009860437973439495,1.7213306057780138,0.0,0.9837626501234327,0.9735931842878834,0.010169465835549198,0.01623734987656733,0.0,0.00013873716009809838,0.0,True,0,long_short,1.4192574865892031,1.2252994826944352
2022-05-26,1.7428752110904255,0.0022195012304884187,1.721191447399665,0.0,0.9840307188917394,0.9715893441147155,0.01244137477702388,0.01596928110826057,0.0,0.00013915837834900332,0.0,True,0,long_short,1.4230438563656085,1.2247515797170527
2022-05-27,1.742537574673892,-0.00019372380442672643,1.7210522672092634,0.0,0.9871459138961748,0.9748160176707524,0.012329896225422356,0.012854086103825213,0.0,0.000139180190401409,0.0,True,0,long_short,1.4234379897921565,1.2241752624069904
2022-05-30,1.7403515795069,-0.001254489543734083,1.742442351784411,0.0,1.001066218679373,1.0022675692008025,-0.0012013505214293217,0.0,0.0009719223907316693,0.0004188460781552683,1.1149643605981283,True,0,long_short,1.422967435521682,1.223043856143384
2022-05-31,1.7535148758497647,0.007563584564099779,1.742298984829851,0.0,1.0051077894948708,0.998711555750644,0.006396233744226743,0.0,0.0,0.00014336695456004038,0.0,True,0,long_short,1.4265093293575626,1.2292347759404219
2022-06-01,1.7414426754721704,-0.006884572548461643,1.7421550460159037,0.0,1.007452948118182,1.0078620173076343,-0.00040906918945227757,0.0,0.0,0.00014393881394727254,0.0,True,0,long_short,1.4250898829416647,1.2219879576139376
2022-06-02,1.733916071946685,-0.004322050694803736,1.7420107884327862,0.0,1.0094448915520344,1.014113350779714,-0.004668459227679488,0.0,0.0,0.00014425758311728646,0.0,True,0,long_short,1.4276478584119892,1.214526440627569
2022-06-06,1.747541819602741,0.00785836631686454,1.732468726267988,0.0,1.0019824591979987,0.9933571472508551,0.008625311947143608,0.0,0.001429194279594621,0.0005780999795153925,1.6485333567310196,True,0,long_short,1.4375613401102585,1.2156293932255493
2022-06-07,1.765663928450857,0.010370057325572724,1.7323260468304573,0.0,1.0032772192768094,0.9843960035011381,0.018881215775671187,0.0,0.0,0.0001426794375305874,0.0,True,0,long_short,1.4395182090350667,1.2265658866756617
2022-06-08,1.7805330090237017,0.008421240493875048,1.7321831882676058,0.0,0.9999350667947275,0.9727803774342608,0.02715468936046671,6.493320527245494e-05,0.0,0.0001428585628514912,0.0,True,0,long_short,1.4417726239309043,1.2349610330158636
2022-06-09,1.7830889298806676,0.0014354807487491072,1.916787842700155,0.0,0.8920242259909845,0.9670058551060479,-0.07498162911506327,0.10797577400901548,9.241971793438776e-05,0.00014236171829196465,0.10376227793772168,True,0,long_short,1.439805140999995,1.238423783264345
2022-06-10,1.795752187710499,0.00710186554221881,1.9166461229109466,0.0,0.899190181782531,0.9665123524182143,-0.06732217063568337,0.10080981821746904,0.0,0.0001417197892084424,0.0,True,0,long_short,1.4486059210586835,1.2396416179205665
2022-06-13,1.8115295720837419,0.008785947460467014,1.7977372413061654,0.0,0.8985668286430475,0.8909531904280712,0.007613638214976292,0.10143317135695251,0.0013655765008211223,0.0004279602751161113,1.5180638786233347,True,0,long_short,1.4473580677414173,1.2516112028246122
2022-06-14,1.8088888782200852,-0.0014577150184853505,1.7976045847539626,0.0,0.8952510854797728,0.8890128396693247,0.006238245810448217,0.10474891452022717,0.0,0.00013265655220297054,0.0,True,0,long_short,1.446542912072866,1.250490990017009
2022-06-15,1.8010555311250407,-0.004330474463833389,1.7974724100604058,0.0,0.9034346127629448,0.9014451565786611,0.001989456184283654,0.09656538723705521,0.0,0.00013217469355666003,0.0,True,0,long_short,1.4554073761681598,1.2374923754110094
2022-06-16,1.7722536386415424,-0.015991673763388725,1.7973389673657265,0.0,0.9144928020066977,0.9286472820298914,-0.01415448002319371,0.08550719799330231,0.0,0.00013344269467905828,0.0,True,0,long_short,1.4571827455886421,1.2162192038072923
2022-06-17,1.7679517960990887,-0.0024273289379453944,1.7972036962541162,0.0,0.9223922664625419,0.9389379099690961,-0.016545643506554148,0.07760773353745809,0.0,0.00013527111161030578,0.0,True,0,long_short,1.4625732454871014,1.208795389601348
2022-06-20,1.7703290577069064,0.0013446416429809815,1.771145686151056,0.0,0.9014909914934429,0.9019522777388416,-0.00046128624539857975,0.09850900850655708,0.0011058891296232562,0.00040931431997804084,1.248004679525379,True,0,long_short,1.45780508014636,1.2143798110026958
2022-06-21,1.758731820230702,-0.006550893702906291,1.9459042416991525,0.0,0.8010994964109562,0.9075241481488762,-0.10642465173791991,0.19890050358904376,8.748864205367577e-05,0.00013123991720104117,0.09901420923695267,True,0,long_short,1.4534933170679587,1.2100033757145041
2022-06-22,1.7450178243620722,-0.00779766176450436,1.9457730560884423,0.0,0.8062503255318676,0.921295128469488,-0.11504480293762048,0.1937496744681324,0.0,0.000131185610710454,0.0,True,0,long_short,1.451339027629673,1.2023502373611736
2022-06-23,1.764302939067534,0.01105152877880311,1.9456409183004413,0.0,0.8033748784146523,0.9061565352477741,-0.10278165683312183,0.19662512158534773,0.0,0.0001321377880008659,0.0,True,0,long_short,1.458503127947598,1.2096668874137122
2022-06-24,1.7646413745706202,0.0001918239184395265,1.94550951545345,0.0,0.8063367432157431,0.9088324363856027,-0.10249569316985965,0.1936632567842569,0.0,0.00013140284699119734,0.0,True,0,long_short,1.4661968671699592,1.203550092135114
2022-06-27,1.7523776463951461,-0.00694970000828532,1.7602360501847274,0.0,0.9126470575606982,0.9171314812268795,-0.004484423666181311,0.0873529424393018,0.0009942291477128898,0.00039544848981316996,1.1290166418098744,True,0,long_short,1.4769714985632174,1.1864667991899918
2022-06-28,1.75876939134326,0.003647470030939015,1.7601039547841926,0.0,0.9121559628035049,0.9129147680496624,-0.0007588052461575914,0.08784403719649514,0.0,0.00013209540053484272,0.0,True,0,long_short,1.4853409961740045,1.1840845946308372
2022-06-29,1.7530041201136115,-0.0032780143082006274,1.7599719871224706,0.0,0.902770674130208,0.9067454890943665,-0.003974814964158484,0.09722932586979205,0.0,0.0001319676617219982,0.0,True,0,long_short,1.4735573266007513,1.1896409379318122
2022-06-30,1.7529864591810582,-1.0074666882187167e-05,1.7598413409379545,0.0,0.909157707192216,0.9130681091927533,-0.0039104020005372876,0.090842292807784,0.0,0.000130646184515906,0.0,True,0,long_short,1.48106779731777,1.1835963636207174
2022-07-01,1.7492280603984727,-0.0021439976121329085,1.7597097850997305,0.0,0.9113114590481113,0.9173036592297561,-0.005992200181644788,0.08868854095188872,0.0,0.00013155583822396834,0.0,True,0,long_short,1.4811512941657639,1.1809921560941545
2022-07-04,1.7402799548950674,-0.005115459616722107,1.7464367580253182,0.0,0.9051760390949667,0.9087138624853546,-0.0035378233903878547,0.09482396090503331,0.0009029667775829083,0.0003956482111144655,1.0335331644620653,True,0,long_short,1.48901591888635,1.1687450300710285
2022-07-05,1.7449316981310672,0.0026729855865519347,1.7463067785853494,0.0,0.8967208433035113,0.8975088858703091,-0.0007880425667977695,0.10327915669648868,0.0,0.0001299794399686467,0.0,True,0,long_short,1.4879584100784942,1.1727019292421064
2022-07-06,1.7389286269281583,-0.0034402900751580034,1.7461780587192417,0.0,0.8888076186963655,0.8929765257341947,-0.004168907037829308,0.11119238130363451,0.0,0.000128719866107622,0.0,True,0,long_short,1.4771646734742543,1.1772070224494617
2022-07-07,1.7366842899892612,-0.0012906435055139998,1.7460504294772876,0.0,0.8906786875734378,0.8960718033757834,-0.005393115802345638,0.10932131242656218,0.0,0.00012762924195403074,0.0,True,0,long_short,1.484483030680846,1.1698916418012169
2022-07-08,1.735188726275958,-0.0008611603858710293,1.74592252313562,0.0,0.89437900674296,0.9005649602920581,-0.006185953549098125,0.10562099325704,0.0,0.0001279063416678139,0.0,True,0,long_short,1.483789582282252,1.1694304549618302
2022-07-11,1.7310539939377585,-0.002382871831511535,1.7348457791770473,0.0,0.8917701813539712,0.8939606302091587,-0.00219044885518756,0.10822981864602876,0.0008749412158393119,0.00038531099992880586,1.008158980370144,True,0,long_short,1.4734235901238795,1.1748515535795232
2022-07-12,1.7364213819925922,0.003100647393802003,1.7347185878795668,0.0,0.8806203223394712,0.8796396881854092,0.0009806341540620346,0.11937967766052882,0.0,0.00012719129748054903,0.0,True,0,long_short,1.4666030298034214,1.1839750407616003
2022-07-13,1.7389369668861563,0.00144871798956836,1.7345930460853463,0.0,0.8837847748225836,0.881286742470906,0.002498032351677606,0.11621522517741645,0.0,0.000125541794220365,0.0,True,0,long_short,1.4690799850271754,1.1836911431707982
2022-07-14,1.7344973414404068,-0.0025530686449775075,1.7344670870090524,0.0,0.8870940984354436,0.8870766556693859,1.744276605777658e-05,0.11290590156455638,0.0,0.0001259590762939182,0.0,True,0,long_short,1.475054255261186,1.1758871480515687
2022-07-15,1.7127151123607895,-0.01255823722481375,1.7343406240966486,0.0,0.8935816061073538,0.9062080561105016,-0.012626450003147754,0.10641839389264618,0.0,0.00012646291240375865,0.0,True,0,long_short,1.4722744470633522,1.163312394490734
2022-07-18,1.7286690381278462,0.009314990947365542,1.7088602674225792,0.0,0.9989554950231226,0.9874965226759808,0.011458972347141867,0.0010445049768773584,0.0008785826525813994,0.0003827037285970398,1.027739005337308,True,0,long_short,1.4817838889293793,1.1666134657307192
2022-07-19,1.723221042251448,-0.003151555188550481,1.708719961559784,0.0,1.005522119232816,0.9971070173183698,0.008415101914446265,0.0,0.0,0.00014030586279525044,0.0,True,0,long_short,1.483134344305621,1.1618779167697257
2022-07-20,1.7111975662681886,-0.006977326581127485,1.7085787367000342,0.0,1.0173106457843006,1.0157802382967154,0.0015304074875853383,0.0,0.0,0.00014122485974955563,0.0,True,0,long_short,1.4880489829305554,1.1499605092959815
2022-07-21,1.7093100465228368,-0.0011030402231508862,1.7084358708914067,0.0,1.014543115231387,1.014031695063227,0.0005114201681599685,0.0,0.0,0.00014286580862767068,0.0,True,0,long_short,1.4842127273254757,1.1516610894470514
2022-07-22,1.7165076496331086,0.004210823615594661,1.7082934083245138,0.0,1.0061648362374156,1.0013793980190944,0.004785438218321247,0.0,0.0,0.00014246256689294428,0.0,True,0,long_short,1.4804903953858792,1.1594182947642244
2022-07-25,1.7160069364203863,-0.00029170462061700597,1.7105506537599053,0.0,0.9950095808543191,0.9918299418070184,0.003179639047300668,0.00499041914568088,0.000704953727265414,0.0004238322896428207,0.8239023138110584,True,0,long_short,1.4751706555280928,1.1632599455458101
2022-07-26,1.7210221173707452,0.0029225878077281386,1.7104107644125173,0.0,0.9986218388233645,0.9924561115784183,0.0061657272449463,0.0013781611766354729,0.0,0.0001398893473882415,0.0,True,0,long_short,1.4844794926788125,1.1593438143527874
2022-07-27,1.7162019827382653,-0.002800739504640215,1.7102703776520887,0.0,1.0084404862271,1.004984246725085,0.0034562395020151155,0.0,0.0,0.0001403867604284569,0.0,True,0,long_short,1.491232477160428,1.1508614579037464
2022-07-28,1.7200872309651796,0.002263864198965182,1.710128616888512,0.0,1.0121970678188128,1.0064074695371725,0.005789598281640323,0.0,0.0,0.00014176076357673805,0.0,True,0,long_short,1.494970022508769,1.1505830920131979
2022-07-29,1.7217462613982835,0.0009645036619294611,1.7099863339867998,0.0,1.009517886452502,1.0026876538711151,0.006830232581387011,0.0,0.0,0.00014228290171223575,0.0,True,0,long_short,1.4963084486780962,1.1506626611106479
2022-08-01,1.728484747931965,0.003913751221512163,1.7188681267967392,0.0,0.9007529464864873,0.8951893329534599,0.005563613533027411,0.0992470535135127,0.001053545311005049,0.000425681191085624,1.2251084780087007,True,0,long_short,1.5016702907600832,1.1510414493564214
2022-08-02,1.722613864228038,-0.0033965493250381895,1.7187409497193267,0.0,0.8941330484014325,0.8918847706015512,0.002248277799881247,0.10586695159856752,0.0,0.0001271770774127215,0.0,True,0,long_short,1.4918158936957757,1.1547094192437453
2022-08-03,1.7110388497444065,-0.006719448115447779,1.7186146724806035,0.0,0.8919485715648388,0.896376187417821,-0.004427615852982291,0.10805142843516125,0.0,0.00012627723872318426,0.0,True,0,long_short,1.4847582872390634,1.1524022896185453
2022-08-04,1.7041433905702448,-0.004029983992001052,1.7184886121123302,0.0,0.8959093015729718,0.9043271504590832,-0.00841784888611135,0.10409069842702823,0.0,0.00012606036827323273,0.0,True,0,long_short,1.4875211130271357,1.1456263549108747
2022-08-05,1.704483360634445,0.00019949616099301792,1.718361946101122,0.0,0.8988807603945157,0.9070231604831333,-0.008142400088617576,0.1011192396054843,0.0,0.0001266660112083345,0.0,True,0,long_short,1.4912816553886954,1.1429654180183553
2022-08-08,1.7083128474439973,0.002246714105866632,1.6983893629233975,0.0,0.7981593386187967,0.7923503999718462,0.0058089386469504945,0.20184066138120327,0.001206582954372633,0.0003812069304871807,1.419846825710664,True,0,long_short,1.4995733169547427,1.1391992829754747
2022-08-09,1.7152468051939367,0.004058950771408387,1.6982781095780866,0.0,0.7981649257535068,0.7882720662743536,0.009892859479153245,0.20183507424649316,0.0,0.00011125334531090091,0.0,True,0,long_short,1.5014328908236259,1.1424065741979457
2022-08-10,1.722746544909797,0.004372396842921011,1.6981669796211027,0.0,0.7945369324878836,0.7802692705608755,0.014267661927008148,0.2054630675121164,0.0,0.00011112995698361984,0.0,True,0,long_short,1.4996267407854507,1.148783559305887
2022-08-11,1.7184530166310912,-0.002492257663433861,1.6980564969205585,0.0,0.8022053651203325,0.7903362482383833,0.011869116881949205,0.19779463487966753,0.0,0.00011048270054449609,0.0,True,0,long_short,1.507938215162886,1.1396043944979972
2022-08-12,1.7295772674295,0.006473409916214701,1.6979448676841251,0.0,0.8032115955229987,0.7849225023780667,0.018289093144932034,0.1967884044770013,0.0,0.00011162923643327248,0.0,True,0,long_short,1.5086613827785629,1.146431722302103
2022-08-15,1.730015859549431,0.00025358342075287865,1.7298653309751024,0.0,0.8025731447183703,0.8024861347794164,8.70099389537434e-05,0.19742685528162973,0.0007024916945940483,0.00033474676852774895,0.811862656166038,True,0,long_short,1.5158668777202815,1.14127162812028
2022-08-16,1.7304153813020073,0.00023093531216544783,1.729751222996453,0.0,0.8028525174232901,0.8024687030439618,0.0003838143793283446,0.1971474825767099,0.0,0.00011410797864960928,0.0,True,0,long_short,1.5205126281906587,1.1380473593048177
2022-08-17,1.7323719407724252,0.001130687747901149,1.7296370911454861,0.0,0.8023216085884337,0.8007429351162002,0.0015786734722334733,0.1976783914115663,0.0,0.00011413185096663652,0.0,True,0,long_short,1.5237523766528662,1.136911723529397
2022-08-18,1.7316394981622985,-0.00042279754877583287,1.7295230759734943,0.0,0.7962602235189752,0.7950380163615097,0.0012222071574655529,0.20373977648102481,0.0,0.00011401517199181315,0.0,True,0,long_short,1.513468112341471,1.1441532755409671
2022-08-19,1.7361836978775622,0.002624218100872655,1.7294099209681513,0.0,0.7879515415979271,0.7840500092210873,0.0039015323768399127,0.21204845840207287,0.0,0.00011315500534292003,0.0,True,0,long_short,1.5042289738308143,1.154201739284432
2022-08-22,1.7454150689557537,0.0053170474354047315,1.7337331876053168,0.0,0.8034711049073749,0.7967782090121734,0.0066928958952015795,0.19652889509262506,0.0010401260976320404,0.0003356518794239352,1.199149294511392,True,0,long_short,1.510043326372904,1.1558708538172928
2022-08-23,1.7518667296159995,0.003696347519278609,1.7336188827812653,0.0,0.804568459338412,0.7941522293100386,0.01041623002837344,0.19543154066158797,0.0,0.00011430482405140475,0.0,True,0,long_short,1.510840438231084,1.15953126834963
2022-08-24,1.745351339469088,-0.0037191128964129128,1.7335045335591739,0.0,0.794755463571955,0.7879678296772702,0.006787633894684838,0.20524453642804497,0.0,0.00011434922209139447,0.0,True,0,long_short,1.489419604918389,1.1718331984523076
2022-08-25,1.7484917947082557,0.0017993255387325213,1.7333914967887367,0.0,0.7928419240275023,0.7842057394224506,0.00863618460505177,0.2071580759724977,0.0,0.00011303677043718689,0.0,True,0,long_short,1.4841412596843961,1.1781168290409727
2022-08-26,1.7536398765461085,0.0029442985397092336,1.733278797284566,0.0,0.7899042695332658,0.7782935166450244,0.011610752888241252,0.21009573046673424,0.0,0.00011269950417068015,0.0,True,0,long_short,1.4828912835659098,1.1825815526605088
2022-08-29,1.7458131269731096,-0.00446314530005687,1.7493880019187358,0.0,0.8995169295952086,0.9015646143619191,-0.002047684766710539,0.10048307040479143,0.001399869203222806,0.00033653750460312755,1.5991305700852576,True,0,long_short,1.4778000986394968,1.1813594603088422
2022-08-30,1.7441832020857617,-0.0009336193331148657,1.7482712445552278,0.0,0.8024910410038558,0.8048348558419858,-0.0023438148381299626,0.19750895899614418,0.0001752507289208027,0.00012936684974527296,0.20047795965323675,True,0,long_short,1.474438642907332,1.1829472935181224
2022-08-31,1.7403246424860046,-0.0022122444449316214,1.7481558654235005,0.0,0.7933256339498441,0.7978254972203596,-0.004499863270515436,0.20667436605015588,0.0,0.00011537913172707182,0.0,True,0,long_short,1.4584472275154665,1.1932722759195953
2022-09-01,1.7442506661754282,0.002255914553858984,1.5704802923058754,0.0,0.7927231260062058,0.6930984692757743,0.09962465673043133,0.20727687399379424,8.873635774816258e-05,0.00011412126355201982,0.10197657213371208,True,0,long_short,1.4568696324086647,1.1972592656019825
2022-09-02,1.7433503844551066,-0.0005161423972941392,1.5703809275825802,0.0,0.7964082460020395,0.6971915547305434,0.09921669127149621,0.20359175399796048,0.0,9.936472329529637e-05,0.0,True,0,long_short,1.4635762690636394,1.1911578653639008
2022-09-05,1.7533819227789447,0.005754172203870311,1.7390977689512028,0.0,1.0017211068243075,0.9935744767934112,0.008146630030896353,0.0,0.001972491605175833,0.0002996997941042498,2.2658380306208894,True,0,long_short,1.4701148506220163,1.1926836342324383
2022-09-06,1.7719746335661246,0.010603913811152,1.7389545813736784,0.0,1.00862115961605,0.9899865518925787,0.018634607723471176,0.0,0.0,0.00014318757752417385,0.0,True,0,long_short,1.483743942056018,1.1942590519430911
2022-09-07,1.769157027525397,-0.0015900938915006657,1.7388103979990874,0.0,1.0129096186100675,0.9957564608890953,0.01715315772097217,0.0,0.0,0.0001441833745911159,0.0,True,0,long_short,1.4877666503682707,1.1891360967712732
2022-09-08,1.7645705505615399,-0.0025924645989579,1.7386656048861706,0.0,1.005299362115927,0.9906187670741899,0.014680595041737009,0.0,0.0,0.00014479311291663792,0.0,True,0,long_short,1.4802041710213576,1.1921129430029684
2022-09-09,1.7659142330899111,0.0007614784956848641,1.7385219322804273,0.0,1.0033707412945263,0.987859058849137,0.015511682445389221,0.0,0.0,0.00014367260574350932,0.0,True,0,long_short,1.4808693154036825,1.192484856510465
2022-09-13,1.7612731976161689,-0.002628120543329948,1.76285485842119,0.0,0.9962743954410802,0.9971724167174852,-0.0008980212764049955,0.003725604558919793,0.0012435155670256588,0.0005735258210329299,1.4098029739853555,True,0,long_short,1.4813055510544306,1.189000605825348
2022-09-14,1.761253207824268,-1.1349625900103355e-05,1.762710505567686,0.0,0.9924503960246205,0.9932778169411268,-0.0008274209165063975,0.007549603975379515,0.0,0.00014435285350410804,0.0,True,0,long_short,1.475187284137651,1.1939183768478876
2022-09-15,1.7608351858308084,-0.00023734349587123393,1.76256671813689,0.0,0.9860498449280619,0.9870332034615664,-0.0009833585335045799,0.013950155071938086,0.0,0.00014378743079574623,0.0,True,0,long_short,1.4635193072308978,1.2031513196518449
2022-09-16,1.7504860461580172,-0.005877403947893267,1.7624238685921583,0.0,0.975747042018383,0.9825667607247061,-0.0068197187063230484,0.024252957981616974,0.0,0.00014284954473192538,0.0,True,0,long_short,1.4511500983210766,1.2062749733354672
2022-09-19,1.75187370885692,0.0007927299403205357,1.7515304425258078,0.0,0.9926159466731185,0.992420004277627,0.00019594239549150497,0.007384053326881523,0.0008391397956243499,0.0004241020448385076,0.9577201112024658,True,0,long_short,1.447825791610265,1.2100031088053034
2022-09-20,1.766082716341962,0.008110748744732943,1.7513875443466047,0.0,0.9934898576914336,0.9851690854765316,0.008320772214902038,0.006510142308566391,0.0,0.00014289817920309426,0.0,True,0,long_short,1.452912023333831,1.2155469071620275
2022-09-21,1.772508950740102,0.0036386938950687675,1.7512445396813006,0.0,0.9978809856709097,0.9858841993923848,0.01199678627852492,0.0021190143290903407,0.0,0.00014300466530420706,0.0,True,0,long_short,1.4565777472408892,1.216899649948424
2022-09-22,1.7815577808818572,0.005105097008383019,1.751100910483946,0.0,0.9951229706820302,0.9780273307175293,0.017095639964500895,0.00487702931796985,0.0,0.00014362919735475956,0.0,True,0,long_short,1.4531830342896082,1.225969295569691
2022-09-23,1.7718310657781113,-0.005459668615929614,1.7509576985222237,0.0,0.9895815079121278,0.9778008321699284,0.011780675742199386,0.010418492087872155,0.0,0.0001432119617223228,0.0,True,0,long_short,1.4457695048283115,1.2255280387785745
2022-09-26,1.7595059037615717,-0.00695617220771938,1.7723838695249783,0.0,0.9981492167532235,1.0054682974882614,-0.007319080735037934,0.0018507832467764551,0.0010265477234236804,0.0004271912606915429,1.1577102665455825,True,0,long_short,1.4387614304000702,1.2229309644979247
2022-09-27,1.760850956027697,0.0007644488508107283,1.7722384617930216,0.0,1.001615516655538,1.0080825635832424,-0.006467046927704372,0.0,0.0,0.00014540773195690623,0.0,True,0,long_short,1.44408046265745,1.2193579246874613
2022-09-28,1.7491922328283926,-0.006621073271076416,1.7720925645481578,0.0,0.9931232757762769,1.0062152226132097,-0.013091946836932863,0.006876724223723096,0.0,0.00014589724486359487,0.0,True,0,long_short,1.432489260394827,1.221085756933546
2022-09-29,1.7590902459950692,0.005658619436396561,1.771947901765806,0.0,0.988237285602143,0.9955465500358522,-0.007309264433709193,0.011762714397857033,0.0,0.00014466278235194946,0.0,True,0,long_short,1.4268765739686546,1.2328257945271395
2022-09-30,1.7661010545343305,0.003985474056958038,1.7718039628979483,0.0,0.9862222355777032,0.9894513307356365,-0.0032290951579333127,0.013777764422296834,0.0,0.00014393886785770763,0.0,True,0,long_short,1.4245577674358048,1.2397539046193273
2022-10-10,1.7569134011221283,-0.0052022240678774034,1.764183768132089,0.0,0.9909034918445068,0.9950416394648263,-0.004138147620319409,0.009096508155493233,0.0012687826665844207,0.0014362775659911816,1.4373455304821823,True,0,long_short,1.4174591201555022,1.2394808260356647
2022-10-11,1.7687500316611358,0.00673717357466086,1.7640400802972085,0.0,0.9966298373516209,0.9939669673702114,0.0026628699814094494,0.0033701626483790825,0.0,0.00014368783488084546,0.0,True,0,long_short,1.423598615084484,1.2424499524791746
2022-10-12,1.7942937128422158,0.01444165694634103,1.763895580644742,0.0,1.0049455000738836,0.988003941409376,0.016941558664507663,0.0,0.0,0.00014449965246626174,0.0,True,0,long_short,1.4393848263583984,1.2465698401043497
2022-10-13,1.7895817005854113,-0.0026261097740460926,1.7637498735822488,0.0,1.0125946627734583,0.9981601013367202,0.014434561436738222,0.0,0.0,0.00014570706249321963,0.0,True,0,long_short,1.4423988502908593,1.2406982300523484
2022-10-14,1.7859072575272787,-0.002053241300428277,1.7636030553040347,0.0,1.02696527593069,1.01447627230005,0.012489003630639914,0.0,0.0,0.0001468182782142472,0.0,True,0,long_short,1.4543866625814537,1.227945293693353
2022-10-17,1.7861974203007709,0.00016247359557386432,1.7799640367894594,0.0,0.9990955082362672,0.995605757640691,0.003489750595576249,0.000904491763732751,0.0017818968097697398,0.0004467354749481894,2.0001693576706585,True,0,long_short,1.4540279091752424,1.2284478234767464
2022-10-18,1.7869481046767104,0.0004202695443447091,1.779817871164588,0.0,0.9960944557488162,0.9921042819472037,0.0039901738016125355,0.0039055442511838345,0.0,0.00014616562487132026,0.0,True,0,long_short,1.453559831506191,1.229359855675882
2022-10-19,1.7903220080657014,0.001888081349514792,1.7796721583810593,0.0,0.9927483839162804,0.9867998173250958,0.005948566591184603,0.007251616083719603,0.0,0.0001457127835288113,0.0,True,0,long_short,1.4478250840098583,1.2365596009065354
2022-10-20,1.775770974853849,-0.008127606735714332,1.7795269510306062,0.0,0.988590157529312,0.9907052817373007,-0.0021151242079886045,0.011409842470687992,0.0,0.00014520735045306846,0.0,True,0,long_short,1.4393062827132515,1.2337686538172574
2022-10-21,1.7717555802489156,-0.0022612119816092235,1.779382353851104,0.0,0.9892957682967811,0.9936004103632206,-0.004304642066439457,0.01070423170321888,0.0,0.00014459717950220577,0.0,True,0,long_short,1.438605050710183,1.2315788682753956
2022-10-24,1.7683137000091695,-0.0019426382950985532,1.7669040115633476,0.0,0.9867467003579202,0.9859495067118975,0.0007971936460226446,0.013253299642079774,0.0012883877704764585,0.00043407544231199554,1.4572936417573854,True,0,long_short,1.424922889245677,1.240989048147915
2022-10-25,1.7713914669033755,0.0017405095567546436,1.7667607128219585,0.0,0.982856506856245,0.9802423167306076,0.002614190125637506,0.017143493143754962,0.0,0.00014329874138925458,0.0,True,0,long_short,1.4198002161011642,1.247634312782186
2022-10-26,1.7726815585322078,0.0007282927873009104,1.7666179955993264,0.0,0.9926654600654249,0.9892449004597266,0.003420559605698272,0.007334539934575113,0.0,0.00014271722263185156,0.0,True,0,long_short,1.4263490578654385,1.242810480896635
2022-10-27,1.7791055082606653,0.003623859963758358,1.7664738627616345,0.0,0.9920805331298147,0.9849805351587109,0.007099997971103824,0.007919466870185299,0.0,0.00014413283769180714,0.0,True,0,long_short,1.4272402805777133,1.2465353819333946
2022-10-28,1.7669887079066648,-0.006810613703201018,1.7663298311756923,0.0,0.9793751104448997,0.9790022293234617,0.0003728811214379522,0.020624889555100334,0.0,0.00014403158594222468,0.0,True,0,long_short,1.4135248618940905,1.2500584570822058
2022-10-31,1.7587994547565466,-0.004634581485141509,1.7617958566944054,0.0,0.994823417166779,0.996527080384183,-0.0017036632174039779,0.005176582833220977,0.0010650065845225788,0.0004265472043306869,1.208270722559082,True,0,long_short,1.405426021438877,1.2514351007645963
2022-11-01,1.764960485632439,0.0035029752023350014,1.5395834677368623,0.0,0.9424485719750092,0.8147533517532276,0.12769522022178154,0.0575514280249908,0.0002203042783724744,0.00014405681799697267,0.2506867022749585,True,0,long_short,1.417957978442246,1.2447198806070447
2022-11-02,1.7650600922249273,5.643559348733618e-05,1.5394652753419542,0.0,0.9518628829704947,0.8240514742390208,0.1278114087314738,0.048137117029505294,0.0,0.0001181923949080302,0.0,True,0,long_short,1.428409236449629,1.235682357117809
2022-11-03,1.7694769086027573,0.0025023603430194274,1.539345727366246,0.0,0.9529423845015486,0.8228863322763567,0.1300560522251919,0.047057615498451444,0.0,0.00011954797570836275,0.0,True,0,long_short,1.4283229092000083,1.2388493506652685
2022-11-04,1.7847333708055615,0.008622018252191443,1.5392260496925447,0.0,0.9625466162571656,0.824986953212257,0.13755966304490858,0.037453383742834356,0.0,0.00011967767370146541,0.0,True,0,long_short,1.446380871579725,1.2339304299954483
2022-11-07,1.7928026605665304,0.004521285864300673,1.78106292557821,0.0,1.0000737163329196,0.9935254579849482,0.006548258347971549,0.0,0.0012210211968434297,0.00036305303322997515,1.3701758342746706,True,0,long_short,1.4432012691520895,1.2422402189403832
2022-11-08,1.8028625688637574,0.005611274747912232,1.7809165259822306,0.0,0.9933263676224218,0.9811534803150114,0.012172887307410424,0.006673632377578231,0.0,0.0001463995959793969,0.0,True,0,long_short,1.438811670028948,1.2530219252582828
2022-11-09,1.7974092052550676,-0.0030248360040703304,1.780771138183548,0.0,0.9921324148773178,0.9828757208407707,0.009256694036547162,0.007867585122682152,0.0,0.0001453877986824935,0.0,True,0,long_short,1.4369443125555907,1.2508551580947447
2022-11-10,1.7983463832483426,0.0005214049146600175,1.7806259357286227,0.0,0.9906685728177821,0.9808148273520663,0.009853745465715838,0.00933142718221791,0.0,0.00014520245492555438,0.0,True,0,long_short,1.4321623490069182,1.2556861200096077
2022-11-11,1.8047834386807609,0.003579430243461079,1.7804809621836304,0.0,1.000907166987828,0.9874415755067277,0.013465591481100379,0.0,0.0,0.00014497354499218653,0.0,True,0,long_short,1.4446723703976785,1.2492683293887277
2022-11-14,1.796381715694523,-0.004655252705764612,1.8054081698469757,0.0,0.991845827165598,0.996870624553364,-0.005024797387766046,0.008154172834402007,0.0011738740125357148,0.0004394264060069705,1.2995523967767286,True,0,long_short,1.4378196142587143,1.2493790583185707
2022-11-15,1.7895816517999708,-0.0037854225720189705,1.8052609840801652,0.0,0.9977860288575013,1.006547480040477,-0.008761451182975789,0.0022139711424986608,0.0,0.00014718576681046377,0.0,True,0,long_short,1.4415716654153934,1.2414101183684803
2022-11-16,1.7878472646692989,-0.0009691578637540665,1.8051129321156216,0.0,0.9866811916631273,0.9963384301686306,-0.009657238505503226,0.013318808336872712,0.0,0.00014805196454350153,0.0,True,0,long_short,1.4272519559844243,1.2526500714697986
2022-11-17,1.7880747270258706,0.0001272269511309876,1.8049665238194246,0.0,0.9713581111052421,0.9808050299270582,-0.009446918821816135,0.02864188889475794,0.0,0.00014640829619686762,0.0,True,0,long_short,1.4140983720237443,1.2644627576134757
2022-11-18,1.7813246091686323,-0.0037750759267570766,1.8048223797630285,0.0,0.9693699815197623,0.9825611598560695,-0.013191178336307206,0.03063001848023772,0.0,0.00014414405639608975,0.0,True,0,long_short,1.4089937426896033,1.2642530305126076
2022-11-21,1.786206686336766,0.0027407004557198356,1.7792102066031652,0.0,0.9987858852527561,0.9948689366783728,0.003916948574383319,0.0012141147472438663,0.0016261720153852644,0.0004315710511392882,1.8263014333149874,True,0,long_short,1.409081838940241,1.2676387112335203
2022-11-22,1.787225588513316,0.0005704279265910106,1.7790641483938454,0.0,0.9936527862335478,0.9890862445658786,0.004566541667669221,0.006347213766452198,0.0,0.00014605820931975274,0.0,True,0,long_short,1.4077119245528142,1.2695961136232197
2022-11-23,1.7938050393231948,0.00368137679550129,1.7789188563188698,0.0,0.991832832393083,0.9835341696744513,0.008298662718631675,0.008167167606917047,0.0,0.00014529207497545295,0.0,True,0,long_short,1.4093510808950014,1.272787926046112
2022-11-24,1.7963426779835547,0.0014146680406903478,1.778773847944905,0.0,0.9958268876960944,0.9860465544367567,0.009780333259337633,0.004173112303905602,0.0,0.00014500837396508917,0.0,True,0,long_short,1.414598999311505,1.2698599948521434
2022-11-25,1.7856005894156246,-0.005979977372685186,1.7786282634921748,0.0,0.999441942199254,0.9955371910669015,0.0039047511323524295,0.0005580578007460257,0.0,0.0001455844527298669,0.0,True,0,long_short,1.4175167895886507,1.2596680353491885
2022-11-28,1.7909068237167636,0.0029716804153137044,1.7796858229970847,0.0,0.9934927399950853,0.9872271986664797,0.006265541328605537,0.00650726000491475,0.0010151788818338473,0.0004383201686681674,1.1402013934542334,True,0,long_short,1.411763998281946,1.2685596359563054
2022-11-29,1.7900221183909133,-0.0004939985230578703,1.7795405053044833,0.0,1.0067376798075676,1.0008821023938916,0.0058555774136759015,0.0,0.0,0.00014531769260141782,0.0,True,0,long_short,1.4280037814165736,1.2535135702618512
2022-11-30,1.802097979247369,0.006746207620781153,1.7793932504194543,0.0,1.0075070672578212,0.9949080137716187,0.012599053486202431,0.0,0.0,0.00014725488502904098,0.0,True,0,long_short,1.4303933479900965,1.2598618287616967
2022-12-01,1.8070021657613948,0.0027213761795981117,1.779245886990318,0.0,1.011541239604262,0.9961808381077968,0.015360401496465123,0.0,0.0,0.0001473634291360149,0.0,True,0,long_short,1.4382470049043783,1.2563920937082245
2022-12-02,1.8068310539501429,-9.469374995463298e-05,1.779097933489062,0.0,1.0129362123982062,0.9975871733165222,0.015349039081683937,0.0,0.0,0.00014795350125622935,0.0,True,0,long_short,1.4384189518032136,1.2561229478276026
2022-12-05,1.7987687527298566,-0.0044621223454512915,1.8082805295549853,0.0,1.0043025791586182,1.0095905167051724,-0.0052879375465542805,0.0,0.0013803066657718706,0.0004444450233954992,1.525486586375446,True,0,long_short,1.4462060942792632,1.2437845199555033
2022-12-06,1.7869658961239303,-0.006561630886690706,1.808131267647492,0.0,1.0051560346313146,1.0170003409885153,-0.011844306357200778,0.0,0.0,0.00014926190749328666,0.0,True,0,long_short,1.4440861234607039,1.2374372048126372
2022-12-07,1.7928759794770732,0.003307328565118395,1.8079818968316816,0.0,0.998979339676412,1.007404862427302,-0.008425522750890082,0.0010206603235880518,0.0,0.00014937081581037413,0.0,True,0,long_short,1.4362544021590302,1.248299727946495
2022-12-08,1.7947857813662251,0.0010652169536617961,1.8078334459840553,0.0,0.9939820450052489,1.0012518065296008,-0.007269761524351851,0.006017954994751107,0.0,0.0001484508476263821,0.0,True,0,long_short,1.431529046642896,1.253754358373104
2022-12-09,1.7954055065998311,0.00034529203431410416,1.8076857446821983,0.0,0.9940393158839144,1.0008791289719468,-0.006839813088032546,0.005960684116085635,0.0,0.00014770130185697865,0.0,True,0,long_short,1.4324634329799815,1.2533691717804023
2022-12-12,1.7969132411196267,0.0008397738083418815,1.7974255382771407,0.0,0.9933260800983209,0.9936111785359031,-0.00028509843758216464,0.006673919901679093,0.0009157362380411676,0.0004430919204485941,1.0184232003328098,True,0,long_short,1.4266929516631086,1.2594954219301
2022-12-13,1.805792283559822,0.004941274980345245,1.7972787903524912,0.0,0.9836185338554129,0.9789039865152571,0.004714547340155794,0.01638146614458713,0.0,0.0001467479246495048,0.0,True,0,long_short,1.416352786919582,1.2749593888167015
2022-12-14,1.8090587077854923,0.0018088593330518599,1.7971335001663107,0.0,0.9769331239884402,0.9703411833466797,0.006591940641760453,0.023066876011559767,0.0,0.00014529018618042732,0.0,True,0,long_short,1.4104432621227871,1.282617143395594
2022-12-15,1.8055462265273245,-0.0019416071148223857,1.7969892203717417,0.0,0.9788590371903255,0.9741197477554375,0.004739289434887999,0.02114096280967448,0.0,0.00014427979456900194,0.0,True,0,long_short,1.4107110888767338,1.2798837697979497
2022-12-16,1.8002794745236619,-0.0029169854121057215,1.796844659968886,0.0,0.9731571940405528,0.9712492599651035,0.0019079340754492695,0.026842805959447213,0.0,0.00014456040285580106,0.0,True,0,long_short,1.402424380513534,1.2836909422983955
2022-12-19,1.785578488010041,-0.008165946855285156,1.7945218456198393,0.0,0.9917856475627784,0.9967943087164896,-0.00500866115371116,0.008214352437221573,0.0013250914651750864,0.00043114194428091085,1.4757287359088076,True,0,long_short,1.3901521128594345,1.2844482783522482
2022-12-20,1.794922724818797,0.005233170578331725,1.7943755562109671,0.0,0.9866985280787514,0.9863936856472281,0.00030484243152336326,0.013301471921248642,0.0,0.00014628940887246602,0.0,True,0,long_short,1.3841845648292879,1.296736555533088
2022-12-21,1.7986910402038305,0.0020994304283565857,1.794230035626694,0.0,0.986282228130976,0.9838020886976739,0.0024801394333020476,0.01371777186902401,0.0,0.00014552058427282015,0.0,True,0,long_short,1.383785478199893,1.2998337304013843
2022-12-22,1.801213182180143,0.0014022096735561984,1.7940845926676032,0.0,0.9805137166118172,0.9765560565285663,0.003957660083250962,0.019486283388182812,0.0,0.00014544295909104,0.0,True,0,long_short,1.3777726437437157,1.3073370199061616
2022-12-23,1.7813744362589037,-0.01101410211601217,1.793940018505234,0.0,0.9778829153367067,0.9849367845236474,-0.007053869186940715,0.022117084663293318,0.0,0.00014457416236907756,0.0,True,0,long_short,1.3743751003908078,1.2961341017836865
2022-12-26,1.789548007261914,0.004588350902899441,1.7770618602527761,0.0,1.0046097627000763,0.9976324997496164,0.006977262950459837,0.0,0.0011591585928545619,0.0004326265995488556,1.3037283673624045,True,0,long_short,1.3845666690489216,1.2924968130940058
2022-12-27,1.7972155251890019,0.004284611475061428,1.7769151223416606,0.0,1.010674482559726,0.9993790076637997,0.01129547489592624,0.0,0.0,0.00014673791111561492,0.0,True,0,long_short,1.3970933190492398,1.2863961917819893
2022-12-28,1.796676636055145,-0.0002998466941243061,1.7767674977278423,0.0,1.0074911756061182,0.9964100840352855,0.011081091570832658,0.0,0.0,0.0001476246138181939,0.0,True,0,long_short,1.3928045529840571,1.2899703926195527
2022-12-29,1.7893327732896072,-0.004087470509808733,1.8801514189067978,0.0,0.9474194361111622,0.9981750289069194,-0.05075559279575736,0.052580563888837806,5.179142726412016e-05,0.0001471419220204883,0.05766005249190766,True,0,long_short,1.386975340833426,1.2900970338913211
2022-12-30,1.7878108986598658,-0.0008505263260468743,1.880004618855343,0.0,0.947398885019345,0.9989668222461429,-0.051567937226797915,0.052601114980655006,0.0,0.00014680005145499607,0.0,True,0,long_short,1.3892255101268234,1.2869119416736419
2023-01-03,1.7896980058965237,0.0010555407387171645,1.787207801653692,0.0,1.003638408341895,1.0022469980399182,0.00139141030197682,0.0,0.0008443195172897081,0.0005871661716858959,0.9444014604415107,True,0,long_short,1.3960920644737187,1.2819340868979021
2023-01-04,1.793028843938876,0.0018611173680576076,1.7870603726574885,0.0,1.0057641018869306,1.0024353928694691,0.0033287090174613358,0.0,0.0,0.00014742899620338239,0.0,True,0,long_short,1.4014991929817362,1.2793648779234381
2023-01-05,1.8019483597651011,0.004974552337167815,1.786912641514453,0.0,1.013039640259349,1.00469549534023,0.00834414491911876,0.0,0.0,0.00014773114303562933,0.0,True,0,long_short,1.4133380553867143,1.2749592023629874
2023-01-06,1.8037925115370148,0.0010234209886867962,1.7867638407418591,0.0,1.0191211506668059,1.0096806686345097,0.009440482032296237,0.0,0.0,0.00014880077259383947,0.0,True,0,long_short,1.4186068480152163,1.2715238997053444
2023-01-09,1.8038806190159888,4.8845683974452214e-05,1.7991559765283343,0.0,1.000338469524401,0.9977193147766596,0.002619154747741422,0.0,0.0014755208008556963,0.00044907643457916516,1.6388925807909962,True,0,long_short,1.4218600408851516,1.268676639856211
2023-01-10,1.8030585519440745,-0.0004557214392396647,1.7990080505117472,0.0,0.9973336058178788,0.9950871444215142,0.0022464613963645453,0.0026663941821212234,0.0,0.00014792601658713937,0.0,True,0,long_short,1.4181168347335567,1.2714457002288129
2023-01-11,1.8091811441947772,0.00339567023161913,1.798860581986897,0.0,0.9947062640720719,0.9890017152263156,0.0057045488457562,0.005293735927928145,0.0,0.00014746852485031394,0.0,True,0,long_short,1.4165802804503453,1.2771469214717714
2023-01-12,1.8073084850872274,-0.0010350865713799617,1.798713517609793,0.0,0.9974766415809657,0.9927209689615126,0.004755672619453077,0.002523358419034283,0.0,0.00014706437710386926,0.0,True,0,long_short,1.4189082857884827,1.2737317155653312
2023-01-13,1.8111423571240146,0.002121315795516887,1.7985660529771468,0.0,0.9985075875174199,0.9915637357006923,0.006943851816727498,0.001492412482580141,0.0,0.0001474646326461498,0.0,True,0,long_short,1.4212115251123847,1.2743650928251482
2023-01-16,1.8074469769485813,-0.0020403587608107676,1.81095285110648,0.0,1.0104421762401783,1.0123818592309446,-0.00193968299076626,0.0,0.0008454916230737383,0.00044281555434632356,0.9333175808075501,True,0,long_short,1.4310549543703879,1.2630171688576364
2023-01-17,1.8112511732917833,0.0021047346847344883,1.8108024544053032,0.0,1.01492927799783,1.0146815382623937,0.0002477397354364141,0.0,0.0,0.00015039670117681275,0.0,True,0,long_short,1.4362091157329997,1.2611333220562195
2023-01-18,1.8151147415978768,0.0021330936112367027,1.8106513988058488,0.0,1.0167087889296624,1.0142498023489581,0.002458986580704372,0.0,0.0,0.0001510555994544059,0.0,True,0,long_short,1.4398391058195181,1.2606372019356717
2023-01-19,1.8227486996399784,0.004205771606141662,1.8105000854002675,0.0,1.0187517072370715,1.0120318482449184,0.006719858992152974,0.0,0.0,0.00015131340558134193,0.0,True,0,long_short,1.4434708649070533,1.2627540631084002
2023-01-20,1.8232241467108765,0.00026084071325471747,1.8103484678877704,0.0,1.0249476936287674,1.017885655290621,0.007062038338146267,0.0,0.0,0.0001516175124972057,0.0,True,0,long_short,1.4510390050572202,1.2564956147674196
2023-01-30,1.8199026163962497,-0.0018217893398455587,1.8186654801141522,0.0,0.9972950245896558,0.9966152430063161,0.0006797815833396318,0.0027049754103442014,0.0012781240353234252,0.0015253427714930008,1.4045754301499216,True,0,long_short,1.4526725005961534,1.2527962191405089
2023-01-31,1.827249914521215,0.004037193011741547,1.8185164053726492,0.0,0.9911104081090923,0.9863308160679815,0.004779592041110834,0.008889591890907655,0.0,0.00014907474150308868,0.0,True,0,long_short,1.4480447939361476,1.2618738882754401
2023-02-01,1.8247512312882548,-0.0013674556573258778,1.8183682733535245,0.0,0.998665673869063,0.9951676858555278,0.003497988013535241,0.0013343261309369803,0.0,0.00014813201912464597,0.0,True,0,long_short,1.4564613469739822,1.2528662261305117
2023-02-02,1.8260926571425333,0.000735128071858604,1.8182190185485845,0.0,0.9988767235027768,0.9945649824949195,0.0043117410078572374,0.0011232764972232134,0.0,0.00014925480493998552,0.0,True,0,long_short,1.4588724953599104,1.2517150490879794
2023-02-03,1.8229204118289226,-0.0017371765343904277,1.8180697444818787,0.0,0.9943502555880711,0.991689323538834,0.002660932049237052,0.005649744411928892,0.0,0.00014927406670562176,0.0,True,0,long_short,1.4536688019688273,1.2540135754168944
2023-02-06,1.8275518601528324,0.002540675003613213,1.8206351702474493,0.0,0.9890174825252922,0.9852328074875043,0.0037846750377879676,0.010982517474707798,0.0013357143574823144,0.0004457516819355017,1.4662301892622673,True,0,long_short,1.4413126836665306,1.26797736595487
2023-02-07,1.8250785429322842,-0.0013533499510877123,1.8204871786816954,0.0,0.9917095698558656,0.9891938620972217,0.0025157077586438507,0.008290430144134442,0.0,0.00014799156575403172,0.0,True,0,long_short,1.44453580351918,1.2634360037916856
2023-02-08,1.8259619996587186,0.000484065044682902,1.8203387932165573,0.0,0.9869060752704366,0.9838264895817899,0.0030795856886466975,0.013093924729563389,0.0,0.0001483854651381334,0.0,True,0,long_short,1.4418497523752376,1.2664024088853307
2023-02-09,1.8259567800720966,-2.8585406613990116e-06,1.8201911414534695,0.0,0.9937035697301477,0.9905459711048398,0.0031575986253079215,0.006296430269852271,0.0,0.0001476517630877246,0.0,True,0,long_short,1.450569865987559,1.2587858212737457
2023-02-10,1.8208741415183238,-0.0027835481152910235,1.8200424816618055,0.0,0.9949882259424502,0.9945314893467924,0.00045673659565785454,0.005011774057549823,0.0,0.00014865979166399845,0.0,True,0,long_short,1.4492271942157913,1.2564449168397223
2023-02-13,1.8228977071411907,0.0011113154812443238,1.82088849002107,0.0,1.0007152421214196,0.9996130315518139,0.0011022105696055634,0.0,0.0012424092735501908,0.0004465273985450828,1.3636882773143786,True,0,long_short,1.4516248981939914,1.2557635994044403
2023-02-14,1.8247516918801974,0.0010170536348492742,1.8207387207906662,0.0,1.0021173066150877,0.999918119127065,0.0021991874880227104,0.0,0.0,0.00014976923040363753,0.0,True,0,long_short,1.4513772380516365,1.2572552772908219
2023-02-15,1.8219420758988194,-0.0015397251000671686,1.8205887534800127,0.0,0.9987875641382029,0.9980447730052089,0.0007427911329940282,0.0012124358617970898,0.0,0.00014996731065359804,0.0,True,0,long_short,1.4459835539513468,1.2600019349598512
2023-02-16,1.8141170780467264,-0.00429486642610899,1.8204392976088701,0.0,0.9905400194148205,0.9940250312912043,-0.0034850118763838193,0.009459980585179495,0.0,0.0001494558711426638,0.0,True,0,long_short,1.436203454929746,1.2631337654980552
2023-02-17,1.809711053032201,-0.002428743474081174,1.820291082996382,0.0,0.9868459260044791,0.9926921797179953,-0.0058462537135162435,0.013154073995520932,0.0,0.0001482146124880525,0.0,True,0,long_short,1.425620229446508,1.269420155278531
2023-02-20,1.8065861874099705,-0.001726720747488808,1.8051732806072562,0.0,1.005611328995618,1.0048292424211935,0.0007820865744243835,0.0,0.0008910353746941518,0.00044296915312461795,0.9867149988063393,True,0,long_short,1.4381769524641124,1.2561640515199755
2023-02-21,1.8126154218377009,0.00333736329312595,1.8050240769938266,0.0,1.0062116643171934,1.0020236028274718,0.00418806148972175,0.0,0.0,0.0001492036134298975,0.0,True,0,long_short,1.4414602183513336,1.257485568287743
2023-02-22,1.8212844984590888,0.0047826342625945095,1.804874793423783,0.0,1.0060514224879444,0.9970414599866496,0.009009962501294754,0.0,0.0,0.00014928357004359864,0.0,True,0,long_short,1.4397916965922672,1.2649638852410023
2023-02-23,1.8194944177612824,-0.0009828671464129357,1.8047255416849834,0.0,1.0020836960571526,0.9939666741349471,0.008117021922205576,0.0,0.0,0.00014925173879956461,0.0,True,0,long_short,1.4390073215414083,1.2644094234435939
2023-02-24,1.8175664977688344,-0.0010595910455278856,1.80457689646731,0.0,1.0003806440214809,0.993233944675146,0.007146699346334797,0.0,0.0,0.00014864521767363976,0.0,True,0,long_short,1.4348427393476066,1.2667356832395753
2023-02-27,1.8185845054977365,0.0005600938013281542,1.8149783006369347,0.0,0.9931843742915861,0.9912014008031945,0.001982973488391627,0.006815625708413875,0.0011992035846684808,0.00044513475837246484,1.320579714131465,True,0,long_short,1.4306601133434331,1.2711506307726224
2023-02-28,1.8261034575267616,0.004134507913321928,1.8148301430882228,0.0,0.9915294856933348,0.9853560597617026,0.006173425931632161,0.008470514306665233,0.0,0.00014815754871191846,0.0,True,0,long_short,1.4323838279342243,1.2748702002314265
2023-03-01,1.825667592325933,-0.00023868592933895538,1.8146822503122533,0.0,0.9978714472207063,0.9918542828366443,0.006017164384061919,0.002128552779293691,0.0,0.0001478927759692431,0.0,True,0,long_short,1.4410575937199048,1.2668942589679617
2023-03-02,1.822059736799046,-0.00197618424189161,1.8145334177461863,0.0,0.9986676880666222,0.9945370226988214,0.004130665367800844,0.0013323119333777944,0.0,0.00014883256606722256,0.0,True,0,long_short,1.44028206367413,1.2650714625654707
2023-03-03,1.83251600917699,0.005738709970241285,1.814384477538037,0.0,0.9990830674209311,0.98918873004644,0.009894337374491084,0.0009169325790688854,0.0,0.00014894020814922094,0.0,True,0,long_short,1.4428290713381504,1.2700853105748866
2023-03-06,1.8346171044137456,0.001146563100258735,1.830633365712312,0.0,0.997935126906201,0.9957636990415804,0.0021714278646206404,0.002064873093798991,0.0010876907873149306,0.00044696815493611,1.1876161858328809,True,0,long_short,1.4433495114372992,1.2710830536027402
2023-03-07,1.8337188170969014,-0.0004896320407583588,1.8304832140590888,0.0,0.9905607759292804,0.9887962725563286,0.0017645033729517165,0.00943922407071962,0.0,0.00015015165322323162,0.0,True,0,long_short,1.4348045289256433,1.2780269229216599
2023-03-08,1.8268852709322487,-0.0037266052466382593,1.8303341860318618,0.0,0.9897597006376915,0.9916475669172488,-0.0018878662795573046,0.010240299362308525,0.0,0.0001490280272269986,0.0,True,0,long_short,1.4322762726724017,1.2755117890234744
2023-03-09,1.8267637503909109,-6.651788334577358e-05,1.8301852852372902,0.0,0.9914190844466669,0.9932920879183239,-0.0018730034716570461,0.008580915553333068,0.0,0.0001489007945718019,0.0,True,0,long_short,1.4325617894365166,1.275172745679228
2023-03-10,1.8207114152790953,-0.0033131460543380786,1.8300361474307347,0.0,0.9866494462899219,0.991770923572586,-0.005121477282664151,0.013350553710078095,0.0,0.00014913780655555854,0.0,True,0,long_short,1.4254436831450292,1.277294527176245
2023-03-13,1.827678265754161,0.0038264441122306536,1.8200115308155551,0.0,0.9994426145866221,0.9952478199762903,0.004194794610331815,0.0005573854133779088,0.0009727504719126645,0.0004452481582743695,1.0683787684591248,True,0,long_short,1.4287297794338771,1.2792329886749922
2023-03-14,1.8232475378776345,-0.0024242384228924108,1.819862024557231,0.0,0.9969760175664718,0.9951191587197876,0.001856858846684274,0.003023982433528194,0.0,0.00014950625832409935,0.0,True,0,long_short,1.426864190961537,1.2778003326644438
2023-03-15,1.8264224184184756,0.0017413326906432491,1.8197129000183792,0.0,0.9994520936822613,0.9957785084631824,0.003673585219078964,0.0005479063177387111,0.0,0.00014912453885183966,0.0,True,0,long_short,1.4304110380002648,1.2768514573068734
2023-03-16,1.824361694932627,-0.0011282841609189243,1.819563416824546,0.0,0.993527565105872,0.9908974517235264,0.0026301133823456433,0.006472434894127965,0.0,0.00014948319383313436,0.0,True,0,long_short,1.4225775476975744,1.2824339157364992
2023-03-17,1.8250274224547784,0.00036490983339576566,1.8194148341926666,0.0,0.9966429701608349,0.9935676255424167,0.0030753446184181663,0.003357029839165082,0.0,0.00014858263187923998,0.0,True,0,long_short,1.4261144883306078,1.279720132842303
2023-03-20,1.8176465214118123,-0.0040442685694215275,1.8224269075317254,0.0,1.002434454942623,1.005064441611428,-0.002629986668805254,0.0,0.001085097536691334,0.00044711214970147176,1.1901183361286638,True,0,long_short,1.4267315158852754,1.2739933906092888
2023-03-21,1.8258078796209982,0.004490068950725901,1.82227675532191,0.0,1.0083522225283656,1.006418216032665,0.0019340064957006785,0.0,0.0,0.00015015220981559323,0.0,True,0,long_short,1.432838107395344,1.2742597158725812
2023-03-22,1.8290817723430755,0.0017931200531113856,1.8221257257622638,0.0,1.0135613888057595,1.0097583622347273,0.003803026571032261,0.0,0.0,0.0001510295596460176,0.0,True,0,long_short,1.4375967201305948,1.2723191050247507
2023-03-23,1.8234996344445569,-0.0030518799011198805,1.8219739232459762,0.0,1.0154432298242326,1.0146065358267342,0.0008366939974984898,0.0,0.0,0.00015180251628777006,0.0,True,0,long_short,1.4387207433766833,1.267445154203307
2023-03-24,1.824882771023422,0.0007585066389586004,1.8218218573845637,0.0,1.0150585353426518,1.0133812146470647,0.0016773206955870844,0.0,0.0,0.0001520658614124746,0.0,True,0,long_short,1.4379091257101655,1.269122462883136
2023-03-27,1.8315909256457081,0.003675937286932829,1.8221647065598203,0.0,0.9981185228863599,0.99297205761734,0.005146465269019969,0.001881477113640062,0.001175855582843132,0.000455992254021752,1.2897816318651392,True,0,long_short,1.4368866431224423,1.2746940995049891
2023-03-28,1.8296620566603155,-0.001053111237004356,1.822015222838438,0.0,0.9955848265105336,0.9914054569957965,0.004179369514737135,0.004415173489466406,0.0,0.00014948372138232877,0.0,True,0,long_short,1.4336143450415255,1.2762581952312413
2023-03-29,1.8296399408782285,-1.2087358977841411e-05,1.8218661321304301,0.0,0.9938169925653885,0.989568173672603,0.0042488188927855405,0.006183007434611532,0.0,0.00014909070800804292,0.0,True,0,long_short,1.4312042580562077,1.2783919070805148
2023-03-30,1.8253472917107423,-0.002346171545329123,1.821717319517709,0.0,0.995384137626791,0.9933954902008917,0.001988647425899378,0.00461586237320899,0.0,0.0001488126127210946,0.0,True,0,long_short,1.4331501591747116,1.2736608791655717
2023-03-31,1.8313818597078935,0.003305983483009145,1.8215682818381775,0.0,0.9960601580409398,0.9907015935134517,0.005358564527488206,0.003939841959060164,0.0,0.00014903767953171473,0.0,True,0,long_short,1.4382547885088524,1.2733361810021337
2023-04-03,1.8287838586753755,-0.0014186014886772291,1.8292331499747074,0.0,1.0036295720072608,1.003875249645545,-0.00024567763828436446,0.0,0.0011476060015527805,0.0004473746942657027,1.2539533075900244,True,0,long_short,1.4459046565059965,1.2648025237670926
2023-04-04,1.8300636995917263,0.0006998316997819387,1.8290822564799671,0.0,1.00432305125187,1.0037867622079542,0.000536289043915847,0.0,0.0,0.0001508934947404509,0.0,True,0,long_short,1.4454747892589088,1.2660640733346828
2023-04-06,1.8213132822711602,-0.0047814823727273525,1.8287802849102717,0.0,1.0098613269490806,1.0139611173101328,-0.004099790361052172,0.0,0.0,0.00030197156969547764,0.0,True,0,long_short,1.446658604739366,1.2589793309246538
2023-04-07,1.8202749718566507,-0.0005700888609425636,1.828628497991039,0.0,1.0119263554470828,1.0165155116259803,-0.004589156178897427,0.0,0.0,0.0001517869192326124,0.0,True,0,long_short,1.4523194079931958,1.253357189774041
2023-04-10,1.823895562848782,0.0019890351996867395,1.8221070868320373,0.0,0.9936060428602053,0.9926254625829267,0.0009805802772784558,0.006393957139794737,0.0012791172842716602,0.00045624766298223206,1.4030130110494892,True,0,long_short,1.4501042649199314,1.2577685666964713
2023-04-11,1.8312069818105288,0.004008682904149907,1.8219582831188776,0.0,0.9904283605622815,0.9853777579905791,0.005050602571702297,0.009571639437718549,0.0,0.0001488037131596482,0.0,True,0,long_short,1.4463844095817586,1.2660582965907705
2023-04-12,1.839432429273403,0.004491817443127877,1.8218099737520157,0.0,0.9905303210627577,0.9809499443982297,0.009580376664528047,0.009469678937242265,0.0,0.00014830936686190309,0.0,True,0,long_short,1.4490757677287511,1.2693831959915307
2023-04-13,1.8427527295897002,0.0018050678369352369,1.821661667630984,0.0,0.986186478813489,0.9747410680320805,0.011445410781408566,0.013813521186511024,0.0,0.00014830612103178452,0.0,True,0,long_short,1.4459004109035563,1.2744672563154935
2023-04-14,1.8397986210321526,-0.0016030954723944557,1.8215140341983462,0.0,0.992421896095907,0.9824835329376892,0.009938363158217884,0.00757810390409297,0.0,0.00014763343263775037,0.0,True,0,long_short,1.452358326015566,1.2667663262409212
2023-04-17,1.851863178951819,0.006557542647193548,1.839426575597516,0.0,0.9993281311268819,0.9926124063931885,0.006715724733693337,0.0006718688731180977,0.0013837862623280845,0.00044570264771972667,1.5034533605406142,True,0,long_short,1.4582416695973117,1.2699288585431827
2023-04-18,1.8535682948120085,0.0009207569325691001,1.8392754921153487,0.0,0.9989679728878516,0.9912570065659391,0.007710966321912491,0.0010320271121484481,0.0,0.00015108348216742233,0.0,True,0,long_short,1.460034375227759,1.2695374343654477
2023-04-19,1.8490003113913975,-0.0024644268211732046,1.8391244760145775,0.0,0.9980746173620719,0.9927334417462667,0.005341175615805258,0.0019253826379280747,0.0,0.0001510161007710315,0.0,True,0,long_short,1.4549470821035828,1.2708368119602584
2023-04-20,1.8437433472212204,-0.0028431386072732545,1.7291647339944336,0.0,0.9921203891744428,0.9299758323414796,0.06214455683296321,0.007879610825557215,5.487699835570574e-05,0.0001508683103767809,0.059400287204744134,True,0,long_short,1.4470997935929613,1.2740955083985221
2023-04-21,1.8485633442148717,0.0026142450905197734,1.7290238049461633,0.0,0.9837387991136946,0.9190726140771844,0.06466618503651009,0.01626120088630545,0.0,0.00014092904827036604,0.0,True,0,long_short,1.434476909937328,1.2886672008513786
2023-04-24,1.8515959555860035,0.001640523372175684,1.8564623779922205,0.0,0.9894086159655624,0.9920368472443871,-0.0026282312788247935,0.010591384034437601,0.001278223639037969,0.00041892261658886076,1.3761056176686643,True,0,long_short,1.4241031341744816,1.3001838919899078
2023-04-25,1.8644443751736588,0.006939105450567418,1.7425895231537358,0.0,0.9812158581459725,0.9158586645270568,0.06535719361891565,0.018784141854027547,5.683252411276894e-05,0.00015097408883424634,0.06131210453181059,True,0,long_short,1.422921795295448,1.3102929348176406
2023-04-26,1.8682251592779104,0.0020278342194570698,1.7424491751371167,0.0,0.9903118556927364,0.9229880732695263,0.06732378242321024,0.009688144307263613,0.0,0.00014034801661902985,0.0,True,0,long_short,1.432099018770516,1.3045363028611086
2023-04-27,1.8728469935136425,0.002473917136154302,1.5180246511617441,0.0,0.9932255078522861,0.803769378451017,0.18945612940126916,0.006774492147713862,0.00011208535563013723,0.00014172735946812922,0.11988586741167419,True,0,long_short,1.4392970839079637,1.3012233641358522
2023-04-28,1.863633862167459,-0.004919318758068392,1.4022312299366322,0.0,0.935838918979749,0.6882566864406803,0.24758223253906878,0.06416108102025098,0.00017324438022117803,0.000123726334020026,0.18515081751820084,True,0,long_short,1.4462793309213595,1.2885711786949356
2023-05-04,1.8944825648423442,0.01655298462918431,1.8627452200677925,0.0,0.9928390877281749,0.9760865742115394,0.016752513516635516,0.007160912271825137,0.0012763519327806698,0.0006325439013932166,1.3694604740124507,True,0,long_short,1.4471096999986555,1.3091492406167302
2023-05-05,1.8970140662043153,0.0013362494904680666,2.6504517186818983,0.0,0.4943052033508683,0.891475506882205,-0.39717030353133675,0.5056947966491316,0.0005353080641523327,0.0001519873147907223,0.5658028450738534,True,0,long_short,1.4387723982063745,1.3184948978512525
2023-05-08,1.8943868859282311,-0.0013849028970780441,1.8939571447623786,0.0,1.0004053072410524,1.0001784575045787,0.0002268497364738872,0.0,0.0011425009007840642,0.0004169938133175201,1.2057422979299466,True,0,long_short,1.4486105204613273,1.307726859062808
2023-05-09,1.8792384948425533,-0.007996461123227827,1.893801413944284,0.0,1.0008335792315564,1.0085829517256264,-0.007749372494070034,0.0,0.0,0.00015573081809462468,0.0,True,0,long_short,1.4419990560610576,1.3032175624135651
2023-05-10,1.888643080562729,0.005004466301635535,2.057060354155721,0.0,0.9148072267433136,1.0039809172761014,-0.0891736905327879,0.0851927732566864,8.174823605558697e-05,0.00015578366368148428,0.08698691441923567,True,0,long_short,1.4381274204356413,1.3132654685011265
2023-05-11,1.8912741512732099,0.0013931010774661523,2.0569045052560693,0.0,0.9178127077751288,1.0053887759360332,-0.08757606816090442,0.0821872922248712,0.0,0.0001558488996518244,0.0,True,0,long_short,1.440976219673131,1.3124950470745615
2023-05-12,1.8925701621849678,0.0006852580895717608,2.056748220395474,0.0,0.9057986346664912,0.9925473647748445,-0.08674873010835325,0.09420136533350876,0.0,0.00015628486059518075,0.0,True,0,long_short,1.4248199333864977,1.3282872578057818
2023-05-15,1.9031043609536595,0.0055660809724116245,1.8941760474520608,0.0,1.0053789330750056,1.0006874859401125,0.004691447134893067,0.0,0.0009612006918100025,0.00046318328066174546,1.0143863646302331,True,0,long_short,1.432087343363805,1.3289024372518305
2023-05-16,1.8894381772197324,-0.007180995437937487,1.8940195203793118,0.0,1.0099571516645656,1.0123818635259088,-0.0024247118613432415,0.0,0.0,0.00015652707274885333,0.0,True,0,long_short,1.4330026244899088,1.3185168993617833
2023-05-17,1.8796947499781869,-0.0051567854185538,1.8938623012333227,0.0,1.0174085364725787,1.024945691776811,-0.007537155304232229,0.0,0.0,0.00015721914598937331,0.0,True,0,long_short,1.4361058060736174,1.3088831909379735
2023-05-18,1.8840744763020387,0.002330019980053999,1.8937039517783216,0.0,1.0179890382565635,1.023100022773048,-0.005110984516484368,0.0,0.0,0.0001583494550010109,0.0,True,0,long_short,1.4387448017905122,1.3095265219775707
2023-05-19,1.872264131951288,-0.00626851247087179,1.8935455191778057,0.0,1.0213622632414585,1.0327289218572693,-0.011366658615810751,0.0,0.0,0.00015843260051595076,0.0,True,0,long_short,1.4376069803364924,1.3023476913788063
2023-05-22,1.8785923078426296,0.003379958940273209,1.8664279399983352,0.0,0.9969534384111435,0.9904781814895052,0.006475256921638336,0.0030465615888565223,0.0013037266074036786,0.0004767636127616112,1.3960534382039618,True,0,long_short,1.439473984009646,1.305054713534886
2023-05-23,1.8778039066205274,-0.0004196765944430858,1.8662750053660475,0.0,0.9938107040216132,0.9876711378966132,0.006139566124999975,0.0061892959783868,0.0,0.00015293463228757318,0.0,True,0,long_short,1.4332276414192482,1.3101923604829722
2023-05-24,1.8762562325155476,-0.0008241936761996804,1.8661225681560862,0.0,0.9911242864097505,0.9857232840392615,0.005401002370489027,0.008875713590249523,0.0,0.00015243720996152893,0.0,True,0,long_short,1.427041798663626,1.3147871591936515
2023-05-25,1.8844808345220645,0.0043835174876354355,1.8659705569679863,0.0,0.9900893277660696,0.9802668465739101,0.009822481192159505,0.009910672233930384,0.0,0.00015201118809981021,0.0,True,0,long_short,1.4257291999091442,1.321766317644441
2023-05-26,1.8870014568945794,0.0013375685898944223,1.8658187245774314,0.0,0.9971910790133456,0.985965474369665,0.011225604643680685,0.0028089209866544174,0.0,0.0001518323905550067,0.0,True,0,long_short,1.4302008806794664,1.3193960949024826
2023-05-29,1.8835058407156977,-0.0018524713725628361,1.8769098628030974,0.0,0.9981978020249221,0.994695833637028,0.0035019683878941593,0.0018021979750778572,0.001396652064674502,0.0004587579336780771,1.4871396692917531,True,0,long_short,1.4272728301964228,1.3196536785867967
2023-05-30,1.890642773470748,0.0037891747404077414,1.8767558752349558,0.0,0.9960156996908003,0.9886706324836835,0.007345067207116772,0.0039843003091997176,0.0,0.0001539875681417188,0.0,True,0,long_short,1.4256499486635905,1.3261619903560784
2023-05-31,1.8814007340259096,-0.004888305487700584,1.8766022404689298,0.0,0.9989216021047412,0.9963711122116541,0.002550489893087141,0.0010783978952587647,0.0,0.00015363476602586545,0.0,True,0,long_short,1.4236824657326812,1.3215030593620953
2023-06-01,1.8760991031707444,-0.002817916863368297,1.8764481659476797,0.0,1.0036861212460422,1.003872178995521,-0.00018605774947887628,0.0,0.0,0.0001540745212501823,0.0,True,0,long_short,1.4260023336661414,1.3156353667019878
2023-06-02,1.8744868918085786,-0.0008593423233563824,1.876293368931676,0.0,1.0131767015954816,1.01414041979004,-0.0009637181945585954,0.0,0.0,0.0001547970160036897,0.0,True,0,long_short,1.4370858326369367,1.3043666907278921
2023-06-05,1.878666821703972,0.0022299061752093507,1.874493796735821,0.0,0.9965470375899196,0.994325768272795,0.002221269317124589,0.003452962410080418,0.0010516006224317901,0.00046873798109992086,1.1213811448264512,True,0,long_short,1.4351717735367355,1.3090187922762155
2023-06-06,1.8898385762550483,0.0059466396180583025,1.8743402619278084,0.0,0.985737327142384,0.9775364604006587,0.008200866741725427,0.014262672857615954,0.0,0.0001535348080125544,0.0,True,0,long_short,1.429504601879245,1.322023429494835
2023-06-07,1.8874333642476662,-0.001272707646887028,1.8741884219733513,0.0,0.9865656702775458,0.97954823457613,0.007017435701415753,0.013434329722454175,0.0,0.00015183995445706684,0.0,True,0,long_short,1.4278304193169251,1.3218890273752644
2023-06-08,1.896633996227098,0.004874679103227031,1.874036463177201,0.0,0.9854723577605318,0.9735578117306446,0.011914546029887162,0.01452764223946823,0.0,0.0001519587961503195,0.0,True,0,long_short,1.43108042798503,1.3253161451572433
2023-06-09,1.9010097126817793,0.002307095867408293,1.8738846974640762,0.0,0.9887329383262037,0.9744641973320098,0.014268740994193915,0.01126706167379632,0.0,0.00015176571312499733,0.0,True,0,long_short,1.4354640125047144,1.3243172215545431
2023-06-12,1.9122152610614127,0.005894524528138989,1.8994188279465765,0.0,1.001102191258681,0.9944102495220938,0.0066919417365873925,0.0,0.0008886378962656723,0.0004567724146328559,0.9352569647160073,True,0,long_short,1.4382908761295956,1.3295052432002736
2023-06-13,1.9097236417393533,-0.0013030014835654358,1.8992625381009691,0.0,1.0028538831954954,0.997376072998384,0.00547781019711137,0.0,0.0,0.00015628984560756454,0.0,True,0,long_short,1.438880661068604,1.3272286530844548
2023-06-14,1.9181717016021516,0.004423708058148179,1.899105986374971,0.0,1.0002841288177666,0.9903446040029358,0.009939524814830828,0.0,0.0,0.00015655172599809609,0.0,True,0,long_short,1.4391820988418704,1.3328207063899216
2023-06-15,1.922175428396867,0.002087261943949814,1.8989498506768148,0.0,1.0033744542536482,0.9912914896204863,0.012082964633161863,0.0,0.0,0.00015613569815612222,0.0,True,0,long_short,1.4440358838318261,1.3311133399928208
2023-06-16,1.9254472665165714,0.0017021537531738407,1.8987932394869196,0.0,1.0064929311477453,0.9926498997164702,0.01384303143127513,0.0,0.0,0.00015661118989540495,0.0,True,0,long_short,1.4466331311247238,1.3309851855940702
2023-06-19,1.9219623168436497,-0.0018099429330135086,1.9206709339405776,0.0,0.9953476927526841,0.9946757842080916,0.000671908544592503,0.004652307247315912,0.0010485975062756287,0.00047127822805899275,1.0913117019590726,True,0,long_short,1.4410929737402414,1.3336837746528944
2023-06-20,1.9203867988741745,-0.0008197444641175888,1.9205138054988193,0.0,0.9972896917605362,0.997355827720604,-6.613596006780792e-05,0.0027103082394638323,0.0,0.0001571284417582075,0.0,True,0,long_short,1.43948176761412,1.334082057918062
2023-06-21,1.9161862313429603,-0.0021873549295781114,1.9203563828441341,0.0,0.9942055080846467,0.9963817848123275,-0.002176276727680812,0.005794491915353306,0.0,0.0001574226546850581,0.0,True,0,long_short,1.432906744634797,1.3372721138466943
2023-06-26,1.9203052586786056,0.0021495965623123947,1.9163562517835426,0.0,0.9893584655665575,0.9873020180943569,0.0020564474722006387,0.010641534433442512,0.0011540925713771865,0.0007846245440623178,1.2037406471102412,True,0,long_short,1.4251312775654583,1.3474585035836484
2023-06-27,1.9242146122064048,0.002035797959793806,1.9162004226391112,0.0,0.993675740700529,0.9895108260821412,0.004164914618387734,0.006324259299471002,0.0,0.00015582914443155562,0.0,True,0,long_short,1.4324938597974708,1.343262031488536
2023-06-28,1.9444370237840343,0.010509436655010695,1.9160439269248246,0.0,0.990021505691953,0.9754192858659007,0.014602219826052362,0.009978494308046981,0.0,0.0001564957142863304,0.0,True,0,long_short,1.431736727362271,1.358096769205834
2023-06-29,1.9334068602894467,-0.005672677160364792,1.915888038592785,0.0,0.9946603079411062,0.9855991930477624,0.00906111489334373,0.005339692058893841,0.0,0.00015588833203977862,0.0,True,0,long_short,1.4323523397161249,1.349812337844629
2023-06-30,1.9287266830865015,-0.002420689250189567,1.9157314168743191,0.0,0.999523429415222,0.9927856856352758,0.006737743779946206,0.0004765705847780133,0.0,0.00015662171846583177,0.0,True,0,long_short,1.4361050984732107,1.3430261372493
2023-07-03,1.923253422162403,-0.0028377586996098936,1.9252098258441832,0.0,0.9995500468414457,1.0005672833944843,-0.0010172365530387406,0.00044995315855433926,0.0009740335321121734,0.0004721454844449247,1.0113609117538427,True,0,long_short,1.441025751701602,1.3346419520202004
2023-07-04,1.9199005172480623,-0.0017433505515724868,1.9250516605467674,0.0,1.0061967359654704,1.0088797621183507,-0.0026830261528803735,0.0,0.0,0.00015816529741579567,0.0,True,0,long_short,1.4407947201688052,1.3325288400717659
2023-07-05,1.9217993020225599,0.0009890016474494168,1.924892459277414,0.0,1.0036159705786527,1.005225481650698,-0.0016095110720452885,0.0,0.0,0.00015920126935332522,0.0,True,0,long_short,1.4385420742739843,1.3359354143273634
2023-07-06,1.9201899543397754,-0.0008374171439706757,1.9247336777736597,0.0,1.0065122082252542,1.008878496739375,-0.0023662885141207857,0.0,0.0,0.0001587815037543783,0.0,True,0,long_short,1.437302712161599,1.3359676692267204
2023-07-07,1.9238374906556128,0.001899570564669384,1.9245744527034194,0.0,1.0034901738525037,1.0038732426155288,-0.00038306876302495303,0.0,0.0,0.00015922507024013931,0.0,True,0,long_short,1.4374909338697888,1.3383301733086814
2023-07-10,1.9182331344966272,-0.002913113080604268,1.9225902384191058,0.0,0.9965848964098714,0.9988563116221949,-0.002271415212323496,0.003415103590128643,0.0009762143277321927,0.0004762082416462452,1.0150045259295992,True,0,long_short,1.436915300938915,1.3349660437488609
2023-07-11,1.9131203567300494,-0.0026653578622075624,2.1107000650100782,0.0,0.9057969786383734,1.009073130389608,-0.10327615175123478,0.09420302136162662,9.418074500799935e-05,0.0001574826800182013,0.09820650960950875,True,0,long_short,1.4402328854458626,1.328340976006663
2023-07-12,1.9214900510722375,0.004374891685588356,2.110541395556886,0.0,0.8985741051519367,0.9969619913547059,-0.09838788620276917,0.1014258948480633,0.0,0.00015866945319268562,0.0,True,0,long_short,1.4380955784173384,1.3361351497839158
2023-07-13,1.9142007166047474,-0.0037935842881010595,2.1103839446625554,0.0,0.9038669159463235,1.0063552424608921,-0.10248832651456856,0.09613308405367649,0.0,0.00015745089433029315,0.0,True,0,long_short,1.4447102270194385,1.3249720814629438
2023-07-14,1.9073612383482579,-0.0035730204242221397,2.1102256132165604,0.0,0.9035580221558779,1.009916676609808,-0.10635865445392999,0.09644197784412212,0.0,0.00015833144599541784,0.0,True,0,long_short,1.4436421042054814,1.3212147476108613
2023-07-17,1.9079219330145576,0.00029396354242017253,1.9120829938123949,0.0,0.9952992104323466,0.9974801491415434,-0.0021809387091967117,0.004700789567653407,0.0005018061127984629,0.0004749721453792703,0.5247412954636993,True,0,long_short,1.4403305343019912,1.3246417315864023
2023-07-18,1.908794994980652,0.0004575983697165942,1.9119265734627269,0.0,0.9985403184829913,1.000180923414537,-0.0016406049315456418,0.001459681517008704,0.0,0.00015642034966798212,0.0,True,0,long_short,1.4416505628607437,1.3240344395197465
2023-07-19,1.9145772518342428,0.0030292707539552044,1.9117696578182868,0.0,1.000368804802188,0.9989023745428364,0.0014664302593515805,0.0,0.0,0.00015691564444017493,0.0,True,0,long_short,1.4427622030997143,1.3270220468216132
2023-07-20,1.9196095787379026,0.002628427188737792,1.9116124680295383,0.0,0.9964571198434424,0.9922911108815462,0.004166008961896284,0.0035428801565575707,0.0,0.00015718978874818546,0.0,True,0,long_short,1.4406892877082027,1.332424413172079
2023-07-21,1.921150689797486,0.0008028252602263475,1.911455908178469,0.0,0.9947741308147746,0.9897277897492337,0.005046341065540882,0.005225869185225385,0.0,0.0001565598510694266,0.0,True,0,long_short,1.4410855439359707,1.333127445405035
2023-07-24,1.9215975555862381,0.00023260319511919647,1.9169361151268685,0.0,0.9927123829807167,0.9902865678323686,0.002425815148348172,0.007287617019283266,0.000973549518274795,0.0004688423570930502,1.0152193674407746,True,0,long_short,1.4369103477360679,1.337312072819172
2023-07-25,1.9296120594791533,0.004170750462091366,1.9167797097366157,0.0,0.9988193710034967,0.992169148395538,0.006650222607958605,0.0011806289965032857,0.0,0.00015640539025286836,0.0,True,0,long_short,1.4492225948131476,1.3314807996958835
2023-07-26,1.9276475956921226,-0.0010180615203870813,1.9166223534445237,0.0,0.9970825178945454,0.9913629858222733,0.005719532072272038,0.0029174821054546163,0.0,0.00015735629209209795,0.0,True,0,long_short,1.4485804474440411,1.3307149071999247
2023-07-27,1.9358163355175513,0.004237672821362226,1.9164652850766268,0.0,0.9931972225824105,0.9832008969569472,0.009996325625463256,0.006802777417589501,0.0,0.00015706836789686044,0.0,True,0,long_short,1.4482694570652839,1.3366410001079587
2023-07-28,1.938087486914285,0.0011732266925656987,1.9163088497595782,0.0,0.9994590299368282,0.9882218503452189,0.0112371795916094,0.0005409700631717751,0.0,0.00015643531704861101,0.0,True,0,long_short,1.4604907774900988,1.3270111094059436
2023-07-31,1.9417797104491659,0.0019050861015357246,1.9355032818311797,0.0,0.9976545898935161,0.9944222826527869,0.003232307240729216,0.002345410106483925,0.0011723250971068502,0.00047225598964504515,1.2106571621111568,True,0,long_short,1.462473473829753,1.3277367044232689
2023-08-01,1.9333559489562138,-0.004338165368410252,1.9353445736932011,0.0,1.002109177347869,1.0031377643176203,-0.001028586969751179,0.0,0.0,0.0001587081379786625,0.0,True,0,long_short,1.457579709416817,1.3264152460861003
2023-08-02,1.9261068902033256,-0.0037494692877437785,1.9351851691153164,0.0,1.0014330539033007,1.0061463327759141,-0.004713278872613477,0.0,0.0,0.00015940457788488551,0.0,True,0,long_short,1.4574891365647558,1.3215240113165325
2023-08-03,1.9166571102837362,-0.004906155503442422,1.9350258859330605,0.0,1.005105118021514,1.01468887483997,-0.009583756818456067,0.0,0.0,0.00015928318225582163,0.0,True,0,long_short,1.4630880247829967,1.3100080636419755
2023-08-04,1.9234762010414965,0.0035578042213042504,1.9348660384826477,0.0,1.0058451170638318,1.0117666030874093,-0.005921486023577428,0.0,0.0,0.00015984745041269858,0.0,True,0,long_short,1.4659987390560751,1.312058564443228
2023-08-07,1.9227531962641544,-0.00037588444138303423,1.9226595211190756,0.0,0.9919085630720041,0.9918598437952603,4.871927674385033e-05,0.008091436927995854,0.0007902724237045248,0.0004798624887239745,0.8217239944162319,True,0,long_short,1.4592860877976435,1.3175985246086845
2023-08-08,1.927580902848935,0.0025108300920577697,1.922502773035385,0.0,0.9873998041522696,0.9847653467315488,0.0026344574207207813,0.012600195847730422,0.0,0.0001567480836906905,0.0,True,0,long_short,1.4576402092515923,1.3223982781310815
2023-08-09,1.9254480473381448,-0.001106493381231255,1.9223467553743316,0.0,0.985258412248838,0.9836477263785542,0.0016106858702838232,0.014741587751161966,0.0,0.00015601766105318986,0.0,True,0,long_short,1.454625831518928,1.3236723875084644
2023-08-10,1.943039179423054,0.009136123983832345,1.922191087215919,0.0,0.9865721052781571,0.9758424748991518,0.010729630379005319,0.013427894721842915,0.0,0.00015566815841294734,0.0,True,0,long_short,1.4561655700039697,1.3343531940655327
2023-08-11,1.9418579578820514,-0.0006079247158327084,1.922035243367014,0.0,0.9808502728901923,0.9706421552291777,0.010208117661014525,0.019149727109807668,0.0,0.00015584384890472957,0.0,True,0,long_short,1.4505412081710867,1.3387127142223287
2023-08-14,1.9457997506101825,0.00202990785815782,1.940657921233701,0.0,0.9951404724431153,0.9924979449297526,0.0026425275133627095,0.00485952755688468,0.00042563600601174266,0.00046475733535583777,0.4385550579976184,True,0,long_short,1.4465425582726625,1.345138267437973
2023-08-15,1.9498205660623253,0.0020664076305292323,1.94049919228134,0.0,0.9905270413046073,0.9857464097207433,0.0047806315838639975,0.009472958695392664,0.0,0.00015872895236099436,0.0,True,0,long_short,1.444350412212617,1.349963658109373
2023-08-16,1.9580916827704815,0.0042419886486579905,1.9403412173260581,0.0,0.9866160680136485,0.9775508819446753,0.009065186068973318,0.01338393198635146,0.0,0.00015797495528183052,0.0,True,0,long_short,1.4428230567346931,1.357125306274154
2023-08-17,1.958570906383761,0.00024474013014619267,1.7516054401378396,0.0,0.9933628249024431,0.8876911509429561,0.10567167395948691,0.006637175097556902,9.424210449043568e-05,0.00015732610285650554,0.09640229068549146,True,0,long_short,1.4474737604079175,1.3530959661968653
2023-08-18,1.9734240842255175,0.007583681445151758,1.7514625410094486,0.0,0.9905441548004027,0.8780688156220126,0.11247533917839013,0.009455845199597301,0.0,0.00014289912839105667,0.0,True,0,long_short,1.4455483797012088,1.365173322413062
2023-08-21,1.960868252723688,-0.0063624598494534945,1.9696107686416384,0.0,0.9928219078747778,0.9972804001298319,-0.004458492255054125,0.007178092125222246,0.0013060330877520867,0.00042726628315623813,1.3253051438864403,True,0,long_short,1.4408134715795835,1.36094525169449
2023-08-22,1.986001125126292,0.012817216234539908,1.969450039698432,0.0,0.980984163389197,0.9726502882375365,0.0083338751516605,0.019015836610802972,0.0,0.0001607289432064244,0.0,True,0,long_short,1.4363382528072277,1.3826834460787942
2023-08-23,1.9849577969529038,-0.0005253411794123863,1.9692912711039008,0.0,0.9743518479275668,0.9664592237755306,0.007892624152036112,0.025648152072433206,0.0,0.0001587685945310268,0.0,True,0,long_short,1.4285486337297546,1.3894926291521748
2023-08-24,1.9727928841212927,-0.006128549861506016,1.8014215811878735,0.0,0.9804713279231748,0.893603971338122,0.08686735658505282,0.019528672076825182,8.381410034188363e-05,0.00015767513191810607,0.08464811042957425,True,0,long_short,1.4319115046627329,1.377733803867968
2023-08-25,1.9769700225095224,0.002117373000404932,1.801276685662733,0.0,0.9742160679801748,0.885346062443233,0.08887000553694176,0.025783932019825206,0.0,0.00014489552514068834,0.0,True,0,long_short,1.427209146159817,1.3851999392162975
2023-08-28,1.9861036182940608,0.0046199971069589285,1.989339828460251,0.0,0.9849301595668628,0.9865595862173063,-0.0016294266504434552,0.015069840433137194,0.0011043149002234484,0.00043158146917737084,1.109616568650884,True,0,long_short,1.4302313074969555,1.3886590287062979
2023-08-29,1.984801432234432,-0.000655648601429526,1.9891787810988386,0.0,0.9969742527296269,0.999179686882039,-0.0022054341524121407,0.0030257472703730803,0.0,0.000161047361412237,0.0,True,0,long_short,1.4389355001001256,1.3793539961286128
2023-08-30,1.9772012631858222,-0.003829183577348516,1.9890157805558044,0.0,1.0021146798333218,1.0080900540099222,-0.005975374176600316,0.0,0.0,0.000163000543034221,0.0,True,0,long_short,1.4392624114880341,1.3737600922556021
2023-08-31,1.9879067557507963,0.005414467795617606,1.9888519561507476,0.0,0.9993586169254156,0.9998340921443699,-0.00047547521895440143,0.0006413830745843896,0.0,0.0001638244050569985,0.0,True,0,long_short,1.438262218313123,1.3821587819238748
2023-09-01,1.9943047929982698,0.0032184795534120347,1.988688593662002,0.0,1.0008688381051942,0.9980527192471415,0.0028161188580528144,0.0,0.0,0.00016336248874551426,0.0,True,0,long_short,1.4422817424235455,1.3827428680107463
2023-09-04,1.9791142957139731,-0.007616938663352002,1.9911326700349687,0.0,1.0062744310901293,1.0123470335401359,-0.0060726024500064825,0.0,0.0019957432852742768,0.0004907888190393363,2.002623887087815,True,0,long_short,1.4494504421441141,1.3654239138982553
2023-09-05,1.9789721995310703,-7.179786594979642e-05,1.990967994652533,0.0,1.0062936552551998,1.0123552841776804,-0.006061628922480701,0.0,0.0,0.0001646753824358561,0.0,True,0,long_short,1.4465715698893384,1.368043061763242
2023-09-06,1.972051151867986,-0.0034972940320860957,1.9908033297514287,0.0,1.0087189432235057,1.0182279145631588,-0.009508971339653064,0.0,0.0,0.00016466490110432925,0.0,True,0,long_short,1.4449854835776559,1.3647549918531792
2023-09-07,1.9671970148188969,-0.002461466095588394,1.9906382888584058,0.0,0.9965359677385134,1.0084520462313769,-0.01191607849286352,0.003464032261486616,0.0,0.00016504089302288338,0.0,True,0,long_short,1.4293139035696316,1.376322590794039
2023-09-08,1.9729137312547387,0.0029060213048199834,1.9904752348429315,0.0,0.9915785637962112,1.000479867137551,-0.00890130334133986,0.008421436203788768,0.0,0.00016305401547405806,0.0,True,0,long_short,1.4254836625680094,1.3840311068178317
2023-09-11,1.9797089163466774,0.0034442383284629674,1.9682622552744704,0.0,0.9982172073111676,0.9924352153336146,0.005781991977553027,0.001782792688832413,0.001156382949312532,0.0004867053208075704,1.1743393983063688,True,0,long_short,1.4283172483967543,1.386042854673109
2023-09-12,1.9814577364124055,0.0008833723237229307,1.968100770383126,0.0,0.9989421535467776,0.9922011740225493,0.006740979524228342,0.0010578464532223775,0.0,0.0001614848913445801,0.0,True,0,long_short,1.4282655935670632,1.387317418648836
2023-09-13,1.9874816210708386,0.0030401277542966287,1.9679391809563578,0.0,0.9911028247502673,0.9812700595526948,0.009832765197572564,0.008897175249732658,0.0,0.00016158942676803713,0.0,True,0,long_short,1.4219414149319252,1.3977239851094627
2023-09-14,1.988601609489167,0.0005635213963512964,1.9677788859255083,0.0,0.9877462269385392,0.9772751886650625,0.010471038273476754,0.012253773061460804,0.0,0.00016029503084943024,0.0,True,0,long_short,1.4195327431474207,1.4008846355174547
2023-09-15,1.9871377333665938,-0.0007361334294350153,1.9676191535134733,0.0,0.9910720335515008,0.981249574078572,0.009822459472928681,0.008927966448499247,0.0,0.00015973241203505527,0.0,True,0,long_short,1.4207388480406897,1.3986650228555464
2023-09-18,1.991526322207121,0.0022084975625178416,1.9851971467094867,0.0,0.9995856427926287,0.9964075901467464,0.0031780526458822914,0.00041435720737126314,0.0007140340301308145,0.00048079184905514693,0.7190996627199465,True,0,long_short,1.4226306177280792,1.399889962573391
2023-09-19,1.9901877119540805,-0.0006721529301992879,1.9850340476456436,0.0,0.9975003663544325,0.9949108295597465,0.0025895367946859394,0.0024996336455674895,0.0,0.00016309906384308576,0.0,True,0,long_short,1.4196636492226655,1.4018726992437993
2023-09-20,1.9909083458765353,0.00036209344381266106,1.984871303045029,0.0,0.9967359207284315,0.9937036149751254,0.0030323057533061157,0.0032640792715684652,0.0,0.00016274460061478204,0.0,True,0,long_short,1.4179310896267905,1.40409386636734
2023-09-21,1.979741306926531,-0.005609017096710134,1.984708697059792,0.0,0.9950899251249178,0.9975990358435158,-0.0025091107185980896,0.004910074875082215,0.0,0.0001626059852368488,0.0,True,0,long_short,1.414250506111191,1.3998519345559846
2023-09-22,1.9780380287588317,-0.0008603539067150168,1.9845463692774077,0.0,1.003765558794055,1.007055859801392,-0.003290301007336772,0.0,0.0,0.0001623277823843416,0.0,True,0,long_short,1.4227551553996634,1.3902870225082298
2023-09-25,1.981856664072935,0.0019305166324325995,1.9778131022168395,0.0,0.9976726879672478,0.9956323982079546,0.002040289759293311,0.00232731203275216,0.0005990604031047052,0.0004911767969847721,0.6055971697135036,True,0,long_short,1.4214443256461984,1.3942555669016226
2023-09-26,1.9946285919083073,0.006444425607008641,1.9776509213371116,0.0,0.9990876123167316,0.9905759171369524,0.008511695179779174,0.0009123876832684008,0.0,0.0001621808797278372,0.0,True,0,long_short,1.421535252298463,1.4031509867118783
2023-09-27,2.004901509497727,0.0051502909519567375,1.9774885242647737,0.0,1.001289590971766,0.9876166074845021,0.013672983487263948,0.0,0.0,0.00016239707233784873,0.0,True,0,long_short,1.4236576997184458,1.4082749736079345
2023-09-28,1.976613440414571,-0.014109455725953679,1.977325778454323,0.0,1.0119488484596297,1.0123092315396935,-0.00036038308006379417,0.0,0.0,0.00016274581045074262,0.0,True,0,long_short,1.4286360223799857,1.3835668493936628
2023-10-09,1.9881758776760448,0.005849619872588141,1.9784663221682144,0.0,0.9961163890318577,0.9912327388393104,0.004883650192547332,0.0038836109681422704,0.0009155178573350563,0.001809072687294916,0.925054316274053,True,0,long_short,1.4254288235364878,1.394791409327182
2023-10-10,1.9910273957258364,0.0014342383296215289,1.978304343125432,0.0,0.9926277851986564,0.9862375905545658,0.0063901946440905084,0.007372214801343646,0.0,0.00016197904278271856,0.0,True,0,long_short,1.4216375005572353,1.4005169355376592
2023-10-11,1.9979034434243357,0.0034535173716143674,1.9781429492025697,0.0,0.9876428256717906,0.9777522104437106,0.009890615228080022,0.012357174328209375,0.0,0.0001613939228620916,0.0,True,0,long_short,1.4179342738286207,1.4090240149352742
2023-10-12,1.9920113015380418,-0.0029491624861485155,1.9779823912977974,0.0,0.9874720722689996,0.9804294866022352,0.007042585666764438,0.012527927731000421,0.0,0.00016055790477215713,0.0,True,0,long_short,1.4212783933508206,1.4015630652356963
2023-10-13,1.99379584096156,0.0008958480416954018,1.9778218685620983,0.0,0.9847996340258893,0.9767877944627384,0.008011839563150902,0.015200365974110674,0.0,0.00016052273569913363,0.0,True,0,long_short,1.4182243899953795,1.4058394814152475
2023-10-16,2.0224415950438055,0.014367446001106288,1.9900091813605008,0.0,0.9871825732690498,0.9711463061339277,0.01603626713512205,0.01281742673095021,0.0008211374178949,0.0004802092870936002,0.8249195425140625,True,0,long_short,1.4109983746418657,1.4333408396428053
2023-10-17,2.0094326299061716,-0.006432306954877509,1.9898477495782214,0.0,0.9853390018580805,0.9755925291291766,0.009746472728903943,0.014660998141919457,0.0,0.0001614317822793206,0.0,True,0,long_short,1.4078191260144335,1.4273372145432623
2023-10-18,2.0059702728493405,-0.001723052072162612,1.9896866218416576,0.0,0.9761504938007813,0.9680329004206196,0.008117593380161724,0.023849506199218662,0.0,0.00016112773656368667,0.0,True,0,long_short,1.396977980182943,1.435935498844904
2023-10-19,1.9957969421353479,-0.005071526159528994,1.9895270181248317,0.0,0.9674446297889637,0.9643030656958713,0.0031415640930923462,0.03255537021103627,0.0,0.00015960371682607305,0.0,True,0,long_short,1.3843423597199884,1.4416931824140948
2023-10-20,1.9922592673843147,-0.0017725624668248896,1.9893688356774502,0.0,0.9609590066281917,0.9595081755269467,0.0014508311012450554,0.03904099337180833,0.0,0.0001581824473814434,0.0,True,0,long_short,1.3802166955485566,1.443439478604848
2023-10-23,1.9895582029507783,-0.0013557795803769146,1.991159544086436,0.0,0.9852788391277015,0.9860837118543614,-0.0008048727266599309,0.014721160872298467,0.0010967291275141477,0.0004713507258471555,1.10099201820545,True,0,long_short,1.3652820813641404,1.4572506517941581
2023-10-24,1.995134774504746,0.002802919535451087,2.126735422605708,0.0,0.9299054222498173,0.9958662033372147,-0.06596078108739736,0.07009457775018268,6.790251535036793e-05,0.00016124966611364355,0.06828394422010864,True,0,long_short,1.379923748980171,1.4458297249969392
2023-10-25,1.9984869030294021,0.00168015142009037,2.126572116800801,0.0,0.9313669265251754,0.9954580214316474,-0.06409109490647208,0.06863307347482461,0.0,0.00016330580490674722,0.0,True,0,long_short,1.3864633919391578,1.4414278189013314
2023-10-26,1.9985702423959157,4.170123226088229e-05,2.1264086036650465,0.0,0.9346161587840326,0.9985810665752526,-0.06396490779121994,0.06538384121596741,0.0,0.00016351313575452403,0.0,True,0,long_short,1.3889520225696226,1.438905167291864
2023-10-27,1.9930074627164969,-0.002783379618797044,2.1262445707003113,0.0,0.9474560293124918,1.014308316860984,-0.06685228754849232,0.05254397068750816,0.0,0.00016403296473511844,0.0,True,0,long_short,1.4001381235993935,1.4234363232628717
2023-10-30,2.002978827098538,0.005003174633601226,1.9990490471435407,0.0,1.0032856775339265,1.0013237097378467,0.0019619677960797353,0.0,0.001016654105110037,0.00049845798369847,1.0166207084850611,True,0,long_short,1.401814428962934,1.4288473464924647
2023-10-31,2.001004546789048,-0.0009856720813917752,1.998884200826581,0.0,0.9935245662877021,0.9924649255358261,0.0010596407518760319,0.006475433712297862,0.0,0.00016484631695972622,0.0,True,0,long_short,1.3943046658463218,1.4351271969490744
2023-11-01,2.0021068899599057,0.0005508948855845741,1.9987209739639626,0.0,0.9894402856627804,0.9877491092261363,0.00169117643664405,0.010559714337219583,0.0,0.00016322686261856234,0.0,True,0,long_short,1.3897034942015685,1.4406719838537814
2023-11-02,2.0074511365989,0.0026693113468589935,1.9985584331998147,0.0,0.986874146775535,0.9824442987772662,0.004429847998268755,0.013125853224465023,0.0,0.00016254076414795124,0.0,True,0,long_short,1.3874554477093912,1.446858088245706
2023-11-03,2.0017703278416743,-0.0028298615361816992,1.9983963338361797,0.0,0.9983799409708822,0.9966944359163976,0.0016855050544846404,0.0016200590291177708,0.0,0.0001620993636349753,0.0,True,0,long_short,1.3920990753785485,1.437951050500727
2023-11-06,1.998199511624204,-0.0017838291275505958,2.004741483154929,0.0,1.0085291350794001,1.0118030681840118,-0.0032739331046116177,0.0,0.0009664934959224046,0.0004919556199912619,0.9637429846953731,True,0,long_short,1.4020567821022383,1.4251915736451926
2023-11-07,1.994990654918144,-0.001605874031793575,2.004575309094926,0.0,1.0107530849396145,1.0155574453776715,-0.004804360438056865,0.0,0.0,0.00016617406000316414,0.0,True,0,long_short,1.4039174173717315,1.4210170984650639
2023-11-08,1.998701555903243,0.0018601094576311539,2.004408786277414,0.0,1.0082602770934672,1.0111157461139995,-0.002855469020532174,0.0,0.0,0.00016652281751186281,0.0,True,0,long_short,1.4023217784545583,1.4252802649231695
2023-11-09,2.005901108249473,0.0036021147454283753,2.0042426833775546,0.0,1.0057704332138733,1.0049436602163921,0.000826772997481201,0.0,0.0,0.00016610289985942347,0.0,True,0,long_short,1.4017362391179902,1.4310118068372404
2023-11-10,2.0044831163389687,-0.0007069101785092125,2.004076999739054,0.0,1.006277451442648,1.0060748472916807,0.00020260415096742007,0.0,0.0,0.0001656836385005213,0.0,True,0,long_short,1.3995504614616052,1.4322335432233066
2023-11-13,2.004164069308648,-0.0001591667336680036,2.0027594208873816,0.0,0.996849802078088,0.9961489370926425,0.0007008649854455908,0.003150197921911957,0.0009078071699323984,0.0004972586412746663,0.9061456485591938,True,0,long_short,1.399560721667503,1.4319950812286242
2023-11-14,2.007437987378611,0.001633557910801109,2.0025953294429377,0.0,0.9985949635246929,0.9961826060988992,0.0024123574257936932,0.0014050364753070976,0.0,0.00016409144444392396,0.0,True,0,long_short,1.4031436563269737,1.430671747918888
2023-11-15,2.0070234209723448,-0.0002065151745022087,2.002430964390402,0.0,1.0046997972793097,1.0024116044590596,0.0022881928202499956,0.0,0.0,0.000164365052535514,0.0,True,0,long_short,1.4075056590342527,1.4259434113745915
2023-11-16,2.007303387849003,0.0001394935772709438,2.00226560574101,0.0,0.9982781721127122,0.9957684458110038,0.0025097263017084042,0.0017218278872878079,0.0,0.00016535864939209308,0.0,True,0,long_short,1.4002548776665038,1.4335271527096074
2023-11-17,2.0097040847304495,0.0011959810838653162,2.002101320038973,0.0,0.9960152597677019,0.9922322328289391,0.0037830269387626922,0.003984740232298112,0.0,0.00016428570203749844,0.0,True,0,long_short,1.3981487050558756,1.4374036734884603
2023-11-20,2.010180241771099,0.00023692893111348923,2.009111000259401,0.0,1.0025479514014803,1.00201603814839,0.0005319132530902019,0.0,0.0005760245956204076,0.0004916942066262411,0.5732480615104358,True,0,long_short,1.4021618607626376,1.4336292392646879
2023-11-21,2.005881081294985,-0.002138694026922794,2.008945446875141,0.0,0.9986426112647061,1.0001703018186137,-0.0015276905539074348,0.0013573887352938963,0.0,0.00016555338425947803,0.0,True,0,long_short,1.4000174777300463,1.432754314287041
2023-11-22,2.0096475441018784,0.0018777099210993686,2.008780551859813,0.0,0.9899729367808202,0.9895415217077593,0.00043141507306084436,0.010027063219179788,0.0,0.00016489501532803165,0.0,True,0,long_short,1.3891692558944881,1.446654203996088
2023-11-23,2.0168342329204365,0.0035760941462847917,2.0086171028442883,0.0,0.9884481811187087,0.984373909697676,0.00407427142103267,0.01155181888129131,0.0,0.00016344901552494526,0.0,True,0,long_short,1.3885840703581236,1.452439413625337
2023-11-24,2.0164352755533397,-0.00019781366291038438,2.008453925940255,0.0,0.983878551678742,0.9799204035001974,0.00395814817854468,0.016121448321257947,0.0,0.00016317690403331537,0.0,True,0,long_short,1.3836153003020746,1.4573669972521308
2023-11-27,2.0109290049240114,-0.002730695448589171,2.0093805412013634,0.0,1.0013997232538547,1.0006296991909185,0.0007700240629362145,0.0,0.0011328435633727613,0.00048721957862110524,1.1269196932059455,True,0,long_short,1.3840876235735662,1.452891399846498
2023-11-28,2.003566015525797,-0.0036614864971290517,2.009215155287504,0.0,1.0075363724566506,1.0103559150711348,-0.002819542614484192,0.0,0.0,0.00016538591385956765,0.0,True,0,long_short,1.3865076169645782,1.4450450837854885
2023-11-29,2.003186723449416,-0.00018930849966614094,2.009048773251201,0.0,1.0047529511244697,1.007679313271924,-0.0029263621474541293,0.0,0.0,0.00016638203630317758,0.0,True,0,long_short,1.382664992955838,1.4487867514220036
2023-11-30,2.0004769573031043,-0.0013527276886327044,2.0088828634028304,0.0,1.002045383932699,1.00624733490696,-0.004201950974260877,0.0,0.0,0.00016590984837048842,0.0,True,0,long_short,1.3801572571143914,1.4494558116411072
2023-12-01,1.995258997424979,-0.0026083579013875813,2.0087174134351455,0.0,1.0047069707518188,1.011452168256271,-0.006745197504452075,0.0,0.0,0.00016544996768457805,0.0,True,0,long_short,1.383318461931452,1.4423714078384438
2023-12-04,1.9984194614178012,0.001583986839252871,1.9925682192453018,0.0,0.9977930165143464,0.9948650815710245,0.002927934943321871,0.002206983485653624,0.0008494256564656404,0.0004976159274686289,0.8522304983484774,True,0,long_short,1.3823101313518635,1.4457099142168615
2023-12-05,2.0028709808813314,0.00222752007247351,1.9924048090200555,0.0,0.9909369596046984,0.9857113749508779,0.00522558465382045,0.009063040395301591,0.0,0.00016341022524629125,0.0,True,0,long_short,1.3756307373125478,1.455965562963626
2023-12-06,2.001787240247766,-0.0005410935821180685,1.9922425416741585,0.0,0.9899873402913644,0.9852192518643315,0.004768088427032893,0.01001265970863563,0.0,0.0001622673458970206,0.0,True,0,long_short,1.3772858146638862,1.45342906964905
2023-12-07,2.0057198190593595,0.001964533858806572,1.9920804430993178,0.0,0.9888130166355112,0.9820127767264105,0.0068002399091006225,0.011186983364488756,0.0,0.00016209857484069605,0.0,True,0,long_short,1.3780680669135248,1.4554577289869242
2023-12-08,2.002544223573694,-0.0015832697346306324,1.9919185546755767,0.0,0.9914478101458188,0.9861417256294155,0.005306084516403308,0.008552189854181158,0.0,0.00016188842374106923,0.0,True,0,long_short,1.3803861658459682,1.450713049088287
2023-12-11,2.0024058789138506,-6.908444678266346e-05,2.004792207166054,0.0,1.0015430621235668,1.0027347926699723,-0.0011917305464054706,0.0,0.0012008545159998719,0.00048693511634404456,1.1972668689022665,True,0,long_short,1.382700019175971,1.4481853266388158
2023-12-12,2.0010793358196866,-0.0006624746302099638,2.004627175765191,0.0,1.001958814375026,1.0037317775364547,-0.0017729631614287799,0.0,0.0,0.00016503140086305317,0.0,True,0,long_short,1.3830124247555418,1.4468990299732072
2023-12-13,2.0021592402353745,0.0005396609701360244,2.004462089717076,0.0,0.9979814886184682,0.9991316715986347,-0.0011501829801664001,0.0020185113815317512,0.0,0.00016508604811510375,0.0,True,0,long_short,1.378097432330404,1.452843023478872
2023-12-14,2.0029168559192057,0.00037839931440331043,2.0042976715766514,0.0,0.9960722821607745,0.9967616845457835,-0.0006894023850090172,0.00392771783922552,0.0,0.0001644181404249059,0.0,True,0,long_short,1.375893964663851,1.455720358805807
2023-12-15,1.9996344304215552,-0.0016388226440603448,2.004133581375612,0.0,0.9931225062153208,0.9953724929557014,-0.002249986740380592,0.006877493784679167,0.0,0.0001640902010392744,0.0,True,0,long_short,1.3725930087664615,1.4568298232981756
2023-12-18,2.012482421956737,0.006425170190970109,1.999870301258052,0.0,0.9895823350411816,0.9833153880303243,0.006266947010857396,0.010417664958818351,0.0006629619042160358,0.0004907789033446251,0.6627851847542725,True,0,long_short,1.3665621304999127,1.4726607572687056
2023-12-19,2.0153720346850617,0.001435844952879295,1.9997076515374779,0.0,0.9833066688679705,0.9755342164978891,0.0077724523700813475,0.016693331132029532,0.0,0.00016264972057402152,0.0,True,0,long_short,1.3624576943406828,1.4792180653068538
2023-12-20,2.0173495177537535,0.000981200014021688,1.9995460572049732,0.0,0.9801877980816722,0.9713626240639325,0.00882517401773971,0.019812201918327776,0.0,0.00016159433250478752,0.0,True,0,long_short,1.3591156976197032,1.4843103653992464
2023-12-21,2.015819164408256,-0.0007585960350597887,1.9993849960059689,0.0,0.986628477600987,0.9784758770639684,0.008152600537018623,0.013371522399012958,0.0,0.0001610611990043338,0.0,True,0,long_short,1.3629445234205122,1.4790177661444779
2023-12-22,2.013170530393377,-0.001313924414274803,1.9992228784367994,0.0,0.9872474191562131,0.9803192172249776,0.006928201931235383,0.012752580843786943,0.0,0.00016211756916959373,0.0,True,0,long_short,1.362950184223766,1.477068313791621
2023-12-25,2.0191942062743227,0.0029921339449414663,2.014098992319231,0.0,0.9950820527129105,0.9925586629670113,0.0025233897458992387,0.004917947287089497,0.0010880819181074168,0.00048662870757426444,1.0798817956086872,True,0,long_short,1.3609253856599115,1.4836920727253664
2023-12-26,2.019844931476196,0.00032226974495652705,2.0139342661245747,0.0,0.9866126852571068,0.98368638865903,0.002926296598076856,0.01338731474289323,0.0,0.0001647261946561954,0.0,True,0,long_short,1.355072468895655,1.490580745930372
2023-12-27,2.020249813803308,0.00020045218363162753,2.0137709597711804,0.0,0.9924875454777053,0.9892805886014513,0.003206956876254019,0.007512454522294654,0.0,0.00016330635339411494,0.0,True,0,long_short,1.3603550597320884,1.4850900868492236
2023-12-28,2.0104593324455746,-0.004846173622113481,2.013606691777351,0.0,1.0069882512703312,1.0085537439321242,-0.0015654926617930263,0.0,0.0,0.00016426799382914867,0.0,True,0,long_short,1.3747518976073907,1.4624161173696615
2023-12-29,2.017590611689018,0.003547089527430769,2.013440035096248,0.0,1.013479611961704,1.0114224173213624,0.002057194640341597,0.0,0.0,0.00016665668110366552,0.0,True,0,long_short,1.3826306743361116,1.4592404531006016
2024-01-02,2.0237645310363632,0.0030600456364022754,2.0173137481720467,0.0,0.9990356050831565,0.9958480885685682,0.003187516514588257,0.0009643949168435251,0.000706785489309568,0.0006708941502376085,0.700474031378883,True,0,long_short,1.384412765960458,1.461821633544635
2024-01-03,2.0238632272557084,4.876862788716352e-05,2.0171481019769826,0.0,0.9931297013305095,0.989811727473239,0.003317973857270488,0.0068702986694905155,0.0,0.00016564619506400768,0.0,True,0,long_short,1.3778819680065553,1.4688219123614221
2024-01-04,2.028137859608835,0.002112115233657841,2.0169834518216017,0.0,0.9893213595887228,0.9838215323780691,0.005499827210653683,0.010678640411277196,0.0,0.00016465015538133184,0.0,True,0,long_short,1.3747840934258968,1.4752409991555921
2024-01-05,2.027977556901241,-7.903935466446743e-05,2.016819452449252,0.0,0.9831184866593183,0.9776164018783416,0.005502084780976682,0.016881513340681664,0.0,0.00016399937234912393,0.0,True,0,long_short,1.3715935231919572,1.478555798500531
2024-01-08,2.0304946841308533,0.0012412007327431418,2.024803083037445,0.0,0.9843177547601437,0.9815146934480947,0.002803061312049034,0.015682245239856285,0.0009770653781718923,0.000488856358915353,0.9646312102881102,True,0,long_short,1.361612111854642,1.491243112816565
2024-01-09,2.0330529148652046,0.0012599051621975388,2.024639278075737,0.0,0.9871346468438035,0.9829962219518843,0.0041384248919192675,0.012865353156196524,0.0,0.00016380496170761755,0.0,True,0,long_short,1.3642312947601483,1.490255298111047
2024-01-10,2.0334997199773373,0.0002197705277939832,2.0244750191715446,0.0,0.9829557492231585,0.9785177349381637,0.004438014284994802,0.017044250776841463,0.0,0.00016425890419239137,0.0,True,0,long_short,1.3629140966030229,1.4920233968125405
2024-01-11,2.028471092041851,-0.002472893350357719,2.024311472688806,0.0,0.9921636762820333,0.9901130582725558,0.002050618009477368,0.00783632371796672,0.0,0.0001635464827388724,0.0,True,0,long_short,1.3681690910235935,1.4826172476417032
2024-01-12,2.031562532426132,0.0015240248660230993,2.024146397424431,0.0,0.9925732826532162,0.988922824011983,0.0036504586412332133,0.0074267173467837955,0.0,0.00016507526437471465,0.0,True,0,long_short,1.371527362553928,1.481240978410485
2024-01-15,2.0338538566021254,0.001127862982025496,2.025694178101259,0.0,0.9961975965544205,0.9921856669487712,0.004011929605649289,0.003802403445579472,0.0012104166817883694,0.0004953843016579199,1.1943499313226695,True,0,long_short,1.3693992543306914,1.4852161268308806
2024-01-16,2.041302160335896,0.003662162701411731,2.025528318322203,0.0,0.989411198580833,0.9816838555543121,0.007727343026520906,0.01058880141916696,0.0,0.0001658597790566392,0.0,True,0,long_short,1.3662805055380347,1.4940578834739657
2024-01-17,2.035478755828907,-0.0028527890775517095,2.0253636131132895,0.0,0.9781796141486845,0.9732101971569073,0.0049694169917771334,0.021820385851315516,0.0,0.00016470520891314158,0.0,True,0,long_short,1.3543758362952307,1.5028906314489263
2024-01-18,2.034989642905729,-0.00024029379907675175,2.025200795413459,0.0,0.9768722327446587,0.9720619637949395,0.004810268949719257,0.02312776725534127,0.0,0.00016281769983032438,0.0,True,0,long_short,1.3525169700267543,1.504594535967615
2024-01-19,2.0414861702033935,0.003192412954194923,2.0250382088905616,0.0,0.9721486244152214,0.9640917678207959,0.008056856594425586,0.02785137558477857,0.0,0.00016258652289742235,0.0,True,0,long_short,1.351256026101964,1.5108063392639004
2024-01-22,2.0258759452262014,-0.007646500478441509,2.0417237598167177,0.0,0.9787824789310035,0.9866051763808943,-0.007822697449890873,0.021217521068996548,0.0013700827427023821,0.00048530466020048937,1.3411843491105189,True,0,long_short,1.3325106299271101,1.5203450537103926
2024-01-23,2.0377345125740423,0.005853550596611967,2.0415594798418466,0.0,0.9792529719188925,0.9811300404203099,-0.0018770685014175017,0.02074702808110751,0.0,0.00016427997487115405,0.0,True,0,long_short,1.334365250593146,1.5271189890985528
2024-01-24,2.047305242353812,0.004696750101994329,2.0413951552491327,0.0,0.9737865115283196,0.9708997475116924,0.0028867640166272512,0.02621348847168037,0.0,0.0001643245927140518,0.0,True,0,long_short,1.3343472067827746,1.5343122329382621
2024-01-25,2.044029839475239,-0.0015998605439053737,2.0412317803332796,0.0,0.9930238500821048,0.9916549565914508,0.0013688934906540156,0.006976149917895191,0.0,0.00016337491585320657,0.0,True,0,long_short,1.3507992700394205,1.513200284314329
2024-01-26,2.0324363492981066,-0.005671879124870882,2.0410651798684794,0.0,0.9967989817456595,1.001044541796459,-0.004245560050799582,0.003201018254340493,0.0,0.00016660046480025605,0.0,True,0,long_short,1.353743949132022,1.5013447340623318
2024-01-29,2.0254797466355465,-0.003422789926465497,2.030998899153594,0.0,0.9869876840784116,0.9897125459424788,-0.0027248618640670964,0.013012315921588358,0.0009688279707670009,0.0005016721596197896,0.9535859825274738,True,0,long_short,1.3440777737759044,1.5069661787095745
2024-01-30,2.0216795226532924,-0.0018762093220466847,2.030834133998789,0.0,0.9775597794985795,0.982088000338192,-0.004528220839612387,0.02244022050142047,0.0,0.00016476515480528167,0.0,True,0,long_short,1.3352087102779666,1.514129968664161
2024-01-31,2.0292398851992974,0.0037396444200425982,2.03067094491388,0.0,0.9659642985865253,0.9666695181739287,-0.0007052195874032742,0.03403570141347467,0.0,0.00016318908490908839,0.0,True,0,long_short,1.3276947015589144,1.528393449801873
2024-02-01,2.0321408850829417,0.001429599282373406,2.030509717159736,0.0,0.96689237635119,0.9660896918841929,0.0008026844669970749,0.033107623648810036,0.0,0.00016122775414396625,0.0,True,0,long_short,1.3282880244999566,1.5298947574626787
2024-02-02,2.025149826573495,-0.0034402430268319906,2.0303483557601574,0.0,0.96075266468186,0.9633196496616618,-0.002566984979801868,0.03924733531813995,0.0,0.0001613613995782233,0.0,True,0,long_short,1.3237317854810304,1.5298792767430422
2024-02-05,2.0349221538109505,0.0048254835811285535,2.022759336575646,0.0,0.9874939887526685,0.9815169457426811,0.0059770430099873,0.012506011247331528,0.0014227348669846257,0.00048103560528833935,1.4057380381505367,True,0,long_short,1.3121009575956306,1.5508883992736802
2024-02-06,2.067515361723808,0.016016931090861553,2.022595174062449,0.0,1.0080900631755787,0.9863634107438857,0.021726652431692944,0.0,0.0,0.0001641625131972035,0.0,True,0,long_short,1.3310717245000272,1.5532711901760226
2024-02-07,2.06291940434643,-0.002222937474837261,2.0224275585963705,0.0,1.0139789154039462,0.9943504967343918,0.019628418669554604,0.0,0.0,0.00016761546607851563,0.0,True,0,long_short,1.3333264931960684,1.547197490542231
2024-02-08,2.064362087942067,0.0006993407462245749,2.022258961478472,0.0,1.022529987811999,1.0021347641690543,0.02039522364294487,0.0,0.0,0.00016859711789875793,0.0,True,0,long_short,1.3418608617016234,1.5384322971639806
2024-02-19,2.0718242070891772,0.0036147336703655775,2.059576354243105,0.0,0.9964991365922333,0.9905875091461578,0.005911627446075532,0.0035008634077666745,0.001642299606003693,0.0018703939032125717,1.593522941330724,True,0,long_short,1.3467528571135423,1.538384861146432
2024-02-20,2.089982083525608,0.008764197451839983,2.059407670146062,0.0,0.9994394316737167,0.9848104003434722,0.014629031330244605,0.0005605683262832617,0.0,0.0001686840970429464,0.0,True,0,long_short,1.356997142001957,1.5401521630637258
2024-02-21,2.0968267833682233,0.00327500407614445,2.059238500056277,0.0,1.0030355441059622,0.9851092739867076,0.017926270119254503,0.0,0.0,0.00016917008978527712,0.0,True,0,long_short,1.3651897395110624,1.5359233392123164
2024-02-22,2.1028762229879816,0.002885044996440156,2.0590687244252983,0.0,1.003827747667723,0.9829955664466921,0.02083218122103114,0.0,0.0,0.0001697756309786099,0.0,True,0,long_short,1.368086301776006,1.5370932522737013
2024-02-23,2.100961341190569,-0.00091060128812126,2.058898824315382,0.0,1.0058669935618811,0.9858463886842341,0.020020604877646862,0.0,0.0,0.0001699001099164398,0.0,True,0,long_short,1.3702006117913117,1.533323896596359
2024-02-26,2.1012770296300625,0.00015025904251753097,2.1015161673787315,0.0,0.9972592967145549,0.99737310262653,-0.00011380591197509466,0.0027407032854450675,0.0008904102933301333,0.0005107130509260595,0.847039105362827,True,0,long_short,1.3669268985095813,1.5372270689245888
2024-02-27,2.101627692566452,0.0001668808688453094,2.1013439133630727,0.0,1.000211298778335,1.0000762704836552,0.00013502829467978576,0.0,0.0,0.00017225401565917764,0.0,True,0,long_short,1.3704542865371239,1.5335263008858644
2024-02-28,2.0899996981094286,-0.005532851750170598,2.101171163665698,0.0,0.982137396255555,0.9874825958583944,-0.0053451996028394295,0.017862603744445038,0.0,0.00017274969737482413,0.0,True,0,long_short,1.3550890975052132,1.5423337859903254
2024-02-29,2.083354219109304,-0.0031796554832693724,2.101001533118254,0.0,0.99816702795484,1.0066376537596518,-0.008470625804811649,0.0018329720451599751,0.0,0.00016963054744375554,0.0,True,0,long_short,1.3638909389645117,1.5275079257370978
2024-03-01,2.0704599466494837,-0.006189188733029094,2.10082916192896,0.0,1.0078575942821404,1.0225254536283794,-0.014667859346239057,0.0,0.0,0.0001723711892937913,0.0,True,0,long_short,1.3672230292797973,1.5143542072577036
2024-03-04,2.0550177767029814,-0.007458328267345604,2.047918724792713,0.0,0.9933004405535008,0.9898459439594823,0.0034544965940183823,0.006699559446499248,0.0010952100914280271,0.0005220241634384762,1.0690118527573154,True,0,long_short,1.364829217103834,1.5056959148806373
2024-03-05,2.045686977870469,-0.00454049543429369,2.047751534298656,0.0,0.988392153888804,0.9894013779052445,-0.0010092240164405648,0.01160784611119603,0.0,0.0001671904940575955,0.0,True,0,long_short,1.3592239604819325,1.5050404034557638
2024-03-06,2.049418410938889,0.001824048893493968,2.047585177681012,0.0,0.990144621985767,0.9892501080846077,0.0008945139011593343,0.009855378014232974,0.0,0.00016635661764393347,0.0,True,0,long_short,1.3603150803091082,1.5065762635471143
2024-03-07,2.0483709182119454,-0.0005111170668480325,2.0474185431014615,0.0,0.9875374407259712,0.9870724980234478,0.00046494270252336493,0.01246255927402884,0.0,0.00016663457955056556,0.0,True,0,long_short,1.3586182545337728,1.5076868806792751
2024-03-08,2.043274616327623,-0.0024879780507580662,2.047252360312493,0.0,0.9922277660531099,0.9941745156251371,-0.0019467495720272357,0.007772233946890084,0.0,0.0001661827889686067,0.0,True,0,long_short,1.3609593504794346,1.5013487475638596
2024-03-11,2.044805217275388,0.0007490921364823322,2.0428104172885715,0.0,1.0040066973853923,1.0030311521500987,0.0009755452352935891,0.0,0.0007480853526267641,0.0005008861361038321,0.7321398938761979,True,0,long_short,1.3662182367022426,1.4966900326342507
2024-03-12,2.042103668314168,-0.0013211766765831578,2.04264184167216,0.0,1.0060281772420863,1.0062917159479523,-0.0002635387058661176,0.0,0.0,0.00016857561641147388,0.0,True,0,long_short,1.3655074520936836,1.495490680173941
2024-03-13,2.047981305652117,0.0028782267174520815,2.042472941507404,0.0,1.0043355322830405,1.0016458768015621,0.002689655481478374,0.0,0.0,0.00016890016475601145,0.0,True,0,long_short,1.3658453312878964,1.4994240260872103
2024-03-14,2.045829955717167,-0.0010504734242506863,2.042304337230919,0.0,1.0021226222102362,1.0003993027933922,0.0017233194168439646,0.0,0.0,0.00016860427648546214,0.0,True,0,long_short,1.364264905779468,1.4995840962047537
2024-03-15,2.05459367927763,0.004283700869650575,2.042136119680672,0.0,1.0022578275844558,0.9961945559397489,0.0060632716447068,0.0,0.0,0.00016821755024657182,0.0,True,0,long_short,1.368710405334741,1.501116431401093
2024-03-18,2.054381856216851,-0.00010309729992619143,2.0523135854106878,0.0,1.0040009792486746,1.00299421860196,0.001006760646714567,0.0,0.0010910045374179407,0.0005046842559364751,1.0626298808901686,True,0,long_short,1.3751371860288546,1.493946841878032
2024-03-19,2.0564533531800366,0.0010083310251778332,2.0521442265237355,0.0,1.0045698329136703,1.0024744162344454,0.002095416679224963,0.0,0.0,0.0001693588869522957,0.0,True,0,long_short,1.3764303257721513,1.4940482744932297
2024-03-20,2.0549857855367812,-0.0007136401324085995,2.0519747847258114,0.0,1.0103000209387283,1.0088348035965153,0.0014652173422129633,0.0,0.0,0.00016944179792404313,0.0,True,0,long_short,1.3813173679812232,1.4876999545297223
2024-03-21,2.055727804951929,0.0003610825049837896,2.051804389560221,0.0,1.00866270224234,1.0067541736023826,0.0019085286399575345,0.0,0.0,0.0001703951655900517,0.0,True,0,long_short,1.3826975425745476,1.4867516153418603
2024-03-22,2.06081277116928,0.002473560072059122,2.051634284419337,0.0,1.0035946445544242,0.9991408257124849,0.0044538188419392995,0.0,0.0,0.00017010514088431388,0.0,True,0,long_short,1.3781487333598919,1.495348594302351
2024-03-25,2.0689799721463773,0.003963097032081864,2.0608539203168084,0.0,0.9928210813442199,0.9888935170666696,0.003927564277550259,0.007178918655780131,0.0011677917759175896,0.0005077090291623061,1.1326668085685758,True,0,long_short,1.374606485723808,1.5051434673370847
2024-03-26,2.0611362675944327,-0.0037910973801295045,2.060685755860803,0.0,0.9907857642530549,0.9905671897993843,0.0002185744536705325,0.009214235746945132,0.0,0.0001681644560051779,0.0,True,0,long_short,1.3714392663032902,1.502900141652075
2024-03-27,2.0399685766967472,-0.010269913363074368,2.0605179453983054,0.0,0.9846496793208618,0.9947230544386456,-0.010073375117783806,0.015350320679138219,0.0,0.00016781046249736512,0.0,True,0,long_short,1.3636167438069045,1.495998480483324
2024-03-28,2.0508142079700384,0.0053165678124575955,2.0603511615265053,0.0,0.9877003352601565,0.9923506607354744,-0.004650325475317839,0.012299664739843452,0.0,0.000166783871800327,0.0,True,0,long_short,1.3672934355202668,1.4999078871388614
2024-03-29,2.061207118874249,0.005067699874430787,2.0601838908277936,0.0,0.988032018792924,0.9875355970422487,0.000496421750675271,0.011967981207075984,0.0,0.00016727069871162463,0.0,True,0,long_short,1.3713833658711587,1.503013067075439
2024-04-01,2.0740878280277126,0.006249109580263035,2.0619465907148187,0.0,1.0017284146925531,0.9958746426637961,0.005853772028757047,0.0,0.001048861331690995,0.0005019079075311489,1.0168333920954742,True,0,long_short,1.379445057305019,1.503566827141196
2024-04-02,2.061365115648946,-0.006134124219254966,2.061776821004578,0.0,1.000545450157869,1.0007451747736136,-0.00019972461574439498,0.0,0.0,0.0001697697102403091,0.0,True,0,long_short,1.3800850818729051,1.493650748583906
2024-04-03,2.058536294881486,-0.0013723045694258307,2.0616072674818713,0.0,1.0020859277748482,1.0035777511680142,-0.0014918233931660403,0.0,0.0,0.00016955352270676721,0.0,True,0,long_short,1.3819159979253155,1.4896247658844586
2024-04-08,2.0591446393453126,0.0002955228262622178,2.053379212120639,0.0,0.9921150429978074,0.9893151293275823,0.0027999136702251595,0.007884957002192605,0.0009460286246740659,0.0008490005036362591,0.9210115379109542,True,0,long_short,1.3780015524752924,1.494297764502869
2024-04-09,2.065682292117453,0.003174936159034969,2.053211775714186,0.0,0.9968058679047441,0.9907688715811304,0.006036996323613785,0.003194132095255875,0.0,0.00016743640645299496,0.0,True,0,long_short,1.383392406173955,1.4932005430263315
2024-04-10,2.069338055382565,0.0017697606640971753,2.05304356088841,0.0,0.993013610120706,0.9851393556209297,0.00787425449977634,0.006986389879294008,0.0,0.00016821482577586286,0.0,True,0,long_short,1.3810672312374446,1.4983615631285563
2024-04-11,2.0749215702874713,0.0026982130301926865,2.0528760058452504,0.0,0.9956183307156924,0.9849935607205709,0.010624769995121562,0.00438166928430761,0.0,0.00016755504315957103,0.0,True,0,long_short,1.384373140337681,1.4988166917059291
2024-04-12,2.070050325085056,-0.002347676785557029,2.052708023566971,0.0,0.9992136423416271,0.9908359225790063,0.008377719762620814,0.0007863576583728715,0.0,0.00016798227827945545,0.0,True,0,long_short,1.3865755466036243,1.4929228559926524
2024-04-15,2.055306675703724,-0.0071223627767244,2.069275465225663,0.0,0.9981441201886057,1.004940570415264,-0.0067964502266584115,0.0018558798113943453,0.0009480803194012403,0.0005057458085689208,0.915920719229983,True,0,long_short,1.380947292968504,1.4883310073953708
2024-04-16,2.0320396523545563,-0.011320463084274812,2.069105701302672,0.0,0.9903520164364281,1.0085928263070258,-0.018240809870597844,0.009647983563571882,0.0,0.00016976392299123294,0.0,True,0,long_short,1.3706693970607695,1.4825162484199423
2024-04-17,2.0577275515728215,0.01264143600175327,2.068937249197236,0.0,0.996451737727543,1.0018993479400062,-0.005447610212463165,0.00354826227245697,0.0,0.00016845210543585442,0.0,True,0,long_short,1.3834613972136112,1.4873761969197188
2024-04-18,2.0567920977297542,-0.00045460529619290035,2.068767799671853,0.0,0.9964583957211905,1.0022809102841925,-0.005822514563002048,0.0035416042788094515,0.0,0.00016944952538293113,0.0,True,0,long_short,1.3866884088684974,1.4832402755915761
2024-04-19,2.05235899281548,-0.0021553490599108827,2.0685983626754716,0.0,0.993208088809377,1.0011206274621365,-0.007912538652759543,0.006791911190622946,0.0,0.00016943699638174618,0.0,True,0,long_short,1.3839262906808318,1.4829973291466327
2024-04-22,2.0353188312129316,-0.008302719778654488,2.0496829388293683,0.0,0.9997169120474519,1.0067743358751853,-0.007057423827733415,0.00028308795254805563,0.0011695019192619433,0.0005066282275064364,1.140503232728959,True,0,long_short,1.3786497144478558,1.47631324322877
2024-04-23,2.0400144366900355,0.002307061382764042,2.0495145190952924,0.0,0.9978427873319625,1.0024996575160146,-0.004656870184051907,0.002157212668037478,0.0,0.00016841973407578004,0.0,True,0,long_short,1.3773643583090331,1.4811000621466106
2024-04-24,2.0574451626173995,0.008544413026628339,2.1449998624530404,0.0,0.9542772372902414,0.9968322960721031,-0.04255505878186178,0.04572276270975861,4.7850642771798445e-05,0.00016809154307749195,0.04685849450936093,True,0,long_short,1.3810820908459858,1.4897341557424046
2024-04-25,2.0524031260586995,-0.0024506298638287127,1.9497870831736681,0.0,0.9075109544848262,0.857512958680713,0.04999799580411325,0.09248904551517378,0.00019601900893283935,0.00016856940702693237,0.19071945126950193,True,0,long_short,1.3830205621602192,1.4840004423744309
2024-04-26,2.0705385843617514,0.008836206724104123,1.9496424287399394,0.0,0.9151147061253069,0.8567259581276071,0.05838874799769971,0.08488529387469312,0.0,0.000144654433728669,0.0,True,0,long_short,1.3903997730017894,1.4891678095513374
2024-04-29,2.059912718943786,-0.005131933062353822,2.0683231602398715,0.0,1.0074900412290182,1.0115729527129562,-0.004082911483937862,0.0,0.0013256406458376558,0.0004373960924040413,1.2810295594792176,True,0,long_short,1.3936664102794527,1.4780529284125747
2024-04-30,2.0656134906754917,0.0027674821749867906,1.9565040499807023,0.0,0.9023774699579529,0.8495556612375283,0.052821808720424496,0.09762253004204713,0.0002724128410962923,0.00017126728696709092,0.2648242996185528,True,0,long_short,1.3969673661768423,1.4786411914034687
2024-05-06,2.0696129567261234,0.0019362122045998298,2.0694336773350868,0.0,1.0067682129810698,1.006681588382758,8.662459831168897e-05,0.0,0.0013471584244320266,0.0008654072720212485,1.301111543209659,True,0,long_short,1.4093121628726313,1.4685269958272318
2024-05-07,2.067237517503967,-0.0011477697868275127,2.0722942327414153,0.0,0.883676151427361,0.8861222734596056,-0.0024461220322446347,0.116323848572639,0.00026173357795845594,0.000171241747283391,0.2528817299965371,True,0,long_short,1.4146170431218763,1.4613407406302994
2024-05-08,2.0641872776920294,-0.0014755149256482358,2.0721436717653505,0.0,0.878722454954884,0.8825769473060902,-0.003854492351206172,0.12127754504511601,0.0,0.0001505609760650635,0.0,True,0,long_short,1.4119635415966436,1.461926754396118
2024-05-09,2.058008512987585,-0.002993315951134501,2.071993934441552,0.0,0.8901623751848079,0.8969579843213631,-0.006795609136555174,0.1098376248151921,0.0,0.00014973732379836986,0.0,True,0,long_short,1.4231995284550891,1.44604356018976
2024-05-10,2.0589931263186987,0.00047843015463744365,2.07184221275655,0.0,0.8905917162865533,0.8968321870650177,-0.006240470778464429,0.10940828371344669,0.0,0.0001517216850021,0.0,True,0,long_short,1.4239591374917122,1.4459636320362337
2024-05-13,2.04576778632286,-0.006423207453579272,2.0490646232214003,0.0,1.000182621920391,1.0017941620573418,-0.0016115401369507364,0.0,0.0015224273905794848,0.000455318952812442,1.4848697987487338,True,0,long_short,1.4220716134067635,1.4385828161086405
2024-05-14,2.0451821348930737,-0.00028627463669228526,2.0488961762439817,0.0,1.0014187991284889,1.0032347945293594,-0.0018159954008703922,0.0,0.0,0.0001684469774188942,0.0,True,0,long_short,1.4241215317850566,1.4361008447990757
2024-05-15,2.0508647993432167,0.00277856155360956,2.0487275353224303,0.0,0.9960629898510888,0.9950208616613265,0.0010421281897622274,0.003937010148911235,0.0,0.00016864092155133447,0.0,True,0,long_short,1.4209132715409485,1.4433427010778075
2024-05-16,2.061792361114676,0.005328270188731388,2.0485598103969678,0.0,0.9924587308158457,0.9860407466544562,0.006417984161389438,0.00754126918415432,0.0,0.00016772492546246885,0.0,True,0,long_short,1.4219909469603964,1.4499335354573806
2024-05-17,2.0572902948128973,-0.002183569202547919,2.0483927135794993,0.0,0.9932600025003692,0.9889350993713205,0.004324903129048701,0.006739997499630834,0.0,0.00016709681746849062,0.0,True,0,long_short,1.423662652921293,1.445068668895281
2024-05-20,2.0594375725051886,0.0010437407388279585,2.0575061574577984,0.0,1.002585970173326,1.0016481340023364,0.0009378361709894887,0.0,0.0010805980073139263,0.0005016640887459729,1.04984451536489,True,0,long_short,1.429536443897548,1.4406331376136532
2024-05-21,2.061614828030036,0.0010572088000702085,2.0573366096384893,0.0,0.9995530968050442,0.9974779184868736,0.0020751783181706183,0.00044690319495577224,0.0,0.00016954781930910605,0.0,True,0,long_short,1.4269646702192924,1.4447553405181448
2024-05-22,2.0494568763151015,-0.005897295435419392,2.0571675892055534,0.0,0.9999713622031189,1.0037336823473297,-0.0037623201442109743,2.8637796881114674e-05,0.0,0.00016902043293575954,0.0,True,0,long_short,1.4286494667877134,1.4345414490814599
2024-05-23,2.0496371813578227,8.797698785700803e-05,2.056998511761942,0.0,0.99295009203878,0.9965416205644493,-0.003591528525669329,0.007049907961219959,0.0,0.00016907744361171066,0.0,True,0,long_short,1.4203882320391559,1.443011942175342
2024-05-24,2.0418507183654606,-0.0037989469859265323,2.056830631042083,0.0,0.9923715378867506,0.9997079766096627,-0.007336438722912054,0.007628462113249412,0.0,0.000167880719858587,0.0,True,0,long_short,1.418731031886597,1.4392091752939618
2024-05-27,2.036161613112801,-0.0027862493577464065,2.0417843352585865,0.0,1.0052232099488119,1.00798464210114,-0.002761432152328152,0.0,0.0010985330816482874,0.0005033230151168517,1.075473389760035,True,0,long_short,1.4232901013071504,1.4306019631857123
2024-05-28,2.029881211327456,-0.0030844318765755885,2.041615643233804,0.0,1.0051905863923591,1.010971432996025,-0.005780846603665939,0.0,0.0,0.00016869202478248655,0.0,True,0,long_short,1.42187985369654,1.4276038907579014
2024-05-29,2.029561881998586,-0.00015731429360898996,2.0414469732132265,0.0,1.0050191624522988,1.0108751510378435,-0.005855988585544795,0.0,0.0,0.00016867002057759664,0.0,True,0,long_short,1.420696392016286,1.4285683369112971
2024-05-30,2.025629463988587,-0.0019375698986456857,2.0412783457879655,0.0,1.0075669364189772,1.0152923778570995,-0.007725441438122188,0.0,0.0,0.00016862742526076472,0.0,True,0,long_short,1.4207607836532985,1.4257357658619692
2024-05-31,2.02844479332406,0.0013898540604408982,2.0411093096656243,0.0,1.006762732412566,1.0130061936017714,-0.006243461189205255,0.0,0.0,0.0001690361223411266,0.0,True,0,long_short,1.4196448978118874,1.4288395615343823
2024-06-03,2.0221725393180643,-0.0030921492301091424,2.0311395990453773,0.0,0.9933649880341231,0.9977993572845022,-0.004434369250379076,0.0066350119658769025,0.0010873430532271106,0.0005066697055109272,1.070100027415494,True,0,long_short,1.4075905710830603,1.4366198387945426
2024-06-04,2.011032825950707,-0.005508784809783784,2.0309737588431815,0.0,0.9989222675555939,1.0088380345361987,-0.009915766980604781,0.001077732444406121,0.0,0.000165840202195885,0.0,True,0,long_short,1.4107846793190337,1.425471126409882
2024-06-05,2.0100752740377654,-0.000476149320182917,2.0308070076319336,0.0,0.9970624310073108,1.00737634007427,-0.010313909066959002,0.0029375689926891546,0.0,0.00016675121124821004,0.0,True,0,long_short,1.4076712375294274,1.4279436991023586
2024-06-06,2.0083005594935988,-0.0008829094945292937,2.030640577308139,0.0,0.9937523752463955,1.0048762170981216,-0.011123841851726216,0.006247624753604519,0.0,0.00016643032379457114,0.0,True,0,long_short,1.4027636749085604,1.431674198167778
2024-06-07,2.0037874735442696,-0.002247216397961438,2.030474706612055,0.0,0.9970099093455645,1.0103283043451008,-0.013318394999536373,0.002990090654435451,0.0,0.00016587069608383303,0.0,True,0,long_short,1.4048114704856332,1.4263746528575645
2024-06-11,2.0080865045969074,0.0021454526038302557,2.0031778299612997,0.0,1.002085485797851,0.9996410320233892,0.002444453774461934,0.0,0.0007466047885374502,0.0006655835179443075,0.7451426566697398,True,0,long_short,1.4067326055899017,1.4274827331202955
2024-06-12,2.024523167800054,0.00818523662477677,2.003012841002463,0.0,1.001998839578048,0.9913739541039215,0.010624885474126464,0.0,0.0,0.0001649889588367802,0.0,True,0,long_short,1.410483949146174,1.435339387609185
2024-06-13,2.0283226941075485,0.0018767512113100349,2.002847877204816,0.0,0.9985575405782067,0.985997992249561,0.012559548328645639,0.0014424594217933295,0.0,0.00016496379764687147,0.0,True,0,long_short,1.4054564482563663,1.443177194586087
2024-06-14,2.0246555618153885,-0.0018079629552107956,2.002683500045581,0.0,0.9990632484233846,0.9882110016589492,0.01085224676443543,0.0009367515766154355,0.0,0.00016437715923487092,0.0,True,0,long_short,1.4062517911135295,1.4397532323938809
2024-06-17,2.0296996704001913,0.0024913415792460203,2.021129117855629,0.0,0.9938792957209166,0.9896567239436487,0.004222571777267953,0.0061207042790834,0.000594548905382389,0.0004933447152548912,0.5881604050615995,True,0,long_short,1.4020436914947139,1.447672196460822
2024-06-18,2.03539635558835,0.0028066640948094523,2.020964018738391,0.0,0.9923069412974772,0.9852162649236428,0.007090676373834473,0.0076930587025227926,0.0,0.00016509911723817177,0.0,True,0,long_short,1.4036563128216488,1.450067468080394
2024-06-19,2.026489382803924,-0.004376038485070177,2.020799199100438,0.0,0.9891624129551068,0.9863545108995763,0.002807902055530502,0.010837587044893238,0.0,0.00016481963795276288,0.0,True,0,long_short,1.397390511220066,1.450195465428336
2024-06-20,2.009563163469919,-0.00835248359928975,2.0206349111324364,0.0,0.9791071013393652,0.984616630904686,-0.005509529565320864,0.020892898660634818,0.0,0.00016428796800154095,0.0,True,0,long_short,1.3832597310976933,1.452773559651895
2024-06-21,2.0054388314186973,-0.002052352534219426,2.0204722824218933,0.0,0.9753656348295673,0.982861974666849,-0.007496339837281738,0.024634365170432715,0.0,0.00016262871054295187,0.0,True,0,long_short,1.3752818903120307,1.4582020206517032
2024-06-24,1.9923728558316096,-0.006515270065776457,2.004266074914769,0.0,0.9889536764802567,0.9949230506605703,-0.0059693741803136585,0.011046323519743328,0.0007587850122059708,0.00048601715422728306,0.7568833956837886,True,0,long_short,1.3557514114859115,1.4695709249883482
2024-06-25,1.9890998645255213,-0.001642760438392954,2.0041031496260198,0.0,0.9924370890396459,0.9999798400940669,-0.007542751054421079,0.007562910960354108,0.0,0.00016292528874881898,0.0,True,0,long_short,1.3613350862954077,1.461139057201887
2024-06-26,2.0248110820382825,0.017953456309384164,2.0039396652618175,0.0,1.0030927180973772,0.9927848839682522,0.010307834129125145,0.0,0.0,0.00016348436420213927,0.0,True,0,long_short,1.3804095166593902,1.4668191269344135
2024-06-27,2.016518665639124,-0.00409540251568119,2.003774443193176,0.0,0.996562630061542,0.9902427171030829,0.0063199129584591,0.0034373699384580014,0.0,0.00016522206864156224,0.0,True,0,long_short,1.376698152526098,1.4647500339410071
2024-06-28,2.0299884394213743,0.006679716886221598,2.00361031911735,0.0,0.997298569163833,0.9843043472304592,0.012994221933373835,0.002701430836167029,0.0,0.00016412407582615634,0.0,True,0,long_short,1.3816651535811304,1.469233290106404
2024-07-01,2.034441656593816,0.0021937155335283176,2.0274407966885137,0.0,0.9993348345393697,0.9958936643870521,0.003441170152317525,0.0006651654606303348,0.0008727683540574971,0.0004926887126506934,0.860585236029991,True,0,long_short,1.388584424158327,1.4651191682687692
2024-07-02,2.048811844500613,0.007063455400759366,2.0272742689441547,0.0,0.9953105091647255,0.984798281985705,0.010512227179020487,0.004689490835274479,0.0,0.00016652774435892164,0.0,True,0,long_short,1.3892240949260097,1.4747885902524123
2024-07-03,2.0581609151884437,0.00456316704382842,2.027108433350902,0.0,0.9862950428456774,0.9712075530345617,0.015087489811115611,0.013704957154322628,0.0,0.00016583559325283564,0.0,True,0,long_short,1.3821275704469276,1.4891251424229333
2024-07-04,2.055105437751028,-0.001484566835793788,2.0269441400829957,0.0,0.9794025790104638,0.9656994876017573,0.013703091408706496,0.020597420989536208,0.0,0.0001642932679061542,0.0,True,0,long_short,1.3727359440486206,1.4970872196220708
2024-07-05,2.057372337886679,0.0011030578256518986,2.0267810211020474,0.0,0.9842810965194053,0.9694119762239245,0.014869120295480844,0.01571890348059468,0.0,0.00016311898094825364,0.0,True,0,long_short,1.375505492040557,1.4957209184490972
2024-07-08,2.044437371396248,-0.0062871295838059504,2.039541871858333,0.0,0.9865070132953918,0.9841124671936586,0.0023945461017331852,0.01349298670460819,0.0005118102227320353,0.0004917800672628069,0.5017615244417843,True,0,long_short,1.3633839432730905,1.4995316480610332
2024-07-09,2.0658593025136724,0.01047815473202518,2.039376505586641,0.0,0.9923523792053986,0.9795331146529638,0.01281926455243488,0.007647620794601351,0.0,0.00016536627169213804,0.0,True,0,long_short,1.3708926449890924,1.5069446247777554
2024-07-10,2.075036303017214,0.00444221951242052,2.03921018414031,0.0,0.9908777917662951,0.9736124943713479,0.01726529739494722,0.00912220823370491,0.0,0.00016632144633090548,0.0,True,0,long_short,1.367791586206604,1.5170705273689125
2024-07-11,2.0802542835296847,0.0025146454087976444,2.039044133624894,0.0,0.9980458442314474,0.978235693986321,0.019810150245126276,0.0019541557685526234,0.0,0.00016605051541575532,0.0,True,0,long_short,1.3763723025387995,1.511403767492657
2024-07-12,2.0699503967392254,-0.004953186190765124,2.0388768750775474,0.0,0.9942797926905463,0.9792680698441305,0.015011722846415776,0.005720207309453662,0.0,0.00016725854734657628,0.0,True,0,long_short,1.3728544671167477,1.5077711777319778
2024-07-15,2.0668722137008624,-0.0014870805808738785,2.0662623528219237,0.0,0.9924116650767149,0.9921166004496441,0.0002950646270707673,0.007588334923285145,0.0005122618148070131,0.000499817177183321,0.4957113477001472,True,0,long_short,1.3670050883545248,1.511971119426317
2024-07-16,2.0656666172474116,-0.0005832951091310212,2.0660938121451387,0.0,0.9914054725102213,0.9916122797917835,-0.0002068072815621618,0.008594527489778736,0.0,0.00016854067678526548,0.0,True,0,long_short,1.3652870345669876,1.5129907227915302
2024-07-17,2.022190672504275,-0.02104693195897711,2.0659254554012794,0.0,0.9855272913984489,1.0071547192625303,-0.021627427864081478,0.014472708601551143,0.0,0.00016835674385905374,0.0,True,0,long_short,1.3559527238016258,1.491343051278917
2024-07-18,2.010856156800618,-0.005605067740531378,2.065758058781083,0.0,0.9869488785451591,1.0142516280704246,-0.027302749525265384,0.013051121454840886,0.0,0.00016739662019682334,0.0,True,0,long_short,1.3548987529958032,1.4841375802837176
2024-07-19,2.0058860710685757,-0.002471626682611583,2.0655904274826566,0.0,0.9893785167754006,1.019143096765866,-0.02976457999046532,0.010621483224599437,0.0,0.0001676312984260655,0.0,True,0,long_short,1.355912390578442,1.4793625937829584
2024-07-22,2.009191343427937,0.0016477866849140543,1.9989780869802314,0.0,0.990043561901386,0.9849602947048028,0.0050832671965830726,0.009956438098614018,0.00035680846721409696,0.0005040702597275368,0.3569271641550019,True,0,long_short,1.348619860786696,1.489812957563822
2024-07-23,2.0012586400249286,-0.003948207038098284,1.9988154316078142,0.0,0.9775423276789368,0.9763214917668509,0.0012208359120858736,0.022457672321063216,0.0,0.00016265537241707832,0.0,True,0,long_short,1.335236306693829,1.4988048407552919
2024-07-24,2.0033384907034564,0.0010392713050331182,1.9986548394033616,0.0,0.9632985115274078,0.960960588444599,0.002337923082808718,0.03670148847259225,0.0,0.00016059220445263872,0.0,True,0,long_short,1.3213142686914416,1.5161710867524762
2024-07-25,1.9951552821528273,-0.004084785765662402,1.9984966095950152,0.0,0.9616063076230236,0.9632810281182537,-0.0016747204952300414,0.03839369237697643,0.0,0.0001582298083463103,0.0,True,0,long_short,1.3204534727966561,1.510962198408389
2024-07-26,1.9997472428218979,0.0023015555281069577,1.9983386456033891,0.0,0.9763345363345551,0.9756301487057862,0.0007043876287689685,0.023665463665444864,0.0,0.00015796399162584164,0.0,True,0,long_short,1.3349794477461867,1.497961070635224
2024-07-29,2.002063451347517,0.0011582506408913673,2.001196474595465,0.0,0.9944462049851689,0.9940131633892753,0.00043304159589363663,0.005553795014831109,0.000633472580531313,0.00048107187120533776,0.6328934996950766,True,0,long_short,1.33433305477464,1.5004225850386748
2024-07-30,2.0046318001276076,0.0012828508398983196,2.001032906587965,0.0,0.9918460362695469,0.9900507472097736,0.0017952890597732658,0.008153963730453073,0.0,0.00016356800749972567,0.0,True,0,long_short,1.332212376355674,1.5047389107819031
2024-07-31,2.006359024622367,0.0008616168289106163,2.0008697816116694,0.0,1.0060642560961255,1.003328333490384,0.0027359226057414266,0.0,0.0,0.00016312497629562836,0.0,True,0,long_short,1.3465625126041323,1.4899858015074599
2024-08-01,2.0081213035559182,0.0008783467524626776,2.000704326527569,0.0,1.0071785593138665,1.0034850687786006,0.0036934905352658046,0.0,0.0,0.00016545508410063713,0.0,True,0,long_short,1.347300186028147,1.4904780125325134
2024-08-02,2.0052958126397216,-0.0014070319911418938,2.000538700247206,0.0,1.0010529328608337,0.9986806582255752,0.002372274635258558,0.0,0.0,0.0001656262803628425,0.0,True,0,long_short,1.3434285504027308,1.492670236938598
2024-08-05,1.9868484599865135,-0.009199317395933049,1.9988484054677338,0.0,0.9934579727776182,0.9994976611196781,-0.006039688342059924,0.006542027222381841,0.0007821893689582074,0.0004938041446283901,0.7823338680433505,True,0,long_short,1.3326514424080491,1.4908988177706513
2024-08-06,1.9950601138311084,0.004133004610050062,1.998685184887836,0.0,0.9962341295664633,0.9980511530393882,-0.0018170234729250033,0.003765870433536711,0.0,0.00016322057989773324,0.0,True,0,long_short,1.334718696996307,1.494742014419109
2024-08-07,1.997190578548863,0.0010678699368429356,1.998521526911371,0.0,0.9968363120918584,0.9975027223868014,-0.0006664102949429807,0.003163687908141588,0.0,0.00016365797646509844,0.0,True,0,long_short,1.3359934391290287,1.4949104689098527
2024-08-08,1.994963252922233,-0.001115229387997796,1.998357784195818,0.0,0.999210037294602,1.000911588071847,-0.00170155077724512,0.0007899627053979952,0.0,0.00016374271555296674,0.0,True,0,long_short,1.3347066677893926,1.4946829150306038
2024-08-09,1.9911088743484626,-0.0019320549228786232,1.9981936651406704,0.0,0.9962943632660809,0.9998525769245512,-0.0035582136584703205,0.0037056367339191043,0.0,0.00016411905514745508,0.0,True,0,long_short,1.3338458718946071,1.4927578337969987
2024-08-12,1.9854681742927072,-0.002832944058672404,1.9891868491870763,0.0,0.9964679911492748,0.998340937259677,-0.001872946110402246,0.0035320088507252434,0.0006354738287239564,0.0004908859739888185,0.6387241929830442,True,0,long_short,1.32950509719953,1.4933889147735486
2024-08-13,1.992177541682584,0.0033792369360274854,1.9890239307631292,0.0,0.9934858178555686,0.9919028209321159,0.0015829969234526864,0.006514182144431446,0.0,0.00016291842394706638,0.0,True,0,long_short,1.3284521877943176,1.4996230650877065
2024-08-14,1.9889570174867304,-0.0016165849320505243,1.9888615159803846,0.0,0.9880695488114701,0.9880215329390776,4.8015872392501006e-05,0.011930451188529867,0.0,0.00016241478274459418,0.0,True,0,long_short,1.323544978973654,1.502749849143073
2024-08-15,1.9846484963173658,-0.0021662213569646482,1.988699998252053,0.0,0.9831078453129153,0.9851492657166819,-0.002041420403766568,0.016892154687084715,0.0,0.00016151772833154863,0.0,True,0,long_short,1.3182050725042758,1.5055688509429008
2024-08-16,1.9639898906329754,-0.010409201288149372,1.988539298936257,0.0,0.969317559642833,0.9818173227120663,-0.012499763069233373,0.03068244035716705,0.0,0.00016069931579611803,0.0,True,0,long_short,1.3029148891154783,1.5073815696175574
2024-08-19,1.9529836586095255,-0.005604016637734688,1.975811184091418,0.0,1.0011690105801268,1.012857549488919,-0.011688538908792184,0.0,0.0009401467753886853,0.00047546612784365707,0.951203887619421,True,0,long_short,1.3083301550281732,1.492729989524296
2024-08-20,1.9485557825968696,-0.0022672365911184933,1.975648601002981,0.0,0.9891084433506745,1.0030124940574008,-0.013904050706726267,0.010891556649325507,0.0,0.00016258308843708063,0.0,True,0,long_short,1.2962599072901946,1.503213801212356
2024-08-21,1.9493844684777644,0.00042528209266379235,1.97548796326638,0.0,0.9881824869024041,1.001573121336359,-0.013390634433954923,0.011817513097595933,0.0,0.00016063773660102382,0.0,True,0,long_short,1.2950520333959088,1.5052557103563269
2024-08-22,1.9400494449485461,-0.004788703142027062,1.9753274878345901,0.0,0.9830096143422629,1.0011937090713432,-0.01818409472908024,0.01699038565773714,0.0,0.00016047543178996385,0.0,True,0,long_short,1.2890713947582377,1.5049976695141838
2024-08-23,1.9393690897848883,-0.000350689599911691,1.9751678413716116,0.0,0.988717342389489,1.0071763101926183,-0.01845896780312927,0.011282657610510949,0.0,0.00015964646297834264,0.0,True,0,long_short,1.2898511704064528,1.5035603597380633
2024-08-26,1.9696950199622825,0.015637008105949368,1.943093855666881,0.0,1.002372500729366,0.9888672808725832,0.013505219856782876,0.0,0.0005877501968776027,0.0004816323133030259,0.604780325238928,True,0,long_short,1.300172583739201,1.51494889570551
2024-08-27,1.9753443659616134,0.0028681323464172515,1.9429337652319327,0.0,0.9993988991602215,0.9829913292761204,0.01640756988410102,0.00060110083977849,0.0,0.00016009043494835922,0.0,True,0,long_short,1.2963993045703202,1.5237160024675602
2024-08-28,1.9787033250297703,0.0017004422753001958,1.942774169638721,0.0,0.9988225541301021,0.9806646246736948,0.0181579294564074,0.0011774458698978751,0.0,0.0001595955932116193,0.0,True,0,long_short,1.2958742650685275,1.526925395748278
2024-08-29,1.9875601791150423,0.0044760899591345105,1.9426146810617144,0.0,1.006085557237656,0.9834721548734872,0.022613402364168703,0.0,0.0,0.00015948857700665028,0.0,True,0,long_short,1.3014989807016142,1.5271315679737107
2024-08-30,2.0136671025874717,0.013135161262917583,1.9439499753408367,0.0,0.9424682361654675,0.9078462635677865,0.034621972597681065,0.05753176383453251,0.00013856745176713136,0.00016066110347630176,0.1394291400966097,True,0,long_short,1.313627959273351,1.5329051794096675
2024-09-02,2.0053191830206596,-0.004145630405385958,2.0095236217388712,0.0,0.9920608473956868,0.9941574905404843,-0.002096643144797475,0.007939152604313215,0.0016391802769044374,0.0004507644218186482,1.6300821348341346,True,0,long_short,1.3060308075065081,1.5354302298957574
2024-09-03,2.0082544656147476,0.0014637483244270832,2.2308268659928405,0.0,0.8827644810279479,0.9935932650236856,-0.11082878399573766,0.11723551897205209,0.00011078894549370637,0.00016385778794995997,0.11058709542179294,True,0,long_short,1.3078341271430562,1.5355574716510487
2024-09-04,2.007568941121509,-0.00034135340166097095,2.230662861490526,0.0,0.885507717957935,0.9966341235320257,-0.11112640557409073,0.11449228204206496,0.0,0.00016400450231412772,0.0,True,0,long_short,1.3084628301044348,1.5342957361358713
2024-09-05,2.0217106799562607,0.007044210808945461,2.2304984112128223,0.0,0.890911541465946,0.9941843456938383,-0.10327280422789223,0.10908845853405402,0.0,0.0001644502777039522,0.0,True,0,long_short,1.3167523688692615,1.535376527700778
2024-09-06,2.025320969887523,0.0017857599344235364,2.230333209587381,0.0,0.887937208537089,0.9891617762712805,-0.1012245677341915,0.11206279146291098,0.0,0.0001652016254411967,0.0,True,0,long_short,1.312987934705465,1.5425282413900108
2024-09-09,2.0204439690557705,-0.0024080137934991974,2.0203219983427125,0.0,0.992847757772545,0.9927873894995684,6.03682729766678e-05,0.00715224222745503,0.0007316108857584029,0.0004939816655572803,0.7239895888142148,True,0,long_short,1.306150038175042,1.5468697393132131
2024-09-10,2.0169678537842293,-0.0017204710077488583,2.0201571322089866,0.0,0.9874002551157579,0.9889814793374397,-0.0015812242216818604,0.012599744884242092,0.0,0.00016486613372622126,0.0,True,0,long_short,1.2998661927630877,1.551673445323491
2024-09-11,2.0161843831722126,-0.0003884398110493015,2.0199931806595224,0.0,0.9855808035893932,0.9874699152793255,-0.0018891116899323484,0.01441919641060685,0.0,0.0001639515494639661,0.0,True,0,long_short,1.2961063580019347,1.555570166541227
2024-09-12,2.0107307759516204,-0.00270491492053504,2.0198295432823685,0.0,0.9842600360343486,0.9887851407572532,-0.004525104722904577,0.01573996396565136,0.0,0.00016363737715385457,0.0,True,0,long_short,1.2948376304726699,1.5528825612039245
2024-09-13,2.0022626519320164,-0.0042114658615082234,2.0196661311689446,0.0,0.9830682058512875,0.9917601120905293,-0.008691906239241695,0.016931794148712487,0.0,0.0001634121134239121,0.0,True,0,long_short,1.2901030761512482,1.5520175782429315
2024-09-18,1.9910815861348483,-0.005584215330780462,1.9964211772514011,0.0,0.9940802033976489,0.9967619574521968,-0.0026817540545478564,0.005919796602351091,0.0005442729067483031,0.0008160674926499082,0.5450999732671383,True,0,long_short,1.2853975334465022,1.54900062768614
2024-09-19,1.9982483882664375,0.003599451766063133,1.9962580566174908,0.0,0.9984898299073673,0.9974937917468293,0.0009960381605380235,0.0015101700926326567,0.0,0.00016312063391036682,0.0,True,0,long_short,1.2920648982789034,1.5465541947066332
2024-09-20,1.9905547373477532,-0.003850197484887685,1.9960942286425594,0.0,0.9961559050597417,0.9989387932621467,-0.0027828882024049555,0.0038440949402582802,0.0,0.00016382797493127773,0.0,True,0,long_short,1.2885845656784083,1.544760654726432
2024-09-23,1.993671491261239,0.0015657715183650112,1.9923051504255718,0.0,0.997601086145433,0.9969157471406591,0.0006853390047738538,0.0023989138545670308,0.0005421883795000333,0.0004903008527461843,0.5441343839464733,True,0,long_short,1.28833549033524,1.5474785148878125
2024-09-24,2.020492831767449,0.013453239725689459,1.9921417924115228,0.0,1.0146156012632928,1.0005838566759457,0.014031744587347066,0.0,0.0,0.00016335801404907368,0.0,True,0,long_short,1.3136672310959245,1.538055288234492
2024-09-25,2.035403350666967,0.00737964454270057,1.9919756275476874,0.0,1.0154932388425288,0.9941570633345889,0.021336175507940022,0.0,0.0,0.00016616486383528578,0.0,True,0,long_short,1.3195852470976,1.5424568857099563
2024-09-26,2.0586212171780933,0.0114070100668342,1.991809311606498,0.0,1.0268828862063983,0.9944282000241685,0.03245468618222974,0.0,0.0,0.00016631594118907844,0.0,True,0,long_short,1.340057188264872,1.5362189279724918
2024-09-27,2.100116561811337,0.020156862412078036,1.9916410526208932,0.0,1.0349367081490928,0.983284570756831,0.0516521373922617,0.0,0.0,0.00016825898560520334,0.0,True,0,long_short,1.3558713497548518,1.5489054785257084
2024-09-30,2.169296874803347,0.03294117776602956,2.12485821298872,0.0,1.0049291221308188,0.9844438384747237,0.02048528365609491,0.0,0.0007447452456335574,0.0005091810933747875,0.70073787086953,True,0,long_short,1.3896192897531678,1.5610727994346352
2024-10-08,2.284153267479215,0.05294636894098703,2.255943702297118,0.0,0.951360115139021,0.9390099959137775,0.012350119225243459,0.04863988486097903,0.001156291439066348,0.0014041978798176192,1.0245814915380291,True,0,long_short,1.4209596193675893,1.6074723280988081
2024-10-09,2.2511801173260895,-0.014435611927878567,2.2557674138518826,0.0,0.924296236880086,0.9263339665537303,-0.0020377296736443827,0.075703763119914,0.0,0.00017628844523524107,0.0,True,0,long_short,1.3677204723657275,1.6459358200819016
2024-10-10,2.246776548819608,-0.001956115582484874,2.255596015664964,0.0,0.9242472911591305,0.9281726778870583,-0.003925386727927702,0.07575270884086949,0.0,0.00017139818691859469,0.0,True,0,long_short,1.3712333545849322,1.6385078012485335
2024-10-11,2.208721164202973,-0.01693777008515962,2.2554246132042026,0.0,0.9171182232895454,0.9382632413923996,-0.021145018102854227,0.0828817767104546,0.0,0.00017140246076151273,0.0,True,0,long_short,1.355148182139175,1.6298742774508885
2024-10-14,2.2199506962651143,0.0050841782313402195,2.202286503014607,0.0,1.0109704626564453,1.00301344213332,0.007957020523125195,0.0,0.0010146752374562652,0.0005109933399921558,0.9210499658165068,True,0,long_short,1.3758932570634441,1.6134614257817745
2024-10-15,2.2121112907743092,-0.0035313421617851892,2.2021034914757665,0.0,1.0088619680994775,1.0043378741534452,0.004524093946032453,0.0,0.0,0.00018301153884058629,0.0,True,0,long_short,1.3732156971243827,1.6108986340650178
2024-10-16,2.2205269658461755,0.0038043633279050137,2.2019208854085472,0.0,1.0104576576217221,1.0020785292779517,0.00837912834377036,0.0,0.0,0.00018260606721921395,0.0,True,0,long_short,1.3808188634946827,1.6081232843432445
2024-10-17,2.2201623869153044,-0.00016418577053045613,2.2017379969924247,0.0,1.0104147682710494,1.0021161005558112,0.008298667715238149,0.0,0.0,0.00018288841612250695,0.0,True,0,long_short,1.3800114914306052,1.6087999271757853
2024-10-18,2.252941674684953,0.014764364968452792,2.201555131748005,0.0,1.0172765697573445,0.9944679265002422,0.022808643257102277,0.0,0.0,0.00018286524441996551,0.0,True,0,long_short,1.3945059781620361,1.6155840921200915
2024-10-21,2.270240131159108,0.007678164361078599,2.262322736785647,0.0,1.0019577255245504,0.9984702555143105,0.003487470010239983,0.0,0.000631197228623354,0.0005524466882671056,0.5578524769204373,True,0,long_short,1.4041013934774809,1.6168633844429827
2024-10-22,2.2623060651106144,-0.003494813583637235,2.262136427149167,0.0,1.0032609065694773,1.003185922037515,7.498453196226135e-05,0.0,0.0,0.00018630963647977612,0.0,True,0,long_short,1.4067538336021037,1.6081748000769984
2024-10-23,2.276212377805248,0.006146963449860765,2.261949891785124,0.0,1.0030104466708925,0.9967445612204867,0.006265885450405841,0.0,0.0,0.00018653536404320995,0.0,True,0,long_short,1.4121177984853106,1.6119139495634125
2024-10-24,2.266528416756633,-0.004254418938689941,2.261763414883116,0.0,0.9958998762184489,0.9937975412826551,0.0021023349357938287,0.004100123781551113,0.0,0.00018647690200768212,0.0,True,0,long_short,1.4029165165964137,1.6155832438664346
2024-10-25,2.2798480886876757,0.005876684286227896,2.2615782803323365,0.0,1.0001675768998113,0.9921539691309464,0.008013607768864894,0.0,0.0,0.0001851345507797269,0.0,True,0,long_short,1.4154396285946986,1.6106996318530336
2024-10-28,2.2977355987772197,0.00784592191835043,2.27434684706584,0.0,0.9994759280799522,0.9892968841012516,0.010179043978700598,0.000524071920047775,0.0006265372410699764,0.0005577436430647593,0.5508084141923764,True,0,long_short,1.4200121424229795,1.6181098246502124
2024-10-29,2.285938315755389,-0.005134308328646919,2.3973054341012037,0.0,0.9414520942751498,0.9901704335138938,-0.048718339238744066,0.05854790572485025,6.160351209571692e-05,0.0001868336439746981,0.05366270998459345,True,0,long_short,1.4095990948375596,1.6216939441343907
2024-10-30,2.2862738396379694,0.0001467773125229943,2.3971193955916337,0.0,0.9356340684872977,0.9841171303287513,-0.048483061841453574,0.06436593151270231,0.0,0.00018603850956966034,0.0,True,0,long_short,1.405285916558345,1.626910091888797
2024-10-31,2.295784434820856,0.004159867036921838,2.396934467269699,0.0,0.9373742563153407,0.9814332850789604,-0.04405902876361977,0.06262574368465934,0.0,0.00018492832193508607,0.0,True,0,long_short,1.4107875097206606,1.627307031712683
2024-11-01,2.2815633780255706,-0.006194421644990067,2.5150495383853397,0.0,0.8858923028187449,0.988228342487222,-0.10233603966847708,0.11410769718125513,5.9179721004337794e-05,0.00018519117203008578,0.05153213880986358,True,0,long_short,1.4077784389910468,1.6206835641415025
2024-11-04,2.273975992753687,-0.003325520274808036,2.2704789465381108,0.0,1.004578822843526,1.0030409674630294,0.0015378553804964966,0.0,0.0012092988060670887,0.0005559548043318304,1.064669686560686,True,0,long_short,1.4164851081956402,1.605365266176602
2024-11-05,2.2901904527299646,0.007130444660782276,2.270291476038404,0.0,1.0096835298906237,1.0009947430398007,0.00868878685082294,0.0,0.0,0.0001874704997062488,0.0,True,0,long_short,1.4293400847846807,1.6022711999117862
2024-11-06,2.287917997956025,-0.0009922558061626896,2.270103053961384,0.0,1.00905762991569,1.001271099100094,0.007786530815596004,0.0,0.0,0.00018842207701994266,0.0,True,0,long_short,1.4287563144491295,1.6013353535645813
2024-11-07,2.288411368197997,0.00021564157562159458,2.2699147668790443,0.0,1.016816311256462,1.008733585582224,0.008082725674238248,0.0,0.0,0.00018828708233953277,0.0,True,0,long_short,1.4403418559084988,1.588797380851351
2024-11-08,2.2871824128005396,-0.0005370343000983269,2.269725035585505,0.0,1.015474728574034,1.0078420285684144,0.007632700005619395,0.0,0.0,0.00018973129353940999,0.0,True,0,long_short,1.4381702302602484,1.5903419252299886
2024-11-11,2.2892636083634628,0.0009099386001201193,2.279779092327564,0.0,1.0087329940770438,1.004589951746205,0.004143042330838794,0.0,0.0006034618886524224,0.000568385399002906,0.5292637303654839,True,0,long_short,1.4523901680338684,1.5762042863884762
2024-11-12,2.2778556615145202,-0.004983238630651976,2.3859568812115213,0.0,0.9593689989848075,1.006826448340982,-0.047457449356174394,0.04063100101519246,5.3210010593214566e-05,0.00018902229187892002,0.04642044367029539,True,0,long_short,1.4464070527947739,1.5748372196562554
2024-11-13,2.286195433577288,0.003661238156425828,2.3857683821436706,0.0,0.957212625045572,1.000766621831655,-0.04355399678608297,0.04278737495442797,0.0,0.00018849906785063525,0.0,True,0,long_short,1.446473213432803,1.5805307781342435
2024-11-14,2.2740844590519176,-0.0052974362329206715,2.385580331616473,0.0,0.9484689069218626,0.9974978126517046,-0.04902890572984197,0.05153109307813741,0.0,0.00018805052719792588,0.0,True,0,long_short,1.433258422036941,1.586653477200572
2024-11-15,2.258610652684634,-0.006804411465761828,2.3853938882515124,0.0,0.9435138314220279,0.9996471164643973,-0.05613328504236925,0.05648616857797206,0.0,0.00018644336496078268,0.0,True,0,long_short,1.4250711315308864,1.584910817931113
2024-11-18,2.243694457444229,-0.0066041463245006815,2.2558233991453256,0.0,0.9938000114737179,0.9992058017589572,-0.005405790285239362,0.006199988526282119,0.0006086730807004835,0.0005567211680971968,0.5395004690746239,True,0,long_short,1.4161500594030543,1.5843620826383378
2024-11-19,2.26332246219251,0.008748073822243851,2.2556391323629215,0.0,0.997100755827387,0.9937060429846813,0.0033947128427056104,0.0028992441726130025,0.0,0.0001842667824043306,0.0,True,0,long_short,1.4252034528069448,1.5880697297883233
2024-11-20,2.2651179363427922,0.0007932913582904266,2.2554542767019976,0.0,1.0023175092865162,0.9980512150305988,0.004266294255917352,0.0,0.0,0.00018485566092358893,0.0,True,0,long_short,1.4337855843399538,1.5798163693949705
2024-11-21,2.2608490537029327,-0.0018846182670522182,2.255268465438281,0.0,1.0031511600812753,1.0006828005702713,0.0024683595110040154,0.0,0.0,0.0001858112637168104,0.0,True,0,long_short,1.435767573079201,1.5746622894221178
2024-11-22,2.2470932039028115,-0.0060843733806956735,2.2550825153481937,0.0,0.9978101476248447,1.0013655459641329,-0.0035553983392882446,0.0021898523751553434,0.0,0.00018595009008707655,0.0,True,0,long_short,1.4236852961343083,1.5783637086119235
2024-11-25,2.2470583905505026,-1.5492616082246613e-05,2.2470868921632183,0.0,0.9961729126068793,0.9961855965730975,-1.2683966218121378e-05,0.003827087393120654,0.0006566241822139282,0.0005548343949760517,0.5842518752153021,True,0,long_short,1.4235282088440144,1.578513426421835
2024-11-26,2.2409095898567566,-0.00273637779935032,2.2469029069136304,0.0,0.9964220800382162,0.9990965819833201,-0.002674501945103871,0.0035779199617838042,0.0,0.0001839852495883674,0.0,True,0,long_short,1.4217004769934343,1.5762177941979445
2024-11-27,2.249306213225918,0.0037469710545967594,2.246718888959239,0.0,1.0009061007960165,0.9997558242123014,0.0011502765837150984,0.0,0.0,0.00018401795439119414,0.0,True,0,long_short,1.432123430984548,1.5706091839301712
2024-11-28,2.2501501321248263,0.0003751907561300172,2.246534059617833,0.0,1.0033369259028961,1.0017298897965634,0.0016070361063327523,0.0,0.0,0.0001848293414062626,0.0,True,0,long_short,1.4352046769556484,1.5678252504707815
2024-11-29,2.2579568606007783,0.0034694256016509772,2.2463487958388835,0.0,1.0071330981969977,1.0019921387019586,0.005140959495039118,0.0,0.0,0.0001852637789489692,0.0,True,0,long_short,1.4451061294470033,1.5624851452708373
2024-12-02,2.2582212170757847,0.00011707773501745677,2.2565580407749573,0.0,1.0011356305474883,1.0003991321529768,0.0007364983945113931,0.0,0.0006654394773997725,0.0005578656223192111,0.5896088563861452,True,0,long_short,1.4520781162545013,1.5551651056491738
2024-12-03,2.255615194871865,-0.001154015463238789,2.2563723594698253,0.0,1.003070995721546,1.003406675583821,-0.00033567986227509044,0.0,0.0,0.00018568130513194964,0.0,True,0,long_short,1.4538924036973535,1.5514319967114985
2024-12-04,2.2492821943143335,-0.002807659999777279,2.256186334866202,0.0,0.9990447197327639,1.0021142058867558,-0.003069486153991898,0.0009552802672361249,0.0,0.00018602460362323814,0.0,True,0,long_short,1.4467074291674302,1.5547595519080035
2024-12-05,2.2676091824667592,0.008147927458258541,2.2560010714985332,0.0,0.9995982774723428,0.994479180646496,0.005119096825846766,0.0004017225276572445,0.0,0.0001852633676688105,0.0,True,0,long_short,1.452305255985061,1.5613860606244923
2024-12-06,2.2733490990008436,0.0025312635786032267,2.2558157216255084,0.0,1.0035574094783872,0.9958448336214537,0.0077125758569335,0.0,0.0,0.00018534987302515175,0.0,True,0,long_short,1.459926819965936,1.5571664743126554
2024-12-09,2.2666614787366224,-0.002941748043518988,2.2758014589606375,0.0,0.998815409848329,1.0028477632940274,-0.004032353445698492,0.00118459015167105,0.00067574514490794,0.0005582226465019669,0.5936761797476007,True,0,long_short,1.4616144469359842,1.5507930176034292
2024-12-10,2.258495941145289,-0.0036024513002639313,2.275614627476191,0.0,1.0099754414863582,1.0175551258324902,-0.0075796843461319345,0.0,0.0,0.0001868314844462264,0.0,True,0,long_short,1.4715169608279492,1.5348079575477989
2024-12-11,2.2728442680194805,0.006353045233685517,2.2754257389182526,0.0,1.017290980356054,1.0184267690834627,-0.0011357887274087528,0.0,0.0,0.0001888885579384326,0.0,True,0,long_short,1.4837881670814383,1.5317848722908265
2024-12-12,2.275390971317413,0.0011204917704947803,2.275235487511855,0.0,1.0237051994099007,1.023636866623352,6.833278654883477e-05,0.0,0.0,0.0001902514063979957,0.0,True,0,long_short,1.4942238578798737,1.5227912198818205
2024-12-13,2.2526723633287458,-0.009984485424723966,2.2750440485460284,0.0,1.0218580995823134,1.0317892753633422,-0.009931175781028735,0.0,0.0,0.00019143896582650042,0.0,True,0,long_short,1.4858409158613584,1.5160925636664453
2024-12-16,2.2436286712884135,-0.004014650415903542,2.253577632259452,0.0,0.9884247020502416,0.9928590191448458,-0.004434317094604201,0.011575297949758423,0.0008144798963660712,0.00057311092242493,0.7225716342550583,True,0,long_short,1.4734331427293703,1.5227217348541122
2024-12-17,2.236010320244673,-0.00339554897886285,2.2533945412762817,0.0,0.984411860653158,0.9921865211161324,-0.007774660462974404,0.015588139346842,0.0,0.00018309098316991788,0.0,True,0,long_short,1.463282614894847,1.5280782382597737
2024-12-18,2.2467028100205635,0.0047819501006243215,2.2532121955803235,0.0,0.9862561679079961,0.98915347392049,-0.002897306012493922,0.013743832092003916,0.0,0.00018234569595808198,0.0,True,0,long_short,1.4696779073708612,1.5287042138639337
2024-12-19,2.2448857012052326,-0.0008087891318898643,2.2530295380003733,0.0,0.9853187452221966,0.9889464741487821,-0.0036277289265855567,0.014681254777803354,0.0,0.0001826575799505836,0.0,True,0,long_short,1.4673619312396382,1.5298786573457965
2024-12-20,2.2564402650314643,0.005147061082009019,2.252847066345655,0.0,0.9872257682083261,0.9856333490596811,0.001592419148644912,0.012774231791673918,0.0,0.0001824716547184053,0.0,True,0,long_short,1.473974457040518,1.5308543877768415
2024-12-23,2.2426358469585788,-0.006117785738366632,2.256311443202977,0.0,0.9954826437976162,1.0015806450682843,-0.006098001270667978,0.004517356202383804,0.0004500997487245198,0.0005483891774899915,0.3988899492994885,True,0,long_short,1.4662640892085985,1.5294897170734225
2024-12-24,2.2474333192959834,0.0021392114747078583,2.256126825614628,0.0,0.9989823009355311,1.0028504941513228,-0.003868193215791556,0.0010176990644689132,0.0,0.0001846175883493176,0.0,True,0,long_short,1.4724941569896415,1.526276561864682
2024-12-25,2.250467007329525,0.0013498456250047308,2.2559415785229984,0.0,0.9967462773839179,0.9991789152211504,-0.0024326378372325984,0.003253722616082144,0.0,0.00018524709162970882,0.0,True,0,long_short,1.4688118044730252,1.5321683829583186
2024-12-26,2.2783223302690416,0.012377574454011109,2.2557567605079467,0.0,0.9989156086219788,0.9890111409962632,0.009904467625715596,0.0010843913780211878,0.0,0.00018481801505132903,0.0,True,0,long_short,1.4727319107263024,1.5470041177728326
2024-12-27,2.2630703475526937,-0.006694391971546421,2.2555715589051455,0.0,1.0033542591995,1.0000407127798507,0.0033135464196493466,0.0,0.0,0.00018520160280136846,0.0,True,0,long_short,1.4762387783420499,1.5329974938704205
2024-12-30,2.267941291901995,0.0021523609968947532,2.2654925410505466,0.0,0.9987815150110213,0.9977017909193123,0.0010797240917089744,0.0012184849889786964,0.0006713739663154225,0.0005580400644092563,0.5925202160942772,True,0,long_short,1.4775977249231722,1.5348841255287644
2024-12-31,2.2413955773740084,-0.011704762650943223,2.2653065633172345,0.0,0.9954181427021691,1.0060860436227375,-0.010667900920568409,0.004581857297830894,0.0,0.0001859777333120942,0.0,True,0,long_short,1.4667045704617871,1.5281847636626047
2025-01-02,2.2288672333532524,-0.005589528304251412,2.2649358723349935,0.0,0.9899906498508255,1.006173147597664,-0.0161824977468386,0.010009350149174479,0.0,0.00037069098224115903,0.0,True,0,long_short,1.456047400736046,1.530765572759883
2025-01-03,2.21907318294724,-0.004394182955113846,2.264751546880767,0.0,0.9896776613297179,1.010262094634824,-0.020584433305106075,0.010322338670282094,0.0,0.00018432545422687722,0.0,True,0,long_short,1.4511493907206698,1.5291831407138612
2025-01-06,2.2230395605859927,0.001787402808178351,2.219327671101857,0.0,0.9959629019142958,0.9942931657791652,0.001669736135130668,0.004037098085704183,0.0007600038021047785,0.0005527838273306903,0.6846610705477252,True,0,long_short,1.4475059562264236,1.5357723061681534
2025-01-07,2.2483273125565977,0.011375304524018137,2.2191459982490613,0.0,1.0007510010621805,0.9877718791413808,0.012979121920799691,0.0,0.0,0.00018167285279567435,0.0,True,0,long_short,1.4589121209826872,1.5410985214395092
2025-01-08,2.2484747681323785,6.55845681174494e-05,2.218963463907052,0.0,0.9997547939974427,0.9866297615783155,0.0131250324191272,0.00024520600255728553,0.0,0.0001825343420095004,0.0,True,0,long_short,1.4581595879501312,1.5419949823827348
2025-01-09,2.255465682229118,0.003109180585800564,2.2187811286639505,0.0,1.0010168426146382,0.984752106753567,0.0162647358610712,0.0,0.0,0.0001823352431011485,0.0,True,0,long_short,1.4616933443813342,1.543049840720011
2025-01-10,2.2481340915428634,-0.0032505884456680567,2.218598574588694,0.0,0.9998194756319535,0.9866816841339832,0.013137791497970357,0.0001805243680464974,0.0,0.00018255407525634207,0.0,True,0,long_short,1.457644808654236,1.542305833489328
2025-01-13,2.246553893134937,-0.0007028933077749544,2.242520426587284,0.0,0.9978846042755236,0.9960892026339344,0.001795401641589202,0.0021153957244763877,0.0007666136657137251,0.00054695163244994,0.6834735385688907,True,0,long_short,1.4553981773628724,1.5436008702481747
2025-01-14,2.278450651915392,0.014198083063097666,2.242336500444044,0.0,1.0037097737731147,0.9878594627554108,0.0158503110177038,0.0,0.0,0.00018392614324002252,0.0,True,0,long_short,1.470621492513234,1.549311405766014
2025-01-15,2.2697905162786753,-0.0038008879540299967,2.2421515040848456,0.0,1.0045178257534437,0.9923409257287035,0.012176900024740383,0.0,0.0,0.00018499635919856343,0.0,True,0,long_short,1.4737869429327348,1.5401076303213461
2025-01-16,2.269289583567762,-0.00022069556962234227,2.241966374822752,0.0,1.0028634844113646,0.9908230604201469,0.012040423991217712,0.0,0.0,0.00018512926209322293,0.0,True,0,long_short,1.4721088685681776,1.5415229349001538
2025-01-17,2.2820793433409823,0.005636019248417057,2.241781569525478,0.0,1.0047693828092923,0.9871110249028979,0.017658357906394268,0.0,0.0,0.0001848052972742606,0.0,True,0,long_short,1.4767355138275733,1.5453541422769919
2025-01-20,2.2997064542053205,0.007724144612137884,2.2814651557379113,0.0,0.999729768283326,0.9917977565980728,0.007932011685253225,0.00027023171667395207,0.0008858452956242357,0.0005554518113872725,0.7762568467541501,True,0,long_short,1.4830628766645415,1.5506466316367098
2025-01-21,2.3280183405449764,0.012311087046733116,2.281277689132258,0.0,1.0006913851987775,0.980613943969609,0.02007744122916844,0.0,0.0,0.0001874666056532832,0.0,True,0,long_short,1.4873923297531113,1.5651676386763393
2025-01-22,2.3315632725501145,0.001522725119213808,2.2810900545640482,0.0,1.0003958696439235,0.9787480685397045,0.021647801104218996,0.0,0.0,0.00018763456821003233,0.0,True,0,long_short,1.4850618478135502,1.5700108894339078
2025-01-23,2.307936144765589,-0.010133599230478407,2.2809024918476353,0.0,1.0020457090934547,0.9903323638264001,0.011713345267054552,0.0,0.0,0.0001875627164125921,0.0,True,0,long_short,1.484825863077906,1.5543480229940578
2025-01-24,2.331486545015564,0.01020409524907695,2.280714632352473,0.0,1.0059532707287187,0.9841766438073085,0.021776626921410136,0.0,0.0,0.00018785949516214473,0.0,True,0,long_short,1.4923830354217689,1.562257469883831
2025-01-27,2.3137938296868152,-0.007588598513070366,2.330439409477365,0.0,0.9965508521311011,1.003744915654385,-0.0071940635232839315,0.0034491478688989385,0.0010251880564932402,0.0005657904500437764,0.8794369492701272,True,0,long_short,1.4863150081338667,1.5567317944208101
2025-02-05,2.3209182442458687,0.0030791051768073174,2.317639625015532,0.0,0.9992427299467554,0.9978300911179363,0.001412638828819162,0.000757270053244552,0.0005423696515949295,0.00171798321631115,0.4679267226150721,True,0,long_short,1.4907576772875129,1.556871569139837
2025-02-06,2.3486828985297987,0.011962788587131623,2.31744927854459,0.0,1.0033657229047632,0.9900673674712732,0.013298355433490023,0.0,0.0,0.00019034647094244952,0.0,True,0,long_short,1.5024656336172464,1.56321904872809
2025-02-07,2.3468255995448626,-0.0007907832028318795,2.3172581535340933,0.0,1.0091119144918268,0.9965130038541964,0.0125989106376303,0.0,0.0,0.00019112501049634497,0.0,True,0,long_short,1.5106362955137427,1.553534498353057
2025-02-10,2.343827076164536,-0.0012776933151351644,2.347194856596332,0.0,0.9993274208296873,1.0007642932278449,-0.0014368723981576627,0.0006725791703127149,0.0008150549579071567,0.0005766515082060106,0.6942517183563677,True,0,long_short,1.5136959596724378,1.5484133793101607
2025-02-11,2.3468988636852273,0.0013105862424449555,2.3470020660390176,0.0,0.9959302355527957,0.9959742094774445,-4.397392464875237e-05,0.004069764447204305,0.0,0.000192790557314473,0.0,True,0,long_short,1.5092628431242823,1.5549967816255108
2025-02-12,2.359440865411081,0.005344074224894024,2.346809946800074,0.0,1.0002006493652644,0.994847296884101,0.005353352481163434,0.0,0.0,0.00019211923894375948,0.0,True,0,long_short,1.5160352866170828,1.5563231847168897
2025-02-13,2.3310700379122227,-0.012024385910564206,2.346617019400037,0.0,1.0009694150282342,1.0076388763635697,-0.006669461335335376,0.0,0.0,0.00019292740003661076,0.0,True,0,long_short,1.5130789321177702,1.5406136378156803
2025-02-14,2.3493766442254076,0.007853305999154347,2.346423961033429,0.0,0.9997687875583668,0.9985119932511469,0.0012567943072199095,0.00023121244163315513,0.0,0.00019305836660767032,0.0,True,0,long_short,1.5144895335285837,1.5512663456654165
2025-02-17,2.3877003410458975,0.01631228305375676,2.3742021008114222,0.0,0.9962089510705706,0.9905557122606444,0.005653238809926183,0.003791048929429386,0.0009188252327606198,0.0005784363507755841,0.7737081701275264,True,0,long_short,1.5156910390192093,1.5753212756281503
2025-02-18,2.3610953508849475,-0.01114251638013175,2.3740077049035877,0.0,0.9896459100831437,0.9951147082889431,-0.005468798205799315,0.010354089916856268,0.0,0.00019439590783477007,0.0,True,0,long_short,1.5070982934800992,1.566649873534692
2025-02-19,2.3940811568393765,0.01397055224477306,2.3738145903245735,0.0,0.9959799148090629,0.9875146351518109,0.008465279657251969,0.004020085190937106,0.0,0.00019311457901410308,0.0,True,0,long_short,1.5213621024789363,1.573643219413981
2025-02-20,2.3949652886652224,0.000369299020344549,2.373620273323468,0.0,0.9982237647011032,0.9893113117971823,0.00891245290392088,0.001776235298896811,0.0,0.0001943170011057585,0.0,True,0,long_short,1.5250016451709456,1.5704673475265385
2025-02-21,2.424390363976274,0.012286222038504269,2.3734255308918426,0.0,1.0027593249734565,0.9817376141789773,0.021021710794479235,0.0,0.0,0.00019474243162505002,0.0,True,0,long_short,1.5345231162438873,1.5798982356880682
2025-02-24,2.4264083603130744,0.0008323726932699671,2.424508664593763,0.0,0.9975018361800047,0.99671891119904,0.0007829249809646364,0.002498163819995347,0.001438680317623746,0.0005868777234497842,1.1860771179897949,True,0,long_short,1.5327006913963575,1.5830934075605525
2025-02-25,2.426470092024017,2.5441600001396836e-05,2.424309888119872,0.0,0.9962672320087973,0.9953769659753334,0.0008902660334638693,0.003732767991202701,0.0,0.00019877647389168453,0.0,True,0,long_short,1.5331139300338872,1.5827069629263517
2025-02-26,2.45130194701802,0.010233736272137417,2.424111374220839,0.0,1.0006685849263899,0.9895762864723957,0.011092298453994254,0.0,0.0,0.00019851389903250037,0.0,True,0,long_short,1.545583972001667,1.58600373154968
2025-02-27,2.4368939104766563,-0.005877707786627773,2.4239119974856815,0.0,0.9966887416232288,0.9913615039723968,0.005327237650832106,0.0033112583767711534,0.0,0.00019937673515775165,0.0,True,0,long_short,1.5414625534326758,1.5808972492065725
2025-02-28,2.418540037483677,-0.007531666813262672,2.4237134350627683,0.0,0.9853228037722139,0.9874618618398545,-0.002139058067640549,0.014677196227786071,0.0,0.0001985624229132586,0.0,True,0,long_short,1.520896501411309,1.5902068518399537
2025-03-03,2.4214570039107093,0.0012060856474664927,2.4169976241899183,0.0,0.9932371348159833,0.9913955246971217,0.0018416101188616235,0.0067628651840166976,0.0012882916127600467,0.0005888751900035827,1.0654584756430137,True,0,long_short,1.5137228484878933,1.5996699833985997
2025-03-04,2.4326730581927682,0.004631944430128154,2.4168003128225,0.0,0.9954653856573794,0.9889405691322771,0.006524816525102342,0.004534614342620591,0.0,0.00019731136741837625,0.0,True,0,long_short,1.519739928546511,1.6007166834916238
2025-03-05,2.444258356097977,0.004762373581682855,2.416602578377677,0.0,0.9983448359403915,0.9870302473449165,0.011314588595474934,0.001655164059608527,0.0,0.00019773444482317092,0.0,True,0,long_short,1.5254948426544357,1.602272448096152
2025-03-06,2.4727568573276786,0.01165936536888701,2.4164042860272827,0.0,1.0041987880337273,0.9814094178886591,0.02278937014506808,0.0,0.0,0.0001982923503940492,0.0,True,0,long_short,1.5399316599527182,1.6057575291384045
2025-03-07,2.476475544228913,0.0015038627393608728,2.4162048240929326,0.0,1.0044218106550395,0.9800845139365509,0.024337296718488693,0.0,0.0,0.00019946193435042307,0.0,True,0,long_short,1.5420388939639562,1.6059747610275246
2025-03-10,2.4758012652187746,-0.00027227363973336693,2.490556726146607,0.0,0.998580075965254,1.0045399488900821,-0.005959872924828238,0.0014199240347460007,0.0006917636491004206,0.0005984766567225245,0.5553549972505134,True,0,long_short,1.544897245806937,1.6025669486682295
2025-03-11,2.4608073526964587,-0.0060561858227303755,2.49035231179512,0.0,0.9953329401856185,1.0073391458182075,-0.012006205632589083,0.004667059814381536,0.0,0.00020441435148697552,0.0,True,0,long_short,1.5397954468744228,1.5981391279546682
2025-03-12,2.461729457783416,0.00037471648723208517,2.49014856925457,0.0,0.9983116383020313,1.0098560065839723,-0.011544368281941018,0.00168836169796871,0.0,0.00020374254054973274,0.0,True,0,long_short,1.5410164113762332,1.5974712790922994
2025-03-13,2.4480270162961917,-0.005566184961511622,2.4899442411220063,0.0,0.9943758354767803,1.011498695864667,-0.017122860387886633,0.005624164523219677,0.0,0.00020432813256388667,0.0,True,0,long_short,1.5329794859566086,1.5969078769299876
2025-03-14,2.4479963126916884,-1.2542183684516317e-05,2.4897407197958894,0.0,1.00354816817004,1.0206006477378302,-0.017052479567790164,0.0,0.0,0.000203521326117129,0.0,True,0,long_short,1.544283756254303,1.5851985121111172
2025-03-17,2.4484774504265983,0.00019654348840925095,2.444536701548425,0.0,0.9993770889667594,0.997767619834223,0.0016094691325364127,0.0006229110332406362,0.000722856269078568,0.000616050400042099,0.5912307074049409,True,0,long_short,1.5488155830591972,1.5808708778551948
2025-03-18,2.4537169256329756,0.0021398911415191346,2.4443359060811978,0.0,0.9998433181873222,0.9960201308205244,0.0038231873667977255,0.0001566818126778058,0.0,0.00020079546722711619,0.0,True,0,long_short,1.5495235372661293,1.5835299475102789
2025-03-19,2.4484075803956973,-0.002163796965254594,2.4441350333590117,0.0,0.9927047521292187,0.990959721166688,0.001745030962530761,0.007295247870781285,0.0,0.00020087272218620477,0.0,True,0,long_short,1.541558079487584,1.5882681379150834
2025-03-20,2.44142106905219,-0.002853491959201704,2.443935613636285,0.0,0.9903141041731538,0.9913440553831151,-0.0010299512099613676,0.009685895826846203,0.0,0.0001994197227264103,0.0,True,0,long_short,1.5376843210609477,1.5877258001614374
2025-03-21,2.433447110080824,-0.0032661137697402864,2.443736685833806,0.0,0.9817354934747963,0.9859638885405267,-0.004228395065730515,0.018264506525203728,0.0,0.0001989278024787927,0.0,True,0,long_short,1.5230514984500012,1.5977444705955945
2025-03-24,2.4208806834946386,-0.005164043440322841,2.432380588426364,0.0,0.994660030086277,0.9994103281947839,-0.004750298108506898,0.005339969913722986,0.001371131856124383,0.0005916059938881361,1.1267639543488308,True,0,long_short,1.5164032388285817,1.5964623534863747
2025-03-25,2.4229165664819377,0.0008409679176588636,2.432181729262658,0.0,0.9975599346173917,1.0013839056566312,-0.0038239710392395845,0.002440065382608325,0.0,0.0001988591637050786,0.0,True,0,long_short,1.5206955428957982,1.5932949746588176
2025-03-26,2.4268728447889942,0.0016328578382709402,2.431982309839007,0.0,1.000315028873903,1.0024203987786278,-0.0021053699047250724,0.0,0.0,0.00019941942365127432,0.0,True,0,long_short,1.526217656469909,1.590122375076089
2025-03-27,2.419066760296258,-0.0032165197733774464,2.4317823580435394,0.0,1.0008997948011908,1.006156201096371,-0.005256406295180077,0.0,0.0,0.00019995179546781423,0.0,True,0,long_short,1.5258705784704085,1.5853682444819295
2025-03-28,2.410893695004324,-0.0033786026190252283,2.431582306617095,0.0,0.9967506833592497,1.0053319873195363,-0.008581303960286644,0.0032493166407503438,0.0,0.0002000514264442346,0.0,True,0,long_short,1.5200438429212009,1.5860685244256503
2025-03-31,2.4069790076144577,-0.0016237494825998011,2.530593884897903,0.0,0.9456934509993136,0.9970503082433487,-0.05135685724403515,0.05430654900068643,0.0010296869599198321,0.0005976366286721516,0.8540514545911887,True,0,long_short,1.5125744130277727,1.591312788900299
2025-04-01,2.414118776118391,0.002966277845110943,2.5303966345558635,0.0,0.9490177311877339,0.9971834882282525,-0.04816575704051858,0.050982268812266085,0.0,0.00019725034203922723,0.0,True,0,long_short,1.517717252783877,1.5906248490555717
2025-04-02,2.416756173106436,0.0010924884948226854,2.5301987726888364,0.0,0.949603255191342,0.996543282011087,-0.04694002681974491,0.05039674480865797,0.0,0.00019786186702742937,0.0,True,0,long_short,1.5207104025043394,1.589228408726914
2025-04-03,2.3969603525177217,-0.008191070662817213,2.530000821828954,0.0,0.9474558190651492,1.0029596446380207,-0.0555038255728715,0.052544180934850804,0.0,0.00019795085988230486,0.0,True,0,long_short,1.5150046666246824,1.582147174409681
2025-04-07,2.334395006437904,-0.026101952839603704,2.3688697271820827,0.0,0.9739477383716544,0.9887158991366931,-0.014768160765038747,0.02605226162834562,0.0008027189378930637,0.0007903740833005805,0.6774935828851875,True,0,long_short,1.4536404979525583,1.605895687225199
2025-04-08,2.3244847145414025,-0.004245336315906512,2.36868002415816,0.0,0.9859934406565769,1.0050063897804329,-0.019012949123856,0.014006559343423097,0.0,0.00018970302392305144,0.0,True,0,long_short,1.4676700912167684,1.5837923852589337
2025-04-09,2.336410199562621,0.0051303779055269505,2.368488014131497,0.0,0.9942801968264786,1.00800972710112,-0.013729530274641343,0.005719803173521387,0.0,0.00019201002666255246,0.0,True,0,long_short,1.4799282068627333,1.5787321227666338
2025-04-10,2.37124724394427,0.014910500043259,2.3682944422788132,0.0,0.9987057247893424,0.9974604722442953,0.001245252545047061,0.0012942752106576139,0.0,0.0001935718526841691,0.0,True,0,long_short,1.4935045820664339,1.587706708380753
2025-04-11,2.3731825984457746,0.0008161757515783297,2.368100040191491,0.0,0.9963340691791907,0.9941924058037672,0.0021416633754233723,0.003665930820809349,0.0,0.00019440208732213437,0.0,True,0,long_short,1.4891832663825415,1.5936135276423065
2025-04-14,2.3756697653048686,0.0010480301266000414,2.383264928455525,0.0,0.9981115086541018,1.0013085704939158,-0.0031970618398139833,0.0018884913458981911,0.0012385659311503067,0.0005817698918532591,1.0388459770061125,True,0,long_short,1.4918817005336014,1.5923982206197467
2025-04-15,2.367380677132176,-0.003489158423342187,2.3830694124147036,0.0,0.9924667954860085,0.9990938392200703,-0.006627043734061792,0.007533204513991532,0.0,0.00019551604082161924,0.0,True,0,long_short,1.4859544857266385,1.593171728927159
2025-04-16,2.355935677733026,-0.00483445670977356,2.3828750095010367,0.0,0.9878787633520141,0.9993134268798115,-0.011434663527797512,0.012121236647985922,0.0,0.00019440291366669,0.0,True,0,long_short,1.4777463210085853,1.5942761245550334
2025-04-17,2.358795820673758,0.0012140157168825105,2.3826815038992044,0.0,0.9894937503016202,0.9996199693732752,-0.010126219071655054,0.010506249698379766,0.0,0.0001935056018320933,0.0,True,0,long_short,1.4805710618322465,1.5931662325985791
2025-04-18,2.362280170030415,0.0014771729397338174,2.3824877039480246,0.0,0.9874408296401065,0.995995079120747,-0.008554249480640517,0.012559170359893512,0.0,0.00019379995117970234,0.0,True,0,long_short,1.480510561997471,1.595584814230086
2025-04-21,2.377520740541654,0.0064516354599222225,2.360057807980508,0.0,1.0012361712718056,0.9938911533027228,0.007345017969082858,0.0,0.0012583059716387648,0.0005801472554436529,1.0657666410726618,True,0,long_short,1.4865361332609695,1.5993696267080695
2025-04-22,2.3811400707549932,0.0015223127822283633,2.247573066309391,0.0,1.0025733970984678,0.9464796770833946,0.0560937200150732,0.0,5.6117202775370285e-05,0.00019421891760148665,0.047207390809281574,True,0,long_short,1.4902446669926346,1.5978182130053962
2025-04-23,2.398853725719879,0.00743914865926798,2.2473878306366304,0.0,1.0059623478007909,0.9428214011647906,0.06314094663600016,0.0,0.0,0.000185235672760974,0.0,True,0,long_short,1.4957837629765072,1.6037436594085797
2025-04-24,2.3874763382569895,-0.004742843359269666,2.362694177197509,0.0,0.9554976541240882,0.9451175885031766,0.010380065620911516,0.04450234587591184,5.77750069742365e-05,0.00018589238061966534,0.04809992516105504,True,0,long_short,1.4912480443693759,1.6009921000544305
2025-04-25,2.3906525958648337,0.001330382863673929,2.3625087158923512,0.0,0.9576102341889235,0.9458377666956693,0.011772467493254217,0.04238976581107645,0.0,0.0001854613051579595,0.0,True,0,long_short,1.4937667480171268,1.6004189402651126
2025-04-28,2.376978160894865,-0.00571995905788325,2.387699773541676,0.0,0.9936452845103583,0.9981558908016569,-0.004510606291298553,0.006354715489641727,0.001027333629614491,0.0005575486468482738,0.8601515229850175,True,0,long_short,1.4856597701572358,1.599947853904192
2025-04-29,2.3811762719473086,0.001766154658679353,2.5040956993695547,0.0,0.7983685335473606,0.8499898388956302,-0.05162130534826967,0.2016314664526394,0.00041397256929649496,0.00019500778796746008,0.34823442139932836,True,0,long_short,1.4905620257750525,1.5975023050175725
2025-04-30,2.3782255131835064,-0.001239202153391683,2.5039293452077103,0.0,0.7995050335309369,0.8523611783024795,-0.05285614477154251,0.20049496646906306,0.0,0.00016635416184448683,0.0,True,1,long_short,1.4927527566342844,1.5931811230050588
2025-05-06,2.395892917889949,0.007428818086638422,2.3779758503152393,0.0,1.0062653068670417,0.9987870646463962,0.007478242220645484,0.0,0.0016036148467898773,0.0009996692551328772,1.347813653855586,True,1,long_short,1.5050236090875704,1.5919304543949802
2025-05-07,2.3887327700202614,-0.002988509134203454,2.359497464036718,0.0,0.878750192140672,0.8665113572444205,0.012238834896251365,0.12124980785932804,0.00031295142798979774,0.0001966838510684705,0.2599617370642772,True,0,long_short,1.5050816323209224,1.587111767709701
2025-05-08,2.4058506467128993,0.00716609112056199,2.3593273382223634,0.0,0.880941810358557,0.8616042390283914,0.019337571330165497,0.11905818964144299,0.0,0.0001701258143543409,0.0,True,0,long_short,1.5140225172601431,1.5890454859724652
2025-05-09,2.3910010317133237,-0.006172292955867631,2.3591569636101157,0.0,0.8794611212143539,0.8661428216064321,0.013318299607921812,0.12053887878564606,0.0,0.0001703746122474272,0.0,True,0,long_short,1.5123837147181591,1.5809486762153477
2025-05-12,2.408273362071551,0.007223890801021593,2.3934087888735918,0.0,1.0010603634440836,0.9948880686240417,0.006172294820041844,0.0,0.000913729485080409,0.0005106448060451676,0.7632467874100585,True,0,long_short,1.5215135289659765,1.5828142939407301
2025-05-13,2.4033079016879144,-0.0020618342011494706,2.3932118604543664,0.0,1.0015650411196282,0.997364147332171,0.004200893787457174,0.0,0.0,0.00019692841922548708,0.0,True,0,long_short,1.5232931439888993,1.577705454246716
2025-05-14,2.402654973444485,-0.0002716789816946674,2.3930148489637246,0.0,1.0007999204055102,0.9967876404122077,0.004012279993302555,0.0,0.0,0.00019701149064194266,0.0,True,0,long_short,1.5231611765130444,1.5774134809192393
2025-05-15,2.390313922750048,-0.005136422345629166,2.3928180048446803,0.0,0.9976941872970868,0.9987417827910509,-0.0010475954939640803,0.0023058127029131903,0.0,0.00019684411904419592,0.0,True,0,long_short,1.516529545501183,1.5761736590236337
2025-05-16,2.3980026567644885,0.0032166210225621494,2.392621787881231,0.0,1.0001763267013433,0.9979324305705033,0.0022438961308399396,0.0,0.0,0.00019621696344967012,0.0,True,0,long_short,1.5171893828804572,1.5805559172921213
2025-05-19,2.4002599859691127,0.0009413372409143861,2.3943767097386033,0.0,0.9991847019286921,0.9967336023541044,0.002451099574587765,0.0008152980713078684,0.0010992431767764077,0.0005900657966579616,0.9177659875387929,True,0,long_short,1.5192676052750196,1.5798796588798554
2025-05-20,2.402489042467185,0.0009286729400574956,2.394180072496214,0.0,1.0031990613489206,0.9997405773250193,0.0034584840239011852,0.0,0.0,0.00019663724238915662,0.0,True,0,long_short,1.523162945514061,1.5773027104833852
2025-05-21,2.397640146680148,-0.002018280084248536,2.3939826588702684,0.0,1.004136249723733,1.0026107965338773,0.0015254531898556665,0.0,0.0,0.00019741362594519256,0.0,True,0,long_short,1.5250773584144657,1.572143297158929
2025-05-22,2.381696373479144,-0.006649777375091315,2.3937850780567946,0.0,1.0016232886974785,1.006698958590695,-0.005075669893216443,0.0,0.0,0.00019758081347380152,0.0,True,0,long_short,1.5201804097996996,1.5667195538935792
2025-05-23,2.3772829163816325,-0.001853072938539202,2.393588010830039,0.0,0.9997461354946734,1.0066048456364278,-0.006858710141754429,0.0002538645053266064,0.0,0.00019706722675567304,0.0,True,0,long_short,1.515451870081735,1.5686957555791035
2025-05-26,2.3726245635610628,-0.0019595281606868964,2.383545727024625,0.0,0.9973529159192288,1.0019559043697783,-0.004602988450549574,0.0026470840807711893,0.001216211780284714,0.0005900509733618096,1.019985903409882,True,0,long_short,1.5118922862356863,1.5693079362607438
2025-05-27,2.3627474224084253,-0.004162959999795768,2.3833503353651473,0.0,0.9957765194987738,1.0044964159893266,-0.008719896490552876,0.004223480501226229,0.0,0.00019539165947776236,0.0,True,0,long_short,1.508220547725171,1.5665795204634534
2025-05-28,2.372843342326081,0.00427295775329406,2.383155263749994,0.0,0.9961617363375944,1.0005075442718867,-0.004345807934292343,0.0038382636624055833,0.0,0.00019507161515320136,0.0,True,0,long_short,1.5092444455137073,1.5722061123891877
2025-05-29,2.389987341939152,0.007225087011545117,2.382960136544621,0.0,1.0001031483242082,0.9971628794486297,0.002940268875578663,0.0,0.0,0.00019512720537308737,0.0,True,0,long_short,1.5179935707427046,1.5744383823508616
2025-05-30,2.3790685067762123,-0.00456857447373793,2.3827642565451908,0.0,1.0019299902167456,1.0034834342468155,-0.001553444030069941,0.0,0.0,0.0001958799994301771,0.0,True,0,long_short,1.518883732054369,1.5663269390333114
2025-06-03,2.377694535981268,-0.0005775246870912687,2.3738176116437573,0.0,1.0018059671724573,1.0001754278921409,0.0016305392803163234,0.0,0.0012048247806535316,0.0007848841102975025,1.0145797043226177,True,0,long_short,1.523323924606592,1.5608594453049915
2025-06-04,2.3991003159023827,0.00900274597816697,2.373622150412257,0.0,1.0050620934107437,0.9944422100647895,0.010619883345954255,0.0,0.0,0.00019546123150042765,0.0,True,0,long_short,1.5308326263225935,1.567186558902631
2025-06-05,2.4028483101753246,0.0015622499184793082,2.373426060005108,0.0,1.007199115996829,0.9949543770985712,0.01224473889825783,0.0,0.0,0.00019609040714902194,0.0,True,0,long_short,1.5334553472301335,1.5669502959545367
2025-06-06,2.395525510700844,-0.0030475496282771353,2.3732295621056245,0.0,1.0082680892419098,0.9989607583470297,0.009307330894880058,0.0,0.0,0.0001964978994832475,0.0,True,0,long_short,1.5352119652398375,1.5603874676202152
2025-06-09,2.3993691782101103,0.0016045195478391339,2.3946612241019287,0.0,1.000605704039156,0.9986435407543486,0.001962163284807383,0.0,0.0012174099753994787,0.0005900636665009406,1.0162534596568265,True,0,long_short,1.5413663197773606,1.556650841155451
2025-06-10,2.3900614432781464,-0.003879242517780157,2.3944642831815144,0.0,0.9982855498103079,1.0001276948797373,-0.0018421450694293983,0.0017144501896920739,0.0,0.0001969409204140764,0.0,True,0,long_short,1.5370389894900112,1.5549777589384168
2025-06-11,2.4057220191778375,0.006552373765843944,2.394267814690401,0.0,0.9982765765867687,0.9935153429961353,0.004761233590633424,0.0017234234132312842,0.0,0.0001964684911139762,0.0,True,0,long_short,1.5418729616685782,1.5602595537925656
2025-06-12,2.4066006474865262,0.00036522436993324803,2.3940713663284527,0.0,0.9977161481646105,0.9925099328454386,0.00520621531917189,0.0022838518353894832,0.0,0.0001964483619482321,0.0,True,0,long_short,1.5425409364525302,1.5601535042701191
2025-06-13,2.3987099936070395,-0.0032787549890038736,2.393875045091711,0.0,0.9950943176735786,0.9930786723774762,0.002015645296102511,0.004905682326421412,0.0,0.00019632123674158695,0.0,True,0,long_short,1.5349250332749091,1.5627538424395637
2025-06-16,2.39970890306657,0.0004164361103229375,2.3931640718383878,0.0,0.9988213322806697,0.9960939884683354,0.002727343812334319,0.0011786677193302841,0.001281358329342673,0.0005873690307624319,1.070275658153474,True,0,long_short,1.538757397077752,1.5595108804180877
2025-06-17,2.400488233503521,0.0003247604057121656,2.392967605897641,0.0,0.9989936522826305,0.9958606947863534,0.0031329574962770373,0.0010063477173695157,0.0,0.0001964659407467304,0.0,True,0,long_short,1.5398095988825575,1.5589513373897392
2025-06-18,2.4076099019065813,0.0029667583051078417,2.3927711221814727,0.0,0.996833254690948,0.9906699722948434,0.006163282396104548,0.0031667453090520326,0.0,0.00019648371616794107,0.0,True,0,long_short,1.5399642095714277,1.5634193878938392
2025-06-19,2.402787238899714,-0.0020030915319995124,2.3925750827155974,0.0,0.9947162890162873,0.99046615982516,0.00425012919112733,0.005283710983712719,0.0,0.00019603946587549997,0.0,True,0,long_short,1.532434279843224,1.5679545090478735
2025-06-20,2.388786902063965,-0.005826706838246709,2.3923794761855106,0.0,0.9958846574169788,0.9973885898600283,-0.0015039324430494284,0.004115342583021153,0.0,0.00019560653008684098,0.0,True,0,long_short,1.5322839147567944,1.5589714667487817
2025-06-23,2.4010338603587997,0.005126852581221586,2.3880158050018094,0.0,1.0011522531863681,0.9957303990543133,0.005421854132054898,0.0,0.001289583173763143,0.0005874777862337301,1.079462826430776,True,0,long_short,1.538923683173333,1.5602033334153094
2025-06-24,2.4199634243749384,0.007883922142318367,2.3878193023384733,0.0,1.0050015501499887,0.9917186543373099,0.013282895812678686,0.0,0.0,0.0001965026633357249,0.0,True,0,long_short,1.549486388244776,1.5617842420133936
2025-06-25,2.4312515794225806,0.004664597379424373,2.3876220484038897,0.0,1.0111153879622097,0.9931700912319336,0.017945296730276113,0.0,0.0,0.000197253934583558,0.0,True,0,long_short,1.5618789479680193,1.556619725610363
2025-06-26,2.421701338259762,-0.003928117206647319,2.3874235843200866,0.0,1.008519156163223,0.9943647460391787,0.01415441012404431,0.0,0.0,0.0001984640838035266,0.0,True,0,long_short,1.560910596811411,1.551467036745572
2025-06-27,2.4310116788525202,0.0038445453391244833,2.387225662037659,0.0,1.009800252334847,0.9917888140535099,0.01801143828133712,0.0,0.0,0.00019792228242751294,0.0,True,0,long_short,1.5641768802888707,1.5541795237400282
2025-06-30,2.4428844965137904,0.004883899886023668,2.4312515693233943,0.0,1.0005763215713404,0.9958143579144435,0.004761963656896894,0.0,0.00043025723227763677,0.0005945055262814894,0.3538762576410497,True,0,long_short,1.569633187025156,1.5563410080183524
2025-07-01,2.443737994061526,0.0003493810489008098,2.4310516247105434,0.0,1.0039283450614045,0.9987369663694943,0.005191378691910193,0.0,0.0,0.00019994461285109823,0.0,True,0,long_short,1.5771726693588504,1.5494422656049134
2025-07-02,2.4352263453133656,-0.0034830447326367198,2.4308510232197937,0.0,1.0007545178687112,0.9989578380233277,0.0017966798453835382,0.0,0.0,0.00020060149074993547,0.0,True,0,long_short,1.5720715780267431,1.5490556405644393
2025-07-03,2.441966211566486,0.0027676549517015037,2.430651076224313,0.0,1.0073188058074163,1.0026851891387751,0.004633616668641094,0.0,0.0,0.00019994699548041284,0.0,True,0,long_short,1.5808040746461822,1.5447620933752022
2025-07-04,2.4250381853211707,-0.006932129595051184,2.430449827729569,0.0,1.0069739674108231,1.0092055373882178,-0.0022315699773946982,0.0,0.0,0.0002012484947437019,0.0,True,0,long_short,1.5831005917662202,1.5318282350053478
2025-07-07,2.4208758970300934,-0.001716380515685123,2.4255947904373953,0.0,0.995680395346001,0.997629645785931,-0.0019492504399300555,0.004319604653999054,0.0008427520426655181,0.0006034591146585206,0.6946414469042069,True,0,long_short,1.5800334978032546,1.5321674511305459
2025-07-08,2.4289890011622903,0.0033513093926664794,2.425396285980109,0.0,1.00115067245476,0.9996715734631788,0.0014790989915812053,0.0,0.0,0.00019850445728595865,0.0,True,0,long_short,1.5921246197532315,1.525627435833991
2025-07-09,2.442079854936065,0.005389424887272343,2.4251967086165434,0.0,0.998138946356264,0.9912255170982499,0.006913429258014006,0.0018610536437360103,0.0,0.00019957736356575301,0.0,True,0,long_short,1.5881815164867357,1.537657899670224
2025-07-10,2.436817410707198,-0.0021549026000236005,2.4249977509288447,0.0,1.0027273060117792,0.9978768565171149,0.004850449494664243,0.0,0.0,0.000198957687698977,0.0,True,0,long_short,1.5946121889830862,1.5281567691146283
2025-07-11,2.4368740175098638,2.3229808855163014e-05,2.4247978898030063,0.0,1.0051843711037307,1.0002287896415434,0.0049555814621873384,0.0,0.0,0.00019986112583857596,0.0,True,0,long_short,1.5951011408641358,1.5277238258319488
2025-07-14,2.4415216036191425,0.0019071917858224374,2.434620897114078,0.0,0.9928100308287146,0.9899836349881717,0.0028263958405429315,0.0071899691712854485,0.0008300537247519509,0.0006010105189420643,0.6816427359919194,True,0,long_short,1.588360539389638,1.5371331275689775
2025-07-15,2.4420264137324583,0.00020676045322209902,2.4344222341196624,0.0,0.98924447409488,0.9861305931106145,0.0031138809842656007,0.010755525905119967,0.0,0.00019866299441531743,0.0,True,0,long_short,1.5826250842928986,1.5430226893083347
2025-07-16,2.445495888098673,0.0014207358064206588,2.4342243034109696,0.0,0.9921628952431466,0.9875537749651047,0.004609120278041931,0.007837104756853397,0.0,0.00019793070869307747,0.0,True,0,long_short,1.5886892197785636,1.5393167257970906
2025-07-17,2.4578656325879793,0.005058174315281105,2.43402580543596,0.0,0.9982583943404213,0.9885589922104043,0.009699402130016976,0.0017416056595787044,0.0,0.00019849797500987552,0.0,True,0,long_short,1.6020342096492637,1.534215447949819
2025-07-18,2.457203369515786,-0.0002694464105001959,2.433826100353269,0.0,1.00218630820717,0.9926725376122988,0.009513770594871303,0.0,0.0,0.00019970508269093922,0.0,True,0,long_short,1.605740620579709,1.5302616985728865
2025-07-21,2.4579612108970195,0.00030841622253774403,2.4552813470941257,0.0,1.004350722190191,1.0032604430633225,0.0010902791268685445,0.0,0.0010349710656460114,0.0006014461572115217,0.842701779078187,True,0,long_short,1.6183153874076848,1.5188394240224892
2025-07-22,2.465057996329731,0.002887265023243213,2.45507866419658,0.0,1.0084636885740497,1.0044153732208168,0.004048315353232878,0.0,0.0,0.00020268289754605517,0.0,True,0,long_short,1.626031416042858,1.5159965373416613
2025-07-23,2.462095498442783,-0.0012017964248138835,2.4548751621022733,0.0,1.006600486767565,1.0036678887651411,0.0029325980024239424,0.0,0.0,0.00020350209430639604,0.0,True,0,long_short,1.6254409235034428,1.5147246896774518
2025-07-24,2.4793671493878313,0.007015020723595944,2.454672055840011,0.0,1.013056901264582,1.0030966605822296,0.009960240682352508,0.0,0.0,0.00020310626226248432,0.0,True,0,long_short,1.6382534440680796,1.5134209901192786
2025-07-25,2.4888520779914827,0.00382554419420833,2.4544676411900457,0.0,1.0158087708731545,1.0019933910418286,0.013815379831325981,0.0,0.0,0.0002044146499650588,0.0,True,0,long_short,1.6401031115312685,1.517497321048179
2025-07-28,2.4937165042288787,0.0019544858774096507,2.484150100778463,0.0,0.9881746026571898,0.984338399370171,0.0038362032870188317,0.011825397342810184,0.0012723283848077467,0.0006149128767357175,1.0238327053611427,True,0,long_short,1.6286916397719546,1.5311164147548781
2025-07-29,2.5316582337287423,0.015214932986777452,2.4839483478267703,0.0,0.9875164021376176,0.9686710914766672,0.01884531066095045,0.0124835978623824,0.0,0.00020175295169224376,0.0,True,0,long_short,1.6310125691060247,1.5522003212497444
2025-07-30,2.544352425371296,0.005014180616258468,2.4837467852943447,0.0,0.9875282816923677,0.963708609750456,0.02381967194191168,0.012471718307632274,0.0,0.0002015625324256366,0.0,True,0,long_short,1.6296939557480858,1.5612455433102164
2025-07-31,2.559218010586941,0.005842581030603977,2.4835452498692567,0.0,0.9793828721620964,0.9498141678138767,0.029568704348219756,0.020617127837903593,0.0,0.00020153542508792648,0.0,True,0,long_short,1.6147069791335715,1.5849426822693122
2025-08-01,2.6065581752557754,0.018497902278351575,2.4833454596069298,0.0,0.9813030249235628,0.9340327522634273,0.047270272660135504,0.018696975076437194,0.0,0.00019979026232711672,0.0,True,0,long_short,1.6176799622424423,1.6112940977784884
2025-08-04,2.6311440536042463,0.00943231522007304,2.6042100138003326,0.0,1.002798665168348,0.9925620383416951,0.010236626826653019,0.0,0.0010108321172605157,0.0006003149686936986,0.77600493550825,True,0,long_short,1.632209121393803,1.6120140606477045
2025-08-05,2.6353643905067465,0.0016039930982567618,2.60399536390677,0.0,1.007486649645601,0.9955835417820447,0.01190310786355632,0.0,0.0,0.00021464989356296388,0.0,True,0,long_short,1.6455901988852464,1.601470640923841
2025-08-06,2.6465038533915455,0.004226915611718063,2.603779715242623,0.0,1.0121844539597789,0.996040839396675,0.01614361456310395,0.0,0.0,0.00021564866414687558,0.0,True,0,long_short,1.6552156872179768,1.5988876095294189
2025-08-07,2.6197267192482685,-0.010117927509896374,2.603563055577999,0.0,1.0162396325408596,1.0100696516983894,0.006169980842470092,0.0,0.0,0.00021665966462454655,0.0,True,0,long_short,1.6536126184965332,1.5842445140689163
2025-08-08,2.6140239459514913,-0.002176858087859501,2.60334556737623,0.0,1.017700029865075,1.0136149951461697,0.004085034718905304,0.0,0.0,0.00021748820176899144,0.0,True,0,long_short,1.6549733340786725,1.5794961115834079
2025-08-11,2.6322373806059725,0.006967585236810736,2.6267386031102804,0.0,1.000017345659816,0.9979283328921204,0.0020890127676957975,0.0,0.0009279638057633812,0.0006533294472215979,0.7063025556187552,True,0,long_short,1.6660731078588225,1.5799050883120187
2025-08-12,2.6197233755603144,-0.004754132411407763,2.6265227030340337,0.0,0.9990474994126345,1.0016429366015953,-0.002595437188960792,0.0009525005873655124,0.0,0.00021590007624694026,0.0,True,0,long_short,1.6618908356548523,1.5763510570945758
2025-08-13,2.637374212424556,0.006737672011063678,2.6263070295478705,0.0,1.001774238740579,0.9975779503168323,0.004196288423746674,0.0,0.0,0.00021567348616274607,0.0,True,0,long_short,1.6732386233775607,1.5762092600401572
2025-08-14,2.620111219565576,-0.006545522731531639,2.6260907840935377,0.0,0.9998947533218207,1.0021769329801915,-0.0022821796583708857,0.0001052466781793493,0.0,0.0002162454543327911,0.0,True,0,long_short,1.666443536671745,1.5722772250648922
2025-08-15,2.6314611756118835,0.004331860404074517,2.6258749636804346,0.0,1.005023520306889,1.0029006647682168,0.0021228555386721562,0.0,0.0,0.00021582041310338774,0.0,True,0,long_short,1.6814209606807682,1.5650222265258702
2025-08-18,2.65178667796385,0.007724036569622061,2.6313373500147335,0.0,1.0075894378634196,0.99987790958739,0.0077115282760296415,0.0,0.0011034893683059778,0.0006507355468766082,0.8383773354348968,True,0,long_short,1.6969092721834498,1.5627156509974978
2025-08-19,2.685727235727842,0.01279912824286944,2.8782708382838584,0.0,0.9139125073889789,0.9856039286154668,-0.07169142122648796,0.08608749261102111,0.0001236375271277249,0.00021792845919733014,0.09337715982280025,True,0,long_short,1.6996038145322727,1.5802078182949644
2025-08-20,2.6891362456290295,0.0012693060768933506,2.8780532714360727,0.0,0.9196665209131628,0.989918456312164,-0.07025193539900115,0.08033347908683719,0.0,0.0002175668477854454,0.0,True,0,long_short,1.705687762829326,1.5765700524041977
2025-08-21,2.6459166120757525,-0.016071938944531627,2.8778344748113263,0.0,0.9270568483988797,1.014708084903129,-0.08765123650424923,0.0729431516011203,0.0,0.00021879662474680905,0.0,True,0,long_short,1.7128362959383028,1.544757440246969
2025-08-22,2.6505192637146733,0.0017395301189442325,2.8776138036076344,0.0,0.9367497068631199,1.0224289709235101,-0.08567926406039031,0.06325029313688013,0.0,0.00022067120369200782,0.0,True,0,long_short,1.729087400679438,1.532900686612581
2025-08-25,2.6233009221970973,-0.010269060063132662,2.639022472575618,0.0,1.0017596458789262,1.0077526870300548,-0.005993041151128484,0.0,0.001505887482225436,0.0006682112095593041,1.1405955754949353,True,0,long_short,1.7370992062846238,1.510161833421084
2025-08-26,2.6205019511744854,-0.0010669652874850666,2.8564215117311926,0.0,0.9183623004008697,1.0083906861652727,-0.09002838576440286,0.08163769959913025,0.00010886259355483461,0.00021728536053966128,0.0830448495620022,True,0,long_short,1.736307755229698,1.509238176977339
2025-08-27,2.6349284268881337,0.0055052337233263415,2.8562043207919614,0.0,0.8880758734755911,0.9720538258350621,-0.08397795235947089,0.11192412652440886,0.0,0.00021719093923087192,0.0,True,0,long_short,1.6874182279279974,1.5615147349235383
2025-08-28,2.6184128644285902,-0.0062679358919243144,2.8559938036200583,0.0,0.8900296324000725,0.9807643451793405,-0.090734712779268,0.10997036759992751,0.0,0.0002105171719034114,0.0,True,0,long_short,1.690606675360717,1.5488007367946253
2025-08-29,2.628430247421105,0.003825746171890021,2.855782731347862,0.0,0.8884432891772154,0.9749407277719142,-0.0864974385946989,0.11155671082278462,0.0,0.00021107227219647676,0.0,True,0,long_short,1.6844887622441405,1.5603726818096488
2025-09-01,2.6421722234630463,0.005228206476250996,2.627078681855848,0.0,0.9844161512837799,0.978703601029423,0.005712550254356979,0.015583848716220094,0.001515277495256712,0.0006318650215031782,1.1529186467664052,True,0,long_short,1.6723176814482035,1.5799463539576777
2025-09-02,2.6433809590728674,0.0004574779793260486,3.0077456323078016,0.0,0.8346808123922532,0.9725212065224774,-0.13784039413022417,0.16531918760774678,0.00019053501273794742,0.00021254001120355072,0.14425522184623116,True,0,long_short,1.6576505402175306,1.5946551428903593
2025-09-03,2.660989860845182,0.006661507382004661,3.0075343382771482,0.0,0.8393579250425122,0.9695893410020967,-0.13023141595958457,0.16064207495748783,0.0,0.0002112940306533771,0.0,True,0,long_short,1.66194107528373,1.6011336986727356
2025-09-04,2.653192709569037,-0.002930169479739675,3.007322277942442,0.0,0.8402456155529258,0.9737186072041532,-0.13347299165122736,0.15975438444707424,0.0,0.00021206033470603898,0.0,True,0,long_short,1.6587681950599587,1.5994957688908025
2025-09-05,2.659050542445081,0.002207842971570395,3.0071099385087594,0.0,0.8617692203916585,0.9926653393287685,-0.1308961189371101,0.13823077960834151,0.0,0.00021233943368266652,0.0,True,0,long_short,1.694711111519947,1.5690288004663169
2025-09-08,2.6864541535619852,0.010305787979383751,2.669456857723477,0.0,1.0037582347207037,0.9974311973446995,0.006327037376004156,0.0,0.0010520607803157715,0.0006508472816733516,0.7879103290208896,True,0,long_short,1.7054648687012066,1.5752034550015968
2025-09-09,2.675815739026901,-0.003960020877698089,2.669236620475559,0.0,0.9942958044745188,0.991837070692747,0.0024587337817718624,0.005704195525481182,0.0,0.00022023724791772373,0.0,True,0,long_short,1.6890927642905211,1.5841733477266056
2025-09-10,2.6691210312699787,-0.002501931526629253,2.669018485688355,0.0,0.9873130199894445,0.9872746007568872,3.8419232557288814e-05,0.01268698001055546,0.0,0.00021813478720356073,0.0,True,0,long_short,1.6784278109603057,1.5902507178684389
2025-09-11,2.6695737389809246,0.00016960928546971843,2.6688018975732444,0.0,0.9973705393665254,0.9970814140292441,0.0002891253372813964,0.0026294606334745785,0.0,0.00021658811511114076,0.0,True,0,long_short,1.69911769305285,1.571152928308592
2025-09-12,2.6773220935843276,0.0029024688437191415,2.668583120941037,0.0,0.9965680579321501,0.9933039857219997,0.0032640722101503583,0.0034319420678499135,0.0,0.00021877663220699477,0.0,True,0,long_short,1.7019371268734604,1.5731028199042205
2025-09-15,2.687179119853011,0.003681673673968433,2.6688035808064487,0.0,0.9894340770960277,0.982595850752721,0.006838226343306591,0.010565922903972291,0.0010916270267215292,0.0006557411605361626,0.8177302416355671,True,0,long_short,1.6896280639982113,1.5903968317703414
2025-09-16,2.715047355071916,0.010370814142240725,2.668586560719868,0.0,0.9817769488991198,0.964664615935477,0.017112332963642698,0.018223051100880183,0.0,0.0002170200865805685,0.0,True,0,long_short,1.686657557490764,1.609720564209302
2025-09-17,2.7255792214265755,0.0038790728032735977,2.668371291395428,0.0,0.9848521005143623,0.9638628261680435,0.02098927434631875,0.015147899485637661,0.0,0.00021526932444058215,0.0,True,0,long_short,1.6962681862149536,1.6068091375977656
2025-09-18,2.711609543950572,-0.005125397701223999,2.668155366642717,0.0,0.9793976975410605,0.9633724635965946,0.0160252339444659,0.02060230245893946,0.0,0.0002159247527103382,0.0,True,0,long_short,1.684813550830829,1.6094419127940898
2025-09-19,2.717753913996592,0.00226594940990954,2.667940657878334,0.0,0.9757814620787693,0.9574526296330806,0.018328832445688628,0.024218537921230743,0.0,0.00021470876438364663,0.0,True,0,long_short,1.6756221753476264,1.6219371848744861
2025-09-22,2.7179491876155017,7.185110392238236e-05,2.7140098057390634,0.0,0.9916361383103488,0.9901867433421173,0.0014493949682315202,0.008363861689651197,0.0016462888066001006,0.0006416187858867043,1.2124427757304301,True,0,long_short,1.6685005310541052,1.6289771186937463
2025-09-23,2.7236514429025114,0.0020979992241916268,2.713788604868818,0.0,0.9909402108168133,0.9873190286499854,0.0036211821668277987,0.009059789183186728,0.0,0.00022120087024556274,0.0,True,0,long_short,1.665444404897444,1.6353901906862094
2025-09-24,2.7443644871985824,0.0076048807016206865,2.7135675818909832,0.0,0.9987967602637519,0.9875748888792274,0.011221871384524447,0.0012032397362481406,0.0,0.00022102297783460043,0.0,True,0,long_short,1.6870219717002295,1.6267508860200157
2025-09-25,2.7374902080995693,-0.002504871029733513,2.713344820346861,0.0,1.005610444823431,0.9967901803047605,0.008820264518670485,0.0,0.0,0.00022276154412240312,0.0,True,0,long_short,1.6947440149388597,1.6152824166771453
2025-09-26,2.737327283533195,-5.951603621889845e-05,2.7131205433585226,0.0,1.0041048385076923,0.9952616357528401,0.0088432027548521,0.0,0.0,0.00022427698833814402,0.0,True,0,long_short,1.691346471585952,1.6184308357390793
2025-09-29,2.777465029731004,0.014663115528517068,2.749524454215432,0.0,1.0058687604842214,0.9958090206795847,0.010059739804636729,0.0,0.0011969227732154758,0.0006717592183068803,0.8702610036977333,True,0,long_short,1.7059828321989319,1.62807325918455
2025-09-30,2.7970308727545112,0.007044496623384022,2.7492971261553314,0.0,1.0083913814353191,0.9913255181071207,0.017065863328198462,0.0,0.0,0.00022732806010094996,0.0,True,0,long_short,1.7176741599191072,1.6283826921435645
2025-10-09,2.7833235319101823,-0.0049006755620220055,2.7954769290054107,0.0,1.0040670345941272,1.0084335399449755,-0.0043665053508484,0.0,0.0010346326192021342,0.00205108871604286,0.7399451755536975,True,0,long_short,1.7258826784373635,1.612695675484871
2025-10-10,2.7752415913359187,-0.0029037014495821856,2.7952462333778407,0.0,1.0014938787428944,1.0087021312079678,-0.007208252465073491,0.0,0.0,0.000230695627569562,0.0,True,0,long_short,1.7181241937777865,1.615274146878613
2025-10-13,2.7624879859757026,-0.004595493740087941,2.727190189613425,0.0,1.0016151543010965,0.9888376158859168,0.012777538415179764,0.0,0.0011463637622688729,0.0006902610676761042,0.8403389683362262,True,0,long_short,1.7109830904730803,1.6145618278506102
2025-10-14,2.7186048155020166,-0.015885379663718835,2.726965670268168,0.0,0.9943334762232727,0.9974088973799171,-0.0030754211566444817,0.0056665237767272725,0.0,0.0002245193452574549,0.0,True,0,long_short,1.697651545010108,1.6013915361446154
2025-10-15,2.73774803369133,0.007041559729518143,2.726742802271063,0.0,0.9960371271127291,0.9920173154701548,0.004019811642574155,0.00396287288727093,0.0,0.000222867997104789,0.0,True,0,long_short,1.7059325925700541,1.6048395145360377
2025-10-16,2.707910478771185,-0.010898575965705093,2.726519578151489,0.0,0.9946637105393378,1.00153583556939,-0.006872125030052203,0.005336289460662225,0.0,0.00022322411957393162,0.0,True,0,long_short,1.693702073339952,1.5988115745948348
2025-10-17,2.6873286639441614,-0.007600626013443135,2.7262966683391054,0.0,0.9920102466409767,1.0065108936655764,-0.01450064702459986,0.0079897533590233,0.0,0.00022290981238382512,0.0,True,0,long_short,1.6777884939928265,1.6017088408735096
2025-10-20,2.6966761332363864,0.003478349863803354,2.7087589175054694,0.0,0.9990958901458514,1.0035765113521444,-0.004480621206292876,0.0009041098541485715,0.001153204039049521,0.0006669432924952335,0.8511006905952733,True,0,long_short,1.6788092075795324,1.606302920582852
2025-10-21,2.7134384107060723,0.006215903075305063,2.7085364801773015,0.0,1.0073529605059222,1.005546422163489,0.0018065383424330555,0.0,0.0,0.00022243732816766817,0.0,True,0,long_short,1.695416235325252,1.60045560150338
2025-10-22,2.688618386464894,-0.009147074849109926,2.7083122208661528,0.0,1.0057692754184409,1.0130941655926664,-0.007324890174225679,0.0,0.0,0.0002242593111490253,0.0,True,0,long_short,1.6887216278771917,1.5921027729387365
2025-10-23,2.682150715592814,-0.00240557414344833,2.7080883449537554,0.0,1.0087895113636385,1.0184599706745756,-0.009670459310937312,0.0,0.0,0.00022387591239721256,0.0,True,0,long_short,1.6910422034110586,1.58609330398884
2025-10-24,2.7020185669377454,0.007407432859543928,2.707863824695743,0.0,1.0142099742004274,1.0163732671657388,-0.0021632929653113723,0.0,0.0,0.00022452025801211916,0.0,True,0,long_short,1.70250073059742,1.5870880513452628
2025-10-27,2.72627191140367,0.008976009551781683,2.745828358824589,0.0,1.003536953051849,1.0107102828063452,-0.007173329754496251,0.0,0.001027389230777301,0.0006771598616270967,0.7480474586294822,True,0,long_short,1.7165787944894912,1.5882008563518697
2025-10-28,2.714894455024279,-0.004173265451549724,2.74560188175161,0.0,1.0018108012640263,1.013121527053201,-0.0113107257891748,0.0,0.0,0.00022647707297932592,0.0,True,0,long_short,1.7125097383505976,1.585330812564679
2025-10-29,2.740611127796588,0.009472439241502428,2.745375811777687,0.0,1.0062009865913228,1.0079395345862476,-0.0017385479949247318,0.0,0.0,0.00022606997392294234,0.0,True,0,long_short,1.7288715825553858,1.585202252989655
2025-10-30,2.7494924992025127,0.0032406536322666657,2.7451487676430597,0.0,1.0032122024425536,1.0016323721427025,0.0015798302998511276,0.0,0.0,0.00022704413462738495,0.0,True,0,long_short,1.7139663337878488,1.6041694897974812
2025-10-31,2.716867337439955,-0.011865884984963881,2.7449224130654573,0.0,1.0029942291305207,1.0133204880681173,-0.010326258937596365,0.0,0.0,0.0002263545776025847,0.0,True,0,long_short,1.7158655332795085,1.5833800986999524
2025-11-03,2.7146824667933847,-0.0008041874612209066,2.7175261263892976,0.0,0.9977919079132568,0.9988394188581636,-0.0010475109449068468,0.0022080920867432186,0.0009502109318915941,0.000678836055548461,0.6990761102801726,True,0,long_short,1.7191357085592054,1.5790972482728194
2025-11-04,2.681278461229009,-0.012304940254700525,2.894497509153085,0.0,0.927555267253971,1.0070766787773169,-0.07952141152334592,0.07244473274602903,8.86414449204162e-05,0.00022286563212463157,0.06542207017417359,True,0,long_short,1.7075660881089874,1.570234077556753
2025-11-05,2.6968962247235284,0.005824745068574888,3.064266980010731,0.0,0.8694330870964988,1.0056529208147442,-0.13621983371824528,0.1305669129035012,8.50382238424271e-05,0.00022193860336534234,0.063605010588436,True,0,long_short,1.7202109073772296,1.567770680419316
2025-11-06,2.6796131412511084,-0.006408508905155097,3.0640440642656195,0.0,0.874766809369394,1.0182318928534304,-0.14346508348403642,0.125233190630606,0.0,0.00022291574511184708,0.0,True,0,long_short,1.7292766837882378,1.549557202946273
2025-11-07,2.6812258327369154,0.0006018374298066842,3.0638198066578717,0.0,0.8752690442175405,1.017962721583171,-0.14269367736563066,0.12473095578245952,0.0,0.0002242576077477569,0.0,True,0,long_short,1.7305772533358053,1.549324554895582
2025-11-10,2.6610314286602663,-0.007531780363325691,2.685389635192092,0.0,1.007254834117929,1.0164085052356315,-0.00915367111770244,0.0,0.0010539426098727283,0.0006729997674752815,0.7846378152747653,True,0,long_short,1.7403654897620835,1.5290072368787562
2025-11-11,2.654124897373516,-0.0025954339405257487,2.6851673314953697,0.0,1.0052594826536103,1.0169554032761,-0.011695920622489654,0.0,0.0,0.00022230369672243436,0.0,True,0,long_short,1.7375244741290676,1.5275323812079789
2025-11-12,2.6460463492250788,-0.0030437709078541264,2.6849454854689023,0.0,1.005335213669679,1.0200360658506,-0.014700852180920963,0.0,0.0,0.0002218460264674209,0.0,True,0,long_short,1.7301675527003093,1.52935843993568
2025-11-13,2.6986185603478083,0.019868212489220438,2.6847236446983715,0.0,1.010183387007089,1.0050344875466013,0.005148899460487683,0.0,0.0,0.00022184077053056647,0.0,True,0,long_short,1.7498473352122483,1.5422022859042606
2025-11-14,2.686204659623479,-0.004600094621275308,2.894879624036762,0.0,0.9282387347622703,1.0059226758073776,-0.07768394104510733,0.07176126523772974,0.0001052420711728041,0.00022292093604517042,0.07827575864091134,True,0,long_short,1.7396557665541346,1.5441012591498169
2025-11-17,2.6660097641462634,-0.0075180032931840834,2.686034727743974,0.0,0.9955304462613932,1.0030416579107337,-0.007511211649340592,0.004469553738606802,0.0012747632973404068,0.0006662747290622538,0.9487283110412743,True,0,long_short,1.7362543313989898,1.5354949536673708
2025-11-18,2.651422666254732,-0.005471509552480103,2.6858149371532476,0.0,0.9922182413033697,1.0051894930529435,-0.012971251749573788,0.0077817586966303365,0.0,0.00021979059072620323,0.0,True,0,long_short,1.7267293223240145,1.5355172533273296
2025-11-19,2.630578137304757,-0.00786163941919471,2.6855958810815412,0.0,0.9982967175109094,1.019211414168867,-0.020914696657957654,0.001703282489090574,0.0,0.00021905607170643923,0.0,True,0,long_short,1.7308288052803973,1.5198372763842458
2025-11-20,2.6338465151801183,0.0012424561084165564,2.8599287752009377,0.0,0.9301896711184195,1.0160269660092949,-0.08583729489087526,0.06981032888158045,8.73202900237542e-05,0.00022036563808800703,0.06634006298409703,True,0,long_short,1.7267643485441475,1.5253074441806382
2025-11-21,2.620396100707471,-0.005106757130730943,2.8597088251392595,0.0,0.9243579010642814,1.0156848284578832,-0.09132692739360182,0.0756420989357186,0.0,0.0002199500616782967,0.0,True,0,long_short,1.7086462401298588,1.533609496901078
2025-11-24,2.6423521939771417,0.008378921516385418,2.6213984578955642,0.0,0.9954878998847199,0.9875579440940653,0.007929955790654569,0.004512100115280138,0.0008861777938574525,0.0006562594267492867,0.6758822301717591,True,0,long_short,1.7123830778777933,1.5430847385223443
2025-11-25,2.647395884297449,0.001908788060805744,2.8131100998882856,0.0,0.9224358288886175,0.9850310065021133,-0.06259517761349576,0.07756417111138247,9.601106526461996e-05,0.00021447747125395966,0.0725770683805723,True,0,long_short,1.7162310088895838,1.5425638335309748
2025-11-26,2.6433010216147133,-0.0015467511704705394,2.8128957628719142,0.0,0.91564365350545,0.9798038607124222,-0.06416020720697224,0.08435634649455004,0.0,0.00021433701637143027,0.0,True,0,long_short,1.7015638676589113,1.5534538972383602
2025-11-27,2.6487590063865745,0.002064836629362521,2.812682893018818,0.0,0.9108355426730393,0.9727225947744189,-0.06188705210137949,0.08916445732696066,0.0,0.00021286985309615226,0.0,True,0,long_short,1.6924775708361077,1.5650186755964217
2025-11-28,2.662007152180155,0.00500164256606106,2.81247112525989,0.0,0.9154508617502881,0.9719736148753151,-0.05652275312502694,0.08454913824971189,0.0,0.0002117677589280378,0.0,True,0,long_short,1.703998013058058,1.5622125916701148
2025-12-01,2.66561101093989,0.001353812575891622,2.6564960083887397,0.0,0.9991723196423776,0.9957528400132261,0.0034194796291515312,0.0008276803576223735,0.0012585325157631474,0.0006379892172809971,0.9470645211162628,True,0,long_short,1.7056368156000417,1.5628245043492042
2025-12-02,2.660968411887959,-0.0017416641186120962,2.6562778475886426,0.0,0.9962803037766829,0.9945175754863501,0.0017627282903327113,0.003719696223317137,0.0,0.00021816080009703467,0.0,True,0,long_short,1.696754307694376,1.5682697252166102
2025-12-03,2.6569404451420717,-0.0015137221200717255,2.6560603369157576,0.0,0.9969878953800619,0.996656646620639,0.00033124875942285573,0.0030121046199380608,0.0,0.000217510672885198,0.0,True,0,long_short,1.6931823408412094,1.5691992416020868
2025-12-04,2.6621369690961108,0.0019558300463753397,2.6558426883660866,0.0,0.9949684498882604,0.9926040784065927,0.0023643714816676434,0.005031550111739613,0.0,0.00021764854967063385,0.0,True,0,long_short,1.6893796962554495,1.5758073658614467
2025-12-05,2.6846754336314107,0.008466305376823913,2.6556255008581853,0.0,0.9995062807441905,0.988685630914676,0.010820649829514493,0.0004937192558095438,0.0,0.00021718750790151493,0.0,True,0,long_short,1.7053180416168103,1.5742960363487815
2025-12-08,2.685943302912406,0.00047226166154468174,2.6854741929169053,0.0,0.9999662588472197,0.999791605125009,0.00017465372221073608,3.374115278031997e-05,0.001171811222841025,0.0006544849376468226,0.8723227556108453,True,0,long_short,1.7121301107323876,1.5687728906090297
2025-12-09,2.6772903620925788,-0.0032215649565068283,2.685253476459418,0.0,0.9947504642086522,0.9977247827508574,-0.002974318542205179,0.0052495357913477925,0.0,0.0002207164574871421,0.0,True,0,long_short,1.7016452417056849,1.5733540085058697
2025-12-10,2.6724785900190735,-0.0017972544710258553,2.685033925861209,0.0,0.9980055984252575,1.0027036101844633,-0.004698011759205807,0.0019944015747425103,0.0,0.00021955059820929717,0.0,True,0,long_short,1.7091801246367357,1.5636026604200506
2025-12-11,2.66651007148631,-0.0022333269778301856,2.684813676223097,0.0,0.9942729805389867,1.0011372354062427,-0.006864254867256082,0.005727019461013283,0.0,0.00022024963811118975,0.0,True,0,long_short,1.7028449781952937,1.5659147518597532
2025-12-12,2.6577211004768437,-0.0032960576835802113,2.684594261769304,0.0,0.9957766649196188,1.0058880198272644,-0.010111354907645606,0.004223335080381196,0.0,0.0002194144537932088,0.0,True,0,long_short,1.7087442427861907,1.555365065133036
2025-12-15,2.662285604310765,0.001717450274636656,2.6533654807570493,0.0,0.9978414560681824,0.9944909051208035,0.0033505509473788758,0.0021585439318175803,0.0009419697572108853,0.0006591870776741401,0.7097668787603206,True,0,long_short,1.7056495524073627,1.5608631917108655
2025-12-16,2.6531428353691466,-0.003434180362473116,2.6531478682512697,0.0,0.99354472879262,0.9935466257436837,-1.8969510637069219e-06,0.006455271207379987,0.0,0.00021761250577981628,0.0,True,0,long_short,1.6934395535890554,1.5667183571720098
2025-12-17,2.6758286005984075,0.008550525409652288,2.652931208981815,0.0,0.9998796948463097,0.9913225729097734,0.008557121936536247,0.00012030515369032546,0.0,0.00021665926945455162,0.0,True,0,long_short,1.7094238929768537,1.565339417327683
2025-12-18,2.655737679848743,-0.007508298829443594,2.6527131863001983,0.0,1.0013200933733488,1.0001812408535784,0.0011388525197704447,0.0,0.0,0.0002180226816173237,0.0,True,0,long_short,1.7103805687267508,1.552717405943017
2025-12-19,2.658891490695984,0.0011875460709738217,2.6524948669296764,0.0,1.0046511369234181,1.002245388592322,0.002405748331096188,0.0,0.0,0.0002183193705215933,0.0,True,0,long_short,1.7169141970822805,1.5486455265000996
2025-12-22,2.672910121210281,0.005272359012524985,2.659813017117775,0.0,1.0010071417240471,0.9961071999008722,0.0048999418231749055,0.0,0.0011519975607748407,0.0006570891950097734,0.8658494601921736,True,0,long_short,1.7264126711420034,1.5482451941471094
2025-12-23,2.672957650463512,1.778183742673356e-05,2.6595941810890276,0.0,0.996968875637478,0.9919693690526402,0.00499950658483778,0.003031124362521953,0.0,0.0002188360287472992,0.0,True,0,long_short,1.7227568536406395,1.551558274062209
2025-12-24,2.6926591068314205,0.007370657879481213,2.65937625023034,0.0,1.0038171566600012,0.9914565661505524,0.01236059050944862,0.0,0.0,0.00021793085868778502,0.0,True,0,long_short,1.73496508345793,1.5519961366973025
2025-12-25,2.697206234471064,0.0016887127034042049,2.659156826568542,0.0,1.0104594351188334,0.9963524649449401,0.01410697017389317,0.0,0.0,0.00021942366179778853,0.0,True,0,long_short,1.745876281729687,1.5449011265556964
2025-12-26,2.6828578851498635,-0.005319707902875392,2.658935947000308,0.0,1.0113489092710748,1.0024323213735316,0.008916587897543187,0.0,0.0,0.00022087956823398121,0.0,True,0,long_short,1.745117026493267,1.537351274682675
2025-12-29,2.670469852947173,-0.004617476114281205,2.687762231874907,0.0,0.9942103043744681,1.0006857112803538,-0.006475406905885546,0.005789695625531888,0.0013459631552709783,0.0006631356471105356,1.001047974014949,True,0,long_short,1.737671301213464,1.5368095514280002
2025-12-30,2.690314696941803,0.007431218132917028,2.687542590694832,0.0,0.9928625587838267,0.9918321565598334,0.0010304022239932627,0.007137441216173324,0.0,0.00021964118007527535,0.0,True,0,long_short,1.7400859876014256,1.5460814673016212
2025-12-31,2.6982822221311675,0.0029615588088716116,2.687323275026802,0.0,0.9931855810235463,0.9891241277721107,0.004061453251435622,0.00681441897645374,0.0,0.00021931566802951255,0.0,True,0,long_short,1.7403492149527289,1.5504257415397276
2026-01-05,2.694258627372192,-0.0014911689837238118,2.692280894134985,0.0,1.0064346077009245,1.0057005529902463,0.0007340547106781735,0.0,0.0011959848963838252,0.0010968230340199247,0.8880602656696476,True,0,long_short,1.7654856580011562,1.5260722256008423
2026-01-06,2.721130325325436,0.009973689118127682,2.6920581858562356,0.0,1.0142513620290516,1.0035675152472097,0.010683846781841968,0.0,0.0,0.00022270827874906486,0.0,True,0,long_short,1.7894067973510273,1.5206884926075492
2026-01-07,2.707226879635721,-0.00510943763344085,2.6918337334179414,0.0,1.0161899935049692,1.010504047368142,0.005685946136827288,0.0,0.0,0.00022445243829457637,0.0,True,0,long_short,1.794744227218982,1.5084193271543
2026-01-08,2.7211292145942694,0.0051352677764557875,2.6916088843451456,0.0,1.0168790605611389,1.00603050177503,0.010848558786108705,0.0,0.0,0.00022484907279581275,0.0,True,0,long_short,1.8017519478470196,1.5102685016357817
2026-01-09,2.7261973916104867,0.0018625271409513644,2.6913838811405575,0.0,1.0230512464973458,1.010281257582727,0.01276998891461906,0.0,0.0,0.000225003204587915,0.0,True,0,long_short,1.8177861730634923,1.4997349149245978
2026-01-12,2.734532879632919,0.0030575511692894075,2.72061479148309,0.0,0.9986186587214143,0.9935289089314255,0.005089749789988697,0.0013813412785856904,0.001182383880135979,0.0006791242510393132,0.8688258558268137,True,0,long_short,1.8426756635699715,1.4840011911456394
2026-01-13,2.705398350071859,-0.010654298501238557,2.720391489773364,0.0,0.9935575334921299,0.9990994677145363,-0.005541934222406283,0.006442466507870059,0.0,0.000223301709726477,0.0,True,0,long_short,1.822334982278148,1.4845779598050466
2026-01-14,2.7038010432241517,-0.0005904146602531135,2.720169328508856,0.0,0.9920249514670979,0.9980787568407306,-0.0060538053736326975,0.007975048532902096,0.0,0.00022216126450788314,0.0,True,0,long_short,1.825156892700182,1.4814074636751267
2026-01-15,2.6547777572635183,-0.018131247520407623,2.7199475252444203,0.0,1.0071535930061073,1.031701699830717,-0.02454810682460964,0.0,0.0,0.00022180326443554778,0.0,True,0,long_short,1.8288003271944282,1.4516498700195588
2026-01-16,2.6774927860966984,0.008556282638360724,2.7197224069930637,0.0,1.003684552092973,1.0194566285354003,-0.015772076442427393,0.0,0.0,0.00022511825135683978,0.0,True,0,long_short,1.8373354033003897,1.4572694682131206
2026-01-19,2.695034804018953,0.006551658332505594,2.6788453863443844,0.0,1.001574063781166,0.9955669362849178,0.00600712749624833,0.0,0.0008750588358656392,0.0006730490388432319,0.6530971075281543,True,0,long_short,1.8456037140530148,1.460245654848925
2026-01-20,2.677817929827319,-0.006388368033674152,2.6786248586011228,0.0,1.002082537646485,1.0023838758236685,-0.0003013381771835667,0.0,0.0,0.00022052774326178405,0.0,True,0,long_short,1.8337192114218026,1.4603205949677711
2026-01-21,2.6791464816288957,0.0004961322376619837,2.6784042392984992,0.0,1.0065976418438118,1.0063205975181333,0.0002770443256784047,0.0,0.0,0.00022061930262332226,0.0,True,0,long_short,1.8501935640912608,1.4480357804859096
2026-01-22,2.701014135791407,0.008162171912756255,2.6781826436583707,0.0,1.0124029151602567,1.003949981933994,0.00845293322626264,0.0,0.0,0.0002215956401286078,0.0,True,0,long_short,1.8671214886214316,1.4466193829656315
2026-01-23,2.712580541123723,0.004282245390369699,2.677959765595946,0.0,1.0212935306937747,1.0085304901119694,0.012763040581805357,0.0,0.0,0.00022287806242448594,0.0,True,0,long_short,1.891001233347509,1.4344678857357638
2026-01-26,2.6963647742528507,-0.00597798539989336,2.701410996016567,0.0,0.9881887044213532,0.9900601951825074,-0.0018714907611542889,0.011811295578646797,0.0013487181483791148,0.000674561140916967,0.9980303771072144,True,0,long_short,1.8685536718446507,1.4430223840404748
2026-01-27,2.695047147156562,-0.0004886679683960837,2.948017769788561,0.0,0.8942579701367743,0.9881229783608043,-0.09386500822402997,0.10574202986322567,0.0001234748323885479,0.0002194161727134259,0.09156937390283772,True,0,long_short,1.87143820490268,1.4400941159030745
2026-01-28,2.7162183419723305,0.007855593486780332,2.9477988899518044,0.0,0.9058235448397132,0.9910819883164317,-0.08525844347671853,0.09417645516028683,0.0,0.00021887983675653128,0.0,True,0,long_short,1.88736593625794,1.4391582945264696
2026-01-29,2.691369896641756,-0.00914817669353174,2.9475776300826206,0.0,0.9029134322308457,0.9981094637241595,-0.09519603149331379,0.09708656776915425,0.0,0.00022125986918330125,0.0,True,0,long_short,1.8741415922565872,1.4360547291419818
2026-01-30,2.685340620918487,-0.0022402255932164605,3.1893064343810473,0.0,0.798943349473496,0.9866163059456571,-0.187672956472161,0.201056650526504,0.00012103531494768227,0.0002207902819907219,0.09012370145389158,True,0,long_short,1.8416836077997378,1.4580900918842772
2026-02-02,2.6688458019158188,-0.006142542541596074,2.679875426385956,0.0,0.984961330075292,0.9890940620833456,-0.004132732008053629,0.015038669924708037,0.0010550743625788695,0.0006532769203437735,0.7870956462946614,True,0,long_short,1.7977175641280558,1.4845745823317273
2026-02-03,2.696162254086455,0.010235305520846394,2.679658461492644,0.0,1.000712482833571,0.9945912664383794,0.006121216395191584,0.0,0.0,0.00021696489331158913,0.0,True,0,long_short,1.8449300784658091,1.461389938597839
2026-02-04,2.689828537315046,-0.0023491600929468337,2.67943805770381,0.0,1.0020299177162204,0.9981670396676413,0.0038628780485791808,0.0,0.0,0.00022040378883412629,0.0,True,0,long_short,1.8442514896757563,1.4584933521121641
2026-02-05,2.6701097955479125,-0.0073308545483782295,2.6792173811403877,0.0,1.0018124087423392,1.0052233492241356,-0.003410940481796314,0.0,0.0,0.0002206765634223535,0.0,True,0,long_short,1.8287465495635167,1.460076463950246
2026-02-06,2.675107787603077,0.0018718301635005652,2.6789967737394442,0.0,1.0082928802485864,1.0097466482628659,-0.001453768014279398,0.0,0.0,0.0002206074009433023,0.0,True,0,long_short,1.842538389091066,1.4518600010948601
2026-02-09,2.6824987297110794,0.0027628576845588615,2.67293228317724,0.0,1.0038571035129076,1.0002908589410529,0.0035662445718546826,0.0,0.0010888398703497583,0.0006660446602867637,0.8143838961966048,True,0,long_short,1.865629159363641,1.4378520598520605
2026-02-10,2.6807379818623027,-0.0006563834790580536,2.9220031346652964,0.0,0.9087119018247785,0.9987114297291757,-0.08999952790439729,0.09128809817522154,0.0001247080515078006,0.00022054347603706677,0.09306808509110778,True,0,long_short,1.8613014752760881,1.4402492113560845
2026-02-11,2.683416854490891,0.0009993041642686329,2.9217830839533026,0.0,0.9098498440889089,0.998679214398441,-0.08882937030953213,0.0901501559110911,0.0,0.00022005071199411005,0.0,True,0,long_short,1.8622634580290356,1.4409437305562232
2026-02-12,2.6888946289104787,0.00204134307736048,3.1613909617095137,0.0,0.8213989936210985,0.9971203951661222,-0.17572140154502366,0.17860100637890153,0.00011997405765910576,0.0002202635043408081,0.08950401784796423,True,0,long_short,1.8706601982554822,1.4374040947779054
2026-02-13,2.670052163000349,-0.007007513685192146,3.161170593078697,0.0,0.8211954350004194,1.005131328419998,-0.18393589341957867,0.17880456499958064,0.0,0.0002203686308169271,0.0,True,0,long_short,1.8625284543813558,1.4335631526699089
2026-02-24,2.6756020545640076,0.0020785704641148595,2.6726678669401696,0.0,1.002196104789356,1.0010994590386049,0.0010966457507510614,0.0,0.000754481556480838,0.002426406892029002,0.5644312481378834,True,0,long_short,1.8778161611687292,1.4248477086802505
2026-02-25,2.6741544446500853,-0.0005410408141424128,2.672447712657751,0.0,1.0054997237031427,1.004861491309442,0.0006382323937006018,0.0,0.0,0.00022015428241862526,0.0,True,0,long_short,1.8801385057036133,1.422317790172232
2026-02-26,2.644550887192109,-0.011070249707230362,2.6722268506174847,0.0,1.0040384407134422,1.0145037199256572,-0.010465279212215054,0.0,0.0,0.00022086204026653625,0.0,True,0,long_short,1.8607460089568058,1.421231524594122
2026-02-27,2.6383798308554107,-0.0023334988056328276,2.6720063377369976,0.0,1.0016858012055352,1.014430936113076,-0.012745134907540923,0.0,0.0,0.00022051288048677463,0.0,True,0,long_short,1.8581664516740763,1.419883470869048
2026-03-02,2.6521881306942134,0.005233628485677766,2.6408237914149564,0.0,0.9980659124297102,0.9937810205897478,0.004284891839962398,0.0019340875702897886,0.0005268931893019789,0.0006599475916364005,0.39895739128704233,True,0,long_short,1.8549748200395269,1.4297704217018423
2026-03-03,2.6312812461241477,-0.007882881432167865,2.640607159012711,0.0,0.9890736739475373,0.992617921793449,-0.003544247845911652,0.010926326052462687,0.0,0.00021663240224525842,0.0,True,0,long_short,1.8214437595658732,1.4446129518439224
2026-03-04,2.62488230624189,-0.0024318722643896784,2.640392485841025,0.0,0.9893793235952744,0.9952882283725487,-0.005908904777274362,0.010620676404725637,0.0,0.00021467317168617764,0.0,True,0,long_short,1.8172169085362793,1.4444518394648684
2026-03-05,2.642525757841675,0.006721616263643426,2.8548475934793274,0.0,0.9067724854385177,0.9871205520590941,-0.08034806662057632,0.09322751456148226,0.00010738861173297375,0.00021472721591226908,0.08154215266906381,True,0,long_short,1.8149090698097332,1.4560100017124855
2026-03-06,2.6377105688565075,-0.0018221918824740113,2.854633196918924,0.0,0.9111014432074137,0.9933404237171123,-0.0822389805096986,0.08889855679258629,0.0,0.00021439656040364796,0.0,True,0,long_short,1.8196715743472212,1.4495530985050118
2026-03-09,2.643027146238936,0.0020156030177083117,2.6317825179125713,0.0,0.9952533195275576,0.9909988689660616,0.004254450561495942,0.004746680472442422,0.0008567526602577454,0.0006460630358081987,0.6508697715136089,True,0,long_short,1.814176703388769,1.4568741519510895
2026-03-10,2.6539111028153295,0.004117988947590412,2.631567238166333,0.0,1.000190648526305,0.9917714273152803,0.008419221211024728,0.0,0.0,0.00021527974623857944,0.0,True,0,long_short,1.831556076978433,1.4489925458321526
2026-03-11,2.6456402499861964,-0.003116476968787363,2.6313509033825735,0.0,1.004859431246453,0.9994583391653593,0.005401092081093671,0.0,0.0,0.00021633478375948181,0.0,True,0,long_short,1.8378721182088935,1.4395126971970809
2026-03-12,2.619148323863113,-0.01001342723116716,2.6311335712830983,0.0,0.9990758819683222,1.0036518913950458,-0.0045760094267236345,0.0009241180316778008,0.0,0.0002173320994750874,0.0,True,0,long_short,1.8185061564773386,1.440274653200357
2026-03-13,2.6378402822338822,0.007136655148723969,2.630917512666461,0.0,0.9944481659819157,0.9918237578196599,0.0026244081622557596,0.005551834018084345,0.0,0.00021605861663748306,0.0,True,0,long_short,1.7996698336502204,1.4657356771289676
2026-03-16,2.634660169707141,-0.0012055743284230536,2.628133293017176,0.0,0.9948636148595724,0.9923863023146722,0.002477312544900219,0.0051363851404275795,0.0007515246054265994,0.000645108327432316,0.5717440341157517,True,0,long_short,1.793176184717671,1.4692701097421492
2026-03-17,2.6208425423586794,-0.005244557726015064,2.627918394332491,0.0,0.9859785019050231,0.988678340548303,-0.002699838643279797,0.01402149809497688,0.0,0.00021489868468532185,0.0,True,0,long_short,1.7657230579376137,1.4842885641533479
2026-03-18,2.63329915241999,0.004752902877598997,2.627705421434769,0.0,0.9915258681771212,0.9894016389644699,0.0021242292126513267,0.008474131822878817,0.0,0.0002129728977219924,0.0,True,0,long_short,1.7823421148902476,1.4774375415474836
2026-03-19,2.6319838156713025,-0.0004995014514316276,2.6274912797500605,0.0,0.9815259706816826,0.9798190696382594,0.0017069010434231113,0.01847402931831743,0.0,0.00021414168470860996,0.0,True,0,long_short,1.753085314673439,1.501343827160849
2026-03-20,2.633736772198355,0.0006660210129769695,2.6272793180020955,0.0,0.9735572514042307,0.9711054292386959,0.0024518221655347393,0.02644274859576934,0.0,0.00021196174796498724,0.0,True,0,long_short,1.7429015296197994,1.5111219580907043
2026-03-23,2.6222866958631212,-0.0043474642022317544,2.628870103087328,0.0,0.9950529754908943,0.9975635351618077,-0.002510559670913406,0.004947024509105669,0.0008056626736657654,0.000630649992000186,0.61274677597572,True,0,long_short,1.7260896515563318,1.519206544977969
2026-03-24,2.672876974892096,0.01929242866875902,2.6286550978062433,0.0,1.0113933523120162,0.9948486787257438,0.01654467358627256,0.0,0.0,0.00021500528108490336,0.0,True,0,long_short,1.7638121830392428,1.5153977280542617
2026-03-25,2.6963927553639038,0.008797928484066242,2.628436540973898,0.0,1.020626054858198,0.9954234154226703,0.025202639435527675,0.0,0.0,0.00021855683234530394,0.0,True,0,long_short,1.781930645253735,1.5131861402944533
2026-03-26,2.668453139671935,-0.010361849413958457,2.628215933920265,0.0,1.0089025091490649,0.9938236587269001,0.015078850422164796,0.0,0.0,0.0002206070536327629,0.0,True,0,long_short,1.7573673585347576,1.5184378648621393
2026-03-27,2.663095503040919,-0.0020077686774272463,2.627997963630204,0.0,1.0110725592078242,0.997893332488152,0.013179226719672086,0.0,0.0,0.00021797029006109968,0.0,True,0,long_short,1.765238705459208,1.508631945812758
2026-03-30,2.6377631560042865,-0.009512368973514596,2.6413284312720307,0.0,0.9917642289029985,0.9931158571792632,-0.001351628276264635,0.008235771097001465,0.0013572962777783275,0.0006552703346951625,1.027209753796005,True,0,long_short,1.7488719080515729,1.5082654960951554
2026-03-31,2.619114068282162,-0.007070038748427376,2.64111312131989,0.0,0.9881837314910465,0.9965831568173965,-0.008399425326349953,0.011816268508953454,0.0,0.00021530995214063634,0.0,True,0,long_short,1.7204610441210082,1.5223326777621284
2026-04-01,2.6246204765948904,0.002102393469384234,2.6408985872130764,0.0,1.0054427818981524,1.0116448635946669,-0.006202081696514442,0.0,0.0,0.00021453410681371158,0.0,True,0,long_short,1.7530361364451712,1.497185609600227
2026-04-02,2.6119325289105566,-0.004834202810455324,2.6406803529261693,0.0,0.9993672614376613,1.0103736039436078,-0.011006342505946367,0.0006327385623386972,0.0,0.00021823428690678962,0.0,True,0,long_short,1.7348865398127833,1.5055350704331465
2026-04-03,2.6137244113957276,0.0006860370493253498,2.640463446541307,0.0,1.0011099218830088,1.0113401646082931,-0.010230242725284392,0.0,0.0,0.00021690638486243017,0.0,True,0,long_short,1.7373992288570768,1.5043890707348413
2026-04-07,2.617308297077955,0.0013711796341657756,2.616910814274836,0.0,1.0026086311208635,1.0024567641040651,0.00015186701679855932,0.0,0.0016276494937448713,0.0008690513347271242,1.2431740196035699,True,0,long_short,1.7440195382624306,1.5007333574287725
2026-04-08,2.6394838464553123,0.008472654674313462,2.6166951645428234,0.0,1.0249198155900712,1.016286051097406,0.008633764492665022,0.0,0.0,0.00021564973201245106,0.0,True,0,long_short,1.7951709102642393,1.4703245420051927
2026-04-09,2.666486001921741,0.010230089304274825,2.616474687505954,0.0,1.0179435871953857,0.999188073616937,0.018755513578448808,0.0,0.0,0.00022047703686981873,0.0,True,0,long_short,1.7915582563876857,1.4883613147462866
2026-04-10,2.6596022568371622,-0.0025815793068546533,2.6162557022173303,0.0,1.0131101749659686,0.9968120407211206,0.01629813424484787,0.0,0.0,0.00021898528862356536,0.0,True,0,long_short,1.7862105663138335,1.4889634553700628
2026-04-13,2.673518913370778,0.005232608183362686,2.6688820177438686,0.0,0.9940739724824429,0.9923395932701922,0.0017343792122507776,0.005926027517557109,0.0010455790896693419,0.000653701698035593,0.7832265495958545,True,0,long_short,1.7783703538072793,1.5033532850157407
2026-04-14,2.678454034283652,0.0018459270619677337,2.668663959770902,0.0,1.000614175186057,0.9969590538408933,0.00365512134516384,0.0,0.0,0.00021805797296667323,0.0,True,0,long_short,1.7950106387721152,1.49216610555348
2026-04-15,2.6743718243637105,-0.0015240918334570308,2.6684444823188658,0.0,1.0005422777122386,0.998325928440665,0.0022163492715735083,0.0,0.0,0.00021947745203636327,0.0,True,0,long_short,1.7959156596923214,1.4891411018833074
2026-04-16,2.706505129496879,0.01201527208761033,2.6682250389160256,0.0,1.0072254377060832,0.9930817029820448,0.01414373472403827,0.0,0.0,0.0002194434028400101,0.0,True,0,long_short,1.8209477316807563,1.4863167582513435
2026-04-17,2.706886678875673,0.00014097493281495233,2.668004125431933,0.0,1.010739825957956,0.9963755181547604,0.014364307803195626,0.0,0.0,0.0002209134840929096,0.0,True,0,long_short,1.8248798671409476,1.4833232190328076
2026-04-20,2.711223187829748,0.0016020282592237312,2.701963397304899,0.0,0.9948358454170438,0.991420490101991,0.003415355315052804,0.00516415458295616,0.0011611026541115826,0.0006650323439796905,0.8590818914402124,True,0,long_short,1.8265894297236043,1.4843090317455767
2026-04-21,2.7153491985177296,0.0015218262762366486,2.7017424689031193,0.0,0.9920660149177475,0.9870549726466323,0.005011042271115076,0.007933985082252515,0.0,0.00022092840177978504,0.0,True,0,long_short,1.8201000263934952,1.491868116665082
2026-04-22,2.721247499117648,0.002172207023368733,2.7015221785801984,0.0,0.9942427198620449,0.9869940882900012,0.007248631572043767,0.0057572801379550675,0.0,0.00022029032292073745,0.0,True,0,long_short,1.8330413302321564,1.4845532690596777
2026-04-23,2.7450958866390787,0.008763770119830427,2.701301423358741,0.0,0.9926916788953442,0.9767379690473589,0.01595370984798532,0.007308321104655846,0.0,0.00022075522145778649,0.0,True,0,long_short,1.8250242176239204,1.5041421698025685
2026-04-24,2.7013245698844948,-0.015945277892705834,2.7010810475191933,0.0,0.9912431316307426,0.991152982387658,9.014924308459861e-05,0.008756868369257376,0.0,0.00022037583954707772,0.0,True,0,long_short,1.8186441385566507,1.4853508240641156
2026-04-27,2.6963030329856714,-0.001858916531099486,2.682644339482014,0.0,0.9962100772764797,0.9911443656941535,0.0050657115823262416,0.0037899227235203004,0.0013589858009939028,0.0006601872091655526,1.0126558251194475,True,0,long_short,1.8249371827738927,1.4774771747963995
2026-04-28,2.6902203655346524,-0.002255928720401812,3.7630486831455574,0.0,0.5901973383958623,0.9889856054669474,-0.39878826707108506,0.4098026616041377,0.0005405822886840323,0.00021965141583680592,0.40225753540355874,True,0,long_short,1.8121193552062054,1.48457128820222
2026-04-29,2.6848166549133436,-0.0020086498082231286,3.7628300045797727,0.0,0.595401091471729,0.9969232392480448,-0.40152214777631573,0.40459890852827096,0.0,0.00021867856578475077,0.0,True,0,long_short,1.827298091530943,1.4692822519526392
2026-04-30,2.681120731074706,-0.001376601948544054,3.7591128723425755,0.0,0.4942113270525541,0.896279062672861,-0.4020677356203068,0.5057886729474459,0.0002688764341843355,0.00021999091367698443,0.20026654095488072,True,0,long_short,1.8258768761140283,1.4684017121575434
2026-05-06,2.6870855592984064,0.0022247518191056415,2.6802654116655664,0.0,0.905005632863754,0.9024675121071448,0.0025381207566091864,0.09499436713624598,0.0010777652115420183,0.0011850570620188339,0.8038994939821642,True,0,long_short,1.8474250774999346,1.4545031308846146
2026-05-07,2.6768812690466155,-0.0037975308290724152,2.6800660959872498,0.0,0.9117257058806895,0.9129154586640725,-0.0011897527833830972,0.08827429411931054,0.0,0.0001993156783166358,0.0,True,0,long_short,1.8530427171289539,1.444586918748474
2026-05-08,2.710911537495387,0.012712655149210939,2.679865238483837,0.0,0.9116364167440753,0.9001840699661962,0.011452346777879027,0.08836358325592475,0.0,0.00020085750341268126,0.0,True,0,long_short,1.852719343743079,1.4632067974302512
2026-05-11,2.702451218588197,-0.0031208391679969916,2.7179952859661283,0.0,0.7004326729861231,0.7061845131196341,-0.005751840133511052,0.2995673270138769,0.0013887909716864101,0.0006017225871306368,1.0214011205436417,True,0,long_short,1.8582513637228837,1.4542979875306075
2026-05-12,2.7084783711342633,0.002230253965218809,2.7178384287717696,0.0,0.6933885536678774,0.69684438988103,-0.0034558362131526157,0.30661144633212256,0.0,0.00015685719435848774,0.0,True,0,long_short,1.83528371592108,1.4757818356029766
2026-05-13,2.7167020177238976,0.003036260757064868,2.7176833009943966,0.0,0.6940733821710721,0.6944345860366774,-0.0003612038656053291,0.30592661782892794,0.0,0.00015512777737307026,0.0,True,0,long_short,1.8428801600875162,1.4741609772362434
2026-05-14,2.7086007058694714,-0.0029820391789650014,2.717528240295131,0.0,0.6825366856902539,0.6858326807058035,-0.003295995015549476,0.31746331430974606,0.0,0.00015506069926546036,0.0,True,0,long_short,1.8142877966526256,1.4929278093954332
2026-05-15,2.7037010846040532,-0.0018089123490224734,2.7173755569896736,0.0,0.6802554034163929,0.685313089883099,-0.005057686466706078,0.3197445965836071,0.0,0.00015268330545765133,0.0,True,0,long_short,1.8001110225038157,1.5019635182520095
2026-05-18,2.724692973894915,0.007764130957522708,2.70492389246162,0.0,0.799530153046305,0.7922746267823549,0.0072555262639500805,0.20046984695369496,0.0011166176082086057,0.00045687495067650986,0.8252778212694173,True,0,long_short,1.7977295933349704,1.5156300391319328
2026-05-19,2.722352317226172,-0.000859053365340201,2.7047464646444435,0.0,0.8074377835197389,0.8009706365342719,0.006467146985466967,0.19256221648026106,0.0,0.00017742781717718618,0.0,True,0,long_short,1.8266184413402802,1.49037820686221
2026-05-20,2.700288126300774,-0.008104825663373116,2.704567243471698,0.0,0.8031962769008506,0.8047809660046709,-0.0015846891038201832,0.1968037230991494,0.0,0.00017922117274513948,0.0,True,0,long_short,1.8208097496014441,1.4830149755579012
2026-05-21,2.7151322081815956,0.005497221476567615,2.9874919138657448,0.0,0.6929970462422502,0.7933088118584655,-0.10031176561621526,0.3070029537577498,0.000141622453567099,0.00017861428658426953,0.10474738679980976,True,0,long_short,1.798841233573941,1.5093784584797214
2026-05-22,2.7299246112736646,0.005448133629550211,2.9873148778405847,0.0,0.6913397048829816,0.7856244574743114,-0.09428475259132979,0.3086602951170184,0.0,0.0001770360251598241,0.0,True,0,long_short,1.8023413789858247,1.5146545727146263
2026-05-25,2.7238288199845595,-0.0022329522448830685,2.7300182728836857,0.0,0.6953678846117163,0.6976402201027408,-0.0022723354910245993,0.3046321153882837,0.0012572871942570956,0.0005288290376739392,0.9206593524537785,True,0,long_short,1.8039345413015744,1.5099377264649876
2026-05-26,2.7214843971379343,-0.0008607085839698048,2.9973638192510577,0.0,0.5918358827180119,0.6932068192566352,-0.10137093653862325,0.4081641172819881,0.00013381777464104068,0.00015618514006818221,0.09844614033103838,True,0,long_short,1.7972625770665294,1.514238615917719
2026-05-27,2.707445387251135,-0.005158585476941813,2.9972087602201594,0.0,0.5875969476623392,0.6946215895382075,-0.10702464187586833,0.41240305233766084,0.0,0.0001550590308983465,0.0,True,0,long_short,1.7826088802435844,1.5188106697197516
2026-05-28,2.711240643062334,0.0014017848075791317,2.9970541862460376,0.0,0.590856881743206,0.6962748732870621,-0.10541799154385594,0.40914311825679395,0.0,0.00015457397412166611,0.0,True,0,long_short,1.7993369076588546,1.5067998836248915
2026-05-29,2.715085006658928,0.001417935219594435,2.996899027171912,0.0,0.5899201896484507,0.6937158423892732,-0.10379565274082243,0.4100798103515493,0.0,0.00015515907412594186,0.0,True,0,long_short,1.7810224401316987,1.5244530026573722
2026-06-01,2.7295664685736964,0.0053337047934969295,2.7145428367765763,0.0,0.7058194138336145,0.7003153779472963,0.005504035886318192,0.29418058616638554,0.0009626746873422737,0.00046442403679386164,0.7090206101797222,True,0,long_short,1.79141779770695,1.5236906053225523
2026-06-02,2.717042649561354,-0.0045882081116296325,2.7143857224719405,0.0,0.7035488835365784,0.7025710089015068,0.000977874635071543,0.2964511164634216,0.0,0.00015711430463601,0.0,True,0,long_short,1.7985465180045386,1.5106880040978166
2026-06-03,2.713801107580402,-0.001193040522008637,2.7142288253161433,0.0,0.7021247456803749,0.7022823540380937,-0.0001576083577188294,0.29787525431962514,0.0,0.00015689715579704744,0.0,True,0,long_short,1.7912115321883886,1.5150645575985389
2026-06-04,2.7077483248089096,-0.002230370808894322,2.7140721797300973,0.0,0.7006164205588146,0.7029518868439371,-0.0023354662851224396,0.29938357944118543,0.0,0.00015664558604570552,0.0,True,0,long_short,1.7820498759222687,1.5194570934259413
2026-06-05,2.6996040847691534,-0.003007753698945015,2.7139157345141505,0.0,0.7005661334059149,0.7058675217931015,-0.0053013883871866375,0.2994338665940851,0.0,0.00015644521594709033,0.0,True,0,long_short,1.7760766670888684,1.5199817298394107
2026-06-08,2.68571123810583,-0.005146253386452138,2.694867876306025,0.0,0.7974584785544871,0.800867868987188,-0.003409390432700801,0.20254152144551285,0.0011107306954631507,0.00046986481113005,0.8239907338868118,True,0,long_short,1.7591229151438517,1.5267331321678606
2026-06-09,2.717267113223265,0.011749541302024102,2.6946910900181362,0.0,0.7989827343510137,0.7906743781002554,0.00830835625075831,0.20101726564898625,0.0,0.00017678628788850067,0.0,True,0,long_short,1.7780540564254717,1.5282252546842978
2026-06-10,2.6929033469309624,-0.008966275775296073,2.6945145031563653,0.0,0.7917471966258237,0.7923454937118439,-0.0005982970860202003,0.2082528033741763,0.0,0.00017658686177096558,0.0,True,0,long_short,1.7595906390126992,1.5304146812476465
2026-06-11,2.6965013619003546,0.0013361099548905297,2.694339129745521,0.0,0.7926006193449021,0.7917987535697221,0.0008018657751799743,0.2073993806550979,0.0,0.0001753734108445718,0.0,True,0,long_short,1.7645265056498354,1.5281727722799459
2026-06-12,2.7287777296705356,0.011969720552054364,2.6941636431906697,0.0,0.8015784133427148,0.7888935815575898,0.012684831785124962,0.19842158665728515,0.0,0.0001754865548508295,0.0,True,0,long_short,1.7808313880218818,1.532305499568725
2026-06-15,2.728845171752783,2.4715124839147506e-05,2.727112599205031,0.0,0.8030759191700424,0.8024410086351076,0.0006349105349348509,0.1969240808299576,0.0008515615885961987,0.000530806496655052,0.6243202171310492,True,0,long_short,1.8080856790876483,1.5092454983271288
2026-06-16,2.74524917992939,0.0060113370836905045,2.726932620799111,0.0,0.8037335871585627,0.7970614936873426,0.006672093471220148,0.1962664128414373,0.0,0.00017997840592030246,0.0,True,0,long_short,1.8172268149419732,1.51068053660492
2026-06-17,2.744118122057426,-0.0004120055404199796,2.726752774299503,0.0,0.8010023176345062,0.7946741105437332,0.006328207090772998,0.19899768236549376,0.0,0.00017984649960809358,0.0,True,0,long_short,1.8119116744868307,1.5144877979963425
2026-06-18,2.726109216096203,-0.006562729868100803,2.726573540357486,0.0,0.7921244059831736,0.7922947308764469,-0.00017032489327333339,0.20787559401682643,0.0,0.0001792339420169527,0.0,True,0,long_short,1.7960292295576012,1.5178534799056134
2026-06-22,2.756646412588905,0.011201750946879363,2.727167153519481,0.0,0.7954970305995177,0.7848031458362055,0.010693884763312175,0.2045029694004823,0.0008604861952184323,0.0007100981811638605,0.6308485901619554,True,0,long_short,1.7947109699998656,1.5359834862931225
2026-06-23,2.7370965341544573,-0.00709190643572144,2.7269893377844214,0.0,0.7902928916337624,0.7866002208624122,0.0036926707713501182,0.20970710836623763,0.0,0.00017781573505955037,0.0,True,0,long_short,1.7801581062348795,1.5375581104666871
2026-06-24,2.746152298317177,0.0033085293301564622,2.726812378819631,0.0,0.7827754689844658,0.7757329172988227,0.007042551685643087,0.21722453101553418,0.0,0.00017695896479076487,0.0,True,0,long_short,1.7847394650682444,1.5386852546638623
2026-06-25,2.783758648185828,0.013694196746369514,2.726637287252476,0.0,0.776887507784266,0.7563679986771895,0.020519509107076405,0.22311249221573404,0.0,0.00017509156715510553,0.0,True,0,long_short,1.7724151887842505,1.5706018915891182
2026-06-26,2.7879764343204374,0.001515140738712395,2.726464228680624,0.0,0.7690882536167464,0.7470248656760924,0.022063387940654006,0.23091174638325362,0.0,0.00017305857185166847,0.0,True,0,long_short,1.7591006257310398,1.5848874098159231
2026-06-29,2.777314851002358,-0.003824129639990348,2.7946214435242602,0.0,0.70003970500967,0.7062711168050075,-0.006231411795337525,0.29996029499032995,0.0011537212327159692,0.0005135394381426581,0.8253319131377695,True,0,long_short,1.7613836984433497,1.5767801492978806
2026-06-30,2.7824980028697923,0.0018662456889120271,2.7944602212835856,0.0,0.7056588987153257,0.7099579919766525,-0.004299093261326793,0.2943411012846743,0.0,0.0001612222406742385,0.0,True,0,long_short,1.784109700706256,1.5596002879017559
2026-07-01,2.783488351163038,0.00035592057648359265,2.794297854979904,0.0,0.7151292443747876,0.7190126821525492,-0.003883437777761586,0.28487075562521236,0.0,0.00016236630368190276,0.0,True,0,long_short,1.7939223493465664,1.5516214245153475
2026-07-02,2.7718541492046103,-0.0041797200098094844,2.7941333593559223,0.0,0.7144574319248452,0.7224950879312788,-0.008037656006433544,0.28554256807515477,0.0,0.0001644956239816531,0.0,True,0,long_short,1.7853915188430451,1.5525189404959225
2026-07-03,2.7474332999800732,-0.008810293727592011,2.7939687579032704,0.0,0.7226932380253017,0.7396310315373537,-0.016937793512051838,0.2773067619746983,0.0,0.000164601452651693,0.0,True,0,long_short,1.793451795076092,1.5319248097568778
2026-07-06,2.754428387909052,0.0025460446770553258,2.7468890282941305,0.0,0.6990611137723496,0.6963239361974974,0.002737177574852145,0.3009388862276504,0.0009128001964012884,0.0005010625296355899,0.6643857551421187,True,0,long_short,1.794199728706004,1.5351849316662058
2026-07-07,2.739972517292733,-0.005248228881090222,2.7467313865612226,0.0,0.691183653555096,0.6936504189061471,-0.002466765351051025,0.30881634644490397,0.0,0.00015764173290764042,0.0,True,0,long_short,1.7769310945799932,1.5419689180127552
2026-07-08,2.7409708500857404,0.00036435868852957576,2.746575174252915,0.0,0.6896703719725472,0.6917150212861285,-0.0020446493135813457,0.3103296280274528,0.0,0.00015621230830778913,0.0,True,0,long_short,1.7705641061202482,1.548077723145477
2026-07-09,2.73611264838509,-0.0017724382951751494,2.746419341043881,0.0,0.6883054711478622,0.6920723820843964,-0.003766910936534189,0.3116945288521378,0.0,0.00015583320903383963,0.0,True,0,long_short,1.7803597723507973,1.53683131402835
2026-07-10,2.7335116968102438,-0.0009506010567149614,2.7462637036741646,0.0,0.6904936870910086,0.6951587510374337,-0.004665063946425167,0.30950631290899144,0.0,0.00015563736971663963,0.0,True,0,long_short,1.7709437337384581,1.5435339049647878
2026-07-13,2.727034202475368,-0.0023696603685413598,2.733098869277067,0.0,0.6929927991035021,0.6952167047648957,-0.0022239056613936924,0.3070072008964979,0.00030083931007531076,0.00046854852586047745,0.22012097910906014,True,0,long_short,1.749801341185811,1.5584821763979806
2026-07-14,2.7415644848833023,0.005328236218946181,2.7329430435456676,0.0,0.7021845719309724,0.699039856063382,0.0031447158675903105,0.2978154280690276,0.0,0.00015582573139940472,0.0,True,0,long_short,1.7700174848060504,1.548891188034625
2026-07-15,2.741565248581656,2.785629731327788e-07,2.7327855260517304,0.0,0.705782351793435,0.7025799029243199,0.0032024488691151203,0.29421764820656504,0.0,0.00015751749393709346,0.0,True,0,long_short,1.765017580332105,1.5532792869212126
2026-07-16,2.72850466006016,-0.004763916718105943,2.732627210820535,0.0,0.7093011163008254,0.7108120357508527,-0.0015109194500273297,0.2906988836991746,0.0,0.0001583152311952758,0.0,True,0,long_short,1.7570963475789807,1.5528486322446895
2026-07-17,2.7439649590388333,0.005666216812813651,2.7324678036464007,0.0,0.7060157585790194,0.7018257796383044,0.004189978940715077,0.29398424142098056,0.0,0.00015940717413477127,0.0,True,0,long_short,1.7437948751332943,1.5735594812027915
2026-07-20,2.739575621697598,-0.0015996331610490522,2.7466939057104325,0.0,0.70580124479035,0.7083995610976119,-0.002598316307261918,0.29419875520965,0.0008398396049112191,0.000474851181372563,0.6113407024340863,True,0,long_short,1.7429142664271204,1.5718361335773443
2026-07-21,2.7496517152787634,0.0036779760709513276,2.746534394956898,0.0,0.7089683013096758,0.7078345866997332,0.001133714609942642,0.2910316986903242,0.0,0.00015951075353459965,0.0,True,0,long_short,1.7671421505533083,1.5559878498839623
2026-07-22,2.7445435283533763,-0.001857757801470905,2.7463744252101487,0.0,0.7096408994687545,0.7103080037933378,-0.0006671043245832646,0.2903591005312455,0.0,0.00015996974674952513,0.0,True,0,long_short,1.7605766801794758,1.5588889477245567
2026-07-23,2.757720062257505,0.004800992867485698,2.746214194697687,0.0,0.7115610900431797,0.7073888509108294,0.0041722391323503185,0.2884389099568203,0.0,0.00016023051246152962,0.0,True,0,long_short,1.7630592962064835,1.5641675059887097
2026-07-24,2.7356652214520185,-0.007997490792242323,2.7460538565804837,0.0,0.7073978680399133,0.71119534846515,-0.0037974804252366707,0.29260213196008666,0.0,0.00016033811720334883,0.0,True,0,long_short,1.7505669648258912,1.5627309759750343
2026-07-27,2.742621902692912,0.0025429578101670014,2.7374547010447023,0.0,0.7057808415282287,0.703896804343542,0.0018840371846868121,0.29421915847177127,0.0008483863341479125,0.00047973510750934367,0.6196438502795555,True,0,long_short,1.7718721054720863,1.5478667417489398
2026-07-28,2.733262635274169,-0.0034125255871227944,2.737296027938443,0.0,0.7016497883086623,0.7031254579396083,-0.0014756696309459918,0.2983502116913377,0.0,0.00015867310625984756,0.0,True,0,long_short,1.749553681043456,1.562262801587212
2026-07-29,2.734410911905731,0.000420112072928136,2.737138069592517,0.0,0.7097191011027016,0.7107164485294953,-0.0009973474267936998,0.29028089889729836,0.0,0.0001579583459257291,0.0,True,0,long_short,1.7634509530316078,1.5506021912347
2026-07-30,2.7257823661455687,-0.0031555410061425704,2.7369783388408346,0.0,0.710512348745608,0.714619783306166,-0.004107434560558095,0.289487651254392,0.0,0.00015973075168191286,0.0,True,0,long_short,1.7554844338524527,1.5527237459826253
2026-07-31,2.721304004773333,-0.0016429636598496167,2.73681823763504,0.0,0.7154778867121111,0.721178915643276,-0.005701028931164904,0.2845221132878889,0.0,0.0001601012057946341,0.0,True,0,long_short,1.7678815929783398,1.5393021883262938
2026-08-03,2.7231204784578997,0.0006675011984624835,2.7171846360550598,0.0,0.5993168362329456,0.5971370419675809,0.0021797942653647337,0.4006831637670544,0.0008710159939330841,0.0004839157162104994,0.6409110816229779,True,0,long_short,1.7616490485958733,1.5457792121696257
2026-08-04,2.7183824202391937,-0.00173993705243225,2.7170509859640384,0.0,0.5979339179705319,0.5974441287983967,0.0004897891721352188,0.40206608202946814,0.0,0.0001336500910214543,0.0,True,0,long_short,1.7770039774218862,1.529755957093061
2026-08-05,2.719386786024813,0.00036947185140001615,2.7169174998037535,0.0,0.5994759215807696,0.5985678910520675,0.0009080305287020593,0.40052407841923043,0.0,0.00013348616028498756,0.0,True,0,long_short,1.7918879981772216,1.517609799714647
2026-08-06,2.722563026069672,0.0011679986315966673,2.716783713150592,0.0,0.5953565226122011,0.5932337754567671,0.0021227471554339686,0.40464347738779893,0.0,0.00013378665316156704,0.0,True,0,long_short,1.7874329460164573,1.5231693206378913
2026-08-07,2.7092655028267867,-0.004884192988575786,2.7166509638621363,0.0,0.5941240753632964,0.5968500765719799,-0.0027260012086835887,0.40587592463670363,0.0,0.00013274928845542292,0.0,True,0,long_short,1.7894963088024782,1.5139821688929962
2026-08-10,2.7087582391164786,-0.00018723292707145678,2.707385662889381,0.0,0.6979099553632276,0.6974032374851695,0.0005067178780582013,0.30209004463677236,0.001085016601061047,0.0003987185727491485,0.8012023975575593,True,0,long_short,1.7857290442370546,1.5168920771369234
2026-08-11,2.7089024559292305,5.324093182967893e-05,2.7072303946620777,0.0,0.6953263047673549,0.69470905800622,0.0006172467611349741,0.3046736952326451,0.0,0.00015526822730338018,0.0,True,0,long_short,1.7740186113058978,1.5269864919484368
2026-08-12,2.7081588980207427,-0.000274486778532812,2.707075718025908,0.0,0.6902428349393691,0.6898428657958945,0.000399969143474642,0.3097571650606309,0.0,0.00015467663616898614,0.0,True,0,long_short,1.7659172942492607,1.533570630312024
2026-08-13,2.7108759283310775,0.0010032758093774241,2.706922167004382,0.0,0.6836352909121846,0.6821768098045192,0.0014584811076654048,0.31636470908781544,0.0,0.00015355102152668062,0.0,True,0,long_short,1.7466174931557352,1.5520718983714914
2026-08-14,2.713018891673794,0.0007905058731463299,2.7067701700159517,0.0,0.6794767649211034,0.677173529334717,0.00230323558638641,0.3205232350788966,0.0,0.00015199698842998017,0.0,True,0,long_short,1.7459438575685293,1.5538981278882882
2026-08-17,2.7263783230878613,0.004924194024253703,2.712959964637508,0.0,0.7004489798551073,0.6955273010342622,0.004921678820845175,0.29955102014489265,0.0013591024315592576,0.00045300441649968626,1.0014315914796428,True,0,long_short,1.7642399274851104,1.545355753836872
2026-08-18,2.71199585597898,-0.005275301298827695,2.7128041067835365,0.0,0.6995693907066384,0.6998674187448354,-0.00029802803819709543,0.30043060929336163,0.0,0.00015585785397169462,0.0,True,0,long_short,1.75898917866698,1.5417922343525843
2026-08-19,2.701923428940079,-0.0037140274446567645,2.7126481036981085,0.0,0.6953356927717779,0.6993049668981866,-0.0039692741264086406,0.30466430722822213,0.0,0.0001560030854277287,0.0,True,0,long_short,1.7389846075683526,1.5537362534325232
2026-08-20,2.696226078532843,-0.0021086276340076537,2.71249280491942,0.0,0.6956985584276516,0.7017317047265069,-0.006033146298855397,0.3043014415723484,0.0,0.00015529877868792136,0.0,True,0,long_short,1.7391795514804063,1.5502862118162497
2026-08-21,2.698471467129986,0.0008327894366946254,2.712337295824427,0.0,0.6939430069904075,0.6990814080679585,-0.005138401077551003,0.30605699300959255,0.0,0.00015550909499317123,0.0,True,0,long_short,1.7383109719811467,1.5523525483214018
2026-08-24,2.707875126564953,0.003484809659658472,2.698354957308276,0.0,0.7969242244625155,0.7934084902385548,0.0035157342239607505,0.20307577553748446,0.0008238663758376798,0.00046515235879046477,0.6104570535368847,True,0,long_short,1.7332265092585977,1.5623319353240621
2026-08-25,2.708266701904108,0.00014460612873667955,2.6981783722850494,0.0,0.8020774491490992,0.7983524357994296,0.0037250133496695803,0.19792255085090082,0.0,0.00017658502322650147,0.0,True,0,long_short,1.7434417825303365,1.553402430205313
2026-08-26,2.70853658159318,9.965033683068114e-05,2.698000661217795,0.0,0.8040215975564584,0.8001317034907903,0.0038898940656681433,0.1959784024435416,0.0,0.00017771106725421635,0.0,True,0,long_short,1.7491903282346006,1.5484516109386537
2026-08-27,2.7030664427948805,-0.0020195919949813623,2.697822536341987,0.0,0.8081970380885477,0.806257053791502,0.001939984297045712,0.1918029619114523,0.0,0.00017812487580799507,0.0,True,0,long_short,1.7611056114835055,1.5348690193076462
2026-08-28,2.702541500951641,-0.0001942023455022701,2.6976434103376277,0.0,0.8065076088116683,0.8046952071844264,0.0018124016272418454,0.19349239118833172,0.0,0.0001791260043592172,0.0,True,0,long_short,1.7543890684228365,1.5404459304920182
2026-08-31,2.696092933885941,-0.002386112133127005,2.7009606236040695,0.0,0.795302401695665,0.7971078623520649,-0.0018054606563998273,0.20469759830433498,0.0016387171522495498,0.0005362328695149349,1.2126970709546294,True,0,long_short,1.750987987067895,1.5397552432102433
2026-09-01,2.694163689868748,-0.0007155702954246834,2.700783987148571,0.0,0.7948875971722439,0.7973448707613424,-0.002457273589098501,0.2051124028277561,0.0,0.00017663645549854763,0.0,True,0,long_short,1.745706457632072,1.5433085431345608
2026-09-02,2.688579939336695,-0.0020725357382889165,2.7006074246061784,0.0,0.791523612935515,0.7959971586514184,-0.004473545715903456,0.208476387064485,0.0,0.00017656254239246285,0.0,True,0,long_short,1.7308447262895488,1.553333986867941
2026-09-03,2.699603695200629,0.004100215025279574,2.700431525812273,0.0,0.7854919809449795,0.7857986298850131,-0.0003066489400336927,0.21450801905502048,0.0,0.00017589879390568866,0.0,True,0,long_short,1.7200439136812418,1.5694969609368468
2026-09-04,2.7008852213877694,0.00047470900614765554,2.7002571686984433,0.0,0.7845763994423414,0.7843438635743407,0.00023253586800064903,0.21542360055765863,0.0,0.00017435711382913745,0.0,True,0,long_short,1.7119861140496184,1.577632668409301
2026-09-07,2.7011565807068587,0.00010047051127548556,2.698196879148191,0.0,0.8973004271289751,0.8962047107311152,0.0010957163978599065,0.10269957287102494,0.0008364623440891445,0.0005223508149733451,0.6198236466591177,True,0,long_short,1.7205969033991002,1.5698950610515618
2026-09-08,2.723225678952577,0.008170240260541695,2.69799791016857,0.0,0.8954256861014017,0.8861617573058601,0.009263928795541583,0.10457431389859828,0.0,0.00019896897962069904,0.0,True,0,long_short,1.7169771735184793,1.5860581730228038
2026-09-09,2.723585567679046,0.00013215530730703584,2.697799563446389,0.0,0.8898336335254373,0.8803659654122483,0.009467668113189005,0.11016636647456268,0.0,0.000198346722180909,0.0,True,0,long_short,1.7063189423921281,1.5961761309763038
2026-09-10,2.7278482964033133,0.0015651165048211624,2.697602487936443,0.0,0.8843646374005443,0.8732768476188513,0.011087789781693034,0.11563536259945573,0.0,0.0001970755099456956,0.0,True,0,long_short,1.6963891858845042,1.6080321185147157
2026-09-11,2.7206455269177123,-0.0026404582304293545,2.697406693408136,0.0,0.8825193332969281,0.873977671665652,0.008541661631276126,0.11748066670307189,0.0,0.0001957945283067566,0.0,True,0,long_short,1.6898516657267375,1.6099907359310568
