date,nav,return,cash,receivables,long_exposure,short_exposure,net_exposure,idle_cash_weight,cost,borrow_cost,turnover,marked_prices_verified,stale_mark_count,mode,benchmark_nav,excess_nav
2019-01-28,1.001732730840712,0.0017327308407120157,0.9,0.0,0.10155676031004006,0.0,0.10155676031004006,0.89844323968996,9.990009990009991e-05,0.0,0.09990009990009992,True,0,long_only,0.9964512476034993,1.0053002926635044
2019-01-29,1.00045596900057,-0.0012745533821886257,0.9,0.0,0.10041018506883706,0.0,0.10041018506883706,0.899589814931163,0.0,0.0,0.0,True,0,long_only,0.994642478359489,1.0058448043066384
2019-01-30,0.9999782689923534,-0.0004774822910934562,0.9,0.0,0.09998044166809592,0.0,0.09998044166809592,0.9000195583319041,0.0,0.0,0.0,True,0,long_only,0.9957166256999748,1.0042799760317176
2019-01-31,0.9994571417106629,-0.0005211386065576695,0.9,0.0,0.09951116216992838,0.0,0.09951116216992838,0.9004888378300716,0.0,0.0,0.0,True,0,long_only,0.9970415203691544,1.0024227891137514
2019-02-01,1.0007860162789741,0.0013295963507116149,0.9,0.0,0.1007068590483577,0.0,0.1007068590483577,0.8992931409516423,0.0,0.0,0.0,True,0,long_only,1.0072303331076609,0.993601943252837
2019-02-11,0.9996430564584852,-0.0011420621410543896,0.800548184210156,0.0,0.1991659632526017,0.0,0.1991659632526017,0.8008340367473983,0.0003007231252225695,0.0,0.30048693759799844,True,0,long_only,1.0147381825155921,0.9851241174155039
2019-02-12,1.0022470759023596,0.0026049492636899263,0.800548184210156,0.0,0.20124667513807076,0.0,0.20124667513807076,0.7987533248619292,0.0,0.0,0.0,True,0,long_only,1.0186820313786562,0.983866451974171
2019-02-13,1.003926234314662,0.0016753936755471432,0.800548184210156,0.0,0.20258266310108278,0.0,0.20258266310108278,0.7974173368989173,0.0,0.0,0.0,True,0,long_only,1.0267530457329244,0.977767963276926
2019-02-14,1.0081039890666743,0.004161416057489875,0.800548184210156,0.0,0.205887296457063,0.0,0.205887296457063,0.794112703542937,0.0,0.0,0.0,True,0,long_only,1.0303807496531894,0.9783800691210379
2019-02-15,1.0073776550274378,-0.000720495154382772,0.800548184210156,0.0,0.20531472957045913,0.0,0.20531472957045913,0.7946852704295408,0.0,0.0,0.0,True,0,long_only,1.0237223915331437,0.9840340148453451
2019-02-18,1.0144224781980096,0.006993229535531054,0.7053742517403983,0.0,0.30465435565524496,0.0,0.30465435565524496,0.695345644344755,0.00030768718701310255,0.0,0.3053673075621872,True,0,long_only,1.0409053605035008,0.9745578384833362
2019-02-19,1.0133688546685184,-0.0010386437131821857,0.7053742517403983,0.0,0.3039313883678297,0.0,0.3039313883678297,0.6960686116321704,0.0,0.0,0.0,True,0,long_only,1.035961233107593,0.9781918688488915
2019-02-20,1.019613449249297,0.0061622128527139,0.7053742517403983,0.0,0.30819444147216896,0.0,0.30819444147216896,0.6918055585278311,0.0,0.0,0.0,True,0,long_only,1.0365660763261315,0.9836453965993955
2019-02-21,1.0198464643806906,0.00022853281463208752,0.7053742517403983,0.0,0.3083525056207926,0.0,0.3083525056207926,0.6916474943792075,0.0,0.0,0.0,True,0,long_only,1.0402524009056724,0.9803836679374969
2019-02-22,1.0233115315460994,0.0033976361015408685,0.7053742517403983,0.0,0.3106945148222229,0.0,0.3106945148222229,0.6893054851777771,0.0,0.0,0.0,True,0,long_only,1.0559471505954572,0.9690935109480108
2019-02-25,1.031972551549829,0.008463717779710667,0.7186762629916897,0.0,0.30358974963784363,0.0,0.30358974963784363,0.6964102503621563,0.0002185344561315252,0.0,0.21291028965294168,True,0,long_only,1.0935612829859807,0.943680585263605
2019-02-26,1.041607112841092,0.009336063519125304,0.7186762629916897,0.0,0.31003134086572687,0.0,0.31003134086572687,0.6899686591342731,0.0,0.0,0.0,True,0,long_only,1.0808883774546978,0.9636583523026621
2019-02-27,1.0387331242720181,-0.002759186773633626,0.7186762629916897,0.0,0.3081223211252032,0.0,0.3081223211252032,0.6918776788747968,0.0,0.0,0.0,True,0,long_only,1.0745681893806474,0.9666516602084754
2019-02-28,1.0404439441696613,0.0016470254559777242,0.7186762629916897,0.0,0.3092599875092378,0.0,0.3092599875092378,0.6907400124907622,0.0,0.0,0.0,True,0,long_only,1.0748460445286596,0.9679934623808527
2019-03-01,1.038940639510952,-0.001444868478627126,0.7186762629916897,0.0,0.30826051493184103,0.0,0.30826051493184103,0.691739485068159,0.0,0.0,0.0,True,0,long_only,1.0869046191046423,0.9558710315968649
2019-03-04,1.0442863934180138,0.005145389162539704,0.5191076563441616,0.0,0.5029068083085041,0.0,0.5029068083085041,0.4970931916914959,0.00042266398707901427,0.0,0.40730639290937554,True,0,long_only,1.1001840620931709,0.9491924391553099
2019-03-05,1.0578012281585263,0.012941693797501097,0.5191076563441616,0.0,0.5092578430374387,0.0,0.5092578430374387,0.4907421569625613,0.0,0.0,0.0,True,0,long_only,1.1107286649602295,0.9523489052984886
2019-03-06,1.067616591259128,0.009279024110880219,0.5191076563441616,0.0,0.5137695867652867,0.0,0.5137695867652867,0.4862304132347133,0.0,0.0,0.0,True,0,long_only,1.1163823395267922,0.9563180583021988
2019-03-07,1.0681406488028953,0.000490866803736445,0.5191076563441616,0.0,0.5140081440342668,0.0,0.5140081440342668,0.48599185596573324,0.0,0.0,0.0,True,0,long_only,1.10879858822477,0.9633315375275057
2019-03-08,1.0574727212545998,-0.009987380931763545,0.5191076563441616,0.0,0.5091053925927419,0.0,0.5091053925927419,0.4908946074072581,0.0,0.0,0.0,True,0,long_only,1.0823223810966334,0.977040426885698
2019-03-11,1.0866570014251993,0.027598139965232305,0.424802532291646,0.0,0.6090739472211575,0.0,0.6090739472211575,0.3909260527788425,0.0005466494209724572,0.0,0.5152349755382906,True,0,long_only,1.1015740155287144,0.986458454998727
2019-03-12,1.0883311737024624,0.001540663038168688,0.424802532291646,0.0,0.609675306050011,0.0,0.609675306050011,0.39032469394998903,0.0,0.0,0.0,True,0,long_only,1.1116994637395643,0.9789796695965877
2019-03-13,1.0768768796247077,-0.010524640251539985,0.424802532291646,0.0,0.6055235836805318,0.0,0.6055235836805318,0.39447641631946817,0.0,0.0,0.0,True,0,long_only,1.1001627146854578,0.9788341899339793
2019-03-14,1.0601801752011506,-0.01550474779380151,0.424802532291646,0.0,0.59931100182,0.0,0.59931100182,0.40068899818000003,0.0,0.0,0.0,True,0,long_only,1.0888418116426728,0.973676950926157
2019-03-15,1.0712563968753497,0.010447489901513674,0.424802532291646,0.0,0.6034539130588028,0.0,0.6034539130588028,0.3965460869411972,0.0,0.0,0.0,True,0,long_only,1.0968982555440574,0.9766233025359408
2019-03-18,1.092058795976082,0.019418693005156307,0.4308020567358357,0.0,0.605513862144405,0.0,0.605513862144405,0.39448613785559505,0.0006662700672738136,0.0,0.6191627060287755,True,0,long_only,1.1180362553529473,0.9767651010846113
2019-03-19,1.1077601084115198,0.014377717109456567,0.4308020567358357,0.0,0.6111052804080593,0.0,0.6111052804080593,0.38889471959194066,0.0,0.0,0.0,True,0,long_only,1.1231982618466254,0.9862551840048933
2019-03-20,1.1009294216777237,-0.006166214762500233,0.4308020567358357,0.0,0.6086923936692239,0.0,0.6086923936692239,0.3913076063307761,0.0,0.0,0.0,True,0,long_only,1.1209523790161082,0.9821375486477318
2019-03-21,1.1158368425246665,0.013540759792053825,0.4308020567358357,0.0,0.613920207401368,0.0,0.613920207401368,0.386079792598632,0.0,0.0,0.0,True,0,long_only,1.1301815749507484,0.9873075860162496
2019-03-22,1.1078412657753332,-0.007165542886398035,0.4308020567358357,0.0,0.6111337697514502,0.0,0.6111337697514502,0.3888662302485498,0.0,0.0,0.0,True,0,long_only,1.1290213602839274,0.9812403066463969
2019-03-25,1.1013047511532745,-0.005900226705749301,0.4404681392450435,0.0,0.6000488159305678,0.0,0.6000488159305678,0.3999511840694322,0.0006717905292431519,0.0,0.6106087061948986,True,0,long_only,1.1142977482212189,0.9883397439430481
2019-03-26,1.0803026002721745,-0.01907024450689676,0.4404681392450435,0.0,0.5922733693929174,0.0,0.5922733693929174,0.4077266306070826,0.0,0.0,0.0,True,0,long_only,1.0929994734306099,0.9883834590344462
2019-03-27,1.0825476110676602,0.002078131437358355,0.4404681392450435,0.0,0.5931189217528893,0.0,0.5931189217528893,0.40688107824711073,0.0,0.0,0.0,True,0,long_only,1.0944114519693493,0.9891596155355095
2019-03-28,1.0779305311352079,-0.004265013275396301,0.4404681392450435,0.0,0.5913761355463506,0.0,0.5913761355463506,0.4086238644536494,0.0,0.0,0.0,True,0,long_only,1.090065729684892,0.9888674616408756
2019-03-29,1.0917056584083302,0.012779234723609978,0.4404681392450435,0.0,0.5965321459566025,0.0,0.5965321459566025,0.40346785404339747,0.0,0.0,0.0,True,0,long_only,1.1130128375855337,0.9808563042063151
2019-04-01,1.1204023311520013,0.026286089590769057,0.32865614962984063,0.0,0.7066623832423524,0.0,0.7066623832423524,0.2933376167576476,0.0007703747957915782,0.0,0.7041721595644678,True,0,long_only,1.141952806641958,0.9811284009596436
2019-04-02,1.1216400123444688,0.00110467566699457,0.32865614962984063,0.0,0.7069860686024577,0.0,0.7069860686024577,0.2930139313975423,0.0,0.0,0.0,True,0,long_only,1.146139609335662,0.9786242471757922
2019-04-03,1.1217584771178277,0.00010561746376280823,0.32865614962984063,0.0,0.7070170127224997,0.0,0.7070170127224997,0.2929829872775003,0.0,0.0,0.0,True,0,long_only,1.1495619715245913,0.9758138359692871
2019-04-04,1.1279873522311863,0.00555277739408111,0.32865614962984063,0.0,0.7086348982727948,0.0,0.7086348982727948,0.2913651017272052,0.0,0.0,0.0,True,0,long_only,1.1561999987801481,0.9755988180429617
2019-04-08,1.1417244251967857,0.012178392726148068,0.5741918552455181,0.0,0.49708367222979283,0.0,0.49708367222979283,0.5029163277702071,0.0009445719276884663,0.0,0.8225779696347201,True,0,long_only,1.1521101065405068,0.9909855132033286
2019-04-09,1.1381098043861495,-0.003165931052069193,0.5741918552455181,0.0,0.495486417011218,0.0,0.495486417011218,0.504513582988782,0.0,0.0,0.0,True,0,long_only,1.1430283093734095,0.9956969526065752
2019-04-10,1.1345700175978295,-0.0031102331028851626,0.5741918552455181,0.0,0.4939123665005471,0.0,0.4939123665005471,0.5060876334994528,0.0,0.0,0.0,True,0,long_only,1.1355834856453932,0.9991075354120813
2019-04-11,1.124956588025313,-0.008473191978817352,0.5741918552455181,0.0,0.48958754377053526,0.0,0.48958754377053526,0.5104124562294647,0.0,0.0,0.0,True,0,long_only,1.1239203463837153,1.0009219885065093
2019-04-12,1.124438743107683,-0.0004603243566392301,0.5741918552455181,0.0,0.4893524802795505,0.0,0.4893524802795505,0.5106475197204495,0.0,0.0,0.0,True,0,long_only,1.1231687820931169,1.0011306947226573
2019-04-15,1.1168634512156639,-0.006736953825588365,0.3388079322928615,0.0,0.6966433703922519,0.0,0.6966433703922519,0.3033566296077481,0.0006736787672066894,0.0,0.5973989646629637,True,0,long_only,1.1206657138268177,0.9966071393420524
2019-04-16,1.1168755538894555,1.0836305708084026e-05,0.3388079322928615,0.0,0.6966466576218073,0.0,0.6966466576218073,0.30335334237819267,0.0,0.0,0.0,True,0,long_only,1.1286743801966537,0.9895462973961167
2019-04-17,1.1174980733350213,0.0005573758360077896,0.3388079322928615,0.0,0.696815645254998,0.0,0.696815645254998,0.30318435474500205,0.0,0.0,0.0,True,0,long_only,1.1327737601730563,0.9865147945908446
2019-04-18,1.1308574186270763,0.011954692013191437,0.3388079322928615,0.0,0.7003973032213087,0.0,0.7003973032213087,0.29960269677869134,0.0,0.0,0.0,True,0,long_only,1.1305549851618575,1.000267508851129
2019-04-19,1.125142308220678,-0.005053785129991661,0.3388079322928615,0.0,0.6988754846232216,0.0,0.6988754846232216,0.3011245153767784,0.0,0.0,0.0,True,0,long_only,1.1330638138397615,0.9930087736256982
2019-04-22,1.1137628765636223,-0.010113771008265826,0.4516926861063684,0.0,0.5944444768171746,0.0,0.5944444768171746,0.4055555231828254,0.0007936959983559894,0.0,0.703417924499689,True,0,long_only,1.1203766767033367,0.994096806656869
2019-04-23,1.1072302691966631,-0.005865348454704211,0.5627887228832853,0.0,0.491714832460632,0.0,0.491714832460632,0.508285167539368,0.00011120724402093781,0.0,0.09992928020957131,True,0,long_only,1.1080083952916429,0.9992977254520036
2019-04-24,1.1074667854939637,0.0002136107581960367,0.5627887228832853,0.0,0.4918233844527766,0.0,0.4918233844527766,0.5081766155472234,0.0,0.0,0.0,True,0,long_only,1.105477202662801,1.0017997502131841
2019-04-25,1.10353640784166,-0.0035489801624619677,0.5627887228832853,0.0,0.49001345231190924,0.0,0.49001345231190924,0.5099865476880907,0.0,0.0,0.0,True,0,long_only,1.0902548067246367,1.0121821073707753
2019-04-26,1.0966448521001018,-0.006244973607202553,0.5627887228832853,0.0,0.48680858547274336,0.0,0.48680858547274336,0.5131914145272567,0.0,0.0,0.0,True,0,long_only,1.079388298503174,1.015987345444506
2019-04-29,1.093737144627599,-0.0026514577321312682,0.3281124318080969,0.0,0.7000079649669262,0.0,0.7000079649669262,0.2999920350330738,0.0008819668762852982,0.0,0.8070227740754083,True,0,long_only,1.0781047432584547,1.0144998910976841
2019-04-30,1.1031701949758823,0.008624604544719139,0.43565347954387884,0.0,0.605089512454238,0.0,0.605089512454238,0.39491048754576197,0.00010764869643221417,0.0,0.09843964502644861,True,0,long_only,1.0861445836205068,1.0156752716094417
2019-05-06,1.0812863061502784,-0.019837273455418303,0.5480342512138463,0.0,0.493164531820419,0.0,0.493164531820419,0.506835468179581,0.0007727873973610166,0.0,0.7051882199731998,True,0,long_only,1.056377148379393,1.023579796107005
2019-05-07,1.0828580049030017,0.001453545415107449,0.5480342512138463,0.0,0.49390017090658417,0.0,0.49390017090658417,0.5060998290934158,0.0,0.0,0.0,True,0,long_only,1.0614124258177582,1.0202047560058674
2019-05-08,1.085500508553086,0.0024403048581804754,0.5480342512138463,0.0,0.4951322022461818,0.0,0.4951322022461818,0.5048677977538182,0.0,0.0,0.0,True,0,long_only,1.0629308025473219,1.0212334668933063
2019-05-09,1.0887850301873143,0.003025813077329964,0.5480342512138463,0.0,0.49665522943536206,0.0,0.49665522943536206,0.5033447705646379,0.0,0.0,0.0,True,0,long_only,1.063376048479624,1.0238946342114994
2019-05-10,1.102510566515102,0.0126062867758443,0.5480342512138463,0.0,0.502921543014219,0.0,0.502921543014219,0.497078456985781,0.0,0.0,0.0,True,0,long_only,1.0820526582944168,1.0189065735977507
2019-05-13,1.0978374999580676,-0.0042385684989898476,0.658571769996563,0.0,0.40011907953434156,0.0,0.40011907953434156,0.5998809204656584,0.0003409929282179392,0.0,0.3108153663965081,True,0,long_only,1.075701635075892,1.0205780712424166
2019-05-14,1.100970762852627,0.0028540315799734373,0.658571769996563,0.0,0.40182628620382577,0.0,0.40182628620382577,0.5981737137961742,0.0,0.0,0.0,True,0,long_only,1.0775951162552717,1.0216924206919085
2019-05-15,1.1095614997902676,0.007802874724285758,0.658571769996563,0.0,0.40645762301499455,0.0,0.40645762301499455,0.5935423769850054,0.0,0.0,0.0,True,0,long_only,1.0878242518750139,1.0199823159649057
2019-05-16,1.110593257275934,0.0009298785924543029,0.658571769996563,0.0,0.4070090326210791,0.0,0.4070090326210791,0.5929909673789209,0.0,0.0,0.0,True,0,long_only,1.0883423500717342,1.020444768323803
2019-05-17,1.1013262709680056,-0.00834417663462017,0.658571769996563,0.0,0.4020193766759833,0.0,0.4020193766759833,0.5979806233240167,0.0,0.0,0.0,True,0,long_only,1.077549371810172,1.022065716689984
2019-05-20,1.0962778135330504,-0.0045839798505104,0.5507335782055888,0.0,0.497633198987489,0.0,0.497633198987489,0.5023668010125111,0.000555256300900951,0.0,0.5043036253894628,True,0,long_only,1.072056988768553,1.0225928518896363
2019-05-21,1.0999579321821398,0.00335692157923817,0.5507335782055888,0.0,0.4993139627503554,0.0,0.4993139627503554,0.5006860372496447,0.0,0.0,0.0,True,0,long_only,1.0753868455240585,1.0228486025845958
2019-05-22,1.1003817640633304,0.0003853164460114744,0.5507335782055888,0.0,0.4995068110071913,0.0,0.4995068110071913,0.5004931889928087,0.0,0.0,0.0,True,0,long_only,1.0756406424824256,1.023001289281712
2019-05-23,1.09245248314601,-0.0072059363179922675,0.5507335782055888,0.0,0.49587411196173603,0.0,0.49587411196173603,0.504125888038264,0.0,0.0,0.0,True,0,long_only,1.069146625516997,1.0217985607144795
2019-05-24,1.091995086169181,-0.0004186882119685542,0.5507335782055888,0.0,0.4956629519848733,0.0,0.4956629519848733,0.5043370480151267,0.0,0.0,0.0,True,0,long_only,1.0682649436936709,1.0222137238665343
2019-05-27,1.0964511556962537,0.0040806681124410105,0.5464655477415918,0.0,0.5016052061210309,0.0,0.5016052061210309,0.4983947938789691,0.0006557715282531739,0.0,0.6001882254907298,True,0,long_only,1.067713638418286,1.0269150044018729
2019-05-28,1.0956410765665732,-0.0007388191671576783,0.5464655477415918,0.0,0.5012367102426836,0.0,0.5012367102426836,0.49876328975731643,0.0,0.0,0.0,True,0,long_only,1.0685255176068675,1.0253766133919153
2019-05-29,1.0931168052863376,-0.002303921726032776,0.5464655477415918,0.0,0.5000849450864975,0.0,0.5000849450864975,0.4999150549135025,0.0,0.0,0.0,True,0,long_only,1.0675049082095354,1.02399229912653
2019-05-30,1.0875390593175018,-0.005102607463229769,0.5464655477415918,0.0,0.4975209919499048,0.0,0.4975209919499048,0.5024790080500952,0.0,0.0,0.0,True,0,long_only,1.0616526688664663,1.024383106839146
2019-05-31,1.0875327598843776,-5.792374140778378e-06,0.5464655477415918,0.0,0.4975180813866332,0.0,0.4975180813866332,0.5024819186133668,0.0,0.0,0.0,True,0,long_only,1.0600932915601837,1.0258840127964681
2019-06-03,1.0840737946518189,-0.00318056187376492,0.869094227418019,0.0,0.1983071339740729,0.0,0.1983071339740729,0.801692866025927,0.0005401711548057698,0.0,0.4971037270685471,True,0,long_only,1.0505767527407701,1.0318844309315438
2019-06-04,1.0794271415305943,-0.004286288575693353,0.869094227418019,0.0,0.19485605467945682,0.0,0.19485605467945682,0.8051439453205431,0.0,0.0,0.0,True,0,long_only,1.0427886762506362,1.0351350816463527
2019-06-05,1.0777684444885025,-0.001536645669053427,0.869094227418019,0.0,0.19361692962676974,0.0,0.19361692962676974,0.8063830703732302,0.0,0.0,0.0,True,0,long_only,1.0415305345865278,1.0347929404838434
2019-06-06,1.0719007305821877,-0.005444317781172048,0.869094227418019,0.0,0.1892026914227563,0.0,0.1892026914227563,0.8107973085772437,0.0,0.0,0.0,True,0,long_only,1.0371200923834483,1.0335357866983452
2019-06-10,1.0766281265713404,0.004410292720469666,0.7506900997702068,0.0,0.3027396542565954,0.0,0.3027396542565954,0.6972603457434046,0.0003103353654993124,0.0,0.2894078078652502,True,0,long_only,1.0431007550205376,1.0321420259638703
2019-06-11,1.0826088257444837,0.005555027799793333,0.7506900997702068,0.0,0.30659155743167377,0.0,0.30659155743167377,0.6934084425683262,0.0,0.0,0.0,True,0,long_only,1.0584447972978928,1.0228297484273903
2019-06-12,1.0790477309920132,-0.0032893642355276143,0.7506900997702068,0.0,0.3043031571179279,0.0,0.3043031571179279,0.6956968428820721,0.0,0.0,0.0,True,0,long_only,1.0549126484407245,1.0228787498064063
2019-06-13,1.0780285782146743,-0.0009444927671568015,0.7506900997702068,0.0,0.30364545528707,0.0,0.30364545528707,0.69635454471293,0.0,0.0,0.0,True,0,long_only,1.052679980672125,1.024080060424788
2019-06-14,1.075570256729338,-0.002280386192922257,0.7506900997702068,0.0,0.30205386856554334,0.0,0.30205386856554334,0.6979461314344566,0.0,0.0,0.0,True,0,long_only,1.0470954310448235,1.0271941074712754
2019-06-17,1.0728083798845947,-0.0025678256045698067,0.6459820482662522,0.0,0.3978588717439526,0.0,0.3978588717439526,0.6021411282560474,0.00011170033184920796,0.0,0.10382135151313068,True,0,long_only,1.0462791468356025,1.0253557887770466
2019-06-18,1.072268772681952,-0.0005029856335579952,0.6459820482662522,0.0,0.39755585099198054,0.0,0.39755585099198054,0.6024441490080195,0.0,0.0,0.0,True,0,long_only,1.0458545706155307,1.0252560946890306
2019-06-19,1.0765355423919907,0.003979197957399094,0.6459820482662522,0.0,0.39994359421619946,0.0,0.39994359421619946,0.6000564057838005,0.0,0.0,0.0,True,0,long_only,1.0525796817406472,1.0227591897002304
2019-06-20,1.0878762101211323,0.010534410878755951,0.6459820482662522,0.0,0.40619893857746586,0.0,0.40619893857746586,0.5938010614225342,0.0,0.0,0.0,True,0,long_only,1.0688640265006042,1.0177872799057266
2019-06-21,1.0885532510648754,0.0006223510887028993,0.6459820482662522,0.0,0.40656826146601344,0.0,0.40656826146601344,0.5934317385339866,0.0,0.0,0.0,True,0,long_only,1.0748711192615288,1.0127290905469175
2019-06-24,1.0869288129276427,-0.001492290924347217,0.6527650386281948,0.0,0.3994408549443341,0.0,0.3994408549443341,0.6005591450556659,0.0006593381727039491,0.0,0.6059973156031305,True,0,long_only,1.073172475533499,1.0128183844701244
2019-06-25,1.0850715858911166,-0.0017086924317734065,0.6527650386281948,0.0,0.39841292766678565,0.0,0.39841292766678565,0.6015870723332144,0.0,0.0,0.0,True,0,long_only,1.0676282487874333,1.016338399741197
2019-06-26,1.0892910432963907,0.003888644270238384,0.6527650386281948,0.0,0.4007432240948109,0.0,0.4007432240948109,0.5992567759051891,0.0,0.0,0.0,True,0,long_only,1.069175088727281,1.0188144624591424
2019-06-27,1.0932248861384941,0.003611379039892615,0.6527650386281948,0.0,0.40289958003617926,0.0,0.40289958003617926,0.5971004199638208,0.0,0.0,0.0,True,0,long_only,1.0760411605128528,1.0159693943468215
2019-06-28,1.092157659951544,-0.0009762183430711557,0.6527650386281948,0.0,0.4023161100594614,0.0,0.4023161100594614,0.5976838899405386,0.0,0.0,0.0,True,0,long_only,1.0734520249202184,1.0174256833068211
2019-07-01,1.0989207033190798,0.006192369119890406,0.6584938841235258,0.0,0.4007812555221946,0.0,0.4007812555221946,0.5992187444778054,0.0004481774882559092,0.0,0.40847009925179883,True,0,long_only,1.0832789482708263,1.0144392679957654
2019-07-02,1.0990910386108528,0.00015500235026832954,0.6584938841235258,0.0,0.4008741214414777,0.0,0.4008741214414777,0.5991258785585223,0.0,0.0,0.0,True,0,long_only,1.085619030773474,1.0124095170179361
2019-07-03,1.0880489715796737,-0.010046544502023469,0.6584938841235258,0.0,0.3947938913379076,0.0,0.3947938913379076,0.6052061086620923,0.0,0.0,0.0,True,0,long_only,1.0822461403548007,1.0053618405356204
2019-07-04,1.0857771024931993,-0.0020880209860186794,0.6584938841235258,0.0,0.3935275641644412,0.0,0.3935275641644412,0.6064724358355589,0.0,0.0,0.0,True,0,long_only,1.080527843457765,1.0048580506899631
2019-07-05,1.087872941016991,0.0019302659072282236,0.6584938841235258,0.0,0.39469596191266876,0.0,0.39469596191266876,0.6053040380873312,0.0,0.0,0.0,True,0,long_only,1.0807752023090442,1.0065672664331886
2019-07-08,1.0827526561776128,-0.004706693811679208,0.7606938041876974,0.0,0.29744452729108384,0.0,0.29744452729108384,0.7025554727089162,0.0005373859857144953,0.0,0.4944551973237745,True,0,long_only,1.0705928276776258,1.0113580328446294
2019-07-09,1.0805790080429865,-0.002007520482378622,0.7606938041876974,0.0,0.2960312956982445,0.0,0.2960312956982445,0.7039687043017555,0.0,0.0,0.0,True,0,long_only,1.0703759651230798,1.0095322048068722
2019-07-10,1.0796908474873723,-0.0008219302327764355,0.7606938041876974,0.0,0.2954522065663855,0.0,0.2954522065663855,0.7045477934336145,0.0,0.0,0.0,True,0,long_only,1.069295379675506,1.0097217925088398
2019-07-11,1.0778165643156243,-0.00173594429934254,0.7606938041876974,0.0,0.29422702399205447,0.0,0.29422702399205447,0.7057729760079455,0.0,0.0,0.0,True,0,long_only,1.0688176043600217,1.0084195469076231
2019-07-12,1.0756951163711899,-0.0019682829292769766,0.7606938041876974,0.0,0.29283512343733203,0.0,0.29283512343733203,0.7071648765626679,0.0,0.0,0.0,True,0,long_only,1.0746986457611163,1.00092720932887
2019-07-15,1.0793523846344588,0.0033999115619365305,0.6456402524633861,0.0,0.40182626021431994,0.0,0.40182626021431994,0.5981737397856801,0.0003229577869002258,0.0,0.30023616412195536,True,0,long_only,1.0766961531971302,1.002467020458317
2019-07-16,1.0827767312426693,0.0031725937302395923,0.6456402524633861,0.0,0.40371802068335466,0.0,0.40371802068335466,0.5962819793166454,0.0,0.0,0.0,True,0,long_only,1.076109946604373,1.0061952634666496
2019-07-17,1.082201069177695,-0.0005316535240958986,0.6456402524633861,0.0,0.4034008366356794,0.0,0.4034008366356794,0.5965991633643206,0.0,0.0,0.0,True,0,long_only,1.0782731505859695,1.0036427862361137
2019-07-18,1.0820197176466222,-0.0001675765587727529,0.6456402524633861,0.0,0.40330084384446824,0.0,0.40330084384446824,0.5966991561555317,0.0,0.0,0.0,True,0,long_only,1.0753150098028652,1.0062351104398572
2019-07-19,1.084492480039217,0.002285321008727248,0.6456402524633861,0.0,0.4046613836916245,0.0,0.4046613836916245,0.5953386163083755,0.0,0.0,0.0,True,0,long_only,1.078205381037674,1.0058310773736747
2019-07-22,1.0806025445936813,-0.003586871755344001,0.7594057769586717,0.0,0.2972385816061383,0.0,0.2972385816061383,0.7027614183938617,0.0005477021705715052,0.0,0.5047968664786207,True,0,long_only,1.0753360183628369,1.0048975633112918
2019-07-23,1.0811910868146022,0.0005446426383737268,0.7594057769586717,0.0,0.29762112708861865,0.0,0.29762112708861865,0.7023788729113813,0.0,0.0,0.0,True,0,long_only,1.0760489540109068,1.00477871641855
2019-07-24,1.08513962387559,0.0036520251684843963,0.7594057769586717,0.0,0.3001768986681693,0.0,0.3001768986681693,0.6998231013318307,0.0,0.0,0.0,True,0,long_only,1.0786153868048625,1.0060487150012332
2019-07-25,1.0908310414532045,0.0052448712150861,0.7594057769586717,0.0,0.30382822994568276,0.0,0.30382822994568276,0.6961717700543173,0.0,0.0,0.0,True,0,long_only,1.0854563838575646,1.0049515187119165
2019-07-26,1.094076733660928,0.0029754307352671816,0.7594057769586717,0.0,0.30589349577191177,0.0,0.30589349577191177,0.6941065042280883,0.0,0.0,0.0,True,0,long_only,1.0931790627335933,1.0008211563484302
2019-07-29,1.0956130378959696,0.001404201540691652,0.7660496904712397,0.0,0.3008026885638637,0.0,0.3008026885638637,0.6991973114361363,0.0006632652410952417,0.0,0.6058921130716708,True,0,long_only,1.0954866158530594,1.0001154026357608
2019-07-30,1.0964866083924585,0.0007973348858338891,0.7660496904712397,0.0,0.301359738816753,0.0,0.301359738816753,0.698640261183247,0.0,0.0,0.0,True,0,long_only,1.1004720826734273,0.9963783958323715
2019-07-31,1.097172770264785,0.0006257822640740596,0.7660496904712397,0.0,0.30179666208233913,0.0,0.30179666208233913,0.6982033379176609,0.0,0.0,0.0,True,0,long_only,1.1001403507345202,0.9973025437456651
2019-08-01,1.097130853363779,-3.820446710134373e-05,0.7660496904712397,0.0,0.3017699865767622,0.0,0.3017699865767622,0.6982300134232378,0.0,0.0,0.0,True,0,long_only,1.097480395963917,0.9996815044702179
2019-08-02,1.0965680952792305,-0.0005129361578183333,0.7660496904712397,0.0,0.30141165535536346,0.0,0.30141165535536346,0.6985883446446366,0.0,0.0,0.0,True,0,long_only,1.093536885948594,1.0027719314909136
2019-08-05,1.0947776293917257,-0.0016327904260692305,0.7677229750816227,0.0,0.29874071731975305,0.0,0.29874071731975305,0.701259282680247,0.0004402490594690376,0.0,0.4014069670876394,True,0,long_only,1.083988834289223,1.0099528655288936
2019-08-06,1.0915892671245981,-0.0029123377949356044,0.7677229750816227,0.0,0.29669244815505136,0.0,0.29669244815505136,0.7033075518449486,0.0,0.0,0.0,True,0,long_only,1.0809832548223117,1.0098114492106816
2019-08-07,1.094158596657301,0.0023537511865345806,0.7677229750816227,0.0,0.29834397186381617,0.0,0.29834397186381617,0.7016560281361839,0.0,0.0,0.0,True,0,long_only,1.085628857357977,1.0078569570452303
2019-08-08,1.0947498593619858,0.0005403811718802665,0.7677229750816227,0.0,0.2987229287893696,0.0,0.2987229287893696,0.7012770712106304,0.0,0.0,0.0,True,0,long_only,1.0903994947102478,1.0039896979711038
2019-08-09,1.094555994880232,-0.00017708564207230548,0.7677229750816227,0.0,0.2985987206934734,0.0,0.2985987206934734,0.7014012793065266,0.0,0.0,0.0,True,0,long_only,1.090508603683004,1.0037114711278374
2019-08-12,1.0929644912415726,-0.001454017561553389,0.7663041179708387,0.0,0.29887555898513973,0.0,0.29887555898513973,0.7011244410148603,0.00021825797566854012,0.0,0.1994273437095312,True,0,long_only,1.0970548032006202,0.9962715518430671
2019-08-13,1.0939202841814544,0.0008744958757040955,0.7663041179708387,0.0,0.29948815370560605,0.0,0.29948815370560605,0.700511846294394,0.0,0.0,0.0,True,0,long_only,1.0944616014350879,0.9995054031562882
2019-08-14,1.0938553823340456,-5.932959498722301e-05,0.7663041179708387,0.0,0.29944659015553293,0.0,0.29944659015553293,0.700553409844467,0.0,0.0,0.0,True,0,long_only,1.095553030010389,0.9984504194412868
2019-08-15,1.0937796347103301,-6.924829821097767e-05,0.7663041179708387,0.0,0.29939807466448026,0.0,0.29939807466448026,0.7006019253355198,0.0,0.0,0.0,True,0,long_only,1.0972326982648963,0.9968529341496779
2019-08-16,1.095452282759164,0.0015292367820296526,0.7663041179708387,0.0,0.30046782499670827,0.0,0.30046782499670827,0.6995321750032917,0.0,0.0,0.0,True,0,long_only,1.1000702092520345,0.995802152940756
2019-08-19,1.100741966666436,0.0048287670677436,0.6615794539814307,0.0,0.3989695368979124,0.0,0.3989695368979124,0.6010304631020875,0.0003456569518323895,0.0,0.313591961213143,True,0,long_only,1.1090137565406084,0.9925413099473401
2019-08-20,1.0980581765636028,-0.0024381646054261186,0.6615794539814307,0.0,0.39750054404962576,0.0,0.39750054404962576,0.6024994559503742,0.0,0.0,0.0,True,0,long_only,1.1081890011378506,0.9908582159145726
2019-08-21,1.1104918821381944,0.011323357760062436,0.6615794539814307,0.0,0.40424647435729655,0.0,0.40424647435729655,0.5957535256427035,0.0,0.0,0.0,True,0,long_only,1.1077112258223667,1.0025102718569665
2019-08-22,1.1061296553522302,-0.003928193313367467,0.6615794539814307,0.0,0.40189701019202767,0.0,0.40189701019202767,0.5981029898079724,0.0,0.0,0.0,True,0,long_only,1.1055053270253439,1.0005647447476045
2019-08-23,1.1097830282284393,0.0033028432594059964,0.6615794539814307,0.0,0.4038659475289341,0.0,0.4038659475289341,0.5961340524710659,0.0,0.0,0.0,True,0,long_only,1.1101529626474582,0.9996667716688908
2019-08-26,1.106631823540843,-0.0028394781749605524,0.7741081986300684,0.0,0.30048261566056605,0.0,0.30048261566056605,0.699517384339434,0.0005567442470316295,0.0,0.5033852123526342,True,0,long_only,1.1028680750534194,1.00341269148374
2019-08-27,1.1133663779518104,0.006085632337428093,0.7741081986300684,0.0,0.3047138714084879,0.0,0.3047138714084879,0.6952861285915122,0.0,0.0,0.0,True,0,long_only,1.1086786361242869,1.0042282241893925
2019-08-28,1.115579663941296,0.001987922424563804,0.7741081986300684,0.0,0.3060933040898427,0.0,0.3060933040898427,0.6939066959101573,0.0,0.0,0.0,True,0,long_only,1.109473911773536,1.0055032859294544
2019-08-29,1.1150907914910582,-0.0004382228056315496,0.7741081986300684,0.0,0.30578908503498675,0.0,0.30578908503498675,0.6942109149650133,0.0,0.0,0.0,True,0,long_only,1.1076749691140284,1.0066949444411128
2019-08-30,1.1115205798041745,-0.003201722867883783,0.7741081986300684,0.0,0.3035592748391133,0.0,0.3035592748391133,0.6964407251608866,0.0,0.0,0.0,True,0,long_only,1.1075099502639285,1.0036213033926153
2019-09-02,1.117776087760549,0.0056278831629699155,0.6682291141473758,0.0,0.40217980911886864,0.0,0.40217980911886864,0.5978201908811314,0.0001165358925766758,0.0,0.10470971248456425,True,0,long_only,1.1144017744778525,1.0030279144918604
2019-09-03,1.1167618143246094,-0.0009074030541945666,0.779520591897116,0.0,0.3019813339798414,0.0,0.3019813339798414,0.6980186660201586,0.00011140288063037047,0.0,0.09956885555529582,True,0,long_only,1.1152119594277268,1.0013897402047929
2019-09-04,1.1149164836327992,-0.0016523941525761199,0.779520591897116,0.0,0.30082602298859445,0.0,0.30082602298859445,0.6991739770114056,0.0,0.0,0.0,True,0,long_only,1.117437172546014,0.9977442231427907
2019-09-05,1.116507331311117,0.0014268760949107673,0.779520591897116,0.0,0.3018222361498304,0.0,0.3018222361498304,0.6981777638501696,0.0,0.0,0.0,True,0,long_only,1.127547033760756,0.9902090980517079
2019-09-06,1.1139585019881204,-0.0022828594596001617,0.779520591897116,0.0,0.3002247475952844,0.0,0.3002247475952844,0.6997752524047156,0.0,0.0,0.0,True,0,long_only,1.132660246179661,0.9834886549125216
2019-09-09,1.1172315065578928,0.0029381745944134785,0.6694785187553535,0.0,0.4007701046509447,0.0,0.4007701046509447,0.5992298953490554,0.0005595166364852825,0.0,0.5014654772192675,True,0,long_only,1.1402267162468682,0.9798327741655926
2019-09-10,1.1198120451123805,0.0023097617094940404,0.6694785187553535,0.0,0.40215099339446114,0.0,0.40215099339446114,0.5978490066055389,0.0,0.0,0.0,True,0,long_only,1.1381292487271186,0.9839058668993667
2019-09-11,1.116226113129824,-0.0032022623780553205,0.6694785187553535,0.0,0.4002303736846111,0.0,0.4002303736846111,0.5997696263153889,0.0,0.0,0.0,True,0,long_only,1.134562198552578,0.9838386247610343
2019-09-12,1.1164200057763254,0.00017370373638536662,0.6694785187553535,0.0,0.4003345378159738,0.0,0.4003345378159738,0.5996654621840263,0.0,0.0,0.0,True,0,long_only,1.1357535872116153,0.9829773098205609
2019-09-16,1.1137935912073942,-0.0023525326985742723,0.6697439411705577,0.0,0.39868217373693987,0.0,0.39868217373693987,0.6013178262630601,0.0006716141602903085,0.0,0.601633265029508,True,0,long_only,1.131633198675241,0.9842355212901751
2019-09-17,1.104063294765029,-0.00873617564257756,0.6697439411705577,0.0,0.3933826580901823,0.0,0.3933826580901823,0.6066173419098178,0.0,0.0,0.0,True,0,long_only,1.1187139508359036,0.9869040195128276
2019-09-18,1.1047276613900345,0.0006017468637491419,0.6697439411705577,0.0,0.39374746864956217,0.0,0.39374746864956217,0.6062525313504379,0.0,0.0,0.0,True,0,long_only,1.1193384472234478,0.9869469454304409
2019-09-19,1.1071915208861904,0.0022302867776984314,0.6697439411705577,0.0,0.3950965767562074,0.0,0.3950965767562074,0.6049034232437926,0.0,0.0,0.0,True,0,long_only,1.12294717567019,0.9859693713779578
2019-09-20,1.1081480198708997,0.000863896594821778,0.6697439411705577,0.0,0.39561869970350766,0.0,0.39561869970350766,0.6043813002964924,0.0,0.0,0.0,True,0,long_only,1.125297762452824,0.9847598181084598
2019-09-23,1.106186224960916,-0.0017703365207584199,0.6645107663159866,0.0,0.39927767014142196,0.0,0.39927767014142196,0.600722329858578,0.00022556627995129133,0.0,0.2037883206046789,True,0,long_only,1.1195417558683347,0.9880705379344605
2019-09-24,1.1103573457223093,0.003770722024260209,0.6645107663159866,0.0,0.40153431786979416,0.0,0.40153431786979416,0.5984656821302059,0.0,0.0,0.0,True,0,long_only,1.1197464199041876,0.9916149995972466
2019-09-25,1.105286800193765,-0.004566588898681001,0.6645107663159866,0.0,0.3987888336316937,0.0,0.3987888336316937,0.6012111663683063,0.0,0.0,0.0,True,0,long_only,1.1161868243799595,0.9902345880204692
2019-09-26,1.094156979035442,-0.010069622795071731,0.6645107663159866,0.0,0.39267328267486035,0.0,0.39267328267486035,0.6073267173251397,0.0,0.0,0.0,True,0,long_only,1.1120745681893807,0.9838881405379937
2019-09-27,1.099378201469487,0.00477191347684669,0.6645107663159866,0.0,0.3955576293692504,0.0,0.3955576293692504,0.6044423706307496,0.0,0.0,0.0,True,0,long_only,1.1136708798994843,0.9871661559191641
2019-09-30,1.094168044421758,-0.004739185332913509,0.6605875830570166,0.0,0.3962649645776106,0.0,0.3962649645776106,0.6037350354223894,0.00022144405397353986,0.0,0.20125325873366,True,0,long_only,1.112327009756782,0.9836747960125554
2019-10-08,1.0926198819003519,-0.0014149220764569925,0.6560747180132857,0.0,0.3995398318469184,0.0,0.3995398318469184,0.6004601681530817,0.0006525449774401356,0.0,0.5967332296248065,True,0,long_only,1.1132032700162444,0.9815097667512311
2019-10-09,1.0937330311688165,0.0010187891387518633,0.6560747180132857,0.0,0.4001509515423775,0.0,0.4001509515423775,0.5998490484576224,0.0,0.0,0.0,True,0,long_only,1.1168733299041942,0.9792811788805427
2019-10-10,1.1003744047683521,0.0060722072116981,0.6560747180132857,0.0,0.4037713752971192,0.0,0.4037713752971192,0.5962286247028807,0.0,0.0,0.0,True,0,long_only,1.1230847478532302,0.9797786025246191
2019-10-11,1.1011815291428855,0.0007334997715646718,0.6560747180132857,0.0,0.4042083883081953,0.0,0.4042083883081953,0.5957916116918047,0.0,0.0,0.0,True,0,long_only,1.1288434652196513,0.9754953304607354
2019-10-14,1.0986537053087915,-0.00229555597074127,0.770752286182646,0.0,0.2984574825913724,0.0,0.2984574825913724,0.7015425174086276,0.00033534828055823573,0.0,0.30461506406746486,True,0,long_only,1.1388055888191089,0.9647421088335603
2019-10-15,1.0977580579689,-0.0008152226088746772,0.770752286182646,0.0,0.29788510265302737,0.0,0.29788510265302737,0.7021148973469726,0.0,0.0,0.0,True,0,long_only,1.1342894261206882,0.9677936095404442
2019-10-16,1.09717376745384,-0.000532258006049946,0.770752286182646,0.0,0.29751119736366366,0.0,0.29751119736366366,0.7024888026363363,0.0,0.0,0.0,True,0,long_only,1.1318900452632814,0.969328930884478
2019-10-17,1.0978168886548914,0.0005861616638391798,0.770752286182646,0.0,0.29792272814547766,0.0,0.29792272814547766,0.7020772718545223,0.0,0.0,0.0,True,0,long_only,1.1304756947903516,0.9711105632027615
2019-10-18,1.0961053065674589,-0.001559077934690567,0.770752286182646,0.0,0.2968264257415938,0.0,0.2968264257415938,0.7031735742584062,0.0,0.0,0.0,True,0,long_only,1.1265382840343754,0.9729854032497418
2019-10-21,1.098768779498451,0.0024299425566445265,0.7680991920841123,0.0,0.3009455615996641,0.0,0.3009455615996641,0.6990544384003359,0.00043613327006558936,0.0,0.39746110049590483,True,0,long_only,1.123791923089695,0.9777332946810592
2019-10-22,1.0962466599559288,-0.0022954051749392024,0.7680991920841123,0.0,0.2993372567128358,0.0,0.2993372567128358,0.7006627432871642,0.0,0.0,0.0,True,0,long_only,1.1260862611472438,0.9735014960923911
2019-10-23,1.0944745313691113,-0.0016165418345619464,0.7680991920841123,0.0,0.2982027721346117,0.0,0.2982027721346117,0.7017972278653883,0.0,0.0,0.0,True,0,long_only,1.1229820769875622,0.9746144251073683
2019-10-24,1.0948676792731102,0.000359211560188033,0.7680991920841123,0.0,0.2984547752893225,0.0,0.2984547752893225,0.7015452247106775,0.0,0.0,0.0,True,0,long_only,1.1228899104018801,0.9750445427737963
2019-10-25,1.1004636857562178,0.005111125836523511,0.7680991920841123,0.0,0.3020222275155867,0.0,0.3020222275155867,0.6979777724844133,0.0,0.0,0.0,True,0,long_only,1.1269042395951718,0.9765370002969795
2019-10-28,1.111143694432282,0.009705007820158151,0.7740452147013788,0.0,0.30337973515040056,0.0,0.30337973515040056,0.6966202648495994,0.0006694199649467453,0.0,0.6051982095736629,True,0,long_only,1.1321418091351996,0.9814527521786716
2019-10-29,1.1059908121443998,-0.004637458065686828,0.7740452147013788,0.0,0.3001341365570782,0.0,0.3001341365570782,0.6998658634429218,0.0,0.0,0.0,True,0,long_only,1.1308697747136907,0.978000152514829
2019-10-30,1.1037749513101522,-0.0020035074522466445,0.7740452147013788,0.0,0.2987291351533143,0.0,0.2987291351533143,0.7012708648466857,0.0,0.0,0.0,True,0,long_only,1.1229905481810991,0.9828889059644622
2019-10-31,1.102784596866178,-0.0008972430863724012,0.7740452147013788,0.0,0.29809935965644574,0.0,0.29809935965644574,0.7019006403435543,0.0,0.0,0.0,True,0,long_only,1.1181656951901917,0.9862443478724345
2019-11-01,1.1064629754492263,0.003335536779803805,0.7740452147013788,0.0,0.3004327918093105,0.0,0.3004327918093105,0.6995672081906895,0.0,0.0,0.0,True,0,long_only,1.1236797644872658,0.9846782067434529
2019-11-04,1.1101433270026435,0.0033262310941069018,0.6650118425325353,0.0,0.4009675810707713,0.0,0.4009675810707713,0.5990324189292286,0.0003368772795128855,0.0,0.3040534202339959,True,0,long_only,1.127450801002176,0.9846490206187728
2019-11-05,1.1180571707880325,0.007128668517745407,0.6650118425325353,0.0,0.405207658510146,0.0,0.405207658510146,0.5947923414898539,0.0,0.0,0.0,True,0,long_only,1.1363411491953381,0.9839097805969159
2019-11-06,1.1145666602972788,-0.003121942761024954,0.6650118425325353,0.0,0.40334493555086015,0.0,0.40334493555086015,0.5966550644491398,0.0,0.0,0.0,True,0,long_only,1.1358481257314876,0.9812638107577071
2019-11-07,1.1133340337110238,-0.0011059245087469138,0.6650118425325353,0.0,0.40268434953355137,0.0,0.40268434953355137,0.5973156504664486,0.0,0.0,0.0,True,0,long_only,1.1386090571290515,0.9778018422918948
2019-11-08,1.1124009664130117,-0.0008380838721887551,0.6650118425325353,0.0,0.4021833290230799,0.0,0.4021833290230799,0.5978166709769202,0.0,0.0,0.0,True,0,long_only,1.1371919958741898,0.9781997854793898
2019-11-11,1.1107616861364973,-0.001473641542941606,0.668059595664935,0.0,0.3985572206864545,0.0,0.3985572206864545,0.6014427793135455,0.0004505666449063477,0.0,0.40476948950632136,True,0,long_only,1.1295716490160879,0.9833477027367189
2019-11-12,1.1162345407202556,0.004927118617850779,0.668059595664935,0.0,0.40150607126539334,0.0,0.40150607126539334,0.5984939287346067,0.0,0.0,0.0,True,0,long_only,1.1270160593498597,0.9904335714294759
2019-11-13,1.11367174400573,-0.002295930309477834,0.668059595664935,0.0,0.40012880881577095,0.0,0.40012880881577095,0.599871191184229,0.0,0.0,0.0,True,0,long_only,1.1264644152267334,0.988643519450698
2019-11-14,1.1166804600373912,0.0027016183609358535,0.668059595664935,0.0,0.40174506533179094,0.0,0.40174506533179094,0.5982549346682091,0.0,0.0,0.0,True,0,long_only,1.1276317456961253,0.9902882428589543
2019-11-15,1.114546267075466,-0.0019111939702550762,0.668059595664935,0.0,0.4005994947002943,0.0,0.4005994947002943,0.5994005052997057,0.0,0.0,0.0,True,0,long_only,1.1233924216024922,0.9921254991960803
2019-11-18,1.1152094432406794,0.0005950189640431258,0.6681918828647818,0.0,0.4008373163312825,0.0,0.4008373163312825,0.5991626836687175,0.00045032149629256786,0.0,0.40446866443380636,True,0,long_only,1.1277452596895206,0.9888841772189826
2019-11-19,1.121616176895918,0.005744870341683583,0.6681918828647818,0.0,0.40425976672875014,0.0,0.40425976672875014,0.5957402332712498,0.0,0.0,0.0,True,0,long_only,1.133293552608484,0.989696071520315
2019-11-20,1.1229087135173268,0.0011523876420771462,0.6681918828647818,0.0,0.40494550018070435,0.0,0.40494550018070435,0.5950544998192957,0.0,0.0,0.0,True,0,long_only,1.1309497427806794,0.9928900206974874
2019-11-21,1.1239043640910535,0.0008866709837953568,0.6681918828647818,0.0,0.4054726503307289,0.0,0.4054726503307289,0.5945273496692711,0.0,0.0,0.0,True,0,long_only,1.1277669459449753,0.9965750176773578
2019-11-22,1.117860677756571,-0.005377402675511789,0.6681918828647818,0.0,0.40225835279779887,0.0,0.40225835279779887,0.5977416472022011,0.0,0.0,0.0,True,0,long_only,1.125094453807937,0.993570516655839
2019-11-25,1.114468960905819,-0.0030341141058461973,0.6703475924476984,0.0,0.3985049239030824,0.0,0.3985049239030824,0.6014950760969175,0.0004546365555364746,0.0,0.4070299507850657,True,0,long_only,1.1274619829776449,0.9884758667981769
2019-11-26,1.114227063187645,-0.00021705200114074952,0.6703475924476984,0.0,0.398374339849609,0.0,0.398374339849609,0.601625660150391,0.0,0.0,0.0,True,0,long_only,1.1280336191175186,0.9877605102402225
2019-11-27,1.1137591982290955,-0.0004199009106915508,0.6703475924476984,0.0,0.3981216105657601,0.0,0.3981216105657601,0.6018783894342399,0.0,0.0,0.0,True,0,long_only,1.126089310776917,0.9890505020962195
2019-11-28,1.1138099601178757,4.557707703867209e-05,0.6703475924476984,0.0,0.39814904117327615,0.0,0.39814904117327615,0.6018509588267238,0.0,0.0,0.0,True,0,long_only,1.1240382653977496,0.990900394057088
2019-11-29,1.1118452370260303,-0.001763966172144138,0.6703475924476984,0.0,0.3970855204266129,0.0,0.3970855204266129,0.6029144795733872,0.0,0.0,0.0,True,0,long_only,1.1231243930389831,0.98995734035975
2019-12-02,1.113283726586989,0.0012937857833581479,0.7772440241088685,0.0,0.3018455174121,0.0,0.3018455174121,0.6981544825879,0.0005510165874175811,0.0,0.4962003899984727,True,0,long_only,1.1232450228349493,0.9911316800471378
2019-12-03,1.1144543462616125,0.001051501649280695,0.7772440241088685,0.0,0.3025788568943187,0.0,0.3025788568943187,0.6974211431056814,0.0,0.0,0.0,True,0,long_only,1.124467924333944,0.9910948299585667
2019-12-04,1.1134844005513,-0.0008703323860382861,0.7772440241088685,0.0,0.30197133994509007,0.0,0.30197133994509007,0.6980286600549099,0.0,0.0,0.0,True,0,long_only,1.1238983212805191,0.9907341077639888
2019-12-05,1.11628390503265,0.00251418383586155,0.7772440241088685,0.0,0.30372191106156377,0.0,0.30372191106156377,0.6962780889384362,0.0,0.0,0.0,True,0,long_only,1.128738422419793,0.9889659843771041
2019-12-06,1.1190091183803121,0.0024413263824514253,0.7772440241088685,0.0,0.30541761336683726,0.0,0.30541761336683726,0.6945823866331627,0.0,0.0,0.0,True,0,long_only,1.1318747971149148,0.9886333022279526
2019-12-09,1.119408687587724,0.0003570741300038538,0.7842945329159109,0.0,0.29936711979069,0.0,0.29936711979069,0.70063288020931,0.00023101409540734523,0.0,0.20623967678734462,True,0,long_only,1.1315173127476554,0.9892987716374149
2019-12-10,1.1208650946083034,0.001301050310515084,0.7842945329159109,0.0,0.3002774939744288,0.0,0.3002774939744288,0.6997225060255712,0.0,0.0,0.0,True,0,long_only,1.1340410507261847,0.9883814116698474
2019-12-11,1.1179468196907738,-0.002603591575442432,0.7842945329159109,0.0,0.2984509467696788,0.0,0.2984509467696788,0.7015490532303212,0.0,0.0,0.0,True,0,long_only,1.1364373819539182,0.9837293611097578
2019-12-12,1.1160044458798455,-0.0017374474140600116,0.7842945329159109,0.0,0.2972299207127424,0.0,0.2972299207127424,0.7027700792872575,0.0,0.0,0.0,True,0,long_only,1.136738617596092,0.9817599478056847
2019-12-13,1.1184775353298442,0.0022160211450132916,0.7842945329159109,0.0,0.29878383057142144,0.0,0.29878383057142144,0.7012161694285786,0.0,0.0,0.0,True,0,long_only,1.145542898462919,0.9763733307854372
2019-12-16,1.1201100897040697,0.0014596219616911377,0.7828911166217719,0.0,0.3010587764381179,0.0,0.3010587764381179,0.6989412235618822,0.0004490549879896028,0.0,0.4015028109844599,True,0,long_only,1.1559055400928038,0.9690325470835097
2019-12-17,1.1224931393493098,0.0021275137748910655,0.7828911166217719,0.0,0.3025426266074102,0.0,0.3025426266074102,0.6974573733925897,0.0,0.0,0.0,True,0,long_only,1.1651625215422452,0.9633790296168668
2019-12-18,1.119554494330025,-0.002617962565889864,0.7828911166217719,0.0,0.3007119165822496,0.0,0.3007119165822496,0.6992880834177504,0.0,0.0,0.0,True,0,long_only,1.1671769713653328,0.9591985806748738
2019-12-19,1.1172564333194768,-0.002052656679229936,0.7828911166217719,0.0,0.2992735657867488,0.0,0.2992735657867488,0.7007264342132512,0.0,0.0,0.0,True,0,long_only,1.166240396207887,0.9579983997744503
2019-12-20,1.1168502518831496,-0.0003635525598364442,0.7828911166217719,0.0,0.2990187222488249,0.0,0.2990187222488249,0.700981277751175,0.0,0.0,0.0,True,0,long_only,1.1656643550473744,0.9581233629107232
2019-12-23,1.114787539579313,-0.001846901408992463,0.7821173861410168,0.0,0.29841574437030033,0.0,0.29841574437030033,0.7015842556296996,0.0006696124963792751,0.0,0.5991279101632844,True,0,long_only,1.160560291517489,0.9605597811051023
2019-12-24,1.1168303690727626,0.0018324832498759491,0.7821173861410168,0.0,0.299699034160074,0.0,0.299699034160074,0.700300965839926,0.0,0.0,0.0,True,0,long_only,1.1656809585867067,0.9580926589268718
2019-12-25,1.1176069252808374,0.0006953215363578735,0.7821173861410168,0.0,0.30018563016287436,0.0,0.30018563016287436,0.6998143698371256,0.0,0.0,0.0,True,0,long_only,1.1668137265864684,0.9578280575687207
2019-12-26,1.1208295648770454,0.0028835179196819993,0.7821173861410168,0.0,0.3021977554394591,0.0,0.3021977554394591,0.697802244560541,0.0,0.0,0.0,True,0,long_only,1.1738143209254068,0.9548610413897579
2019-12-27,1.1194003587093104,-0.0012751324666312458,0.7821173861410168,0.0,0.30130682909302203,0.0,0.30130682909302203,0.6986931709069779,0.0,0.0,0.0,True,0,long_only,1.1730827486515556,0.9542381899282447
2019-12-30,1.1205065106564818,0.0009881647245912895,0.6714451042880357,0.0,0.4007664409779736,0.0,0.4007664409779736,0.5992335590220264,0.00033984838218562935,0.0,0.3037961610212172,True,0,long_only,1.1787662418193685,0.9505756704798691
2019-12-31,1.1236228783129238,0.002781213341291666,0.7844306259514697,0.0,0.3018737504444,0.0,0.3018737504444,0.6981262495556,0.00011309862028371768,0.0,0.10093937132607164,True,0,long_only,1.185676024963591,0.9476643321243065
2020-01-02,1.1331470639778976,0.008476318744304878,0.7844306259514697,0.0,0.30774155368877143,0.0,0.30774155368877143,0.6922584463112286,0.0,0.0,0.0,True,0,long_only,1.1989707161004861,0.9450998667117806
2020-01-03,1.1349249459000648,0.0015689772128304469,0.7844306259514697,0.0,0.30882598996062377,0.0,0.30882598996062377,0.6911740100393762,0.0,0.0,0.0,True,0,long_only,1.20132130288312,0.9447305589073408
2020-01-06,1.1392662017100281,0.00382514793215738,0.4541150530568146,0.0,0.6013968882995108,0.0,0.6013968882995108,0.39860311170048923,0.0005766783770528863,0.0,0.5083085020456227,True,0,long_only,1.2013717911966002,0.9483044383581596
2020-01-07,1.1494912627568168,0.008975128930746035,0.4541150530568146,0.0,0.6049425795828028,0.0,0.6049425795828028,0.39505742041719716,0.0,0.0,0.0,True,0,long_only,1.2041740620186245,0.954588957704221
2020-01-08,1.141399826829763,-0.0070391452194671356,0.4541150530568146,0.0,0.6021419993394262,0.0,0.6021419993394262,0.39785800066057375,0.0,0.0,0.0,True,0,long_only,1.197799997153679,0.9529135327617805
2020-01-09,1.1413660087109054,-2.9628634999334658e-05,0.4541150530568146,0.0,0.6021302110006707,0.0,0.6021302110006707,0.39786978899932934,0.0,0.0,0.0,True,0,long_only,1.202399177548762,0.9492405101587976
2020-01-10,1.1367005602505664,-0.004087600668613245,0.4541150530568146,0.0,0.6004972031009532,0.0,0.6004972031009532,0.3995027968990468,0.0,0.0,0.0,True,0,long_only,1.196792941666006,0.9497888236775633
2020-01-13,1.1409479888048477,0.003736629243276779,0.3412139377765036,0.0,0.7009382188105454,0.0,0.7009382188105454,0.2990617811894546,0.0005686868992109738,0.0,0.5010270156043122,True,0,long_only,1.200070615869324,0.9507340432449067
2020-01-14,1.1458062734160572,0.004258112253038515,0.3412139377765036,0.0,0.7022062579922667,0.0,0.7022062579922667,0.29779374200773334,0.0,0.0,0.0,True,0,long_only,1.200102467557023,0.9547570348292898
2020-01-15,1.1454182337329375,-0.0003386608121482837,0.3412139377765036,0.0,0.7021053727558697,0.0,0.7021053727558697,0.2978946272441303,0.0,0.0,0.0,True,0,long_only,1.1949509653433308,0.9585483144940917
2020-01-16,1.1455005059856211,7.182725947663116e-05,0.3412139377765036,0.0,0.7021267681737832,0.0,0.7021267681737832,0.29787323182621683,0.0,0.0,0.0,True,0,long_only,1.192705421360555,0.9604219830567334
2020-01-17,1.1458298808140241,0.00028753791611801915,0.3412139377765036,0.0,0.7022123934016303,0.0,0.7022123934016303,0.29778760659836967,0.0,0.0,0.0,True,0,long_only,1.1959647977858332,0.958079939255213
2020-01-20,1.16202875307997,0.014137240210944313,0.3445730791233929,0.0,0.7034728459084182,0.0,0.7034728459084182,0.2965271540915818,0.0006989123577268415,0.0,0.6096808767018783,True,0,long_only,1.2059109955414415,0.9636107120478085
2020-01-21,1.1645006834617135,0.0021272540590684397,0.3445730791233929,0.0,0.7041022955013819,0.0,0.7041022955013819,0.2958977044986181,0.0,0.0,0.0,True,0,long_only,1.2022300925257645,0.9686171479996935
2020-01-22,1.1794534210167742,0.01284047125726917,0.3445730791233929,0.0,0.7078535930428299,0.0,0.7078535930428299,0.2921464069571701,0.0,0.0,0.0,True,0,long_only,1.2027424303108791,0.9806367442378454
2020-01-23,1.1780303084817552,-0.001206586465951398,0.3445730791233929,0.0,0.7075006673067024,0.0,0.7075006673067024,0.29249933269329764,0.0,0.0,0.0,True,0,long_only,1.1874048261406125,0.9921050365869515
2020-02-03,1.1586722142608077,-0.016432594375178855,0.33871236034674446,0.0,0.7076719747156178,0.0,0.7076719747156178,0.2923280252843822,0.001147966588248806,0.0,1.0173308283248963,True,0,long_only,1.1454693685030182,1.0115261447584967
2020-02-04,1.1729660838420686,0.012336422160930116,0.33871236034674446,0.0,0.7112343101709413,0.0,0.7112343101709413,0.2887656898290587,0.0,0.0,0.0,True,0,long_only,1.168511692619015,1.0038120210958863
2020-02-05,1.2036707080679936,0.026176907115124326,0.33871236034674446,0.0,0.718600479286889,0.0,0.718600479286889,0.28139952071311103,0.0,0.0,0.0,True,0,long_only,1.1774193220469928,1.0222956983374127
2020-02-06,1.2357721293605204,0.026669604134549774,0.33871236034674446,0.0,0.7259103419640809,0.0,0.7259103419640809,0.2740896580359191,0.0,0.0,0.0,True,0,long_only,1.1867501723040768,1.0413077311472114
2020-02-07,1.2474140051186868,0.00942073015046141,0.33871236034674446,0.0,0.7284683681946338,0.0,0.7284683681946338,0.2715316318053662,0.0,0.0,0.0,True,0,long_only,1.1847428382835599,1.05289854034984
2020-02-10,1.2576739589120791,0.008224978837251484,0.37770736937184646,0.0,0.6996778324816606,0.0,0.6996778324816606,0.3003221675183394,0.0008388813779553871,0.0,0.6674998585852099,True,0,long_only,1.189457565758487,1.0573508421967894
2020-02-11,1.2692293634629093,0.009187917479682728,0.37770736937184646,0.0,0.7024120460455419,0.0,0.7024120460455419,0.29758795395445814,0.0,0.0,0.0,True,0,long_only,1.1942769971855307,1.0627596164491266
2020-02-12,1.282214871757947,0.010231017867100345,0.37770736937184646,0.0,0.7054258395443499,0.0,0.7054258395443499,0.2945741604556501,0.0,0.0,0.0,True,0,long_only,1.2074940921896273,1.06188086554761
2020-02-13,1.2740731566090238,-0.0063497275911024165,0.37770736937184646,0.0,0.7035434210252701,0.0,0.7035434210252701,0.2964565789747299,0.0,0.0,0.0,True,0,long_only,1.2037322045637369,1.0584357150025576
2020-02-14,1.274583164032846,0.000400296812766765,0.37770736937184646,0.0,0.7036620441644929,0.0,0.7036620441644929,0.29633795583550715,0.0,0.0,0.0,True,0,long_only,1.2031161793697296,1.0594015656081988
2020-02-17,1.2956899125058547,0.01655972640202319,0.2556046786508878,0.0,0.8027269671672057,0.0,0.8027269671672057,0.1972730328327943,0.0006428949034855257,0.0,0.5051914600088543,True,0,long_only,1.2168462898544243,1.0647934117141966
2020-02-18,1.310542904195313,0.011463384522869768,0.2556046786508878,0.0,0.804962754113089,0.0,0.804962754113089,0.19503724588691096,0.0,0.0,0.0,True,0,long_only,1.221237078888498,1.0731273450918277
2020-02-19,1.3106636934037297,9.216730564887143e-05,0.2556046786508878,0.0,0.8049807285138912,0.0,0.8049807285138912,0.19501927148610876,0.0,0.0,0.0,True,0,long_only,1.2205790365745477,1.0738048533768014
2020-02-20,1.3219316904014973,0.008597168788970766,0.2556046786508878,0.0,0.8066430508423205,0.0,0.8066430508423205,0.19335694915767954,0.0,0.0,0.0,True,0,long_only,1.2296442302023125,1.0750521638148953
2020-02-21,1.3267726983672279,0.0036620711954187257,0.2556046786508878,0.0,0.8073485541529128,0.0,0.8073485541529128,0.19265144584708715,0.0,0.0,0.0,True,0,long_only,1.2361399414064485,1.0733191719844113
2020-02-24,1.3380254461199022,0.008481292814151553,0.267056777987422,0.0,0.8004097913370396,0.0,0.8004097913370396,0.1995902086629604,0.0010810070445806607,0.0,0.8121324277422797,True,0,long_only,1.2409234549728956,1.0782497830610571
2020-02-25,1.335826132606489,-0.001643700812858806,0.267056777987422,0.0,0.80008118461769,0.0,0.80008118461769,0.19991881538231004,0.0,0.0,0.0,True,0,long_only,1.2393959293543122,1.0778041955506616
2020-02-26,1.3194683897405437,-0.012245413131743321,0.267056777987422,0.0,0.7976027466334868,0.0,0.7976027466334868,0.20239725336651315,0.0,0.0,0.0,True,0,long_only,1.2312452857807967,1.071653556751529
2020-02-27,1.3116858845920984,-0.005898212650608192,0.267056777987422,0.0,0.7964018816361129,0.0,0.7964018816361129,0.20359811836388708,0.0,0.0,0.0,True,0,long_only,1.229877018600708,1.066517923950208
2020-02-28,1.288837013657842,-0.01741946848910536,0.267056777987422,0.0,0.792792436004387,0.0,0.792792436004387,0.20720756399561302,0.0,0.0,0.0,True,0,long_only,1.2112563186632592,1.0640497752616067
2020-03-02,1.3160809646479636,0.0211383989607814,0.0012677828581972208,0.0,0.9990366984309843,0.0,0.9990366984309843,0.0009633015690156954,0.0010535151857656625,0.0,0.813312924479289,True,0,long_only,1.2196241636390621,1.0790873154899603
2020-03-03,1.3516229158613746,0.02700590022052185,0.13321967635051107,0.0,0.901437246448569,0.0,0.901437246448569,0.09856275355143096,0.00013208397746978365,0.0,0.09822340493716386,True,0,long_only,1.2245496544091885,1.1037714240452712
2020-03-04,1.3368774767165599,-0.010909432632264737,0.13321967635051107,0.0,0.9003501228267339,0.0,0.9003501228267339,0.09964987717326612,0.0,0.0,0.0,True,0,long_only,1.2243771809087762,1.091883692020691
2020-03-05,1.349278981426457,0.009276470675798842,0.13321967635051107,0.0,0.9012660256445473,0.0,0.9012660256445473,0.09873397435545272,0.0,0.0,0.0,True,0,long_only,1.2394318472149086,1.0886270063645553
2020-03-06,1.3591016626706787,0.007279948312718165,0.13321967635051107,0.0,0.9019796090244417,0.0,0.9019796090244417,0.09802039097555826,0.0,0.0,0.0,True,0,long_only,1.2384339406162557,1.097435735647214
2020-03-09,1.3127022808338438,-0.034139743266635825,0.2716707137954158,0.0,0.7930446851796072,0.0,0.7930446851796072,0.20695531482039276,0.0007189106724704228,0.0,0.5318653947403605,True,0,long_only,1.216587410179935,1.0790036703073338
2020-03-10,1.3259777277562406,0.010113067613445548,0.2716707137954158,0.0,0.7951166840071102,0.0,0.7951166840071102,0.20488331599288978,0.0,0.0,0.0,True,0,long_only,1.2260002615904566,1.0815476711530925
2020-03-11,1.3273388267119701,0.0010264870421561323,0.2716707137954158,0.0,0.7953267784169415,0.0,0.7953267784169415,0.20467322158305845,0.0,0.0,0.0,True,0,long_only,1.2243151717720857,1.0841479851881333
2020-03-12,1.3160981260571778,-0.008468599297014046,0.2716707137954158,0.0,0.7935786789627165,0.0,0.7935786789627165,0.2064213210372835,0.0,0.0,0.0,True,0,long_only,1.2149927927085387,1.0832147597544581
2020-03-13,1.314543525142917,-0.0011812196092992888,0.2716707137954158,0.0,0.7933345616944256,0.0,0.7933345616944256,0.20666543830557438,0.0,0.0,0.0,True,0,long_only,1.2076567391055368,1.0885075887677709
2020-03-16,1.2747372213346226,-0.03028146504617757,0.0015857973509166331,0.0,0.9987559809783727,0.0,0.9987559809783727,0.0012440190216272962,0.0007976020705606171,0.0,0.6002754593053427,True,0,long_only,1.1887629278884568,1.0723224887226908
2020-03-17,1.2787996881848245,0.003186905334064516,0.13890931037685061,0.0,0.8913752390931345,0.0,0.8913752390931345,0.10862476090686546,0.0001374609739999339,0.0,0.10664818011030515,True,0,long_only,1.1845886625611877,1.0795305818814305
2020-03-18,1.2773101536421605,-0.0011647911368967145,0.13890931037685061,0.0,0.8912485663871375,0.0,0.8912485663871375,0.10875143361286255,0.0,0.0,0.0,True,0,long_only,1.1827920918358703,1.079910968680543
2020-03-19,1.2814920144999389,0.003273958831262691,0.13890931037685061,0.0,0.8916034522220136,0.0,0.8916034522220136,0.10839654777798635,0.0,0.0,0.0,True,0,long_only,1.1794903594429071,1.0864794309172725
2020-03-20,1.3009235785640088,0.015163234607944442,0.13890931037685061,0.0,0.8932225438405981,0.0,0.8932225438405981,0.10677745615940193,0.0,0.0,0.0,True,0,long_only,1.1964751024844993,1.0872968236970586
2020-03-23,1.264456036240167,-0.028032040409395553,0.0016272813429802936,0.0,0.998713058187599,0.0,0.998713058187599,0.0012869418124009657,0.0007933864105084194,0.0,0.6193498149640743,True,0,long_only,1.1740291503935039,1.0770226921676982
2020-03-24,1.2744240818821717,0.007883267868801891,0.0016272813429802936,0.0,0.9987231241420227,0.0,0.9987231241420227,0.001276875857977311,0.0,0.0,0.0,True,0,long_only,1.180601441187214,1.079470206813071
2020-03-25,1.296430168453101,0.017267475468941917,0.0016272813429802936,0.0,0.9987447983064742,0.0,0.9987447983064742,0.001255201693525776,0.0,0.0,0.0,True,0,long_only,1.1998473152076898,1.080495953127747
2020-03-26,1.2907831941992023,-0.004355787447184012,0.0016272813429802936,0.0,0.9987393069957115,0.0,0.9987393069957115,0.001260693004288549,0.0,0.0,0.0,True,0,long_only,1.1946714159566114,1.080450387411028
2020-03-27,1.2874639526724663,-0.002571494222773363,0.0016272813429802936,0.0,0.9987360567730053,0.0,0.9987360567730053,0.001263943226994746,0.0,0.0,0.0,True,0,long_only,1.1910321912131359,1.08096486574482
2020-03-30,1.274640052342776,-0.009960589811521037,0.001286237545747399,0.0,0.9989909013580868,0.0,0.9989909013580868,0.0010090986419132308,0.0012871836856355886,0.0,0.9987373777965322,True,0,long_only,1.1865289047288914,1.074259587998842
2020-03-31,1.2778692342309177,0.002533406887855305,0.001286237545747399,0.0,0.9989934513553561,0.0,0.9989934513553561,0.0010065486446438898,0.0,0.0,0.0,True,0,long_only,1.1858762839788044,1.0775738173491944
2020-04-01,1.2844265589461314,0.005131452060633146,0.001286237545747399,0.0,0.9989985900425458,0.0,0.9989985900425458,0.0010014099574542357,0.0,0.0,0.0,True,0,long_only,1.1867359406989344,1.0823187491816095
2020-04-02,1.2882380335158734,0.002967452318075159,0.001286237545747399,0.0,0.9990015528867465,0.0,0.9990015528867465,0.0009984471132534756,0.0,0.0,0.0,True,0,long_only,1.188836119000616,1.0836127982036907
2020-04-03,1.2758309043164877,-0.009631084377724752,0.001286237545747399,0.0,0.9989918432439632,0.0,0.9989918432439632,0.0010081567560368265,0.0,0.0,0.0,True,0,long_only,1.1838909750614839,1.0776591182733097
2020-04-07,1.294968701575527,0.015000261550563554,0.0013853175102685818,0.0,0.9989302308939334,0.0,0.9989302308939334,0.0010697691060665981,0.0011887027915579219,0.0,0.9222326357184696,True,0,long_only,1.1963598942523967,1.082424032932624
2020-04-08,1.2968256983859374,0.0014340090290607677,0.0013853175102685818,0.0,0.9989317627557868,0.0,0.9989317627557868,0.0010682372442132326,0.0,0.0,0.0,True,0,long_only,1.1951556293791836,1.0850684768640262
2020-04-09,1.3033211597698413,0.005008738947715363,0.0013853175102685818,0.0,0.998937086611474,0.0,0.998937086611474,0.0010629133885260433,0.0,0.0,0.0,True,0,long_only,1.197388974843266,1.08846931711597
2020-04-10,1.2862654932320094,-0.013086311389929217,0.0013853175102685818,0.0,0.9989229925567017,0.0,0.9989229925567017,0.0010770074432983057,0.0,0.0,0.0,True,0,long_only,1.1878429562703436,1.0828582065012184
2020-04-13,1.2570202335458445,-0.02273656553802139,0.0011714292092586916,0.0,0.99906809041096,0.0,0.99906809041096,0.000931909589039992,0.0013906470719979441,0.0,1.0838926277417247,True,0,long_only,1.1769466294476307,1.0680350341253741
2020-04-14,1.2680696551659696,0.00879017005872429,0.09785780526105974,0.0,0.922829313939973,0.0,0.922829313939973,0.07717068606002697,9.678315921101206e-05,0.0,0.07672486919456399,True,0,long_only,1.1814123038325712,1.07335064232214
2020-04-15,1.2671733348647816,-0.0007068383803181533,0.09785780526105974,0.0,0.9227747281539017,0.0,0.9227747281539017,0.07722527184609829,0.0,0.0,0.0,True,0,long_only,1.1808860732900557,1.0730699290358483
2020-04-16,1.276841245482198,0.007629509200845153,0.09785780526105974,0.0,0.9233594578752007,0.0,0.9233594578752007,0.07664054212479932,0.0,0.0,0.0,True,0,long_only,1.185751926857682,1.076819878223524
2020-04-17,1.2815206054606658,0.003664793877096839,0.09785780526105974,0.0,0.923639304086037,0.0,0.923639304086037,0.076360695913963,0.0,0.0,0.0,True,0,long_only,1.1887873249258432,1.0780066195108595
2020-04-20,1.2888560998289251,0.005724054952376267,0.0017810728255826106,0.0,0.9986180979972713,0.0,0.9986180979972713,0.0013819020027286966,0.0006885336831654054,0.0,0.5358376553328996,True,0,long_only,1.1928518035848736,1.0804830038027609
2020-04-21,1.2799882072548143,-0.006880436516759403,0.0017810728255826106,0.0,0.9986085240352311,0.0,0.9986085240352311,0.0013914759647688513,0.0,0.0,0.0,True,0,long_only,1.1898580837889141,1.0757486331301755
2020-04-22,1.287528143772387,0.005890629675209036,0.0017810728255826106,0.0,0.9986166727040512,0.0,0.9986166727040512,0.0013833272959488108,0.0,0.0,0.0,True,0,long_only,1.1937700809642793,1.0785394644271649
2020-04-23,1.3177026791206696,0.02343602001574352,0.0017810728255826106,0.0,0.9986483500004939,0.0,0.9986483500004939,0.0013516499995060993,0.0,0.0,0.0,True,0,long_only,1.1925244766666057,1.1049690844115563
2020-04-24,1.2972533893404854,-0.01551889519859695,0.0017810728255826106,0.0,0.9986270432282407,0.0,0.9986270432282407,0.0013729567717593039,0.0,0.0,0.0,True,0,long_only,1.1864567301599565,1.0933844921302704
2020-04-27,1.2957597007974868,-0.001151423889328207,0.0010755202861879535,0.0,0.9991699693349577,0.0,0.9991699693349577,0.0008300306650422806,0.0015298095984839133,0.0,1.1723953334544657,True,0,long_only,1.1897357597542404,1.0891155369366619
2020-04-28,1.2923041287662127,-0.002666830917142593,0.1302675709697647,0.0,0.8991974349767544,0.0,0.8991974349767544,0.10080256502324558,0.00012932137205563243,0.0,0.09981498923351513,True,0,long_only,1.1893233820528617,1.0865876752003298
2020-04-29,1.2857478616615063,-0.00507331591594129,0.1302675709697647,0.0,0.8986834239790789,0.0,0.8986834239790789,0.10131657602092115,0.0,0.0,0.0,True,0,long_only,1.1900515658492983,1.080413570771543
2020-04-30,1.2963580375849866,0.008252143549956292,0.1302675709697647,0.0,0.8995126599342547,0.0,0.8995126599342547,0.10048734006574533,0.0,0.0,0.0,True,0,long_only,1.1974184545967745,1.0826274078275582
2020-05-06,1.3104550277141398,0.010874303024660303,0.2595452800899952,0.0,0.8019426271020328,0.0,0.8019426271020328,0.1980573728979672,0.0014331254833571472,0.0,1.1066072584719082,True,0,long_only,1.2000550288732161,1.0919957803473255
2020-05-07,1.3044535876371917,-0.004579661224556997,0.5214580231097201,0.0,0.6002479290549096,0.0,0.6002479290549096,0.39975207094509035,0.0002621749179376626,0.0,0.20067262708581868,True,0,long_only,1.1948367736544525,1.0917420826005146
2020-05-08,1.3075232304309705,0.0023532020018735,0.5214580231097201,0.0,0.6011864179745064,0.0,0.6011864179745064,0.39881358202549355,0.0,0.0,0.0,True,0,long_only,1.196907133354884,1.0924182787398333
2020-05-11,1.3017337444026584,-0.0044278265147180695,0.6550769711457974,0.0,0.49676577567219776,0.0,0.49676577567219776,0.5032342243278023,0.0006598174366524942,0.0,0.5039165530251583,True,0,long_only,1.1944250736485567,1.0898412743683543
2020-05-12,1.297178900191389,-0.003499059796870818,0.6550769711457974,0.0,0.49499874608726246,0.0,0.49499874608726246,0.5050012539127375,0.0,0.0,0.0,True,0,long_only,1.1907756834728371,1.0893562223308357
2020-05-13,1.2975897045438445,0.00031669059093930585,0.6550769711457974,0.0,0.49515862460076815,0.0,0.49515862460076815,0.5048413753992318,0.0,0.0,0.0,True,0,long_only,1.1889845343113834,1.0913427947112544
2020-05-14,1.2908003789032534,-0.005232259177779031,0.6550769711457974,0.0,0.4925032701784667,0.0,0.4925032701784667,0.5074967298215334,0.0,0.0,0.0,True,0,long_only,1.1801700880123125,1.0937409717587985
2020-05-15,1.289005304175664,-0.0013906679583676196,0.6550769711457974,0.0,0.4917965278934769,0.0,0.4917965278934769,0.5082034721065232,0.0,0.0,0.0,True,0,long_only,1.178468394654609,1.093797092923694
2020-05-18,1.2779411059810966,-0.008583516420549553,0.6443971091576692,0.0,0.49575367273051696,0.0,0.49575367273051696,0.504246327269483,0.0007726090089175918,0.0,0.5996563639207674,True,0,long_only,1.1697827104972998,1.0924602445507305
2020-05-19,1.2839877635419545,0.004731561988700506,0.6443971091576692,0.0,0.49812830974334005,0.0,0.49812830974334005,0.50187169025666,0.0,0.0,0.0,True,0,long_only,1.1684290137700946,1.0989009588173388
2020-05-20,1.2774082464354808,-0.0051242833407724175,0.6443971091576692,0.0,0.49554333083740876,0.0,0.49554333083740876,0.5044566691625912,0.0,0.0,0.0,True,0,long_only,1.1586810419432512,1.1024675473183798
2020-05-21,1.2737186527912592,-0.0028883433737940667,0.6443971091576692,0.0,0.4940820661254185,0.0,0.4940820661254185,0.5059179338745815,0.0,0.0,0.0,True,0,long_only,1.1557381493085135,1.1020823822016554
2020-05-22,1.2698524071607078,-0.0030354000250202295,0.6443971091576692,0.0,0.49254172727168233,0.0,0.49254172727168233,0.5074582727283177,0.0,0.0,0.0,True,0,long_only,1.1494372755557274,1.1047600718767037
2020-05-25,1.2619894253732986,-0.006192043849403084,0.5071078054389759,0.0,0.5981679440071594,0.0,0.5981679440071594,0.40183205599284055,0.0003858462830805307,0.0,0.30479856572456554,True,0,long_only,1.139617129159949,1.1073801832932735
2020-05-26,1.2767425958031438,0.01169040733085458,0.5071078054389759,0.0,0.6028112423710777,0.0,0.6028112423710777,0.39718875762892225,0.0,0.0,0.0,True,0,long_only,1.1466617737052798,1.1134430614857995
2020-05-27,1.2732983047186928,-0.0026977176885715215,0.5071078054389759,0.0,0.6017368408018023,0.0,0.6017368408018023,0.39826315919819766,0.0,0.0,0.0,True,0,long_only,1.1466821045697684,1.110419618169964
2020-05-28,1.2642348117602453,-0.007118122222309675,0.5071078054389759,0.0,0.5988816312272645,0.0,0.5988816312272645,0.40111836877273555,0.0,0.0,0.0,True,0,long_only,1.1475831007143589,1.1016499031514773
2020-05-29,1.2730647181382497,0.006984387944285686,0.5071078054389759,0.0,0.6016637660176629,0.0,0.6016637660176629,0.3983362339823371,0.0,0.0,0.0,True,0,long_only,1.158529238155069,1.098862830743552
2020-06-01,1.2915796742625467,0.01454360949643907,0.3822141856050368,0.0,0.7040723129811797,0.0,0.7040723129811797,0.29592768701882033,0.000892187828493157,0.0,0.7012555845479279,True,0,long_only,1.172531104528429,1.1015312679333968
2020-06-02,1.3003953615177883,0.00682550788845071,0.3822141856050368,0.0,0.7060784766573404,0.0,0.7060784766573404,0.29392152334265964,0.0,0.0,0.0,True,0,long_only,1.1736554013346536,1.107987370090922
2020-06-03,1.3040745586448206,0.0028292911801359732,0.3822141856050368,0.0,0.7069077200599407,0.0,0.7069077200599407,0.29309227994005926,0.0,0.0,0.0,True,0,long_only,1.1705478286975575,1.1140719983188003
2020-06-04,1.3076772856176717,0.0027626694723614786,0.3822141856050368,0.0,0.7077152063366301,0.0,0.7077152063366301,0.2922847936633699,0.0,0.0,0.0,True,0,long_only,1.1661461965357562,1.121366505762621
2020-06-05,1.3057413309759711,-0.0014804529091334562,0.3822141856050368,0.0,0.7072818509012407,0.0,0.7072818509012407,0.29271814909875926,0.0,0.0,0.0,True,0,long_only,1.163327661022141,1.1224192243728652
2020-06-08,1.3060168357497706,0.00021099490937714904,0.5236365894981865,0.0,0.599058315969126,0.0,0.599058315969126,0.40094168403087405,0.001193054057698662,0.0,0.91161582227646,True,0,long_only,1.1634859029174114,1.1225033603544026
2020-06-09,1.308272388950687,0.0017270475687412024,0.5236365894981865,0.0,0.5997495675054532,0.0,0.5997495675054532,0.40025043249454684,0.0,0.0,0.0,True,0,long_only,1.163412711805252,1.1245127164896267
2020-06-10,1.3108175848895836,0.00194546331512635,0.5236365894981865,0.0,0.6005267281013056,0.0,0.6005267281013056,0.3994732718986944,0.0,0.0,0.0,True,0,long_only,1.1613775922699343,1.1286747683219598
2020-06-11,1.3038116075580022,-0.005344738590893572,0.5236365894981865,0.0,0.5983801751244251,0.0,0.5983801751244251,0.4016198248755749,0.0,0.0,0.0,True,0,long_only,1.157528620774484,1.1263752655080292
2020-06-12,1.3018432704331624,-0.0015096790927690007,0.5236365894981865,0.0,0.5977729413434254,0.0,0.5977729413434254,0.4022270586565746,0.0,0.0,0.0,True,0,long_only,1.1593092656559516,1.1229473523586162
2020-06-15,1.306467680382308,0.0035522017543687667,0.5208134399407597,0.0,0.60135757833033,0.0,0.60135757833033,0.39864242166967,0.00078459766362098,0.0,0.6031279199349986,True,0,long_only,1.160667367403796,1.1256176550432715
2020-06-16,1.3152375951030877,0.006712691674250371,0.5208134399407597,0.0,0.6040156988517815,0.0,0.6040156988517815,0.3959843011482185,0.0,0.0,0.0,True,0,long_only,1.16663074880607,1.1273812184781704
2020-06-17,1.314990576458592,-0.00018781294377179236,0.5208134399407597,0.0,0.6039413139040395,0.0,0.6039413139040395,0.3960586860959605,0.0,0.0,0.0,True,0,long_only,1.1663227362090665,1.127467154359646
2020-06-18,1.3177716844887812,0.0021149262055391027,0.5208134399407597,0.0,0.6047771810009676,0.0,0.6047771810009676,0.39522281899903244,0.0,0.0,0.0,True,0,long_only,1.1667503620588118,1.129437562087816
2020-06-19,1.322452734589681,0.003552246687342997,0.5208134399407597,0.0,0.6061761405012687,0.0,0.6061761405012687,0.39382385949873133,0.0,0.0,0.0,True,0,long_only,1.1694174326319864,1.1308645635744123
2020-06-22,1.324563667596728,0.001596225673579088,0.793760721476186,0.0,0.40073796307853166,0.0,0.40073796307853166,0.5992620369214683,0.0008020426496267743,0.0,0.6062962222058311,True,0,long_only,1.1669540095514401,1.1350607279766498
2020-06-23,1.3246278126552715,4.842731241438969e-05,0.793760721476186,0.0,0.40076698232308755,0.0,0.40076698232308755,0.5992330176769125,0.0,0.0,0.0,True,0,long_only,1.161351162146099,1.1405919723776297
2020-06-24,1.324260189536061,-0.000277529367644358,0.793760721476186,0.0,0.40060063139535246,0.0,0.40060063139535246,0.5993993686046475,0.0,0.0,0.0,True,0,long_only,1.163421860694272,1.1382459228897495
2020-06-29,1.32128832720265,-0.0022441679942460935,0.6630942923708351,0.0,0.4981456516953439,0.0,0.4981456516953439,0.501854348304656,0.00014114026249807787,0.0,0.10655173259917723,True,0,long_only,1.1572985431580203,1.1417005015811537
2020-06-30,1.3232420967486722,0.001478685239094224,0.6630942923708351,0.0,0.4988866406229677,0.0,0.4988866406229677,0.5011133593770323,0.0,0.0,0.0,True,0,long_only,1.1638111967492304,1.1369903472700433
2020-07-01,1.3257922694750048,0.0019272155356897525,0.6630942923708351,0.0,0.49985053643930877,0.0,0.49985053643930877,0.5001494635606912,0.0,0.0,0.0,True,0,long_only,1.1759456732193043,1.127426461671036
2020-07-02,1.3389417898888798,0.00991823584782403,0.6630942923708351,0.0,0.5047624195627907,0.0,0.5047624195627907,0.49523758043720933,0.0,0.0,0.0,True,0,long_only,1.1959688639587311,1.1195456923994656
2020-07-03,1.3469009683110607,0.005944379720078441,0.6630942923708351,0.0,0.5076889036598445,0.0,0.5076889036598445,0.49231109634015546,0.0,0.0,0.0,True,0,long_only,1.2130664432982354,1.1103274480571232
2020-07-06,1.3675400189635836,0.015323361656204737,0.8107694770697865,0.0,0.40713290592823476,0.0,0.40713290592823476,0.5928670940717653,0.0004178100529920589,0.0,0.30934653625174335,True,0,long_only,1.2542621963161829,1.0903143082683207
2020-07-07,1.3700880891281821,0.0018632508952312055,0.8107694770697865,0.0,0.40823551164093586,0.0,0.40823551164093586,0.5917644883590641,0.0,0.0,0.0,True,0,long_only,1.2542987918722626,1.0923139669799757
2020-07-08,1.370550867346874,0.000337772601896269,0.8107694770697865,0.0,0.4084353259800696,0.0,0.4084353259800696,0.5915646740199304,0.0,0.0,0.0,True,0,long_only,1.2673156278611457,1.0814597699390474
2020-07-09,1.3825461105094659,0.008752132772578136,0.8107694770697865,0.0,0.4135678579494038,0.0,0.4135678579494038,0.5864321420505962,0.0,0.0,0.0,True,0,long_only,1.2792406964269862,1.0807552592495058
2020-07-10,1.3680553522773853,-0.010481211528446499,0.8107694770697865,0.0,0.4073562332692838,0.0,0.4073562332692838,0.5926437667307163,0.0,0.0,0.0,True,0,long_only,1.2614976121399657,1.084469236494755
2020-07-13,1.3840889277705937,0.011719975706039554,0.8219940938066712,0.0,0.40611179143619824,0.0,0.40611179143619824,0.5938882085638018,0.0005588677399221792,0.0,0.4080407081442922,True,0,long_only,1.2801948916669885,1.0811548591389244
2020-07-14,1.3756142863478582,-0.006122902403667085,0.8219940938066712,0.0,0.40245306990159485,0.0,0.40245306990159485,0.5975469300984051,0.0,0.0,0.0,True,0,long_only,1.2687262510089192,1.0842483043556002
2020-07-15,1.3669895554161184,-0.006269730561346276,0.8219940938066712,0.0,0.39868297416767595,0.0,0.39868297416767595,0.601317025832324,0.0,0.0,0.0,True,0,long_only,1.251220021293192,1.0925253210089088
2020-07-16,1.3485926960292727,-0.013457937051498226,0.8219940938066712,0.0,0.3904800936361968,0.0,0.3904800936361968,0.6095199063638033,0.0,0.0,0.0,True,0,long_only,1.2164206970911278,1.1086564864065638
2020-07-17,1.3541976778872946,0.004156171002946296,0.8219940938066712,0.0,0.3930028774757041,0.0,0.3930028774757041,0.6069971225242958,0.0,0.0,0.0,True,0,long_only,1.2175351673128494,1.1122452264570435
2020-07-20,1.3712069619922724,0.012560414467342795,0.6772905886263384,0.0,0.5060624636544433,0.0,0.5060624636544433,0.4939375363455567,0.000956117804335804,0.0,0.7058261508823842,True,0,long_only,1.2415354139940051,1.1044445019744669
2020-07-21,1.3689907935508583,-0.0016162173201004215,0.6772905886263384,0.0,0.5052628609213676,0.0,0.5052628609213676,0.49473713907863237,0.0,0.0,0.0,True,0,long_only,1.2425916024041925,1.1017222319079785
2020-07-22,1.3789612498652242,0.007283070391222113,0.6772905886263384,0.0,0.5088400136751232,0.0,0.5088400136751232,0.4911599863248768,0.0,0.0,0.0,True,0,long_only,1.2497158761687706,1.103419806182409
2020-07-23,1.3820250873089577,0.00222184448187579,0.6772905886263384,0.0,0.5099288754988229,0.0,0.5099288754988229,0.49007112450117707,0.0,0.0,0.0,True,0,long_only,1.2481846232250309,1.1072280987872714
2020-07-24,1.3618618841837973,-0.014589607171619168,0.6772905886263384,0.0,0.5026730709683839,0.0,0.5026730709683839,0.4973269290316161,0.0,0.0,0.0,True,0,long_only,1.2229709627816419,1.1135684538954618
2020-07-27,1.3671402944983415,0.0038758778521126303,0.6826779050240935,0.0,0.5006526339898457,0.0,0.5006526339898457,0.4993473660101543,0.001370749884512225,0.0,1.003444485350303,True,0,long_only,1.2188465080723698,1.121667318603145
2020-07-28,1.3783578621764403,0.008205132804029347,0.6826779050240935,0.0,0.5047165008758041,0.0,0.5047165008758041,0.4952834991241959,0.0,0.0,0.0,True,0,long_only,1.2271645424301754,1.1232054174632964
2020-07-29,1.3911433708486618,0.009275899258871068,0.6826779050240935,0.0,0.5092684770458789,0.0,0.5092684770458789,0.49073152295412115,0.0,0.0,0.0,True,0,long_only,1.2423533924419334,1.119764617146713
2020-07-30,1.403698470453356,0.009025022055803689,0.6826779050240935,0.0,0.5136577267882843,0.0,0.5136577267882843,0.48634227321171575,0.0,0.0,0.0,True,0,long_only,1.2437711313922781,1.1285826105981853
2020-07-31,1.4066343639864722,0.002091541449188883,0.6826779050240935,0.0,0.5146728087252539,0.0,0.5146728087252539,0.4853271912747461,0.0,0.0,0.0,True,0,long_only,1.2507754530563728,1.1246098254880565
2020-08-03,1.4131858519193878,0.004657562832709905,0.7036305392711057,0.0,0.5020962470608976,0.0,0.5020962470608976,0.4979037529391024,0.0014282360936595654,0.0,1.0143820329670594,True,0,long_only,1.2674135548584329,1.1150155736477327
2020-08-04,1.4097282896207255,-0.002446643726277342,0.7036305392711057,0.0,0.500875066172921,0.0,0.500875066172921,0.499124933827079,0.0,0.0,0.0,True,0,long_only,1.266939506868105,1.1127037099865933
2020-08-05,1.4109089098373944,0.0008374806871376261,0.7036305392711057,0.0,0.5012927238852022,0.0,0.5012927238852022,0.4987072761147978,0.0,0.0,0.0,True,0,long_only,1.2748814202328698,1.1066981504677336
2020-08-06,1.411529707225994,0.0004399982056044749,0.7036305392711057,0.0,0.501512057685336,0.0,0.501512057685336,0.498487942314664,0.0,0.0,0.0,True,0,long_only,1.276204620663342,1.1060371388502834
2020-08-07,1.4017142403857121,-0.006953779853186126,0.7036305392711057,0.0,0.49802140907301723,0.0,0.49802140907301723,0.5019785909269827,0.0,0.0,0.0,True,0,long_only,1.2645516468339084,1.1084673717322826
2020-08-10,1.4016221638600883,-6.568851408583765e-05,0.8395787336591667,0.0,0.400994964757867,0.0,0.400994964757867,0.599005035242133,0.0001508342395867165,0.0,0.10788087151223746,True,0,long_only,1.2657870856993378,1.1073127382127639
2020-08-11,1.396420387006054,-0.003711254707694067,0.8395787336591667,0.0,0.3987636234248658,0.0,0.3987636234248658,0.6012363765751342,0.0,0.0,0.0,True,0,long_only,1.2562203974141852,1.1116046116433531
2020-08-12,1.3978664298655836,0.0010355354827136232,0.8395787336591667,0.0,0.39938558096720356,0.0,0.39938558096720356,0.6006144190327964,0.0,0.0,0.0,True,0,long_only,1.2485451572219635,1.119596213064382
2020-08-13,1.3971009850684264,-0.0005475807851188508,0.8395787336591667,0.0,0.3990565158623475,0.0,0.3990565158623475,0.6009434841376524,0.0,0.0,0.0,True,0,long_only,1.254229666933001,1.113911607979097
2020-08-14,1.397614685292156,0.00036769011633341897,0.8395787336591667,0.0,0.3992773956266337,0.0,0.3992773956266337,0.6007226043733662,0.0,0.0,0.0,True,0,long_only,1.2592239437946475,1.1099016121631793
2020-08-17,1.403384166017192,0.004128091086728958,0.839983356651581,0.0,0.4014587188656573,0.0,0.4014587188656573,0.5985412811343427,0.0005650727887197824,0.0,0.4037361989997353,True,0,long_only,1.2715739274283016,1.1036591233476063
2020-08-18,1.4052123723019139,0.0013027126349232088,0.839983356651581,0.0,0.40223743171604504,0.0,0.40223743171604504,0.5977625682839549,0.0,0.0,0.0,True,0,long_only,1.2765976840434565,1.1007480194160209
2020-08-19,1.400836743661733,-0.003113855760473294,0.839983356651581,0.0,0.4003702712309666,0.0,0.4003702712309666,0.5996297287690334,0.0,0.0,0.0,True,0,long_only,1.26892820426284,1.1039527208519435
2020-08-20,1.3961760219859518,-0.0033270983909219343,0.839983356651581,0.0,0.398368584315916,0.0,0.398368584315916,0.6016314156840841,0.0,0.0,0.0,True,0,long_only,1.2576635499451407,1.1101347590513002
2020-08-21,1.3995506923998489,0.0024170809129759885,0.839983356651581,0.0,0.39981926970345183,0.0,0.39981926970345183,0.6001807302965482,0.0,0.0,0.0,True,0,long_only,1.2605989879295658,1.1102267301503235
2020-08-24,1.3993049275695402,-0.00017560266422889104,0.7010759467381694,0.0,0.49898272140306715,0.0,0.49898272140306715,0.5010172785969329,0.00014645005303880166,0.0,0.10457089729678982,True,0,long_only,1.2633131583388058,1.1076469190026936
2020-08-25,1.4007209829799787,0.0010119705737747786,0.7010759467381694,0.0,0.4994892235806606,0.0,0.4994892235806606,0.5005107764193394,0.0,0.0,0.0,True,0,long_only,1.261615870001742,1.1102594825301657
2020-08-26,1.391798930226339,-0.006369614549971536,0.7010759467381694,0.0,0.4962807259636576,0.0,0.4962807259636576,0.5037192740363424,0.0,0.0,0.0,True,0,long_only,1.2491906621694795,1.1141605299940287
2020-08-27,1.3884090078920932,-0.0024356408534489393,0.7010759467381694,0.0,0.49505085118789666,0.0,0.49505085118789666,0.5049491488121034,0.0,0.0,0.0,True,0,long_only,1.2509855386560893,1.1098521645451116
2020-08-28,1.3916459067252571,0.0023313726825198167,0.7010759467381694,0.0,0.49622533767378946,0.0,0.49622533767378946,0.5037746623262105,0.0,0.0,0.0,True,0,long_only,1.2592720601739373,1.105119338971942
2020-08-31,1.3895865108410335,-0.0014798275008546247,0.6957490589303351,0.0,0.4993121669630774,0.0,0.4993121669630774,0.5006878330369227,0.0011106403145484912,0.0,0.7980806044331026,True,0,long_only,1.2615074387244687,1.101528590466393
2020-09-01,1.3889659639190923,-0.0004465694773946316,0.8349095074308542,0.0,0.39889851218882144,0.0,0.39889851218882144,0.6011014878111786,0.000139299748248768,0.0,0.10024706455341653,True,0,long_only,1.2656867867678603,1.0974010145638367
2020-09-02,1.3934326763953957,0.0032158545222376045,0.8349095074308542,0.0,0.40082537063028995,0.0,0.40082537063028995,0.59917462936971,0.0,0.0,0.0,True,0,long_only,1.2697719351391208,1.097388151237353
2020-09-03,1.388920363403645,-0.0032382712621777943,0.8349095074308542,0.0,0.39887877704892244,0.0,0.39887877704892244,0.6011212229510776,0.0,0.0,0.0,True,0,long_only,1.2659598980474915,1.0971282467523633
2020-09-04,1.389394325144837,0.0003412447204895752,0.8349095074308542,0.0,0.3990838365171679,0.0,0.3990838365171679,0.6009161634828322,0.0,0.0,0.0,True,0,long_only,1.2625551559411192,1.1004622796927797
2020-09-07,1.3886339380310206,-0.0005472795591973112,0.6948398436668076,0.0,0.4996234611318525,0.0,0.4996234611318525,0.5003765388681475,0.0006976163074460498,0.0,0.5021952933288414,True,0,long_only,1.2469783252653686,1.1135990978315573
2020-09-08,1.3936436974686786,0.0036076890391727456,0.6948398436668076,0.0,0.5014221748866885,0.0,0.5014221748866885,0.4985778251133115,0.0,0.0,0.0,True,0,long_only,1.2450838275427643,1.1193171629408316
2020-09-09,1.3782217554490277,-0.011065914514349795,0.6948398436668076,0.0,0.4958432190468309,0.0,0.4958432190468309,0.5041567809531691,0.0,0.0,0.0,True,0,long_only,1.2311199121164498,1.1194862026719163
2020-09-10,1.3682840720219884,-0.007210511216898863,0.6948398436668076,0.0,0.4921815886959755,0.0,0.4921815886959755,0.5078184113040245,0.0,0.0,0.0,True,0,long_only,1.2250006607530959,1.1169659869251058
2020-09-11,1.3694916763181015,0.0008825684087139241,0.6948398436668076,0.0,0.49262937797848133,0.0,0.49262937797848133,0.5073706220215186,0.0,0.0,0.0,True,0,long_only,1.229837373414955,1.1135550975454267
2020-09-14,1.3759724838315899,0.004732272291652073,0.41155225373014587,0.0,0.7009008111963689,0.0,0.7009008111963689,0.29909918880363107,0.0008251554894979456,0.0,0.6023802641684236,True,0,long_only,1.232513931724891,1.1163950754746683
2020-09-15,1.3749096733867485,-0.000772406757642341,0.41155225373014587,0.0,0.7006696063775674,0.0,0.7006696063775674,0.29933039362243263,0.0,0.0,0.0,True,0,long_only,1.2325017332061978,1.1155438052083662
2020-09-16,1.368652654635401,-0.004550858047230766,0.41155225373014587,0.0,0.6993011686812676,0.0,0.6993011686812676,0.30069883131873243,0.0,0.0,0.0,True,0,long_only,1.2282837565202778,1.1142805132527256
2020-09-17,1.371246578490871,0.0018952389758533084,0.41155225373014587,0.0,0.699869986780145,0.0,0.699869986780145,0.300130013219855,0.0,0.0,0.0,True,0,long_only,1.2253374754081252,1.1190766674577937
2020-09-18,1.3777839300773078,0.004767451521105359,0.41155225373014587,0.0,0.7012940529020006,0.0,0.7012940529020006,0.29870594709799936,0.0,0.0,0.0,True,0,long_only,1.23130560067878,1.118961799018683
2020-09-21,1.3741688200933186,-0.002623858433148052,0.5525530589015396,0.0,0.5979001627587386,0.0,0.5979001627587386,0.4020998372412614,0.0012456930930934086,0.0,0.9020389710662078,True,0,long_only,1.2284552134774656,1.118615318667884
2020-09-22,1.3709279140657644,-0.002358448234427213,0.5525530589015396,0.0,0.5969495892290707,0.0,0.5969495892290707,0.4030504107709293,0.0,0.0,0.0,True,0,long_only,1.2227764641780332,1.1211598801808151
2020-09-23,1.3722356928332538,0.0009539369313815715,0.5525530589015396,0.0,0.5973337074765313,0.0,0.5973337074765313,0.40266629252346875,0.0,0.0,0.0,True,0,long_only,1.2228720192411302,1.1221417051351075
2020-09-24,1.3583941589874569,-0.010086848722917319,0.5525530589015396,0.0,0.5932306869506778,0.0,0.5932306869506778,0.4067693130493222,0.0,0.0,0.0,True,0,long_only,1.2086353313829257,1.12390737198885
2020-09-25,1.3539617504599932,-0.0032629767274379162,0.5525530589015396,0.0,0.5918990630910983,0.0,0.5918990630910983,0.4081009369089017,0.0,0.0,0.0,True,0,long_only,1.2054047570156732,1.1232424151138376
2020-09-28,1.33291953015894,-0.015541222116433051,0.5411906810235554,0.0,0.59398098026291,0.0,0.59398098026291,0.40601901973709,0.0013409288280932835,0.0,0.9910036715205433,True,0,long_only,1.2014805613216146,1.1093974992760134
2020-09-29,1.3389893900540368,0.004553808206541277,0.5411906810235554,0.0,0.5958215314897193,0.0,0.5958215314897193,0.4041784685102807,0.0,0.0,0.0,True,0,long_only,1.2127723234586325,1.1040731752811224
2020-09-30,1.343772891657917,0.0035724716262965917,0.5411906810235554,0.0,0.5972603076135534,0.0,0.5972603076135534,0.4027396923864466,0.0,0.0,0.0,True,0,long_only,1.2171831045094537,1.1040022546151602
2020-10-09,1.3541107045599,0.007693125055699079,0.5390387030831226,0.0,0.601924199204735,0.0,0.601924199204735,0.39807580079526494,0.0011198660321453614,0.0,0.8312730346206899,True,0,long_only,1.2291047845978793,1.1017048517982282
2020-10-12,1.3676580445321267,0.010004602966808385,0.6773194957899716,0.0,0.5047596155355623,0.0,0.5047596155355623,0.49524038446443774,0.0006818753014733146,0.0,0.5036615683622164,True,0,long_only,1.2457025635187036,1.0979009633478947
2020-10-13,1.3702340972824216,0.0018835503220953065,0.6773194957899716,0.0,0.5056906720294758,0.0,0.5056906720294758,0.4943093279705242,0.0,0.0,0.0,True,0,long_only,1.2505616401315,1.095694968812843
2020-10-14,1.3781738312610425,0.005794436143698123,0.6773194957899716,0.0,0.5085384148019865,0.0,0.5085384148019865,0.49146158519801353,0.0,0.0,0.0,True,0,long_only,1.2492641921293801,1.1031884528059153
2020-10-15,1.382938488955779,0.0034572254868434626,0.6773194957899716,0.0,0.5102316544090129,0.0,0.5102316544090129,0.48976834559098714,0.0,0.0,0.0,True,0,long_only,1.248469594175614,1.107706984140817
2020-10-16,1.4033632433351921,0.01476909822275263,0.6773194957899716,0.0,0.5173598147117819,0.0,0.5173598147117819,0.48264018528821806,0.0,0.0,0.0,True,0,long_only,1.2486972998578874,1.1238618386496928
2020-10-19,1.3926597608450841,-0.007627022113441018,0.8399332274198071,0.0,0.39688554876452764,0.0,0.39688554876452764,0.6031144512354724,0.001013446660140378,0.0,0.7238057525290198,True,0,long_only,1.2434499037333566,1.1199966775209336
2020-10-20,1.3956083616233987,0.0021172441835508593,0.8399332274198071,0.0,0.39815979144551666,0.0,0.39815979144551666,0.6018402085544834,0.0,0.0,0.0,True,0,long_only,1.248896881177618,1.1174728535693377
2020-10-21,1.3950192997105133,-0.00042208253338360535,0.8399332274198071,0.0,0.39790565794028415,0.0,0.39790565794028415,0.6020943420597158,0.0,0.0,0.0,True,0,long_only,1.2486081829018785,1.1172594564199974
2020-10-22,1.3975937757270396,0.0018454769887847888,0.8399332274198071,0.0,0.3990147623669353,0.0,0.3990147623669353,0.6009852376330647,0.0,0.0,0.0,True,0,long_only,1.2534333747405275,1.1150124162094812
2020-10-23,1.3882278641285655,-0.00670145485844198,0.8399332274198071,0.0,0.39496011488930904,0.0,0.39496011488930904,0.605039885110691,0.0,0.0,0.0,True,0,long_only,1.2430720885016087,1.116771808304317
2020-10-26,1.3929052774963686,0.0033693412217592478,0.556438365573723,0.0,0.6005195941436342,0.0,0.6005195941436342,0.3994804058563658,0.0008362591509151423,0.0,0.6015047563613541,True,0,long_only,1.244335312881839,1.119397049233013
2020-10-27,1.3908959393802174,-0.0014425518724165975,0.556438365573723,0.0,0.5999424904341357,0.0,0.5999424904341357,0.4000575095658643,0.0,0.0,0.0,True,0,long_only,1.2501421466275502,1.1125902307448574
2020-10-28,1.3989447849194276,0.005786806411123058,0.556438365573723,0.0,0.602244226096621,0.0,0.602244226096621,0.397755773903379,0.0,0.0,0.0,True,0,long_only,1.2498625972408306,1.1192788615386264
2020-10-29,1.398771086348523,-0.0001241639933021732,0.556438365573723,0.0,0.6021948330185325,0.0,0.6021948330185325,0.3978051669814675,0.0,0.0,0.0,True,0,long_only,1.2521321994132513,1.1171113457540558
2020-10-30,1.3862744623828596,-0.008934002202094171,0.556438365573723,0.0,0.5986088031822614,0.0,0.5986088031822614,0.4013911968177386,0.0,0.0,0.0,True,0,long_only,1.239653114790094,1.118276109536975
2020-11-02,1.378195187337257,-0.005828048676389086,0.13962597458352224,0.0,0.898689259789619,0.0,0.898689259789619,0.101310740210381,0.0012649817936324869,0.0,0.9107555901933572,True,0,long_only,1.2354879983518448,1.1155067383704134
2020-11-03,1.379669691678923,0.0010698806346252088,0.13962597458352224,0.0,0.8987975343477966,0.0,0.8987975343477966,0.10120246565220337,0.0,0.0,0.0,True,0,long_only,1.2392793657312438,1.113283840455813
2020-11-04,1.3929221462458306,0.009605527066975261,0.13962597458352224,0.0,0.899760388647823,0.0,0.899760388647823,0.10023961135217696,0.0,0.0,0.0,True,0,long_only,1.2402684622886184,1.1230811623440995
2020-11-05,1.411913127944049,0.01363391468030195,0.13962597458352224,0.0,0.9011086646762483,0.0,0.9011086646762483,0.09889133532375172,0.0,0.0,0.0,True,0,long_only,1.2501929737887718,1.1293561534465966
2020-11-06,1.4056384516663358,-0.0044440951454642885,0.13962597458352224,0.0,0.900667220352431,0.0,0.900667220352431,0.09933277964756904,0.0,0.0,0.0,True,0,long_only,1.2450214795583323,1.1290073904307112
2020-11-09,1.4202999046362803,0.01043045809721832,0.28184236037978555,0.0,0.8015613748478273,0.0,0.8015613748478273,0.1984386251521727,0.0015593043241222868,0.0,1.1087780025466936,True,0,long_only,1.2559428811139146,1.1308634540581932
2020-11-10,1.4123065504167798,-0.005627934067592322,0.28184236037978555,0.0,0.8004382545017494,0.0,0.8004382545017494,0.19956174549825056,0.0,0.0,0.0,True,0,long_only,1.251588348788179,1.1284113916402405
2020-11-11,1.4068095638843343,-0.003892204940084132,0.28184236037978555,0.0,0.7996584842644998,0.0,0.7996584842644998,0.2003415157355002,0.0,0.0,0.0,True,0,long_only,1.249340432871213,1.1260418112389339
2020-11-12,1.4053297668127676,-0.0010518815833757689,0.28184236037978555,0.0,0.7994475268114524,0.0,0.7994475268114524,0.20055247318854763,0.0,0.0,0.0,True,0,long_only,1.2482296899746474,1.1258583080501081
2020-11-13,1.4039995618654908,-0.000946542924436633,0.28184236037978555,0.0,0.7992575154330517,0.0,0.7992575154330517,0.20074248456694832,0.0,0.0,0.0,True,0,long_only,1.240607648877838,1.1317031320381146
2020-11-16,1.4193967549727649,0.010966665179592772,0.28214972551678363,0.0,0.8012185637819091,0.0,0.8012185637819091,0.19878143621809086,0.0008512851184795565,0.0,0.6059385864479304,True,0,long_only,1.243598996739607,1.1413620939660243
2020-11-17,1.4063005145796639,-0.009226624160735164,0.28214972551678363,0.0,0.7993674022076875,0.0,0.7993674022076875,0.20063259779231246,0.0,0.0,0.0,True,0,long_only,1.2362510834656535,1.1375525031996745
2020-11-18,1.4066131355312033,0.00022230024685221395,0.28214972551678363,0.0,0.7994119929711658,0.0,0.7994119929711658,0.20058800702883417,0.0,0.0,0.0,True,0,long_only,1.2379514214323908,1.1362425949668202
2020-11-19,1.4127586840560218,0.0043690396240310125,0.28214972551678363,0.0,0.8002845576523135,0.0,0.8002845576523135,0.19971544234768646,0.0,0.0,0.0,True,0,long_only,1.238779904160305,1.1404436569494132
2020-11-20,1.424409351920376,0.008246750132092862,0.28214972551678363,0.0,0.8019180896724725,0.0,0.8019180896724725,0.19808191032752753,0.0,0.0,0.0,True,0,long_only,1.2402379659918854,1.1484968134975604
2020-11-23,1.4348629557003822,0.007338904203284535,0.2861898553826658,0.0,0.8005455125552591,0.0,0.8005455125552591,0.19945448744474092,0.0014338656911443907,0.0,1.0042237950172577,True,0,long_only,1.2501197826766126,1.1477803771957107
2020-11-24,1.4412907526755547,0.0044797288477176345,0.2861898553826658,0.0,0.8014350297804975,0.0,0.8014350297804975,0.19856497021950248,0.0,0.0,0.0,True,0,long_only,1.2527099348124715,1.150538295117228
2020-11-25,1.4268429746857516,-0.01002419391297893,0.2861898553826658,0.0,0.7994244212852529,0.0,0.7994244212852529,0.20057557871474707,0.0,0.0,0.0,True,0,long_only,1.2476173921057965,1.14365428352794
2020-11-26,1.4129926420366012,-0.009706977498488034,0.2861898553826658,0.0,0.7974583540858576,0.0,0.7974583540858576,0.20254164591414237,0.0,0.0,0.0,True,0,long_only,1.2448283363456898,1.1350903580686262
2020-11-27,1.4161948870359689,0.0022662856862101233,0.2861898553826658,0.0,0.7979163334068745,0.0,0.7979163334068745,0.2020836665931255,0.0,0.0,0.0,True,0,long_only,1.248281872526835,1.13451530315764
2020-11-30,1.4138564865272545,-0.0016511855325282987,0.4280130548110147,0.0,0.6972726306456253,0.0,0.6972726306456253,0.3027273693543747,0.00100165384657107,0.0,0.7033705252146929,True,0,long_only,1.2482828890700595,1.1326410855319369
2020-12-01,1.4140610915846317,0.00014471416252415104,0.4280130548110147,0.0,0.6973164332444982,0.0,0.6973164332444982,0.3026835667555018,0.0,0.0,0.0,True,0,long_only,1.2572389737250684,1.1247353296684046
2020-12-02,1.4116024290334936,-0.0017387244198784346,0.4280130548110147,0.0,0.6967892332800321,0.0,0.6967892332800321,0.30321076671996794,0.0,0.0,0.0,True,0,long_only,1.257219659403804,1.122796973842185
2020-12-03,1.412657188326614,0.0007472070544980447,0.4280130548110147,0.0,0.6970156253421792,0.0,0.6970156253421792,0.3029843746578208,0.0,0.0,0.0,True,0,long_only,1.2512918570143856,1.1289589877914255
2020-12-04,1.4140852023775723,0.0010108709053819886,0.4280130548110147,0.0,0.6973215941363541,0.0,0.6973215941363541,0.3026784058636459,0.0,0.0,0.0,True,0,long_only,1.2503559595524227,1.1309461050465646
2020-12-07,1.4209227505816342,0.0048353155754445876,0.28390556973860387,0.0,0.8001963374698651,0.0,0.8001963374698651,0.19980366253013493,0.0012790435444573365,0.0,0.9030789439346448,True,0,long_only,1.247743782313368,1.1387936936437266
2020-12-08,1.4275602196269885,0.0046712384910703175,0.28390556973860387,0.0,0.80112532849032,0.0,0.80112532849032,0.19887467150967997,0.0,0.0,0.0,True,0,long_only,1.2452590118251086,1.1463962164262445
2020-12-09,1.4159188005184014,-0.008154765696419375,0.28390556973860387,0.0,0.7994902181999001,0.0,0.7994902181999001,0.20050978180009993,0.0,0.0,0.0,True,0,long_only,1.2407587749705373,1.141171699996257
2020-12-10,1.4110957519947513,-0.003406303046392334,0.28390556973860387,0.0,0.7988048866724532,0.0,0.7988048866724532,0.2011951133275468,0.0,0.0,0.0,True,0,long_only,1.2378080888377454,1.1399955814796108
2020-12-11,1.3986393200608809,-0.00882748879107731,0.28390556973860387,0.0,0.7970130213940747,0.0,0.7970130213940747,0.2029869786059253,0.0,0.0,0.0,True,0,long_only,1.2291481571087883,1.137893192103685
2020-12-14,1.393943175875435,-0.003357652053741278,0.280679745812572,0.0,0.798643337353908,0.0,0.798643337353908,0.20135666264609198,0.0005629169011387978,0.0,0.4031808888771652,True,0,long_only,1.2297563888047418,1.1335116357722477
2020-12-15,1.3923134218608326,-0.0011691681861987213,0.280679745812572,0.0,0.7984076419823329,0.0,0.7984076419823329,0.20159235801766706,0.0,0.0,0.0,True,0,long_only,1.2230743113427927,1.1383718952712163
2020-12-16,1.3813974631661252,-0.007840159064270491,0.4195549465920833,0.0,0.6962822375317854,0.0,0.6962822375317854,0.3037177624682146,0.00013901421499450583,0.0,0.10000491704337654,True,0,long_only,1.2209239835753722,1.13143609409721
2020-12-17,1.386851798707712,0.003948418675306931,0.4195549465920833,0.0,0.697476726076261,0.0,0.697476726076261,0.302523273923739,0.0,0.0,0.0,True,0,long_only,1.227014094032959,1.1302655816685832
2020-12-18,1.3885983774204222,0.0012593838176060412,0.4195549465920833,0.0,0.6978572397790901,0.0,0.6978572397790901,0.3021427602209099,0.0,0.0,0.0,True,0,long_only,1.2311029697293758,1.127930328789368
2020-12-21,1.3984907373342226,0.007123989250352736,0.14016347276386049,0.0,0.8997751869053938,0.0,0.8997751869053938,0.10022481309460618,0.0008491458139964803,0.0,0.6113700704067134,True,0,long_only,1.2410718702836632,1.1268410563641083
2020-12-22,1.3954546893710196,-0.0021709460650345402,0.14016347276386049,0.0,0.8995571308538602,0.0,0.8995571308538602,0.10044286914613976,0.0,0.0,0.0,True,0,long_only,1.233751403676769,1.1310663438455673
2020-12-23,1.3883478958162632,-0.005092815702930187,0.14016347276386049,0.0,0.8990429753333166,0.0,0.8990429753333166,0.10095702466668344,0.0,0.0,0.0,True,0,long_only,1.2362270252760086,1.1230525360067185
2020-12-24,1.3570761487211083,-0.022524431512729204,0.14016347276386049,0.0,0.8967165748982112,0.0,0.8967165748982112,0.10328342510178878,0.0,0.0,0.0,True,0,long_only,1.226451267934364,1.106506376732561
2020-12-25,1.362063797572469,0.00367529033360503,0.14016347276386049,0.0,0.8970947814532139,0.0,0.8970947814532139,0.10290521854678614,0.0,0.0,0.0,True,0,long_only,1.233271595274836,1.1044313375829689
2020-12-28,1.3538376305800262,-0.006039487289144385,0.00188273507524642,0.0,0.9986093346552646,0.0,0.9986093346552646,0.00139066534473542,0.000676553186977725,0.0,0.5007775180456876,True,0,long_only,1.2308752640471026,1.0998983163644258
2020-12-29,1.3481313116971643,-0.004214921164820251,0.00188273507524642,0.0,0.9986034482999463,0.0,0.9986034482999463,0.0013965517000537053,0.0,0.0,0.0,True,0,long_only,1.2250918107955535,1.1004328816970141
2020-12-30,1.353473735433404,0.003962836327504382,0.00188273507524642,0.0,0.9986089607607764,0.0,0.9986089607607764,0.0013910392392235682,0.0,0.0,0.0,True,0,long_only,1.2352067547264178,1.0957467081963788
2020-12-31,1.3690672467211826,0.011521103719670966,0.00188273507524642,0.0,0.9986248045304164,0.0,0.9986248045304164,0.0013751954695836455,0.0,0.0,0.0,True,0,long_only,1.2479816534278856,1.097025138919876
2021-01-04,1.3790717764875273,0.007307551758545694,0.1387411668630359,0.0,0.8993952532214042,0.0,0.8993952532214042,0.10060474677859577,0.0009860064783261714,0.0,0.718346103058247,True,0,long_only,1.2603858527001761,1.0941663408337101
2021-01-05,1.3835235201880782,0.0032280725169282487,0.1387411668630359,0.0,0.8997189676658514,0.0,0.8997189676658514,0.10028103233414865,0.0,0.0,0.0,True,0,long_only,1.2679448681170706,1.0911543198582796
2021-01-06,1.3823052024444513,-0.0008805905543703973,0.1387411668630359,0.0,0.8996305833055626,0.0,0.8996305833055626,0.10036941669443744,0.0,0.0,0.0,True,0,long_only,1.2691742077231534,1.0891374832807628
2021-01-07,1.3702914198749723,-0.008691121575925664,0.1387411668630359,0.0,0.8987506125699197,0.0,0.8987506125699197,0.10124938743008027,0.0,0.0,0.0,True,0,long_only,1.2684026514158075,1.0803284101822361
2021-01-08,1.378604125337071,0.006066377809515355,0.1387411668630359,0.0,0.8993611260019163,0.0,0.8993611260019163,0.10063887399808369,0.0,0.0,0.0,True,0,long_only,1.2674237202906773,1.0877215750868976
2021-01-11,1.3687617204779887,-0.007139398960289478,0.1389040173253626,0.0,0.8985184818897071,0.0,0.8985184818897071,0.10148151811029293,0.0014028854973359992,0.0,1.0169447265593206,True,0,long_only,1.26189745247491,1.0846853821548574
2021-01-12,1.3728276558675019,0.002970520967004564,0.1389040173253626,0.0,0.8988190420467688,0.0,0.8988190420467688,0.10118095795323123,0.0,0.0,0.0,True,0,long_only,1.270397109222148,1.0806287623781443
2021-01-13,1.358846687159124,-0.01018406691373297,0.1389040173253626,0.0,0.8977780064241371,0.0,0.8977780064241371,0.10222199357586292,0.0,0.0,0.0,True,0,long_only,1.264589597780954,1.0745357146251782
2021-01-14,1.360957755117426,0.0015535733193825507,0.1389040173253626,0.0,0.8979365694467293,0.0,0.8979365694467293,0.10206343055327072,0.0,0.0,0.0,True,0,long_only,1.263090196524913,1.0774826365225316
2021-01-15,1.3670616412384256,0.004484993085235756,0.1389040173253626,0.0,0.8983922793711562,0.0,0.8983922793711562,0.10160772062884382,0.0,0.0,0.0,True,0,long_only,1.2668876631636588,1.0790709239559673
2021-01-18,1.384782604005954,0.012962811794993367,0.0010843314675735892,0.0,0.9992169662845007,0.0,0.9992169662845007,0.0007830337154992595,0.0015074340843486576,0.0,1.1030296043456147,True,0,long_only,1.2735483932178946,1.0873419584056812
2021-01-19,1.389273437651582,0.003242988200918173,0.0010843314675735892,0.0,0.9992194974450771,0.0,0.9992194974450771,0.0007805025549229017,0.0,0.0,0.0,True,0,long_only,1.2685500501833504,1.0951664362401647
2021-01-20,1.3897087758200346,0.00031335672060950337,0.0010843314675735892,0.0,0.9992197419441827,0.0,0.9992197419441827,0.0007802580558172734,0.0,0.0,0.0,True,0,long_only,1.2705262102116512,1.093805672524087
2021-01-21,1.3924046190620756,0.0019398619976693787,0.0010843314675735892,0.0,0.9992212526066568,0.0,0.9992212526066568,0.0007787473933431599,0.0,0.0,0.0,True,0,long_only,1.278468123576416,1.0891195434477718
2021-01-22,1.3847385752542458,-0.0055056150366648016,0.0010843314675735892,0.0,0.9992169413873847,0.0,0.9992169413873847,0.000783058612615295,0.0,0.0,0.0,True,0,long_only,1.2785209838240865,1.0830784889524925
2021-01-25,1.3776439513957561,-0.005123439171315969,0.001367869613099203,0.0,0.9990070949669446,0.0,0.9990070949669446,0.0009929050330553801,0.0014018743262413616,0.0,1.0108705867162104,True,0,long_only,1.276065693089336,1.0796026872727067
2021-01-26,1.3687332458951953,-0.006468075798200967,0.001367869613099203,0.0,0.9990006309723233,0.0,0.9990006309723233,0.000999369027676722,0.0,0.0,0.0,True,0,long_only,1.2675053825963734,1.0798638527999507
2021-01-27,1.368230513155257,-0.0003672978218698386,0.001367869613099203,0.0,0.9990002637713841,0.0,0.9990002637713841,0.0009997362286159328,0.0,0.0,0.0,True,0,long_only,1.2660032705584008,1.080748008298404
2021-01-28,1.358270528585772,-0.007279463857677526,0.001367869613099203,0.0,0.9989929328625547,0.0,0.9989929328625547,0.00100706713744525,0.0,0.0,0.0,True,0,long_only,1.2455219576724956,1.090523149928219
2021-01-29,1.3379900266242568,-0.014931121256551938,0.001367869613099203,0.0,0.9989776683040379,0.0,0.9989776683040379,0.0010223316959621087,0.0,0.0,0.0,True,0,long_only,1.2299305565438616,1.087858188013513
2021-02-01,1.3146049224736809,-0.017477786594251588,0.0012048619124901305,0.0,0.999083479841059,0.0,0.999083479841059,0.0009165201589409477,0.0014471184056932655,0.0,1.0896975256748342,True,0,long_only,1.2322543743549186,1.0668291789687276
2021-02-02,1.2990438071789874,-0.01183710408250438,0.0012048619124901305,0.0,0.9990725009381273,0.0,0.9990725009381273,0.0009274990618727275,0.0,0.0,0.0,True,0,long_only,1.230527606264346,1.0556803444033604
2021-02-03,1.2872001704405198,-0.009117195796643052,0.0012048619124901305,0.0,0.9990639669414604,0.0,0.9990639669414604,0.0009360330585396204,0.0,0.0,0.0,True,0,long_only,1.22445376049835,1.0512444095207254
2021-02-04,1.2554724723093718,-0.024648612437869755,0.0012048619124901305,0.0,0.9990403119629745,0.0,0.9990403119629745,0.0009596880370255079,0.0,0.0,0.0,True,0,long_only,1.2072623203344564,1.039933452045086
2021-02-05,1.2452903772505188,-0.008110169902907916,0.0012048619124901305,0.0,0.9990324650904713,0.0,0.9990324650904713,0.0009675349095287222,0.0,0.0,0.0,True,0,long_only,1.2020908261040169,1.0359370109216388
2021-02-08,1.2324392828617636,-0.010319757241784244,0.0013119500134013652,0.0,0.9989354850728589,0.0,0.9989354850728589,0.0010645149271411025,0.0011772209758805624,0.0,0.9444722962570374,True,0,long_only,1.2100168136249323,1.0185307088168956
2021-02-09,1.256750373752904,0.01972599480494419,0.0013119500134013652,0.0,0.9989560774830059,0.0,0.9989560774830059,0.0010439225169941446,0.0,0.0,0.0,True,0,long_only,1.2278229235918674,1.0235599528280612
2021-02-10,1.2761007104402984,0.015397120296539502,0.0013119500134013652,0.0,0.9989719071522586,0.0,0.9989719071522586,0.001028092847741413,0.0,0.0,0.0,True,0,long_only,1.2364943761440348,1.032031147945674
2021-02-18,1.2945638437669853,0.014468398282073247,0.0009265790428492237,0.0,0.9992842538841863,0.0,0.9992842538841863,0.0007157461158137091,0.0016414910196636422,0.0,1.2764563595349583,True,0,long_only,1.2468214387610643,1.038291292980462
2021-02-19,1.3293210290444795,0.02684856791331036,0.0009265790428492237,0.0,0.9993029681900728,0.0,0.9993029681900728,0.0006970318099271955,0.0,0.0,0.0,True,0,long_only,1.2571257985794149,1.057428803502917
2021-02-22,1.3469407255051002,0.013254658638241823,0.001205069634306521,0.0,0.9991053283849186,0.0,0.9991053283849186,0.0008946716150813883,0.0014692015205325592,0.0,1.0972903243837988,True,0,long_only,1.2633158691207376,1.0661947327888512
2021-02-23,1.3346761453222056,-0.009105508468678636,0.001205069634306521,0.0,0.9990971070858425,0.0,0.9990971070858425,0.0009028929141574604,0.0,0.0,0.0,True,0,long_only,1.2586634896302427,1.060391563208283
2021-02-24,1.3262008308991409,-0.006350090583973622,0.001205069634306521,0.0,0.9990913369934405,0.0,0.9990913369934405,0.0009086630065594514,0.0,0.0,0.0,True,0,long_only,1.2459597489544854,1.064401022594821
2021-02-25,1.320805052685816,-0.004068598124513878,0.001205069634306521,0.0,0.9990876249058436,0.0,0.9990876249058436,0.0009123750941564257,0.0,0.0,0.0,True,0,long_only,1.2457852423676241,1.0602188946913644
2021-02-26,1.3139382337310248,-0.0051989647835064545,0.001205069634306521,0.0,0.9990828567101784,0.0,0.9990828567101784,0.0009171432898216203,0.0,0.0,0.0,True,0,long_only,1.238295351889991,1.0610863003931825
2021-03-01,1.335798399719155,0.01663713363911823,0.0010131259532479744,0.0,0.9992415577429491,0.0,0.9992415577429491,0.0007584422570509064,0.0016224320135299081,0.0,1.229395224340032,True,0,long_only,1.247928115484732,1.0704129373672229
2021-03-02,1.3357011881790983,-7.277411028272507e-05,0.0010131259532479744,0.0,0.9992415025439716,0.0,0.9992415025439716,0.0007584974560284063,0.0,0.0,0.0,True,0,long_only,1.243943266044949,1.0737637516427005
2021-03-03,1.36031208061348,0.01842544773650512,0.0010131259532479744,0.0,0.999255225350354,0.0,0.999255225350354,0.0007447746496459517,0.0,0.0,0.0,True,0,long_only,1.2555027178977345,1.0834799966751507
2021-03-04,1.350931337993623,-0.006896022430107784,0.0010131259532479744,0.0,0.9992500537038747,0.0,0.9992500537038747,0.0007499462961253478,0.0,0.0,0.0,True,0,long_only,1.2448456175805052,1.0852199814297512
2021-03-05,1.348260171618409,-0.001977277675104583,0.0010131259532479744,0.0,0.9992485679139866,0.0,0.9992485679139866,0.0007514320860133594,0.0,0.0,0.0,True,0,long_only,1.2441462358420943,1.0836830372322317
2021-03-08,1.3459666086035893,-0.0017011279151460945,0.0013509443588741305,0.0,0.9989963017282608,0.0,0.9989963017282608,0.001003698271739184,0.0013526348120916354,0.0,0.9992515587511539,True,0,long_only,1.2339777539680765,1.0907543545865332
2021-03-09,1.3312773641707272,-0.010913528120955363,0.0013509443588741305,0.0,0.9989852269743085,0.0,0.9989852269743085,0.0010147730256915288,0.0,0.0,0.0,True,0,long_only,1.228376261953701,1.0837700185229602
2021-03-10,1.337219020336954,0.004463124158899934,0.0013509443588741305,0.0,0.9989897359083827,0.0,0.9989897359083827,0.0010102640916173078,0.0,0.0,0.0,True,0,long_only,1.2303470004181383,1.0868633157007697
2021-03-11,1.3472757155744162,0.007520604392037278,0.0013509443588741305,0.0,0.9989972769914448,0.0,0.9989972769914448,0.0010027230085551952,0.0,0.0,0.0,True,0,long_only,1.2433726464482997,1.0835655098436627
2021-03-12,1.3517679910194862,0.003334340100648925,0.0013509443588741305,0.0,0.9990006092999323,0.0,0.9990006092999323,0.000999390700067715,0.0,0.0,0.0,True,0,long_only,1.2481087213309396,1.0830530769611224
2021-03-15,1.3473372810793172,-0.003277714792482511,0.0015438747023494362,0.0,0.9988541290113246,0.0,0.9988541290113246,0.001145870988675357,0.0011597993735897845,0.0,0.856658479853968,True,0,long_only,1.2464097387551683,1.080974609862202
2021-03-16,1.3490390550089464,0.001263064529963831,0.0015438747023494362,0.0,0.9988555744945877,0.0,0.9988555744945877,0.001144425505412272,0.0,0.0,0.0,True,0,long_only,1.2485295702258556,1.080502286193277
2021-03-17,1.3542598414701765,0.0038700039423213983,0.0015438747023494362,0.0,0.9988599863519001,0.0,0.9988599863519001,0.0011400136480999024,0.0,0.0,0.0,True,0,long_only,1.2494275167407727,1.08390428682319
2021-03-18,1.3648573875363936,0.007825341741443337,0.0015438747023494362,0.0,0.9988688380804852,0.0,0.9988688380804852,0.0011311619195147893,0.0,0.0,0.0,True,0,long_only,1.2533771260154418,1.0889439093845235
2021-03-19,1.3639760922747732,-0.0006457050162664846,0.0015438747023494362,0.0,0.998868107211634,0.0,0.998868107211634,0.0011318927883660068,0.0,0.0,0.0,True,0,long_only,1.2483005091526163,1.09266645513161
2021-03-22,1.385012867117946,0.015423125788142533,0.000835396034625388,0.0,0.999396831571418,0.0,0.999396831571418,0.0006031684285819905,0.0018956086105700772,0.0,1.3860437981280884,True,0,long_only,1.2565999068846407,1.1021908083310832
2021-03-23,1.368496026288155,-0.01192540605356307,0.000835396034625388,0.0,0.9993895517278986,0.0,0.9993895517278986,0.0006104482721014381,0.0,0.0,0.0,True,0,long_only,1.2481510772986246,1.0964185755862128
2021-03-24,1.3560902993792376,-0.009065226840713647,0.000835396034625388,0.0,0.9993839672512902,0.0,0.9993839672512902,0.000616032748709805,0.0,0.0,0.0,True,0,long_only,1.2360653949033233,1.097102390351525
2021-03-25,1.3403288402400768,-0.011622720954774013,0.000835396034625388,0.0,0.9993767230775429,0.0,0.9993767230775429,0.0006232769224571166,0.0,0.0,0.0,True,0,long_only,1.2331824783188272,1.0868860560420224
2021-03-26,1.3489190391788752,0.006409023428354921,0.000835396034625388,0.0,0.9993806922355148,0.0,0.9993806922355148,0.0006193077644851552,0.0,0.0,0.0,True,0,long_only,1.2411765742357797,1.0868067180605911
2021-03-29,1.3477632256311203,-0.000856844268769752,0.001657731065891433,0.0,0.9987700131340835,0.0,0.9987700131340835,0.0012299868659164659,0.0010379421934071408,0.0,0.769072709621934,True,0,long_only,1.2438585541095792,1.0835341536047252
2021-03-30,1.3404114955793756,-0.005454763798219964,0.001657731065891433,0.0,0.9987632670479486,0.0,0.9987632670479486,0.0012367329520514003,0.0,0.0,0.0,True,0,long_only,1.244275675679339,1.0772624762977459
2021-03-31,1.3426771487443712,0.0016902668863014725,0.001657731065891433,0.0,0.9987653539293182,0.0,0.9987653539293182,0.0012346460706817997,0.0,0.0,0.0,True,0,long_only,1.2430063520397618,1.0801852673890608
2021-04-01,1.3567158116939868,0.010455724939345323,0.001657731065891433,0.0,0.9987781294714759,0.0,0.9987781294714759,0.0012218705285240716,0.0,0.0,0.0,True,0,long_only,1.2476306071677141,1.087433895817858
2021-04-02,1.3504350917571963,-0.004629355597285056,0.10637813614470619,0.0,0.9212267684733472,0.0,0.9212267684733472,0.07877323152665283,0.00010482523030912388,0.0,0.07730211199341645,True,0,long_only,1.248449602158867,1.0816897129223095
2021-04-06,1.365698736708774,0.011302760898871833,0.0010554504406459892,0.0,0.9992271718408486,0.0,0.9992271718408486,0.0007728281591513619,0.0015479654861324113,0.0,1.1414001806171232,True,0,long_only,1.2502953058066983,1.0923009391190321
2021-04-07,1.361894068411638,-0.002785876705359569,0.0010554504406459892,0.0,0.9992250128221228,0.0,0.9992250128221228,0.0007749871778771622,0.0,0.0,0.0,True,0,long_only,1.2523117887162347,1.0875039911648023
2021-04-08,1.3634359861992884,0.0011321862863009624,0.0010554504406459892,0.0,0.9992258892596871,0.0,0.9992258892596871,0.0007741107403128611,0.0,0.0,0.0,True,0,long_only,1.2544058677585697,1.0869177363109268
2021-04-09,1.3668833490048793,0.0025284375947864923,0.0010554504406459892,0.0,0.9992278416139795,0.0,0.9992278416139795,0.0007721583860205161,0.0,0.0,0.0,True,0,long_only,1.253119262884177,1.0907847237611392
2021-04-12,1.3611179741205885,-0.004217898248953134,0.0015769156145975722,0.0,0.998841455594166,0.0,0.998841455594166,0.0011585444058339611,0.0011533685642837993,0.0,0.8437008567984416,True,0,long_only,1.2460021049221701,1.092388181965077
2021-04-13,1.3462625655173182,-0.010914122718031383,0.0015769156145975722,0.0,0.9988286715719592,0.0,0.9988286715719592,0.0011713284280407965,0.0,0.0,0.0,True,0,long_only,1.2419515190205404,1.0839896283383448
2021-04-14,1.3505172382016093,0.0031603587541306766,0.0015769156145975722,0.0,0.9988323617277944,0.0,0.9988323617277944,0.0011676382722055623,0.0,0.0,0.0,True,0,long_only,1.2450926375840428,1.0846720938147467
2021-04-15,1.3484246221200877,-0.0015494923147432171,0.0015769156145975722,0.0,0.998830549673501,0.0,0.998830549673501,0.0011694503264989553,0.0,0.0,0.0,True,0,long_only,1.2445609854776636,1.0834540354826896
2021-04-16,1.358443495697897,0.007430058316538979,0.0015769156145975722,0.0,0.9988391746733732,0.0,0.9988391746733732,0.0011608253266267576,0.0,0.0,0.0,True,0,long_only,1.249571527030901,1.0871274403360376
2021-04-19,1.3700621931941588,0.00855294867475731,0.00156231264029663,0.0,0.9988596775766404,0.0,0.9988596775766404,0.0011403224233595965,0.0011517366322371801,0.0,0.8473822491991121,True,0,long_only,1.2611052264553342,1.0863979979252616
2021-04-20,1.3735414901862406,0.002539517555746995,0.00156231264029663,0.0,0.9988625661099726,0.0,0.9988625661099726,0.0011374338900274061,0.0,0.0,0.0,True,0,long_only,1.2622850942911612,1.0881388811436101
2021-04-21,1.3696051679791965,-0.0028658196604679498,0.00156231264029663,0.0,0.9988592970610635,0.0,0.9988592970610635,0.001140702938936533,0.0,0.0,0.0,True,0,long_only,1.2596742724430718,1.0872693028197833
2021-04-22,1.3695017080271328,-7.553998369924653e-05,0.00156231264029663,0.0,0.9988592108858724,0.0,0.9988592108858724,0.0011407891141276272,0.0,0.0,0.0,True,0,long_only,1.2601652628204738,1.0867635765184835
2021-04-23,1.3737531587530116,0.0031043778192896276,0.00156231264029663,0.0,0.9988627413663494,0.0,0.9988627413663494,0.0011372586336505508,0.0,0.0,0.0,True,0,long_only,1.2585841992587368,1.0915067578014293
2021-04-26,1.3630148866229663,-0.007816740628857066,0.0015785454003058403,0.0,0.9988418722232617,0.0,0.9988418722232617,0.0011581277767382936,0.0011598464951996113,0.0,0.8457721402552397,True,0,long_only,1.25713155899102,1.084226131206927
2021-04-27,1.359494804096466,-0.002582570858944533,0.0015785454003058403,0.0,0.9988388735318816,0.0,0.9988388735318816,0.0011611264681183897,0.0,0.0,0.0,True,0,long_only,1.2530684357229553,1.0849326065037368
2021-04-28,1.3642479800652791,0.003496281085069608,0.0015785454003058403,0.0,0.998842919012253,0.0,0.998842919012253,0.0011570809877470278,0.0,0.0,0.0,True,0,long_only,1.255010710977108,1.0870409058127661
2021-04-29,1.3740004722937353,0.007148621343745276,0.0015785454003058403,0.0,0.9988511318357332,0.0,0.9988511318357332,0.0011488681642668475,0.0,0.0,0.0,True,0,long_only,1.2606447323746655,1.0899188621567812
2021-04-30,1.3681543961429232,-0.0042547846734379835,0.11855346330776619,0.0,0.9133478914061234,0.0,0.9133478914061234,0.08665210859387662,0.00011709200991737772,0.0,0.08521965204360815,True,0,long_only,1.2585604799168333,1.0870787840353384
2021-05-06,1.3804633942953515,0.008996790265140886,0.13858090735400774,0.0,0.899612761970595,0.0,0.899612761970595,0.10038723802940497,0.0011075007855669747,0.0,0.8064779765439576,True,0,long_only,1.2633697459116326,1.0926835938272572
2021-05-07,1.394758935402917,0.01035561041795141,0.13858090735400774,0.0,0.9006416780445471,0.0,0.9006416780445471,0.09935832195545291,0.0,0.0,0.0,True,0,long_only,1.262122786222993,1.1050897350303364
2021-05-10,1.406204657950561,0.00820623711891666,0.14130315730199794,0.0,0.89951451483034,0.0,0.89951451483034,0.10048548516966005,0.0011341396649415982,0.0,0.8098473882447529,True,0,long_only,1.266659618633644,1.1101677493022515
2021-05-11,1.397827154909332,-0.005957527585947919,0.14130315730199794,0.0,0.8989122819615252,0.0,0.8989122819615252,0.10108771803847483,0.0,0.0,0.0,True,0,long_only,1.2664247971487996,1.103758516144321
2021-05-12,1.414165564152753,0.011688433141421317,0.14130315730199794,0.0,0.900080188003549,0.0,0.900080188003549,0.09991981199645095,0.0,0.0,0.0,True,0,long_only,1.2718087489131458,1.111932564830413
2021-05-13,1.4047019937799496,-0.006691981909821898,0.14130315730199794,0.0,0.899407021611921,0.0,0.899407021611921,0.10059297838807901,0.0,0.0,0.0,True,0,long_only,1.2665969318014705,1.1090363149562137
2021-05-14,1.4071007816897443,0.0017076845625738635,0.14130315730199794,0.0,0.8995785098404171,0.0,0.8995785098404171,0.1004214901595829,0.0,0.0,0.0,True,0,long_only,1.2732718934608485,1.1051062926278368
2021-05-17,1.3993285037293959,-0.005523611429605557,0.28279600456997317,0.0,0.7979059214356855,0.0,0.7979059214356855,0.2020940785643145,0.0009988847072189447,0.0,0.7092920552716309,True,0,long_only,1.275382576042516,1.0971833315078534
2021-05-18,1.4114747382351251,0.00868004508831044,0.28279600456997317,0.0,0.799645011767214,0.0,0.799645011767214,0.20035498823278597,0.0,0.0,0.0,True,0,long_only,1.2784332222590438,1.104066065915427
2021-05-19,1.4060563724859225,-0.003838797537374039,0.28279600456997317,0.0,0.7988729256494981,0.0,0.7988729256494981,0.20112707435050192,0.0,0.0,0.0,True,0,long_only,1.2778063539373092,1.100367335123539
2021-05-20,1.4067229387069644,0.00047406792080706417,0.28279600456997317,0.0,0.798968228363494,0.0,0.798968228363494,0.20103177163650598,0.0,0.0,0.0,True,0,long_only,1.275344963943212,1.1030136774583308
2021-05-21,1.4049133985407596,-0.0012863515027828898,0.28279600456997317,0.0,0.7987092977661793,0.0,0.7987092977661793,0.20129070223382073,0.0,0.0,0.0,True,0,long_only,1.2761107598389525,1.1009337455300998
2021-05-24,1.411634602094628,0.004784069652157497,0.2831041176471291,0.0,0.7994494345583125,0.0,0.7994494345583125,0.20055056544168748,0.001425157654473626,0.0,1.0089698741265756,True,0,long_only,1.2779015701526646,1.1046504950502463
2021-05-25,1.420573199762796,0.006332090227106013,0.2831041176471291,0.0,0.8007113482822278,0.0,0.8007113482822278,0.19928865171777221,0.0,0.0,0.0,True,0,long_only,1.2875306064222491,1.1033315966835473
2021-05-26,1.4343224385201527,0.009678655601592867,0.2831041176471291,0.0,0.8026217048244614,0.0,0.8026217048244614,0.19737829517553862,0.0,0.0,0.0,True,0,long_only,1.2933130431305737,1.109029593522272
2021-05-27,1.450953067609237,0.011594763243223616,0.2831041176471291,0.0,0.8048840283210503,0.0,0.8048840283210503,0.19511597167894967,0.0,0.0,0.0,True,0,long_only,1.297862751755401,1.1179557049825004
2021-05-28,1.455930067788119,0.003430159313893233,0.2831041176471291,0.0,0.8055510193032642,0.0,0.8055510193032642,0.19444898069673577,0.0,0.0,0.0,True,0,long_only,1.2971708246673024,1.1223888481777526
2021-05-31,1.469281560407971,0.009170421653655447,0.2946339352163009,0.0,0.7994707460056255,0.0,0.7994707460056255,0.2005292539943745,0.000928822351892359,0.0,0.6330495463472456,True,0,long_only,1.298609233329877,1.1314270087549416
2021-06-01,1.4702277971823252,0.0006440132373890517,0.2946339352163009,0.0,0.7995998063830901,0.0,0.7995998063830901,0.20040019361690986,0.0,0.0,0.0,True,0,long_only,1.2999985090699375,1.1309457564179635
2021-06-02,1.4642869927174704,-0.00404073741242017,0.2946339352163009,0.0,0.7987867565022142,0.0,0.7987867565022142,0.2012132434977858,0.0,0.0,0.0,True,0,long_only,1.2965097327236785,1.1294068650308773
2021-06-03,1.4686779855336953,0.0029987241832121203,0.2946339352163009,0.0,0.7993883355518294,0.0,0.7993883355518294,0.20061166444817058,0.0,0.0,0.0,True,0,long_only,1.2979898196584552,1.1315019295915232
2021-06-04,1.471381625785754,0.0018408666015892194,0.2946339352163009,0.0,0.7997569562832082,0.0,0.7997569562832082,0.2002430437167918,0.0,0.0,0.0,True,0,long_only,1.298186012500771,1.13341355677631
2021-06-07,1.4662197781032238,-0.0035081637503618923,0.29580512270273057,0.0,0.798253217477806,0.0,0.798253217477806,0.20174678252219402,0.0009017377390896095,0.0,0.6122026642836084,True,0,long_only,1.2969495570921172,1.1305141129703042
2021-06-08,1.4574974931761815,-0.0059488250378982865,0.29580512270273057,0.0,0.7970458789207854,0.0,0.7970458789207854,0.20295412107921462,0.0,0.0,0.0,True,0,long_only,1.293516012927719,1.1267718981516974
2021-06-09,1.4602388053984658,0.0018808349483403486,0.29580512270273057,0.0,0.7974268855141046,0.0,0.7974268855141046,0.20257311448589543,0.0,0.0,0.0,True,0,long_only,1.294026317626385,1.1284459871550079
2021-06-10,1.4596810969449643,-0.00038192962099059535,0.29580512270273057,0.0,0.7973494872805881,0.0,0.7973494872805881,0.20265051271941192,0.0,0.0,0.0,True,0,long_only,1.2974476632720902,1.1250404453800706
2021-06-11,1.4548727792682052,-0.003294087788642819,0.29580512270273057,0.0,0.7966797324701343,0.0,0.7966797324701343,0.20332026752986565,0.0,0.0,0.0,True,0,long_only,1.2960475444043023,1.1225458398880754
2021-06-15,1.4505885420028972,-0.0029447504457832396,0.4374467964868467,0.0,0.6984349566949958,0.0,0.6984349566949958,0.3015650433050042,0.0010186079348396052,0.0,0.6998550720502522,True,0,long_only,1.2868895064953725,1.1272051988001142
2021-06-16,1.4664156257530052,0.010910801575927831,0.4374467964868467,0.0,0.7016897605259644,0.0,0.7016897605259644,0.29831023947403557,0.0,0.0,0.0,True,0,long_only,1.27359312111977,1.1514003973762843
2021-06-17,1.460193478662476,-0.004243099283215979,0.4374467964868467,0.0,0.7004186069317718,0.0,0.7004186069317718,0.2995813930682282,0.0,0.0,0.0,True,0,long_only,1.272698224234526,1.147321062336455
2021-06-18,1.4533509589432874,-0.004686036350098122,0.4374467964868467,0.0,0.6990081481730273,0.0,0.6990081481730273,0.30099185182697274,0.0,0.0,0.0,True,0,long_only,1.2747401207246736,1.1401154912399523
2021-06-21,1.4766123740503385,0.01600536674497688,0.29085401130674476,0.0,0.8030261587819869,0.0,0.8030261587819869,0.1969738412180131,0.0013063064904047,0.0,0.9003089378904086,True,0,long_only,1.2793067717365745,1.1542285296011798
2021-06-22,1.4834713450052142,0.004645072109250803,0.29085401130674476,0.0,0.8039368860840905,0.0,0.8039368860840905,0.19606311391590947,0.0,0.0,0.0,True,0,long_only,1.2876932533381586,1.1520378328919012
2021-06-23,1.479818588374605,-0.0024623034633651786,0.29085401130674476,0.0,0.8034529275468749,0.0,0.8034529275468749,0.19654707245312508,0.0,0.0,0.0,True,0,long_only,1.2929921543193938,1.144491545003653
2021-06-24,1.4727097309378587,-0.0048038708883595405,0.29085401130674476,0.0,0.8025041831416965,0.0,0.8025041831416965,0.19749581685830353,0.0,0.0,0.0,True,0,long_only,1.295214656655749,1.1370391180875015
2021-06-25,1.4772520576306936,0.0030843326403107163,0.29085401130674476,0.0,0.8031114529139772,0.0,0.8031114529139772,0.19688854708602277,0.0,0.0,0.0,True,0,long_only,1.30020995006062,1.136164246060276
2021-06-28,1.4763246749896561,-0.0006277754945387404,0.5925526204166989,0.0,0.5986298742714906,0.0,0.5986298742714906,0.4013701257285094,0.0008965107863922524,0.0,0.6059043676348942,True,0,long_only,1.3026411826057256,1.1333317990426992
2021-06-29,1.468874153100296,-0.0050466689445615165,0.5925526204166989,0.0,0.5965940178292192,0.0,0.5965940178292192,0.40340598217078083,0.0,0.0,0.0,True,0,long_only,1.296974970672728,1.1325385503302392
2021-06-30,1.4640538875767235,-0.003281605516305519,0.5925526204166989,0.0,0.5952658399770506,0.0,0.5952658399770506,0.4047341600229494,0.0,0.0,0.0,True,0,long_only,1.2983784780179306,1.1276017835814012
2021-07-01,1.4610751534170103,-0.0020345795909489928,0.5925526204166989,0.0,0.5944406972968512,0.0,0.5944406972968512,0.40555930270314877,0.0,0.0,0.0,True,0,long_only,1.2932344304545507,1.1297836795943226
2021-07-02,1.4584515467887629,-0.0017956684994003824,0.5925526204166989,0.0,0.5937111371842356,0.0,0.5937111371842356,0.4062888628157644,0.0,0.0,0.0,True,0,long_only,1.2876925756426756,1.1326084924119897
2021-07-05,1.4640278150153199,0.003823416855249784,0.4382490423044386,0.0,0.7006552486163983,0.0,0.7006552486163983,0.2993447513836017,0.001030690404616338,0.0,0.7065108282622773,True,0,long_only,1.290112965060054,1.134805908215309
2021-07-06,1.4643063563350682,0.000190256849556647,0.4382490423044386,0.0,0.7007121901722069,0.0,0.7007121901722069,0.2992878098277931,0.0,0.0,0.0,True,0,long_only,1.2921945067359544,1.1331934540055144
2021-07-07,1.4728746600855471,0.005851442024689346,0.4382490423044386,0.0,0.7024532676263271,0.0,0.7024532676263271,0.2975467323736729,0.0,0.0,0.0,True,0,long_only,1.3014924887621147,1.1316812604016169
2021-07-08,1.48378823614675,0.007409711333189017,0.4382490423044386,0.0,0.7046417867265699,0.0,0.7046417867265699,0.29535821327343015,0.0,0.0,0.0,True,0,long_only,1.305628464294597,1.1364551836332772
2021-07-09,1.4882790814009812,0.0030266079382685884,0.4382490423044386,0.0,0.705533022817269,0.0,0.705533022817269,0.29446697718273096,0.0,0.0,0.0,True,0,long_only,1.312050306691091,1.1343155623006014
2021-07-12,1.4914496060540194,0.002130329380195084,0.4487077140806193,0.0,0.6991465804414397,0.0,0.6991465804414397,0.30085341955856026,0.0012088424067394135,0.0,0.8092509511909389,True,0,long_only,1.3211331204014127,1.1289169751499817
2021-07-13,1.5056793448711976,0.00954087805542847,0.4487077140806193,0.0,0.7019898588573626,0.0,0.7019898588573626,0.29801014114263735,0.0,0.0,0.0,True,0,long_only,1.330041427524873,1.1320544711702523
2021-07-14,1.4980344338985938,-0.0050773831750065,0.4487077140806193,0.0,0.7004690253261604,0.0,0.7004690253261604,0.2995309746738396,0.0,0.0,0.0,True,0,long_only,1.3256926556107427,1.13000130728525
2021-07-15,1.5067318047314384,0.0058058550831905364,0.4487077140806193,0.0,0.7021980204628404,0.0,0.7021980204628404,0.2978019795371596,0.0,0.0,0.0,True,0,long_only,1.329278003563323,1.1334963797583537
2021-07-16,1.5011707647827577,-0.0036907961531161826,0.4487077140806193,0.0,0.7010948223831456,0.0,0.7010948223831456,0.2989051776168544,0.0,0.0,0.0,True,0,long_only,1.3298025398671312,1.128867421875092
2021-07-19,1.5038733151233192,0.001800295078989489,0.600885229781418,0.0,0.6004415905656622,0.0,0.6004415905656622,0.39955840943433785,0.0013597865516555808,0.0,0.9054474414830244,True,0,long_only,1.325076291568994,1.1349333805849138
2021-07-20,1.510638049108201,0.0044982073402419775,0.600885229781418,0.0,0.6022308387266241,0.0,0.6022308387266241,0.3977691612733759,0.0,0.0,0.0,True,0,long_only,1.324664591563098,1.140392865280452
2021-07-21,1.523544776496129,0.008543891367986722,0.600885229781418,0.0,0.6056005448272135,0.0,0.6056005448272135,0.3943994551727865,0.0,0.0,0.0,True,0,long_only,1.3374361017871508,1.139153320641106
2021-07-22,1.5263347667260194,0.0018312492503875788,0.600885229781418,0.0,0.6063214683432037,0.0,0.6063214683432037,0.39367853165679634,0.0,0.0,0.0,True,0,long_only,1.3458510465990192,1.13410378554379
2021-07-23,1.5218155785361378,-0.0029608106218894648,0.600885229781418,0.0,0.6051523993732404,0.0,0.6051523993732404,0.3948476006267596,0.0,0.0,0.0,True,0,long_only,1.3484882985709437,1.1285345079737639
2021-07-26,1.5033530077792134,-0.012131937021359618,0.6096412130666948,0.0,0.5944790013309845,0.0,0.5944790013309845,0.4055209986690155,0.0006357769436446305,0.0,0.4177160577843872,True,0,long_only,1.3383018577666275,1.1233287909261556
2021-07-27,1.50174920449268,-0.0010668174927874752,0.6096412130666948,0.0,0.5940459224197535,0.0,0.5940459224197535,0.4059540775802465,0.0,0.0,0.0,True,0,long_only,1.3236595691618736,1.1345433822108586
2021-07-28,1.4937520873311356,-0.00532520153006899,0.6096412130666948,0.0,0.5918725615601103,0.0,0.5918725615601103,0.40812743843988974,0.0,0.0,0.0,True,0,long_only,1.315631249623032,1.1353881171180302
2021-07-29,1.5118762754157367,0.012133330716868507,0.6096412130666948,0.0,0.5967651434314258,0.0,0.5967651434314258,0.40323485656857416,0.0,0.0,0.0,True,0,long_only,1.3332902996701657,1.1339438048786152
2021-07-30,1.5200953300633966,0.005436327549620312,0.6096412130666948,0.0,0.5989454075612026,0.0,0.5989454075612026,0.4010545924387974,0.0,0.0,0.0,True,0,long_only,1.3365710235031572,1.1373098049658608
2021-08-02,1.5267126265948598,0.004353211539165347,0.6112144855344163,0.0,0.5996532190228536,0.0,0.5996532190228536,0.4003467809771464,0.0012258843572832382,0.0,0.80257618844018,True,0,long_only,1.3507348590969437,1.1302829836016588
2021-08-03,1.5273038804957333,0.0003872725558000667,0.6112144855344163,0.0,0.5998082023231501,0.0,0.5998082023231501,0.40019179767684987,0.0,0.0,0.0,True,0,long_only,1.3438552334017129,1.1365092329399613
2021-08-04,1.5295678108225244,0.0014823050970420582,0.6112144855344163,0.0,0.600400530653338,0.0,0.600400530653338,0.399599469346662,0.0,0.0,0.0,True,0,long_only,1.355059233973688,1.128782987838172
2021-08-05,1.5280010971634412,-0.0010242851921947738,0.6112144855344163,0.0,0.5999908071603707,0.0,0.5999908071603707,0.4000091928396293,0.0,0.0,0.0,True,0,long_only,1.3514921837991474,1.1306029849674113
2021-08-06,1.5296191163446233,0.0010589123163495806,0.6112144855344163,0.0,0.600413933767346,0.0,0.600413933767346,0.399586066232654,0.0,0.0,0.0,True,0,long_only,1.3534635999590672,1.130151646775638
2021-08-09,1.5222178947020393,-0.004838604305803296,0.4593585638694287,0.0,0.6982307424789905,0.0,0.6982307424789905,0.30176925752100947,0.0010715802943301693,0.0,0.7008082870013279,True,0,long_only,1.353266390573527,1.1248471884806872
2021-08-10,1.535769970144568,0.008902848593290047,0.4593585638694287,0.0,0.7008936411055183,0.0,0.7008936411055183,0.29910635889448167,0.0,0.0,0.0,True,0,long_only,1.3579756964845904,1.1309259614293805
2021-08-11,1.543939169692716,0.0053192859002049175,0.4593585638694287,0.0,0.7024762549674459,0.0,0.7024762549674459,0.2975237450325541,0.0,0.0,0.0,True,0,long_only,1.3642650494141662,1.1317003029255235
2021-08-12,1.5469788408703538,0.0019687765148432845,0.4593585638694287,0.0,0.7030608617691328,0.0,0.7030608617691328,0.29693913823086715,0.0,0.0,0.0,True,0,long_only,1.366398773642254,1.1321576619589229
2021-08-13,1.5487527193089154,0.0011466727221451922,0.4593585638694287,0.0,0.7034009637933656,0.0,0.7034009637933656,0.2965990362066344,0.0,0.0,0.0,True,0,long_only,1.3685406302161374,1.131681942876856
2021-08-16,1.5506553423452973,0.0012284872934593682,0.31282402133013154,0.0,0.7982633453176003,0.0,0.7982633453176003,0.20173665468239965,0.0011041941838826558,0.0,0.7082630811278259,True,0,long_only,1.366890441715139,1.134440109479129
2021-08-17,1.5355843607138078,-0.009719104703625026,0.31282402133013154,0.0,0.7962834023754207,0.0,0.7962834023754207,0.20371659762457928,0.0,0.0,0.0,True,0,long_only,1.3526100424982839,1.135274996093899
2021-08-18,1.5333345613990925,-0.0014651095519555568,0.31282402133013154,0.0,0.795984497313688,0.0,0.795984497313688,0.20401550268631197,0.0,0.0,0.0,True,0,long_only,1.3580488875967496,1.129071696463398
2021-08-19,1.539811505683551,0.004224090715433171,0.31282402133013154,0.0,0.7968426523795435,0.0,0.7968426523795435,0.20315734762045645,0.0,0.0,0.0,True,0,long_only,1.3569293346589058,1.134776488615464
2021-08-20,1.5314974222499071,-0.005399416359051723,0.31282402133013154,0.0,0.7957397663323748,0.0,0.7957397663323748,0.20426023366762525,0.0,0.0,0.0,True,0,long_only,1.3536004944466244,1.1314249873083935
2021-08-23,1.5539555352536074,0.014664153316501949,0.1551968829146112,0.0,0.9001278483239981,0.0,0.9001278483239981,0.09987215167600194,0.00047273697815840906,0.0,0.3085828962452784,True,0,long_only,1.3628896664315064,1.1401917363731828
2021-08-24,1.5963185884565796,0.027261432030652344,0.1551968829146112,0.0,0.9027782523884126,0.0,0.9027782523884126,0.09722174761158742,0.0,0.0,0.0,True,0,long_only,1.371045392721144,1.1643076129582632
2021-08-25,1.6130581131163366,0.010486330724208237,0.1551968829146112,0.0,0.9037871719235337,0.0,0.9037871719235337,0.09621282807646625,0.0,0.0,0.0,True,0,long_only,1.37541144587009,1.1727822376059338
2021-08-26,1.6029604825950545,-0.006259929781310847,0.1551968829146112,0.0,0.9031810923602054,0.0,0.9031810923602054,0.09681890763979462,0.0,0.0,0.0,True,0,long_only,1.3739300035443474,1.1666973415384145
2021-08-27,1.6276485126243443,0.015401521308449295,0.1551968829146112,0.0,0.9046496330682728,0.0,0.9046496330682728,0.09535036693172716,0.0,0.0,0.0,True,0,long_only,1.3782686100262336,1.1809370835147759
2021-08-30,1.6298627373924437,0.001360382632322299,0.16393093348024074,0.0,0.8994204053388523,0.0,0.8994204053388523,0.10057959466114774,0.0016744643376264503,0.0,1.0284323804963058,True,0,long_only,1.384750428472969,1.1770082925265977
2021-08-31,1.635485358531757,0.0034497513258746615,0.16393093348024074,0.0,0.8997661870679122,0.0,0.8997661870679122,0.10023381293208777,0.0,0.0,0.0,True,0,long_only,1.387938646872537,1.1783556587440092
2021-09-01,1.6351628552379205,-0.00019719118373884292,0.16393093348024074,0.0,0.8997464179453928,0.0,0.8997464179453928,0.10025358205460722,0.0,0.0,0.0,True,0,long_only,1.3909665902903858,1.1755586846241612
2021-09-02,1.6688120584221655,0.020578502671129373,0.16393093348024074,0.0,0.9017678877301291,0.0,0.9017678877301291,0.09823211226987094,0.0,0.0,0.0,True,0,long_only,1.4109664005356506,1.1827440099130837
2021-09-03,1.685571943079366,0.010043003088704205,0.16393093348024074,0.0,0.9027446237739603,0.0,0.9027446237739603,0.09725537622603975,0.0,0.0,0.0,True,0,long_only,1.4085039939983288,1.1967108011490424
2021-09-06,1.6970591644266373,0.006815028806355983,0.3409196734202711,0.0,0.7991114979568475,0.0,0.7991114979568475,0.20088850204315245,0.0012137363911250531,0.0,0.7149072459201922,True,0,long_only,1.4168135571625975,1.1977999192958584
2021-09-07,1.727738352386179,0.018077854091732126,0.3409196734202711,0.0,0.8026786446284375,0.0,0.8026786446284375,0.19732135537156248,0.0,0.0,0.0,True,0,long_only,1.4348717698491926,1.2041064495733769
2021-09-08,1.7297312032446053,0.0011534448232131123,0.3409196734202711,0.0,0.8029059817035278,0.0,0.8029059817035278,0.19709401829647222,0.0,0.0,0.0,True,0,long_only,1.4388040978890464,1.2022006371697127
2021-09-09,1.7473403294181296,0.010180267396745268,0.3409196734202711,0.0,0.8048922309635018,0.0,0.8048922309635018,0.19510776903649818,0.0,0.0,0.0,True,0,long_only,1.4388545862025266,1.214396747366785
2021-09-10,1.731556784301719,-0.009032896940956325,0.3409196734202711,0.0,0.8031137780111826,0.0,0.8031137780111826,0.19688622198881744,0.0,0.0,0.0,True,0,long_only,1.4381504605957351,1.2040164306483232
2021-09-13,1.7230638880424807,-0.004904774903274789,0.3481152477643235,0.0,0.7979673010501043,0.0,0.7979673010501043,0.20203269894989573,0.0010669046864415538,0.0,0.615491310645519,True,0,long_only,1.4408605648320771,1.1958574827421227
2021-09-14,1.7012865665461612,-0.012638719694288314,0.3481152477643235,0.0,0.79538118115454,0.0,0.79538118115454,0.20461881884545996,0.0,0.0,0.0,True,0,long_only,1.4265608512939578,1.1925790372019631
2021-09-15,1.6865094418776687,-0.008685852788746784,0.3481152477643235,0.0,0.7935883196854501,0.0,0.7935883196854501,0.20641168031454993,0.0,0.0,0.0,True,0,long_only,1.425521266423103,1.1830826250031565
2021-09-16,1.6654291305146636,-0.012499373463059515,0.3481152477643235,0.0,0.7909756462247384,0.0,0.7909756462247384,0.20902435377526163,0.0,0.0,0.0,True,0,long_only,1.401015458911662,1.188730017160841
2021-09-17,1.6616390751628722,-0.0022757229847542026,0.3481152477643235,0.0,0.7904988797099625,0.0,0.7904988797099625,0.20950112029003753,0.0,0.0,0.0,True,0,long_only,1.4006142631857517,1.186364525078739
2021-09-22,1.6717159294921873,0.006064406211876872,0.1677154561750233,0.0,0.8996746676775583,0.0,0.8996746676775583,0.10032533232244167,0.000522595907284727,0.0,0.31562737756071707,True,0,long_only,1.4065756115015768,1.1885005795796235
2021-09-23,1.6904365973575908,0.011198474295265104,0.1677154561750233,0.0,0.9007857162834809,0.0,0.9007857162834809,0.09921428371651908,0.0,0.0,0.0,True,0,long_only,1.4136561739075042,1.195790481843286
2021-09-24,1.6688676284805262,-0.0127594071914795,0.1677154561750233,0.0,0.8995034397499069,0.0,0.8995034397499069,0.10049656025009313,0.0,0.0,0.0,True,0,long_only,1.4033921369703894,1.189167007934959
2021-09-27,1.634721485139694,-0.020460666117612658,0.1690215817389056,0.0,0.8966052729621634,0.0,0.8966052729621634,0.10339472703783659,0.0006926960362680718,0.0,0.4151248429961815,True,0,long_only,1.381140344635261,1.183602731966678
2021-09-28,1.6441307269725451,0.0057558684573395524,0.1690215817389056,0.0,0.8971969935443412,0.0,0.8971969935443412,0.10280300645565876,0.0,0.0,0.0,True,0,long_only,1.3864067162333142,1.185893509979116
2021-09-29,1.6280367783607264,-0.00978872807848663,0.1690215817389056,0.0,0.8961807349898485,0.0,0.8961807349898485,0.10381926501015148,0.0,0.0,0.0,True,0,long_only,1.364718427692264,1.192947017732979
2021-09-30,1.64171511239506,0.008401735277814959,0.1690215817389056,0.0,0.8970457295161742,0.0,0.8970457295161742,0.10295427048382577,0.0,0.0,0.0,True,0,long_only,1.3813209504814687,1.1885109769911395
2021-10-08,1.6549526988485792,0.008063266490985432,0.0022906513377258238,0.0,0.9986158810826923,0.0,0.9986158810826923,0.0013841189173077195,0.000842848750164886,0.0,0.5099435403221054,True,0,long_only,1.3817035095815977,1.1977625354297072
2021-10-11,1.6418135301930554,-0.007939301627572393,0.002315382313047623,0.0,0.998589740996485,0.0,0.998589740996485,0.001410259003514991,0.001015257506110593,0.0,0.608619932637504,True,0,long_only,1.3795640249419046,1.1900959292282174
2021-10-12,1.6279074533605524,-0.008469948978230168,0.002315382313047623,0.0,0.9985776941384058,0.0,0.9985776941384058,0.0014223058615941975,0.0,0.0,0.0,True,0,long_only,1.3598061519840552,1.1971614122978618
2021-10-13,1.6053775994176744,-0.01383976337006676,0.002315382313047623,0.0,0.9985577335114882,0.0,0.9985577335114882,0.0014422664885117564,0.0,0.0,0.0,True,0,long_only,1.3590390006973487,1.181259403588804
2021-10-14,1.6154166209347227,0.0062533708709340274,0.002315382313047623,0.0,0.9985666964899075,0.0,0.9985666964899075,0.0014333035100925207,0.0,0.0,0.0,True,0,long_only,1.3640620796170209,1.184269136334523
2021-10-15,1.61743560833137,0.0012498245780576678,0.002315382313047623,0.0,0.9985684856317487,0.0,0.9985684856317487,0.0014315143682512854,0.0,0.0,0.0,True,0,long_only,1.370486971643188,1.1801904299696444
2021-10-18,1.632246544268403,0.009157048268717771,0.002206127858229349,0.0,0.9986484101522676,0.0,0.9986484101522676,0.0013515898477324262,0.001029941685713811,0.0,0.6354485530839385,True,0,long_only,1.377907398333818,1.1845836274934987
2021-10-19,1.6432048713551681,0.006713646982586585,0.002206127858229349,0.0,0.9986574237353556,0.0,0.9986574237353556,0.0013425762646444017,0.0,0.0,0.0,True,0,long_only,1.3854132146553004,1.186075644416318
2021-10-20,1.638644553011584,-0.0027752585347577963,0.002206127858229349,0.0,0.998653687369738,0.0,0.998653687369738,0.00134631263026197,0.0,0.0,0.0,True,0,long_only,1.3863890961507574,1.1819514143332501
2021-10-21,1.6411319480625266,0.0015179588803264643,0.002206127858229349,0.0,0.9986557279194802,0.0,0.9986557279194802,0.0013442720805197927,0.0,0.0,0.0,True,0,long_only,1.3855975478266644,1.1844218046117883
2021-10-22,1.6268577123799568,-0.008697798918253619,0.002206127858229349,0.0,0.9986439331224597,0.0,0.9986439331224597,0.0013560668775403073,0.0,0.0,0.0,True,0,long_only,1.3796375549018054,1.1791921049117478
2021-10-25,1.6329652304227424,0.003754180833584364,0.16500116454930602,0.0,0.8989561066731405,0.0,0.8989561066731405,0.10104389332685948,0.0008240145029122879,0.0,0.5058471323100668,True,0,long_only,1.3868624664456024,1.177452898129025
2021-10-26,1.635517007280478,0.001562664538224734,0.16500116454930602,0.0,0.8991137580258682,0.0,0.8991137580258682,0.10088624197413176,0.0,0.0,0.0,True,0,long_only,1.38838863667322,1.1779965379142063
2021-10-27,1.6245271461687982,-0.0067195028011073354,0.16500116454930602,0.0,0.8984312666375343,0.0,0.8984312666375343,0.10156873336246575,0.0,0.0,0.0,True,0,long_only,1.3850648791770608,1.1728888448417047
2021-10-28,1.6118976286236069,-0.007774273009211408,0.32540109855546334,0.0,0.7981254561225938,0.0,0.7981254561225938,0.20187454387740622,0.000160560494500658,0.0,0.09926109839533839,True,0,long_only,1.3741797343298168,1.1729889390413142
2021-10-29,1.6186795004454275,0.004207383708115353,0.32540109855546334,0.0,0.7989712611632386,0.0,0.7989712611632386,0.20102873883676142,0.0,0.0,0.0,True,0,long_only,1.3829098075412598,1.1704881197735908
2021-11-01,1.6354002315118106,0.010329859037432554,0.16425052873753032,0.0,0.8995655463582193,0.0,0.8995655463582193,0.10043445364178072,0.000520690897560229,0.0,0.321120687273591,True,0,long_only,1.3934774520547388,1.1736108317363492
2021-11-02,1.6271481310976392,-0.00504592102603707,0.16425052873753032,0.0,0.8990561918743498,0.0,0.8990561918743498,0.10094380812565018,0.0,0.0,0.0,True,0,long_only,1.3873649776462147,1.1728335061897248
2021-11-03,1.6337135533915932,0.004034925996273753,0.16425052873753032,0.0,0.8994618558458147,0.0,0.8994618558458147,0.10053814415418527,0.0,0.0,0.0,True,0,long_only,1.3908923826350021,1.1745794094411344
2021-11-04,1.6440424995611538,0.006322372822406663,0.16425052873753032,0.0,0.9000935019737178,0.0,0.9000935019737178,0.09990649802628215,0.0,0.0,0.0,True,0,long_only,1.4019052730807833,1.172720105366504
2021-11-05,1.638644687720464,-0.0032832556592246043,0.16425052873753032,0.0,0.8997644028822251,0.0,0.8997644028822251,0.10023559711777486,0.0,0.0,0.0,True,0,long_only,1.3918689418259422,1.1772981194413215
2021-11-08,1.6800682012405863,0.025279130875984546,0.16578851346453102,0.0,0.9013203670290824,0.0,0.9013203670290824,0.09867963297091764,0.001342708723637905,0.0,0.8171104282509323,True,0,long_only,1.3979763335183442,1.201785867871089
2021-11-09,1.6681189743494755,-0.007112346321588303,0.16578851346453102,0.0,0.9006134957914592,0.0,0.9006134957914592,0.09938650420854078,0.0,0.0,0.0,True,0,long_only,1.4059697517398138,1.18645438302301
2021-11-10,1.6652247501331932,-0.0017350226577280692,0.16578851346453102,0.0,0.9004407582512388,0.0,0.9004407582512388,0.09955924174876118,0.0,0.0,0.0,True,0,long_only,1.4062828470529396,1.1841321634711695
2021-11-11,1.6791337610829584,0.008352632849501385,0.16578851346453102,0.0,0.9012654516828931,0.0,0.9012654516828931,0.09873454831710693,0.0,0.0,0.0,True,0,long_only,1.4200651400898219,1.1824343219753637
2021-11-12,1.6832986714777267,0.002480392266118292,0.16578851346453102,0.0,0.9015097461468384,0.0,0.9015097461468384,0.09849025385316157,0.0,0.0,0.0,True,0,long_only,1.429001571575825,1.1779543878468073
2021-11-15,1.6905004918457327,0.004278397226847419,0.3389745377041938,0.0,0.7994827334630986,0.0,0.7994827334630986,0.20051726653690138,0.0005210325922323008,0.0,0.30927755236763604,True,0,long_only,1.4263006162285026,1.1852343556548697
2021-11-16,1.6803792632432184,-0.005987119584605183,0.3389745377041938,0.0,0.7982749816550607,0.0,0.7982749816550607,0.20172501834493928,0.0,0.0,0.0,True,0,long_only,1.4176186593963496,1.1853535166916875
2021-11-17,1.6821100989166766,0.0010300267989011846,0.3389745377041938,0.0,0.7984825500289772,0.0,0.7984825500289772,0.20151744997102283,0.0,0.0,0.0,True,0,long_only,1.4233411200544326,1.1818039085755832
2021-11-18,1.687119456856589,0.002978020251551028,0.3389745377041938,0.0,0.7990808912038955,0.0,0.7990808912038955,0.20091910879610453,0.0,0.0,0.0,True,0,long_only,1.423815506892502,1.184928418527167
2021-11-19,1.6981386616558087,0.006531372010699643,0.3389745377041938,0.0,0.8003846532922884,0.0,0.8003846532922884,0.19961534670771164,0.0,0.0,0.0,True,0,long_only,1.436041472252775,1.1825136630572872
2021-11-22,1.7075300991677862,0.005530430302328915,0.17158659244530225,0.0,0.8995118197161327,0.0,0.8995118197161327,0.1004881802838673,0.001199115974390246,0.0,0.7052256682440513,True,0,long_only,1.44835960419873,1.1789407093498965
2021-11-23,1.7209783719528735,0.007875862798343292,0.17158659244530225,0.0,0.9002970663422137,0.0,0.9002970663422137,0.09970293365778626,0.0,0.0,0.0,True,0,long_only,1.4468632525723626,1.1894547524744752
2021-11-24,1.7522429015072585,0.01816671845730844,0.17158659244530225,0.0,0.9020760236507703,0.0,0.9020760236507703,0.09792397634922967,0.0,0.0,0.0,True,0,long_only,1.4464302051587536,1.2114258228691652
2021-11-25,1.7508446785788856,-0.0007979618163498348,0.17158659244530225,0.0,0.9019978216545316,0.0,0.9019978216545316,0.09800217834546843,0.0,0.0,0.0,True,0,long_only,1.4449460520510793,1.2117024549764939
2021-11-26,1.7496222730983588,-0.0006981804242731648,0.17158659244530225,0.0,0.9019293506469576,0.0,0.9019293506469576,0.09807064935304244,0.0,0.0,0.0,True,0,long_only,1.4458924537930278,1.2100639079404232
2021-11-29,1.7422009387608837,-0.004241678019069273,0.17548096810683758,0.0,0.8992762750824562,0.0,0.8992762750824562,0.10072372491754378,0.0017748230397395671,0.0,1.018396527575559,True,0,long_only,1.4518436366766085,1.1999921305223524
2021-11-30,1.7407054132623425,-0.0008584116018239829,0.17548096810683758,0.0,0.8991897383843024,0.0,0.8991897383843024,0.10081026161569762,0.0,0.0,0.0,True,0,long_only,1.4537418617243691,1.1973964973379723
2021-12-01,1.7605247441435983,0.011385804128747568,0.17548096810683758,0.0,0.900324622706624,0.0,0.900324622706624,0.09967537729337606,0.0,0.0,0.0,True,0,long_only,1.4611904127775417,1.2048564846501142
2021-12-02,1.765130919854756,0.002616365220926342,0.17548096810683758,0.0,0.900584729363147,0.0,0.900584729363147,0.09941527063685296,0.0,0.0,0.0,True,0,long_only,1.4627718151870204,1.2067028510725564
2021-12-03,1.7842518104786105,0.01083256228123175,0.17548096810683758,0.0,0.9016501106647238,0.0,0.9016501106647238,0.09834988933527622,0.0,0.0,0.0,True,0,long_only,1.4704782293714578,1.2133819969856148
2021-12-06,1.7816468484396806,-0.001459974440620626,0.18147877351823047,0.0,0.8981398734114088,0.0,0.8981398734114088,0.10186012658859123,0.001112973961362159,0.0,0.6199674084943245,True,0,long_only,1.4567789540312377,1.2230042474937326
2021-12-07,1.7562673591416396,-0.014244960677963547,0.18147877351823047,0.0,0.8966679118793583,0.0,0.8966679118793583,0.10333208812064165,0.0,0.0,0.0,True,0,long_only,1.436498577856029,1.2226029222826413
2021-12-08,1.7608411021696215,0.0026042407519417665,0.18147877351823047,0.0,0.8969363145291069,0.0,0.8969363145291069,0.10306368547089306,0.0,0.0,0.0,True,0,long_only,1.4475158733224496,1.2164571972036506
2021-12-09,1.7732244258109615,0.0070326184606219755,0.18147877351823047,0.0,0.8976560604080144,0.0,0.8976560604080144,0.10234393959198562,0.0,0.0,0.0,True,0,long_only,1.457411921612319,1.216694058498755
2021-12-10,1.7740401552354055,0.0004600260477862772,0.18147877351823047,0.0,0.8977031196375883,0.0,0.8977031196375883,0.10229688036241169,0.0,0.0,0.0,True,0,long_only,1.4608871440489188,1.2143581127824619
2021-12-13,1.7775524977271069,0.0019798551240994833,0.0024687794627535333,0.0,0.998611135555259,0.0,0.998611135555259,0.001388864444740956,0.0008982457133568678,0.0,0.5057873553000878,True,0,long_only,1.4668776332705111,1.2117933066877047
2021-12-14,1.7618944368587828,-0.008808775486712994,0.0024687794627535333,0.0,0.9985987926341631,0.0,0.9985987926341631,0.0014012073658369317,0.0,0.0,0.0,True,0,long_only,1.4604723944133495,1.2063866757074242
2021-12-15,1.76269890784774,0.00045659431809741413,0.0024687794627535333,0.0,0.9985994321254967,0.0,0.9985994321254967,0.0014005678745032668,0.0,0.0,0.0,True,0,long_only,1.4615743272686363,1.2060275519082493
2021-12-16,1.8008597292828916,0.021649086673427353,0.0024687794627535333,0.0,0.9986291106283238,0.0,0.9986291106283238,0.001370889371676176,0.0,0.0,0.0,True,0,long_only,1.4665106611664902,1.2279895243655807
2021-12-17,1.8009660235046485,5.902415386871418e-05,0.0024687794627535333,0.0,0.9986291915391333,0.0,0.9986291915391333,0.0013708084608666793,0.0,0.0,0.0,True,0,long_only,1.4635267679550337,1.2305658242391522
2021-12-20,1.781231941099138,-0.01095749844692151,0.002837928545808769,0.0,0.9984067608039536,0.0,0.9984067608039536,0.0015932391960463699,0.0007492228794623942,0.0,0.4170217887248035,True,0,long_only,1.4519273320687536,1.2268051587410924
2021-12-21,1.8096101517650158,0.015931788562227656,0.002837928545808769,0.0,0.9984317458967387,0.0,0.9984317458967387,0.001568254103261335,0.0,0.0,0.0,True,0,long_only,1.4623387677734112,1.2374766994110178
2021-12-22,1.808384912317655,-0.0006770737035077801,0.002837928545808769,0.0,0.9984306833537051,0.0,0.9984306833537051,0.0015693166462948938,0.0,0.0,0.0,True,0,long_only,1.4691695993938692,1.2308891451767956
2021-12-23,1.8121188365296903,0.002064783988520391,0.002837928545808769,0.0,0.998433916976856,0.0,0.998433916976856,0.0015660830231439826,0.0,0.0,0.0,True,0,long_only,1.478207007506833,1.2258897619393905
2021-12-24,1.7940541131859165,-0.009968840331889495,0.002837928545808769,0.0,0.99841814774429,0.0,0.99841814774429,0.001581852255709948,0.0,0.0,0.0,True,0,long_only,1.4737891106534409,1.2173072118781487
2021-12-27,1.7891663497981634,-0.0027244236123253884,0.0024889776566190992,0.0,0.9986088617992955,0.0,0.9986088617992955,0.001391138200704467,0.0010889931834491158,0.0,0.6076315211538613,True,0,long_only,1.4671971666907249,1.2194450687453566
2021-12-28,1.7866128226895428,-0.0014272161495261226,0.0024889776566190992,0.0,0.9986068735066659,0.0,0.9986068735066659,0.001393126493334118,0.0,0.0,0.0,True,0,long_only,1.468348910164009,1.2167495139080975
2021-12-29,1.787871531371488,0.0007045223598307615,0.0024889776566190992,0.0,0.9986078543044365,0.0,0.9986078543044365,0.0013921456955634515,0.0,0.0,0.0,True,0,long_only,1.4636965306735141,1.2214769208674738
2021-12-30,1.7935065804164645,0.0031518198853213164,0.0024889776566190992,0.0,0.9986122283108427,0.0,0.9986122283108427,0.001387771689157269,0.0,0.0,0.0,True,0,long_only,1.4697954511723794,1.2202422990123405
2021-12-31,1.795586862658865,0.0011598966321701987,0.0024889776566190992,0.0,0.9986138361176615,0.0,0.9986138361176615,0.0013861638823384759,0.0,0.0,0.0,True,0,long_only,1.4786220959901437,1.2143649601397775
2022-01-04,1.8157226392475088,0.011214036484332057,0.0017873973381527467,0.0,0.9990156000153781,0.0,0.9990156000153781,0.0009843999846218532,0.0018208584104167415,0.0,1.0075708817028666,True,0,long_only,1.4830877703750842,1.2242853562121268
2022-01-05,1.8132667559230038,-0.0013525652384456244,0.0017873973381527467,0.0,0.9990142667468457,0.0,0.9990142667468457,0.0009857332531543195,0.0,0.0,0.0,True,0,long_only,1.4727457984574297,1.231215025581631
2022-01-06,1.8187721176011205,0.0030361565170338167,0.0017873973381527467,0.0,0.9990172505280593,0.0,0.9990172505280593,0.0009827494719406582,0.0,0.0,0.0,True,0,long_only,1.476212888548234,1.2320527287834295
2022-01-07,1.8315556625380176,0.007028667755121676,0.0017873973381527467,0.0,0.999024109736487,0.0,0.999024109736487,0.0009758902635129685,0.0,0.0,0.0,True,0,long_only,1.472941652452004,1.2434678994168094
2022-01-10,1.8344305040324826,0.0015696173221846355,0.0032672636679509665,0.0,0.9982189220792127,0.0,0.9982189220792127,0.0017810779207872995,0.0003931868202035667,0.0,0.2145104878356208,True,0,long_only,1.4779545659394318,1.2411954645347736
2022-01-11,1.8390885197310354,0.002539216224497709,0.0032672636679509665,0.0,0.9982234331665402,0.0,0.9982234331665402,0.0017765668334598361,0.0,0.0,0.0,True,0,long_only,1.469313270836256,1.2516653570305825
2022-01-12,1.8420629735959153,0.0016173522008147145,0.0032672636679509665,0.0,0.9982263018611287,0.0,0.9982263018611287,0.0017736981388712936,0.0,0.0,0.0,True,0,long_only,1.478827098873738,1.2456243025292237
2022-01-13,1.839990805902589,-0.0011249168584510638,0.0032672636679509665,0.0,0.9982243043511578,0.0,0.9982243043511578,0.0017756956488421682,0.0,0.0,0.0,True,0,long_only,1.4674109796155976,1.2539028475748437
2022-01-14,1.8156061175877736,-0.013252614217739822,0.0032672636679509665,0.0,0.9982004556845778,0.0,0.9982004556845778,0.0017995443154221746,0.0,0.0,0.0,True,0,long_only,1.4546208327657633,1.2481645228025822
2022-01-17,1.8193342418762732,0.002053377245419652,0.0021676328749170933,0.0,0.9988085570946648,0.0,0.9988085570946648,0.0011914429053352382,0.0014566938454790874,0.0,0.8023168649225034,True,0,long_only,1.465094616454853,1.2417861764304259
2022-01-18,1.8121333056096354,-0.003958006231560618,0.0021676328749170933,0.0,0.9988038226171293,0.0,0.9988038226171293,0.0011961773828707,0.0,0.0,0.0,True,0,long_only,1.469880163107749,1.2328442488660198
2022-01-19,1.8279687300039829,0.008738553805797578,0.0021676328749170933,0.0,0.9988141849259575,0.0,0.9988141849259575,0.0011858150740424733,0.0,0.0,0.0,True,0,long_only,1.4712335209872127,1.2424735461284195
2022-01-20,1.8224835525339984,-0.003000695460459224,0.17818767884087477,0.0,0.9022281004439678,0.0,0.9022281004439678,0.09777189955603216,0.00017619624220816584,0.0,0.09528984637508395,True,0,long_only,1.473420105462971,1.2369069390167893
2022-01-21,1.805763566395918,-0.009174286437226176,0.17818767884087477,0.0,0.9013228076162177,0.0,0.9013228076162177,0.09867719238378225,0.0,0.0,0.0,True,0,long_only,1.466799698289971,1.2310907675404617
2022-01-24,1.7995061334099978,-0.0034652559739087874,0.002512747702025761,0.0,0.9986036459363079,0.0,0.9986036459363079,0.0013963540636920957,0.0009121469696813735,0.0,0.5058339871023076,True,0,long_only,1.4697849468923936,1.2243329455882255
2022-01-25,1.7688962201555247,-0.017010174450735716,0.002512747702025761,0.0,0.9985794826890382,0.0,0.9985794826890382,0.0014205173109618219,0.0,0.0,0.0,True,0,long_only,1.4508169280199297,1.2192415086924224
2022-01-26,1.7808287716187479,0.006745761185567911,0.002512747702025761,0.0,0.9985890009516514,0.0,0.9985890009516514,0.0014109990483486268,0.0,0.0,0.0,True,0,long_only,1.4573526232575604,1.2219614822102112
2022-01-27,1.7585258854008656,-0.012523880214271865,0.002512747702025761,0.0,0.9985711056499729,0.0,0.9985711056499729,0.0014288943500271323,0.0,0.0,0.0,True,0,long_only,1.4443144398609642,1.2175505810010103
2022-01-28,1.7680262982975912,0.005402486807613904,0.002512747702025761,0.0,0.9985787837520034,0.0,0.9985787837520034,0.0014212162479966262,0.0,0.0,0.0,True,0,long_only,1.4437265390294993,1.2246268600742716
2022-02-07,1.7856434040010305,0.009964278088172351,0.0019285632109926083,0.0,0.9989199617310649,0.0,0.9989199617310649,0.0010800382689351018,0.0016081599846542035,0.0,0.9078538963792524,True,0,long_only,1.4581238407171646,1.224617110109645
2022-02-08,1.796164561994501,0.005892082355242856,0.0019285632109926083,0.0,0.9989262881298298,0.0,0.9989262881298298,0.0010737118701702464,0.0,0.0,0.0,True,0,long_only,1.4615041857861506,1.2289835222253127
2022-02-09,1.8129322635819947,0.00933528137804629,0.0019285632109926083,0.0,0.9989362188264099,0.0,0.9989362188264099,0.0010637811735900726,0.0,0.0,0.0,True,0,long_only,1.4753481491119818,1.2288165777502795
2022-02-10,1.8207699212801096,0.004323193897288302,0.0019285632109926083,0.0,0.9989407979621957,0.0,0.9989407979621957,0.0010592020378042966,0.0,0.0,0.0,True,0,long_only,1.4795640927114528,1.230612401483306
2022-02-11,1.811137473140638,-0.005290315941016477,0.0019285632109926083,0.0,0.9989351646467519,0.0,0.9989351646467519,0.0010648353532480836,0.0,0.0,0.0,True,0,long_only,1.4699492880470104,1.2321088134590912
2022-02-14,1.7610971839679004,-0.027629205355662045,0.0022737749295432003,0.0,0.9987088873060258,0.0,0.9987088873060258,0.0012911126939741946,0.0013337459636531966,0.0,0.7382922395259784,True,0,long_only,1.4256385077416542,1.235304163295676
2022-02-15,1.7283015216582833,-0.018622289904368428,0.0022737749295432003,0.0,0.9986843875903311,0.0,0.9986843875903311,0.0013156124096689314,0.0,0.0,0.0,True,0,long_only,1.4039132847967828,1.2310600237025722
2022-02-16,1.741430883620511,0.007596684836353118,0.0022737749295432003,0.0,0.9986943065320997,0.0,0.9986943065320997,0.0013056934679003263,0.0,0.0,0.0,True,0,long_only,1.4116332528908795,1.2336284088336966
2022-02-17,1.7477364613824327,0.0036209176150661104,0.0022737749295432003,0.0,0.9986990172833353,0.0,0.9986990172833353,0.0013009827166646781,0.0,0.0,0.0,True,0,long_only,1.4145409053605036,1.2355503151299907
2022-02-18,1.756550587583699,0.0050431666306798295,0.0022737749295432003,0.0,0.9987055454334105,0.0,0.9987055454334105,0.001294454566589498,0.0,0.0,0.0,True,0,long_only,1.4256676486474213,1.2320898136744545
2022-02-21,1.7699397150186094,0.007622397857227847,0.0014599771933965094,0.0,0.9991751260333852,0.0,0.9991751260333852,0.000824873966614792,0.002045199472491401,0.0,1.1650386363798166,True,0,long_only,1.431275578768885,1.2366170018362412
2022-02-22,1.7566598626043395,-0.00750299702390167,0.0014599771933965094,0.0,0.9991688902191731,0.0,0.9991688902191731,0.0008311097808268997,0.0,0.0,0.0,True,0,long_only,1.423174068117884,1.2343253730919108
2022-02-23,1.7732845107194017,0.009463783210948762,0.0014599771933965094,0.0,0.9991766819229678,0.0,0.9991766819229678,0.0008233180770321757,0.0,0.0,0.0,True,0,long_only,1.4345237732186944,1.2361485698773866
2022-02-24,1.7628112153719349,-0.005906156222623249,0.0014599771933965094,0.0,0.999171790387612,0.0,0.999171790387612,0.0008282096123880534,0.0,0.0,0.0,True,0,long_only,1.426380923143233,1.2358628657815542
2022-02-25,1.7752400792327645,0.007050592685392765,0.0014599771933965094,0.0,0.999177588873485,0.0,0.999177588873485,0.0008224111265150436,0.0,0.0,0.0,True,0,long_only,1.4314355149028626,1.240181664315652
2022-02-28,1.7715413696631679,-0.0020834982337684105,0.0020843939067923603,0.0,0.9988234009419782,0.0,0.9988234009419782,0.00117659905802181,0.0014723939632101963,0.0,0.8267685143168918,True,0,long_only,1.4335231558381094,1.2357954334036803
2022-03-01,1.783989194892629,0.007026550687793343,0.0020843939067923603,0.0,0.9988316106886971,0.0,0.9988316106886971,0.0011683893113029198,0.0,0.0,0.0,True,0,long_only,1.4378312660232628,1.240750035869484
2022-03-02,1.7873994113984157,0.001911567915068968,0.0020843939067923603,0.0,0.9988338398829607,0.0,0.9988338398829607,0.0011661601170392943,0.0,0.0,0.0,True,0,long_only,1.4337583161706953,1.246653212915431
2022-03-03,1.7861360277520608,-0.0007068278294700692,0.0020843939067923603,0.0,0.9988330150255041,0.0,0.9988330150255041,0.001166984974495855,0.0,0.0,0.0,True,0,long_only,1.4258194524356036,1.2527084159926136
2022-03-04,1.764732892971093,-0.01198292540345025,0.0020843939067923603,0.0,0.998818861531343,0.0,0.998818861531343,0.0011811384686569726,0.0,0.0,0.0,True,0,long_only,1.4098027973914147,1.2517586830132643
2022-03-07,1.732657256018938,-0.018175916072008302,0.0020690454572342204,0.0,0.9988058541583763,0.0,0.9988058541583763,0.001194145841623695,0.0014793536174780519,0.0,0.8324931641302497,True,0,long_only,1.3808699441375614,1.2547577441125997
2022-03-08,1.6848357996182126,-0.027600067026875896,0.0020690454572342204,0.0,0.9987719601769484,0.0,0.9987719601769484,0.001228039823051641,0.0,0.0,0.0,True,0,long_only,1.3545499458182462,1.2438343855976828
2022-03-09,1.6600329573118326,-0.014721222276972257,0.0020690454572342204,0.0,0.9987536118194998,0.0,0.9987536118194998,0.0012463881805001575,0.0,0.0,0.0,True,0,long_only,1.3451032096335769,1.2341305450932993
2022-03-10,1.690085877378635,0.018103809285490602,0.0020690454572342204,0.0,0.9987757749562151,0.0,0.9987757749562151,0.0012242250437849433,0.0,0.0,0.0,True,0,long_only,1.3635256836422607,1.2394969142525163
2022-03-11,1.681001550561319,-0.005375068177840725,0.0020690454572342204,0.0,0.9987691591024748,0.0,0.9987691591024748,0.0012308408975252316,0.0,0.0,0.0,True,0,long_only,1.3649237694235998,1.231571746509475
2022-03-14,1.6661100116407226,-0.008858730032475948,0.0016705096683103766,0.0,0.9989973593240309,0.0,0.9989973593240309,0.001002640675969113,0.001671782915436761,0.0,0.998763901763374,True,0,long_only,1.3562885735797705,1.228433273048385
2022-03-15,1.6296578531143375,-0.02187860241622852,0.0016705096683103766,0.0,0.998974932274822,0.0,0.998974932274822,0.0010250677251779639,0.0,0.0,0.0,True,0,long_only,1.3340537236317158,1.2215833772255391
2022-03-16,1.6472221952102115,0.010777932350835462,0.0016705096683103766,0.0,0.9989858625793363,0.0,0.9989858625793363,0.0010141374206636966,0.0,0.0,0.0,True,0,long_only,1.357771371296479,1.2131808270764672
2022-03-17,1.6726077526858782,0.015411131266615197,0.0016705096683103766,0.0,0.9990012543792004,0.0,0.9990012543792004,0.0009987456207996015,0.0,0.0,0.0,True,0,long_only,1.367586434976135,1.223036226383063
2022-03-18,1.697305648562941,0.01476610151866331,0.0016705096683103766,0.0,0.9990157873629156,0.0,0.9990157873629156,0.0009842126370843696,0.0,0.0,0.0,True,0,long_only,1.3776183612103372,1.2320579460567986
2022-03-21,1.6957556258519533,-0.0009132254478150248,0.002169152162928037,0.0,0.998720834458775,0.0,0.998720834458775,0.0012791655412249803,0.0012241815150901678,0.0,0.7204463323635203,True,0,long_only,1.3786342267392886,1.2300257696798318
2022-03-22,1.6912095866559402,-0.0026808339165786954,0.002169152162928037,0.0,0.9987173960104985,0.0,0.9987173960104985,0.0012826039895015295,0.0,0.0,0.0,True,0,long_only,1.3766285869574795,1.2285155216729329
2022-03-23,1.6876563050362539,-0.002101029729090098,0.002169152162928037,0.0,0.9987146955476331,0.0,0.9987146955476331,0.0012853044523668533,0.0,0.0,0.0,True,0,long_only,1.37167259989062,1.2303637946626849
2022-03-24,1.6731000880675808,-0.008625107449446223,0.002169152162928037,0.0,0.9987035132097605,0.0,0.9987035132097605,0.001296486790239526,0.0,0.0,0.0,True,0,long_only,1.3580465156625592,1.2319902659971218
2022-03-25,1.6516392924678673,-0.012826964598693258,0.002169152162928037,0.0,0.9986866671356026,0.0,0.9986866671356026,0.0013133328643973874,0.0,0.0,0.0,True,0,long_only,1.3465988835644616,1.2265265571110238
2022-03-28,1.6434211097712403,-0.0049757733023821915,0.0014368777739174256,0.0,0.9991256788869424,0.0,0.9991256788869424,0.00087432111305763,0.0018485305368990935,0.0,1.1234321265864422,True,0,long_only,1.34078967788456,1.225711337787265
2022-03-29,1.6359739531023016,-0.004531496294321813,0.0014368777739174256,0.0,0.9991216988686202,0.0,0.9991216988686202,0.0008783011313797662,0.0,0.0,0.0,True,0,long_only,1.3392140358866866,1.2215925977949684
2022-03-30,1.6532843484892832,0.010581094738186803,0.0014368777739174256,0.0,0.9991308949514761,0.0,0.9991308949514761,0.0008691050485238883,0.0,0.0,0.0,True,0,long_only,1.356047313987838,1.2191937046999757
2022-03-31,1.6426652483842519,-0.006423033106636833,0.0014368777739174256,0.0,0.9991252765739514,0.0,0.9991252765739514,0.0008747234260485515,0.0,0.0,0.0,True,0,long_only,1.3550412750433896,1.212262149233537
2022-04-01,1.658876110993928,0.009868634297597323,0.0014368777739174256,0.0,0.9991338245427763,0.0,0.9991338245427763,0.0008661754572236724,0.0,0.0,0.0,True,0,long_only,1.3690983735986104,1.2116558919237121
2022-04-06,1.666073950531645,0.004338985587901689,0.0016474045297411794,0.0,0.9990112056375315,0.0,0.9990112056375315,0.0009887943624684592,0.0016659992791444552,0.0,1.0041723402359226,True,0,long_only,1.3723065840149256,1.2140683211307282
2022-04-07,1.6497742836451925,-0.00978327935638823,0.0016474045297411794,0.0,0.999001436410985,0.0,0.999001436410985,0.0009985635890149558,0.0,0.0,0.0,True,0,long_only,1.3616261032035344,1.2116206348892138
2022-04-08,1.6501825608336103,0.0002474745742282458,0.0016474045297411794,0.0,0.9990016834689436,0.0,0.9990016834689436,0.0009983165310564202,0.0,0.0,0.0,True,0,long_only,1.3622201032943455,1.2113920186927696
2022-04-11,1.6201275391280292,-0.01821314951383224,0.005525053182942444,0.0,0.9965897418261798,0.0,0.9965897418261798,0.0034102581738202353,0.0012536848992571832,0.0,0.7598896254417886,True,0,long_only,1.3489379495238851,1.2010393359456317
2022-04-12,1.6139643636265228,-0.003804129830928815,0.005525053182942444,0.0,0.9965767192216514,0.0,0.9965767192216514,0.0034232807783486363,0.0,0.0,0.0,True,0,long_only,1.352756763570344,1.1930928065491768
2022-04-13,1.6061363109028173,-0.004850201714563518,0.005525053182942444,0.0,0.996560034696036,0.0,0.996560034696036,0.0034399653039639544,0.0,0.0,0.0,True,0,long_only,1.347725213457135,1.1917387126585068
2022-04-14,1.614997864644649,0.00551731112837528,0.10060630115629365,0.0,0.9377049943168624,0.0,0.9377049943168624,0.062295005683137616,9.517642439774897e-05,0.0,0.05917856684931831,True,0,long_only,1.353192860613626,1.1934720553523341
2022-04-15,1.6176947289683887,0.001669887238106682,0.10060630115629365,0.0,0.9378088465303644,0.0,0.9378088465303644,0.06219115346963555,0.0,0.0,0.0,True,0,long_only,1.3518903298953842,1.1966168358446456
2022-04-18,1.625467263928331,0.004804698204647684,0.0015001627635306504,0.0,0.9990770882952726,0.0,0.9990770882952726,0.0009229117047273583,0.0015281953872891031,0.0,0.9458633289753683,True,0,long_only,1.3539711938758017,1.2005183502282348
2022-04-19,1.6313242275528903,0.0036032492038040598,0.0015001627635306504,0.0,0.9990804018366226,0.0,0.9990804018366226,0.0009195981633773886,0.0,0.0,0.0,True,0,long_only,1.3566457190992884,1.2024688572606619
2022-04-20,1.6239147895196047,-0.004541977559176069,0.10103636388196988,0.0,0.9377822256844776,0.0,0.9377822256844776,0.062217774315522445,9.963583695539463e-05,0.0,0.060905484401772014,True,0,long_only,1.347800437655743,1.2048629338213548
2022-04-21,1.6014429878576768,-0.013838042369560322,0.10103636388196988,0.0,0.9369091721353561,0.0,0.9369091721353561,0.06309082786464393,0.0,0.0,0.0,True,0,long_only,1.334935405455042,1.1996408075728502
2022-04-22,1.5963600355624852,-0.003173982672958764,0.10103636388196988,0.0,0.9367082853296504,0.0,0.9367082853296504,0.06329171467034955,0.0,0.0,0.0,True,0,long_only,1.335595819703183,1.1952418628543278
2022-04-25,1.5457500704906189,-0.03170335259240786,0.001605993593413834,0.0,0.9989610263495546,0.0,0.9989610263495546,0.0010389736504453628,0.001497727584618347,0.0,0.933785760531694,True,0,long_only,1.308839385492844,1.1810082181386725
2022-04-26,1.533577021504348,-0.007875172848872736,0.001605993593413834,0.0,0.9989527793055751,0.0,0.9989527793055751,0.0010472206944248663,0.0,0.0,0.0,True,0,long_only,1.3025388505877993,1.1773752627895036
2022-04-27,1.5710905927855863,0.02446148498263212,0.001605993593413834,0.0,0.9989777842214901,0.0,0.9989777842214901,0.0010222157785099162,0.0,0.0,0.0,True,0,long_only,1.3188960476121738,1.1912163931569921
2022-04-28,1.5717597086212065,0.00042589258613889847,0.001605993593413834,0.0,0.9989782193902764,0.0,0.9989782193902764,0.001021780609723577,0.0,0.0,0.0,True,0,long_only,1.3203124311715526,1.1904452851561333
2022-04-29,1.607743131106586,0.02289371733351353,0.001605993593413834,0.0,0.9990010881947862,0.0,0.9990010881947862,0.0009989118052138313,0.0,0.0,0.0,True,0,long_only,1.336081388516721,1.2033272410833113
2022-05-05,1.623844885043362,0.010015128427694364,0.001281229180580296,0.0,0.999210990413936,0.0,0.999210990413936,0.0007890095860639823,0.0019354713353611356,0.0,1.201587701943419,True,0,long_only,1.3414602575649452,1.2105053995345407
2022-05-06,1.6100978851556573,-0.008465710003660587,0.11550999943635,0.0,0.9282590204599995,0.0,0.9282590204599995,0.07174097954000047,0.00011434311336913884,0.0,0.07100558713854269,True,0,long_only,1.3322147969387141,1.2085873005280294
2022-05-09,1.6093082625830077,-0.0004904189862798836,0.0016085088255186274,0.0,0.9990004967581929,0.0,0.9990004967581929,0.000999503241807087,0.0014861179442162045,0.0,0.9249990188030456,True,0,long_only,1.331942702202307,1.208241360474508
2022-05-10,1.6198072520237792,0.006523914457457591,0.0016085088255186274,0.0,0.9990069751672559,0.0,0.9990069751672559,0.000993024832744105,0.0,0.0,0.0,True,0,long_only,1.3382899980956757,1.210355942530161
2022-05-11,1.6443866043767206,0.015174245159250921,0.0016085088255186274,0.0,0.9990218183356411,0.0,0.9990218183356411,0.0009781816643589236,0.0,0.0,0.0,True,0,long_only,1.3473321500770201,1.2204760379856736
2022-05-12,1.646321622626748,0.0011767416767305416,0.0016085088255186274,0.0,0.9990229680498564,0.0,0.9990229680498564,0.0009770319501436475,0.0,0.0,0.0,True,0,long_only,1.346948574433667,1.2222601915733529
2022-05-13,1.6542424135155585,0.004811205040344824,0.0016085088255186274,0.0,0.9990276462431523,0.0,0.9990276462431523,0.000972353756847677,0.0,0.0,0.0,True,0,long_only,1.3532636797915951,1.2224095261097339
2022-05-16,1.6514586372227542,-0.0016828103729296107,0.0021925128531312802,0.0,0.9986723779792521,0.0,0.9986723779792521,0.0013276220207478762,0.001127837587103289,0.0,0.6783415680436915,True,0,long_only,1.3541406177465405,1.2195621455997592
2022-05-17,1.6580102108191763,0.003967143620042357,0.0021925128531312802,0.0,0.9986776240346265,0.0,0.9986776240346265,0.0013223759653735456,0.0,0.0,0.0,True,0,long_only,1.3599027235903764,1.2192123613384236
2022-05-18,1.6584257973400243,0.0002506537765183392,0.0021925128531312802,0.0,0.9986779554100956,0.0,0.9986779554100956,0.0013220445899043698,0.0,0.0,0.0,True,0,long_only,1.3594229151884436,1.2199483904610604
2022-05-19,1.6687889626063714,0.006248796468897755,0.0021925128531312802,0.0,0.9986861652957563,0.0,0.9986861652957563,0.0013138347042437326,0.0,0.0,0.0,True,0,long_only,1.360286638081471,1.2267921450437884
2022-05-20,1.6798566696357857,0.006632178949774747,0.0021925128531312802,0.0,0.9986948214733067,0.0,0.9986948214733067,0.001305178526693318,0.0,0.0,0.0,True,0,long_only,1.3665983549619847,1.2292248585960834
2022-05-23,1.6915532481891695,0.006962843178709877,0.0021166597119907675,0.0,0.9987486886893707,0.0,0.9987486886893707,0.0012513113106292773,0.0012410754010752085,0.0,0.7380137382659192,True,0,long_only,1.3696242652933845,1.2350491233643741
2022-05-24,1.6495964287858074,-0.024803723706763203,0.15383962212771204,0.0,0.9067410553010554,0.0,0.9067410553010554,0.09325894469894458,0.00015187483725297426,0.0,0.08982497327104091,True,0,long_only,1.3528784099095346,1.2193234933035217
2022-05-25,1.6675055656562412,0.010856677765491929,0.15383962212771204,0.0,0.9077426634752077,0.0,0.9077426634752077,0.09225733652479229,0.0,0.0,0.0,True,0,long_only,1.3592761941163833,1.2267599277277321
2022-05-26,1.6697294074985292,0.001333633834926795,0.15383962212771204,0.0,0.9078655371122776,0.0,0.9078655371122776,0.09213446288772242,0.0,0.0,0.0,True,0,long_only,1.3629025426456824,1.2251275166434357
2022-05-27,1.6740581573416236,0.002592485838516456,0.15383962212771204,0.0,0.9081037767696155,0.0,0.9081037767696155,0.09189622323038449,0.0,0.0,0.0,True,0,long_only,1.3632800190296892,1.2279635393857895
2022-05-30,1.6760994581132058,0.0012193726739004873,0.0015060284130088402,0.0,0.9991014683491968,0.0,0.9991014683491968,0.0008985316508032248,0.0016856517203653375,0.0,1.0067464771241055,True,0,long_only,1.3628293515335232,1.229867449088307
2022-05-31,1.6928695315209834,0.010005416639568443,0.0015060284130088402,0.0,0.9991103694732719,0.0,0.9991103694732719,0.0008896305267280802,0.0,0.0,0.0,True,0,long_only,1.366221556273461,1.23908858248328
2022-06-01,1.6848652464951646,-0.004728235033344519,0.0015060284130088402,0.0,0.9991061431077994,0.0,0.9991061431077994,0.0008938568922005619,0.0,0.0,0.0,True,0,long_only,1.3648620991346507,1.234458226632128
2022-06-02,1.6811231710657124,-0.0022209938968331677,0.0015060284130088402,0.0,0.9991041534380528,0.0,0.9991041534380528,0.0008958465619471889,0.0,0.0,0.0,True,0,long_only,1.3673119683055377,1.2295095852551265
2022-06-06,1.6992777504548142,0.010799077486745468,0.0021151324610566664,0.0,0.9987552756101876,0.0,0.9987552756101876,0.0012447243898123794,0.0012464142913576504,0.0,0.7404996355594394,True,0,long_only,1.3768064820217556,1.2342168435752345
2022-06-07,1.71520403899762,0.009372386908816477,0.0021151324610566664,0.0,0.9987668333253852,0.0,0.9987668333253852,0.0012331666746148162,0.0,0.0,0.0,True,0,long_only,1.378680648879871,1.244090892543652
2022-06-08,1.7132817036454664,-0.0011207619084647735,0.0021151324610566664,0.0,0.9987654496884218,0.0,0.9987654496884218,0.001234550311578153,0.0,0.0,0.0,True,0,long_only,1.3808397866885698,1.2407534314709563
2022-06-09,1.7030746460489614,-0.00595760613960139,0.18137374895372305,0.0,0.8935021730406826,0.0,0.8935021730406826,0.10649782695931742,0.0001794380545472136,0.0,0.10474961461932301,True,0,long_only,1.3789554543982099,1.2350468904684093
2022-06-10,1.7200290652774937,0.009955182685541963,0.18137374895372305,0.0,0.8945519278626481,0.0,0.8945519278626481,0.10544807213735186,0.0,0.0,0.0,True,0,long_only,1.3873842919674788,1.2397639754435192
2022-06-13,1.7293927443290027,0.005443907455132679,0.17389557136685796,0.0,0.8994470331062198,0.0,0.8994470331062198,0.10055296689378024,0.0013977194312816096,0.0,0.8109442222493161,True,0,long_only,1.3861891759832854,1.2475878287696682
2022-06-14,1.7234081443509681,-0.003460521039919451,0.17389557136685796,0.0,0.899097859124748,0.0,0.899097859124748,0.10090214087525196,0.0,0.0,0.0,True,0,long_only,1.3854084707869196,1.2439711324791185
2022-06-15,1.734114849320741,0.00621251849416371,0.17389557136685796,0.0,0.8997208452283461,0.0,0.8997208452283461,0.10027915477165394,0.0,0.0,0.0,True,0,long_only,1.3938983009496546,1.244075588684841
2022-06-16,1.7272276947751788,-0.003971567712634405,0.17389557136685796,0.0,0.8993209917297599,0.0,0.8993209917297599,0.10067900827024012,0.0,0.0,0.0,True,0,long_only,1.3955986389163921,1.2376249493309044
2022-06-17,1.7352416420413912,0.004639774646072681,0.17389557136685796,0.0,0.8997859622811484,0.0,0.8997859622811484,0.10021403771885162,0.0,0.0,0.0,True,0,long_only,1.4007613231055531,1.2387846618967746
2022-06-20,1.7238209033805265,-0.00658164164815056,0.1737014069600936,0.0,0.8992346556307249,0.0,0.8992346556307249,0.10076534436927509,0.0020813894566485244,0.0,1.2042897140732807,True,0,long_only,1.3961946720936522,1.2346565545874668
2022-06-21,1.7143323966655195,-0.005504346012047634,0.34417399296424867,0.0,0.7992373044844232,0.0,0.7992373044844232,0.2007626955155768,0.00017064322923338843,0.0,0.09891613157799742,True,0,long_only,1.392065134668258,1.2315030051191254
2022-06-22,1.7132360727518752,-0.0006395048683538462,0.34417399296424867,0.0,0.7991088336055047,0.0,0.7991088336055047,0.20089116639449534,0.0,0.0,0.0,True,0,long_only,1.3900018907703975,1.232542260645651
2022-06-23,1.7225488411935514,0.005435776534122194,0.34417399296424867,0.0,0.800194929320105,0.0,0.800194929320105,0.19980507067989495,0.0,0.0,0.0,True,0,long_only,1.3968632186875884,1.23315498478939
2022-06-24,1.7233351696547279,0.00045649124272828523,0.34417399296424867,0.0,0.8002860969678903,0.0,0.8002860969678903,0.19971390303210967,0.0,0.0,0.0,True,0,long_only,1.4042318016737723,1.2272440829217803
2022-06-27,1.7353022476360218,0.006944138431116409,0.1737408648649753,0.0,0.8998786147475692,0.0,0.8998786147475692,0.10012138525243075,0.0015608685779565144,0.0,0.904803520743668,True,0,long_only,1.414551070792748,1.22675121702288
2022-06-28,1.7387616405743105,0.001993539133025024,0.1737408648649753,0.0,0.9000778135365415,0.0,0.9000778135365415,0.09992218646345852,0.0,0.0,0.0,True,0,long_only,1.422566852965155,1.222270599761332
2022-06-29,1.7210424634415424,-0.01019068785467081,0.1737408648649753,0.0,0.8990490539567814,0.0,0.8990490539567814,0.10095094604321864,0.0,0.0,0.0,True,0,long_only,1.4112811900874838,1.2194894082977588
2022-06-30,1.7270341755429321,0.003481443502218129,0.1737408648649753,0.0,0.8993992896461612,0.0,0.8993992896461612,0.10060071035383877,0.0,0.0,0.0,True,0,long_only,1.418474249943582,1.2175294515297848
2022-07-01,1.7283369445126098,0.0007543388475610424,0.1737408648649753,0.0,0.8994751194686924,0.0,0.8994751194686924,0.10052488053130759,0.0,0.0,0.0,True,0,long_only,1.4185542180105708,1.2183791938079667
2022-07-04,1.7326318019892204,0.002484965382616222,0.17401905501850737,0.0,0.8995637418067026,0.0,0.8995637418067026,0.10043625819329738,0.00207607703060144,0.0,1.199088218971041,True,0,long_only,1.4260864644558884,1.2149556462204358
2022-07-05,1.7265473147006034,-0.0035117024180389977,0.17401905501850737,0.0,0.8992097966057283,0.0,0.8992097966057283,0.1007902033942717,0.0,0.0,0.0,True,0,long_only,1.4250736485566102,1.211549533913101
2022-07-06,1.7086190279472677,-0.010383895419885825,0.17401905501850737,0.0,0.8981522199085108,0.0,0.8981522199085108,0.1018477800914892,0.0,0.0,0.0,True,0,long_only,1.414736081659595,1.207729872799261
2022-07-07,1.7079796745764981,-0.0003741930531686588,0.17401905501850737,0.0,0.8981140949106106,0.0,0.8981140949106106,0.10188590508938944,0.0,0.0,0.0,True,0,long_only,1.4217451471920703,1.201326185603473
2022-07-08,1.7140457000940634,0.0035515794525304845,0.17401905501850737,0.0,0.8984746701858897,0.0,0.8984746701858897,0.10152532981411033,0.0,0.0,0.0,True,0,long_only,1.4210810056187733,1.2061562242524846
2022-07-11,1.6980459793616285,-0.009334477331355284,0.17265655474695835,0.0,0.8983204478291761,0.0,0.8983204478291761,0.10167955217082392,0.0017160368234221055,0.0,1.0009191053442614,True,0,long_only,1.411153105641205,1.2033038602073332
2022-07-12,1.689234623048435,-0.0051891152655983985,0.17265655474695835,0.0,0.8977900687144464,0.0,0.8977900687144464,0.10220993128555356,0.0,0.0,0.0,True,0,long_only,1.4046207988809891,1.202626804611029
2022-07-13,1.6956795788673498,0.0038153112249641463,0.17265655474695835,0.0,0.8981785492384791,0.0,0.8981785492384791,0.10182145076152094,0.0,0.0,0.0,True,0,long_only,1.4069930719190777,1.2051797643569886
2022-07-14,1.6965340199333994,0.0005038929976501905,0.17265655474695835,0.0,0.8982298305142525,0.0,0.8982298305142525,0.10177016948574746,0.0,0.0,0.0,True,0,long_only,1.412714854881678,1.2009033628201586
2022-07-15,1.6864442073207744,-0.0059473093342513605,0.17265655474695835,0.0,0.8976209506383522,0.0,0.8976209506383522,0.10237904936164777,0.0,0.0,0.0,True,0,long_only,1.4100525281768839,1.1960151651238475
2022-07-18,1.7007044405239562,0.008455798977089701,0.0010092437511196768,0.0,0.9994065731075479,0.0,0.9994065731075479,0.0005934268924521202,0.0021901372156255825,0.0,1.2977679960952266,True,0,long_only,1.4191600777723337,1.198388023424084
2022-07-19,1.708679843401351,0.004689470249714667,0.0010092437511196768,0.0,0.9994093429760893,0.0,0.9994093429760893,0.0005906570239107012,0.0,0.0,0.0,True,0,long_only,1.4204534596015557,1.202911529308848
2022-07-20,1.7222283020674056,0.007929196752906265,0.0010092437511196768,0.0,0.9994139895681031,0.0,0.9994139895681031,0.0005860104318968773,0.0,0.0,0.0,True,0,long_only,1.4251603935784287,1.2084452457614756
2022-07-21,1.7183656628942063,-0.0022428148280703164,0.0010092437511196768,0.0,0.9994126723008304,0.0,0.9994126723008304,0.0005873276991695819,0.0,0.0,0.0,True,0,long_only,1.4214862675175812,1.2088513988215177
2022-07-22,1.7128474840810968,-0.0032112948554939846,0.0010092437511196768,0.0,0.9994107801421321,0.0,0.9994107801421321,0.000589219857867862,0.0,0.0,0.0,True,0,long_only,1.4179212504294896,1.2079990222040002
2022-07-25,1.7155603279485319,0.001583821030563426,0.17324002061921218,0.0,0.899018403610223,0.0,0.899018403610223,0.100981596389777,0.0012018911908129426,0.0,0.7013780362386753,True,0,long_only,1.4128263357886242,1.2142754452484954
2022-07-26,1.7218426057186578,0.003661939290493077,0.17324002061921218,0.0,0.8993868428834088,0.0,0.8993868428834088,0.10061315711659125,0.0,0.0,0.0,True,0,long_only,1.4217417587146557,1.2110797162455946
2022-07-27,1.732081514374202,0.00594648350641247,0.17324002061921218,0.0,0.899981600645508,0.0,0.899981600645508,0.10001839935449197,0.0,0.0,0.0,True,0,long_only,1.4282093455562492,1.212764445046817
2022-07-28,1.7403119673957537,0.004751770025399171,0.17324002061921218,0.0,0.9004546174106629,0.0,0.9004546174106629,0.0995453825893371,0.0,0.0,0.0,True,0,long_only,1.4317889330972242,1.2154808066794713
2022-07-29,1.7342030943781415,-0.0035102172093625095,0.17324002061921218,0.0,0.9001039606140633,0.0,0.9001039606140633,0.09989603938593672,0.0,0.0,0.0,True,0,long_only,1.4330707941032361,1.2101307915240453
2022-08-01,1.7467851375495835,0.007255230493031561,0.34815070798203723,0.0,0.8006905941102589,0.0,0.8006905941102589,0.1993094058897411,0.001571613106408295,0.0,0.905602208474853,True,0,long_only,1.4382060316253376,1.2145583450067416
2022-08-02,1.7338516577118592,-0.007404161828321709,0.34815070798203723,0.0,0.7992038670473764,0.0,0.7992038670473764,0.20079613295262355,0.0,0.0,0.0,True,0,long_only,1.4287681054819465,1.2135290891918413
2022-08-03,1.7254906586225205,-0.0048222113190310445,0.34815070798203723,0.0,0.7982308937795294,0.0,0.7982308937795294,0.20176910622047062,0.0,0.0,0.0,True,0,long_only,1.4220087707349405,1.2134177328109803
2022-08-04,1.7288947210108139,0.001972808355283018,0.34815070798203723,0.0,0.7986281618244009,0.0,0.7986281618244009,0.20137183817559912,0.0,0.0,0.0,True,0,long_only,1.4246548327481432,1.2135534034414466
2022-08-05,1.7333996968415346,0.0026056970247945177,0.34815070798203723,0.0,0.7991515121316738,0.0,0.7991515121316738,0.2008484878683262,0.0,0.0,0.0,True,0,long_only,1.4282564453923146,1.213647382746733
2022-08-08,1.735562688079385,0.001247831785012865,0.3481631115822795,0.0,0.7993946781792336,0.0,0.7993946781792336,0.2006053218207664,0.0010527490026465778,0.0,0.6072563584087974,True,0,long_only,1.4361976810615966,1.2084427589358773
2022-08-09,1.7355839486701112,1.2249969921551696e-05,0.3481631115822795,0.0,0.7993971355582891,0.0,0.7993971355582891,0.20060286444171094,0.0,0.0,0.0,True,0,long_only,1.4379786647908057,1.2069608480057668
2022-08-10,1.7366241854185382,0.0005993583596024532,0.3481631115822795,0.0,0.7995172965425621,0.0,0.7995172965425621,0.2004827034574379,0.0,0.0,0.0,True,0,long_only,1.4362488470705597,1.2091387846616122
2022-08-11,1.7461383063992262,0.0054785146150633235,0.3481631115822795,0.0,0.8006096594374366,0.0,0.8006096594374366,0.19939034056256344,0.0,0.0,0.0,True,0,long_only,1.4442090582133642,1.209062009733812
2022-08-12,1.7565298237764317,0.00595114220856563,0.3481631115822795,0.0,0.8017892398583076,0.0,0.8017892398583076,0.19821076014169237,0.0,0.0,0.0,True,0,long_only,1.4449016629969458,1.215674304182834
2022-08-15,1.7631149841925644,0.0037489602094968877,0.35326587283181465,0.0,0.7996353748909937,0.0,0.7996353748909937,0.20036462510900632,0.0007116892632152138,0.0,0.4050051180372322,True,0,long_only,1.4518026360998897,1.2144315903220713
2022-08-16,1.7639314446655654,0.00046307840402981526,0.35326587283181465,0.0,0.7997281164751885,0.0,0.7997281164751885,0.2002718835248115,0.0,0.0,0.0,True,0,long_only,1.456252045793239,1.2112816938256932
2022-08-17,1.7645925698579938,0.00037480209019902233,0.35326587283181465,0.0,0.7998031506727675,0.0,0.7998031506727675,0.20019684932723247,0.0,0.0,0.0,True,0,long_only,1.4593548745619547,1.2091593351395495
2022-08-18,1.7533380712851414,-0.0063779587226519,0.35326587283181465,0.0,0.7985181074789063,0.0,0.7985181074789063,0.20148189252109372,0.0,0.0,0.0,True,0,long_only,1.4495052484126678,1.2096113989274593
2022-08-19,1.7423645909589491,-0.0062586220569254,0.35326587283181465,0.0,0.7972491666411867,0.0,0.7972491666411867,0.20275083335881328,0.0,0.0,0.0,True,0,long_only,1.4406565784917076,1.2094239647196934
2022-08-22,1.7568619981308955,0.008320535924095651,0.3495866702785731,0.0,0.8010164311992096,0.0,0.8010164311992096,0.19898356880079038,0.0010451896984645457,0.0,0.6004561182619865,True,0,long_only,1.4462252022751594,1.214791441448435
2022-08-23,1.7628806634261607,0.0034258042473844785,0.3495866702785731,0.0,0.8016957826293521,0.0,0.8016957826293521,0.19830421737064785,0.0,0.0,0.0,True,0,long_only,1.4469886262367095,1.218309965580735
2022-08-24,1.741152075288611,-0.012325614880431046,0.3495866702785731,0.0,0.7992210587230721,0.0,0.7992210587230721,0.20077894127692786,0.0,0.0,0.0,True,0,long_only,1.426473089728915,1.2205993143687675
2022-08-25,1.7352823417123597,-0.003371178003092168,0.3495866702785731,0.0,0.7985419076335414,0.0,0.7985419076335414,0.20145809236645862,0.0,0.0,0.0,True,0,long_only,1.4214178202738026,1.2208108811933276
2022-08-26,1.7342302340874343,-0.0006063034237340226,0.3495866702785731,0.0,0.7984196888007039,0.0,0.7984196888007039,0.2015803111992961,0.0,0.0,0.0,True,0,long_only,1.4202206712031604,1.2210991356844962
2022-08-29,1.7263042614588293,-0.004570311641911684,0.17427918091997596,0.0,0.8990449222591272,0.0,0.8990449222591272,0.10095507774087276,0.0015538670848515368,0.0,0.8980030898546195,True,0,long_only,1.4153446522032898,1.2197059272958455
2022-08-30,1.725161141965538,-0.0006621772991078911,0.3469083016759226,0.0,0.7989125228726879,0.0,0.7989125228726879,0.20108747712731212,0.00017280192267862528,0.0,0.09992111883316705,True,0,long_only,1.4121252598115057,1.2216771352109494
2022-08-31,1.70586558910499,-0.01118478291167857,0.3469083016759226,0.0,0.7966379626322531,0.0,0.7966379626322531,0.20336203736774694,0.0,0.0,0.0,True,0,long_only,1.396809680744435,1.2212584238361253
2022-09-01,1.7061485195032602,0.00016585738060337363,0.3469083016759226,0.0,0.7966716861337934,0.0,0.7966716861337934,0.20332831386620664,0.0,0.0,0.0,True,0,long_only,1.395298758665184,1.2227836575554982
2022-09-02,1.7136485759428073,0.004395898923108321,0.3469083016759226,0.0,0.7975615849445314,0.0,0.7975615849445314,0.20243841505546856,0.0,0.0,0.0,True,0,long_only,1.4017219564526435,1.2225310219721182
2022-09-05,1.7250226307727927,0.006637332175138511,0.001053393277063733,0.0,0.9993893452420437,0.0,0.9993893452420437,0.0006106547579562971,0.002026306271266659,0.0,1.1816273301803,True,0,long_only,1.4079842015629014,1.225171865464094
2022-09-06,1.7521757265110591,0.01574071855863246,0.001053393277063733,0.0,0.999398808429357,0.0,0.999398808429357,0.0006011915706429782,0.0,0.0,0.0,True,0,long_only,1.4210372942601226,1.233025856244925
2022-09-07,1.7577994973933322,0.003209592963298924,0.001053393277063733,0.0,0.9994007318362386,0.0,0.9994007318362386,0.000599268163761435,0.0,0.0,0.0,True,0,long_only,1.4248899930807293,1.2336387411864864
2022-09-08,1.7453427459705986,-0.007086559895600031,0.001053393277063733,0.0,0.9993964547768651,0.0,0.9993964547768651,0.0006035452231348826,0.0,0.0,0.0,True,0,long_only,1.4176471226066338,1.2311545786947526
2022-09-09,1.7436648828237589,-0.0009613373365853217,0.001053393277063733,0.0,0.999395874007993,0.0,0.999395874007993,0.0006041259920069875,0.0,0.0,0.0,True,0,long_only,1.4182841563606128,1.22941857243762
2022-09-13,1.7399984363052594,-0.0021027242990417916,0.0018587013513754354,0.0,0.9989317798725599,0.0,0.9989317798725599,0.0010682201274401226,0.0016258493655335984,0.0,0.9319621961758691,True,0,long_only,1.418701955625855,1.2264721489988117
2022-09-14,1.732872664623274,-0.004095274761922396,0.0018587013513754354,0.0,0.9989273872285478,0.0,0.9989273872285478,0.0010726127714522082,0.0,0.0,0.0,True,0,long_only,1.4128422616324736,1.2265153100821178
2022-09-15,1.721914096614684,-0.006323931488048773,0.0018587013513754354,0.0,0.9989205609298225,0.0,0.9989205609298225,0.0010794390701774903,0.0,0.0,0.0,True,0,long_only,1.4016674019662656,1.2284755243641785
2022-09-16,1.6954889554429926,-0.015346376003102513,0.0018587013513754354,0.0,0.998903737269766,0.0,0.998903737269766,0.001096262730233999,0.0,0.0,0.0,True,0,long_only,1.3898209460764483,1.2199333735971272
2022-09-19,1.6834590482350447,-0.0070952436282929465,0.0014505562267538626,0.0,0.9991383477796656,0.0,0.9991383477796656,0.0008616522203344079,0.0019356024263061788,0.0,1.1414757452777695,True,0,long_only,1.3866371326975195,1.2140588251521127
2022-09-20,1.695277267953468,0.00702020030176187,0.0014505562267538626,0.0,0.999144354581888,0.0,0.999144354581888,0.0008556454181120055,0.0,0.0,0.0,True,0,long_only,1.3915084078290094,1.21830185029093
2022-09-21,1.708448562311852,0.007769404219219123,0.0014505562267538626,0.0,0.999150951185331,0.0,0.999150951185331,0.0008490488146689623,0.0,0.0,0.0,True,0,long_only,1.3950192092784643,1.2246774459797585
2022-09-22,1.7088192821365167,0.0002169920902759248,0.0014505562267538626,0.0,0.9991511353822388,0.0,0.9991511353822388,0.0008488646177612358,0.0,0.0,0.0,True,0,long_only,1.3917679651989816,1.2278047238227718
2022-09-23,1.6880188948484716,-0.012172373934146274,0.0014505562267538626,0.0,0.9991406753614069,0.0,0.9991406753614069,0.000859324638593062,0.0,0.0,0.0,True,0,long_only,1.3846677496240485,1.219078652844183
2022-09-26,1.675395966382648,-0.007477954485193394,0.0012108547451114137,0.0,0.9992772724959308,0.0,0.9992772724959308,0.0007227275040692094,0.0021598525098491493,0.0,1.2797121979852273,True,0,long_only,1.3779558535608492,1.2158560537720915
2022-09-27,1.686789011212098,0.006800210253608663,0.0012108547451114137,0.0,0.9992821539996628,0.0,0.9992821539996628,0.0007178460003371967,0.0,0.0,0.0,True,0,long_only,1.3830500905062317,1.2196152711972204
2022-09-28,1.6567936793380682,-0.017782503724325105,0.0012108547451114137,0.0,0.9992691577954382,0.0,0.9992691577954382,0.0007308422045617657,0.0,0.0,0.0,True,0,long_only,1.3719487607999248,1.2076206682617379
2022-09-29,1.6563159757905868,-0.0002883301363585389,0.0012108547451114137,0.0,0.9992689470108301,0.0,0.9992689470108301,0.0007310529891698669,0.0,0.0,0.0,True,0,long_only,1.3665732802291153,1.2120213381553122
2022-09-30,1.6511995221148712,-0.003089056526954792,0.0012108547451114137,0.0,0.9992666817493016,0.0,0.9992666817493016,0.0007333182506984448,0.0,0.0,0.0,True,0,long_only,1.3643524721314675,1.2102440944276482
2022-10-10,1.627978298060905,-0.014063245381893297,0.0021149556609620776,0.0,0.9987008698681787,0.0,0.9987008698681787,0.0012991301318212578,0.0011770565246416406,0.0,0.7141217351558564,True,0,long_only,1.35755383104645,1.1991998113297668
2022-10-11,1.6485261196778915,0.012621680302164373,0.0021149556609620776,0.0,0.998717062692719,0.0,0.998717062692719,0.001282937307281018,0.0,0.0,0.0,True,0,long_only,1.3634338559043204,1.2090987124450412
2022-10-12,1.6856584225028723,0.022524546248764432,0.0021149556609620776,0.0,0.9987453237069099,0.0,0.9987453237069099,0.0012546762930900623,0.0,0.0,0.0,True,0,long_only,1.378552903281334,1.2227738366010785
2022-10-13,1.696282392928855,0.006302564199340166,0.0021149556609620776,0.0,0.9987531818582929,0.0,0.9987531818582929,0.001246818141707129,0.0,0.0,0.0,True,0,long_only,1.3814395471909862,1.227909246103508
2022-10-14,1.7197721901569818,0.013847810556807394,0.0021149556609620776,0.0,0.998770211733236,0.0,0.998770211733236,0.0012297882667640092,0.0,0.0,0.0,True,0,long_only,1.3929207252154903,1.2346518786206777
2022-10-17,1.718408828190793,-0.0007927573047127323,0.001693652026694559,0.0,0.9990144068169868,0.0,0.9990144068169868,0.000985593183013167,0.0017339674250241575,0.0,1.0101285121252492,True,0,long_only,1.3925771336056316,1.2339774844223708
2022-10-18,1.7152132481266473,-0.0018596157164241234,0.001693652026694559,0.0,0.9990125705777143,0.0,0.9990125705777143,0.0009874294222856905,0.0,0.0,0.0,True,0,long_only,1.3921288380436558,1.2320793889572883
2022-10-19,1.7079513085812865,-0.0042338406336893675,0.001693652026694559,0.0,0.9990083721835716,0.0,0.9990083721835716,0.0009916278164283643,0.0,0.0,0.0,True,0,long_only,1.3866364550020365,1.2317224910827678
2022-10-20,1.683605907711199,-0.014254153937392045,0.001693652026694559,0.0,0.9989940329747375,0.0,0.9989940329747375,0.0010059670252624553,0.0,0.0,0.0,True,0,long_only,1.3784776790827258,1.221351591874533
2022-10-21,1.6826646260159912,-0.0005590867143530076,0.001693652026694559,0.0,0.9989934702373197,0.0,0.9989934702373197,0.0010065297626803416,0.0,0.0,0.0,True,0,long_only,1.3778060828591159,1.2212637518076974
2022-10-24,1.6659332016491013,-0.009943410058191215,0.0024011226695937657,0.0,0.9985586921088933,0.0,0.9985586921088933,0.0014413078911067467,0.0009621186571375866,0.0,0.5712787848775097,True,0,long_only,1.364702163000673,1.220730241964363
2022-10-25,1.6588190175808952,-0.004270389749819303,0.0024011226695937657,0.0,0.9985525107657041,0.0,0.9985525107657041,0.00144748923429594,0.0,0.0,0.0,True,0,long_only,1.359795986551811,1.2199028633606654
2022-10-26,1.6812574299330303,0.013526739273135302,0.0024011226695937657,0.0,0.9985718292589557,0.0,0.9985718292589557,0.0014281707410442879,0.0,0.0,0.0,True,0,long_only,1.3660680582465714,1.2307274295623476
2022-10-27,1.6889597227934667,0.004581269187754922,0.0024011226695937657,0.0,0.9985783422557749,0.0,0.9985783422557749,0.001421657744225091,0.0,0.0,0.0,True,0,long_only,1.366921615707355,1.2355936897811535
2022-10-28,1.6599585936688606,-0.017171001021054177,0.0024011226695937657,0.0,0.9985535044797191,0.0,0.9985535044797191,0.001446495520280866,0.0,0.0,0.0,True,0,long_only,1.353785844161213,1.226160401091613
2022-10-31,1.648082746523032,-0.00715430324052857,0.0022699711554290533,0.0,0.9986226594749457,0.0,0.9986226594749457,0.001377340525054338,0.0010327066257610554,0.0,0.624297167830882,True,0,long_only,1.3460292805110365,1.224403339797569
2022-11-01,1.6710171464956647,0.013915806121396201,0.10480287521388455,0.0,0.9372819869421032,0.0,0.9372819869421032,0.06271801305789682,0.00010263553959805356,0.0,0.06225808921592873,True,0,long_only,1.358031606361934,1.230469996918699
2022-11-02,1.6872210262973388,0.009697015877817572,0.10480287521388455,0.0,0.937884323642008,0.0,0.937884323642008,0.06211567635799198,0.0,0.0,0.0,True,0,long_only,1.3680411686451985,1.233311588106834
2022-11-03,1.6912075017440764,0.002362746424211082,0.10480287521388455,0.0,0.9380307412864445,0.0,0.9380307412864445,0.06196925871355552,0.0,0.0,0.0,True,0,long_only,1.3679584897962782,1.2363003076182069
2022-11-04,1.7242413630388334,0.01953270740621149,0.10480287521388455,0.0,0.9392179787235947,0.0,0.9392179787235947,0.06078202127640531,0.0,0.0,0.0,True,0,long_only,1.3852532785213227,1.2447119886114695
2022-11-07,1.7320611530111087,0.0045352061143537625,0.0012811699176003895,0.0,0.9992603206212591,0.0,0.9992603206212591,0.0007396793787408651,0.002056815936453737,0.0,1.1936972180556176,True,0,long_only,1.3822080538686585,1.2531117498290125
2022-11-08,1.72964715174218,-0.0013937159578528702,0.0012811699176003895,0.0,0.9992592882795142,0.0,0.9992592882795142,0.0007407117204858427,0.0,0.0,0.0,True,0,long_only,1.3780039699401392,1.25518299618347
2022-11-09,1.7237679171579698,-0.0033990947681371564,0.0012811699176003895,0.0,0.9992567619429228,0.0,0.9992567619429228,0.0007432380570772112,0.0,0.0,0.0,True,0,long_only,1.3762155315606175,1.2525421183142953
2022-11-10,1.7258141109694918,0.0011870471605570643,0.0012811699176003895,0.0,0.9992576431555072,0.0,0.9992576431555072,0.0007423568444927531,0.0,0.0,0.0,True,0,long_only,1.371635665486799,1.2582161242920098
2022-11-11,1.7486782467456556,0.013248318941672999,0.0012811699176003895,0.0,0.9992673495424417,0.0,0.9992673495424417,0.0007326504575583259,0.0,0.0,0.0,True,0,long_only,1.3836169827777247,1.263845607933375
2022-11-14,1.7354183486761992,-0.00758281181465692,0.001742350880718943,0.0,0.9989960052675206,0.0,0.9989960052675206,0.001003994732479363,0.0017612295416888732,0.0,1.0040172302300405,True,0,long_only,1.3770538408730344,1.260240011803726
2022-11-15,1.7360004291318414,0.00033541218236288195,0.001742350880718943,0.0,0.998996341906672,0.0,0.998996341906672,0.0010036580933280304,0.0,0.0,0.0,True,0,long_only,1.3806473211714103,1.2573815213424175
2022-11-16,1.713707356279842,-0.01284162865279248,0.001742350880718943,0.0,0.9989832856383943,0.0,0.9989832856383943,0.001016714361605664,0.0,0.0,0.0,True,0,long_only,1.3669327976828236,1.2536880812172027
2022-11-17,1.6892062282429172,-0.0142971481957761,0.001742350880718943,0.0,0.9989685386830882,0.0,0.9989685386830882,0.0010314613169117859,0.0,0.0,0.0,True,0,long_only,1.3543351163501491,1.2472586790743678
2022-11-18,1.6812552482499667,-0.004706932676432851,0.001742350880718943,0.0,0.9989636607037911,0.0,0.9989636607037911,0.0010363392962089435,0.0,0.0,0.0,True,0,long_only,1.3494462211361025,1.2458853283049052
2022-11-21,1.6845184497359027,0.001940931627920639,0.0018858506481976365,0.0,0.9988804808587919,0.0,0.9988804808587919,0.001119519141208114,0.0014683846107540898,0.0,0.8742123008179243,True,0,long_only,1.3495305942237306,1.248225462205888
2022-11-22,1.6773083458560263,-0.004280216628679168,0.0018858506481976365,0.0,0.998875668476308,0.0,0.998875668476308,0.001124331523691957,0.0,0.0,0.0,True,0,long_only,1.348218575768727,1.2440922977935227
2022-11-23,1.6810537830875196,0.0022330045878249383,0.0018858506481976365,0.0,0.9988781735199846,0.0,0.9988781735199846,0.0011218264800153532,0.0,0.0,0.0,True,0,long_only,1.3497884573549954,1.2454201796788673
2022-11-24,1.6887853348201105,0.00459922925154177,0.0018858506481976365,0.0,0.998883309435892,0.0,0.998883309435892,0.0011166905641080138,0.0,0.0,0.0,True,0,long_only,1.3548145859043406,1.2465066086462628
2022-11-25,1.6831830832920114,-0.0033173260168651852,0.0018858506481976365,0.0,0.9988795926795383,0.0,0.9988795926795383,0.0011204073204617027,0.0,0.0,0.0,True,0,long_only,1.3576090632283109,1.2398142653007231
2022-11-28,1.6779384893673734,-0.0031158784666374117,0.0022865550526200823,0.0,0.9986372831500622,0.0,0.9986372831500622,0.0013627168499378284,0.0010673273320936677,0.0,0.6354799228374798,True,0,long_only,1.3520993989518761,1.2409875270028832
2022-11-29,1.6996587044113085,0.012944583595626336,0.0022865550526200823,0.0,0.9986546975303421,0.0,0.9986546975303421,0.0013453024696579163,0.0,0.0,0.0,True,0,long_only,1.3676528491334647,1.2427559416764278
2022-11-30,1.7118193962320916,0.0071547845395203424,0.0022865550526200823,0.0,0.9986642545015829,0.0,0.9986642545015829,0.0013357454984170847,0.0,0.0,0.0,True,0,long_only,1.3699414267794081,1.2495566326922485
2022-12-01,1.7223030822906802,0.0061242944680171,0.0022865550526200823,0.0,0.9986723852055244,0.0,0.9986723852055244,0.001327614794475629,0.0,0.0,0.0,True,0,long_only,1.37746316894474,1.2503441987564128
2022-12-02,1.7213123148432534,-0.000575257315401756,0.0022865550526200823,0.0,0.9986716210458133,0.0,0.9986716210458133,0.001328378954186693,0.0,0.0,0.0,True,0,long_only,1.3776278489470986,1.2494755504244692
2022-12-05,1.716921610684325,-0.0025507887912417093,0.0015083771337656116,0.0,0.9991214641807877,0.0,0.9991214641807877,0.0008785358192122672,0.0019397550580624965,0.0,1.12323672334661,True,0,long_only,1.3850858877370327,1.2395777228583629
2022-12-06,1.7096233106166285,-0.004250805640909627,0.0015083771337656116,0.0,0.999117713753434,0.0,0.999117713753434,0.0008822862465660553,0.0,0.0,0.0,True,0,long_only,1.3830555120700956,1.2361205285663053
2022-12-07,1.707960592017022,-0.0009725643007328921,0.0015083771337656116,0.0,0.9991168548379771,0.0,0.9991168548379771,0.0008831451620229247,0.0,0.0,0.0,True,0,long_only,1.375554778464735,1.241652181909678
2022-12-08,1.7026713732101024,-0.003096803773834922,0.0015083771337656116,0.0,0.9991141114148634,0.0,0.9991141114148634,0.0008858885851366072,0.0,0.0,0.0,True,0,long_only,1.371029128029553,1.2418929243736685
2022-12-09,1.7071912490861434,0.0026545791202912117,0.0015083771337656116,0.0,0.9991164568500611,0.0,0.9991164568500611,0.0008835431499388813,0.0,0.0,0.0,True,0,long_only,1.3719240249147968,1.244377398516779
2022-12-12,1.7037267449396571,-0.0020293591291197233,0.0019223519443332334,0.0,0.9988716782488489,0.0,0.9988716782488489,0.0011283217511510735,0.001497073671853022,0.0,0.8743686697606825,True,0,long_only,1.3663974182512881,1.2468749736954876
2022-12-13,1.693198956888291,-0.006179270286526428,0.0019223519443332334,0.0,0.9988646626927612,0.0,0.9988646626927612,0.001135337307238804,0.0,0.0,0.0,True,0,long_only,1.3564942541588478,1.248216829298869
2022-12-14,1.6828442052630324,-0.006115496104656448,0.0019223519443332334,0.0,0.9988576768198024,0.0,0.9988576768198024,0.0011423231801975797,0.0,0.0,0.0,True,0,long_only,1.3508344803329384,1.2457812039623566
2022-12-15,1.6802082135063088,-0.001566390845022636,0.0019223519443332334,0.0,0.9988558846880521,0.0,0.9988558846880521,0.001144115311947913,0.0,0.0,0.0,True,0,long_only,1.3510909880732371,1.2435936797287197
2022-12-16,1.6630867979953392,-0.010190055835544443,0.0019223519443332334,0.0,0.9988441060643074,0.0,0.9988441060643074,0.001155893935692598,0.0,0.0,0.0,True,0,long_only,1.343154496272336,1.2381947144657692
2022-12-19,1.6399014238003873,-0.01394116904956455,0.0017528563782334822,0.0,0.9989311208876377,0.0,0.9989311208876377,0.0010688791123623087,0.0015594845474114168,0.0,0.940135042413498,True,0,long_only,1.3314008846636836,1.2317112318988972
2022-12-20,1.6380318280534263,-0.001140065933126766,0.0017528563782334822,0.0,0.9989299009041134,0.0,0.9989299009041134,0.001070099095886623,0.0,0.0,0.0,True,0,long_only,1.3256855398081717,1.235611145227134
2022-12-21,1.6404989138264154,0.0015061281049228992,0.0017528563782334822,0.0,0.998931510186651,0.0,0.998931510186651,0.0010684898133489495,0.0,0.0,0.0,True,0,long_only,1.3253033195557844,1.2378290234542522
2022-12-22,1.6317577023025882,-0.0053283860477778555,0.0017528563782334822,0.0,0.9989257863616884,0.0,0.9989257863616884,0.0010742136383116163,0.0,0.0,0.0,True,0,long_only,1.319544602189363,1.236606704764058
2022-12-23,1.6098579413840874,-0.013420963717589718,0.0017528563782334822,0.0,0.9989111732574822,0.0,0.9989111732574822,0.0010888267425177567,0.0,0.0,0.0,True,0,long_only,1.3162906473279485,1.2230261945962135
2022-12-26,1.6320620130219252,0.013792565832701609,0.0014980221538299229,0.0,0.9990821291459041,0.0,0.9990821291459041,0.0009178708540958924,0.0017160283691456976,0.0,1.066181470916333,True,0,long_only,1.326051495368968,1.2307682007234653
2022-12-27,1.6492766884529524,0.01054780718727244,0.0014980221538299229,0.0,0.9990917096177264,0.0,0.9990917096177264,0.0009082903822735799,0.0,0.0,0.0,True,0,long_only,1.3380487385037434,1.232598365809332
2022-12-28,1.6406551534355636,-0.0052274643046557046,0.0014980221538299229,0.0,0.9990869366114549,0.0,0.9990869366114549,0.0009130633885451322,0.0,0.0,0.0,True,0,long_only,1.3339412261815453,1.2299306155579266
2022-12-29,1.6329839865205171,-0.004675672946251375,0.10066753507136854,0.0,0.9383536299790263,0.0,0.9383536299790263,0.06164637002097373,9.926878169923785e-05,0.0,0.06049257766744556,True,0,long_only,1.3283583707929512,1.2293248737881801
2022-12-30,1.6326119790604374,-0.0002278083944180498,0.10066753507136854,0.0,0.9383395832184801,0.0,0.9383395832184801,0.0616604167815199,0.0,0.0,0.0,True,0,long_only,1.3305134424287524,1.227054103324373
2023-01-03,1.6457410478791044,0.008041757004761507,0.0015393468933719214,0.0,0.9990646481745377,0.0,0.9990646481745377,0.0009353518254623383,0.001528691309901619,0.0,0.9362595671427097,True,0,long_only,1.33708979939536,1.2308380847893075
2023-01-04,1.6523565723639242,0.004019784578713326,0.0015393468933719214,0.0,0.9990683930338536,0.0,0.9990683930338536,0.0009316069661463589,0.0,0.0,0.0,True,0,long_only,1.3422684094283706,1.231017999647038
2023-01-05,1.670983486082234,0.011272938317218761,0.0015393468933719214,0.0,0.9990787779136099,0.0,0.9990787779136099,0.0009212220863901166,0.0,0.0,0.0,True,0,long_only,1.3536069325537126,1.2344672931969691
2023-01-06,1.6827128415009205,0.007019432278284832,0.0015393468933719214,0.0,0.9990851992952053,0.0,0.9990851992952053,0.0009148007047946605,0.0,0.0,0.0,True,0,long_only,1.358653053119805,1.238515482401481
2023-01-09,1.689333022927307,0.003934231238457375,0.0012119247440904764,0.0,0.9992826016376626,0.0,0.9992826016376626,0.000717398362337418,0.0020563921285595118,0.0,1.2215418262142337,True,0,long_only,1.3617687581026967,1.2405432367834563
2023-01-10,1.6905592492723718,0.0007258641892526896,0.0012119247440904764,0.0,0.9992831219937354,0.0,0.9992831219937354,0.0007168780062646318,0.0,0.0,0.0,True,0,long_only,1.3581837489978579,1.2447205693042334
2023-01-11,1.690387252352001,-0.00010173965830828635,0.0012119247440904764,0.0,0.9992830490513909,0.0,0.9992830490513909,0.0007169509486091297,0.0,0.0,0.0,True,0,long_only,1.3567121332566183,1.2459439338059408
2023-01-12,1.693681987359857,0.0019491007183540798,0.0012119247440904764,0.0,0.9992844437426062,0.0,0.9992844437426062,0.0007155562573938345,0.0,0.0,0.0,True,0,long_only,1.3589417513955446,1.2463241972075374
2023-01-13,1.694790140930345,0.0006542866835441696,0.0012119247440904764,0.0,0.9992849116154138,0.0,0.9992849116154138,0.0007150883845862266,0.0,0.0,0.0,True,0,long_only,1.3611476501925672,1.245118515019716
2023-01-16,1.7125265965780239,0.010465281346245359,0.0013932731199543778,0.0,0.9991864224925099,0.0,0.9991864224925099,0.0008135775074901153,0.0019923477107934517,0.0,1.175350664551752,True,0,long_only,1.3705750720559724,1.2494949247902902
2023-01-17,1.7300312614958493,0.010221543392554322,0.0013932731199543778,0.0,0.9991946543678352,0.0,0.9991946543678352,0.0008053456321648333,0.0,0.0,0.0,True,0,long_only,1.375511405953826,1.257736761765481
2023-01-18,1.7351474697592697,0.0029572923780560867,0.0013932731199543778,0.0,0.999197028987889,0.0,0.999197028987889,0.0008029710121110201,0.0,0.0,0.0,True,0,long_only,1.3789879837813919,1.2582759894696363
2023-01-19,1.7456010973241383,0.00602463349488036,0.0013932731199543778,0.0,0.9992018376236758,0.0,0.9992018376236758,0.0007981623763242407,0.0,0.0,0.0,True,0,long_only,1.382466255847665,1.262671757766569
2023-01-20,1.75323382526292,0.004372549920186319,0.0013932731199543778,0.0,0.9992053124347259,0.0,0.9992053124347259,0.0007946875652741214,0.0,0.0,0.0,True,0,long_only,1.389714547885624,1.2615783780420022
2023-01-30,1.7631286225478664,0.005643740807625752,0.0013131485099679848,0.0,0.9992552168383095,0.0,0.9992552168383095,0.0007447831616904654,0.0022069940877483996,0.0,1.2521753296046245,True,0,long_only,1.3912790079080286,1.2672717783609506
2023-01-31,1.7543152642492192,-0.004998704113776453,0.0013131485099679848,0.0,0.9992514751842337,0.0,0.9992514751842337,0.0007485248157662605,0.0,0.0,0.0,True,0,long_only,1.3868468794494946,1.264966803650011
2023-02-01,1.7661380428019664,0.006739255362864682,0.0013131485099679848,0.0,0.999256485915515,0.0,0.999256485915515,0.0007435140844850308,0.0,0.0,0.0,True,0,long_only,1.394907728371518,1.2661325239511292
2023-02-02,1.7662481467204765,6.234162666896026e-05,0.0013131485099679848,0.0,0.999256532264503,0.0,0.999256532264503,0.0007434677354970498,0.0,0.0,0.0,True,0,long_only,1.3972169757296917,1.264118728444492
2023-02-03,1.7568436709746789,-0.005324549533574641,0.0013131485099679848,0.0,0.9992525524429617,0.0,0.9992525524429617,0.000747447557038261,0.0,0.0,0.0,True,0,long_only,1.3922332031480311,1.2618889328326701
2023-02-06,1.737408280900339,-0.01106267472481326,0.002241605334648906,0.0,0.9987097993262198,0.0,0.9987097993262198,0.001290200673780162,0.001265773723472652,0.0,0.7207868986888087,True,0,long_only,1.3803992846246482,1.2586273408369428
2023-02-07,1.7395751133818487,0.001247163666324047,0.002241605334648906,0.0,0.9987114064133218,0.0,0.9987114064133218,0.0012885935866782106,0.0,0.0,0.0,True,0,long_only,1.3834861875495141,1.2573852410214903
2023-02-08,1.7344494795112781,-0.002946486087976874,0.002241605334648906,0.0,0.9987075983698986,0.0,0.9987075983698986,0.0012924016301013586,0.0,0.0,0.0,True,0,long_only,1.380913655496212,1.2560158794925003
2023-02-09,1.7452953114644127,0.006253184126291611,0.002241605334648906,0.0,0.9987156297734118,0.0,0.9987156297734118,0.0012843702265882273,0.0,0.0,0.0,True,0,long_only,1.389265235780424,1.2562722124720753
2023-02-10,1.7442407069820203,-0.0006042556096180762,0.002241605334648906,0.0,0.9987148532162585,0.0,0.9987148532162585,0.0012851467837414754,0.0,0.0,0.0,True,0,long_only,1.3879793086015144,1.256676303582266
2023-02-13,1.7482797650016624,0.0023156540284112737,0.002089816002912441,0.0,0.998804644402602,0.0,0.998804644402602,0.001195355597398029,0.0013944533326090871,0.0,0.7991147543910467,True,0,long_only,1.3902756797455118,1.257505824543865
2023-02-14,1.7515004558438505,0.0018422056393161412,0.002089816002912441,0.0,0.9988068424441799,0.0,0.9988068424441799,0.001193157555820057,0.0,0.0,0.0,True,0,long_only,1.3900384863264772,1.260037382470342
2023-02-15,1.7423442403927907,-0.0052276409181112315,0.002089816002912441,0.0,0.998800572266683,0.0,0.998800572266683,0.0011994277333170489,0.0,0.0,0.0,True,0,long_only,1.3848727525076427,1.2581258727474134
2023-02-16,1.722134796621944,-0.011598995940257262,0.002089816002912441,0.0,0.9987864968485558,0.0,0.9987864968485558,0.0012135031514441952,0.0,0.0,0.0,True,0,long_only,1.3755059843899624,1.2520009481352505
2023-02-17,1.7092579609529974,-0.007477251893524883,0.002089816002912441,0.0,0.9987773548225879,0.0,0.9987773548225879,0.0012226451774121072,0.0,0.0,0.0,True,0,long_only,1.3653700318991264,1.2518642719699573
2023-02-20,1.7244957072202203,0.008914831239824617,0.0018056523456191935,0.0,0.9989529389153832,0.0,0.9989529389153832,0.0010470610846168293,0.0016063464900496613,0.0,0.9400709198467782,True,0,long_only,1.3773960770919274,1.2519969643453017
2023-02-21,1.7316147971814295,0.004128215530721624,0.0018056523456191935,0.0,0.9989572436383899,0.0,0.9989572436383899,0.0010427563616101088,0.0,0.0,0.0,True,0,long_only,1.3805405841328446,1.2543019865432672
2023-02-22,1.7352866608348156,0.002120485259979654,0.0018056523456191935,0.0,0.9989594501090958,0.0,0.9989594501090958,0.0010405498909041855,0.0,0.0,0.0,True,0,long_only,1.3789425781840337,1.258418362220754
2023-02-23,1.7308033243483005,-0.0025836287385267998,0.0018056523456191935,0.0,0.9989567547506883,0.0,0.9989567547506883,0.0010432452493116529,0.0,0.0,0.0,True,0,long_only,1.3781913527411767,1.2558512436649603
2023-02-24,1.7243738044106875,-0.003714760566474906,0.0018056523456191935,0.0,0.9989528648944906,0.0,0.9989528648944906,0.0010471351055093558,0.0,0.0,0.0,True,0,long_only,1.3742027759762372,1.2548175819144944
2023-02-27,1.7167018026298317,-0.004449152359675246,0.0022191712711285947,0.0,0.9987073053294818,0.0,0.9987073053294818,0.0012926946705181797,0.0012216923059057388,0.0,0.7090268580812406,True,0,long_only,1.3701969179764828,1.252886924578016
2023-02-28,1.722153578002882,0.0031757264801020035,0.0022191712711285947,0.0,0.9987113975783146,0.0,0.9987113975783146,0.0012886024216853809,0.0,0.0,0.0,True,0,long_only,1.3718477841729642,1.2553532526504785
2023-03-01,1.7345319100360275,0.007187705086964424,0.0022191712711285947,0.0,0.9987205935743884,0.0,0.9987205935743884,0.00127940642561164,0.0,0.0,0.0,True,0,long_only,1.3801549754030424,1.2567660450809137
2023-03-02,1.7327703195709057,-0.0010155999177237085,0.0022191712711285947,0.0,0.9987192928883512,0.0,0.9987192928883512,0.0012807071116488489,0.0,0.0,0.0,True,0,long_only,1.3794122211537223,1.2561657008676053
2023-03-03,1.741991575395747,0.005321683849665915,0.0022191712711285947,0.0,0.9987260723286653,0.0,0.9987260723286653,0.001273927671334718,0.0,0.0,0.0,True,0,long_only,1.3818515860446237,1.2606213235836554
2023-03-06,1.7471414939499652,0.0029563395293965566,0.001821159417732038,0.0,0.9989576348429486,0.0,0.9989576348429486,0.0010423651570513615,0.001657978281890793,0.0,0.9515387684253755,True,0,long_only,1.382350031072338,1.2638922520909162
2023-03-07,1.7327934729859065,-0.008212283328936532,0.001821159417732038,0.0,0.9989490037640816,0.0,0.9989490037640816,0.0010509962359184222,0.0,0.0,0.0,True,0,long_only,1.3741661804201577,1.2609781099809172
2023-03-08,1.7268522479545265,-0.003428697720763152,0.001821159417732038,0.0,0.9989453878176958,0.0,0.9989453878176958,0.001054612182304182,0.0,0.0,0.0,True,0,long_only,1.3717447744595548,1.2588728458141043
2023-03-09,1.7287074102716342,0.0010743028648254604,0.001821159417732038,0.0,0.9989465195747348,0.0,0.9989465195747348,0.0010534804252652075,0.0,0.0,0.0,True,0,long_only,1.3720182245869277,1.259974087291803
2023-03-10,1.7136552347389389,-0.008707185173880805,0.001821159417732038,0.0,0.9989372661543501,0.0,0.9989372661543501,0.0010627338456499213,0.0,0.0,0.0,True,0,long_only,1.3652009468761288,1.2552402916655954
2023-03-13,1.717100366746463,0.0020103997220006775,0.0018015862845969968,0.0,0.9989507973328253,0.0,0.9989507973328253,0.0010492026671746757,0.0016193345831293014,0.0,0.9452758714051817,True,0,long_only,1.368348164698978,1.254870953931675
2023-03-14,1.709908787643411,-0.0041882112672765315,0.0018015862845969968,0.0,0.998946384568805,0.0,0.998946384568805,0.0010536154311949764,0.0,0.0,0.0,True,0,long_only,1.3665614205581635,1.2512491293256394
2023-03-15,1.7165005186938365,0.003855019108656821,0.0018015862845969968,0.0,0.9989504306785949,0.0,0.9989504306785949,0.0010495693214050972,0.0,0.0,0.0,True,0,long_only,1.369958369166482,1.252958160866012
2023-03-16,1.698918242562546,-0.01024309398092671,0.0018015862845969968,0.0,0.9989395685798985,0.0,0.9989395685798985,0.001060431420101482,0.0,0.0,0.0,True,0,long_only,1.3624559413224142,1.2469527938742428
2023-03-17,1.7024973231010803,0.0021066820338193626,0.0018015862845969968,0.0,0.9989417978753028,0.0,0.9989417978753028,0.001058202124697205,0.0,0.0,0.0,True,0,long_only,1.3658434021939714,1.2464806143708258
2023-03-20,1.7064449075635424,0.002318702302140263,0.001992600066132567,0.0,0.9988323091725372,0.0,0.9988323091725372,0.0011676908274628195,0.0014040636254850354,0.0,0.8254677289032343,True,0,long_only,1.3664343526551093,1.2488305085771307
2023-03-21,1.723884544058,0.010219864946801938,0.001992600066132567,0.0,0.9988441220886858,0.0,0.9988441220886858,0.0011558779113142181,0.0,0.0,0.0,True,0,long_only,1.372282864673022,1.2562166215408914
2023-03-22,1.7323246163080237,0.004895961437275886,0.001992600066132567,0.0,0.9988497536504565,0.0,0.9988497536504565,0.0011502463495435267,0.0,0.0,0.0,True,0,long_only,1.3768403667959033,1.258188427711036
2023-03-23,1.7278575929173008,-0.0025786295182037566,0.001992600066132567,0.0,0.9988467799231253,0.0,0.9988467799231253,0.0011532200768746836,0.0,0.0,0.0,True,0,long_only,1.3779168860705795,1.2539635811015069
2023-03-24,1.7301773729792185,0.0013425759573164608,0.001992600066132567,0.0,0.9988483261327701,0.0,0.9988483261327701,0.0011516738672299187,0.0,0.0,0.0,True,0,long_only,1.3771395693516286,1.2563558636208556
2023-03-27,1.7333007473548805,0.001805233627742986,0.002151881044752643,0.0,0.9987585068269101,0.0,0.9987585068269101,0.0012414931730898582,0.0012958603019604515,0.0,0.7505312022337346,True,0,long_only,1.3761602993787565,1.2595195110172477
2023-03-28,1.7251378788621359,-0.004709435742874746,0.002151881044752643,0.0,0.9987526324294891,0.0,0.9987526324294891,0.0012473675705109155,0.0,0.0,0.0,True,0,long_only,1.3730262966178253,1.2564492632891786
2023-03-29,1.7232804228483325,-0.0010767000345668354,0.002151881044752643,0.0,0.9987512879411722,0.0,0.9987512879411722,0.0012487120588278167,0.0,0.0,0.0,True,0,long_only,1.3707180658028761,1.2572099732551119
2023-03-30,1.7190304898809043,-0.002466187691265942,0.002151881044752643,0.0,0.9987482007693175,0.0,0.9987482007693175,0.0012517992306825265,0.0,0.0,0.0,True,0,long_only,1.372581728381006,1.2524066540711882
2023-03-31,1.72689017521922,0.004572161683333631,0.002151881044752643,0.0,0.9987538981484567,0.0,0.9987538981484567,0.0012461018515432798,0.0,0.0,0.0,True,0,long_only,1.3774706235950527,1.2536675161262019
2023-04-03,1.7331677120667204,0.0036351685460851435,0.0018288372406199778,0.0,0.9989448007668922,0.0,0.9989448007668922,0.0010551992331078175,0.0016164614846666025,0.0,0.9368358415552737,True,0,long_only,1.3847971894612932,1.2515679012469318
2023-04-04,1.7292840666835,-0.0022407787522128464,0.0018288372406199778,0.0,0.9989424309887227,0.0,0.9989424309887227,0.0010575690112772929,0.0,0.0,0.0,True,0,long_only,1.3843854894553973,1.2491347820784964
2023-04-06,1.7359626170171536,0.0038620319601174735,0.0018288372406199778,0.0,0.99894649964078,0.0,0.99894649964078,0.0010535003592200276,0.0,0.0,0.0,True,0,long_only,1.385519273998383,1.252932853115387
2023-04-07,1.7420558302498315,0.0035099910406755086,0.0018288372406199778,0.0,0.9989501844838361,0.0,0.9989501844838361,0.001049815516163899,0.0,0.0,0.0,True,0,long_only,1.3909408378620334,1.252429853830077
2023-04-10,1.7433501199256047,0.0007429668173077886,0.0011576419544279488,0.0,0.9993359670319824,0.0,0.9993359670319824,0.0006640329680176471,0.0023275066741915173,0.0,1.3336379335682202,True,0,long_only,1.3888193121526387,1.255274969659985
2023-04-11,1.743012930855961,-0.0001934144299471363,0.0011576419544279488,0.0,0.9993358385735787,0.0,0.9993358385735787,0.0006641614264213391,0.0,0.0,0.0,True,0,long_only,1.3852566669987374,1.2582599112353159
2023-04-12,1.7448407853473453,0.0010486752329981197,0.0011576419544279488,0.0,0.999336534333591,0.0,0.999336534333591,0.0006634656664089578,0.0,0.0,0.0,True,0,long_only,1.3878342817681617,1.2572400093218203
2023-04-13,1.7415577560881061,-0.0018815638004390234,0.0011576419544279488,0.0,0.9993352836273266,0.0,0.9993352836273266,0.0006647163726734018,0.0,0.0,0.0,True,0,long_only,1.3847931232883954,1.2576302747319545
2023-04-14,1.7513607368026098,0.0056288576593193085,0.0011576419544279488,0.0,0.9993390042781582,0.0,0.9993390042781582,0.0006609957218417506,0.0,0.0,0.0,True,0,long_only,1.3909781111135961,1.2590857633269994
2023-04-17,1.7618195885074759,0.005971843198883331,0.001529182288866068,0.0,0.9991320437694977,0.0,0.9991320437694977,0.000867956230502287,0.0019684314860772822,0.0,1.1240892511898266,True,0,long_only,1.3966128102066362,1.2614946502222082
2023-04-18,1.7612388386782594,-0.00032963070282832074,0.001529182288866068,0.0,0.9991317575701354,0.0,0.9991317575701354,0.0008682424298646074,0.0,0.0,0.0,True,0,long_only,1.398329751712706,1.2595304051287288
2023-04-19,1.7552932436804398,-0.0033758027970138826,0.001529182288866068,0.0,0.9991288166268676,0.0,0.9991288166268676,0.0008711833731324115,0.0,0.0,0.0,True,0,long_only,1.3934574600379916,1.2596676210212998
2023-04-20,1.7378187192694772,-0.009955330526039474,0.001529182288866068,0.0,0.9991200564984656,0.0,0.9991200564984656,0.0008799435015344192,0.0,0.0,0.0,True,0,long_only,1.3859418171320064,1.2538900968192344
2023-04-21,1.7298819451548773,-0.004567089781341682,0.001529182288866068,0.0,0.9991160192791485,0.0,0.9991160192791485,0.000883980720851496,0.0,0.0,0.0,True,0,long_only,1.373852407411549,1.2591468601886553
2023-04-24,1.7114478741853363,-0.010656259533300405,0.0017308995583016076,0.0,0.9989886343695245,0.0,0.9989886343695245,0.001011365630475547,0.0017240146085270892,0.0,0.9965695389495767,True,0,long_only,1.3639170527836681,1.2548034872739364
2023-04-25,1.7054953292185902,-0.003478075526886615,0.0017308995583016076,0.0,0.9989851044862758,0.0,0.9989851044862758,0.0010148955137242455,0.0,0.0,0.0,True,0,long_only,1.3627856401748726,1.2514773262504741
2023-04-26,1.7310776767124836,0.014999951659565358,0.0017308995583016076,0.0,0.9990001028945225,0.0,0.9990001028945225,0.000999897105477543,0.0,0.0,0.0,True,0,long_only,1.3715750117410743,1.2621093719949428
2023-04-27,1.7380741555261698,0.004041689698739193,0.11424418009486291,0.0,0.9342696744372926,0.0,0.9342696744372926,0.06573032556270741,0.00011262590644300431,0.0,0.06498454154437935,True,0,long_only,1.3784688690414473,1.2608729834680874
2023-04-28,1.7441449718961854,0.0034928408265628708,0.11424418009486291,0.0,0.9344984608873081,0.0,0.9344984608873081,0.06550153911269185,0.0,0.0,0.0,True,0,long_only,1.3851560292195184,1.2591685955256198
2023-05-04,1.7637419125541292,0.01123584390845589,0.001884313192196103,0.0,0.998931638932667,0.0,0.998931638932667,0.0010683610673329902,0.0015006077651268594,0.0,0.8568658492339661,True,0,long_only,1.3859513048687677,1.2725857729331504
2023-05-05,1.7429706766583872,-0.011776800079362215,0.7404501056491252,0.0,0.5751792525455957,0.0,0.5751792525455957,0.42482074745440435,0.0007393050975544835,0.0,0.4193306530915819,True,0,long_only,1.3779663578408352,1.264886233789833
2023-05-08,1.7417422025726208,-0.0007048162669734959,0.0014308661999057513,0.0,0.9991784856577556,0.0,0.9991784856577556,0.0008215143422444227,0.0013119899492795453,0.0,0.7527088159175572,True,0,long_only,1.3873886969881182,1.255410402545277
2023-05-09,1.7223588711994995,-0.01112870282668188,0.0014308661999057513,0.0,0.9991692403808335,0.0,0.9991692403808335,0.0008307596191664546,0.0,0.0,0.0,True,0,long_only,1.381056649243116,1.247131225314641
2023-05-10,1.7304215078439091,0.004681159530240286,0.1666991526623612,0.0,0.9036655797984925,0.0,0.9036655797984925,0.09633442020150751,0.0001654337201826381,0.0,0.09613454437154015,True,0,long_only,1.3773486384081204,1.2563424100406815
2023-05-11,1.7356700752412273,0.003033114980093954,0.1666991526623612,0.0,0.9039568895953956,0.0,0.9039568895953956,0.09604311040460445,0.0,0.0,0.0,True,0,long_only,1.3800770404225025,1.2576617278625708
2023-05-12,1.7167579154439008,-0.010896172070431143,0.1666991526623612,0.0,0.9028988588532251,0.0,0.9028988588532251,0.09710114114677493,0.0,0.0,0.0,True,0,long_only,1.3646035583079028,1.2580634903023897
2023-05-15,1.7314172917947146,0.008538988647693646,0.0021736784703722404,0.0,0.9987445669621798,0.0,0.9987445669621798,0.001255433037820164,0.0010786551640420035,0.0,0.6303713022121582,True,0,long_only,1.3715638297656054,1.2623672731954492
2023-05-16,1.72897413161475,-0.0014110753031881806,0.0021736784703722404,0.0,0.9987427929483582,0.0,0.9987427929483582,0.0012572070516417844,0.0,0.0,0.0,True,0,long_only,1.3724404288728096,1.2597808219878532
2023-05-17,1.732867020140655,0.0022515597282357636,0.0021736784703722404,0.0,0.9987456172660059,0.0,0.9987456172660059,0.0012543827339941416,0.0,0.0,0.0,True,0,long_only,1.3754124624133144,1.2598889914812512
2023-05-18,1.7351832777492837,0.001336662064490346,0.0021736784703722404,0.0,0.9987472917136502,0.0,0.9987472917136502,0.001252708286349824,0.0,0.0,0.0,True,0,long_only,1.377939927717,1.2592590161925072
2023-05-19,1.7305379570780755,-0.0026771354535145564,0.0021736784703722404,0.0,0.9987439290415552,0.0,0.9987439290415552,0.0012560709584448215,0.0,0.0,0.0,True,0,long_only,1.3768501933804063,1.2568818055864919
2023-05-22,1.741251370091839,0.0061907992078096274,0.001875333694850612,0.0,0.9989229965718553,0.0,0.9989229965718553,0.0010770034281446517,0.0015858374376249693,0.0,0.91486944802967,True,0,long_only,1.3786382929121863,1.2630226354830765
2023-05-23,1.7350803711183969,-0.0035440023648720675,0.001875333694850612,0.0,0.9989191660939362,0.0,0.9989191660939362,0.0010808339060638383,0.0,0.0,0.0,True,0,long_only,1.3726559360363895,1.2640315213501538
2023-05-24,1.7330571296919437,-0.0011660793702304995,0.001875333694850612,0.0,0.9989179042844456,0.0,0.9989179042844456,0.0010820957155543987,0.0,0.0,0.0,True,0,long_only,1.3667315221243856,1.268030408048362
2023-05-25,1.7399061572329542,0.003951991785884124,0.001875333694850612,0.0,0.998922163883923,0.0,0.998922163883923,0.0010778361160770356,0.0,0.0,0.0,True,0,long_only,1.3654743970035017,1.274213680645447
2023-05-26,1.7499555292082603,0.00577581263996918,0.001875333694850612,0.0,0.9989283535132467,0.0,0.9989283535132467,0.001071646486753286,0.0,0.0,0.0,True,0,long_only,1.369757093608044,1.2775663198784717
2023-05-29,1.752548900117374,0.001481963893269267,0.002239630635985339,0.0,0.9987220723850642,0.0,0.9987220723850642,0.0012779276149358365,0.00125392615002724,0.0,0.7167492344586065,True,0,long_only,1.3669527896995708,1.2820844387043897
2023-05-30,1.7399338001166818,-0.007198144371234005,0.002239630635985339,0.0,0.9987128069839006,0.0,0.9987128069839006,0.0012871930160993639,0.0,0.0,0.0,True,0,long_only,1.3653984951094105,1.2743047589028282
2023-05-31,1.739199951800078,-0.0004217679526397067,0.002239630635985339,0.0,0.9987122638580646,0.0,0.9987122638580646,0.0012877361419354472,0.0,0.0,0.0,True,0,long_only,1.3635141628190506,1.2755276030314942
2023-06-01,1.7404351473115924,0.0007102090304431652,0.002239630635985339,0.0,0.9987131777708322,0.0,0.9987131777708322,0.0012868222291677611,0.0,0.0,0.0,True,0,long_only,1.3657359874599229,1.2743569498732747
2023-06-02,1.7613296087162433,0.012005308808504589,0.002239630635985339,0.0,0.9987284432028496,0.0,0.9987284432028496,0.0012715567971504083,0.0,0.0,0.0,True,0,long_only,1.3763510706572089,1.2797095495956616
2023-06-05,1.7551417313641524,-0.003513185335367819,0.001733784988367115,0.0,0.9990121681016497,0.0,0.9990121681016497,0.0009878318983502776,0.001782697285089394,0.0,1.0122524880711656,True,0,long_only,1.374517904375812,1.276914419067671
2023-06-06,1.7409732757427832,-0.008072542158949703,0.001733784988367115,0.0,0.9990041288901305,0.0,0.9990041288901305,0.0009958711098695394,0.0,0.0,0.0,True,0,long_only,1.369090241252815,1.2716278469340843
2023-06-07,1.735693263829499,-0.003032793200706374,0.001733784988367115,0.0,0.9990010994312776,0.0,0.9990010994312776,0.0009989005687224273,0.0,0.0,0.0,True,0,long_only,1.3674868137401404,1.2692577700857655
2023-06-08,1.7407310067723627,0.0029024384940854464,0.001733784988367115,0.0,0.9990039902882055,0.0,0.9990039902882055,0.0009960097117944766,0.0,0.0,0.0,True,0,long_only,1.3705994690933587,1.2700508398152548
2023-06-09,1.7500653809091906,0.005362330021417616,0.001733784988367115,0.0,0.9990093027338978,0.0,0.9990093027338978,0.0009906972661022362,0.0,0.0,0.0,True,0,long_only,1.374797792610273,1.2729620241725965
2023-06-12,1.7640564734505721,0.007994611340813584,0.0017328961932812526,0.0,0.9990176639924165,0.0,0.9990176639924165,0.000982336007583462,0.0017604430133516394,0.0,1.00637966920295,True,0,long_only,1.3775051860646834,1.280616937995134
2023-06-13,1.7641711817681103,6.502530914653804e-05,0.0017328961932812526,0.0,0.9990177278649658,0.0,0.9990177278649658,0.0009822721350342123,0.0,0.0,0.0,True,0,long_only,1.3780700452497274,1.2801752623890865
2023-06-14,1.7678386467553373,0.0020788600477825714,0.0017328961932812526,0.0,0.9990197656350246,0.0,0.9990197656350246,0.0009802343649754075,0.0,0.0,0.0,True,0,long_only,1.378358743525467,1.282567876512095
2023-06-15,1.7787087920185243,0.006148833369571394,0.0017328961932812526,0.0,0.9990257560984366,0.0,0.9990257560984366,0.0009742439015634208,0.0,0.0,0.0,True,0,long_only,1.3830073956908056,1.2861166162673106
2023-06-16,1.7883795327552916,0.005436944361079332,0.0017328961932812526,0.0,0.9990310243650511,0.0,0.9990310243650511,0.0009689756349489098,0.0,0.0,0.0,True,0,long_only,1.3854948769609967,1.290787546380539
2023-06-19,1.7814907243978693,-0.003851983447165086,0.0024684733348936424,0.0,0.9986143776663626,0.0,0.9986143776663626,0.0013856223336373708,0.001098684710445796,0.0,0.6150861282742035,True,0,long_only,1.3801888601771903,1.2907586604989403
2023-06-20,1.7839346830500253,0.0013718615644109367,0.0024684733348936424,0.0,0.9986162759442104,0.0,0.9986162759442104,0.0013837240557895703,0.0,0.0,0.0,True,0,long_only,1.378645747562499,1.2939761256320512
2023-06-21,1.7738663605595786,-0.005643885163571505,0.0024684733348936424,0.0,0.9986084220379968,0.0,0.9986084220379968,0.0013915779620031765,0.0,0.0,0.0,True,0,long_only,1.372348601134869,1.2925770894455484
2023-06-26,1.7608645676262038,-0.007329634984043043,0.0028237273792203633,0.0,0.9983963971840112,0.0,0.9983963971840112,0.0016036028159888138,0.0007163971305748655,0.0,0.40404412853617455,True,0,long_only,1.3649017443204037,1.2901035367223106
2023-06-27,1.7728221422236206,0.006790740649371241,0.0028237273792203633,0.0,0.9984072133848246,0.0,0.9984072133848246,0.0015927866151753678,0.0,0.0,0.0,True,0,long_only,1.371953165820564,1.292188528289373
2023-06-28,1.7867863131632822,0.007876803096641405,0.0028237273792203633,0.0,0.9984196614007966,0.0,0.9984196614007966,0.001580338599203368,0.0,0.0,0.0,True,0,long_only,1.3712280316538008,1.3030555618151183
2023-06-29,1.785472890572941,-0.0007350753588524217,0.0028237273792203633,0.0,0.998418498878292,0.0,0.998418498878292,0.0015815011217079622,0.0,0.0,0.0,True,0,long_only,1.3718176267239728,1.3015380877098184
2023-06-30,1.7894620318190684,0.0022342211227006636,0.0028237273792203633,0.0,0.9984220244246536,0.0,0.9984220244246536,0.0015779755753464464,0.0,0.0,0.0,True,0,long_only,1.3754117847178313,1.3010372978490805
2023-07-03,1.786557407254604,-0.0016231831202988545,0.1808261348801202,0.0,0.8987851528611135,0.0,0.8987851528611135,0.10121484713888651,0.0012613537814515248,0.0,0.7051651787963275,True,0,long_only,1.3801244791063094,1.294490050934737
2023-07-04,1.7963839957595684,0.0055002926102805105,0.1808261348801202,0.0,0.8993388188121432,0.0,0.8993388188121432,0.10066118118785683,0.0,0.0,0.0,True,0,long_only,1.3799032115311243,1.3018188382693319
2023-07-05,1.7936299438924241,-0.001533108663651639,0.1808261348801202,0.0,0.8991842573236135,0.0,0.8991842573236135,0.10081574267638649,0.0,0.0,0.0,True,0,long_only,1.377745767961133,1.3018584310708792
2023-07-06,1.7962703730287028,0.0014721147722078776,0.1808261348801202,0.0,0.8993324515088293,0.0,0.8993324515088293,0.10066754849117066,0.0,0.0,0.0,True,0,long_only,1.376558784322735,1.3048991394235776
2023-07-07,1.7926289165242095,-0.0020272318461465044,0.1808261348801202,0.0,0.8991279604979651,0.0,0.8991279604979651,0.10087203950203494,0.0,0.0,0.0,True,0,long_only,1.3767390513212014,1.302083292257814
2023-07-10,1.7844421669507604,-0.004566895857801234,0.002490884084181569,0.0,0.9986041105000124,0.0,0.9986041105000124,0.0013958894999875904,0.0009122979103534306,0.0,0.508610711825461,True,0,long_only,1.3761877460458163,1.2966560500759992
2023-07-11,1.796907035734149,0.006985302754130895,0.17797889990740315,0.0,0.9009526389690563,0.0,0.9009526389690563,0.09904736103094369,0.00017566367950272433,0.0,0.09843321197658374,True,0,long_only,1.379365121317657,1.3027058666074067
2023-07-12,1.7915862789541361,-0.0029610640251285236,0.17797889990740315,0.0,0.9006584823750152,0.0,0.9006584823750152,0.09934151762498478,0.0,0.0,0.0,True,0,long_only,1.3773181421113874,1.3007788281999162
2023-07-13,1.79676709564124,0.002891748361752544,0.17797889990740315,0.0,0.9009449247266602,0.0,0.9009449247266602,0.09905507527333979,0.0,0.0,0.0,True,0,long_only,1.383653239486063,1.298567476565604
2023-07-14,1.7945625353782488,-0.0012269593918650123,0.17797889990740315,0.0,0.9008232388681348,0.0,0.9008232388681348,0.09917676113186524,0.0,0.0,0.0,True,0,long_only,1.3826302581545402,1.2979337930688233
2023-07-17,1.7932266218530495,-0.0007444229436773808,0.18280355205372653,0.0,0.8980588678385644,0.0,0.8980588678385644,0.10194113216143563,0.0003701558059815808,0.0,0.2055333498682032,True,0,long_only,1.379458643294305,1.2999495349643968
2023-07-18,1.7988561608357447,0.003139334936304916,0.18280355205372653,0.0,0.8983778936672756,0.0,0.8983778936672756,0.1016221063327244,0.0,0.0,0.0,True,0,long_only,1.38072288421776,1.3028364934031464
2023-07-19,1.8070403928186893,0.004549686718221091,0.18280355205372653,0.0,0.8988381483998912,0.0,0.8988381483998912,0.10116185160010882,0.0,0.0,0.0,True,0,long_only,1.3817875438214842,1.307755595929836
2023-07-20,1.8054968776760376,-0.0008541674822465373,0.18280355205372653,0.0,0.8987516653648142,0.0,0.8987516653648142,0.10124833463518579,0.0,0.0,0.0,True,0,long_only,1.3798022349041639,1.308518592015066
2023-07-21,1.8024567837769245,-0.0016837990343280262,0.18280355205372653,0.0,0.8985808959753951,0.0,0.8985808959753951,0.10141910402460486,0.0,0.0,0.0,True,0,long_only,1.3801817443746192,1.3059561113044895
2023-07-24,1.7890826228379209,-0.007419962053669238,0.18217656705249505,0.0,0.8981731951744528,0.0,0.8981731951744528,0.10182680482554718,0.0007363954213919287,0.0,0.40946485983600545,True,0,long_only,1.3761830021774357,1.3000324956834837
2023-07-25,1.8092876955478534,0.011293538069182318,0.18217656705249505,0.0,0.8993103377087126,0.0,0.8993103377087126,0.1006896622912874,0.0,0.0,0.0,True,0,long_only,1.3879749035808753,1.3035449638750827
2023-07-26,1.8024082885807238,-0.0038022736704935722,0.18217656705249505,0.0,0.8989260268016483,0.0,0.8989260268016483,0.10107397319835165,0.0,0.0,0.0,True,0,long_only,1.3873598949300923,1.29916418599627
2023-07-27,1.7997151613732727,-0.001494182658010157,0.18217656705249505,0.0,0.8987747778301289,0.0,0.8987747778301289,0.10122522216987107,0.0,0.0,0.0,True,0,long_only,1.387062047765333,1.2975015532093583
2023-07-28,1.8147848460319767,0.00837337206583566,0.18217656705249505,0.0,0.8996153359717414,0.0,0.8996153359717414,0.10038466402825863,0.0,0.0,0.0,True,0,long_only,1.3987668652992127,1.2974176691294248
2023-07-31,1.8173206124887595,0.0013972821419174775,0.1835791752702347,0.0,0.8989836058598217,0.0,0.8989836058598217,0.10101639414017827,0.0010977447685833095,0.0,0.6045661713764218,True,0,long_only,1.4006657680424563,1.2974691421413205
2023-08-01,1.8159928683497482,-0.0007306053372678756,0.1835791752702347,0.0,0.8989097487827367,0.0,0.8989097487827367,0.10109025121726334,0.0,0.0,0.0,True,0,long_only,1.3959788260823307,1.3008742213133297
2023-08-02,1.808273089719421,-0.004250996116158978,0.1835791752702347,0.0,0.8984781799198707,0.0,0.8984781799198707,0.10152182008012933,0.0,0.0,0.0,True,0,long_only,1.3958920810605122,1.2954247067191664
2023-08-03,1.8096929866967797,0.0007852226444287069,0.1835791752702347,0.0,0.8985578346052385,0.0,0.8985578346052385,0.10144216539476147,0.0,0.0,0.0,True,0,long_only,1.4012543465694038,1.2914807301952915
2023-08-04,1.818145986574005,0.004670957968762712,0.1835791752702347,0.0,0.8990294637362101,0.0,0.8990294637362101,0.10097053626378993,0.0,0.0,0.0,True,0,long_only,1.4040420469385446,1.29493699318934
2023-08-07,1.806789327557319,-0.006246285557127251,0.18416616085065016,0.0,0.8980699309865678,0.0,0.8980699309865678,0.10193006901343216,0.0007321300577772076,0.0,0.4027243888539747,True,0,long_only,1.3976130887394798,1.292767892712624
2023-08-08,1.8029773798986284,-0.002109790887377061,0.18416616085065016,0.0,0.8978544251836345,0.0,0.8978544251836345,0.10214557481636555,0.0,0.0,0.0,True,0,long_only,1.3960367690461233,1.2914970578680083
2023-08-09,1.7962474648665183,-0.003732667479438123,0.18416616085065016,0.0,0.8974717212116785,0.0,0.8974717212116785,0.10252827878832149,0.0,0.0,0.0,True,0,long_only,1.3931497862887294,1.2893426697868704
2023-08-10,1.8112947957569587,0.008377092346548487,0.18416616085065016,0.0,0.8983234748523168,0.0,0.8983234748523168,0.10167652514768322,0.0,0.0,0.0,True,0,long_only,1.3946244516596424,1.2987688503535606
2023-08-11,1.7993899129748667,-0.0065725815642928564,0.18416616085065016,0.0,0.8976507762310533,0.0,0.8976507762310533,0.10234922376894673,0.0,0.0,0.0,True,0,long_only,1.3892377891133643,1.295235363647334
2023-08-14,1.7965710775773551,-0.0015665506276243413,0.002138786837146763,0.0,0.9988095172721856,0.0,0.9988095172721856,0.0011904827278144126,0.0012699549006015963,0.0,0.7062531070582411,True,0,long_only,1.3854081319391782,1.2967810973237652
2023-08-15,1.7902370098330684,-0.003525642722039257,0.002138786837146763,0.0,0.9988053052051771,0.0,0.9988053052051771,0.0011946947948229258,0.0,0.0,0.0,True,0,long_only,1.3833086313329797,1.294170345852585
2023-08-16,1.7893086650573793,-0.0005185597049943702,0.002138786837146763,0.0,0.9988046853631717,0.0,0.9988046853631717,0.0011953146368283152,0.0,0.0,0.0,True,0,long_only,1.3818458256330184,1.2948685243071192
2023-08-17,1.8030783241966333,0.007695519173497312,0.002138786837146763,0.0,0.9988138136827196,0.0,0.9988138136827196,0.0011861863172804021,0.0,0.0,0.0,True,0,long_only,1.3862999791947488,1.3006408073698277
2023-08-18,1.810630388386375,0.004188428249841447,0.002138786837146763,0.0,0.9988187612166098,0.0,0.9988187612166098,0.0011812387833901594,0.0,0.0,0.0,True,0,long_only,1.3844559697856247,1.307828076805318
2023-08-21,1.7868612036653313,-0.0131275741716822,0.002498970697664132,0.0,0.9986014746458549,0.0,0.9986014746458549,0.001398525354145086,0.0011130237521935627,0.0,0.6153135066624154,True,0,long_only,1.3799211704614227,1.2949009276144627
2023-08-22,1.7906315316810648,0.002110028472272818,0.002498970697664132,0.0,0.9986044193607391,0.0,0.9986044193607391,0.0013955806392609293,0.0,0.0,0.0,True,0,long_only,1.3756350853794654,1.3016762589964936
2023-08-23,1.779153233017185,-0.006410195766576199,0.002498970697664132,0.0,0.9985954157004081,0.0,0.9985954157004081,0.0014045842995918933,0.0,0.0,0.0,True,0,long_only,1.368174674655341,1.3003845678296702
2023-08-24,1.779227437239946,4.170760639610194e-05,0.002498970697664132,0.0,0.998595474279814,0.0,0.998595474279814,0.0014045257201860117,0.0,0.0,0.0,True,0,long_only,1.3713954224380909,1.2973846989198812
2023-08-25,1.7731111628399885,-0.0034376012149662794,0.002498970697664132,0.0,0.9985906294258158,0.0,0.9985906294258158,0.001409370574184221,0.0,0.0,0.0,True,0,long_only,1.3668917971061048,1.2971847271261012
2023-08-28,1.7804657388653131,0.00414783696558807,0.0025000762019889954,0.0,0.9985958302103682,0.0,0.9985958302103682,0.0014041697896317595,0.0011122583425087886,0.0,0.6147713071834978,True,0,long_only,1.369786234513811,1.2998128423281081
2023-08-29,1.8010273902278118,0.011548467860776013,0.0025000762019889954,0.0,0.99861186108798,0.0,0.99861186108798,0.0013881389120200538,0.0,0.0,0.0,True,0,long_only,1.3781225666496566,1.306870255093693
2023-08-30,1.803378247053861,0.0013052865485583265,0.0025000762019889954,0.0,0.9986136706450389,0.0,0.9986136706450389,0.00138632935496108,0.0,0.0,0.0,True,0,long_only,1.3784356619627824,1.3082788677173327
2023-08-31,1.8081493669982274,0.0026456568122414925,0.0025000762019889954,0.0,0.9986173287187332,0.0,0.9986173287187332,0.0013826712812667896,0.0,0.0,0.0,True,0,long_only,1.3774777393976236,1.3126523320724863
2023-09-01,1.8166982744531912,0.004727987416856205,0.0025000762019889954,0.0,0.9986238352085508,0.0,0.9986238352085508,0.001376164791449197,0.0,0.0,0.0,True,0,long_only,1.3813273885885569,1.3151829822975545
2023-09-04,1.818017572048897,0.0007262062249180357,0.0021780484157620378,0.0,0.9988019651464053,0.0,0.9988019651464053,0.0011980348535947094,0.001453163412801412,0.0,0.7990246541063538,True,0,long_only,1.3881931215263872,1.309628713654694
2023-09-05,1.817704118548451,-0.00017241500041864644,0.0021780484157620378,0.0,0.9988017585516055,0.0,0.9988017585516055,0.0011982414483945325,0.0,0.0,0.0,True,0,long_only,1.3854359174539794,1.312008802174591
2023-09-06,1.8139009411705571,-0.0020922972771447723,0.0021780484157620378,0.0,0.9987992462177363,0.0,0.9987992462177363,0.0012007537822636971,0.0,0.0,0.0,True,0,long_only,1.383916863028933,1.310700801203139
2023-09-07,1.7888967401527114,-0.013784766549440164,0.0021780484157620378,0.0,0.9987824627509936,0.0,0.9987824627509936,0.0012175372490064174,0.0,0.0,0.0,True,0,long_only,1.3689076023201583,1.3068060525931147
2023-09-08,1.7840202214846839,-0.0027259922602413944,0.0021780484157620378,0.0,0.9987791346815847,0.0,0.9987791346815847,0.001220865318415254,0.0,0.0,0.0,True,0,long_only,1.3652392366709158,1.3067454945368766
2023-09-11,1.7920490845547354,0.004500432771647356,0.002224547262797103,0.0,0.9987586571807826,0.0,0.9987586571807826,0.0012413428192173948,0.0013361109674929494,0.0,0.7492777675166489,True,0,long_only,1.3679530682324144,1.3100223437272684
2023-09-12,1.7941429083329148,0.0011683964441742134,0.002224547262797103,0.0,0.9987601058686768,0.0,0.9987601058686768,0.0012398941313231937,0.0,0.0,0.0,True,0,long_only,1.3679035964621586,1.3116004029619843
2023-09-13,1.7833053651128026,-0.006040512809641463,0.002224547262797103,0.0,0.9987525707563514,0.0,0.9987525707563514,0.0012474292436486234,0.0,0.0,0.0,True,0,long_only,1.3618466930832365,1.3094758566952782
2023-09-14,1.7767905536264248,-0.003653222613371976,0.002224547262797103,0.0,0.9987479969103523,0.0,0.9987479969103523,0.0012520030896476797,0.0,0.0,0.0,True,0,long_only,1.3595398176592535,1.3069058592822682
2023-09-15,1.7822530131552883,0.0030743407081461616,0.002224547262797103,0.0,0.9987518341972901,0.0,0.9987518341972901,0.0012481658027099218,0.0,0.0,0.0,True,0,long_only,1.3606949496099523,1.3098108533923618
2023-09-18,1.788239125081449,0.003358732953164134,0.002510163217718911,0.0,0.9985962933130631,0.0,0.9985962933130631,0.0014037066869369008,0.0010472341908620625,0.0,0.5878088566639991,True,0,long_only,1.362506768483636,1.312462562715648
2023-09-19,1.7833372662595963,-0.002741165179253935,0.002510163217718911,0.0,0.9985924349447461,0.0,0.9985924349447461,0.0014075650552538566,0.0,0.0,0.0,True,0,long_only,1.3596651913236002,1.311600295160577
2023-09-20,1.7822311257499253,-0.0006202643384395357,0.002510163217718911,0.0,0.9985915613404728,0.0,0.9985915613404728,0.0014084386595272225,0.0,0.0,0.0,True,0,long_only,1.3580058539335818,1.312388396992206
2023-09-21,1.7691283684381833,-0.007351884456752722,0.002510163217718911,0.0,0.9985811299719675,0.0,0.9985811299719675,0.0014188700280325373,0.0,0.0,0.0,True,0,long_only,1.3544808208789847,1.3061302464881819
2023-09-22,1.7820101284702312,0.00728141623969325,0.002510163217718911,0.0,0.9985913866719299,0.0,0.9985913866719299,0.0014086133280700741,0.0,0.0,0.0,True,0,long_only,1.3626260428886363,1.3077763615118796
2023-09-25,1.7802412961254197,-0.0009926051017061788,0.002724101289565183,0.0,0.9984698134486072,0.0,0.9984698134486072,0.0015301865513928092,0.0008320083743060318,0.0,0.46713491364744725,True,0,long_only,1.36137061200646,1.3076830661869556
2023-09-26,1.7946447355563073,0.008090723129631883,0.002724101289565183,0.0,0.9984820944025332,0.0,0.9984820944025332,0.0015179055974667843,0.0,0.0,0.0,True,0,long_only,1.3614576958760196,1.3181788468289914
2023-09-27,1.8096242356104586,0.008346777363436253,0.002724101289565183,0.0,0.9984946591474853,0.0,0.9984946591474853,0.0015053408525147471,0.0,0.0,0.0,True,0,long_only,1.3634904434771473,1.327199793931514
2023-09-28,1.8013941100380277,-0.00454797488366665,0.002724101289565183,0.0,0.9984877816162574,0.0,0.9984877816162574,0.0015122183837426029,0.0,0.0,0.0,True,0,long_only,1.3682583700474862,1.3165599052578858
2023-10-09,1.8044941619361554,0.0017209181937773987,0.0024809596980926722,0.0,0.9986251217928959,0.0,0.9986251217928959,0.0013748782071041354,0.0011156672113153403,0.0,0.6193080352710498,True,0,long_only,1.3651867152709867,1.3217929399334707
2023-10-10,1.7988416830092457,-0.0031324451173867507,0.0024809596980926722,0.0,0.9986208015293807,0.0,0.9986208015293807,0.0013791984706192917,0.0,0.0,0.0,True,0,long_only,1.361555622873307,1.3211665045406877
2023-10-11,1.798299223788902,-0.0003015602904177239,0.0024809596980926722,0.0,0.9986203854924292,0.0,0.9986203854924292,0.0013796145075708477,0.0,0.0,0.0,True,0,long_only,1.3580089035632552,1.324217550466994
2023-10-12,1.7927486914387374,-0.0030865454851668472,0.0024809596980926722,0.0,0.9986161140655462,0.0,0.9986161140655462,0.0013838859344538212,0.0,0.0,0.0,True,0,long_only,1.3612116924157067,1.3170241641527434
2023-10-13,1.7930820636761526,0.00018595592288384033,0.0024809596980926722,0.0,0.9986163713594869,0.0,0.9986163713594869,0.0013836286405131126,0.0,0.0,0.0,True,0,long_only,1.3582867587112673,1.3201056788460606
2023-10-16,1.7992438675145344,0.003436431585149391,0.001900337311412437,0.0,0.9989438133730935,0.0,0.9989438133730935,0.0010561866269065412,0.0016773484643604084,0.0,0.9360871017565741,True,0,long_only,1.3513661324393176,1.3314258988174905
2023-10-17,1.780972552254977,-0.010154996545741812,0.001900337311412437,0.0,0.9989329777659929,0.0,0.9989329777659929,0.00106702223400712,0.0,0.0,0.0,True,0,long_only,1.3483212466343948,1.3208814714598192
2023-10-18,1.7603165697412841,-0.011598147589382712,0.001900337311412437,0.0,0.9989204570677355,0.0,0.9989204570677355,0.0010795429322645322,0.0,0.0,0.0,True,0,long_only,1.3379382741400214,1.3156934096027355
2023-10-19,1.7345509674706006,-0.014636914015114022,0.001900337311412437,0.0,0.9989044211746723,0.0,0.9989044211746723,0.0010955788253277365,0.0,0.0,0.0,True,0,long_only,1.325836665900871,1.3082689686304754
2023-10-20,1.7191995759719756,-0.008850354810277405,0.001900337311412437,0.0,0.9988946383317143,0.0,0.9988946383317143,0.001105361668285676,0.0,0.0,0.0,True,0,long_only,1.3218853623874942,1.300566316028253
2023-10-23,1.692323836079901,-0.015632705049313578,0.0015917361847543644,0.0,0.9990594375905965,0.0,0.9990594375905965,0.0009405624094035447,0.0018370060036452132,0.0,1.0698706347866407,True,0,long_only,1.3075819215242184,1.2942392428515666
2023-10-24,1.7134865451899577,0.012505117908802932,0.11851421447506896,0.0,0.9308344644971049,0.0,0.9308344644971049,0.06916553550289506,0.00011703951780812273,0.0,0.06916213842013147,True,0,long_only,1.3216047964575504,1.2965196175004912
2023-10-25,1.7190131052321012,0.003225330282083272,0.11851421447506896,0.0,0.9310568289942925,0.0,0.9310568289942925,0.06894317100570746,0.0,0.0,0.0,True,0,long_only,1.3278680581110323,1.2945661993537934
2023-10-26,1.72349366607821,0.0026064727677010957,0.11851421447506896,0.0,0.931236060330441,0.0,0.931236060330441,0.06876393966955896,0.0,0.0,0.0,True,0,long_only,1.3302515131245896,1.2956148886686438
2023-10-27,1.745425179260942,0.01272503265569691,0.11851421447506896,0.0,0.9321000889163,0.0,0.9321000889163,0.06789991108369997,0.0,0.0,0.0,True,0,long_only,1.3409648621669041,1.3016188779476732
2023-10-30,1.762885954919455,0.010003737694391557,0.0026199968577928284,0.0,0.9985138024099168,0.0,0.9985138024099168,0.0014861975900831714,0.0007581962645783883,0.0,0.43324442107852423,True,0,long_only,1.3425703227660277,1.313067870655351
2023-10-31,1.7430416751802422,-0.011256700800092112,0.0026199968577928284,0.0,0.9984968822632873,0.0,0.9984968822632873,0.0015031177367127446,0.0,0.0,0.0,True,0,long_only,1.3353779406054125,1.3052796681589705
2023-11-01,1.737049182518824,-0.00343795145391379,0.0026199968577928284,0.0,0.9984916967900738,0.0,0.9984916967900738,0.0015083032099262317,0.0,0.0,0.0,True,0,long_only,1.3309712257274893,1.3050989750506277
2023-11-02,1.7365798948883766,-0.00027016369782173477,0.0026199968577928284,0.0,0.9984912891911827,0.0,0.9984912891911827,0.0015087108088173151,0.0,0.0,0.0,True,0,long_only,1.328818187178137,1.3068604205185945
2023-11-03,1.752872343423251,0.009381917055950595,0.0026199968577928284,0.0,0.9985053122278853,0.0,0.9985053122278853,0.0014946877721147,0.0,0.0,0.0,True,0,long_only,1.3332655637850377,1.3147210811077892
2023-11-06,1.7744800123506064,0.012327006589171852,0.0026128711297335972,0.0,0.998527528565243,0.0,0.998527528565243,0.001472471434757039,0.0008983575048949788,0.0,0.5108135309556051,True,0,long_only,1.3428024334689401,1.3214751240556575
2023-11-07,1.7758561383208251,0.0007755094228398818,0.0026128711297335972,0.0,0.9985286695958355,0.0,0.9985286695958355,0.0014713304041644726,0.0,0.0,0.0,True,0,long_only,1.3445844337413737,1.32074720914284
2023-11-08,1.773770019291074,-0.0011747117262119744,0.0026128711297335972,0.0,0.9985269391740098,0.0,0.9985269391740098,0.0014730608259901912,0.0,0.0,0.0,True,0,long_only,1.3430562304273075,1.3206967654114752
2023-11-09,1.7759238299140747,0.0012142558502941103,0.0026128711297335972,0.0,0.9985287256774633,0.0,0.9985287256774633,0.0014712743225366864,0.0,0.0,0.0,True,0,long_only,1.342495437415161,1.3228527862511297
2023-11-10,1.7718383316822284,-0.0023004918133475716,0.0026128711297335972,0.0,0.9985253332186054,0.0,0.9985253332186054,0.001474666781394629,0.0,0.0,0.0,True,0,long_only,1.340402036068309,1.3218708148783598
2023-11-13,1.7719559001222862,6.635393193366035e-05,0.002081879825479642,0.0,0.9988250950120509,0.0,0.9988250950120509,0.0011749049879491436,0.0014582431296605892,0.0,0.822408154661265,True,0,long_only,1.340411862652812,1.321948834901688
2023-11-14,1.7747104904353315,0.0015545478941405566,0.002081879825479642,0.0,0.9988269186232348,0.0,0.9988269186232348,0.0011730813767651949,0.0,0.0,0.0,True,0,long_only,1.3438433737307611,1.320623016883584
2023-11-15,1.7808745547080362,0.003473278771904287,0.002081879825479642,0.0,0.9988309789591997,0.0,0.9988309789591997,0.0011690210408003,0.0,0.0,0.0,True,0,long_only,1.3480210275354452,1.3211029489383908
2023-11-16,1.7655777403631274,-0.008589495708425487,0.002081879825479642,0.0,0.9988208506610129,0.0,0.9988208506610129,0.0011791493389871066,0.0,0.0,0.0,True,0,long_only,1.341076681921592,1.316537498685966
2023-11-17,1.762408031256208,-0.001795281529924253,0.002081879825479642,0.0,0.9988187299487079,0.0,0.9988187299487079,0.0011812700512920937,0.0,0.0,0.0,True,0,long_only,1.3390595213165726,1.3161536161763716
2023-11-20,1.7723809658628262,0.0056586978893360396,0.00226605447636421,0.0,0.9987214630939906,0.0,0.9987214630939906,0.001278536906009431,0.001257660554849171,0.0,0.7126927180031845,True,0,long_only,1.342903071248159,1.3198130258317822
2023-11-21,1.7599654674730885,-0.007004982917819591,0.00226605447636421,0.0,0.9987124437846966,0.0,0.9987124437846966,0.0012875562153034092,0.0,0.0,0.0,True,0,long_only,1.3408493150870602,1.3125751325448642
2023-11-22,1.7466016108051228,-0.007593249364803212,0.00226605447636421,0.0,0.9987025922440781,0.0,0.9987025922440781,0.0012974077559219088,0.0,0.0,0.0,True,0,long_only,1.330459565637857,1.3127806781318878
2023-11-23,1.74907275198281,0.0014148281797061735,0.00226605447636421,0.0,0.9987044252597296,0.0,0.9987044252597296,0.001295574740270422,0.0,0.0,0.0,True,0,long_only,1.3298991114734524,1.3151920599788485
2023-11-24,1.737263936309215,-0.006751471978628687,0.00226605447636421,0.0,0.9986956187663814,0.0,0.9986956187663814,0.0013043812336186456,0.0,0.0,0.0,True,0,long_only,1.3251403337921333,1.3110037420246006
2023-11-27,1.7422689877152122,0.0028809965494536183,0.002053298419833576,0.0,0.998821480245409,0.0,0.998821480245409,0.0011785197545910453,0.001414514522615954,0.0,0.8144496677558944,True,0,long_only,1.3255926955270065,1.3143320671532146
2023-11-28,1.7456460132926614,0.0019382917340897698,0.002053298419833576,0.0,0.9988237601414042,0.0,0.9988237601414042,0.001176239858595829,0.0,0.0,0.0,True,0,long_only,1.327910414078717,1.3145811605851156
2023-11-29,1.7397764311573953,-0.0033624125914250014,0.002053298419833576,0.0,0.9988197917944734,0.0,0.9988197917944734,0.0011802082055265561,0.0,0.0,0.0,True,0,long_only,1.3242301887585228,1.3138021213581081
2023-11-30,1.733399950089264,-0.003665115214768866,0.002053298419833576,0.0,0.9988154502832841,0.0,0.9988154502832841,0.001184549716715888,0.0,0.0,0.0,True,0,long_only,1.321828435966926,1.3113653049998664
2023-12-01,1.733131733604061,-0.00015473433305979167,0.002053298419833576,0.0,0.9988152669644079,0.0,0.9988152669644079,0.0011847330355920782,0.0,0.0,0.0,True,0,long_only,1.324856040537033,1.3081660803701605
2023-12-04,1.7390445290198977,0.0034116249222100326,0.0025838530157048225,0.0,0.9985142111242195,0.0,0.9985142111242195,0.001485788875780547,0.0008790054649734181,0.0,0.5068688113733445,True,0,long_only,1.3238903244738203,1.3135865538643319
2023-12-05,1.7305551415673266,-0.004881638917754283,0.0025838530157048225,0.0,0.998506922458787,0.0,0.998506922458787,0.0014930775412129726,0.0,0.0,0.0,True,0,long_only,1.3174932179624543,1.31352110050607
2023-12-06,1.7280698604579685,-0.001436117838526263,0.0025838530157048225,0.0,0.9985047751396926,0.0,0.9985047751396926,0.001495224860307398,0.0,0.0,0.0,True,0,long_only,1.319078347697089,1.3100585446459012
2023-12-07,1.7259340998045931,-0.0012359226338276574,0.0025838530157048225,0.0,0.9985029248706556,0.0,0.9985029248706556,0.001497075129344383,0.0,0.0,0.0,True,0,long_only,1.3198275400534973,1.3076966856856425
2023-12-08,1.7262759065081934,0.00019804157275715717,0.0025838530157048225,0.0,0.9985032212950644,0.0,0.9985032212950644,0.0014967787049355863,0.0,0.0,0.0,True,0,long_only,1.3220476704556623,1.305759198466125
2023-12-11,1.7281602731307197,0.001091579054901981,0.0024321143580655915,0.0,0.9985926569451457,0.0,0.9985926569451457,0.0014073430548543486,0.001014243487357149,0.0,0.5875605353870932,True,0,long_only,1.3242637346849293,1.3049970544892147
2023-12-12,1.7268393096940582,-0.0007643755369219907,0.0024321143580655915,0.0,0.9985915803836453,0.0,0.9985915803836453,0.0014084196163547391,0.0,0.0,0.0,True,0,long_only,1.3245629372406544,1.3037049891275312
2023-12-13,1.719857029068084,-0.004043387584923175,0.0024321143580655915,0.0,0.9985858624775436,0.0,0.9985858624775436,0.001414137522456449,0.0,0.0,0.0,True,0,long_only,1.31985566441604,1.3030644754849172
2023-12-14,1.7153580624866063,-0.002615895685187053,0.0024321143580655915,0.0,0.9985821535391043,0.0,0.9985821535391043,0.0014178464608957109,0.0,0.0,0.0,True,0,long_only,1.3177453206821141,1.3017371684527577
2023-12-15,1.7097528898081857,-0.003267640034463226,0.0024321143580655915,0.0,0.9985775053385998,0.0,0.9985775053385998,0.0014224946614002087,0.0,0.0,0.0,True,0,long_only,1.3145838712541231,1.300603884769306
2023-12-18,1.7029705771383659,-0.0039668379625201755,0.0024251370229328604,0.0,0.998575937214953,0.0,0.998575937214953,0.001424062785047031,0.0009881040157450414,0.0,0.5779930085752907,True,0,long_only,1.3088078726528865,1.301161624040763
2023-12-19,1.6934715920851091,-0.005577891468458995,0.0024251370229328604,0.0,0.9985679493920847,0.0,0.9985679493920847,0.0014320506079152917,0.0,0.0,0.0,True,0,long_only,1.3048769000039984,1.297801801901712
2023-12-20,1.6888403389016604,-0.002734768746694094,0.0024251370229328604,0.0,0.9985640223252188,0.0,0.9985640223252188,0.001435977674781208,0.0,0.0,0.0,True,0,long_only,1.3016761442379958,1.2974351157755228
2023-12-21,1.6985195274280853,0.005731263224515226,0.0024251370229328604,0.0,0.998572205391948,0.0,0.998572205391948,0.0014277946080519799,0.0,0.0,0.0,True,0,long_only,1.3053431544962724,1.3012053739106928
2023-12-22,1.6983057749269819,-0.00012584636069923327,0.0024251370229328604,0.0,0.9985720256865775,0.0,0.9985720256865775,0.0014279743134224532,0.0,0.0,0.0,True,0,long_only,1.305348576060136,1.3010362182742694
2023-12-25,1.6973923897121255,-0.0005378214149307503,0.0023953758626834025,0.0,0.9985887907373676,0.0,0.9985887907373676,0.0014112092626323847,0.0009990425575151227,0.0,0.5876309626985766,True,0,long_only,1.3034093504356565,1.3022711469307646
2023-12-26,1.6848603996961182,-0.007383083659361023,0.0023953758626834025,0.0,0.9985782941642433,0.0,0.9985782941642433,0.001421705835756737,0.0,0.0,0.0,True,0,long_only,1.2978037922483836,1.2982396952140025
2023-12-27,1.6944648788393706,0.005700459898626997,0.0023953758626834025,0.0,0.9985863526045319,0.0,0.9985863526045319,0.0014136473954681206,0.0,0.0,0.0,True,0,long_only,1.3028631278763938,1.3005701386309623
2023-12-28,1.7153368056534717,0.01231770990048342,0.0023953758626834025,0.0,0.9986035536258602,0.0,0.9986035536258602,0.0013964463741398259,0.0,0.0,0.0,True,0,long_only,1.3166515201726225,1.3028024343362916
2023-12-29,1.733309250313237,0.010477501911304588,0.0023953758626834025,0.0,0.9986180331857973,0.0,0.9986180331857973,0.001381966814202662,0.0,0.0,0.0,True,0,long_only,1.3241973205275994,1.308950881748224
2024-01-02,1.7357854034247122,0.0014285697206239956,0.0024156634107687716,0.0,0.9986083167850112,0.0,0.9986083167850112,0.001391683214988837,0.001045441851413425,0.0,0.6030881958427288,True,0,long_only,1.325904096601425,1.3091334492999156
2024-01-03,1.7237994580828078,-0.006905199985122623,0.0024156634107687716,0.0,0.9985986401147524,0.0,0.9985986401147524,0.0014013598852475884,0.0,0.0,0.0,True,0,long_only,1.3196493061414798,1.3062557226836438
2024-01-04,1.7187035135372155,-0.0029562281863458884,0.0024156634107687716,0.0,0.9985944850919649,0.0,0.9985944850919649,0.0014055149080350882,0.0,0.0,0.0,True,0,long_only,1.316682355317097,1.3053288871052728
2024-01-05,1.704704160532631,-0.008145298414950486,0.0024156634107687716,0.0,0.9985829427376923,0.0,0.9985829427376923,0.001417057262307675,0.0,0.0,0.0,True,0,long_only,1.3136266263844472,1.2977082881035715
2024-01-08,1.6820824363338565,-0.0132701759768723,0.0022667351716792617,0.0,0.9986524232566035,0.0,0.9986524232566035,0.0013475767433964725,0.0011343530106112775,0.0,0.6659140965921364,True,0,long_only,1.3040670539018657,1.2898741911322278
2024-01-09,1.689868281917774,0.004628694418144397,0.0022667351716792617,0.0,0.9986586320389973,0.0,0.9986586320389973,0.001341367961002704,0.0,0.0,0.0,True,0,long_only,1.3065755437320286,1.2933567370248868
2024-01-10,1.6839565857614143,-0.003498317720745936,0.0022667351716792617,0.0,0.998653923034094,0.0,0.998653923034094,0.0013460769659060512,0.0,0.0,0.0,True,0,long_only,1.3053140135905053,1.2900777653718611
2024-01-11,1.6993752551038068,0.009156215470614848,0.0022667351716792617,0.0,0.9986661361786507,0.0,0.9986661361786507,0.001333863821349257,0.0,0.0,0.0,True,0,long_only,1.3103469190946802,1.2968895720210543
2024-01-12,1.7019428728981743,0.0015109186665251961,0.0022667351716792617,0.0,0.9986681484979462,0.0,0.9986681484979462,0.001331851502053838,0.0,0.0,0.0,True,0,long_only,1.3135632618567907,1.295668752559651
2024-01-15,1.6964672237863183,-0.00321729312954655,0.0020495376400782262,0.0,0.998791879022865,0.0,0.998791879022865,0.0012081209771349632,0.0013383152929999902,0.0,0.7887504504680646,True,0,long_only,1.3115250926917996,1.2935072559720957
2024-01-16,1.6907273468172548,-0.0033834293339618515,0.0020495376400782262,0.0,0.9987877775538815,0.0,0.9987877775538815,0.001212222446118516,0.0,0.0,0.0,True,0,long_only,1.3085381498506699,1.2920734080318563
2024-01-17,1.6632773094123194,-0.016235638145091325,0.0020495376400782262,0.0,0.998767771538468,0.0,0.998767771538468,0.0012322284615320367,0.0,0.0,0.0,True,0,long_only,1.2971366010454133,1.2822684272973401
2024-01-18,1.6630658659094526,-0.00012712462418040804,0.0020495376400782262,0.0,0.9987676148719717,0.0,0.9987676148719717,0.0012323851280282572,0.0,0.0,0.0,True,0,long_only,1.2953562950116868,1.2838675137595623
2024-01-19,1.655048526879459,-0.004820818702577001,0.0020495376400782262,0.0,0.9987616449869645,0.0,0.9987616449869645,0.001238355013035486,0.0,0.0,0.0,True,0,long_only,1.2941486416610588,1.2788705049793816
2024-01-22,1.6117231549085334,-0.026177704923621814,0.0020875164499858656,0.0,0.9987047921700273,0.0,0.9987047921700273,0.001295207829972722,0.0012189748828507322,0.0,0.7361298693337103,True,0,long_only,1.276195471774322,1.262912453895264
2024-01-23,1.6196838368793813,0.004939236584523554,0.0020875164499858656,0.0,0.998711158065263,0.0,0.998711158065263,0.001288841934736995,0.0,0.0,0.0,True,0,long_only,1.2779717116351506,1.26738629825148
2024-01-24,1.615042377030522,-0.0028656579408744554,0.0020875164499858656,0.0,0.998707454070757,0.0,0.998707454070757,0.0012925459292429942,0.0,0.0,0.0,True,0,long_only,1.2779544304003352,1.263771491855613
2024-01-25,1.6427832128701936,0.01717653742973413,0.0020875164499858656,0.0,0.9987292806295855,0.0,0.9987292806295855,0.0012707193704144526,0.0,0.0,0.0,True,0,long_only,1.2937111892268105,1.2698222188616972
2024-01-26,1.6392729869650506,-0.002136755402442958,0.0020875164499858656,0.0,0.9987265595989289,0.0,0.9987265595989289,0.0012734404010711353,0.0,0.0,0.0,True,0,long_only,1.296531418979133,1.2643526897757607
2024-01-29,1.6134048640051435,-0.015780241098097614,0.0021286606195166534,0.0,0.9986806407573159,0.0,0.9986806407573159,0.001319359242684115,0.0011473904066231896,0.0,0.6993266921258333,True,0,long_only,1.2872737598342086,1.2533502308109956
2024-01-30,1.5918341471076483,-0.013369686294330219,0.0021286606195166534,0.0,0.9986627623088847,0.0,0.9986627623088847,0.0013372376911152672,0.0,0.0,0.0,True,0,long_only,1.2787795246508344,1.244807346709975
2024-01-31,1.5796366511207993,-0.007662541985929638,0.0021286606195166534,0.0,0.9986524365473501,0.0,0.9986524365473501,0.001347563452649858,0.0,0.0,0.0,True,0,long_only,1.2715830763173215,1.2422598889060739
2024-02-01,1.5839166240824347,0.0027094667362894675,0.0021286606195166534,0.0,0.9986560778596855,0.0,0.9986560778596855,0.0013439221403145352,0.0,0.0,0.0,True,0,long_only,1.2721513239797804,1.2450693515983084
2024-02-02,1.569758852785639,-0.008938457417225099,0.0021286606195166534,0.0,0.9986439569264163,0.0,0.9986439569264163,0.0013560430735837237,0.0,0.0,0.0,True,0,long_only,1.2677876427650248,1.2381875322289937
2024-02-05,1.5582497353447893,-0.007331774189663687,0.0019375081490262227,0.0,0.9987566125601828,0.0,0.9987566125601828,0.0012433874398172229,0.001193314869491623,0.0,0.7610226253113923,True,0,long_only,1.2566483621116722,1.2400045886554183
2024-02-06,1.6130648112532056,0.03517733689605773,0.0019375081490262227,0.0,0.9987988652808557,0.0,0.9987988652808557,0.0012011347191442923,0.0,0.0,0.0,True,0,long_only,1.2748173780097303,1.2653301085144868
2024-02-07,1.6205330292886522,0.00462983135168904,0.0019375081490262227,0.0,0.9988044007039606,0.0,0.9988044007039606,0.0011955992960394068,0.0,0.0,0.0,True,0,long_only,1.2769768546661708,1.269038685679463
2024-02-08,1.636872032038431,0.010082486721638029,0.0019375081490262227,0.0,0.9988163349906997,0.0,0.9988163349906997,0.0011836650093003387,0.0,0.0,0.0,True,0,long_only,1.2851505398861065,1.273681161261851
2024-02-19,1.6465550262219613,0.00591554745514955,0.0017023977316636882,0.0,0.9989660851264899,0.0,0.9989660851264899,0.0010339148735101222,0.0015757365079870362,0.0,0.9598346594780185,True,0,long_only,1.289835787607525,1.2765617468841544
2024-02-20,1.6656661526841952,0.011606734155787501,0.0017023977316636882,0.0,0.9989779478145003,0.0,0.9989779478145003,0.0010220521854996667,0.0,0.0,0.0,True,0,long_only,1.2996471239620246,1.2816295454156412
2024-02-21,1.6760485893584842,0.006233203849137281,0.0017023977316636882,0.0,0.9989842790104819,0.0,0.9989842790104819,0.0010157209895180763,0.0,0.0,0.0,True,0,long_only,1.3074934822636928,1.2818791161059584
2024-02-22,1.6839452801672703,0.004711492768720182,0.0017023977316636882,0.0,0.9989890421311703,0.0,0.9989890421311703,0.0010109578688296539,0.0,0.0,0.0,True,0,long_only,1.3102676287231743,1.2851918518419296
2024-02-23,1.6897697847014752,0.003458844300229469,0.0017023977316636882,0.0,0.9989925268240227,0.0,0.9989925268240227,0.0010074731759772693,0.0,0.0,0.0,True,0,long_only,1.3122925828262477,1.2876471351093561
2024-02-26,1.6874979665011742,-0.0013444542687821581,0.0023804235226651364,0.0,0.9985893769533835,0.0,0.9985893769533835,0.0014106230466165437,0.0009965116482811556,0.0,0.5893006355513957,True,0,long_only,1.3091572246743504,1.2889956490298062
2024-02-27,1.6973873299780378,0.005860370603804732,0.0023804235226651364,0.0,0.99859759556312,0.0,0.99859759556312,0.0014024044368800004,0.0,0.0,0.0,True,0,long_only,1.3125355366568876,1.2932124750704979
2024-02-28,1.6588268739870953,-0.022717534949104112,0.0023804235226651364,0.0,0.9985649958051719,0.0,0.9985649958051719,0.0014350041948281156,0.0,0.0,0.0,True,0,long_only,1.297819718092233,1.2781643327360868
2024-02-29,1.68229770721662,0.014149055333972926,0.0023804235226651364,0.0,0.9985850164852191,0.0,0.9985850164852191,0.0014149835147808654,0.0,0.0,0.0,True,0,long_only,1.3062495722047265,1.2878838340036265
2024-03-01,1.6886555521788644,0.003779262692311214,0.0023804235226651364,0.0,0.998590343945754,0.0,0.998590343945754,0.0014096560542460335,0.0,0.0,0.0,True,0,long_only,1.3094408402339677,1.289600492281224
2024-03-04,1.6875457717628275,-0.0006571976236391386,0.002069752534152892,0.0,0.9987735132469973,0.0,0.9987735132469973,0.0012264867530027423,0.0013072747462931603,0.0,0.772898573306718,True,0,long_only,1.3071481964151264,1.2910133498182894
2024-03-05,1.6722216322610224,-0.009080725250964372,0.002069752534152892,0.0,0.9987622737953973,0.0,0.9987622737953973,0.0012377262046027182,0.0,0.0,0.0,True,0,long_only,1.3017798316468883,1.2845656320742704
2024-03-06,1.6774111445298523,0.0031033639134383506,0.002069752534152892,0.0,0.9987661030267371,0.0,0.9987661030267371,0.0012338969732629268,0.0,0.0,0.0,True,0,long_only,1.3028248380816068,1.2875185485408915
2024-03-07,1.6707915283645738,-0.003946328952723066,0.002069752534152892,0.0,0.9987612143711436,0.0,0.9987612143711436,0.0012387856288563759,0.0,0.0,0.0,True,0,long_only,1.3011997243134776,1.28403925788264
2024-03-08,1.6744217351120447,0.0021727466807448526,0.002069752534152892,0.0,0.9987639001030918,0.0,0.9987639001030918,0.0012360998969082049,0.0,0.0,0.0,True,0,long_only,1.3034418798188385,1.2846155713093763
2024-03-11,1.6874704412673351,0.007792962717613872,0.002076147294901433,0.0,0.9987696689410794,0.0,0.9987696689410794,0.001230331058920564,0.0012684509744223436,0.0,0.7572813110023207,True,0,long_only,1.3084785126481697,1.2896432191707459
2024-03-12,1.6883892465011576,0.0005444867129835718,0.002076147294901433,0.0,0.998770338475441,0.0,0.998770338475441,0.0012296615245589448,0.0,0.0,0.0,True,0,long_only,1.3077977675355401,1.2910170734446331
2024-03-13,1.6898629737259865,0.000872859873920051,0.002076147294901433,0.0,0.9987714108616015,0.0,0.9987714108616015,0.001228589138398517,0.0,0.0,0.0,True,0,long_only,1.3081213671286516,1.2918243033024253
2024-03-14,1.6842700220031206,-0.0033097072424363994,0.002076147294901433,0.0,0.9987673310883771,0.0,0.9987673310883771,0.0012326689116228806,0.0,0.0,0.0,True,0,long_only,1.306607734267469,1.289040297122826
2024-03-15,1.6909351869303082,0.003957301881595265,0.002076147294901433,0.0,0.998772189903582,0.0,0.998772189903582,0.001227810096418036,0.0,0.0,0.0,True,0,long_only,1.3108653561391417,1.289938115315349
2024-03-18,1.702590519736188,0.0068928323781816125,0.002175973808545934,0.0,0.9987219629245422,0.0,0.9987219629245422,0.0012780370754578163,0.001201902482895025,0.0,0.7104848601725158,True,0,long_only,1.3170205253630922,1.2927592903434797
2024-03-19,1.7037747181221907,0.0006955274167661507,0.002175973808545934,0.0,0.9987228512165364,0.0,0.9987228512165364,0.001277148783463633,0.0,0.0,0.0,True,0,long_only,1.3182590138581949,1.2924430633215953
2024-03-20,1.7094730800930011,0.003344551313151811,0.002175973808545934,0.0,0.9987271084675826,0.0,0.9987271084675826,0.0012728915324173862,0.0,0.0,0.0,True,0,long_only,1.3229395177112326,1.292177803449772
2024-03-21,1.7068615327436814,-0.0015276914154025434,0.002175973808545934,0.0,0.9987251609068439,0.0,0.9987251609068439,0.001274839093156066,0.0,0.0,0.0,True,0,long_only,1.324261362750739,1.2889159049375345
2024-03-22,1.6988713582775057,-0.004681208353985222,0.002175973808545934,0.0,0.9987191650515834,0.0,0.9987191650515834,0.001280834948416576,0.0,0.0,0.0,True,0,long_only,1.3199047973385543,1.287116587274398
2024-03-25,1.6919314306146669,-0.004085022464488053,0.0017066891269197958,0.0,0.9989912776037858,0.0,0.9989912776037858,0.00100872239621419,0.0016821060879286865,0.0,0.991118264368624,True,0,long_only,1.316512253750875,1.2851619313030964
2024-03-26,1.6816366585198728,-0.006084627254104524,0.0017066891269197958,0.0,0.9989851023297613,0.0,0.9989851023297613,0.001014897670238657,0.0,0.0,0.0,True,0,long_only,1.3134788887691626,1.2802921104394027
2024-03-27,1.6588384266951606,-0.01355716867208312,0.0017066891269197958,0.0,0.9989711540922525,0.0,0.9989711540922525,0.0010288459077475443,0.0,0.0,0.0,True,0,long_only,1.3059869652050808,1.2701799259035262
2024-03-28,1.6734523117748428,0.008809709761062656,0.0017066891269197958,0.0,0.9989801387736531,0.0,0.9989801387736531,0.0010198612263468965,0.0,0.0,0.0,True,0,long_only,1.3095082709345218,1.277924201716263
2024-03-29,1.6811947321866865,0.004626615504586651,0.0017066891269197958,0.0,0.9989848355492407,0.0,0.9989848355492407,0.0010151644507593316,0.0,0.0,0.0,True,0,long_only,1.3134253508260092,1.2800078292454065
2024-04-01,1.6972237501168865,0.009534301781538135,0.0020998034808954688,0.0,0.9987628010268235,0.0,0.9987628010268235,0.0012371989731765343,0.001263832812604791,0.0,0.7503371207848519,True,0,long_only,1.3211463354633304,1.284659923400283
2024-04-02,1.6848390479424218,-0.007297035628691773,0.0020998034808954688,0.0,0.9987537067807991,0.0,0.9987537067807991,0.001246293219200889,0.0,0.0,0.0,True,0,long_only,1.3217593110276642,1.2746942910751762
2024-04-03,1.6823288943662646,-0.001489847697453861,0.0020998034808954688,0.0,0.9987518472232586,0.0,0.9987518472232586,0.0012481527767413958,0.0,0.0,0.0,True,0,long_only,1.3235128480898137,1.2711088500533405
2024-04-08,1.6702144031282193,-0.007201024293533753,0.0019272914336898538,0.0,0.9988460814191997,0.0,0.9988460814191997,0.0011539185808002728,0.0014275520235540926,0.0,0.8496579644390114,True,0,long_only,1.3197638366780995,1.2655403616242573
2024-04-09,1.6851624378753691,0.008949769993093604,0.0019272914336898538,0.0,0.9988563171179392,0.0,0.9988563171179392,0.0011436828820607925,0.0,0.0,0.0,True,0,long_only,1.324926859715002,1.2718909164826318
2024-04-10,1.676384952456706,-0.0052086880299383465,0.0019272914336898538,0.0,0.9988503288395273,0.0,0.9988503288395273,0.0011496711604727095,0.0,0.0,0.0,True,0,long_only,1.3226999523580076,1.2673962446798126
2024-04-11,1.6837916369869936,0.004418248039886885,0.0019272914336898538,0.0,0.9988553860279656,0.0,0.9988553860279656,0.0011446139720343584,0.0,0.0,0.0,True,0,long_only,1.3258661456543794,1.2699559774610283
2024-04-12,1.685377136955807,0.0009416248032032559,0.0019272914336898538,0.0,0.9988564628109463,0.0,0.9988564628109463,0.0011435371890536894,0.0,0.0,0.0,True,0,long_only,1.327975472845081,1.269132729797352
2024-04-15,1.668802767460341,-0.009834219968952063,0.002117099833873115,0.0,0.9987313660576588,0.0,0.9987313660576588,0.001268633942341224,0.0012470511307455779,0.0,0.7402121657570443,True,0,long_only,1.3225850829736465,1.2617734684473174
2024-04-16,1.6431136005242017,-0.015393770574358534,0.002117099833873115,0.0,0.9987115316718225,0.0,0.9987115316718225,0.0012884683281775278,0.0,0.0,0.0,True,0,long_only,1.3127415560837064,1.2516657166137806
2024-04-17,1.6709651279605258,0.016950457611353498,0.002117099833873115,0.0,0.9987330077699126,0.0,0.9987330077699126,0.001266992230087416,0.0,0.0,0.0,True,0,long_only,1.3249929350245901,1.2611124812748642
2024-04-18,1.6703212039568163,-0.00038536052783777475,0.002117099833873115,0.0,0.9987325193328936,0.0,0.9987325193328936,0.0012674806671063577,0.0,0.0,0.0,True,0,long_only,1.3280835652746124,1.2576928497804567
2024-04-19,1.6566127726597484,-0.008207062967646062,0.002117099833873115,0.0,0.9987220309605159,0.0,0.9987220309605159,0.0012779690394840726,0.0,0.0,0.0,True,0,long_only,1.3254381809568925,1.2498604585720976
2024-04-22,1.644790795127709,-0.007136234687517673,0.001977368536979062,0.0,0.9987977993658304,0.0,0.9987977993658304,0.0012022006341696478,0.0013256138766595173,0.0,0.8013619130731825,True,0,long_only,1.3203846057404873,1.2456906782893693
2024-04-23,1.6486104138762792,0.0023222520212813347,0.001977368536979062,0.0,0.9988005847104109,0.0,0.9988005847104109,0.001199415289589112,0.0,0.0,0.0,True,0,long_only,1.3191535718956973,1.2497486638399
2024-04-24,1.6674056316400234,0.011400642386791615,0.08294761654833666,0.0,0.9502534866295544,0.0,0.9502534866295544,0.049746513370445555,8.105129931066826e-05,0.0,0.04911356890064251,True,0,long_only,1.3227141839631495,1.2605940511230482
2024-04-25,1.6664606999926408,-0.0005667077221354067,0.16636608426796098,0.0,0.9001680122017305,0.0,0.9001680122017305,0.09983198779826952,8.350196968931364e-05,0.0,0.05005420360504277,True,0,long_only,1.3245707307387085,1.2581137883541043
2024-04-26,1.6962243753465815,0.017860412402207926,0.16636608426796098,0.0,0.9019197656359771,0.0,0.9019197656359771,0.09808023436402291,0.0,0.0,0.0,True,0,long_only,1.3316380780827182,1.2737878281378014
2024-04-29,1.7002085311662167,0.002348837734878817,0.0018607805172880943,0.0,0.9989055574753459,0.0,0.9989055574753459,0.0010944425246540712,0.0013615709610124752,0.0,0.802827287932783,True,0,long_only,1.334766659279786,1.2737870843160077
2024-04-30,1.704634302148859,0.002603075388409204,0.28353873924541634,0.0,0.8336659429603241,0.0,0.8336659429603241,0.16633405703967585,0.00028195991864677505,0.0,0.1658365453923344,True,0,long_only,1.3379281087077772,1.2740851253923209
2024-05-06,1.7189740535180351,0.00841221565886574,0.0011491399807471608,0.0,0.9993314966107864,0.0,0.9993314966107864,0.0006685033892136483,0.0019885931020229737,0.0,1.1614224700795879,True,0,long_only,1.3497511841034326,1.2735488390475889
2024-05-07,1.7261745397423396,0.004188827754303848,0.23321850421168627,0.0,0.8648928605756762,0.0,0.8648928605756762,0.13510713942432384,0.0002323016658968359,0.0,0.13492969967732116,True,0,long_only,1.354831867139156,1.274087642614508
2024-05-08,1.7217656398468508,-0.0025541448990128446,0.23321850421168627,0.0,0.8645468937152034,0.0,0.8645468937152034,0.13545310628479657,0.0,0.0,0.0,True,0,long_only,1.35229050907807,1.273221714038851
2024-05-09,1.732833735731888,0.006428340552795175,0.23321850421168627,0.0,0.8654120707586622,0.0,0.8654120707586622,0.13458792924133778,0.0,0.0,0.0,True,0,long_only,1.363051635651933,1.2712898692961783
2024-05-10,1.7337427067746112,0.0005245575637062849,0.23321850421168627,0.0,0.8654826328610448,0.0,0.8654826328610448,0.13451736713895524,0.0,0.0,0.0,True,0,long_only,1.3637791417528866,1.2712782104485076
2024-05-13,1.7291221147004279,-0.0026650967621252297,0.0018432880545267254,0.0,0.9989339746228125,0.0,0.9989339746228125,0.001066025377187474,0.001383451717796196,0.0,0.7989476226547981,True,0,long_only,1.3619713890521006,1.2695730090951878
2024-05-14,1.7308420612051438,0.0009946934864191181,0.0018432880545267254,0.0,0.998935033937618,0.0,0.998935033937618,0.0010649660623820445,0.0,0.0,0.0,True,0,long_only,1.3639346728662252,1.2690065702104965
2024-05-15,1.725773248506031,-0.002928524105534791,0.0018432880545267254,0.0,0.9989319059985879,0.0,0.9989319059985879,0.0010680940014120566,0.0,0.0,0.0,True,0,long_only,1.3608620015465012,1.2681471350841158
2024-05-16,1.7281075353800188,0.0013526034639883555,0.0018432880545267254,0.0,0.998933348754757,0.0,0.998933348754757,0.0010666512452429666,0.0,0.0,0.0,True,0,long_only,1.3618941317670437,1.2689000525597516
2024-05-17,1.7274215054934254,-0.00039698333150461895,0.0018432880545267254,0.0,0.9989329251438257,0.0,0.9989329251438257,0.0010670748561742993,0.0,0.0,0.0,True,0,long_only,1.3634951873455279,1.2669069326576756
2024-05-20,1.7376728534318113,0.00593447974671224,0.0022058071303937203,0.0,0.9987305970015947,0.0,0.9987305970015947,0.001269402998405278,0.0012454365246395754,0.0,0.720626509735172,True,0,long_only,1.369120737549548,1.2691889077232865
2024-05-21,1.7318416082952592,-0.0033557784625775078,0.0022058071303937203,0.0,0.9987263228231564,0.0,0.9987263228231564,0.0012736771768435684,0.0,0.0,0.0,True,0,long_only,1.3666576533167434,1.2672095342182077
2024-05-22,1.7275755127775,-0.00246332891953005,0.0022058071303937203,0.0,0.9987231775895877,0.0,0.9987231775895877,0.0012768224104122705,0.0,0.0,0.0,True,0,long_only,1.3682712462616624,1.2625972499952147
2024-05-23,1.7143351567335046,-0.007664125791357446,0.0022058071303937203,0.0,0.9987133162837325,0.0,0.9987133162837325,0.0012866837162675004,0.0,0.0,0.0,True,0,long_only,1.3603591514981477,1.2602077582567275
2024-05-24,1.707687546494074,-0.00387766080239349,0.0022058071303937203,0.0,0.9987083075385058,0.0,0.9987083075385058,0.0012916924614941871,0.0,0.0,0.0,True,0,long_only,1.358771988677064,1.256787423294414
2024-05-27,1.71083799591119,0.0018448629104217407,0.0016979728354951512,0.0,0.9990075198004994,0.0,0.9990075198004994,0.0009924801995006005,0.0017110975271309962,0.0,1.0021992698052125,True,0,long_only,1.3631383806737514,1.2550728672650115
2024-05-28,1.705576675193995,-0.003075288677109711,0.0016979728354951512,0.0,0.9990044582221423,0.0,0.9990044582221423,0.0009955417778576559,0.0,0.0,0.0,True,0,long_only,1.3617877335762196,1.2524541330056953
2024-05-29,1.7052856603867133,-0.00017062546147250668,0.0016979728354951512,0.0,0.999004288328379,0.0,0.999004288328379,0.0009957116716210468,0.0,0.0,0.0,True,0,long_only,1.3606542878809749,1.2532835677477288
2024-05-30,1.7088803588142218,0.0021079743476488666,0.0016979728354951512,0.0,0.999006382847847,0.0,0.999006382847847,0.000993617152152959,0.0,0.0,0.0,True,0,long_only,1.3607159581699242,1.2558685363788609
2024-05-31,1.710605890649244,0.0010097440854310857,0.0016979728354951512,0.0,0.9990073851348362,0.0,0.9990073851348362,0.0009926148651637767,0.0,0.0,0.0,True,0,long_only,1.359647232393302,1.258124791412381
2024-06-03,1.6924632189374118,-0.010605991602745002,0.0019526573185982797,0.0,0.998846263069856,0.0,0.998846263069856,0.0011537369301439782,0.001464989214320682,0.0,0.8560274708785005,True,0,long_only,1.3481023509934,1.2554411893802102
2024-06-04,1.6894175057808896,-0.0017995742078427135,0.0019526573185982797,0.0,0.9988441830915586,0.0,0.9988441830915586,0.0011558169084413539,0.0,0.0,0.0,True,0,long_only,1.3511614684034647,1.2503446444318078
2024-06-05,1.684293052042439,-0.003033266626464748,0.0019526573185982797,0.0,0.998840666524017,0.0,0.998840666524017,0.0011593334759829599,0.0,0.0,0.0,True,0,long_only,1.348179608278457,1.2493090992476725
2024-06-06,1.673857153288252,-0.006196011282913139,0.0019526573185982797,0.0,0.9988334384957747,0.0,0.9988334384957747,0.0011665615042253386,0.0,0.0,0.0,True,0,long_only,1.3434794512564134,1.2459119875059284
2024-06-07,1.6804159668462473,0.003918383086101818,0.0019526573185982797,0.0,0.9988379916894845,0.0,0.9988379916894845,0.0011620083105154944,0.0,0.0,0.0,True,0,long_only,1.345440701984089,1.2489706639379783
2024-06-11,1.6881453301135338,0.004599672592847881,0.0020462354427171086,0.0,0.998787879570428,0.0,0.998787879570428,0.0012121204295719723,0.0013100665958187814,0.0,0.7794278378073756,True,0,long_only,1.3472806452203154,1.253001990418617
2024-06-12,1.7001488281470525,0.007110464851217246,0.0020462354427171086,0.0,0.998796437459568,0.0,0.998796437459568,0.0012035625404319683,0.0,0.0,0.0,True,0,long_only,1.3508734478232083,1.258555219133713
2024-06-13,1.6962573012148752,-0.0022889331026499926,0.0020462354427171086,0.0,0.9987936762652391,0.0,0.9987936762652391,0.001206323734760928,0.0,0.0,0.0,True,0,long_only,1.3460584214168037,1.260166181665033
2024-06-14,1.6967418508386374,0.0002856580917383056,0.0020462354427171086,0.0,0.9987940207629665,0.0,0.9987940207629665,0.001205979237033472,0.0,0.0,0.0,True,0,long_only,1.3468201511396467,1.2598132344566535
2024-06-17,1.694062263655744,-0.0015792544879876802,0.0023342105331296045,0.0,0.9986221223486247,0.0,0.9986221223486247,0.0013778776513753144,0.0010511002155810753,0.0,0.6199823661982061,True,0,long_only,1.3427898961025055,1.261598905810074
2024-06-18,1.6971026253200296,0.0017947165989782299,0.0023342105331296045,0.0,0.9986245908183135,0.0,0.9986245908183135,0.0013754091816865488,0.0,0.0,0.0,True,0,long_only,1.344334364108163,1.2624111014568125
2024-06-19,1.6860649966111008,-0.006503807456456845,0.0023342105331296045,0.0,0.9986155868618225,0.0,0.9986155868618225,0.0013844131381774982,0.0,0.0,0.0,True,0,long_only,1.338333370606585,1.2598243708493275
2024-06-20,1.658864472308298,-0.016132547889597726,0.0023342105331296045,0.0,0.9985928865364864,0.0,0.9985928865364864,0.0014071134635136318,0.0,0.0,0.0,True,0,long_only,1.3247997918119476,1.252162389034984
2024-06-21,1.647566525323075,-0.0068106510048417945,0.0023342105331296045,0.0,0.9985832374612783,0.0,0.9985832374612783,0.0014167625387216942,0.0,0.0,0.0,True,0,long_only,1.317159114089357,1.2508485176159991
2024-06-24,1.6146780709396693,-0.019961836974659586,0.0024858712233783997,0.0,0.9984604539640947,0.0,0.9984604539640947,0.001539546035905337,0.0008031063742594464,0.0,0.48752879421916556,True,0,long_only,1.2984540410642802,1.243538869975094
2024-06-25,1.6158727672654123,0.0007398975357655324,0.0024858712233783997,0.0,0.998461592228214,0.0,0.998461592228214,0.0015384077717860434,0.0,0.0,0.0,True,0,long_only,1.3038017361202883,1.2393546675844682
2024-06-26,1.6649046672712147,0.03034391135186998,0.0024858712233783997,0.0,0.9985068987598834,0.0,0.9985068987598834,0.00149310124011659,0.0,0.0,0.0,True,0,long_only,1.3220700344065996,1.259316544466189
2024-06-27,1.647003233868195,-0.010752227292605498,0.0024858712233783997,0.0,0.9984906701017581,0.0,0.9984906701017581,0.001509329898241929,0.0,0.0,0.0,True,0,long_only,1.3185155215984938,1.249134505349972
2024-06-28,1.659812679888066,0.007777426149787381,0.0024858712233783997,0.0,0.9985023182112658,0.0,0.9985023182112658,0.0014976817887342175,0.0,0.0,0.0,True,0,long_only,1.3232726050411057,1.2543240701612697
2024-07-01,1.6659513744673227,0.0036984261258148354,0.002816709221919498,0.0,0.9983092488381781,0.0,0.9983092488381781,0.001690751161821935,0.000495210393293837,0.0,0.2985247582512594,True,0,long_only,1.3298994503211938,1.2526897233207868
2024-07-02,1.670797736411663,0.0029090656657910774,0.002816709221919498,0.0,0.9983141530775779,0.0,0.9983141530775779,0.0016858469224221295,0.0,0.0,0.0,True,0,long_only,1.3305120870377865,1.2557553987588934
2024-07-03,1.662438767134754,-0.005002980968157988,0.002816709221919498,0.0,0.9983056764088977,0.0,0.9983056764088977,0.0016943235911023313,0.0,0.0,0.0,True,0,long_only,1.3237154790392176,1.2558882882758078
2024-07-04,1.6507597541577472,-0.007025228963552066,0.002816709221919498,0.0,0.9982936891847375,0.0,0.9982936891847375,0.0017063108152625128,0.0,0.0,0.0,True,0,long_only,1.3147207657416802,1.2555972318779764
2024-07-05,1.6594132601826748,0.0052421353277678495,0.002816709221919498,0.0,0.9983025872520692,0.0,0.9983025872520692,0.0016974127479307821,0.0,0.0,0.0,True,0,long_only,1.3173732658619712,1.2596378742336958
2024-07-08,1.6325293300454586,-0.01620086495768791,0.002723379756927726,0.0,0.998331803474029,0.0,0.998331803474029,0.0016681965259710552,0.0005821567517433458,0.0,0.35158015660252234,True,0,long_only,1.3057640033911881,1.2502483801097528
2024-07-09,1.6550360370031774,0.013786402818926513,0.002723379756927726,0.0,0.9983544891494575,0.0,0.9983544891494575,0.001645510850542542,0.0,0.0,0.0,True,0,long_only,1.312955369008579,1.2605424952509283
2024-07-10,1.6629358318952647,0.004773186030675003,0.002723379756927726,0.0,0.9983623061667847,0.0,0.9983623061667847,0.0016376938332153257,0.0,0.0,0.0,True,0,long_only,1.309985368554523,1.2694308438957587
2024-07-11,1.6782247916902442,0.009193956556672545,0.002723379756927726,0.0,0.9983772258815311,0.0,0.9983772258815311,0.0016227741184688949,0.0,0.0,0.0,True,0,long_only,1.3182034428285927,1.27311516353585
2024-07-12,1.6654596215111603,-0.0076063530000811674,0.002723379756927726,0.0,0.9983647878809234,0.0,0.9983647878809234,0.001635212119076579,0.0,0.0,0.0,True,0,long_only,1.3148342797350754,1.2666688473065457
2024-07-15,1.650271774839311,-0.009119312456262851,0.0027438869684680276,0.0,0.998337312065623,0.0,0.998337312065623,0.0016626879343769607,0.0005783587787487602,0.0,0.34754095358901615,True,0,long_only,1.309232110025217,1.2604883138769987
2024-07-16,1.6479887669878677,-0.001383413257289412,0.0027438869684680276,0.0,0.9983350086945779,0.0,0.9983350086945779,0.001664991305422081,0.0,0.0,0.0,True,0,long_only,1.3075866653925994,1.2603285201696848
2024-07-17,1.5991265068988312,-0.029649631761959894,0.0027438869684680276,0.0,0.998284133896455,0.0,0.998284133896455,0.0017158661035450162,0.0,0.0,0.0,True,0,long_only,1.2986468454291813,1.2313790408279521
2024-07-18,1.5881404523983276,-0.006870034642730394,0.0027438869684680276,0.0,0.9982722642922895,0.0,0.9982722642922895,0.0017277357077104538,0.0,0.0,0.0,True,0,long_only,1.2976374180073178,1.2238707287256814
2024-07-19,1.5928404572315864,0.002959439025786992,0.0027438869684680276,0.0,0.9982773623334272,0.0,0.9982773623334272,0.0017226376665727683,0.0,0.0,0.0,True,0,long_only,1.2986082167866526,1.2265750644740245
2024-07-22,1.5811968701453847,-0.0073099518745516345,0.002609058116354446,0.0,0.998349947330648,0.0,0.998349947330648,0.0016500526693520312,0.0005606637306170109,0.0,0.35310333218212525,True,0,long_only,1.291623887139305,1.2241929604193271
2024-07-23,1.5557486803221285,-0.016094257649849952,0.002609058116354446,0.0,0.9983229565614581,0.0,0.9983229565614581,0.0016770434385419142,0.0,0.0,0.0,True,0,long_only,1.2788059547746695,1.2165635251489406
2024-07-24,1.5354809515084307,-0.013027636834955447,0.002609058116354446,0.0,0.9983008202649526,0.0,0.9983008202649526,0.001699179735047407,0.0,0.0,0.0,True,0,long_only,1.2654722961475044,1.2133659157793635
2024-07-25,1.5267225495523078,-0.0057040121191467286,0.002609058116354446,0.0,0.9982910725219067,0.0,0.9982910725219067,0.0017089274780932584,0.0,0.0,0.0,True,0,long_only,1.2646478795924883,1.2072313362390397
2024-07-26,1.5513328568351663,0.016119698559555085,0.002609058116354446,0.0,0.9983181829064866,0.0,0.9983181829064866,0.001681817093513449,0.0,0.0,0.0,True,0,long_only,1.2785599513143566,1.2133438523867417
2024-07-29,1.545357607965926,-0.003851687175265628,0.0020593954214826625,0.0,0.9986673664329428,0.0,0.9986673664329428,0.001332633567057151,0.0010443640639845764,0.0,0.6717307389771163,True,0,long_only,1.277940876490676,1.209255949468959
2024-07-30,1.5435638233223183,-0.0011607569887779334,0.0020593954214826625,0.0,0.9986658177715969,0.0,0.9986658177715969,0.0013341822284030913,0.0,0.0,0.0,True,0,long_only,1.275909823128256,1.2097750133609226
2024-07-31,1.5686233335979334,0.01623483907628631,0.0020593954214826625,0.0,0.9986871319727477,0.0,0.9986871319727477,0.0013128680272522786,0.0,0.0,0.0,True,0,long_only,1.2896534875226096,1.2163137996169944
2024-08-01,1.5698547345333442,0.0007850201568697646,0.0020593954214826625,0.0,0.9986881617921834,0.0,0.9986881617921834,0.0013118382078165514,0.0,0.0,0.0,True,0,long_only,1.2903599850635916,1.2166021518839787
2024-08-02,1.5594643373856059,-0.006618699755571389,0.0020593954214826625,0.0,0.9986794212781197,0.0,0.9986794212781197,0.0013205787218802945,0.0,0.0,0.0,True,0,long_only,1.2866519742285962,1.2120327552604677
2024-08-05,1.533241065222847,-0.01681556386645,0.002312388511478736,0.0,0.9984918297820685,0.0,0.9984918297820685,0.0015081702179314815,0.0007902679202800413,0.0,0.5085676170903803,True,0,long_only,1.2763303331754303,1.2012885891446603
2024-08-06,1.5464797005603663,0.00863441218592409,0.002312388511478736,0.0,0.9985047404691825,0.0,0.9985047404691825,0.0014952595308175276,0.0,0.0,0.0,True,0,long_only,1.2783102205288872,1.2097843510321984
2024-08-07,1.5514104033731373,0.0031883398217154024,0.002312388511478736,0.0,0.9985094927129204,0.0,0.9985094927129204,0.0014905072870795566,0.0,0.0,0.0,True,0,long_only,1.2795310889414329,1.2124835549377957
2024-08-08,1.5537832067645976,0.001529449194295207,0.002312388511478736,0.0,0.9985117688867975,0.0,0.9985117688867975,0.0014882311132025094,0.0,0.0,0.0,True,0,long_only,1.2782986997056769,1.2155087125742599
2024-08-09,1.547088152689855,-0.004308872721493495,0.002312388511478736,0.0,0.998505328537706,0.0,0.998505328537706,0.0014946714622939838,0.0,0.0,0.0,True,0,long_only,1.2774742831506607,1.211052287388706
2024-08-12,1.5417288410311587,-0.00346412817484143,0.0022985542040754986,0.0,0.9985091060484163,0.0,0.9985091060484163,0.0014908939515837494,0.0007891647642784025,0.0,0.5102711825381098,True,0,long_only,1.2733169602104653,1.2107973813341244
2024-08-13,1.540842630023363,-0.0005748163906715842,0.0022985542040754986,0.0,0.9985082485652408,0.0,0.9985082485652408,0.0014917514347592142,0.0,0.0,0.0,True,0,long_only,1.2723085493318262,1.2110605016625582
2024-08-14,1.533002371661603,-0.005088292736060374,0.0022985542040754986,0.0,0.9985006192772004,0.0,0.9985006192772004,0.001499380722799648,0.0,0.0,0.0,True,0,long_only,1.2676087311575244,1.209365582597189
2024-08-15,1.521009814277204,-0.007822921611921885,0.0022985542040754986,0.0,0.998488797256599,0.0,0.998488797256599,0.0015112027434009967,0.0,0.0,0.0,True,0,long_only,1.2624945021953946,1.2047654953207863
2024-08-16,1.4843061842391014,-0.02413109349695053,0.0022985542040754986,0.0,0.9984514285337605,0.0,0.9984514285337605,0.0015485714662395456,0.0,0.0,0.0,True,0,long_only,1.2478505193519334,1.1894903766277796
2024-08-19,1.4855528920837737,0.0008399263291565262,0.002301242020675578,0.0,0.9984509188242717,0.0,0.9984509188242717,0.001549081175728273,0.0006910663603797076,0.0,0.4610798870768358,True,0,long_only,1.2530369228829978,1.1855619455058046
2024-08-20,1.4658564924284647,-0.013258632365274359,0.002301242020675578,0.0,0.9984301041523763,0.0,0.9984301041523763,0.0015698958476236813,0.0,0.0,0.0,True,0,long_only,1.2414767933347293,1.1807361203192768
2024-08-21,1.4650940330473452,-0.0005201459931840624,0.002301242020675578,0.0,0.9984292871523822,0.0,0.9984292871523822,0.0015707128476177834,0.0,0.0,0.0,True,0,long_only,1.240319967145323,1.181222645652762
2024-08-22,1.449429754263101,-0.010691654208476398,0.002301242020675578,0.0,0.9984123121428222,0.0,0.9984123121428222,0.0015876878571777775,0.0,0.0,0.0,True,0,long_only,1.2345920849233765,1.1740151034202184
2024-08-23,1.4575597519520673,0.0056091008653949,0.002301242020675578,0.0,0.9984211679709228,0.0,0.9984211679709228,0.0015788320290771596,0.0,0.0,0.0,True,0,long_only,1.235338905345594,1.1798865442065112
2024-08-26,1.4853065012797115,0.01903644038639496,0.002205669649621137,0.0,0.9985150070724655,0.0,0.9985150070724655,0.0014849929275344564,0.0007088923536084592,0.0,0.48557965736118086,True,0,long_only,1.2452241105077362,1.1928025555769897
2024-08-27,1.4864241181121178,0.0007524486235288563,0.002205669649621137,0.0,0.9985161236132103,0.0,0.9985161236132103,0.0014838763867897065,0.0,0.0,0.0,True,0,long_only,1.2416102993448717,1.1971744426543665
2024-08-28,1.4897637198879154,0.0022467354606969803,0.002205669649621137,0.0,0.9985194500173576,0.0,0.9985194500173576,0.001480549982642354,0.0,0.0,0.0,True,0,long_only,1.2411074492965182,1.2003503167532674
2024-08-29,1.5066934831943037,0.011364059333960563,0.002205669649621137,0.0,0.998536086022656,0.0,0.998536086022656,0.0014639139773440224,0.0,0.0,0.0,True,0,long_only,1.246494450690538,1.2087446376994455
2024-08-30,1.5366501056663453,0.01988236015233258,0.11483692696561991,0.0,0.9252680056818643,0.0,0.9252680056818643,0.07473199431813571,0.00011274400131731609,0.0,0.07482406446295285,True,0,long_only,1.2581108289638918,1.2213948646573867
2024-09-02,1.5202947152726012,-0.010643535788293024,0.0019833488380303133,0.0,0.9986954181856281,0.0,0.9986954181856281,0.0013045818143718746,0.0009699430038018059,0.0,0.6316620556858893,True,0,long_only,1.2508347514111315,1.215424110624907
2024-09-03,1.5246488182234428,0.0028639861121011467,0.18093265088816896,0.0,0.8813283106735386,0.0,0.8813283106735386,0.11867168932646144,0.00017912843048061925,0.0,0.11800697797931718,True,0,long_only,1.2525618583494456,1.21722436944754
2024-09-04,1.5278872161463177,0.0021240287495505328,0.18093265088816896,0.0,0.8815798385010887,0.0,0.8815798385010887,0.11842016149891132,0.0,0.0,0.0,True,0,long_only,1.2531639907860523,1.2192236829179428
2024-09-05,1.545075839189858,0.011249929223764221,0.18093265088816896,0.0,0.8828972363045695,0.0,0.8828972363045695,0.11710276369543049,0.0,0.0,0.0,True,0,long_only,1.2611031933688852,1.2251779611011642
2024-09-06,1.5420443208559682,-0.001962051477990445,0.18093265088816896,0.0,0.8826670229635581,0.0,0.8826670229635581,0.11733297703644185,0.0,0.0,0.0,True,0,long_only,1.2574978533995578,1.2262798832516166
2024-09-09,1.5299576729669027,-0.007838067768607626,0.002155531138311846,0.0,0.9985911171423901,0.0,0.9985911171423901,0.0014088828576098722,0.0007400037424259055,0.0,0.48062130151178434,True,0,long_only,1.2509489431000096,1.223037663851791
2024-09-10,1.5179978000798497,-0.007817126642373218,0.002155531138311846,0.0,0.998580016955098,0.0,0.998580016955098,0.0014199830449019846,0.0,0.0,0.0,True,0,long_only,1.2449306683636163,1.219343244290996
2024-09-11,1.5156643942985153,-0.001537160186405928,0.002155531138311846,0.0,0.9985778308533074,0.0,0.9985778308533074,0.0014221691466925757,0.0,0.0,0.0,True,0,long_only,1.241329733414928,1.221000636252292
2024-09-12,1.5088014372262895,-0.004528018932187239,0.002155531138311846,0.0,0.9985713619531842,0.0,0.9985713619531842,0.001428638046815811,0.0,0.0,0.0,True,0,long_only,1.2401146254139872,1.2166628844673182
2024-09-13,1.5018603875076697,-0.004600373215033482,0.002155531138311846,0.0,0.9985647593103585,0.0,0.9985647593103585,0.0014352406896415149,0.0,0.0,0.0,True,0,long_only,1.2355801649375266,1.2155102761653727
2024-09-18,1.4946917771425183,-0.0047731536331732105,0.002331423245601858,0.0,0.9984401979851264,0.0,0.9984401979851264,0.0015598020148736014,0.0006669637832053291,0.0,0.4441183223269846,True,0,long_only,1.2310734899758673,1.2141369214049267
2024-09-19,1.5088639072081316,0.009481640484238607,0.002331423245601858,0.0,0.9984548485556158,0.0,0.9984548485556158,0.001545151444384163,0.0,0.0,0.0,True,0,long_only,1.237459075664023,1.2193242886828175
2024-09-20,1.498566200141365,-0.0068248083989366215,0.002331423245601858,0.0,0.9984442307284244,0.0,0.9984442307284244,0.0015557692715756355,0.0,0.0,0.0,True,0,long_only,1.2341258304311025,1.2142734259260166
2024-09-23,1.4990074551548622,0.0002944514653109298,0.002158711700678774,0.0,0.9985599059609375,0.0,0.9985599059609375,0.0014400940390625339,0.0008373977338431498,0.0,0.5579978810107893,True,0,long_only,1.233887281621102,1.2148657964813778
2024-09-24,1.5422106955362682,0.028821231163885352,0.002158711700678774,0.0,0.9986002485218609,0.0,0.9986002485218609,0.0013997514781390885,0.0,0.0,0.0,True,0,long_only,1.258148441063196,1.2257780125157776
2024-09-25,1.5593795578861376,0.011132630839328694,0.002158711700678774,0.0,0.99861565986949,0.0,0.99861565986949,0.0013843401305100311,0.0,0.0,0.0,True,0,long_only,1.2638163472349007,1.2338656334821896
2024-09-26,1.5918339165231645,0.020812353524129357,0.002158711700678774,0.0,0.9986438838384636,0.0,0.9986438838384636,0.0013561161615364137,0.0,0.0,0.0,True,0,long_only,1.283423094100051,1.2403033137247497
2024-09-27,1.6371606335114863,0.02847452646776305,0.002158711700678774,0.0,0.9986814295088146,0.0,0.9986814295088146,0.0013185704911854446,0.0,0.0,0.0,True,0,long_only,1.298568910448641,1.2607422065463323
2024-09-30,1.7114767377352738,0.045393288051637004,0.0023052330313324057,0.0,0.9986530736991595,0.0,0.9986530736991595,0.0013469263008405452,0.0010189758608170373,0.0,0.6120541588369447,True,0,long_only,1.3308905799650175,1.2859635220953025
2024-10-08,1.8066236975127516,0.05559348700431754,0.0027023463771243695,0.0,0.9985042007470373,0.0,0.9985042007470373,0.0014957992529627262,0.0010408019064537715,0.0,0.5552132893959953,True,0,long_only,1.360906390600635,1.3275150370301367
2024-10-09,1.7330032064219094,-0.040750318504179095,0.0027023463771243695,0.0,0.9984406570241127,0.0,0.9984406570241127,0.0015593429758873345,0.0,0.0,0.0,True,0,long_only,1.3099172601584859,1.322986771097462
2024-10-10,1.7272742721684116,-0.0033057839894746754,0.0027023463771243695,0.0,0.9984354850757247,0.0,0.9984354850757247,0.0015645149242753398,0.0,0.0,0.0,True,0,long_only,1.3132816793836224,1.3152351847161174
2024-10-11,1.6828318387009311,-0.02572980688914439,0.0027023463771243695,0.0,0.9983941673107336,0.0,0.9983941673107336,0.0016058326892663954,0.0,0.0,0.0,True,0,long_only,1.29787630566506,1.296604176650418
2024-10-14,1.7124643742068548,0.017608732390515414,0.0025605092444987384,0.0,0.9985047810143877,0.0,0.9985047810143877,0.0014952189856123344,0.0007896838750116442,0.0,0.47057572969516376,True,0,long_only,1.3177446429866313,1.2995418978335607
2024-10-15,1.699746821255032,-0.007426462788583832,0.0025605092444987384,0.0,0.9984935937443858,0.0,0.9984935937443858,0.0015064062556141566,0.0,0.0,0.0,True,0,long_only,1.3151802432791246,1.2924059876516025
2024-10-16,1.705798160317253,0.0035601414202104387,0.0025605092444987384,0.0,0.998498937738318,0.0,0.998498937738318,0.0015010622616820068,0.0,0.0,0.0,True,0,long_only,1.32246208124349,1.289865459668468
2024-10-17,1.7050152990500456,-0.0004589413246064433,0.0025605092444987384,0.0,0.9984982485225057,0.0,0.9984982485225057,0.0015017514774943175,0.0,0.0,0.0,True,0,long_only,1.3216888306974368,1.290027773141075
2024-10-18,1.7445970952807095,0.023214921445406933,0.0025605092444987384,0.0,0.9985323205848358,0.0,0.9985323205848358,0.0014676794151642358,0.0,0.0,0.0,True,0,long_only,1.3355707449703136,1.3062558474350885
2024-10-21,1.761252591846057,0.009546901465330881,0.0023077273557535953,0.0,0.998689723798598,0.0,0.998689723798598,0.0013102762014020053,0.0011831320703172903,0.0,0.676672720445972,True,0,long_only,1.3447606345669425,1.3097145667215628
2024-10-22,1.7640438298036185,0.0015848027537241904,0.0023077273557535953,0.0,0.9986917970422479,0.0,0.9986917970422479,0.001308202957752136,0.0,0.0,0.0,True,0,long_only,1.3473009760848043,1.3093168201583658
2024-10-23,1.768079955401211,0.002287996210412535,0.0023077273557535953,0.0,0.9986947833729443,0.0,0.9986947833729443,0.0013052166270557386,0.0,0.0,0.0,True,0,long_only,1.3524382466933544,1.307327680006152
2024-10-24,1.7475071817196908,-0.0116356580021586,0.0023077273557535953,0.0,0.9986794175269239,0.0,0.9986794175269239,0.0013205824730760929,0.0,0.0,0.0,True,0,long_only,1.343625833480732,1.3005906392798978
2024-10-25,1.767506654171984,0.01144457239518304,0.0023077273557535953,0.0,0.9986943600182175,0.0,0.9986943600182175,0.0013056399817824582,0.0,0.0,0.0,True,0,long_only,1.3556196881380926,1.303836665724151
2024-10-28,1.7836929252260725,0.00915768606351941,0.0019458995452570234,0.0,0.9989090613537023,0.0,0.9989090613537023,0.0010909386462977233,0.001578726824200219,0.0,0.8943465696589482,True,0,long_only,1.3599989563489563,1.3115399220706478
2024-10-29,1.7690064542085244,-0.008233744054171543,0.0019458995452570234,0.0,0.998900004270404,0.0,0.998900004270404,0.0010999957295959595,0.0,0.0,0.0,True,0,long_only,1.3500259896217714,1.3103499249700639
2024-10-30,1.760484850889028,-0.004817169151205336,0.0019458995452570234,0.0,0.9988946797558216,0.0,0.9988946797558216,0.0011053202441784205,0.0,0.0,0.0,True,0,long_only,1.3458950968054113,1.308040169748503
2024-10-31,1.7697561965135704,0.0052663592190869135,0.0019458995452570234,0.0,0.998900470274329,0.0,0.998900470274329,0.0010995297256709557,0.0,0.0,0.0,True,0,long_only,1.3511641791853963,1.3098010025550997
2024-11-01,1.7608156249492928,-0.005051866229874302,0.10448695297747211,0.0,0.9406599126581006,0.0,0.9406599126581006,0.05934008734189944,0.00010264369712934444,0.0,0.058033729105358554,True,0,long_only,1.348282279144125,1.305969567490748
2024-11-04,1.77195240212777,0.006324783254236577,0.0015783777390719915,0.0,0.999109243714912,0.0,0.999109243714912,0.0008907562850879458,0.001828047820336346,0.0,1.0403425827965918,True,0,long_only,1.3566209832141607,1.3061514041523885
2024-11-05,1.7950517795659697,0.013036116213088977,0.0015783777390719915,0.0,0.9991207062899022,0.0,0.9991207062899022,0.0008792937100977616,0.0,0.0,0.0,True,0,long_only,1.3689326770530277,1.3112783482020978
2024-11-06,1.791330859204194,-0.002072876339352936,0.0015783777390719915,0.0,0.9991188798367637,0.0,0.9991188798367637,0.0008811201632362708,0.0,0.0,0.0,True,0,long_only,1.3683735782795887,1.3090948901953923
2024-11-07,1.8035506992966737,0.006821654430666291,0.0015783777390719915,0.0,0.9991248498089421,0.0,0.9991248498089421,0.0008751501910578829,0.0,0.0,0.0,True,0,long_only,1.3794694864220323,1.3074234095417308
2024-11-08,1.7995940033524207,-0.002193836827429463,0.0015783777390719915,0.0,0.9991229256509347,0.0,0.9991229256509347,0.0008770743490652544,0.0,0.0,0.0,True,0,long_only,1.3773896389848395,1.3065250038317069
2024-11-11,1.822739467944935,0.012861492397394647,0.0028757975674815824,0.0,0.9984222662546919,0.0,0.9984222662546919,0.0015777337453081186,0.0007171088007420668,0.0,0.39860662833531696,True,0,long_only,1.391008607410329,1.310372529856856
2024-11-12,1.80821317917468,-0.00796948166521716,0.09557889725964734,0.0,0.9471417981240065,0.0,0.9471417981240065,0.05285820187599355,9.279589558775352e-05,0.0,0.05077868335191372,True,0,long_only,1.3852783532541921,1.3053067456998524
2024-11-13,1.8078688457444123,-0.00019042745304220787,0.09557889725964734,0.0,0.9471317305541092,0.0,0.9471317305541092,0.05286826944589085,0.0,0.0,0.0,True,0,long_only,1.3853417177818486,1.3049984870441182
2024-11-14,1.7859389501583678,-0.012130246968780845,0.09557889725964734,0.0,0.9464825506766781,0.0,0.9464825506766781,0.05351744932332192,0.0,0.0,0.0,True,0,long_only,1.3726854157898982,1.3010548007685119
2024-11-15,1.76455234608376,-0.011974991683064706,0.09557889725964734,0.0,0.9458339122260813,0.0,0.9458339122260813,0.054166087773918736,0.0,0.0,0.0,True,0,long_only,1.3648441402043523,1.2928599640831964
2024-11-18,1.7472325518602447,-0.009815404038284736,0.0025690241246037475,0.0,0.9985296610220153,0.0,0.9985296610220153,0.0014703389779846532,0.0008586532036901572,0.0,0.4869465068806485,True,0,long_only,1.3563000944029808,1.2882344837035091
2024-11-19,1.7689979923770236,0.01245709421656871,0.0025690241246037475,0.0,0.9985477518144881,0.0,0.9985477518144881,0.0014522481855119285,0.0,0.0,0.0,True,0,long_only,1.3649708692596652,1.2959968833155358
2024-11-20,1.7801394016999283,0.006298146957156137,0.0025690241246037475,0.0,0.9985568410416901,0.0,0.9985568410416901,0.0014431589583099314,0.0,0.0,0.0,True,0,long_only,1.3731902989247007,1.2963530277587134
2024-11-21,1.7785655314589361,-0.0008841275236586288,0.0025690241246037475,0.0,0.9985555639760452,0.0,0.9985555639760452,0.0014444360239548315,0.0,0.0,0.0,True,0,long_only,1.3750885239724613,1.2934189330014039
2024-11-22,1.7551415275128939,-0.013170166368190017,0.0025690241246037475,0.0,0.9985362866274128,0.0,0.9985362866274128,0.0014637133725872165,0.0,0.0,0.0,True,0,long_only,1.3635168736009824,1.2872165805162716
2024-11-25,1.7502561519662005,-0.002783465304713073,0.002388515687358129,0.0,0.9986353336426358,0.0,0.9986353336426358,0.0013646663573642082,0.0011183286576013146,0.0,0.6366945957532324,True,0,long_only,1.363366425203766,1.2837753076577418
2024-11-26,1.7470285652228479,-0.0018440653613625013,0.002388515687358129,0.0,0.9986328124594497,0.0,0.9986328124594497,0.0013671875405503187,0.0,0.0,0.0,True,0,long_only,1.3616159377712902,1.2830553144687817
2024-11-27,1.7619422896910406,0.008536623135460886,0.002388515687358129,0.0,0.9986443848352281,0.0,0.9986443848352281,0.001355615164771895,0.0,0.0,0.0,True,0,long_only,1.3715983922352362,1.2845905183802946
2024-11-28,1.7639765674743721,0.0011545655015117173,0.002388515687358129,0.0,0.9986459481767505,0.0,0.9986459481767505,0.0013540518232495469,0.0,0.0,0.0,True,0,long_only,1.3745494172157695,1.2833125862054564
2024-11-29,1.7781240612074187,0.008020227702515648,0.002388515687358129,0.0,0.9986567215755822,0.0,0.9986567215755822,0.0013432784244178375,0.0,0.0,0.0,True,0,long_only,1.384032410108777,1.2847416348202918
2024-12-02,1.787722720905307,0.005398194595809258,0.002606994485524745,0.0,0.9985417232465421,0.0,0.9985417232465421,0.0014582767534578878,0.0009453505723044846,0.0,0.5313516642210837,True,0,long_only,1.3907097437023455,1.2854750813394276
2024-12-03,1.7869305877282833,-0.0004430962183120668,0.002606994485524745,0.0,0.9985410768031908,0.0,0.9985410768031908,0.001458923196809181,0.0,0.0,0.0,True,0,long_only,1.3924473549206453,1.2833020806234496
2024-12-04,1.7711511642262883,-0.008830462475912682,0.002606994485524745,0.0,0.9985280790605676,0.0,0.9985280790605676,0.0014719209394323807,0.0,0.0,0.0,True,0,long_only,1.385566034986707,1.278287082321039
2024-12-05,1.7898190363428268,0.010539965471944024,0.002606994485524745,0.0,0.9985434312449534,0.0,0.9985434312449534,0.0014565687550466278,0.0,0.0,0.0,True,0,long_only,1.3909272839523743,1.2867811689314095
2024-12-06,1.7999460897024,0.005658143730701282,0.002606994485524745,0.0,0.9985516263512338,0.0,0.9985516263512338,0.0014483736487661547,0.0,0.0,0.0,True,0,long_only,1.3982267419992966,1.2873062970664493
2024-12-09,1.795731631935032,-0.0023414355526973907,0.002633702434363133,0.0,0.9985333541006208,0.0,0.9985333541006208,0.001466645899379171,0.000968928226813939,0.0,0.5369748450691456,True,0,long_only,1.3998430457261475,1.2828092673800606
2024-12-10,1.8091923548280557,0.007495954659170634,0.002633702434363133,0.0,0.9985442662150684,0.0,0.9985442662150684,0.0014557337849315788,0.0,0.0,0.0,True,0,long_only,1.4093270551623793,1.2837278247096484
2024-12-11,1.8318713312974426,0.012535414716331905,0.002633702434363133,0.0,0.9985622885246543,0.0,0.9985622885246543,0.00143771147534566,0.0,0.0,0.0,True,0,long_only,1.4210796502278074,1.2890701312933324
2024-12-12,1.8450227086106332,0.007179203631008324,0.002633702434363133,0.0,0.9985725365752564,0.0,0.9985725365752564,0.0014274634247436468,0.0,0.0,0.0,True,0,long_only,1.431074303210447,1.289257101795163
2024-12-13,1.8256659328570033,-0.0104913482437331,0.002633702434363133,0.0,0.998557401774901,0.0,0.998557401774901,0.0014425982250989566,0.0,0.0,0.0,True,0,long_only,1.4230456448238635,1.2829285831397024
2024-12-16,1.8033210026110367,-0.012239331327719372,0.002853570640482513,0.0,0.9984176025031868,0.0,0.9984176025031868,0.0015823974968132148,0.000792978309221067,0.0,0.4341721255321201,True,0,long_only,1.411162254530225,1.2778977022818407
2024-12-17,1.7917572716538683,-0.006412463970876581,0.002853570640482513,0.0,0.9984073899486126,0.0,0.9984073899486126,0.0015926100513874442,0.0,0.0,0.0,True,0,long_only,1.4014407128272168,1.278510931824751
2024-12-18,1.8032338518602817,0.00640520922558907,0.002853570640482513,0.0,0.9984175260255133,0.0,0.9984175260255133,0.0015824739744867422,0.0,0.0,0.0,True,0,long_only,1.4075657246021758,1.2811009960973117
2024-12-19,1.800346900423728,-0.0016009856034898684,0.002853570640482513,0.0,0.998414988444832,0.0,0.998414988444832,0.0015850115551679922,0.0,0.0,0.0,True,0,long_only,1.40534762728646,1.2810687302329313
2024-12-20,1.813865194696494,0.0075087163865945605,0.002853570640482513,0.0,0.9984268011488252,0.0,0.9984268011488252,0.0015731988511747952,0.0,0.0,0.0,True,0,long_only,1.4116806915746865,1.2848976440084217
2024-12-23,1.7970910498089714,-0.009247735133001145,0.002081444474849719,0.0,0.9988417701623572,0.0,0.9988417701623572,0.001158229837642799,0.0015413869703504337,0.0,0.8494109814922572,True,0,long_only,1.4042961827446532,1.2797094173514114
2024-12-24,1.8059493218066782,0.004929228265116992,0.002081444474849719,0.0,0.9988474513377998,0.0,0.9988474513377998,0.001152548662200159,0.0,0.0,0.0,True,0,long_only,1.4102629526243418,1.2805763056074106
2024-12-25,1.8064849584828873,0.0002965956296454575,0.002081444474849719,0.0,0.9988477930773375,0.0,0.9988477930773375,0.001152206922662491,0.0,0.0,0.0,True,0,long_only,1.4067362253310374,1.2841675119710376
2024-12-26,1.8331880048531588,0.014781770667327887,0.002081444474849719,0.0,0.9988645766449817,0.0,0.9988645766449817,0.0011354233550182613,0.0,0.0,0.0,True,0,long_only,1.4104906583066152,1.2996810677597956
2024-12-27,1.8267187489530379,-0.00352896477775011,0.002081444474849719,0.0,0.9988605555857777,0.0,0.9988605555857777,0.0011394444142223126,0.0,0.0,0.0,True,0,long_only,1.4138493171201465,1.2920179872306763
2024-12-30,1.8288298693687357,0.0011556899040465751,0.002477101230771237,0.0,0.99864552669865,0.0,0.99864552669865,0.0013544733013499677,0.0011743287903413454,0.0,0.6422075383907179,True,0,long_only,1.4151508312951642,1.2923215172017863
2024-12-31,1.8000079444647021,-0.015759762778799202,0.002477101230771237,0.0,0.9986238387233852,0.0,0.9986238387233852,0.0013761612766147735,0.0,0.0,0.0,True,0,long_only,1.4047180481827934,1.2814015928629048
2025-01-02,1.7784656044704434,-0.011967913841994249,0.002477101230771237,0.0,0.9986071694473344,0.0,0.9986071694473344,0.0013928305526655915,0.0,0.0,0.0,True,0,long_only,1.3945112765139887,1.2753325372285746
2025-01-03,1.7698010392412686,-0.004871932978290472,0.002477101230771237,0.0,0.9986003504485266,0.0,0.9986003504485266,0.0013996495514734253,0.0,0.0,0.0,True,0,long_only,1.3898202683809653,1.2734028129428216
2025-01-06,1.7650515656920223,-0.0026836200476424432,0.002408037907685386,0.0,0.9986357124321513,0.0,0.9986357124321513,0.0013642875678486766,0.0011314864760743658,0.0,0.6382588570165573,True,0,long_only,1.3863308143392232,1.273182091486087
2025-01-07,1.792482347323094,0.015541065294779166,0.002408037907685386,0.0,0.9986565904477209,0.0,0.9986565904477209,0.0013434095522790734,0.0,0.0,0.0,True,0,long_only,1.3972549266767373,1.282859922767547
2025-01-08,1.792903616216439,0.0002350198282141669,0.002408037907685386,0.0,0.9986569061014183,0.0,0.9986569061014183,0.001343093898581671,0.0,0.0,0.0,True,0,long_only,1.3965341975306134,1.2838236395404394
2025-01-09,1.801639095385037,0.004872252523553167,0.002408037907685386,0.0,0.9986634182651488,0.0,0.9986634182651488,0.0013365817348511833,0.0,0.0,0.0,True,0,long_only,1.3999186087724969,1.2869598875928825
2025-01-10,1.790145470305416,-0.006379538004621543,0.002408037907685386,0.0,0.9986548367450414,0.0,0.9986548367450414,0.0013451632549585923,0.0,0.0,0.0,True,0,long_only,1.3960411740667626,1.2823013415074291
2025-01-13,1.7878117985465651,-0.0013036212964595562,0.0024258736915355548,0.0,0.9986431045518842,0.0,0.9986431045518842,0.0013568954481157913,0.0011391664388211127,0.0,0.6380074070536246,True,0,long_only,1.3938894909083763,1.282606555403094
2025-01-14,1.820576435372727,0.01832666998439003,0.0024258736915355548,0.0,0.9986675243926032,0.0,0.9986675243926032,0.0013324756073967992,0.0,0.0,0.0,True,0,long_only,1.408469431528698,1.2925920823121761
2025-01-15,1.8179274884749288,-0.0014550044954613206,0.0024258736915355548,0.0,0.9986655828095924,0.0,0.9986655828095924,0.0013344171904076108,0.0,0.0,0.0,True,0,long_only,1.411501102271703,1.2879391206631816
2025-01-16,1.8120214491003233,-0.0032487760991831705,0.0024258736915355548,0.0,0.9986612334568445,0.0,0.9986612334568445,0.0013387665431554563,0.0,0.0,0.0,True,0,long_only,1.409893947433872,1.2852182622660078
2025-01-17,1.8254880845654549,0.0074318300546705185,0.0024258736915355548,0.0,0.9986711095448684,0.0,0.9986711095448684,0.001328890455131626,0.0,0.0,0.0,True,0,long_only,1.4143250593491818,1.2907132433936188
2025-01-20,1.8430607334681364,0.009626274228387688,0.0022954367293439863,0.0,0.9987545517694228,0.0,0.9987545517694228,0.0012454482305771508,0.001355295525953108,0.0,0.7412449364346013,True,0,long_only,1.4203850123577773,1.2975782745051188
2025-01-21,1.8668632321444572,0.012914657799437235,0.0022954367293439863,0.0,0.9987704312293368,0.0,0.9987704312293368,0.0012295687706631586,0.0,0.0,0.0,True,0,long_only,1.4245314921702454,1.3105103273640712
2025-01-22,1.869726946487747,0.00153397115224152,0.0022954367293439863,0.0,0.9987723144635339,0.0,0.9987723144635339,0.0012276855364661277,0.0,0.0,0.0,True,0,long_only,1.4222995020971287,1.3145803283562307
2025-01-23,1.8510130614784186,-0.010008886615493373,0.0022954367293439863,0.0,0.9987599024679433,0.0,0.9987599024679433,0.001240097532056672,0.0,0.0,0.0,True,0,long_only,1.4220734906535628,1.301629679228267
2025-01-24,1.8763181973150804,0.013670965571928706,0.0022954367293439863,0.0,0.9987766271559756,0.0,0.9987766271559756,0.0012233728440244063,0.0,0.0,0.0,True,0,long_only,1.429311278411536,1.3127428752960832
2025-01-27,1.8586210562290086,-0.009431844295597291,0.0025691594723808867,0.0,0.9986177066789539,0.0,0.9986177066789539,0.001382293321046113,0.001180257823958392,0.0,0.6285553024912343,True,0,long_only,1.4234997007974444,1.3056701418256775
2025-02-05,1.874767167634744,0.008687145425165133,0.003091471716848994,0.0,0.9983510103173243,0.0,0.9983510103173243,0.0016489896826756834,0.0006390017802778309,0.0,0.34200726564387063,True,0,long_only,1.4277546118871853,1.3130878037625133
2025-02-06,1.9125831092078305,0.02017100695271723,0.003091471716848994,0.0,0.9983836144416598,0.0,0.9983836144416598,0.0016163855583402054,0.0,0.0,0.0,True,0,long_only,1.4389677613481804,1.3291354821013615
2025-02-07,1.9192311844370291,0.003475966716004475,0.003091471716848994,0.0,0.9983892134819831,0.0,0.9983892134819831,0.0016107865180169378,0.0,0.0,0.0,True,0,long_only,1.4467931110898766,1.3265415557524065
2025-02-10,1.9181394268421645,-0.0005688515295695362,0.0025528332553783357,0.0,0.9986691096488325,0.0,0.9986691096488325,0.001330890351167513,0.001283292156767046,0.0,0.6678503542211424,True,0,long_only,1.4497234663581797,1.323107110668963
2025-02-11,1.9136571902521868,-0.002336762660343661,0.0025528332553783357,0.0,0.99866599238966,0.0,0.99866599238966,0.0013340076103399712,0.0,0.0,0.0,True,0,long_only,1.4454777041574587,1.3238925683517346
2025-02-12,1.9357751528716107,0.011557954440371443,0.0025528332553783357,0.0,0.9986812346198414,0.0,0.9986812346198414,0.0013187653801586263,0.0,0.0,0.0,True,0,long_only,1.4519639276248333,1.3332116012263546
2025-02-13,1.913269727134997,-0.011626053626749067,0.0025528332553783357,0.0,0.9986657222349924,0.0,0.9986657222349924,0.0013342777650076076,0.0,0.0,0.0,True,0,long_only,1.4491325158970418,1.3202862444575298
2025-02-14,1.923026300210737,0.005099423744267417,0.0025528332553783357,0.0,0.9986724917620219,0.0,0.9986724917620219,0.0013275082379781145,0.0,0.0,0.0,True,0,long_only,1.4504835018423152,1.3257829529037917
2025-02-17,1.9399428825223377,0.008796854369462759,0.001799830153798117,0.0,0.999072225182497,0.0,0.999072225182497,0.0009277748175029465,0.002087897955822692,0.0,1.0723202471320408,True,0,long_only,1.451634228772375,1.336385464100635
2025-02-18,1.9118652929106172,-0.014473410462071734,0.001799830153798117,0.0,0.9990585999126235,0.0,0.9990585999126235,0.0009414000873765316,0.0,0.0,0.0,True,0,long_only,1.4434046336750952,1.3245525532523479
2025-02-19,1.9447441164527353,0.017197249023786165,0.001799830153798117,0.0,0.9990745156966557,0.0,0.9990745156966557,0.0009254843033442706,0.0,0.0,0.0,True,0,long_only,1.4570656192205282,1.334699062828135
2025-02-20,1.9579531244289743,0.006792157314933878,0.001799830153798117,0.0,0.9990807593239378,0.0,0.9990807593239378,0.0009192406760621941,0.0,0.0,0.0,True,0,long_only,1.460551345937114,1.3405575434752819
2025-02-21,1.9899696389388002,0.016352033207722272,0.001799830153798117,0.0,0.9990955489377426,0.0,0.9990955489377426,0.0009044510622574498,0.0,0.0,0.0,True,0,long_only,1.4696704163557741,1.3540244239747106
2025-02-24,1.9851228492446384,-0.0024356098702824625,0.0013875438052171375,0.0,0.9993010287470394,0.0,0.9993010287470394,0.0006989712529605896,0.0025910572663467085,0.0,1.3006076677850478,True,0,long_only,1.46792501163942,1.3523326011235393
2025-02-25,1.9854938148896255,0.00018687289057606193,0.0013875438052171375,0.0,0.9993011593414134,0.0,0.9993011593414134,0.000698840658586608,0.0,0.0,0.0,True,0,long_only,1.4683207858014664,1.3522207368370571
2025-02-26,2.017406150315928,0.016072744818939055,0.0013875438052171375,0.0,0.9993122139510678,0.0,0.9993122139510678,0.0006877860489321597,0.0,0.0,0.0,True,0,long_only,1.4802638132976051,1.3628693292324177
2025-02-27,1.996458188602398,-0.010383611505422219,0.0013875438052171375,0.0,0.9993049973131727,0.0,0.9993049973131727,0.0006950026868273174,0.0,0.0,0.0,True,0,long_only,1.4763165759571264,1.3523238993019184
2025-02-28,1.953054321540581,-0.021740433788999924,0.0013875438052171375,0.0,0.9992895518624784,0.0,0.9992895518624784,0.0007104481375216354,0.0,0.0,0.0,True,0,long_only,1.4566196955927428,1.3408127924192483
2025-03-03,1.946516020207642,-0.0033477314280646597,0.002523845385816968,0.0,0.9987034037430899,0.0,0.9987034037430899,0.001296596256910143,0.0013791583976965596,0.0,0.7057597411337485,True,0,long_only,1.449749218786532,1.3426570574991676
2025-03-04,1.9616541411906865,0.007777033852220727,0.002523845385816968,0.0,0.9987134096001832,0.0,0.9987134096001832,0.0012865903998168227,0.0,0.0,0.0,True,0,long_only,1.455512002325851,1.347741645590033
2025-03-05,1.9802101896096314,0.009459388395388402,0.002523845385816968,0.0,0.9987254659131339,0.0,0.9987254659131339,0.0012745340868660637,0.0,0.0,0.0,True,0,long_only,1.4610236996887345,1.3553580205656537
2025-03-06,2.0163075000659427,0.018229029749325276,0.002523845385816968,0.0,0.9987482834906212,0.0,0.9987482834906212,0.0012517165093788307,0.0,0.0,0.0,True,0,long_only,1.4748503817797503,1.3671268116246467
2025-03-07,2.0212899036052305,0.0024710534177574406,0.002523845385816968,0.0,0.9987513689247073,0.0,0.9987513689247073,0.0012486310752927166,0.0,0.0,0.0,True,0,long_only,1.4768685589279942,1.3686322261964952
2025-03-10,2.025071797279323,0.0018710298148458815,0.0026113587637728777,0.0,0.9987104858369559,0.0,0.9987104858369559,0.0012895141630441254,0.0014558019092484672,0.0,0.7147229502104538,True,0,long_only,1.4796061098313962,1.3686560117747038
2025-03-11,2.004609383633976,-0.01010453736644712,0.0026113587637728777,0.0,0.9986973228873952,0.0,0.9986973228873952,0.0013026771126047887,0.0,0.0,0.0,True,0,long_only,1.4747199253992813,1.3593153175110364
2025-03-12,2.012043280941018,0.0037084019299389315,0.0026113587637728777,0.0,0.9987021358891687,0.0,0.9987021358891687,0.001297864110831326,0.0,0.0,0.0,True,0,long_only,1.4758892889551223,1.3632752104092263
2025-03-13,1.9957785743727865,-0.008083676291806396,0.0026113587637728777,0.0,0.9986915588746645,0.0,0.9986915588746645,0.0013084411253354578,0.0,0.0,0.0,True,0,long_only,1.4681920236597048,1.359344378808153
2025-03-14,2.012780321303897,0.008518854320526792,0.0026113587637728777,0.0,0.9987026111413485,0.0,0.9987026111413485,0.0012973888586514937,0.0,0.0,0.0,True,0,long_only,1.479018547847673,1.3608891681804638
2025-03-17,2.018141586320983,0.0026636116024885137,0.003245967100061607,0.0,0.9983916058605289,0.0,0.9983916058605289,0.0016083941394711143,0.0007748876832740548,0.0,0.3847995953177882,True,0,long_only,1.4833588485682667,1.3605214869408617
2025-03-18,2.0242702662938346,0.0030367938574737963,0.003245967100061607,0.0,0.9983964754340809,0.0,0.9983964754340809,0.0016035245659190567,0.0,0.0,0.0,True,0,long_only,1.4840368828989645,1.3640296205708589
2025-03-19,2.0064057427998936,-0.008825167168339032,0.003245967100061607,0.0,0.9983821980615286,0.0,0.9983821980615286,0.001617801938471386,0.0,0.0,0.0,True,0,long_only,1.4764080648473255,1.3589777721834477
2025-03-20,1.9956291292179413,-0.005371103836113278,0.003245967100061607,0.0,0.9983734617557253,0.0,0.9983734617557253,0.0016265382442747223,0.0,0.0,0.0,True,0,long_only,1.472698020925881,1.3550837312616846
2025-03-21,1.9697075010477492,-0.01298920114497959,0.003245967100061607,0.0,0.9983520562833136,0.0,0.9983520562833136,0.0016479437166864175,0.0,0.0,0.0,True,0,long_only,1.4586836171860864,1.3503322295807143
2025-03-24,1.9546076998875097,-0.007666011908980086,0.002676456878565703,0.0,0.99863069357666,0.0,0.99863069357666,0.0013693064233399888,0.001260181887695792,0.0,0.639066412389723,True,0,long_only,1.4523163292759704,1.3458553487875116
2025-03-25,1.9619983857976528,0.0037811607467670427,0.002676456878565703,0.0,0.9986358516408883,0.0,0.9986358516408883,0.0013641483591116943,0.0,0.0,0.0,True,0,long_only,1.4564272300755836,1.347131078904527
2025-03-26,1.972190286122792,0.005194652757573692,0.002676456878565703,0.0,0.998642901297406,0.0,0.998642901297406,0.0013570987025940395,0.0,0.0,0.0,True,0,long_only,1.4617159656245744,1.3492294895199408
2025-03-27,1.9689152515178245,-0.001660607816604709,0.002676456878565703,0.0,0.9986406439401074,0.0,0.9986406439401074,0.0013593560598925691,0.0,0.0,0.0,True,0,long_only,1.4613835559901844,1.3472953376594918
2025-03-28,1.9525947986728625,-0.008289058065033994,0.002676456878565703,0.0,0.9986292819788392,0.0,0.9986292819788392,0.0013707180211608438,0.0,0.0,0.0,True,0,long_only,1.4558030725357807,1.3412492633854307
2025-03-31,1.94400962359199,-0.004396803211146327,0.1170467702786569,0.0,0.939791054088309,0.0,0.939791054088309,0.060208945911691014,0.0014915339760184986,0.0,0.763805081720071,True,0,long_only,1.448649319017694,1.3419463206666138
2025-04-01,1.959745415162608,0.008094502917913804,0.1170467702786569,0.0,0.9402745023036857,0.0,0.9402745023036857,0.0597254976963143,0.0,0.0,0.0,True,0,long_only,1.4535748097878203,1.3482246678784107
2025-04-02,1.9653813012634156,0.002875825633882112,0.1170467702786569,0.0,0.9404457698852557,0.0,0.9404457698852557,0.059554230114744255,0.0,0.0,0.0,True,0,long_only,1.4564414616807255,1.349440642121913
2025-04-03,1.9428173715541952,-0.011480688095849567,0.1170467702786569,0.0,0.9397541055621594,0.0,0.9397541055621594,0.060245894437840564,0.0,0.0,0.0,True,0,long_only,1.4509768641539074,1.3389719847029329
2025-04-07,1.8146923359705571,-0.06594805948288485,0.0020958466528086745,0.0,0.9988450677774601,0.0,0.9988450677774601,0.0011549322225399283,0.0015726964950614113,0.0,0.8300814057024339,True,0,long_only,1.392206095328713,1.3034653001875351
2025-04-08,1.8260695883164624,0.0062695213510231,0.0020958466528086745,0.0,0.9988522635357282,0.0,0.9988522635357282,0.001147736464271798,0.0,0.0,0.0,True,0,long_only,1.4056427636692874,1.299099341250613
2025-04-09,1.8518655381875175,0.014126487860102621,0.0020958466528086745,0.0,0.9988682511718103,0.0,0.9988682511718103,0.0011317488281896715,0.0,0.0,0.0,True,0,long_only,1.4173828213682806,1.3065387207104753
2025-04-10,1.8910332021456935,0.021150382222950626,0.0020958466528086745,0.0,0.9988916923032178,0.0,0.9988916923032178,0.0011083076967821626,0.0,0.0,0.0,True,0,long_only,1.4303854257520219,1.3220445119898276
2025-04-11,1.8873880344344394,-0.0019276064043286523,0.0020958466528086745,0.0,0.9988895517961485,0.0,0.9988895517961485,0.0011104482038515329,0.0,0.0,0.0,True,0,long_only,1.4262467394376077,1.3233250476552656
2025-04-14,1.891465081214881,0.0021601529235419914,0.0020867782229023434,0.0,0.9988967397581762,0.0,0.9988967397581762,0.0011032602418238335,0.0017116641283624735,0.0,0.8998489304256124,True,0,long_only,1.4288311311618616,1.3237849035923694
2025-04-15,1.8697438949096516,-0.011483789217656581,0.0020867782229023434,0.0,0.9988839229647527,0.0,0.9988839229647527,0.0011160770352472982,0.0,0.0,0.0,True,0,long_only,1.4231544149488782,1.3138025468422663
2025-04-16,1.850347476842781,-0.010373836823148408,0.0020867782229023434,0.0,0.9988722235963685,0.0,0.9988722235963685,0.0011277764036314863,0.0,0.0,0.0,True,0,long_only,1.415293147346585,1.3073952066480665
2025-04-17,1.8548414414971042,0.0024287139094496535,0.0020867782229023434,0.0,0.9988749560063646,0.0,0.9988749560063646,0.001125043993635444,0.0,0.0,0.0,True,0,long_only,1.4179985077145467,1.3080700941544976
2025-04-18,1.8523016238282435,-0.001369290987379923,0.0020867782229023434,0.0,0.9988734133814613,0.0,0.9988734133814613,0.0011265866185387052,0.0,0.0,0.0,True,0,long_only,1.4179405647507537,1.306332345568971
2025-04-21,1.8724940666577592,0.01090127146127684,0.0019462138359943638,0.0,0.9989606301719992,0.0,0.9989606301719992,0.0010393698280007913,0.001753205093101308,0.0,0.9463471162130843,True,0,long_only,1.4237114806358682,1.3152201777718704
2025-04-22,1.8767633840288627,0.0022800165015870455,0.0019462138359943638,0.0,0.9989629945615114,0.0,0.9989629945615114,0.001037005438488614,0.0,0.0,0.0,True,0,long_only,1.4272632826620422,1.314938460778197
2025-04-23,1.8985249713429646,0.011595274875507267,0.0019462138359943638,0.0,0.998974881096972,0.0,0.998974881096972,0.0010251189030280328,0.0,0.0,0.0,True,0,long_only,1.432568282902624,1.3252596710407647
2025-04-24,1.8850778016464111,-0.007082956452788336,0.10204446802119799,0.0,0.9458672379823936,0.0,0.9458672379823936,0.05413276201760642,0.00010019845263784145,0.0,0.05273701532211919,True,0,long_only,1.4282242548568742,1.3198752193403405
2025-04-25,1.8925135906873722,0.003944552863795137,0.10204446802119799,0.0,0.9460799285546294,0.0,0.9460799285546294,0.05392007144537059,0.0,0.0,0.0,True,0,long_only,1.4306365119284572,1.3228472605779633
2025-04-28,1.8703563792959332,-0.011707821545097197,0.0021826961741711276,0.0,0.9988330051971204,0.0,0.9988330051971204,0.0011669948028796284,0.0014916216029817351,0.0,0.78921014553213,True,0,long_only,1.4228721547802268,1.314493626860541
2025-04-29,1.877526787495941,0.0038337122696940895,0.4171402060667993,0.0,0.7778246314007911,0.0,0.7778246314007911,0.22217536859920894,0.00041537288277540356,0.0,0.2221870164288246,True,0,long_only,1.427567229086148,1.3151932527183556
2025-04-30,1.87671725616715,-0.00043116899006845344,0.4171402060667993,0.0,0.7777287949497882,0.0,0.7777287949497882,0.2222712050502118,0.0,0.0,0.0,True,1,long_only,1.4296653743013807,1.3126968659251645
2025-05-06,1.9064282608355456,0.015831369680627816,0.0011413312318188837,0.0,0.9994013248464337,0.0,0.9994013248464337,0.0005986751535662638,0.0020903750438837597,0.0,1.1127959493614792,True,1,long_only,1.4414176305190673,1.3226064538623854
2025-05-07,1.9012415945650567,-0.0027206196934028704,0.138697609043135,0.0,0.9270489297942881,0.0,0.9270489297942881,0.0729510702057119,0.0001376939717830992,0.0,0.07178982092884818,True,0,long_only,1.4414732015486698,1.3189572948858344
2025-05-08,1.9173310576558629,0.00846260840116253,0.138697609043135,0.0,0.9276611055303577,0.0,0.9276611055303577,0.07233889446964226,0.0,0.0,0.0,True,0,long_only,1.4500362228235641,1.3222642493181067
2025-05-09,1.9041654775953856,-0.006866618056337925,0.138697609043135,0.0,0.9271609475777888,0.0,0.9271609475777888,0.07283905242221123,0.0,0.0,0.0,True,0,long_only,1.4484666800850372,1.3146077184761993
2025-05-12,1.9286323708385438,0.012849142330873198,0.0021693610606166114,0.0,0.9988751816606327,0.0,0.9988751816606327,0.001124818339367284,0.001510950129454301,0.0,0.7905168774418296,True,0,long_only,1.457210646053881,1.3235096628351368
2025-05-13,1.9231626296253705,-0.002836072491511299,0.0021693610606166114,0.0,0.9988719825212914,0.0,0.9988719825212914,0.0011280174787086095,0.0,0.0,0.0,True,0,long_only,1.458915050193516,1.31821426433998
2025-05-14,1.922132992512526,-0.0005353874378503098,0.0021693610606166114,0.0,0.9988713782713958,0.0,0.9988713782713958,0.0011286217286041733,0.0,0.0,0.0,True,0,long_only,1.4587886599859448,1.3176226586043283
2025-05-15,1.9048188360989768,-0.009007782750202309,0.0021693610606166114,0.0,0.9988611194831214,0.0,0.9988611194831214,0.0011388805168786043,0.0,0.0,0.0,True,0,long_only,1.4524372979196782,1.3114637298472323
2025-05-16,1.9158639823435646,0.005798528466469666,0.0021693610606166114,0.0,0.9988676852424758,0.0,0.9988676852424758,0.0011323147575241777,0.0,0.0,0.0,True,0,long_only,1.453069248957535,1.3184946166316913
2025-05-19,1.9220783942546227,0.0032436602850356433,0.002416114711521106,0.0,0.9987429676548348,0.0,0.9987429676548348,0.0012570323451651655,0.0014131043951491368,0.0,0.736909615325784,True,0,long_only,1.4550596405909775,1.320961932167924
2025-05-20,1.932823138683165,0.005590169714544402,0.002416114711521106,0.0,0.9987499556150972,0.0,0.9987499556150972,0.0012500443849028375,0.0,0.0,0.0,True,0,long_only,1.458790354224652,1.3249492177444933
2025-05-21,1.9303528226814652,-0.0012780869352500002,0.002416114711521106,0.0,0.9987483559051319,0.0,0.9987483559051319,0.0012516440948681096,0.0,0.0,0.0,True,0,long_only,1.4606238593537904,1.321594748928374
2025-05-22,1.91408586239202,-0.008426936308383648,0.002416114711521106,0.0,0.9987377187413621,0.0,0.9987377187413621,0.0012622812586379206,0.0,0.0,0.0,True,0,long_only,1.4559338677639913,1.3146791243558706
2025-05-23,1.9069311774830469,-0.003737912206316585,0.002416114711521106,0.0,0.9987329827420881,0.0,0.9987329827420881,0.0012670172579118955,0.0,0.0,0.0,True,0,long_only,1.451405167699136,1.3138517210229044
2025-05-26,1.8938077909817284,-0.006881940290388466,0.0023960727930308428,0.0,0.9987347856501378,0.0,0.9987347856501378,0.0012652143498621538,0.0014122027662660532,0.0,0.7404392633042316,True,0,long_only,1.4479960205721243,1.3078819030410438
2025-05-27,1.88214629618183,-0.006157697130315998,0.0023960727930308428,0.0,0.9987269465727018,0.0,0.9987269465727018,0.0012730534272982208,0.0,0.0,0.0,True,0,long_only,1.4444794587110639,1.3029927735083922
2025-05-28,1.8921976224001986,0.005340353318314728,0.0023960727930308428,0.0,0.998733709013971,0.0,0.998733709013971,0.0012662909860290394,0.0,0.0,0.0,True,0,long_only,1.4454600840749017,1.3090625215093437
2025-05-29,1.9143726855700889,0.01171921098905182,0.0023960727930308428,0.0,0.9987483770474309,0.0,0.9987483770474309,0.001251622952569087,0.0,0.0,0.0,True,0,long_only,1.453839449873915,1.316770352968558
2025-05-30,1.9084006388793313,-0.003119584151911936,0.0023960727930308428,0.0,0.9987444602856359,0.0,0.9987444602856359,0.0012555397143640956,0.0,0.0,0.0,True,0,long_only,1.4546919907914737,1.3118932742875709
2025-06-03,1.9137370394484607,0.0027962684880797894,0.003097469802076156,0.0,0.998381454850783,0.0,0.998381454850783,0.0016185451492169989,0.0007060817796139615,0.0,0.3706708083666393,True,0,long_only,1.4589445299470245,1.3117270740361529
2025-06-04,1.9388629481320583,0.013129237803140903,0.003097469802076156,0.0,0.9984024297307551,0.0,0.9984024297307551,0.0015975702692448968,0.0,0.0,0.0,True,0,long_only,1.4661358955644153,1.3224305836845078
2025-06-05,1.9491556662671754,0.005308636252517651,0.003097469802076156,0.0,0.9984108658658299,0.0,0.9984108658658299,0.001589134134170056,0.0,0.0,0.0,True,0,long_only,1.468647773871993,1.3271770814920143
2025-06-06,1.9426263342002141,-0.0033498258656096125,0.003097469802076156,0.0,0.9984055246510639,0.0,0.9984055246510639,0.0015944753489360863,0.0,0.0,0.0,True,0,long_only,1.4703301529084318,1.321217775720332
2025-06-09,1.9506393604662187,0.00412484177988004,0.002444335110007203,0.0,0.9987469056763916,0.0,0.9987469056763916,0.001253094323608428,0.0014366389338398404,0.0,0.7390208282572628,True,0,long_only,1.4762244093714443,1.3213704827552428
2025-06-10,1.939108882125845,-0.005911127691803353,0.002444335110007203,0.0,0.9987394544305693,0.0,0.9987394544305693,0.001260545569430671,0.0,0.0,0.0,True,0,long_only,1.472079962645425,1.317257846945446
2025-06-11,1.9519590897763577,0.006626862353610985,0.002444335110007203,0.0,0.9987477528997355,0.0,0.9987477528997355,0.001252247100264503,0.0,0.0,0.0,True,0,long_only,1.476709639337241,1.3218299913396736
2025-06-12,1.951683086238142,-0.00014139821867231728,0.002444335110007203,0.0,0.9987475758091859,0.0,0.9987475758091859,0.001252424190814061,0.0,0.0,0.0,True,0,long_only,1.4773493838731517,1.3210707687313847
2025-06-13,1.9414429307051422,-0.0052468331591363215,0.002444335110007203,0.0,0.9987409698882473,0.0,0.9987409698882473,0.001259030111752657,0.0,0.0,0.0,True,0,long_only,1.470055347390093,1.3206597521324224
2025-06-16,1.944516406081429,0.0015830881905811722,0.002093505632694083,0.0,0.9989233798047953,0.0,0.9989233798047953,0.0010766201952047139,0.0017783069558656478,0.0,0.9170953708882749,True,0,long_only,1.4737257461257844,1.3194560868555676
2025-06-17,1.9444588504374394,-2.959895005760771e-05,0.002093505632694083,0.0,0.9989233479370246,0.0,0.9989233479370246,0.0010766520629753584,0.0,0.0,0.0,True,0,long_only,1.4747334793089404,1.3185154319196797
2025-06-18,1.947903109065008,0.0017713198851156964,0.002093505632694083,0.0,0.9989252516601306,0.0,0.9989252516601306,0.0010747483398694246,0.0,0.0,0.0,True,0,long_only,1.4748815557719663,1.3207183325615988
2025-06-19,1.939738937247577,-0.004191261762167331,0.002093505632694083,0.0,0.9989207281492917,0.0,0.9989207281492917,0.0010792718507083299,0.0,0.0,0.0,True,0,long_only,1.4676698592900868,1.321645276674027
2025-06-20,1.933391494940215,-0.003272317828691529,0.002093505632694083,0.0,0.9989171848339186,0.0,0.9989171848339186,0.0010828151660814411,0.0,0.0,0.0,True,0,long_only,1.4675258489999587,1.3174497037021318
2025-06-23,1.947590462085109,0.0073440724147455505,0.0028068945841276545,0.0,0.9985587860288027,0.0,0.9985587860288027,0.0014412139711973415,0.0010487795432443411,0.0,0.5431806573713035,True,0,long_only,1.473885004564279,1.3213991973959123
2025-06-24,1.9665953978801491,0.009758178716224197,0.0028068945841276545,0.0,0.998572713743176,0.0,0.998572713743176,0.0014272862568239786,0.0,0.0,0.0,True,0,long_only,1.4840013038861093,1.3251978908174038
2025-06-25,1.990043742438903,0.011923319145376698,0.0028068945841276545,0.0,0.9985895312126719,0.0,0.9985895312126719,0.0014104687873280897,0.0,0.0,0.0,True,0,long_only,1.4958701237268643,1.3303586393455316
2025-06-26,1.9765750990212154,-0.006768013752894264,0.0028068945841276545,0.0,0.9985799200923265,0.0,0.9985799200923265,0.001420079907673455,0.0,0.0,0.0,True,0,long_only,1.4949426974584386,1.3221744902875563
2025-06-27,1.9876054275348576,0.0055805258900125665,0.0028068945841276545,0.0,0.9985878009059328,0.0,0.9985878009059328,0.0014121990940672013,0.0,0.0,0.0,True,0,long_only,1.498070939807765,1.3267765729371337
2025-06-30,2.0063350798839563,0.009423224594595991,0.0025248825562345736,0.0,0.9987415449285867,0.0,0.9987415449285867,0.0012584550714133114,0.0014439519720781397,0.0,0.7264051949666648,True,0,long_only,1.503296649676841,1.3346235291053512
2025-07-01,2.0132125437316093,0.0034278739960278415,0.0025248825562345736,0.0,0.9987458440172668,0.0,0.9987458440172668,0.0012541559827331517,0.0,0.0,0.0,True,0,long_only,1.5105174950477402,1.3327965749036104
2025-07-02,1.996363254453934,-0.008369354408275242,0.0025248825562345736,0.0,0.9987352589511946,0.0,0.9987352589511946,0.0012647410488053623,0.0,0.0,0.0,True,0,long_only,1.5056319883111084,1.3259304198851982
2025-07-03,2.0151458221665224,0.009408391819817341,0.0025248825562345736,0.0,0.9987470472218631,0.0,0.9987470472218631,0.0012529527781368621,0.0,0.0,0.0,True,0,long_only,1.5139954282662722,1.331011827739886
2025-07-04,2.0004733965716794,-0.007281073872395183,0.0025248825562345736,0.0,0.9987378574688563,0.0,0.9987378574688563,0.0012621425311436507,0.0,0.0,0.0,True,0,long_only,1.5161948889562067,1.3194038649931503
2025-07-07,1.9909863689326415,-0.004742391303626525,0.0032327066032618187,0.0,0.9983763291131948,0.0,0.9983763291131948,0.0016236708868051508,0.0007669768698597889,0.0,0.38289417941576853,True,0,long_only,1.5132574178853326,1.3156957602857156
2025-07-08,2.0097721421846244,0.009435410279606149,0.0032327066032618187,0.0,0.9983915059148208,0.0,0.9983915059148208,0.0016084940851791574,0.0,0.0,0.0,True,0,long_only,1.5248375394503484,1.3180237829854833
2025-07-09,2.0162210474294393,0.003208774322946306,0.0032327066032618187,0.0,0.9983966507008826,0.0,0.9983966507008826,0.0016033492991174292,0.0,0.0,0.0,True,0,long_only,1.5210610813715744,1.325535885522341
2025-07-10,2.0212010048977938,0.002469946177133364,0.0032327066032618187,0.0,0.9984006011300072,0.0,0.9984006011300072,0.0015993988699928297,0.0,0.0,0.0,True,0,long_only,1.5272199779206812,1.323451129580999
2025-07-11,2.0259285614446663,0.0023389838692029485,0.0032327066032618187,0.0,0.9984043333685189,0.0,0.9984043333685189,0.0015956666314811407,0.0,0.0,0.0,True,0,long_only,1.5276882654994042,1.3261400294793693
2025-07-14,2.019117386297378,-0.0033620016405867537,0.0036579340597588162,0.0,0.9981883499767853,0.0,0.9981883499767853,0.001811650023214706,0.00038876863547209053,0.0,0.19179593074065435,True,0,long_only,1.5212325383287622,1.3272904276131223
2025-07-15,2.0119303534546997,-0.0035594923264257172,0.0036579340597588162,0.0,0.9981818783868548,0.0,0.9981818783868548,0.0018181216131452071,0.0,0.0,0.0,True,0,long_only,1.5157394775916602,1.327358944725403
2025-07-16,2.0205246481838146,0.004271666121224094,0.0036579340597588162,0.0,0.9981896117609618,0.0,0.9981896117609618,0.0018103882390382298,0.0,0.0,0.0,True,0,long_only,1.5215473278805955,1.32794071611184
2025-07-17,2.0430251736188714,0.011135981664604833,0.0036579340597588162,0.0,0.998209550177358,0.0,0.998209550177358,0.0017904498226419818,0.0,0.0,0.0,True,0,long_only,1.5343283258414098,1.3315436723743581
2025-07-18,2.050641446684932,0.003727938923322016,0.0036579340597588162,0.0,0.9982162000745316,0.0,0.9982162000745316,0.001783799925468399,0.0,0.0,0.0,True,0,long_only,1.537878094781135,1.3334226253978676
2025-07-21,2.0605828080165343,0.004847927631460802,0.002967186069266172,0.0,0.9985600258054553,0.0,0.9985600258054553,0.0014399741945446687,0.001125922964173711,0.0,0.5491155236515343,True,0,long_only,1.5499214212087513,1.3294756623271449
2025-07-22,2.076468461501051,0.007709301185429007,0.002967186069266172,0.0,0.9985710420724998,0.0,0.9985710420724998,0.0014289579275001962,0.0,0.0,0.0,True,0,long_only,1.5573113516026482,1.3333675757029138
2025-07-23,2.0712411073636012,-0.002517425250788796,0.002967186069266172,0.0,0.9985674356989549,0.0,0.9985674356989549,0.0014325643010451028,0.0,0.0,0.0,True,0,long_only,1.5567458147221211,1.3304940907988356
2025-07-24,2.1005471390320203,0.014149019910927318,0.002967186069266172,0.0,0.9985874222891119,0.0,0.9985874222891119,0.0014125777108880966,0.0,0.0,0.0,True,0,long_only,1.569016846832011,1.3387664659389846
2025-07-25,2.114229030109264,0.006513489187178534,0.002967186069266172,0.0,0.9985965635572072,0.0,0.9985965635572072,0.001403436442792838,0.0,0.0,0.0,True,0,long_only,1.5707883428244587,1.3459668450987077
2025-07-28,2.0956372043217404,-0.008793666874663542,0.0037703925036200515,0.0,0.9982008371984212,0.0,0.9982008371984212,0.0017991628015787686,0.0004454273881833844,0.0,0.2109529161910569,True,0,long_only,1.5598591477708224,1.343478484782804
2025-07-29,2.117967899518975,0.010655802040154372,0.0037703925036200515,0.0,0.9982198065870231,0.0,0.9982198065870231,0.0017801934129768604,0.0,0.0,0.0,True,0,long_only,1.5620819889549191,1.3558621855284054
2025-07-30,2.103135522105312,-0.0070031171940951875,0.0037703925036200515,0.0,0.998207251761006,0.0,0.998207251761006,0.001792748238994002,0.0,0.0,0.0,True,0,long_only,1.56081910342243,1.3474562923363362
2025-07-31,2.076823865313719,-0.012510680607616953,0.0037703925036200515,0.0,0.9981845391096512,0.0,0.9981845391096512,0.0018154608903487857,0.0,0.0,0.0,True,0,long_only,1.5464655130934157,1.3429487096413941
2025-08-01,2.0819084578757137,0.0024482541090342647,0.0037703925036200515,0.0,0.9981889729640335,0.0,0.9981889729640335,0.0018110270359664726,0.0,0.0,0.0,True,0,long_only,1.5493128506650566,1.3437624666845276
2025-08-04,2.10599605004675,0.011569957401303732,0.003018879645445704,0.0,0.9985665311929817,0.0,0.9985665311929817,0.0014334688070183343,0.0011324608149990707,0.0,0.5445488946542478,True,0,long_only,1.5632279720165982,1.3472098041656517
2025-08-05,2.1145413352995788,0.004057597948789793,0.003018879645445704,0.0,0.9985723241276727,0.0,0.9985723241276727,0.001427675872327283,0.0,0.0,0.0,True,0,long_only,1.5760435324470432,1.3416769852901445
2025-08-06,2.132996326403244,0.008727656818801499,0.003018879645445704,0.0,0.9985846765847288,0.0,0.9985846765847288,0.0014153234152711747,0.0,0.0,0.0,True,0,long_only,1.5852622241016976,1.3455164035160962
2025-08-07,2.1207407956729556,-0.005745687687589318,0.003018879645445704,0.0,0.9985764975844265,0.0,0.9985764975844265,0.001423502415573541,0.0,0.0,0.0,True,0,long_only,1.5837269049850604,1.339082381563102
2025-08-08,2.1162730970153114,-0.002106668889833019,0.003018879645445704,0.0,0.9985734924052555,0.0,0.9985734924052555,0.0014265075947444972,0.0,0.0,0.0,True,0,long_only,1.5850301133987852,1.335162707084082
2025-08-11,2.1297648893869203,0.006375260542052397,0.0034317642888758194,0.0,0.9983886651968126,0.0,0.9983886651968126,0.0016113348031874253,0.0008048787723896703,0.0,0.3793110303951999,True,0,long_only,1.5956607835921792,1.3347228378906177
2025-08-12,2.1160429094727498,-0.006442955268231909,0.0034317642888758194,0.0,0.9983782161157919,0.0,0.9983782161157919,0.0016217838842080834,0.0,0.0,0.0,True,0,long_only,1.591655264440166,1.329460566460682
2025-08-13,2.136348945981237,0.009596230973192732,0.0034317642888758194,0.0,0.9983936312018075,0.0,0.9983936312018075,0.0016063687981925368,0.0,0.0,0.0,True,0,long_only,1.602523466900336,1.3331155456421784
2025-08-14,2.1154563364444297,-0.00977958660550693,0.0034317642888758194,0.0,0.9983777664280967,0.0,0.9983777664280967,0.0016222335719032754,0.0,0.0,0.0,True,0,long_only,1.596015557177507,1.3254609749453408
2025-08-15,2.1357344149318203,0.009585675741941024,0.0034317642888758194,0.0,0.9983931689891389,0.0,0.9983931689891389,0.0016068310108611206,0.0,0.0,0.0,True,0,long_only,1.6103599986175012,1.3262465639765981
2025-08-18,2.171403822115065,0.01670123725771555,0.003064629407078315,0.0,0.9985886414236421,0.0,0.9985886414236421,0.0014113585763578795,0.0012039663834691394,0.0,0.5630884022345779,True,0,long_only,1.6251937361961903,1.3360892143217917
2025-08-19,2.1887562951953394,0.007991361580717893,0.2237737418713963,0.0,0.897762148137454,0.0,0.897762148137454,0.10223785186254597,0.00022093004250682482,0.0,0.10185592620290794,True,0,long_only,1.6277744005952877,1.3446312304671317
2025-08-20,2.2045692624507636,0.0072246358766099306,0.2237737418713963,0.0,0.8984954813247135,0.0,0.8984954813247135,0.10150451867528654,0.0,0.0,0.0,True,0,long_only,1.633601226357746,1.349514940905156
2025-08-21,2.1872464770943947,-0.007857673447334346,0.2237737418713963,0.0,0.8976915751311833,0.0,0.8976915751311833,0.10230842486881675,0.0,0.0,0.0,True,0,long_only,1.640447644974312,1.3333229401104387
2025-08-22,2.21295647668434,0.011754504971977164,0.2237737418713963,0.0,0.8988801884587106,0.0,0.8988801884587106,0.10111981154128935,0.0,0.0,0.0,True,0,long_only,1.6560119382836278,1.3363167411570456
2025-08-25,2.2072700873051962,-0.0025695893430601746,0.0035173172419759213,0.0,0.9984064853403282,0.0,0.9984064853403282,0.0015935146596718353,0.0006822401230392208,0.0,0.30818086864881306,True,0,long_only,1.6636851453894004,1.3267354663965367
2025-08-26,2.199492548897954,-0.0035236006920826846,0.2223610267286767,0.0,0.8989034871520298,0.0,0.8989034871520298,0.10109651284797017,0.00021906277225895973,0.0,0.09926089180561809,True,0,long_only,1.662927142991714,1.3226632075659814
2025-08-27,2.144694875197039,-0.02491378010276568,0.2223610267286767,0.0,0.8963204373264296,0.0,0.8963204373264296,0.10367956267357037,0.0,0.0,0.0,True,0,long_only,1.6161038066832973,1.3270774230762814
2025-08-28,2.1434528114105356,-0.0005791330976110398,0.2223610267286767,0.0,0.8962603582663673,0.0,0.8962603582663673,0.1037396417336327,0.0,0.0,0.0,True,0,long_only,1.6191575025294984,1.3238074789277552
2025-08-29,2.147393381330654,0.001838421587422534,0.2223610267286767,0.0,0.8964507254879922,0.0,0.8964507254879922,0.1035492745120078,0.0,0.0,0.0,True,0,long_only,1.6132981473838583,1.33105798504318
2025-09-01,2.1227231481123394,-0.011488455460837543,0.0014309958434989094,0.0,0.9993258678858938,0.0,0.9993258678858938,0.0006741321141061629,0.002643705361475194,0.0,1.2293053686563769,True,0,long_only,1.6016414462292685,1.3253422937511072
2025-09-02,2.11535293395185,-0.003472056243907007,0.36481233247376016,0.0,0.8275406781447923,0.0,0.8275406781447923,0.17245932185520774,0.00036374508171197324,0.0,0.1712521228152061,True,0,long_only,1.5875941742585504,1.3324267424575158
2025-09-03,2.1410939750616715,0.012168674407316393,0.36481233247376016,0.0,0.8296140493024122,0.0,0.8296140493024122,0.17038595069758777,0.0,0.0,0.0,True,0,long_only,1.5917033808194558,1.345158903890355
2025-09-04,2.1360684042729696,-0.0023471976696196606,0.36481233247376016,0.0,0.8292131788738631,0.0,0.8292131788738631,0.17078682112613686,0.0,0.0,0.0,True,0,long_only,1.58866459427388,1.3445685212423883
2025-09-05,2.185111052466549,0.022959306029467275,0.36481233247376016,0.0,0.8330463195168225,0.0,0.8330463195168225,0.1669536804831775,0.0,0.0,0.0,True,0,long_only,1.6230884751783865,1.346267369821841
2025-09-08,2.218905387363142,0.015465728782272148,0.0023614396319960617,0.0,0.998935763712394,0.0,0.998935763712394,0.0010642362876059908,0.0016633035238212504,0.0,0.7571517697190749,True,0,long_only,1.6333877522806148,1.3584682413988958
2025-09-09,2.192081357167633,-0.012088857122198093,0.0023614396319960617,0.0,0.9989227408808187,0.0,0.9989227408808187,0.0010772591191813286,0.0,0.0,0.0,True,0,long_only,1.6177075730437136,1.355054148039399
2025-09-10,2.1690857542372837,-0.010490305414604717,0.0023614396319960617,0.0,0.9989113202982486,0.0,0.9989113202982486,0.001088679701751416,0.0,0.0,0.0,True,0,long_only,1.6074933467245962,1.3493590867153382
2025-09-11,2.1927698085090266,0.010918910986104091,0.0023614396319960617,0.0,0.9989230791016764,0.0,0.9989230791016764,0.0010769208983235634,0.0,0.0,0.0,True,0,long_only,1.6273088237984967,1.3474822826749133
2025-09-12,2.195309813299926,0.0011583545071820467,0.0023614396319960617,0.0,0.9989243251145283,0.0,0.9989243251145283,0.001075674885471667,0.0,0.0,0.0,True,0,long_only,1.6300091014503362,1.346808316190751
2025-09-15,2.1881085553314663,-0.003280292341806157,0.003353193598684331,0.0,0.9984675378236998,0.0,0.9984675378236998,0.0015324621763002089,0.0010329736133756835,0.0,0.4702907549813377,True,0,long_only,1.6182202496765699,1.352169802453528
2025-09-16,2.189205242114465,0.000501203096312075,0.003353193598684331,0.0,0.9984683055137189,0.0,0.9984683055137189,0.0015316944862810988,0.0,0.0,0.0,True,0,long_only,1.6153752840391193,1.3552301212883047
2025-09-17,2.2039749556683974,0.0067466098060620094,0.003353193598684331,0.0,0.9984785700082207,0.0,0.9984785700082207,0.0015214299917792884,0.0,0.0,0.0,True,0,long_only,1.6245797440886318,1.35664313413239
2025-09-18,2.188351274817923,-0.00708886496658756,0.003353193598684331,0.0,0.998467707795695,0.0,0.998467707795695,0.0015322922043049525,0.0,0.0,0.0,True,0,long_only,1.6136092096105352,1.3561841750680816
2025-09-19,2.183741524260242,-0.0021064947893544295,0.003353193598684331,0.0,0.9984644732165268,0.0,0.9984644732165268,0.00153552678347324,0.0,0.0,0.0,True,0,long_only,1.6048062841346744,1.3607508556322325
2025-09-22,2.16774473835621,-0.007325402629531075,0.00332715866043096,0.0,0.9984651520072636,0.0,0.9984651520072636,0.001534847992736399,0.0010289029968531987,0.0,0.4715659998999353,True,0,long_only,1.5979856179464607,1.356548340617693
2025-09-23,2.1692223041178265,0.0006816142765668776,0.00332715866043096,0.0,0.9984661974689661,0.0,0.9984661974689661,0.0015338025310338566,0.0,0.0,0.0,True,0,long_only,1.5950586511555727,1.3599639753348813
2025-09-24,2.1999301000397624,0.014156131376504621,0.00332715866043096,0.0,0.9984876071015298,0.0,0.9984876071015298,0.0015123928984701607,0.0,0.0,0.0,True,0,long_only,1.6157242972128418,1.361575179524556
2025-09-25,2.2105144496280875,0.004811220860214682,0.00332715866043096,0.0,0.9984948487167814,0.0,0.9984948487167814,0.0015051512832185976,0.0,0.0,0.0,True,0,long_only,1.6231199880183438,1.3618921989414285
2025-09-26,2.2034559790206725,-0.0031931347965641343,0.00332715866043096,0.0,0.998490027169996,0.0,0.998490027169996,0.0015099728300039805,0.0,0.0,0.0,True,0,long_only,1.6198660331569295,1.3602705001020328
2025-09-29,2.2543222766602273,0.023084780510188585,0.003087610086698225,0.0,0.9986303599451306,0.0,0.9986303599451306,0.0013696400548693921,0.0013316218580950963,0.0,0.6015940251828751,True,0,long_only,1.6338838253741388,1.3797322928660585
2025-09-30,2.2793692598842377,0.011110648855902516,0.003087610086698225,0.0,0.9986454103154594,0.0,0.9986454103154594,0.001354589684540608,0.0,0.0,0.0,True,0,long_only,1.6450810489912844,1.3855665417104406
2025-10-09,2.2942832365711463,0.006543027911004584,0.0029987627314818394,0.0,0.9986929413580323,0.0,0.9986929413580323,0.0013070586419676733,0.0015634444078498613,0.0,0.6842421645634167,True,0,long_only,1.6529426554413187,1.3879992926666873
2025-10-10,2.2742440804087267,-0.008734386340357947,0.0029987627314818394,0.0,0.9986814244094051,0.0,0.9986814244094051,0.0013185755905948948,0.0,0.0,0.0,True,0,long_only,1.6455120633184444,1.3820889746759688
2025-10-13,2.268417595554919,-0.002561943506415809,0.002577886672126162,0.0,0.9988635749091448,0.0,0.9988635749091448,0.0011364250908552087,0.0018837893020926004,0.0,0.8430216167244635,True,0,long_only,1.6386727605044493,1.3843017655682572
2025-10-14,2.2199617800649714,-0.021361064904848015,0.002577886672126162,0.0,0.9988387697953742,0.0,0.9988387697953742,0.0011612302046257739,0.0,0.0,0.0,True,0,long_only,1.6259046387578113,1.3653702235335394
2025-10-15,2.240278185700974,0.009151691627505398,0.002577886672126162,0.0,0.9988493006410633,0.0,0.9988493006410633,0.0011506993589367465,0.0,0.0,0.0,True,0,long_only,1.6338357089948488,1.3711771467396894
2025-10-16,2.212597071690341,-0.012356105677997165,0.002577886672126162,0.0,0.9988349045991656,0.0,0.9988349045991656,0.001165095400834426,0.0,0.0,0.0,True,0,long_only,1.6221220814196908,1.364013903166809
2025-10-17,2.1885483321913037,-0.010869009909999061,0.002577886672126162,0.0,0.9988221020142859,0.0,0.9988221020142859,0.0011778979857141048,0.0,0.0,0.0,True,0,long_only,1.6068810488557452,1.3619852780949542
2025-10-20,2.185523786606561,-0.001381987110019467,0.002528341013706318,0.0,0.9988431418458126,0.0,0.9988431418458126,0.0011568581541874234,0.001859173985942136,0.0,0.8461405290981454,True,0,long_only,1.6078586245899096,1.359276091306838
2025-10-21,2.215652128099364,0.013785410013579691,0.002528341013706318,0.0,0.9988588727527931,0.0,0.9988588727527931,0.0011411272472069411,0.0,0.0,0.0,True,0,long_only,1.6237637987271523,1.3645162737561864
2025-10-22,2.1912753144565755,-0.011002094297040799,0.002528341013706318,0.0,0.9988461782976215,0.0,0.9988461782976215,0.0011538217023785435,0.0,0.0,0.0,True,0,long_only,1.6173521217629028,1.3548535813389235
2025-10-23,2.189666421495852,-0.000734226753758005,0.002528341013706318,0.0,0.998845330508389,0.0,0.998845330508389,0.0011546694916110267,0.0,0.0,0.0,True,0,long_only,1.6195746240992581,1.352000944515697
2025-10-24,2.2151766640178927,0.011650287126663716,0.002528341013706318,0.0,0.9988586278219813,0.0,0.9988586278219813,0.0011413721780186847,0.0,0.0,0.0,True,0,long_only,1.6305488859025108,1.3585466116164862
2025-10-27,2.249465230839506,0.015478931039035082,0.0026131176428042238,0.0,0.9988383382828154,0.0,0.9988383382828154,0.00116166171718457,0.0019002677131373588,0.0,0.8407469818828334,True,0,long_only,1.644031976383668,1.3682612401418086
2025-10-28,2.234896657047539,-0.006476460979363385,0.0026131176428042238,0.0,0.9988307657830335,0.0,0.9988307657830335,0.0011692342169664638,0.0,0.0,0.0,True,0,long_only,1.6401348885089277,1.3626297889921228
2025-10-29,2.2683075326469244,0.014949628876139265,0.0026131176428042238,0.0,0.9988479879358533,0.0,0.9988479879358533,0.0011520120641467235,0.0,0.0,0.0,True,0,long_only,1.6558052411613262,1.3699120381186918
2025-10-30,2.272762219223777,0.0019638812254239024,0.0026131176428042238,0.0,0.9988502459163121,0.0,0.9988502459163121,0.0011497540836878928,0.0,0.0,0.0,True,0,long_only,1.6415299246605932,1.3845390114917941
2025-10-31,2.2483433253023244,-0.010744148118492114,0.0026131176428042238,0.0,0.9988377586228061,0.0,0.9988377586228061,0.0011622413771938955,0.0,0.0,0.0,True,0,long_only,1.643348859336848,1.3681473124395596
2025-11-03,2.242514745265678,-0.0025923887918062327,0.002726546460598969,0.0,0.9987841567301373,0.0,0.9987841567301373,0.001215843269862682,0.0017629691207196757,0.0,0.7841311121401909,True,0,long_only,1.6464808290113304,1.3620047714811538
2025-11-04,2.204874094169621,-0.016785018326199386,0.17173731793105357,0.0,0.9221101475203592,0.0,0.9221101475203592,0.07788985247964075,0.0001691799514218765,0.0,0.07562010016188336,True,0,long_only,1.6354001690172535,1.3482168682265556
2025-11-05,2.2287751411987067,0.010840096081806916,0.3338779038498591,0.0,0.8501966853101706,0.0,0.8501966853101706,0.14980331468982944,0.0001623028888076131,0.0,0.07397011150758241,True,0,long_only,1.6475105872976825,1.35281385041321
2025-11-06,2.2274463785662952,-0.0005961851457553236,0.3338779038498591,0.0,0.8501073215218043,0.0,0.8501073215218043,0.14989267847819565,0.0,0.0,0.0,True,0,long_only,1.6561932218253188,1.3449193905717043
2025-11-07,2.22862804373025,0.0005305021819268507,0.3338779038498591,0.0,0.8501867977524781,0.0,0.8501867977524781,0.14981320224752193,0.0,0.0,0.0,True,0,long_only,1.6574388261229924,1.3446215984594485
2025-11-10,2.2370954295660135,0.003799371483090175,0.002730516095635896,0.0,0.9987794369164816,0.0,0.9987794369164816,0.0012205630835183667,0.0014031372313618221,0.0,0.6275681508815717,True,0,long_only,1.6668133877387268,1.342139105686544
2025-11-11,2.228449794027183,-0.003864669975436663,0.002730516095635896,0.0,0.9987747015423213,0.0,0.9987747015423213,0.001225298457678714,0.0,0.0,0.0,True,0,long_only,1.6640924403746573,1.3391382233101576
2025-11-12,2.2218228489016756,-0.002973791531345915,0.002730516095635896,0.0,0.9987710468919763,0.0,0.9987710468919763,0.0012289531080237337,0.0,0.0,0.0,True,0,long_only,1.6570464404383607,1.3408331804592677
2025-11-13,2.277991559261928,0.025280463016220445,0.002730516095635896,0.0,0.9988013493357628,0.0,0.9988013493357628,0.0011986506642371886,0.0,0.0,0.0,True,0,long_only,1.675894507210341,1.3592690646464527
2025-11-14,2.261029138741433,-0.007446217459203597,0.1912136402105232,0.0,0.9154307050120728,0.0,0.9154307050120728,0.0845692949879272,0.00018867179591079813,0.0,0.0832496216487189,True,0,long_only,1.6661336591693214,1.3570514744109465
2025-11-17,2.2330152823187017,-0.01238986970257494,0.003097246425780933,0.0,0.998612975714808,0.0,0.998612975714808,0.0013870242851919956,0.0012279751974669825,0.0,0.5432604543060333,True,0,long_only,1.6628759769827508,1.3428633964455094
2025-11-18,2.211320546993823,-0.009715444178398758,0.003097246425780933,0.0,0.9985993679523344,0.0,0.9985993679523344,0.0014006320476656064,0.0,0.0,0.0,True,0,long_only,1.653753518086676,1.3371524370525474
2025-11-19,2.207474105200717,-0.0017394320322917656,0.003097246425780933,0.0,0.9985969274029154,0.0,0.9985969274029154,0.0014030725970846092,0.0,0.0,0.0,True,0,long_only,1.6576797468671833,1.3316650030698507
2025-11-20,2.2044755687139572,-0.0013583563583803304,0.17431293516504173,0.0,0.9209277083226048,0.0,0.9209277083226048,0.07907229167739516,0.0001713870758150759,0.0,0.07757439432203338,True,0,long_only,1.6537870640130823,1.3329863418840473
2025-11-21,2.1847017435228997,-0.008969854541229227,0.17431293516504173,0.0,0.9202120217636863,0.0,0.9202120217636863,0.07978797823631367,0.0,0.0,0.0,True,0,long_only,1.6364346711719862,1.3350375557358818
2025-11-24,2.1932589336414954,0.003916868810108998,0.002505362157642347,0.0,0.9988576988702913,0.0,0.9988576988702913,0.0011423011297087005,0.001689068397335864,0.0,0.7725096619100197,True,0,long_only,1.6400135810174785,1.3373419336447072
2025-11-25,2.200960555491921,0.003511496856250629,0.18912125920824982,0.0,0.9140733082488248,0.0,0.9140733082488248,0.08592669175117518,0.00018680269975035786,0.0,0.0850421281746673,True,0,long_only,1.6436988890537947,1.3390290461040084
2025-11-26,2.18472631778554,-0.007375978486244383,0.18912125920824982,0.0,0.9134348052345775,0.0,0.9134348052345775,0.08656519476542246,0.0,0.0,0.0,True,0,long_only,1.6296516170830768,1.3406094252807204
2025-11-27,2.1784987992355798,-0.0028504799430771888,0.18912125920824982,0.0,0.9131873475098489,0.0,0.9131873475098489,0.08681265249015113,0.0,0.0,0.0,True,0,long_only,1.6209493293864348,1.3439647740624872
2025-11-28,2.203513340766168,0.011482467440131483,0.18912125920824982,0.0,0.9141728549088376,0.0,0.9141728549088376,0.0858271450911624,0.0,0.0,0.0,True,0,long_only,1.6319828895444464,1.3502061540493595
2025-12-01,2.205426522026017,0.0008682412874270184,0.0021788219137175184,0.0,0.9990120632485567,0.0,0.9990120632485567,0.0009879367514432635,0.0020317017182358912,0.0,0.922692289765367,True,0,long_only,1.633552432282973,1.3500800332094764
2025-12-02,2.194041091612598,-0.005162461909164029,0.0021788219137175184,0.0,0.999006936596563,0.0,0.999006936596563,0.0009930634034369668,0.0,0.0,0.0,True,0,long_only,1.6250453208854228,1.3501414781571457
2025-12-03,2.1916759609591483,-0.0010779791966938346,0.0021788219137175184,0.0,0.9990058649396493,0.0,0.9990058649396493,0.0009941350603507315,0.0,0.0,0.0,True,0,long_only,1.6216243140874593,1.3515312652378892
2025-12-04,2.1955463131479886,0.0017659326733441283,0.0021788219137175184,0.0,0.999007617420471,0.0,0.999007617420471,0.0009923825795290497,0.0,0.0,0.0,True,0,long_only,1.6179823785620524,1.3569655283262319
2025-12-05,2.222219050922348,0.012148565309066939,0.0021788219137175184,0.0,0.9990195287396114,0.0,0.9990195287396114,0.0009804712603885823,0.0,0.0,0.0,True,0,long_only,1.6332471304679013,1.3606140855644515
2025-12-08,2.2286990997224363,0.002916026121456472,0.003680861076595156,0.0,0.9983484261841118,0.0,0.9983484261841118,0.0016515738158882076,0.0007584026688899659,0.0,0.34117086224708526,True,0,long_only,1.6397713048823217,1.3591523970974593
2025-12-09,2.2004962501306866,-0.01265439986728678,0.003680861076595156,0.0,0.9983272586461456,0.0,0.9983272586461456,0.0016727413538544234,0.0,0.0,0.0,True,0,long_only,1.6297295520636166,1.3502217268775343
2025-12-10,2.207957344643287,0.0033906417755349416,0.003680861076595156,0.0,0.9983329111472532,0.0,0.9983329111472532,0.0016670888527468009,0.0,0.0,0.0,True,0,long_only,1.636945992413877,1.3488272397963381
2025-12-11,2.1942175426489325,-0.006222856627049023,0.003680861076595156,0.0,0.9983224721318418,0.0,0.9983224721318418,0.001677527868158224,0.0,0.0,0.0,True,0,long_only,1.6308785847549692,1.3454205378376478
2025-12-12,2.1966845289725416,0.001124312551357587,0.003680861076595156,0.0,0.9983243560793333,0.0,0.9983243560793333,0.0016756439206666585,0.0,0.0,0.0,True,0,long_only,1.6365285319963758,1.3422830619963835
2025-12-15,2.2022247497792664,0.0025220830454504295,0.0032707158102057003,0.0,0.9985148128906763,0.0,0.9985148128906763,0.0014851871093236602,0.0011134586405002805,0.0,0.5070118075256018,True,0,long_only,1.6335646308016665,1.3481099604235014
2025-12-16,2.1863635830878168,-0.007202337859947838,0.0032707158102057003,0.0,0.998504038470314,0.0,0.998504038470314,0.0014959615296860074,0.0,0.0,0.0,True,0,long_only,1.621870656395514,1.3480505208392177
2025-12-17,2.2189360344146194,0.014898003048879893,0.0032707158102057003,0.0,0.9985259981543052,0.0,0.9985259981543052,0.0014740018456947945,0.0,0.0,0.0,True,0,long_only,1.6371794585077553,1.3553407495334198
2025-12-18,2.205826448337345,-0.005908050468310444,0.0032707158102057003,0.0,0.9985172379211107,0.0,0.9985172379211107,0.0014827620788893103,0.0,0.0,0.0,True,0,long_only,1.6380957028007122,1.346579717269243
2025-12-19,2.218939002469552,0.00594450852744588,0.0032707158102057003,0.0,0.9985260001259315,0.0,0.9985260001259315,0.0014739998740684879,0.0,0.0,0.0,True,0,long_only,1.6443532040425892,1.3494296705928885
2025-12-22,2.24317492060152,0.010922300299825771,0.0033011402148514753,0.0,0.998528362552321,0.0,0.998528362552321,0.001471637447678975,0.00113392095601613,0.0,0.5104570954661465,True,0,long_only,1.653450249358053,1.3566630876692092
2025-12-23,2.229884526641761,-0.005924813904479409,0.0033011402148514753,0.0,0.9985195914069043,0.0,0.9985195914069043,0.0014804085930957278,0.0,0.0,0.0,True,0,long_only,1.6499489356453594,1.351486993607815
2025-12-24,2.2625035242127978,0.014628110640402259,0.0033011402148514753,0.0,0.9985409347744552,0.0,0.9985409347744552,0.0014590652255448422,0.0,0.0,0.0,True,0,long_only,1.6616412158128044,1.361607730165791
2025-12-25,2.2812774742826245,0.00829786555862233,0.0033011402148514753,0.0,0.9985529422649958,0.0,0.9985529422649958,0.001447057735004198,0.0,0.0,0.0,True,0,long_only,1.6720912801599905,1.3643259200923201
2025-12-26,2.2677605690785243,-0.005925147359968186,0.0033011402148514753,0.0,0.9985443171294786,0.0,0.9985443171294786,0.0014556828705214464,0.0,0.0,0.0,True,0,long_only,1.6713641129067782,1.3568321537875514
2025-12-29,2.24855013892354,-0.008471101586703167,0.003000974483767117,0.0,0.9986653735525757,0.0,0.9986653735525757,0.0013346264474243252,0.0015362054302670786,0.0,0.675995277079309,True,0,long_only,1.6642330621873707,1.3511029134153705
2025-12-30,2.2709368685370936,0.009956073127313392,0.003000974483767117,0.0,0.998678530202515,0.0,0.998678530202515,0.001321469797485042,0.0,0.0,0.0,True,0,long_only,1.666545698022959,1.3626610246758493
2025-12-31,2.273484936542825,0.0011220338359174686,0.003000974483767117,0.0,0.998680011274528,0.0,0.998680011274528,0.00131998872547201,0.0,0.0,0.0,True,0,long_only,1.6667978007426187,1.363983643084905
2026-01-05,2.2932834994833327,0.00870846453489782,0.003024088768021669,0.0,0.998681327987271,0.0,0.998681327987271,0.0013186720127289497,0.0015135810793746407,0.0,0.6660117273517038,True,0,long_only,1.6908719162314167,1.3562727474914595
2026-01-06,2.3321871178472113,0.016964155706280293,0.003024088768021669,0.0,0.9987033249841406,0.0,0.9987033249841406,0.0012966750158593943,0.0,0.0,0.0,True,0,long_only,1.7137820897282374,1.360842275004191
2026-01-07,2.3239569096709376,-0.0035289656277111003,0.003024088768021669,0.0,0.9986987328571209,0.0,0.9986987328571209,0.0013012671428791478,0.0,0.0,0.0,True,0,long_only,1.7188939467561768,1.352007152073931
2026-01-08,2.33803780251543,0.006059016320782762,0.003024088768021669,0.0,0.9987065697719822,0.0,0.9987065697719822,0.0012934302280177556,0.0,0.0,0.0,True,0,long_only,1.7256055039716343,1.3549086376545674
2026-01-09,2.3613733150955167,0.00998081064171874,0.003024088768021669,0.0,0.9987193516803592,0.0,0.9987193516803592,0.0012806483196408092,0.0,0.0,0.0,True,0,long_only,1.7409620836154243,1.3563611392338286
2026-01-12,2.370005326591742,0.003655504803515619,0.003118881700398924,0.0,0.9986840191178455,0.0,0.9986840191178455,0.001315980882154455,0.0015925807581264981,0.0,0.6749370358418655,True,0,long_only,1.7647996833806705,1.3429316363269812
2026-01-13,2.331481855181614,-0.0162545927546619,0.003118881700398924,0.0,0.9986622749418069,0.0,0.9986622749418069,0.0013377250581930733,0.0,0.0,0.0,True,0,long_only,1.745318649027609,1.3358488184839952
2026-01-14,2.329379192894208,-0.0009018565950803525,0.003118881700398924,0.0,0.9986610674166263,0.0,0.9986610674166263,0.0013389325833736976,0.0,0.0,0.0,True,0,long_only,1.7480212986136385,1.3325805553637398
2026-01-15,2.3183630485870546,-0.004729218987084005,0.003118881700398924,0.0,0.9986547052230238,0.0,0.9986547052230238,0.0013452947769762025,0.0,0.0,0.0,True,0,long_only,1.7515107526553806,1.3236362066703253
2026-01-16,2.3279641344659927,0.004141321129488285,0.003118881700398924,0.0,0.9986602535433329,0.0,0.9986602535433329,0.0013397464566671236,0.0,0.0,0.0,True,0,long_only,1.759685115570799,1.322943584546294
2026-01-19,2.346073463008483,0.007779041040357093,0.0033809099743614644,0.0,0.998558907030121,0.0,0.998558907030121,0.0014410929698790431,0.0012693726413006746,0.0,0.5450229843974449,True,0,long_only,1.7676039872891436,1.3272619205880496
2026-01-20,2.3406937251058504,-0.00229308160526831,0.0033809099743614644,0.0,0.9985555948913357,0.0,0.9985555948913357,0.0014444051086642817,0.0,0.0,0.0,True,0,long_only,1.756221752805151,1.332800781773226
2026-01-21,2.3462461231020075,0.002372116410020997,0.0033809099743614644,0.0,0.9985590130800551,0.0,0.9985590130800551,0.0014409869199448755,0.0,0.0,0.0,True,0,long_only,1.7719998590393398,1.3240667662208425
2026-01-22,2.380046746796764,0.014406256599400757,0.0033809099743614644,0.0,0.9985794774918133,0.0,0.9985794774918133,0.0014205225081866946,0.0,0.0,0.0,True,0,long_only,1.788212368078103,1.3309642575365588
2026-01-23,2.4159043828573212,0.015065937721104428,0.0033809099743614644,0.0,0.9986005613473979,0.0,0.9986005613473979,0.0013994386526020586,0.0,0.0,0.0,True,0,long_only,1.8110828963891707,1.333955716590338
2026-01-26,2.38317871633756,-0.01354592787362574,0.0025734374658343442,0.0,0.9989201659748836,0.0,0.9989201659748836,0.0010798340251163552,0.002236388569176994,0.0,0.9283440367532286,True,0,long_only,1.7895840237356067,1.3316942287866842
2026-01-27,2.374538416347799,-0.0036255358989772946,0.24445673759708886,0.0,0.8970508390539835,0.0,0.8970508390539835,0.10294916094601647,0.00024212542555681132,0.0,0.10156163126031457,True,0,long_only,1.792346649371878,1.3248209642816295
2026-01-28,2.4183393746828856,0.01844609378965334,0.24445673759708886,0.0,0.8989154540689128,0.0,0.8989154540689128,0.10108454593108718,0.0,0.0,0.0,True,0,long_only,1.8076012358454827,1.337872162690649
2026-01-29,2.398838806407641,-0.008063619390806798,0.24445673759708886,0.0,0.8980937206184467,0.0,0.8980937206184467,0.10190627938155328,0.0,0.0,0.0,True,0,long_only,1.7949357849645124,1.3364482598774798
2026-01-30,2.3659808510836577,-0.013697441960758283,0.48156110004598646,0.0,0.7964644980852554,0.0,0.7964644980852554,0.20353550191474457,0.00023734170415305066,0.0,0.09916293916643847,True,0,long_only,1.7638495543135657,1.3413733871449272
2026-02-02,2.3209752546538884,-0.019021961403092535,0.002782255512230244,0.0,0.998801255848527,0.0,0.998801255848527,0.0011987441514730302,0.0014478678670247298,0.0,0.6140348114877408,True,0,long_only,1.7217416231755591,1.3480392315619982
2026-02-03,2.3745497099107933,0.02308273435896413,0.002782255512230244,0.0,0.9988283018457699,0.0,0.9988283018457699,0.0011716981542301275,0.0,0.0,0.0,True,0,long_only,1.7669588211893692,1.3438625062651117
2026-02-04,2.366449021680542,-0.0034114628960769666,0.002782255512230244,0.0,0.9988242909579965,0.0,0.9988242909579965,0.001175709042003481,0.0,0.0,0.0,True,0,long_only,1.766308911221214,1.3397707539415602
2026-02-05,2.354226522295645,-0.005164911338853773,0.002782255512230244,0.0,0.9988181869986253,0.0,0.9988181869986253,0.0011818130013746542,0.0,0.0,0.0,True,0,long_only,1.7514592477986757,1.3441514698412529
2026-02-06,2.368121237866643,0.005902030004083736,0.002782255512230244,0.0,0.9988251211687386,0.0,0.9988251211687386,0.0011748788312614389,0.0,0.0,0.0,True,0,long_only,1.7646682104569769,1.341964015577408
2026-02-09,2.3921484297932136,0.01014609874797423,0.003289604257815622,0.0,0.9986248327165468,0.0,0.9986248327165468,0.0013751672834532158,0.001444100964293991,0.0,0.6091683592064424,True,0,long_only,1.7867831083045485,1.3388017933878316
2026-02-10,2.3808106021138404,-0.004739600410311073,0.24627671686918712,0.0,0.8965576192198882,0.0,0.8965576192198882,0.10344238078011181,0.00024323034295432581,0.0,0.10175802179343824,True,0,long_only,1.7826383227307876,1.335554482227626
2026-02-11,2.3869343320106013,0.0025721197189410017,0.24627671686918712,0.0,0.8968230028089046,0.0,0.8968230028089046,0.10317699719109541,0.0,0.0,0.0,True,0,long_only,1.7835596497398665,1.338298011147952
2026-02-12,2.3918912759772666,0.0020766989272342773,0.4800398901878947,0.0,0.7993053049655182,0.0,0.7993053049655182,0.20069469503448178,0.00023399717048919685,0.0,0.09800117888190016,True,0,long_only,1.7916015231883677,1.3350576258277633
2026-02-13,2.378421642702803,-0.005631373553532493,0.4800398901878947,0.0,0.798168717619646,0.0,0.798168717619646,0.20183128238035397,0.0,0.0,0.0,True,0,long_only,1.7838134466982338,1.333335415261705
2026-02-24,2.394245277008797,0.006652997946996697,0.24070367714004878,0.0,0.8994657400177616,0.0,0.8994657400177616,0.10053425998223842,0.0016824268130215087,0.0,0.7053358070836211,True,0,long_only,1.7984550576075045,1.3312789034572128
2026-02-25,2.3956041369963605,0.0005675525396717784,0.24070367714004878,0.0,0.8995227661270254,0.0,0.8995227661270254,0.10047723387297458,0.0,0.0,0.0,True,0,long_only,1.8006792541825671,1.3303891470021207
2026-02-26,2.3717179350335984,-0.009970846849810089,0.24070367714004878,0.0,0.8985108331878264,0.0,0.8985108331878264,0.10148916681217357,0.0,0.0,0.0,True,0,long_only,1.7821063317766668,1.3308509670515112
2026-02-27,2.3635850167282104,-0.003429125439097791,0.24070367714004878,0.0,0.8981616165966213,0.0,0.8981616165966213,0.1018383834033787,0.0,0.0,0.0,True,0,long_only,1.7796357928935496,1.3281285003181493
2026-03-02,2.374079439128861,0.004440044392893139,0.0032683891740584513,0.0,0.9986233025229948,0.0,0.9986233025229948,0.0013766974770051954,0.0012137437663091262,0.0,0.5135019787671209,True,0,long_only,1.7765790474176755,1.3363207466505218
2026-03-03,2.332896832679552,-0.017346768507636945,0.0032683891740584513,0.0,0.9985989996950253,0.0,0.9985989996950253,0.0014010003049746977,0.0,0.0,0.0,True,0,long_only,1.7444650915668254,1.3373135661798856
2026-03-04,2.3273021674076295,-0.0023981623162891985,0.0032683891740584513,0.0,0.998595631792111,0.0,0.998595631792111,0.0014043682078890285,0.0,0.0,0.0,True,0,long_only,1.740416877599386,1.3372096061362917
2026-03-05,2.340272226981981,0.005573001974555902,0.21449654258989054,0.0,0.9083454736090658,0.0,0.9083454736090658,0.09165452639093419,0.0002114395930088409,0.0,0.09029282837901433,True,0,long_only,1.7382065737817236,1.3463717502174526
2026-03-06,2.3435905734915696,0.001417931842001341,0.21449654258989054,0.0,0.9084752494671775,0.0,0.9084752494671775,0.0915247505328225,0.0,0.0,0.0,True,0,long_only,1.7427678032297613,1.3447520485220932
2026-03-09,2.3379749213284433,-0.002396174582132815,0.23721875768703124,0.0,0.8985366542972826,0.0,0.8985366542972826,0.10146334570271742,0.0009616646097703824,0.0,0.4106824788178779,True,0,long_only,1.737505158956864,1.345593081710376
2026-03-10,2.3617325883738998,0.010161643236086482,0.23721875768703124,0.0,0.8995573170075275,0.0,0.8995573170075275,0.1004426829924725,0.0,0.0,0.0,True,0,long_only,1.7541500377137536,1.3463686330115925
2026-03-11,2.357357370326158,-0.0018525459102692876,0.23721875768703124,0.0,0.8993708969742631,0.0,0.8993708969742631,0.10062910302573691,0.0,0.0,0.0,True,0,long_only,1.7601991475946215,1.3392560572180574
2026-03-12,2.3247222487443446,-0.0138439432190538,0.23721875768703124,0.0,0.8979582365957222,0.0,0.8979582365957222,0.10204176340427784,0.0,0.0,0.0,True,0,long_only,1.7416516387693322,1.3347802723551627
2026-03-13,2.3401062143921987,0.006617549970179493,0.23721875768703124,0.0,0.8986290638313421,0.0,0.8986290638313421,0.10137093616865789,0.0,0.0,0.0,True,0,long_only,1.7236113850130357,1.357676234178797
2026-03-16,2.3337246878089553,-0.002727024330774319,0.0027659895400547287,0.0,0.9988147747013587,0.0,0.9988147747013587,0.0011852252986412903,0.0016565138014671657,0.0,0.7103183724455292,True,0,long_only,1.7173921735659456,1.3588769785548014
2026-03-17,2.3075081596279206,-0.011233770769099705,0.0027659895400547287,0.0,0.9988013088800948,0.0,0.9988013088800948,0.0011986911199052264,0.0,0.0,0.0,True,0,long_only,1.6910992830659488,1.364501885095964
2026-03-18,2.3289825138230644,0.009306296103675171,0.0027659895400547287,0.0,0.9988123613966021,0.0,0.9988123613966021,0.001187638603397878,0.0,0.0,0.0,True,0,long_only,1.7070159780264018,1.3643589420385864
2026-03-19,2.307417077041498,-0.009259595833618572,0.0027659895400547287,0.0,0.9988012615631668,0.0,0.9988012615631668,0.0011987384368331577,0.0,0.0,0.0,True,0,long_only,1.6789956417403493,1.374284137301133
2026-03-20,2.2914007380196173,-0.006941241434520462,0.0027659895400547287,0.0,0.9987928826703418,0.0,0.9987928826703418,0.0012071173296581694,0.0,0.0,0.0,True,0,long_only,1.6692422483496423,1.372719112690261
2026-03-23,2.266512712290854,-0.010861489793476009,0.0031822363983596376,0.0,0.9985959768144679,0.0,0.9985959768144679,0.0014040231855321217,0.0013793758459253156,0.0,0.6038056496243029,True,0,long_only,1.6531408813700836,1.3710342160387579
2026-03-24,2.3418553489871154,0.03324165635061016,0.0031822363983596376,0.0,0.9986411473280209,0.0,0.9986411473280209,0.001358852671979105,0.0,0.0,0.0,True,0,long_only,1.689269166414225,1.3863127295208502
2026-03-25,2.3872434584249773,0.019381260869717254,0.0031822363983596376,0.0,0.9986669828805566,0.0,0.9986669828805566,0.001333017119443447,0.0,0.0,0.0,True,0,long_only,1.7066218981030625,1.3988121569742171
2026-03-26,2.3340683602262278,-0.02227468589811643,0.0031822363983596376,0.0,0.9986366138830436,0.0,0.9986366138830436,0.001363386116956411,0.0,0.0,0.0,True,0,long_only,1.683096715955459,1.3867701945465598
2026-03-27,2.327349167885327,-0.002878747021895278,0.0031822363983596376,0.0,0.9986326777080676,0.0,0.9986326777080676,0.0013673222919323713,0.0,0.0,0.0,True,0,long_only,1.690635400507865,1.3766121111542997
2026-03-30,2.2945298254079924,-0.014101598045623054,0.003641396599711232,0.0,0.9984130096896588,0.0,0.9984130096896588,0.001586990310341152,0.0009724404051114675,0.0,0.42082112043590236,True,0,long_only,1.674960303987086,1.369901017920293
2026-03-31,2.2694335011575846,-0.01093745828557513,0.003641396599711232,0.0,0.9983954601014509,0.0,0.9983954601014509,0.00160453989854914,0.0,0.0,0.0,True,0,long_only,1.6477501526509075,1.377292241488499
2026-04-01,2.3157871312863456,0.020425198669675515,0.003641396599711232,0.0,0.9984275771505438,0.0,0.9984275771505438,0.0015724228494562453,0.0,0.0,0.0,True,0,long_only,1.6789485419042838,1.3793079856156591
2026-04-02,2.289034511741046,-0.011552279215939598,0.003641396599711232,0.0,0.9984091997822515,0.0,0.9984091997822515,0.0015908002177484892,0.0,0.0,0.0,True,0,long_only,1.6615659916141963,1.3776368337421674
2026-04-03,2.2947950890097504,0.0025165969491316442,0.003641396599711232,0.0,0.9984131931355654,0.0,0.9984131931355654,0.0015868068644345756,0.0,0.0,0.0,True,0,long_only,1.663972488274174,1.379106388585696
2026-04-07,2.3127631424102764,0.00782991626859375,0.0031883288048823004,0.0,0.9986214200899278,0.0,0.9986214200899278,0.0013785799100721752,0.0014067823186626367,0.0,0.6111996882907288,True,0,long_only,1.670313007212713,1.3846285890269354
2026-04-08,2.363935128025613,0.02212590847587048,0.0031883288048823004,0.0,0.9986512621403679,0.0,0.9986512621403679,0.0013487378596320765,0.0,0.0,0.0,True,0,long_only,1.7193025971323994,1.374938380229511
2026-04-09,2.382023758568603,0.007651914948316518,0.0031883288048823004,0.0,0.9986615041964156,0.0,0.9986615041964156,0.0013384958035843608,0.0,0.0,0.0,True,0,long_only,1.715842622844166,1.388253052380865
2026-04-10,2.369544523122718,-0.005238921484722492,0.0031883288048823004,0.0,0.9986544549917633,0.0,0.9986544549917633,0.0013455450082366927,0.0,0.0,0.0,True,0,long_only,1.7107209392317237,1.385114584607159
2026-04-13,2.374253427585168,0.0019872614405422873,0.24055690729258214,0.0,0.8986810318992567,0.0,0.8986810318992567,0.10131896810074326,0.0017056919743323796,0.0,0.71671946790406,True,0,long_only,1.703212073280568,1.393985790044397
2026-04-14,2.396713751072075,0.009459952010999473,0.24055690729258214,0.0,0.8996305223412773,0.0,0.8996305223412773,0.10036947765872273,0.0,0.0,0.0,True,0,long_only,1.7191490991055098,1.3941279161412519
2026-04-15,2.3938659490303524,-0.0011882111664143213,0.24055690729258214,0.0,0.8995111203323557,0.0,0.8995111203323557,0.1004888796676443,0.0,0.0,0.0,True,0,long_only,1.720015871628211,1.3917696856856663
2026-04-16,2.43527837306098,0.017299391408028608,0.24055690729258214,0.0,0.9012199549942135,0.0,0.9012199549942135,0.09878004500578652,0.0,0.0,0.0,True,0,long_only,1.7439900270332729,1.396383199050552
2026-04-17,2.4429163232546625,0.0031363766369270074,0.24055690729258214,0.0,0.9015287977722907,0.0,0.9015287977722907,0.09847120222770933,0.0,0.0,0.0,True,0,long_only,1.747755980832061,1.3977445078412225
2026-04-20,2.4336653311010226,-0.0037868641121996394,0.0028991690844976576,0.0,0.9988087231849639,0.0,0.9988087231849639,0.0011912768150360575,0.0017314898972795774,0.0,0.7102314973269549,True,0,long_only,1.7493932931188836,1.391148200163837
2026-04-21,2.425449043188598,-0.0033760960504407578,0.0028991690844976576,0.0,0.9988046876958148,0.0,0.9988046876958148,0.0011953123041852365,0.0,0.0,0.0,True,0,long_only,1.7431781478446913,1.3913948188184229
2026-04-22,2.4387219384311516,0.0054723455352847505,0.0028991690844976576,0.0,0.9988111932570867,0.0,0.9988111932570867,0.0011888067429133287,0.0,0.0,0.0,True,0,long_only,1.7555725205324788,1.3891319839589813
2026-04-23,2.4662095548397023,0.011271320430337184,0.0028991690844976576,0.0,0.9988244433329648,0.0,0.9988244433329648,0.0011755566670351714,0.0,0.0,0.0,True,0,long_only,1.747894230710584,1.4109604068188362
2026-04-24,2.419815701025053,-0.018811805235125267,0.0028991690844976576,0.0,0.9988019050032324,0.0,0.9988019050032324,0.0011980949967675958,0.0,0.0,0.0,True,0,long_only,1.7417837893885086,1.3892744413901006
2026-04-27,2.418235154730838,-0.0006531680464528788,0.24471995619672604,0.0,0.89880225017903,0.0,0.89880225017903,0.10119774982096996,0.00127188184525979,0.0,0.5263341816994934,True,0,long_only,1.7478108741661806,1.383579419532158
2026-04-28,2.4018859032923356,-0.006760819520185368,0.974113247504714,0.0,0.5944381678707268,0.0,0.5944381678707268,0.4055618321292732,0.0007301234147227107,0.0,0.30213353030888174,True,0,long_only,1.7355347593401684,1.383945720686981
2026-04-29,2.4098084460175073,0.0032984675559784016,0.974113247504714,0.0,0.5957715024550806,0.0,0.5957715024550806,0.4042284975449194,0.0,0.0,0.0,True,0,long_only,1.7500720051450642,1.3769767409185871
2026-04-30,2.4074139662600973,-0.0009936390427077724,1.2144972175847528,0.0,0.49551791482232427,0.0,0.49551791482232427,0.5044820851776757,0.00024062459467471357,0.0,0.09986767870413374,True,0,long_only,1.7487108537675464,1.3766792612245726
2026-05-06,2.4257124817320412,0.007600901103174351,0.7246728809854229,0.0,0.7012535960288329,0.0,0.7012535960288329,0.29874640397116714,0.0014526204149149314,0.0,0.6022461319508384,True,0,long_only,1.7693483754622732,1.3709637487859232
2026-05-07,2.436928138858821,0.004623654786477971,0.7246728809854229,0.0,0.7026285390078113,0.0,0.7026285390078113,0.2973714609921887,0.0,0.0,0.0,True,0,long_only,1.7747285999014633,1.373127214490218
2026-05-08,2.4638485311346843,0.011046855197162087,0.7246728809854229,0.0,0.7058776658434897,0.0,0.7058776658434897,0.29412233415651035,0.0,0.0,0.0,True,0,long_only,1.774418893065752,1.388538264985316
2026-05-11,2.464753179579758,0.0003671688554074404,0.9904296623900779,0.0,0.5981627407581042,0.0,0.5981627407581042,0.40183725924189584,0.001274114331607274,0.0,0.5152237563390286,True,0,long_only,1.7797171163515042,1.3849128925795842
2026-05-12,2.453338778345567,-0.004631052443205275,0.9904296623900779,0.0,0.5962931531787942,0.0,0.5962931531787942,0.40370684682120583,0.0,0.0,0.0,True,0,long_only,1.7577201375179676,1.3957505099815635
2026-05-13,2.4612500630420393,0.003224701279049391,0.9904296623900779,0.0,0.5975908026322473,0.0,0.5975908026322473,0.4024091973677527,0.0,0.0,0.0,True,0,long_only,1.764995537375245,1.394479482198695
2026-05-14,2.4335885436363434,-0.0112388090186607,0.9904296623900779,0.0,0.5930167961301513,0.0,0.5930167961301513,0.40698320386984865,0.0,0.0,0.0,True,0,long_only,1.7376115571476884,1.4005365777096408
2026-05-15,2.4245569484372345,-0.003711225228572812,0.9904296623900779,0.0,0.5915007634576427,0.0,0.5915007634576427,0.4084992365423573,0.0,0.0,0.0,True,0,long_only,1.7240339281466588,1.4063278621457524
2026-05-18,2.4364625076318047,0.00491040608563309,0.9712349714362446,0.0,0.6013749571791005,0.0,0.6013749571791005,0.3986250428208995,0.0010014135691539345,0.0,0.4129867532406889,True,0,long_only,1.7217531439987694,1.4151055952034586
2026-05-19,2.4476549357691337,0.004593720651260069,0.9712349714362446,0.0,0.6031977558425528,0.0,0.6031977558425528,0.39680224415744725,0.0,0.0,0.0,True,0,long_only,1.7494210786336846,1.399122810204606
2026-05-20,2.4296158245347694,-0.007369956839400449,0.9712349714362446,0.0,0.60025162759128,0.0,0.60025162759128,0.39974837240871997,0.0,0.0,0.0,True,0,long_only,1.7438578764140964,1.393241879051979
2026-05-21,2.430989134553928,0.000565237518331152,1.2248119865548723,0.0,0.49616723121240186,0.0,0.49616723121240186,0.5038327687875981,0.0002538308459645922,0.0,0.10429362074301342,True,0,long_only,1.7228178036024937,1.411054105356129
2026-05-22,2.4356455121134313,0.0019154250808108841,1.2248119865548723,0.0,0.49713044017965813,0.0,0.49713044017965813,0.5028695598203419,0.0,0.0,0.0,True,0,long_only,1.726170024308937,1.4110113591437952
2026-05-25,2.4280264323756646,-0.003128156252572012,0.977527460930163,0.0,0.5973983446408709,0.0,0.5973983446408709,0.40260165535912906,0.0012515056118599685,0.0,0.5126042123729954,True,0,long_only,1.7276958556888131,1.4053552448950208
2026-05-26,2.422830737454488,-0.0021398840028661326,1.2165837180592776,0.0,0.4978668137017844,0.0,0.4978668137017844,0.5021331862982156,0.00023929555268179637,0.0,0.09877573122763036,True,0,long_only,1.7213058649800181,1.4075538733394215
2026-05-27,2.4086183033985042,-0.005866044968092066,1.2165837180592776,0.0,0.4949038972498439,0.0,0.4949038972498439,0.5050961027501562,0.0,0.0,0.0,True,0,long_only,1.7072714692234763,1.4107998328432347
2026-05-28,2.4134044766855136,0.00198710326175644,1.2165837180592776,0.0,0.49590558490630976,0.0,0.49590558490630976,0.5040944150936902,0.0,0.0,0.0,True,0,long_only,1.7232925292883046,1.4004612888806611
2026-05-29,2.4135703313988928,6.872230286347758e-05,1.2165837180592776,0.0,0.4959402250548249,0.0,0.4959402250548249,0.5040597749451752,0.0,0.0,0.0,True,0,long_only,1.7057520759506883,1.414959633013319
2026-06-01,2.43187582970861,0.007584406417155298,0.9667341838879587,0.0,0.6024738713720454,0.0,0.6024738713720454,0.39752612862795456,0.0007409399283216968,0.0,0.3070263138060803,True,0,long_only,1.7157081002907992,1.4174181664680758
2026-06-02,2.424634931731212,-0.0029774949398900796,0.9667341838879587,0.0,0.6012867045523833,0.0,0.6012867045523833,0.3987132954476167,0.0,0.0,0.0,True,0,long_only,1.7225355434338425,1.4075964591695724
2026-06-03,2.4195418034738925,-0.0021005753033850327,0.9667341838879587,0.0,0.6004474142583707,0.0,0.6004474142583707,0.39955258574162933,0.0,0.0,0.0,True,0,long_only,1.7155105520575173,1.4103916764440692
2026-06-04,2.412647344992706,-0.002849489300531083,0.9667341838879587,0.0,0.5993056399666726,0.0,0.5993056399666726,0.40069436003332737,0.0,0.0,0.0,True,0,long_only,1.7067360897919408,1.4136030517095466
2026-06-05,2.412270380496645,-0.00015624517061851861,0.9667341838879587,0.0,0.5992430236245222,0.0,0.5992430236245222,0.4007569763754778,0.0,0.0,0.0,True,0,long_only,1.7010153233725653,1.4181355966352438
2026-06-08,2.399012645430038,-0.00549595732460062,0.9637578994596617,0.0,0.5982689373082056,0.0,0.5982689373082056,0.40173106269179437,0.0009828710162681324,0.0,0.4084931202952028,True,0,long_only,1.6847780784486739,1.4239339151652683
2026-06-09,2.418562412843548,0.008149088939047866,0.9637578994596617,0.0,0.6015162170958598,0.0,0.6015162170958598,0.3984837829041402,0.0,0.0,0.0,True,0,long_only,1.7029091433996866,1.4202533483466602
2026-06-10,2.390987780876741,-0.011401248866010016,0.9637578994596617,0.0,0.59692060864223,0.0,0.59692060864223,0.40307939135777004,0.0,0.0,0.0,True,0,long_only,1.6852260351629078,1.4187935214551848
2026-06-11,2.393665921566749,0.0011200980245185121,0.9637578994596617,0.0,0.5973715919267281,0.0,0.5973715919267281,0.40262840807327194,0.0,0.0,0.0,True,0,long_only,1.6899533000042695,1.4164095076240875
2026-06-12,2.413619847689585,0.008336136610816336,0.9637578994596617,0.0,0.6007002095287666,0.0,0.6007002095287666,0.39929979047123343,0.0,0.0,0.0,True,0,long_only,1.70556909817029,1.415140465595256
2026-06-15,2.4155473473822116,0.0007985929078566656,0.9686410054087546,0.0,0.5989973011878675,0.0,0.5989973011878675,0.40100269881213246,2.5948036460455765e-05,0.0,0.010740653900701237,True,0,long_only,1.7316715562395764,1.394922344643525
2026-06-16,2.418882680869552,0.0013807775247935972,0.9686410054087546,0.0,0.5995502332256384,0.0,0.5995502332256384,0.4004497667743616,0.0,0.0,0.0,True,0,long_only,1.7404263653361474,1.3898219017168054
2026-06-17,2.4109760326922807,-0.003268719165176237,0.9686410054087546,0.0,0.5982369827512986,0.0,0.5982369827512986,0.40176301724870145,0.0,0.0,0.0,True,0,long_only,1.735335855715921,1.389342601751072
2026-06-18,2.380724937570103,-0.012547240085334588,0.9686410054087546,0.0,0.5931319111575308,0.0,0.5931319111575308,0.40686808884246917,0.0,0.0,0.0,True,0,long_only,1.7201246417532254,1.3840421093808442
2026-06-22,2.382085256766256,0.0005713886449820738,0.9553537817431553,0.0,0.5989422380960143,0.0,0.5989422380960143,0.4010577619039857,2.3473964400385658e-05,0.0,0.00985161247558186,True,0,long_only,1.7188620950684779,1.3858501293388261
2026-06-23,2.3622827936808393,-0.008313079067664875,0.9553537817431553,0.0,0.5955802648612823,0.0,0.5955802648612823,0.40441973513871765,0.0,0.0,0.0,True,0,long_only,1.704924270918257,1.3855646458763442
2026-06-24,2.349187059473205,-0.005543677599762931,0.9553537817431553,0.0,0.5933257941760546,0.0,0.5933257941760546,0.4066742058239454,0.0,0.0,0.0,True,0,long_only,1.7093120103226576,1.3743465471992804
2026-06-25,2.3652924206979553,0.006855716814803792,0.9553537817431553,0.0,0.5960948534806333,0.0,0.5960948534806333,0.4039051465193667,0.0,0.0,0.0,True,0,long_only,1.6975085880960077,1.3933905473497252
2026-06-26,2.3540105943943077,-0.004769738491919195,0.9553537817431553,0.0,0.594159098511207,0.0,0.594159098511207,0.40584090148879304,0.0,0.0,0.0,True,0,long_only,1.6847567310409608,1.3972406526251626
2026-06-29,2.352184249876784,-0.0007758437969109799,1.1779842231203528,0.0,0.4991955995020118,0.0,0.4991955995020118,0.5008044004979881,0.0011804755185931025,0.0,0.5013530431193721,True,0,long_only,1.686943315516719,1.3943469399600414
2026-06-30,2.3569083550793595,0.002008390797966886,1.1779842231203528,0.0,0.5001993944390388,0.0,0.5001993944390388,0.4998006055609612,0.0,0.0,0.0,True,0,long_only,1.7087088613428265,1.3793504606906124
2026-07-01,2.3668140915156677,0.004202851763396076,1.1779842231203528,0.0,0.5022911907855037,0.0,0.5022911907855037,0.49770880921449634,0.0,0.0,0.0,True,0,long_only,1.718106803452723,1.3775709907901514
2026-07-02,2.3719133254024323,0.0021544716608894454,1.1779842231203528,0.0,0.5033611850380371,0.0,0.5033611850380371,0.49663881496196294,0.0,0.0,0.0,True,0,long_only,1.709936506710202,1.3871353211622035
2026-07-03,2.3775673967762962,0.002383759690251175,1.1779842231203528,0.0,0.5045422372810286,0.0,0.5045422372810286,0.49545776271897135,0.0,0.0,0.0,True,0,long_only,1.7176561359565572,1.3841928818029905
2026-07-06,2.3801480338836916,0.0010854107062936436,1.1898722158374835,0.0,0.5000847851064258,0.0,0.5000847851064258,0.49991521489357416,0.0009669247232111467,0.0,0.40659486403550044,True,0,long_only,1.7183724600820418,1.3851176559068306
2026-07-07,2.37185234736169,-0.0034853657856168674,1.1898722158374835,0.0,0.49833630362318826,0.0,0.49833630362318826,0.5016636963768117,0.0,0.0,0.0,True,0,long_only,1.7018336406682348,1.393703997078333
2026-07-08,2.3752213692724844,0.0014204180603998307,1.1898722158374835,0.0,0.49904786508302,0.0,0.49904786508302,0.50095213491698,0.0,0.0,0.0,True,0,long_only,1.6957357367125943,1.4007025492528464
2026-07-09,2.3722699982249726,-0.0012425667290184572,1.1898722158374835,0.0,0.49842462420896716,0.0,0.49842462420896716,0.5015753757910328,0.0,0.0,0.0,True,0,long_only,1.7051174141308998,1.3912648938807075
2026-07-10,2.374349025191066,0.000876387159829628,1.1898722158374835,0.0,0.49886381352811715,0.0,0.49886381352811715,0.5011361864718828,0.0,0.0,0.0,True,0,long_only,1.6960993203392003,1.3998879645304165
2026-07-13,2.3693294522951405,-0.0021140838363147285,1.1889852086877268,0.0,0.4981764956595751,0.0,0.4981764956595751,0.5018235043404249,0.00048278461439928345,0.0,0.20324532789944277,True,0,long_only,1.675850457003949,1.4138072060027236
2026-07-14,2.3824828052272435,0.005551508642819281,1.1889852086877268,0.0,0.5009469927425897,0.0,0.5009469927425897,0.4990530072574103,0.0,0.0,0.0,True,0,long_only,1.6952122169520105,1.405418614497095
2026-07-15,2.390234222332583,0.0032535039028749324,1.1889852086877268,0.0,0.5025653981610976,0.0,0.5025653981610976,0.4974346018389024,0.0,0.0,0.0,True,0,long_only,1.6904236206694412,1.413985342553367
2026-07-16,2.390943437114377,0.000296713508311397,1.1889852086877268,0.0,0.5027129499463568,0.0,0.5027129499463568,0.49728705005364315,0.0,0.0,0.0,True,0,long_only,1.6828371585854869,1.4207812234928845
2026-07-17,2.3936374976035015,0.0011267771739409405,1.1889852086877268,0.0,0.5032726509848993,0.0,0.5032726509848993,0.49672734901510074,0.0,0.0,0.0,True,0,long_only,1.6700978388968746,1.4332318992667736
2026-07-20,2.4012321278783455,0.0031728406170306034,1.197800467181056,0.0,0.501172563337558,0.0,0.501172563337558,0.498827436662442,0.000488981860408381,0.0,0.20433966660024774,True,0,long_only,1.6692544468683355,1.4385057546998081
2026-07-21,2.40212128822011,0.0003702933720741708,1.197800467181056,0.0,0.5013572074586686,0.0,0.5013572074586686,0.49864279254133137,0.0,0.0,0.0,True,0,long_only,1.6924584013570176,1.4193089096276061
2026-07-22,2.4008740647839923,-0.0005192175108869046,1.197800467181056,0.0,0.5010981688917439,0.0,0.5010981688917439,0.49890183110825614,0.0,0.0,0.0,True,0,long_only,1.6861704038184075,1.4238620600546106
2026-07-23,2.404593880335354,0.0015493588797197422,1.197800467181056,0.0,0.5018699511062525,0.0,0.5018699511062525,0.49813004889374746,0.0,0.0,0.0,True,0,long_only,1.6885480984203598,1.4240600445938476
2026-07-24,2.396959957600207,-0.0031747243464175234,1.197800467181056,0.0,0.500283488932259,0.0,0.500283488932259,0.49971651106774095,0.0,0.0,0.0,True,0,long_only,1.6765837235165078,1.4296691086638753
2026-07-27,2.403268822852379,0.0026320278034548394,1.199829267281361,0.0,0.5007511203605953,0.0,0.5007511203605953,0.4992488796394047,0.0009658078107029042,0.0,0.4027562974567926,True,0,long_only,1.696988456812839,1.4161963289756399
2026-07-28,2.4015598575733814,-0.0007111003408136751,1.199829267281361,0.0,0.5003958516804534,0.0,0.5003958516804534,0.4996041483195466,0.0,0.0,0.0,True,0,long_only,1.6756132635849144,1.4332423296980417
2026-07-29,2.413523290166785,0.004981525884385718,1.199829267281361,0.0,0.5028723061551863,0.0,0.5028723061551863,0.4971276938448137,0.0,0.0,0.0,True,0,long_only,1.688923202870176,1.4290308085442933
2026-07-30,2.4152462387411964,0.000713872777375224,1.199829267281361,0.0,0.5032269389200246,0.0,0.5032269389200246,0.49677306107997543,0.0,0.0,0.0,True,0,long_only,1.6812933682753124,1.4365406325362362
2026-07-31,2.4167335971689514,0.000615820616505891,1.199829267281361,0.0,0.5035326737349602,0.0,0.5035326737349602,0.49646732626503975,0.0,0.0,0.0,True,0,long_only,1.6931665931367068,1.4273454289526155
2026-08-03,2.4149101510260294,-0.0007545085420496145,1.208757125073298,0.0,0.4994608289837489,0.0,0.4994608289837489,0.5005391710162511,0.001465772981469279,0.0,0.6064893683786101,True,0,long_only,1.6871974513228278,1.4313144849363344
2026-08-04,2.4117695168830213,-0.001300518009613505,1.208757125073298,0.0,0.49880902108941994,0.0,0.49880902108941994,0.5011909789105801,0.0,0.0,0.0,True,0,long_only,1.7019034433029794,1.4171012617509986
2026-08-05,2.4113039753417334,-0.00019302903450302278,1.208757125073298,0.0,0.4987122580005735,0.0,0.4987122580005735,0.5012877419994265,0.0,0.0,0.0,True,0,long_only,1.7161584289392238,1.405059075362982
2026-08-06,2.404633582116395,-0.0027663012600445125,1.208757125073298,0.0,0.49732169838140894,0.0,0.49732169838140894,0.5026783016185911,0.0,0.0,0.0,True,0,long_only,1.7118916581785308,1.4046645829648754
2026-08-07,2.398749113491201,-0.0024471373389102213,1.208757125073298,0.0,0.49608855787588313,0.0,0.49608855787588313,0.5039114421241169,0.0,0.0,0.0,True,0,long_only,1.7138678182068312,1.3996115032960597
2026-08-10,2.4012825104362125,0.001056132519555053,1.200195428754872,0.0,0.5001856618125093,0.0,0.5001856618125093,0.49981433818749066,0.0009596240480871153,0.0,0.40005588341723547,True,0,long_only,1.710259767455572,1.4040454883697027
2026-08-11,2.3972383732787845,-0.001684157170117162,1.200195428754872,0.0,0.4993424758534448,0.0,0.4993424758534448,0.5006575241465552,0.0,0.0,0.0,True,0,long_only,1.699044246060387,1.41093345793514
2026-08-12,2.3874072084297633,-0.004101037660086737,1.200195428754872,0.0,0.4972808055043696,0.0,0.4972808055043696,0.5027191944956304,0.0,0.0,0.0,True,0,long_only,1.6912853104760202,1.4115934157542092
2026-08-13,2.3804992698307066,-0.0028934898808485876,1.200195428754872,0.0,0.4958219714807028,0.0,0.4958219714807028,0.5041780285192972,0.0,0.0,0.0,True,0,long_only,1.6728011661783873,1.4230616991193863
2026-08-14,2.375974070372305,-0.0019009455351451932,1.200195428754872,0.0,0.49486173114388987,0.0,0.49486173114388987,0.5051382688561101,0.0,0.0,0.0,True,0,long_only,1.6721560000786126,1.4209045509274278
2026-08-17,2.378195978982036,0.0009351569267683768,1.1883244085834876,0.0,0.500325280554827,0.0,0.500325280554827,0.49967471944517305,0.001417830384826403,0.0,0.5967459463063187,True,0,long_only,1.689678833333672,1.4074840330987315
2026-08-18,2.381103072986774,0.001222394634601276,1.1883244085834876,0.0,0.5009353345242237,0.0,0.5009353345242237,0.4990646654757763,0.0,0.0,0.0,True,0,long_only,1.6846499940023951,1.4134111426491291
2026-08-19,2.3759912498566456,-0.0021468298403883868,1.1883244085834876,0.0,0.4998616225311501,0.0,0.4998616225311501,0.5001383774688499,0.0,0.0,0.0,True,0,long_only,1.6654908650037377,1.4266011899448716
2026-08-20,2.3755292502201413,-0.00019444500754461913,1.1883244085834876,0.0,0.4997643542072299,0.0,0.4997643542072299,0.5002356457927701,0.0,0.0,0.0,True,0,long_only,1.665677570109292,1.4261639184252646
2026-08-21,2.372126770635544,-0.001432303805260271,1.1883244085834876,0.0,0.4990468370857305,0.0,0.4990468370857305,0.5009531629142695,0.0,0.0,0.0,True,0,long_only,1.6648456989039633,1.4248328071467602
2026-08-24,2.3689658279472137,-0.0013325353128084139,0.9504477289006389,0.0,0.5987921321244921,0.0,0.5987921321244921,0.4012078678755079,0.0007240739823008925,0.0,0.30518171086279766,True,0,long_only,1.6599761180111807,1.4271083795985418
2026-08-25,2.374970308003191,0.0025346419037124424,0.9504477289006389,0.0,0.5998064793914208,0.0,0.5998064793914208,0.40019352060857916,0.0,0.0,0.0,True,0,long_only,1.6697596688508793,1.422342599541666
2026-08-26,2.3786658702634274,0.001556045668353434,0.9504477289006389,0.0,0.6004282313112851,0.0,0.6004282313112851,0.3995717686887149,0.0,0.0,0.0,True,0,long_only,1.6752652669544161,1.419874163921379
2026-08-27,2.3811560908043563,0.001046897999445795,0.9504477289006389,0.0,0.6008461047257188,0.0,0.6008461047257188,0.39915389527428125,0.0,0.0,0.0,True,0,long_only,1.6866769811919173,1.411743989724502
2026-08-28,2.3824649724275284,0.0005496832518570027,0.9504477289006389,0.0,0.6010653923981037,0.0,0.6010653923981037,0.39893460760189625,0.0,0.0,0.0,True,0,long_only,1.6802442956676962,1.4179277254923122
2026-08-31,2.3730332461944186,-0.003958810031737703,0.9519201529781417,0.0,0.5988593271903312,0.0,0.5988593271903312,0.4011406728096688,0.001905929235633531,0.0,0.8011943677944617,True,0,long_only,1.6769869523288667,1.415057668098692
2026-09-01,2.3700310780209914,-0.0012651184631491397,0.9519201529781417,0.0,0.5983511938699942,0.0,0.5983511938699942,0.40164880613000575,0.0,0.0,0.0,True,0,long_only,1.671928633244081,1.4175432078236296
2026-09-02,2.358566270599223,-0.004837408052615677,0.9519201529781417,0.0,0.5963988102245291,0.0,0.5963988102245291,0.4036011897754709,0.0,0.0,0.0,True,0,long_only,1.6576949950155497,1.4227986919735491
2026-09-03,2.3535614347999503,-0.0021219822659472865,0.9519201529781417,0.0,0.5955405544537852,0.0,0.5955405544537852,0.4044594455462148,0.0,0.0,0.0,True,0,long_only,1.647350651163705,1.4286948763078284
2026-09-04,2.3514889094375975,-0.0008805911465528116,0.9519201529781417,0.0,0.5951840771361276,0.0,0.5951840771361276,0.40481592286387236,0.0,0.0,0.0,True,0,long_only,1.63963339385154,1.4341552924302738
2026-09-07,2.3563708533821,0.0020761075780155736,0.7079805413557079,0.0,0.6995462151725637,0.0,0.6995462151725637,0.30045378482743634,0.0007187182740138112,0.0,0.30537269459680066,True,0,long_only,1.6478802701836353,1.429940570330096
2026-09-08,2.356155816468106,-9.125767010997876e-05,0.7079805413557079,0.0,0.6995187939577886,0.0,0.6995187939577886,0.3004812060422114,0.0,0.0,0.0,True,0,long_only,1.6444135189405724,1.4328244017271758
2026-09-09,2.3515912136615538,-0.0019373093980661338,0.7079805413557079,0.0,0.6989355389479687,0.0,0.6989355389479687,0.30106446105203133,0.0,0.0,0.0,True,0,long_only,1.6342057307285431,1.438981132818078
2026-09-10,2.344466223329316,-0.003029859225041065,0.7079805413557079,0.0,0.6980205838281078,0.0,0.6980205838281078,0.30197941617189217,0.0,0.0,0.0,True,0,long_only,1.6246956300162174,1.4430187291793934
2026-09-11,2.345516768448654,0.00044809565131909146,0.7079805413557079,0.0,0.6981558388840798,0.0,0.6981558388840798,0.30184416111592016,0.0,0.0,0.0,True,0,long_only,1.618434401449184,1.4492504400230393
