date,nav,return,cash,receivables,long_exposure,short_exposure,net_exposure,idle_cash_weight,cost,borrow_cost,turnover,marked_prices_verified,stale_mark_count,mode,benchmark_nav,excess_nav
2019-01-07,1.0074301074301075,0.007430107430107524,0.9,0.0,0.1066377772887442,0.0,0.1066377772887442,0.8933622227112558,9.990009990009991e-05,0.0,0.09990009990009992,True,0,long_only,1.0077485782538829,0.9996839778982103
2019-01-08,1.006900106900107,-0.0005260916127993731,0.9,0.0,0.1061675395280421,0.0,0.1061675395280421,0.8938324604719579,0.0,0.0,0.0,True,0,long_only,1.0095193482717215,0.9974054569869327
2019-01-09,1.0176701176701177,0.01069620580652031,0.9,0.0,0.11562697540880432,0.0,0.11562697540880432,0.8843730245911957,0.0,0.0,0.0,True,0,long_only,1.0155958667645042,1.0020423979394695
2019-01-10,1.0153901153901155,-0.002240413902711569,0.9,0.0,0.11364116475152236,0.0,0.11364116475152236,0.8863588352484777,0.0,0.0,0.0,True,0,long_only,1.0187351359689563,0.9967164963092598
2019-01-11,1.0159501159501159,0.0005515127156672239,0.9,0.0,0.11412973346794639,0.0,0.11412973346794639,0.8858702665320536,0.0,0.0,0.0,True,0,long_only,1.0227596132822259,0.9933420353681575
2019-01-14,1.0166813916781092,0.0007197949156287908,0.9152487512487513,0.0,0.09976836525151288,0.0,0.09976836525151288,0.9002316347484871,0.00021865283004144146,0.0,0.2149851580784356,True,0,long_only,1.0186622531270633,0.9980554286341
2019-01-15,1.0172789958721171,0.0005877988904876563,0.9152487512487513,0.0,0.10029720955350592,0.0,0.10029720955350592,0.899702790446494,0.0,0.0,0.0,True,0,long_only,1.0241323580712793,0.9933081284414556
2019-01-16,1.0177698850314807,0.0004825511598642862,0.9152487512487513,0.0,0.10073115277876223,0.0,0.10073115277876223,0.8992688472212378,0.0,0.0,0.0,True,0,long_only,1.0246885319909682,0.9932480488036256
2019-01-17,1.0175884694725854,-0.00017824811046518452,0.9152487512487513,0.0,0.10057083122893154,0.0,0.10057083122893154,0.8994291687710685,0.0,0.0,0.0,True,0,long_only,1.0216812302623712,0.9959940922192191
2019-01-18,1.0174710829344769,-0.00011535757492375787,0.9152487512487513,0.0,0.10046706329078876,0.0,0.10046706329078876,0.8995329367092112,0.0,0.0,0.0,True,0,long_only,1.0265438602574108,0.9911618220378241
2019-01-21,1.0188147392200142,0.0013205842486081476,0.8139036171478017,0.0,0.20112697057081133,0.0,0.20112697057081133,0.7988730294291887,0.00030550563484448506,0.0,0.3002566223049837,True,0,long_only,1.028735652517253,0.9903562073765374
2019-01-22,1.0180897392751094,-0.0007116111663834079,0.8139036171478017,0.0,0.20055807877279105,0.0,0.20055807877279105,0.7994419212272089,0.0,0.0,0.0,True,0,long_only,1.0259024204887115,0.9923845766833455
2019-01-23,1.0181340356714013,4.35093239654627e-05,0.8139036171478017,0.0,0.2005928604370065,0.0,0.2005928604370065,0.7994071395629935,0.0,0.0,0.0,True,0,long_only,1.0267646315843104,0.9915943774771516
2019-01-24,1.0198853626346562,0.0017201339920827063,0.8139036171478017,0.0,0.20196558655841926,0.0,0.20196558655841926,0.7980344134415808,0.0,0.0,0.0,True,0,long_only,1.0338746004711203,0.9864691154709774
2019-01-25,1.018793366211568,-0.0010707050646037164,0.8139036171478017,0.0,0.20111021121550754,0.0,0.20111021121550754,0.7988897887844925,0.0,0.0,0.0,True,0,long_only,1.0438461054027415,0.9759995855121695
2019-01-28,1.016696205996658,-0.002058474548875866,0.9171107981789478,0.0,0.09795001420319802,0.0,0.09795001420319802,0.902049985796802,0.000307113094920594,0.0,0.3013224867786482,True,0,long_only,1.0404220270345812,0.9771959643092653
2019-01-29,1.0159038751563887,-0.0007793191669211996,0.9171107981789478,0.0,0.09724648108290036,0.0,0.09724648108290036,0.9027535189170997,0.0,0.0,0.0,True,0,long_only,1.0385334415490222,0.9782100744306506
2019-01-30,1.015726842107609,-0.00017426161382871896,0.9171107981789478,0.0,0.0970891383790109,0.0,0.0970891383790109,0.9029108616209891,0.0,0.0,0.0,True,0,long_only,1.0396549881936872,0.9769845320247525
2019-01-31,1.0155260607230179,-0.00019767261853076423,0.9171107981789478,0.0,0.09691062233696093,0.0,0.09691062233696093,0.9030893776630391,0.0,0.0,0.0,True,0,long_only,1.041038346988842,0.97549342313891
2019-02-01,1.0175004110048331,0.0019441650570835023,0.9171107981789478,0.0,0.09866297029476925,0.0,0.09866297029476925,0.9013370297052308,0.0,0.0,0.0,True,0,long_only,1.0516767653038046,0.9675029862534819
2019-02-11,1.018730610783154,0.0012090410628000647,0.8141216612104689,0.0,0.20084696327657298,0.0,0.20084696327657298,0.799153036723427,0.00010288625071776096,0.0,0.10111656020254743,True,0,long_only,1.059515916409749,0.9615057169081526
2019-02-12,1.019617375994712,0.0008704609463698887,0.8141216612104689,0.0,0.2015419897917754,0.0,0.2015419897917754,0.7984580102082246,0.0,0.0,0.0,True,0,long_only,1.0636337969767065,0.9586169402409856
2019-02-13,1.02008755185907,0.0004611297094649913,0.8141216612104689,0.0,0.20191001279570187,0.0,0.20191001279570187,0.7980899872042981,0.0,0.0,0.0,True,0,long_only,1.0720609640206422,0.951520096425625
2019-02-14,1.0212457773124006,0.0011354176915694403,0.8141216612104689,0.0,0.20281515057718763,0.0,0.20281515057718763,0.7971848494228124,0.0,0.0,0.0,True,0,long_only,1.075848748997861,0.9492466094919734
2019-02-15,1.0263765375109164,0.00502402096782073,0.8141216612104689,0.0,0.20680020298904175,0.0,0.20680020298904175,0.7931997970109582,0.0,0.0,0.0,True,0,long_only,1.0688965750017514,0.960220625189331
2019-02-18,1.0350142315519144,0.008415716577023113,0.718788217573263,0.0,0.3055281795541089,0.0,0.3055281795541089,0.6944718204458911,0.00010982222584959463,0.0,0.10699052780451176,True,0,long_only,1.0868377833143579,0.9523171235320829
2019-02-19,1.0342074373475423,-0.0007795005902115903,0.718788217573263,0.0,0.30498641605521887,0.0,0.30498641605521887,0.6950135839447811,0.0,0.0,0.0,True,0,long_only,1.0816754845470684,0.9561161846804705
2019-02-20,1.034653396236663,0.0004312083562891811,0.718788217573263,0.0,0.30528598254477685,0.0,0.30528598254477685,0.6947140174552231,0.0,0.0,0.0,True,0,long_only,1.082307017910074,0.9559703292274407
2019-02-21,1.0345585246209428,-9.169410361520303e-05,0.718788217573263,0.0,0.30522227552411924,0.0,0.30522227552411924,0.6947777244758808,0.0,0.0,0.0,True,0,long_only,1.0861560103224748,0.9524953273644244
2019-02-22,1.0386865294235104,0.003990112404786528,0.718788217573263,0.0,0.30798349914848383,0.0,0.30798349914848383,0.6920165008515162,0.0,0.0,0.0,True,0,long_only,1.102543328141905,0.9420822773232764
2019-02-25,1.0478074106339048,0.008781168285157959,0.7295407156015371,0.0,0.3037454133291747,0.0,0.3037454133291747,0.6962545866708253,0.00021908475225750702,0.0,0.21026829625547808,True,0,long_only,1.1418172735165688,0.9176664558654535
2019-02-26,1.057156258890471,0.008922296370198701,0.7295407156015371,0.0,0.3099026662650419,0.0,0.3099026662650419,0.6900973337349581,0.0,0.0,0.0,True,0,long_only,1.1285851459107419,0.9367093503940906
2019-02-27,1.0550179051735138,-0.002022741386596416,0.7295407156015371,0.0,0.30850394858317315,0.0,0.30850394858317315,0.6914960514168269,0.0,0.0,0.0,True,0,long_only,1.1219860645175899,0.9403128421449068
2019-02-28,1.0545425913363002,-0.000450526796638151,0.7295407156015371,0.0,0.30819227066298527,0.0,0.30819227066298527,0.6918077293370147,0.0,0.0,0.0,True,0,long_only,1.1222761806843489,0.9396462381418934
2019-03-01,1.0540317291201162,-0.0004844396237582149,0.7295407156015371,0.0,0.3078569691535353,0.0,0.3078569691535353,0.6921430308464647,0.0,0.0,0.0,True,0,long_only,1.134866868521476,0.9287712579831737
2019-03-04,1.0686040500865237,0.01382531527639319,0.5273048284602349,0.0,0.5065479787227649,0.0,0.5065479787227649,0.4934520212772351,0.00021890085722838635,0.0,0.20775066432075942,True,0,long_only,1.148732298491325,0.930246369402134
2019-03-05,1.087450992055227,0.017636974113262482,0.5273048284602349,0.0,0.5151001449144337,0.0,0.5151001449144337,0.4848998550855663,0.0,0.0,0.0,True,0,long_only,1.1597422070198207,0.9376661343124179
2019-03-06,1.0970635554333295,0.008839537090250982,0.5273048284602349,0.0,0.5193488783318898,0.0,0.5193488783318898,0.4806511216681102,0.0,0.0,0.0,True,0,long_only,1.1656453634129549,0.9411640880389031
2019-03-07,1.0976682668863995,0.0005512091346715486,0.5273048284602349,0.0,0.5196136716642397,0.0,0.5196136716642397,0.48038632833576034,0.0,0.0,0.0,True,0,long_only,1.1577269610614573,0.9481236110110166
2019-03-08,1.0850609442363475,-0.011485548986319483,0.5273048284602349,0.0,0.5140320631194173,0.0,0.5140320631194173,0.4859679368805827,0.0,0.0,0.0,True,0,long_only,1.1300824283713797,0.9601608847242098
2019-03-11,1.116125357508724,0.028629187546916457,0.4363904844952461,0.0,0.609013018511377,0.0,0.609013018511377,0.390986981488623,0.0003448448419746297,0.0,0.31655621836018316,True,0,long_only,1.150183586925526,0.9703888754769657
2019-03-12,1.1194107158297342,0.0029435388228642445,0.4363904844952461,0.0,0.6101605261373766,0.0,0.6101605261373766,0.3898394738626234,0.0,0.0,0.0,True,0,long_only,1.1607558446024595,0.9643808566935234
2019-03-13,1.1042578109873207,-0.013536501507564913,0.4363904844952461,0.0,0.604811050324319,0.0,0.604811050324319,0.39518894967568097,0.0,0.0,0.0,True,0,long_only,1.1487100090785132,0.9613025065161122
2019-03-14,1.085162458677375,-0.017292476557510206,0.4363904844952461,0.0,0.5978570019579091,0.0,0.5978570019579091,0.40214299804209086,0.0,0.0,0.0,True,0,long_only,1.13688954428411,0.9545012214539212
2019-03-15,1.0964725664127544,0.010422501852086263,0.4363904844952461,0.0,0.602005104493447,0.0,0.602005104493447,0.397994895506553,0.0,0.0,0.0,True,0,long_only,1.145301497919301,0.9573658712616238
2019-03-18,1.1083400821412686,0.010823358551815154,0.4408350956219947,0.0,0.6022564709828783,0.0,0.6022564709828783,0.39774352901712173,0.0004614849375433482,0.0,0.41930423510339043,True,0,long_only,1.1673722622055764,0.9494315721081334
2019-03-19,1.123728455125322,0.01388416175865781,0.4408350956219947,0.0,0.6077031834413846,0.0,0.6077031834413846,0.39229681655861537,0.0,0.0,0.0,True,0,long_only,1.172762054503629,0.9581896436792027
2019-03-20,1.1203354314410399,-0.0030194338043203484,0.4408350956219947,0.0,0.6065150817778143,0.0,0.6065150817778143,0.3934849182221857,0.0,0.0,0.0,True,0,long_only,1.1704170667557299,0.9572104365723999
2019-03-21,1.1349029562262585,0.013002824311716399,0.4408350956219947,0.0,0.6115658231362399,0.0,0.6115658231362399,0.38843417686376014,0.0,0.0,0.0,True,0,long_only,1.180053522894765,0.9617385433859401
2019-03-22,1.128076448255213,-0.0060150587621560225,0.4408350956219947,0.0,0.6092152297800111,0.0,0.6092152297800111,0.3907847702199889,0.0,0.0,0.0,True,0,long_only,1.1788421109984455,0.9569359948464724
2019-03-25,1.1238320364427816,-0.003762521431057486,0.44881581859104597,0.0,0.6006379921223247,0.0,0.6006379921223247,0.3993620078776753,0.001129469200134853,0.0,1.0065128885841923,True,0,long_only,1.1634687845618574,0.965932263379114
2019-03-26,1.0990906201615713,-0.022015226011462774,0.44881581859104597,0.0,0.5916480312377992,0.0,0.5916480312377992,0.4083519687622008,0.0,0.0,0.0,True,0,long_only,1.1412306727793908,0.9630749035905334
2019-03-27,1.0997420081230536,0.0005926608320854232,0.44881581859104597,0.0,0.5918899021079983,0.0,0.5918899021079983,0.4081100978920017,0.0,0.0,0.0,True,0,long_only,1.14270495822681,0.9624024121060749
2019-03-28,1.0952361986974843,-0.004097151324845116,0.44881581859104597,0.0,0.590210934294536,0.0,0.590210934294536,0.40978906570546403,0.0,0.0,0.0,True,0,long_only,1.138167470618662,0.9622803558971493
2019-03-29,1.1087845193457304,0.012370227229850927,0.44881581859104597,0.0,0.5952181774183839,0.0,0.5952181774183839,0.4047818225816161,0.0,0.0,0.0,True,0,long_only,1.1621271741906998,0.9540991244076906
2019-04-01,1.1367205868123877,0.025195217807642,0.3341728371738469,0.0,0.706020247147155,0.0,0.706020247147155,0.29397975285284506,0.000778935094411667,0.0,0.700250569666964,True,0,long_only,1.1923441881594394,0.9533493752060678
2019-04-02,1.1398400104668107,0.0027442308080041222,0.3341728371738469,0.0,0.7068247875971739,0.0,0.7068247875971739,0.29317521240282607,0.0,0.0,0.0,True,0,long_only,1.1967157434722093,0.9524734814297867
2019-04-03,1.1392073071062374,-0.0005550808488590242,0.3341728371738469,0.0,0.7066619612696325,0.0,0.7066619612696325,0.29333803873036746,0.0,0.0,0.0,True,0,long_only,1.2002891255261894,0.9491107458020378
2019-04-04,1.1492275324078878,0.00879578742090703,0.3341728371738469,0.0,0.7092196038205938,0.0,0.7092196038205938,0.2907803961794062,0.0,0.0,0.0,True,0,long_only,1.2072200715100971,0.9519619160824031
2019-04-08,1.1666316578326081,0.015144194629809204,0.5849868232923569,0.0,0.49856767612567865,0.0,0.49856767612567865,0.5014323238743214,0.0009604427709114578,0.0,0.8209677919357575,True,0,long_only,1.2029497030554892,0.9698091739574537
2019-04-09,1.1628224605279947,-0.003265124239548056,0.5849868232923569,0.0,0.49692507399045593,0.0,0.49692507399045593,0.5030749260095441,0.0,0.0,0.0,True,0,long_only,1.1934671500049177,0.9743229719588036
2019-04-10,1.159917986009905,-0.0024977798560675835,0.5849868232923569,0.0,0.49566535707865,0.0,0.49566535707865,0.50433464292135,0.0,0.0,0.0,True,0,long_only,1.1856938057367996,0.9782609813746329
2019-04-11,1.1506957874956554,-0.007950733263455634,0.5849868232923569,0.0,0.4916233902572053,0.0,0.4916233902572053,0.5083766097427946,0.0,0.0,0.0,True,0,long_only,1.1735160027369984,0.9805539803563655
2019-04-12,1.1503289632069134,-0.0003187847672063704,0.5849868232923569,0.0,0.49146127585841437,0.0,0.49146127585841437,0.5085387241415856,0.0,0.0,0.0,True,0,long_only,1.1727312738859363,0.9808973196350506
2019-04-15,1.1440203873111052,-0.0054841494021162784,0.3469260892457905,0.0,0.6967483332519955,0.0,0.6967483332519955,0.3032516667480045,0.0004669644356304978,0.0,0.40466234530088085,True,0,long_only,1.1701177517836838,0.9776968049302758
2019-04-16,1.1471823882978744,0.0027639376202037713,0.3469260892457905,0.0,0.6975841916815512,0.0,0.6975841916815512,0.30241580831844883,0.0,0.0,0.0,True,0,long_only,1.1784798195902004,0.9734425394715632
2019-04-17,1.1474766122234312,0.0002564752811393678,0.3469260892457905,0.0,0.6976617339733294,0.0,0.6976617339733294,0.3023382660266706,0.0,0.0,0.0,True,0,long_only,1.1827600944505023,0.9701685215855516
2019-04-18,1.1616306261327594,0.012334904048198592,0.3469260892457905,0.0,0.7013456072514557,0.0,0.7013456072514557,0.29865439274854433,0.0,0.0,0.0,True,0,long_only,1.1804434107188726,0.9840629509087128
2019-04-19,1.1553252837752723,-0.005428009743922102,0.3469260892457905,0.0,0.6997156609330533,0.0,0.6997156609330533,0.30028433906694674,0.0,0.0,0.0,True,0,long_only,1.1830629474245822,0.9765543636459141
2019-04-22,1.1455684143321194,-0.008445127601873437,0.464167352183798,0.0,0.5948148129988261,0.0,0.5948148129988261,0.4051851870011739,0.0003576552514971453,0.0,0.3087598083065424,True,0,long_only,1.169815960210214,0.9792723413743326
2019-04-23,1.1391139195677955,-0.005634316277903895,0.5782189342515056,0.0,0.4923958663669964,0.0,0.4923958663669964,0.5076041336330036,0.00011416574781552316,0.0,0.09975207958834673,True,0,long_only,1.1569018989872115,0.9846244703764527
2019-04-24,1.1367221041530864,-0.002099715729587892,0.5782189342515056,0.0,0.4913277993460793,0.0,0.4913277993460793,0.5086722006539207,0.0,0.0,0.0,True,0,long_only,1.1542590114680797,0.9848067832776211
2019-04-25,1.1204750310102478,-0.014292915641808124,0.5782189342515056,0.0,0.4839519683627674,0.0,0.4839519683627674,0.5160480316372327,0.0,0.0,0.0,True,0,long_only,1.1383648911321396,0.9842845995504133
2019-04-26,1.1144301397914267,-0.005394936122200655,0.5782189342515056,0.0,0.48115282097474205,0.0,0.48115282097474205,0.518847179025258,0.0,0.0,0.0,True,0,long_only,1.1270188724104477,0.988830060501031
2019-04-29,1.0977393481425861,-0.014976974377204466,0.3325654911672453,0.0,0.6970451212029904,0.0,0.6970451212029904,0.30295487879700955,0.00024540803504921106,0.0,0.22197555170698124,True,0,long_only,1.1256786772401035,0.9751800139218965
2019-04-30,1.1066187778036216,0.008088832450125594,0.44039074977743053,0.0,0.602039330426416,0.0,0.602039330426416,0.397960669573584,0.00010793319180198721,0.0,0.09802392138057708,True,0,long_only,1.1340732946653298,0.9757912323737328
2019-05-06,1.0792972135329735,-0.024689228864230084,0.5488781392681887,0.0,0.4914485719170069,0.0,0.4914485719170069,0.508551428082993,0.0005497458445795197,0.0,0.5010883125807223,True,0,long_only,1.1029923005999744,0.9785174501634218
2019-05-07,1.0799122351721882,0.0005698352886518432,0.5488781392681887,0.0,0.4917381974279863,0.0,0.4917381974279863,0.5082618025720137,0.0,0.0,0.0,True,0,long_only,1.1082497716219686,0.9744303701427276
2019-05-08,1.0842868148802844,0.0040508659552309645,0.5488781392681887,0.0,0.4937887911799516,0.0,0.4937887911799516,0.5062112088200483,0.0,0.0,0.0,True,0,long_only,1.1098351503332444,0.9769800628090679
2019-05-09,1.0857940765933847,0.0013900950305907323,0.5488781392681887,0.0,0.4944914960392288,0.0,0.4944914960392288,0.5055085039607712,0.0,0.0,0.0,True,0,long_only,1.110300043800465,0.9779285182019821
2019-05-10,1.0960404964604569,0.00943679845741996,0.5488781392681887,0.0,0.4992172816235069,0.0,0.4992172816235069,0.500782718376493,0.0,0.0,0.0,True,0,long_only,1.129800803409502,0.9701183546275028
2019-05-13,1.092920018039052,-0.002847046647895035,0.655710622882116,0.0,0.4000378691401312,0.0,0.4000378691401312,0.5999621308598688,0.00011415869744398582,0.0,0.10454549134259537,True,0,long_only,1.1231695261978438,0.973067727130033
2019-05-14,1.0960386131890039,0.0028534523098473485,0.655710622882116,0.0,0.4017449613620103,0.0,0.4017449613620103,0.5982550386379897,0.0,0.0,0.0,True,0,long_only,1.1251465617342435,0.9741296382754135
2019-05-15,1.1045891343070233,0.007801295515621476,0.655710622882116,0.0,0.4063759976296674,0.0,0.4063759976296674,0.5936240023703325,0.0,0.0,0.0,True,0,long_only,1.135827082273407,0.9724976200568669
2019-05-16,1.1056160618260367,0.0009296918529420051,0.655710622882116,0.0,0.4069273724197316,0.0,0.4069273724197316,0.5930726275802685,0.0,0.0,0.0,True,0,long_only,1.1363680427843512,0.9729383616922512
2019-05-17,1.0963924570641261,-0.008342502501887394,0.655710622882116,0.0,0.40193803901392167,0.0,0.40193803901392167,0.5980619609860783,0.0,0.0,0.0,True,0,long_only,1.1250987987067895,0.9744854925845988
2019-05-20,1.094222061230701,-0.001979579318921121,0.5484850658309758,0.0,0.4987442811982059,0.0,0.4987442811982059,0.5012557188017941,0.0003340434402979496,0.0,0.30475544888532485,True,0,long_only,1.1193640512104568,0.977539041071966
2019-05-21,1.097759122850134,0.00323248977036239,0.5484850658309758,0.0,0.500359364441506,0.0,0.500359364441506,0.49964063555849403,0.0,0.0,0.0,True,0,long_only,1.122840845808918,0.9776622634878279
2019-05-22,1.096929379835901,-0.0007558516226024992,0.5484850658309758,0.0,0.49998142458995104,0.0,0.49998142458995104,0.500018575410049,0.0,0.0,0.0,True,0,long_only,1.123105842161238,0.9766927912377655
2019-05-23,1.090792186201456,-0.005594884909877473,0.5484850658309758,0.0,0.49716813819412764,0.0,0.49716813819412764,0.5028318618058724,0.0,0.0,0.0,True,0,long_only,1.1163252612637602,0.9771275667152789
2019-05-24,1.0893373066985341,-0.0013337824760079053,0.5484850658309758,0.0,0.4964965741481167,0.0,0.4964965741481167,0.5035034258518833,0.0,0.0,0.0,True,0,long_only,1.1154046731346061,0.9766296779420734
2019-05-27,1.0946539519332092,0.004880623478129342,0.5453512176316834,0.0,0.5018049159110346,0.0,0.5018049159110346,0.4981950840889654,0.00043830031121408513,0.0,0.40212909942092057,True,0,long_only,1.1148290402037322,0.9819029756644696
2019-05-28,1.093592901339305,-0.0009693023005401535,0.5453512176316834,0.0,0.5013215457380887,0.0,0.5013215457380887,0.49867845426191126,0.0,0.0,0.0,True,0,long_only,1.1156767454909933,0.9802058757243619
2019-05-29,1.091357986638057,-0.002043644118859045,0.5453512176316834,0.0,0.5003003374615465,0.0,0.5003003374615465,0.49969966253845355,0.0,0.0,0.0,True,0,long_only,1.11461109927846,0.9791379139724556
2019-05-30,1.0864756056865654,-0.004473675009729727,0.5453512176316834,0.0,0.4980547977540048,0.0,0.4980547977540048,0.5019452022459951,0.0,0.0,0.0,True,0,long_only,1.108500615966154,0.9801308091647818
2019-05-31,1.086120829819595,-0.000326538272109822,0.5453512176316834,0.0,0.49789083989645383,0.0,0.49789083989645383,0.5021091601035461,0.0,0.0,0.0,True,0,long_only,1.1068724274302713,0.9812520421537165
2019-06-03,1.0818674695389126,-0.0039161023008726925,0.8687472340657455,0.0,0.19699292332359158,0.0,0.19699292332359158,0.8030070766764084,0.0005468684057822462,0.0,0.5034641257984378,True,0,long_only,1.0969359487187833,0.9862631184642361
2019-06-04,1.0795469512865394,-0.002144919149257851,0.8687472340657455,0.0,0.1952668357495479,0.0,0.1952668357495479,0.804733164250452,0.0,0.0,0.0,True,0,long_only,1.088804204844657,0.9914977793831736
2019-06-05,1.0789476138938618,-0.0005551749203341894,0.8687472340657455,0.0,0.1948198199072102,0.0,0.1948198199072102,0.8051801800927898,0.0,0.0,0.0,True,0,long_only,1.087490544689565,0.9921443631510912
2019-06-06,1.0779769991910868,-0.0008995939100993056,0.8687472340657455,0.0,0.19409483252643348,0.0,0.19409483252643348,0.8059051674735666,0.0,0.0,0.0,True,0,long_only,1.0828854812425748,0.9954672196307816
2019-06-10,1.0800487233565748,0.0019218630518487156,0.7549159134708961,0.0,0.3010353170690588,0.0,0.3010353170690588,0.6989646829309413,0.0003186190734600853,0.0,0.2954676900716361,True,0,long_only,1.0891300548319556,0.9916618484311481
2019-06-11,1.0848768913166233,0.004470324213748045,0.7549159134708961,0.0,0.3041460100097454,0.0,0.3041460100097454,0.6958539899902546,0.0,0.0,0.0,True,0,long_only,1.1051511894409038,0.9816547289475052
2019-06-12,1.0818836831271808,-0.0027590302765230224,0.7549159134708961,0.0,0.3022208161150793,0.0,0.3022208161150793,0.6977791838849208,0.0,0.0,0.0,True,0,long_only,1.1014631761210338,0.9822241057001967
2019-06-13,1.0817765062684679,-9.90650477349364e-05,0.7549159134708961,0.0,0.3021516837383172,0.0,0.3021516837383172,0.6978483162616829,0.0,0.0,0.0,True,0,long_only,1.099131986581066,0.9842098305531225
2019-06-14,1.0811828866914925,-0.0005487451183637804,0.7549159134708961,0.0,0.3017685326291093,0.0,0.3017685326291093,0.6982314673708907,0.0,0.0,0.0,True,0,long_only,1.0933010054294179,0.9889160270796918
2019-06-17,1.0812538944053267,6.567595057993536e-05,0.6488776180214583,0.0,0.39988413324667726,0.0,0.39988413324667726,0.6001158667533227,0.0003261531608871288,0.0,0.3016950245115554,True,0,long_only,1.0924487007395132,0.9897525565030116
2019-06-18,1.0804268274362607,-0.00076491467299733,0.6488776180214583,0.0,0.39942474442144627,0.0,0.39942474442144627,0.6005752555785537,0.0,0.0,0.0,True,0,long_only,1.0920053890846977,0.9893969738939274
2019-06-19,1.0840542615125355,0.0033574083724690063,0.6488776180214583,0.0,0.40143437366676954,0.0,0.40143437366676954,0.5985656263332304,0.0,0.0,0.0,True,0,long_only,1.09902726172087,0.9863761339414914
2019-06-20,1.0930483750892204,0.008296737438341806,0.6488776180214583,0.0,0.40635965176884936,0.0,0.40635965176884936,0.5936403482311506,0.0,0.0,0.0,True,0,long_only,1.1160301918941544,0.9794075312909513
2019-06-21,1.0950145425421116,0.0017987927137539383,0.6488776180214583,0.0,0.4074255703352872,0.0,0.4074255703352872,0.5925744296647129,0.0,0.0,0.0,True,0,long_only,1.1223023618993977,0.975685857676443
2019-06-24,1.0919308203775837,-0.0028161472242815844,0.6561236207808968,0.0,0.3991161266480116,0.0,0.3991161266480116,0.6008838733519883,0.0004443783150384684,0.0,0.4064723561981437,True,0,long_only,1.1205287614799322,0.9744781730862687
2019-06-25,1.0892210543076475,-0.0024816279743794523,0.6561236207808968,0.0,0.39762124668260723,0.0,0.39762124668260723,0.6023787533173928,0.0,0.0,0.0,True,0,long_only,1.1147398825524846,0.9771078180262062
2019-06-26,1.0919358492481346,0.0024924187149619748,0.6561236207808968,0.0,0.3991188939966771,0.0,0.3991188939966771,0.6008811060033229,0.0,0.0,0.0,True,0,long_only,1.1163549804808428,0.9781260157748476
2019-06-27,1.0951788872933954,0.0029699895350938643,0.6561236207808968,0.0,0.4008982200136925,0.0,0.4008982200136925,0.5991017799863074,0.0,0.0,0.0,True,0,long_only,1.1235240340016148,0.9747712146332432
2019-06-28,1.09347843490172,-0.0015526709028128582,0.6561236207808968,0.0,0.39996656555932164,0.0,0.39996656555932164,0.6000334344406784,0.0,0.0,0.0,True,0,long_only,1.1208206466477078,0.9756051855149471
2019-07-01,1.1002608218600192,0.006202579531354724,0.6590730015070728,0.0,0.40098475887481555,0.0,0.40098475887481555,0.5990152411251844,0.0004449358675013981,0.0,0.4051609068238747,True,0,long_only,1.1310812063454776,0.9727513954678471
2019-07-02,1.100136310471265,-0.00011316533887273383,0.6590730015070728,0.0,0.4009169634399704,0.0,0.4009169634399704,0.5990830365600296,0.0,0.0,0.0,True,0,long_only,1.1335245505499116,0.9705447578859682
2019-07-03,1.0896871975368456,-0.009498016595728132,0.6590730015070728,0.0,0.3951722999069303,0.0,0.3951722999069303,0.6048277000930697,0.0,0.0,0.0,True,0,long_only,1.130002823325623,0.9643225441949538
2019-07-04,1.0875616702309263,-0.0019505848198676512,0.6590730015070728,0.0,0.3939902264419366,0.0,0.3939902264419366,0.6060097735580634,0.0,0.0,0.0,True,0,long_only,1.1282087024943621,0.9639720628164195
2019-07-05,1.089451418106913,0.001737600660002725,0.6590730015070728,0.0,0.3950414028995326,0.0,0.3950414028995326,0.6049585971004674,0.0,0.0,0.0,True,0,long_only,1.1284669766428184,0.9654260520303604
2019-07-08,1.0832901731740894,-0.005655364553593278,0.7623184795354667,0.0,0.2962933677300522,0.0,0.2962933677300522,0.7037066322699478,0.0003237897969986016,0.0,0.29737166252773306,True,0,long_only,1.1178352805317193,0.9690964241697597
2019-07-09,1.082182760912759,-0.0010222674300510715,0.7623184795354667,0.0,0.2955732552119987,0.0,0.2955732552119987,0.7044267447880013,0.0,0.0,0.0,True,0,long_only,1.117608848401566,0.9683018906485267
2019-07-10,1.0817690033201086,-0.00038233615207594607,0.7623184795354667,0.0,0.2953038243878325,0.0,0.2953038243878325,0.7046961756121675,0.0,0.0,0.0,True,0,long_only,1.1164805795530373,0.9689098253309298
2019-07-11,1.0800409498648624,-0.0015974329546719623,0.7623184795354667,0.0,0.2941763183786225,0.0,0.2941763183786225,0.7058236816213774,0.0,0.0,0.0,True,0,long_only,1.1159817212662935,0.9677944802172482
2019-07-12,1.0780679369006434,-0.0018267945900254379,0.7623184795354667,0.0,0.29288456372511207,0.0,0.29288456372511207,0.7071154362748879,0.0,0.0,0.0,True,0,long_only,1.122122277595885,0.9607401603418597
2019-07-15,1.0826986006458457,0.004295335745273299,0.6466263664788482,0.0,0.40276419855615786,0.0,0.40276419855615786,0.5972358014438421,0.0005363352740918859,0.0,0.4976773218211783,True,0,long_only,1.124207929794718,0.9630768223130644
2019-07-16,1.0848016168332841,0.0019423837679144462,0.6466263664788482,0.0,0.4039220107668553,0.0,0.4039220107668553,0.5960779892331447,0.0,0.0,0.0,True,0,long_only,1.1235958554428978,0.9654731383871813
2019-07-17,1.0837924478464187,-0.0009302797591795864,0.6466263664788482,0.0,0.4033669751401703,0.0,0.4033669751401703,0.5966330248598297,0.0,0.0,0.0,True,0,long_only,1.1258545159411757,0.9626398726485592
2019-07-18,1.0823665831580396,-0.0013156252299160176,0.6466263664788482,0.0,0.4025809956251833,0.0,0.4025809956251833,0.5974190043748167,0.0,0.0,0.0,True,0,long_only,1.122765840165805,0.9640180921412791
2019-07-19,1.084678355725976,0.0021358499088093286,0.6466263664788482,0.0,0.40385427342093433,0.0,0.40385427342093433,0.5961457265790657,0.0,0.0,0.0,True,0,long_only,1.125783755900503,0.9634873038813326
2019-07-22,1.0810702729965203,-0.0033264079719198536,0.759797663871729,0.0,0.2971801344923535,0.0,0.2971801344923535,0.7028198655076465,0.0003344221784066741,0.0,0.3081520488132269,True,0,long_only,1.1227877757784135,0.9628447123473792
2019-07-23,1.0816589541849628,0.0005445355432918131,0.759797663871729,0.0,0.2975626366036589,0.0,0.2975626366036589,0.7024373633963411,0.0,0.0,0.0,True,0,long_only,1.123532171406292,0.9627307358996959
2019-07-24,1.0856084235807788,0.0036513074481889785,0.759797663871729,0.0,0.3001181205230458,0.0,0.3001181205230458,0.6998818794769541,0.0,0.0,0.0,True,0,long_only,1.1262118541465738,0.9639468982533809
2019-07-25,1.091301185024931,0.0052438442080020575,0.759797663871729,0.0,0.30376904717246217,0.0,0.30376904717246217,0.6962309528275379,0.0,0.0,0.0,True,0,long_only,1.1333547264522967,0.9628946344460003
2019-07-26,1.0945476436106418,0.002974851150405966,0.759797663871729,0.0,0.30583408743602575,0.0,0.30583408743602575,0.6941659125639743,0.0,0.0,0.0,True,0,long_only,1.1414181868871738,0.9589365722265603
2019-07-29,1.0954430735540548,0.0008180821991989884,0.7668168672875325,0.0,0.2999938693302679,0.0,0.2999938693302679,0.700006130669732,0.00022599198395703698,0.0,0.20635464790901298,True,0,long_only,1.1438275662720851,0.9576994871038796
2019-07-30,1.097182243155911,0.0015876403291443797,0.7668168672875325,0.0,0.3011034656540949,0.0,0.3011034656540949,0.698896534345905,0.0,0.0,0.0,True,0,long_only,1.1490330286641848,0.9548744168228539
2019-07-31,1.0980039442121456,0.0007489193899739011,0.7668168672875325,0.0,0.301626491116342,0.0,0.301626491116342,0.698373508883658,0.0,0.0,0.0,True,0,long_only,1.1486866582650912,0.9558776854521025
2019-08-01,1.098606765194191,0.0005490153156764155,0.7668168672875325,0.0,0.3020096984820689,0.0,0.3020096984820689,0.6979903015179312,0.0,0.0,0.0,True,0,long_only,1.145909326668681,0.9587205022477606
2019-08-02,1.097719768082834,-0.0008073836239307353,0.7668168672875325,0.0,0.3014456971775437,0.0,0.3014456971775437,0.6985543028224563,0.0,0.0,0.0,True,0,long_only,1.1417917999019265,0.9614009911238826
2019-08-05,1.0963018126483182,-0.00129172806734823,0.768921700856713,0.0,0.29862224801102755,0.0,0.29862224801102755,0.7013777519889725,5.930307112478976e-06,0.0,0.00540171538060504,True,0,long_only,1.1318224177715257,0.9686164502792364
2019-08-06,1.0931102775893045,-0.002911182871534357,0.768921700856713,0.0,0.2965744475914563,0.0,0.2965744475914563,0.7034255524085438,0.0,0.0,0.0,True,0,long_only,1.128684209967684,0.9684819437853233
2019-08-07,1.0956821639042083,0.002352815052270696,0.768921700856713,0.0,0.2982255929795922,0.0,0.2982255929795922,0.7017744070204077,0.0,0.0,0.0,True,0,long_only,1.1335348107558092,0.9666065422142952
2019-08-08,1.0962740149841634,0.000540166755883309,0.768921700856713,0.0,0.2986044635311176,0.0,0.2986044635311176,0.7013955364688824,0.0,0.0,0.0,True,0,long_only,1.138515963818976,0.962897359213903
2019-08-09,1.096079957584666,-0.00017701541480041882,0.768921700856713,0.0,0.2984802837275509,0.0,0.2984802837275509,0.7015197162724491,0.0,0.0,0.0,True,0,long_only,1.1386298874844594,0.9626305875443006
2019-08-12,1.1009468402694422,0.00444026245630913,0.7673710930878097,0.0,0.3029898765139234,0.0,0.3029898765139234,0.6970101234860766,0.00021851859954652702,0.0,0.19938786219056465,True,0,long_only,1.1454649536132553,0.9611353335574475
2019-08-13,1.1058336015125168,0.004438689557325626,0.7673710930878097,0.0,0.3060700162861493,0.0,0.3060700162861493,0.6939299837138506,0.0,0.0,0.0,True,0,long_only,1.142757320656908,0.9676889235562579
2019-08-14,1.105131657750105,-0.0006347643636906986,0.7673710930878097,0.0,0.3056292544817049,0.0,0.3056292544817049,0.694370745518295,0.0,0.0,0.0,True,0,long_only,1.1438969111119446,0.9661112352124832
2019-08-15,1.1113803469013648,0.005654248620459601,0.7673710930878097,0.0,0.3095333247278359,0.0,0.3095333247278359,0.6904666752721641,0.0,0.0,0.0,True,0,long_only,1.1456506987200217,0.9700865614127016
2019-08-16,1.1154919000724648,0.003699501419620388,0.7673710930878097,0.0,0.3120782920629368,0.0,0.3120782920629368,0.6879217079370632,0.0,0.0,0.0,True,0,long_only,1.1486134216229948,0.9711639086510679
2019-08-19,1.121412466536829,0.005307583554824191,0.6740015939938151,0.0,0.3989708389141759,0.0,0.3989708389141759,0.601029161085824,0.0003691478638639608,0.0,0.3287256205111338,True,0,long_only,1.1579516241905936,0.9684450050499256
2019-08-20,1.1186782694299549,-0.002438172562248986,0.6740015939938151,0.0,0.3975018444424899,0.0,0.3975018444424899,0.6024981555575101,0.0,0.0,0.0,True,0,long_only,1.1570904744956048,0.9668027644230721
2019-08-21,1.1313455051328825,0.01132339480356781,0.6740015939938151,0.0,0.40424778201187084,0.0,0.40424778201187084,0.5957522179881292,0.0,0.0,0.0,True,0,long_only,1.156591616208861,0.978171974686509
2019-08-22,1.1269013469086155,-0.003928206020268776,0.6740015939938151,0.0,0.40189831537358855,0.0,0.40189831537358855,0.5981016846264114,0.0,0.0,0.0,True,0,long_only,1.154288376884959,0.9762736673739608
2019-08-23,1.1306233375135881,0.003302853985562404,0.6740015939938151,0.0,0.40386725478703933,0.0,0.40386725478703933,0.5961327452129607,0.0,0.0,0.0,True,0,long_only,1.1591411004743046,0.9753975051449324
2019-08-26,1.1274129439947338,-0.0028394898745983665,0.7886449538714624,0.0,0.30048261546734,0.0,0.30048261546734,0.69951738453266,0.0005671999327751433,0.0,0.5033858739073456,True,0,long_only,1.1515347499021742,0.9790524724421129
2019-08-27,1.1342739646599311,0.006085632333514779,0.7886449538714624,0.0,0.3047138712137262,0.0,0.3047138712137262,0.6952861287862738,0.0,0.0,0.0,True,0,long_only,1.1576017157894662,0.9798482061564447
2019-08-28,1.1365288133084364,0.0019879224232932646,0.7886449538714624,0.0,0.30609330389458744,0.0,0.30609330389458744,0.6939066961054126,0.0,0.0,0.0,True,0,long_only,1.1584320848667624,0.9810923127523309
2019-08-29,1.1360307604635052,-0.0004382228053519954,0.7886449538714624,0.0,0.30578908483983996,0.0,0.30578908483983996,0.6942109151601601,0.0,0.0,0.0,True,0,long_only,1.1565537595871012,0.9822550409321891
2019-08-30,1.1323935048014304,-0.0032017228658408614,0.7886449538714624,0.0,0.3035592746447674,0.0,0.3035592746447674,0.6964407253552326,0.0,0.0,0.0,True,0,long_only,1.1563814588880625,0.9792560198001634
2019-09-02,1.1387664831402495,0.005627883162343306,0.6807775963199386,0.0,0.4021798091188686,0.0,0.4021798091188686,0.5978201908811314,0.00011872428633558996,0.0,0.10470971228985874,True,0,long_only,1.16357740122429,0.9786770368194372
2019-09-03,1.1377331629554337,-0.0009074030541945666,0.7941589846930474,0.0,0.3019813339798414,0.0,0.3019813339798414,0.6980186660201586,0.00011349488325636507,0.0,0.09956885555529582,True,0,long_only,1.1644233375105344,0.9770786330921857
2019-09-04,1.1358531793297741,-0.0016523941525761199,0.7941589846930474,0.0,0.30082602298859445,0.0,0.30082602298859445,0.6991739770114056,0.0,0.0,0.0,True,0,long_only,1.1667467434460281,0.9735216195890046
2019-09-05,1.137473901078688,0.0014268760949105452,0.7941589846930474,0.0,0.3018222361498305,0.0,0.3018222361498305,0.6981777638501695,0.0,0.0,0.0,True,0,long_only,1.177302726313607,0.9661694275017677
2019-09-06,1.1348772080235625,-0.0022828594595998286,0.7941589846930474,0.0,0.3002247475952844,0.0,0.3002247475952844,0.6997752524047156,0.0,0.0,0.0,True,0,long_only,1.1826415713823752,0.9596121390329772
2019-09-09,1.1439078635697273,0.007957385594069777,0.6820504631373853,0.0,0.40375402175403385,0.0,0.40375402175403385,0.5962459782459661,0.0005700236383347103,0.0,0.5014654772192675,True,0,long_only,1.1905419299235014,0.9608295472997154
2019-09-10,1.1444794973828438,0.0004997201534506779,0.6820504631373853,0.0,0.404051829065462,0.0,0.404051829065462,0.595948170934538,0.0,0.0,0.0,True,0,long_only,1.188351906664676,0.9630812985313686
2019-09-11,1.137685420978476,-0.005936389791083685,0.6820504631373853,0.0,0.4004929213641658,0.0,0.4004929213641658,0.5995070786358342,0.0,0.0,0.0,True,0,long_only,1.1846274519238593,0.9603740138985057
2019-09-12,1.1394955069986783,0.0015910250644204371,0.6820504631373853,0.0,0.40144523699453566,0.0,0.40144523699453566,0.5985547630054644,0.0,0.0,0.0,True,0,long_only,1.1858714134388886,0.9608929721092394
2019-09-16,1.1372721077286851,-0.0019512137225088377,0.6839525491081817,0.0,0.3986025468661633,0.0,0.3986025468661633,0.6013974531338366,0.00045989817313919345,0.0,0.40355266570980197,True,0,long_only,1.181569202965978,0.9625099442960277
2019-09-17,1.127338683193538,-0.008734430808283844,0.6839525491081817,0.0,0.39330339736886066,0.0,0.39330339736886066,0.6066966026311393,0.0,0.0,0.0,True,0,long_only,1.168079862612305,0.965121238090987
2019-09-18,1.1280169190286173,0.0006016256207568293,0.6839525491081817,0.0,0.3936681821251743,0.0,0.3936681821251743,0.6063318178748257,0.0,0.0,0.0,True,0,long_only,1.1687319163871055,0.9651630996059813
2019-09-19,1.1305322136566118,0.00222983767846352,0.6839525491081817,0.0,0.3950171955772985,0.0,0.3950171955772985,0.6049828044227015,0.0,0.0,0.0,True,0,long_only,1.172499888552936,0.9642066704602253
2019-09-20,1.131508680359228,0.0008637230242718452,0.6839525491081817,0.0,0.395539282216516,0.0,0.395539282216516,0.604460717783484,0.0,0.0,0.0,True,0,long_only,1.1749542005636744,0.9630236479144432
2019-09-23,1.1295057474085306,-0.0017701436899816292,0.6785192705901226,0.0,0.39927771757967945,0.0,0.39927771757967945,0.6007222824203206,0.00023036593106950194,0.0,0.20382767394440723,True,0,long_only,1.1689441965091243,0.9662614783337214
2019-09-24,1.133764800112831,0.0037707224722602906,0.6785192705901226,0.0,0.4015343653969527,0.0,0.4015343653969527,0.5984656346030472,0.0,0.0,0.0,True,0,long_only,1.1691578918319563,0.9697277057560911
2019-09-25,1.1285873617500994,-0.004566589439199853,0.6785192705901226,0.0,0.3987888810504279,0.0,0.3987888810504279,0.6012111189495721,0.0,0.0,0.0,True,0,long_only,1.1654412206956137,0.968377762609497
2019-09-26,1.1172229113746794,-0.010069623992419174,0.6785192705901226,0.0,0.39267332984136244,0.0,0.39267332984136244,0.6073266701586375,0.0,0.0,0.0,True,0,long_only,1.1611475014275838,0.962171395107942
2019-09-27,1.1225542030824855,0.004771914050031523,0.6785192705901226,0.0,0.39555767665655894,0.0,0.39555767665655894,0.6044423233434411,0.0,0.0,0.0,True,0,long_only,1.1628142541856334,0.9653770574636241
2019-09-30,1.116085053592956,-0.00576288385163537,0.6745082300962822,0.0,0.39564800377455833,0.0,0.39564800377455833,0.6043519962254417,0.00023131806507849026,0.0,0.20588667968202765,True,0,long_only,1.1614110825790902,0.9609733111160944
2019-10-08,1.1168752663261734,0.0007080219654169717,0.670889909071748,0.0,0.3993152778120341,0.0,0.3993152778120341,0.6006847221879659,0.0002234581817206041,0.0,0.19996561840861085,True,0,long_only,1.1623260099049904,0.9608967336259367
2019-10-09,1.1167388025219853,-0.00012218356722770718,0.670889909071748,0.0,0.3992418750412856,0.0,0.3992418750412856,0.6007581249587144,0.0,0.0,0.0,True,0,long_only,1.1661580199076298,0.9576221948123643
2019-10-10,1.124387828117652,0.0068494311994824475,0.670889909071748,0.0,0.4033287338276413,0.0,0.4033287338276413,0.5966712661723588,0.0,0.0,0.0,True,0,long_only,1.172643531435502,0.9588487873558836
2019-10-11,1.125207635470235,0.0007291143963692459,0.670889909071748,0.0,0.40376345847370954,0.0,0.40376345847370954,0.5962365415262905,0.0,0.0,0.0,True,0,long_only,1.178656365891679,0.9546528301478192
2019-10-14,1.123121067022175,-0.0018543852550271245,0.7879838947391131,0.0,0.2983980820265789,0.0,0.2983980820265789,0.7016019179734211,0.00011888092688339572,0.0,0.10565457343330142,True,0,long_only,1.189058091870591,0.9445468431700541
2019-10-15,1.1222056555620659,-0.0008150603590193484,0.7879838947391131,0.0,0.2978257676446613,0.0,0.2978257676446613,0.7021742323553387,0.0,0.0,0.0,True,0,long_only,1.184342642760151,0.9475346196660851
2019-10-16,1.1216084715927774,-0.0005321519868738411,0.7879838947391131,0.0,0.29745190528018184,0.0,0.29745190528018184,0.7025480947198182,0.0,0.0,0.0,True,0,long_only,1.1818373835201281,0.9490379025344776
2019-10-17,1.1222657844562902,0.0005860448455594636,0.7879838947391131,0.0,0.2978633888220412,0.0,0.2978633888220412,0.7021366111779588,0.0,0.0,0.0,True,0,long_only,1.1803606214712852,0.9507821288187491
2019-10-18,1.1205164331346609,-0.0015587674023912479,0.7879838947391131,0.0,0.29676721247655696,0.0,0.29676721247655696,0.703232787523443,0.0,0.0,0.0,True,0,long_only,1.1762494631081915,0.9526180187778719
2019-10-21,1.123419007325948,0.002590389668063242,0.78542539558478,0.0,0.30086157483278436,0.0,0.30086157483278436,0.6991384251672157,0.00022562514024523027,0.0,0.20113935192247204,True,0,long_only,1.1733819124599234,0.9574197415151634
2019-10-22,1.1211187745180922,-0.0020475288319458107,0.78542539558478,0.0,0.29942713168603236,0.0,0.29942713168603236,0.7005728683139676,0.0,0.0,0.0,True,0,long_only,1.1757774936369034,0.9535127016679479
2019-10-23,1.1186369634954834,-0.002213691429505782,0.78542539558478,0.0,0.297872838806876,0.0,0.297872838806876,0.702127161193124,0.0,0.0,0.0,True,0,long_only,1.1725363299738825,0.9540318153898057
2019-10-24,1.1192868406583467,0.0005809544866393068,0.78542539558478,0.0,0.2982805058953383,0.0,0.2982805058953383,0.7017194941046617,0.0,0.0,0.0,True,0,long_only,1.1724400963185673,0.9546644166920591
2019-10-25,1.1249411156802052,0.00505167649298266,0.78542539558478,0.0,0.3018075482912134,0.0,0.3018075482912134,0.6981924517087865,0.0,0.0,0.0,True,0,long_only,1.176631567327825,0.9560691272587469
2019-10-28,1.1360809126325315,0.009902560051412657,0.7914842862605488,0.0,0.3033204964015124,0.0,0.3033204964015124,0.6966795035984876,0.0004622342999977083,0.0,0.4087963487774727,True,0,long_only,1.1821002570712278,0.9610698465181677
2019-10-29,1.1308134137879398,-0.004636552543062944,0.7914842862605488,0.0,0.3000752585616437,0.0,0.3000752585616437,0.6999247414383563,0.0,0.0,0.0,True,0,long_only,1.180772091107798,0.9576898220273931
2019-10-30,1.1285482651328607,-0.0020031144196382966,0.7914842862605488,0.0,0.2986704151573265,0.0,0.2986704151573265,0.7013295848426735,0.0,0.0,0.0,True,0,long_only,1.1725451749789666,0.9624774287720768
2019-10-31,1.127535882043568,-0.0008970667188732406,0.7914842862605488,0.0,0.29804071084101796,0.0,0.29804071084101796,0.7019592891589821,0.0,0.0,0.0,True,0,long_only,1.1675074138832615,0.9657633593034379
2019-11-01,1.131296079512418,0.003334880537934737,0.7914842862605488,0.0,0.3003738803711989,0.0,0.3003738803711989,0.6996261196288012,0.0,0.0,0.0,True,0,long_only,1.1732648045926097,0.9642291110106517
2019-11-04,1.1346166827201616,0.0029352202910264413,0.6799369743478735,0.0,0.40073419974949287,0.0,0.40073419974949287,0.5992658002505071,0.000344414828479525,0.0,0.30403300487867435,True,0,long_only,1.1772022470558516,0.9638247680530722
2019-11-05,1.142712764691147,0.007135521709037196,0.6799369743478735,0.0,0.4049799780335461,0.0,0.4049799780335461,0.5950200219664539,0.0,0.0,0.0,True,0,long_only,1.186484902991522,0.9631077157492599
2019-11-06,1.1386352736665082,-0.003568255427461531,0.6799369743478735,0.0,0.4028491914198169,0.0,0.4028491914198169,0.5971508085801831,0.0,0.0,0.0,True,0,long_only,1.185970123695627,0.9600876539101865
2019-11-07,1.1443773149920673,0.005042915372777124,0.6799369743478735,0.0,0.4058454624709277,0.0,0.4058454624709277,0.5941545375290723,0.0,0.0,0.0,True,0,long_only,1.1888528877526399,0.9625895068946273
2019-11-08,1.1432250420781616,-0.001006899471712952,0.6799369743478735,0.0,0.4052466055922991,0.0,0.4052466055922991,0.5947533944077009,0.0,0.0,0.0,True,0,long_only,1.18737329530217,0.9628185563894012
2019-11-11,1.139908305083906,-0.0029012109358856897,0.6856802172557322,0.0,0.3984777422906302,0.0,0.3984777422906302,0.6015222577093697,0.00023737349367864292,0.0,0.20783449490413436,True,0,long_only,1.1794166825287091,0.9665017647875763
2019-11-12,1.145523648507955,0.004926136075160681,0.6856802172557322,0.0,0.40142639730848767,0.0,0.40142639730848767,0.5985736026915123,0.0,0.0,0.0,True,0,long_only,1.1767483213949352,0.9734652921790735
2019-11-13,1.1428941279428018,-0.0022954747102587048,0.6856802172557322,0.0,0.4000492254781727,0.0,0.4000492254781727,0.5999507745218273,0.0,0.0,0.0,True,0,long_only,1.176172334663858,0.9717063514076218
2019-11-14,1.1459811775847488,0.0027010810244547656,0.6856802172557322,0.0,0.40166537577793326,0.0,0.40166537577793326,0.5983346242220667,0.0,0.0,0.0,True,0,long_only,1.1773911763644482,0.9733223762754132
2019-11-15,1.1437914197114147,-0.0019108148686605153,0.6856802172557322,0.0,0.4005198802516516,0.0,0.4005198802516516,0.5994801197483484,0.0,0.0,0.0,True,0,long_only,1.1729647820201567,0.9751285266566164
2019-11-18,1.1444722852086495,0.0005952706809135844,0.6857250679956384,0.0,0.40083733187944914,0.0,0.40083733187944914,0.5991626681205509,0.0004620912867624209,0.0,0.40442794585245184,True,0,long_only,1.1775096994325753,0.9719429791195384
2019-11-19,1.1510471303518564,0.005744870564522442,0.6857250679956384,0.0,0.40425978232010074,0.0,0.40425978232010074,0.5957402176798993,0.0,0.0,0.0,True,0,long_only,1.1833028239624632,0.9727409645634125
2019-11-20,1.1523735828914805,0.0011523876865222604,0.6857250679956384,0.0,0.404945515780525,0.0,0.404945515780525,0.5950544842194749,0.0,0.0,0.0,True,0,long_only,1.180855587955792,0.9758801962282133
2019-11-21,1.153395359149285,0.0008866710179529225,0.6857250679956384,0.0,0.40547266593701936,0.0,0.40547266593701936,0.5945273340629806,0.0,0.0,0.0,True,0,long_only,1.1775323426455906,0.9795020632366865
2019-11-22,1.1471930876203524,-0.005377402882483562,0.6857250679956384,0.0,0.4022583683640801,0.0,0.4022583683640801,0.5977416316359199,0.0,0.0,0.0,True,0,long_only,1.1747419204416558,0.9765490340117035
2019-11-25,1.1437123728462562,-0.0030341141449137243,0.6879373607415868,0.0,0.398504923900073,0.0,0.398504923900073,0.6014950760999269,0.0004665661245060335,0.0,0.40702995881074133,True,0,long_only,1.1772139224625626,0.9715416637732027
2019-11-26,1.1434641277870023,-0.0002170520011391952,0.6879373607415868,0.0,0.39837433984660015,0.0,0.39837433984660015,0.6016256601533998,0.0,0.0,0.0,True,0,long_only,1.1778107834056384,0.9708385624392717
2019-11-27,1.1429839861584052,-0.00041990091068833113,0.6879373607415868,0.0,0.3981216105627518,0.0,0.3981216105627518,0.6018783894372481,0.0,0.0,0.0,True,0,long_only,1.1757806778387336,0.9721064546318164
2019-11-28,1.1430360800275956,4.557707703800595e-05,0.6879373607415868,0.0,0.39814904117026795,0.0,0.39814904117026795,0.601850958829732,0.0,0.0,0.0,True,0,long_only,1.1736391252077691,0.9739246549276755
2019-11-29,1.141019803048902,-0.0017639661721308153,0.6879373607415868,0.0,0.39708552042360723,0.0,0.39708552042360723,0.6029144795763928,0.0,0.0,0.0,True,0,long_only,1.1726849260592955,0.9729977572775653
2019-12-02,1.1424960382486309,0.0012937857833705824,0.7976387304421985,0.0,0.30184551741210003,0.0,0.30184551741210003,0.6981544825879,0.0005654751372860064,0.0,0.4962003899954694,True,0,long_only,1.1728108789316931,0.9741519786116958
2019-12-03,1.1436973747171457,0.001051501649280473,0.7976387304421985,0.0,0.3025788568943188,0.0,0.3025788568943188,0.6974211431056812,0.0,0.0,0.0,True,0,long_only,1.1740877438656352,0.974115759825215
2019-12-04,1.1427019778521026,-0.0008703323860380641,0.7976387304421985,0.0,0.3019713399450901,0.0,0.3019713399450901,0.6980286600549099,0.0,0.0,0.0,True,0,long_only,1.1734930057237796,0.9737612173898847
2019-12-05,1.1455749406940254,0.00251418383586155,0.7976387304421985,0.0,0.3037219110615638,0.0,0.3037219110615638,0.6962780889384361,0.0,0.0,0.0,True,0,long_only,1.1785466878286361,0.9720233848390358
2019-12-06,1.1483716630198169,0.0024413263824512033,0.7976387304421985,0.0,0.30541761336683737,0.0,0.30541761336683737,0.6945823866331626,0.0,0.0,0.0,True,0,long_only,1.1818214625109766,0.9716964020774423
2019-12-09,1.1492511854951086,0.000765886605891053,0.804874242996018,0.0,0.2996533280500639,0.0,0.2996533280500639,0.700346671949936,0.0002370758527043467,0.0,0.20623967678734467,True,0,long_only,1.1814482032964273,0.9727478380249901
2019-12-10,1.156026012028783,0.005894991990594178,0.804874242996018,0.0,0.3037576710030138,0.0,0.3037576710030138,0.6962423289969861,0.0,0.0,0.0,True,0,long_only,1.184083307211085,0.9763046273759349
2019-12-11,1.1512616634000683,-0.004121316111523665,0.804874242996018,0.0,0.30087636148766583,0.0,0.30087636148766583,0.6991236385123342,0.0,0.0,0.0,True,0,long_only,1.1865853822492778,0.9702307820594838
2019-12-12,1.148338879688558,-0.002538765777085228,0.804874242996018,0.0,0.2990969327675221,0.0,0.2990969327675221,0.7009030672324779,0.0,0.0,0.0,True,0,long_only,1.1868999106300686,0.9675111350197674
2019-12-13,1.1567781650559763,0.007349124475962032,0.804874242996018,0.0,0.3042103773137262,0.0,0.3042103773137262,0.6957896226862739,0.0,0.0,0.0,True,0,long_only,1.1960927013140847,0.967130861834609
2019-12-16,1.1608459486729257,0.003516476831798121,0.8102122132540099,0.0,0.3020501866072398,0.0,0.3020501866072398,0.6979498133927602,0.00047327957825913714,0.0,0.4088894633352433,True,0,long_only,1.2069126191333737,0.9618309811910607
2019-12-17,1.164439841514054,0.003095925730056459,0.8102122132540099,0.0,0.3042043183608887,0.0,0.3042043183608887,0.6957956816391113,0.0,0.0,0.0,True,0,long_only,1.2165780868890845,0.9571435274587647
2019-12-18,1.1787808652943739,0.012315813379996543,0.8102122132540099,0.0,0.3126693543233943,0.0,0.3126693543233943,0.6873306456766057,0.0,0.0,0.0,True,0,long_only,1.2186814290980854,0.9672592337496757
2019-12-19,1.1774469607550249,-0.0011315967018313833,0.8102122132540099,0.0,0.31189069210007525,0.0,0.31189069210007525,0.6881093078999247,0.0,0.0,0.0,True,0,long_only,1.2177035253359862,0.9669405863222299
2019-12-20,1.1832305679436275,0.004911989568425312,0.8102122132540099,0.0,0.3152541565401726,0.0,0.3152541565401726,0.6847458434598275,0.0,0.0,0.0,True,0,long_only,1.217102064990267,0.9721703725423303
2019-12-23,1.1805023949831477,-0.0023056985125232687,0.8282924249423425,0.0,0.2983559978680377,0.0,0.2983559978680377,0.7016440021319623,0.0004912736825130012,0.0,0.4151689233291879,True,0,long_only,1.2117727725269898,0.9741945204143909
2019-12-24,1.1826652127389639,0.0018321163641916716,0.8282924249423425,0.0,0.2996391404596408,0.0,0.2996391404596408,0.7003608595403592,0.0,0.0,0.0,True,0,long_only,1.2171194012002318,0.9716920226336941
2019-12-25,1.1834873809916733,0.0006951825790204591,0.8282924249423425,0.0,0.3001256808937872,0.0,0.3001256808937872,0.6998743191062128,0.0,0.0,0.0,True,0,long_only,1.218302155280079,0.9714235305769429
2019-12-26,1.1868993065398523,0.0028829420600329225,0.8282924249423425,0.0,0.30213757782279826,0.0,0.30213757782279826,0.6978624221772017,0.0,0.0,0.0,True,0,long_only,1.2256116674815865,0.9684138443123007
2019-12-27,1.1853861540784207,-0.0012748785453779998,0.8282924249423425,0.0,0.3012467522987907,0.0,0.3012467522987907,0.6987532477012093,0.0,0.0,0.0,True,0,long_only,1.2248478128425229,0.9677823984740416
2019-12-30,1.1862656912073377,0.0007419836362108079,0.7110251686363721,0.0,0.40061895584899143,0.0,0.40061895584899143,0.5993810441510086,0.0003598570444396211,0.0,0.30377541204329533,True,0,long_only,1.2307821036535533,0.9638307931890873
2019-12-31,1.1868283890726445,0.00047434387547218293,0.830670921264607,0.0,0.3000918002023268,0.0,0.3000918002023268,0.6999081997976733,0.00011976551814638129,0.0,0.10096504446154421,True,0,long_only,1.2379967974005592,0.9586683839284934
2020-01-02,1.1960743574689106,0.007790484691295951,0.830670921264607,0.0,0.30550227410405906,0.0,0.30550227410405906,0.6944977258959409,0.0,0.0,0.0,True,0,long_only,1.2518781483795598,0.9554239436299116
2020-01-03,1.199164249733367,0.0025833613480312767,0.830670921264607,0.0,0.30729178971996046,0.0,0.30729178971996046,0.6927082102800395,0.0,0.0,0.0,True,0,long_only,1.254332460390298,0.9560178721359368
2020-01-06,1.2025663264861919,0.002837039841357303,0.47948970101657773,0.0,0.6012779582664596,0.0,0.6012779582664596,0.3987220417335404,0.0006064905417839309,0.0,0.5062968526304743,True,0,long_only,1.2543851766205996,0.9586898417645437
2020-01-07,1.2122175607612768,0.008025531783585782,0.47948970101657773,0.0,0.6044524377988251,0.0,0.6044524377988251,0.39554756220117493,0.0,0.0,0.0,True,0,long_only,1.2573111043024228,0.9641349357475336
2020-01-08,1.204546705869772,-0.006327952291573458,0.47948970101657773,0.0,0.6019334919268651,0.0,0.6019334919268651,0.39806650807313493,0.0,0.0,0.0,True,0,long_only,1.2506557686769357,0.9631320912100839
2020-01-09,1.2061268258542965,0.0013117963602611304,0.47948970101657773,0.0,0.6024549900239916,0.0,0.6024549900239916,0.3975450099760084,0.0,0.0,0.0,True,0,long_only,1.2554578988372003,0.9607067086609643
2020-01-10,1.201322869379543,-0.00398296130371778,0.47948970101657773,0.0,0.6008652517668096,0.0,0.6008652517668096,0.3991347482331904,0.0,0.0,0.0,True,0,long_only,1.249604274472537,0.9613626440951686
2020-01-13,1.205949586091775,0.00385135156431482,0.36048527619657805,0.0,0.7010776566831174,0.0,0.7010776566831174,0.2989223433168826,0.0008416984861711963,0.0,0.7014465125088548,True,0,long_only,1.2530265838396804,0.9624293703301601
2020-01-14,1.2110856763217817,0.004258959320722289,0.36048527619657805,0.0,0.7023453557047948,0.0,0.7023453557047948,0.29765464429520516,0.0,0.0,0.0,True,0,long_only,1.2530598410587968,0.9665026654261394
2020-01-15,1.2106754478183455,-0.00033872789634692424,0.36048527619657805,0.0,0.7022444976098443,0.0,0.7022444976098443,0.2977555023901557,0.0,0.0,0.0,True,0,long_only,1.2476810165670482,0.9703405211289322
2020-01-16,1.2107624245492337,7.18414923215338e-05,0.36048527619657805,0.0,0.7022658872728177,0.0,0.7022658872728177,0.2977341127271823,0.0,0.0,0.0,True,0,long_only,1.2453363826193529,0.9722372536828975
2020-01-17,1.211110633634035,0.0002875948887586244,0.36048527619657805,0.0,0.7023514894630947,0.0,0.7023514894630947,0.29764851053690533,0.0,0.0,0.0,True,0,long_only,1.2487395867755144,0.9698664529098139
2020-01-20,1.2279367033521338,0.013893090565649358,0.3639666033911747,0.0,0.7035949797757608,0.0,0.7035949797757608,0.2964050202242392,0.000976535662700988,0.0,0.8059428532133328,True,0,long_only,1.2591246841448684,0.9752304269899086
2020-01-21,1.229924880845821,0.0016191205037359158,0.3639666033911747,0.0,0.7040741194365673,0.0,0.7040741194365673,0.2959258805634327,0.0,0.0,0.0,True,0,long_only,1.2552813525357216,0.9798001685927387
2020-01-22,1.2456974225599593,0.012823987838421091,0.3639666033911747,0.0,0.7078210191338371,0.0,0.7078210191338371,0.2921789808661629,0.0,0.0,0.0,True,0,long_only,1.2558162984432084,0.9919423916572885
2020-01-23,1.245703704609625,5.042998044268998e-06,0.3639666033911747,0.0,0.7078224925844357,0.0,0.7078224925844357,0.29217750741556425,0.0,0.0,0.0,True,0,long_only,1.2398018860381241,1.0047602916546292
2020-02-03,1.2260673277409646,-0.01576328046227804,0.3585759450771474,0.0,0.7075397598777667,0.0,0.7075397598777667,0.29246024012223326,0.0009860263640251103,0.0,0.8259403679200285,True,0,long_only,1.1960159266699548,1.0251262549276257
2020-02-04,1.2411897860265433,0.012334117338761219,0.3585759450771474,0.0,0.7111030487730108,0.0,0.7111030487730108,0.2888969512269892,0.0,0.0,0.0,True,0,long_only,1.2200750480991376,1.0173060976538306
2020-02-05,1.2736742995021408,0.026172076052600524,0.3585759450771474,0.0,0.7184712408680075,0.0,0.7184712408680075,0.2815287591319925,0.0,0.0,0.0,True,0,long_only,1.22937574784518,1.036033370378915
2020-02-06,1.3076365797401268,0.0266648076759195,0.3585759450771474,0.0,0.7257831796442946,0.0,0.7257831796442946,0.2742168203557054,0.0,0.0,0.0,True,0,long_only,1.2391183440452243,1.055295957826932
2020-02-07,1.319953313114382,0.009419079861396007,0.3585759450771474,0.0,0.7283419485261183,0.0,0.7283419485261183,0.27165805147388167,0.0,0.0,0.0,True,0,long_only,1.2370224316404936,1.0670407256592012
2020-02-10,1.330808223982589,0.00822370818752316,0.39967112021885964,0.0,0.6996779002290802,0.0,0.6996779002290802,0.30032209977091984,0.0008876241709032404,0.0,0.6674709202612852,True,0,long_only,1.2419452076701054,1.0715514788926888
2020-02-11,1.3430355813097572,0.009187918369317538,0.39967112021885964,0.0,0.702412113438505,0.0,0.702412113438505,0.29758788656149504,0.0,0.0,0.0,True,0,long_only,1.2469773079625566,1.0770328960549818
2020-02-12,1.3567762036566333,0.0102310188487158,0.39967112021885964,0.0,0.7054259065410271,0.0,0.7054259065410271,0.2945740934589729,0.0,0.0,0.0,True,0,long_only,1.2607776386949867,1.0761423442289264
2020-02-13,1.3481610435431128,-0.006349728194157467,0.39967112021885964,0.0,0.7035434882701546,0.0,0.7035434882701546,0.29645651172984544,0.0,0.0,0.0,True,0,long_only,1.2568497488372357,1.072650923302768
2020-02-14,1.348700708163521,0.00040029685102727086,0.39967112021885964,0.0,0.7036621113938036,0.0,0.7036621113938036,0.29633788860619636,0.0,0.0,0.0,True,0,long_only,1.256206540067519,1.0736297457033064
2020-02-17,1.369402239544156,0.015349240387679153,0.2704681975972478,0.0,0.802491780875661,0.0,0.802491780875661,0.19750821912433902,0.0006802795760333867,0.0,0.5051915083519801,True,0,long_only,1.270542524307843,1.0778090566391465
2020-02-18,1.3813567118682604,0.008729701163687098,0.2704681975972478,0.0,0.8042010472215795,0.0,0.8042010472215795,0.19579895277842052,0.0,0.0,0.0,True,0,long_only,1.2751270673430384,1.083309065618512
2020-02-19,1.3791508489601443,-0.001596881449348997,0.2704681975972478,0.0,0.8038878794142236,0.0,0.8038878794142236,0.19611212058577643,0.0,0.0,0.0,True,0,long_only,1.2744399873481047,1.0821622537361884
2020-02-20,1.3896477298846117,0.007611118778182879,0.2704681975972478,0.0,0.8053692372672707,0.0,0.8053692372672707,0.19463076273272928,0.0,0.0,0.0,True,0,long_only,1.2839052041887113,1.0823600724967215
2020-02-21,1.3970508717493988,0.005327351461511531,0.2704681975972478,0.0,0.8064006092644534,0.0,0.8064006092644534,0.19359939073554655,0.0,0.0,0.0,True,0,long_only,1.290687554087206,1.082408261647347
2020-02-24,1.412728845574647,0.011222192507289286,0.28113779529912397,0.0,0.8009966341525593,0.0,0.8009966341525593,0.19900336584744072,0.0011355159905225751,0.0,0.8103601487536356,True,0,long_only,1.2956821515581007,1.0903359623159072
2020-02-25,1.4092210459009973,-0.002482995717570158,0.28113779529912397,0.0,0.8005012796843548,0.0,0.8005012796843548,0.1994987203156452,0.0,0.0,0.0,True,0,long_only,1.2940872202413343,1.0889691389102751
2020-02-26,1.3878107331070495,-0.015193012378167281,0.28113779529912397,0.0,0.797423532912367,0.0,0.797423532912367,0.202576467087633,0.0,0.0,0.0,True,0,long_only,1.285576910149608,1.0795236925541423
2020-02-27,1.3794166750650607,-0.006048417007985085,0.28113779529912397,0.0,0.7961908099408295,0.0,0.7961908099408295,0.20380919005917053,0.0,0.0,0.0,True,0,long_only,1.2841482649284226,1.0741880145295748
2020-02-28,1.3550669204369994,-0.017652211306574794,0.28113779529912397,0.0,0.7925284788086635,0.0,0.7925284788086635,0.2074715211913365,0.0,0.0,0.0,True,0,long_only,1.2647058823529411,1.071448262671116
2020-03-02,1.3837213873861423,0.021146163718543276,0.0013342801451047708,0.0,0.9990357306338776,0.0,0.9990357306338776,0.0009642693661223722,0.0011059632535827715,0.0,0.8120673685895415,True,0,long_only,1.2734429783750238,1.0865986234828033
2020-03-03,1.4210899929067589,0.027005874059087942,0.14006775107936842,0.0,0.9014363961617464,0.0,0.9014363961617464,0.09856360383825358,0.00013887234327754117,0.0,0.09822331181236973,True,0,long_only,1.2785858181311283,1.1114545247998486
2020-03-04,1.4055867219883371,-0.010909422341867758,0.14006775107936842,0.0,0.9003492641982067,0.0,0.9003492641982067,0.09965073580179329,0.0,0.0,0.0,True,0,long_only,1.278405733827616,1.0994840564270112
2020-03-05,1.4186255935624832,0.009276461829193394,0.14006775107936842,0.0,0.9012651740424144,0.0,0.9012651740424144,0.09873482595758565,0.0,0.0,0.0,True,0,long_only,1.2941247230628907,1.0962046920832544
2020-03-06,1.42895310480029,0.007279941433928405,0.14006775107936842,0.0,0.9019787629077273,0.0,0.9019787629077273,0.09802123709227273,0.0,0.0,0.0,True,0,long_only,1.293082781463983,1.1050747293862186
2020-03-09,1.3840791348857429,-0.03140338879127791,0.2856333129362749,0.0,0.7936293483971535,0.0,0.7936293483971535,0.2063706516028465,0.000755859398929126,0.0,0.5318654584408135,True,0,long_only,1.2702722209524726,1.0895925393439965
2020-03-10,1.3941540654349034,0.007279157885717424,0.2856333129362749,0.0,0.7951206971898245,0.0,0.7951206971898245,0.20487930281017552,0.0,0.0,0.0,True,0,long_only,1.280100436801731,1.089097406230194
2020-03-11,1.3959214421814694,0.0012677054784577813,0.2856333129362749,0.0,0.7953800949644396,0.0,0.7953800949644396,0.20461990503556038,0.0,0.0,0.0,True,0,long_only,1.2783409883904002,1.0919789436925733
2020-03-12,1.3850716476206792,-0.007772496526620154,0.2856333129362749,0.0,0.7937772291946448,0.0,0.7937772291946448,0.20622277080535523,0.0,0.0,0.0,True,0,long_only,1.2686072371954398,1.0918049393149545
2020-03-13,1.3841961886586267,-0.0006320676360364041,0.2856333129362749,0.0,0.7936468000153419,0.0,0.7936468000153419,0.20635319998465806,0.0,0.0,0.0,True,0,long_only,1.2609474627926016,1.0977429508387828
2020-03-16,1.3419286789587916,-0.030535779570954547,0.001938493723395546,0.0,0.9985554420635084,0.0,0.9985554420635084,0.001444557936491564,0.0005692412944312799,0.0,0.407200663433019,True,0,long_only,1.2412199172532086,1.0811369204648675
2020-03-17,1.3457579572102802,0.00285356316735097,0.14641495081640152,0.0,0.891202611857547,0.0,0.891202611857547,0.10879738814245299,0.00014462107817117716,0.0,0.10667518385829486,True,0,long_only,1.236861452547963,1.088042605287753
2020-03-18,1.3437546233144524,-0.0014886286832594964,0.14641495081640152,0.0,0.891040411488773,0.0,0.891040411488773,0.108959588511227,0.0,0.0,0.0,True,0,long_only,1.2349856038697251,1.088073107171378
2020-03-19,1.3472471862387723,0.0025991076523370626,0.14641495081640152,0.0,0.8913228750359012,0.0,0.8913228750359012,0.10867712496409876,0.0,0.0,0.0,True,0,long_only,1.2315381746881429,1.0939548719875694
2020-03-20,1.3692402853072325,0.01632447207394838,0.14641495081640152,0.0,0.8930684757178696,0.0,0.8930684757178696,0.10693152428213037,0.0,0.0,0.0,True,0,long_only,1.2492724098817811,1.0960301968381772
2020-03-23,1.333727515048185,-0.02593611263130413,0.0017138139761622407,0.0,0.9987150194047691,0.0,0.9987150194047691,0.0012849805952308557,0.0008354565918443004,0.0,0.6192615966032287,True,0,long_only,1.2258359768105196,1.088014661242352
2020-03-24,1.342562171845345,0.006624034292972425,0.0017138139761622407,0.0,0.9987234751491569,0.0,0.9987234751491569,0.0012765248508430638,0.0,0.0,0.0,True,0,long_only,1.2326982855549744,1.089124717360103
2020-03-25,1.3625808887106525,0.014910830414498921,0.0017138139761622407,0.0,0.9987422295510221,0.0,0.9987422295510221,0.0012577704489779018,0.0,0.0,0.0,True,0,long_only,1.2527934295056633,1.0876341275578927
2020-03-26,1.3575706762469075,-0.0036770018611415045,0.0017138139761622407,0.0,0.9987375876584929,0.0,0.9987375876584929,0.0012624123415071464,0.0,0.0,0.0,True,0,long_only,1.2473891313992729,1.088329729732403
2020-03-27,1.3530372204506442,-0.003339388420495637,0.0017138139761622407,0.0,0.9987333578483587,0.0,0.9987333578483587,0.0012666421516412951,0.0,0.0,0.0,True,0,long_only,1.2435893172151395,1.0880096843229559
2020-03-30,1.3368228091078058,-0.011983714193344874,0.0017995493080056476,0.0,0.9986538610085455,0.0,0.9986538610085455,0.0013461389914545263,0.0009007611504849994,0.0,0.6660649710299755,True,0,long_only,1.2388873125124271,1.0790511740706816
2020-03-31,1.3396057071024692,0.0020817253982376993,0.0017995493080056476,0.0,0.9986566574787905,0.0,0.9986566574787905,0.0013433425212094896,0.0,0.0,0.0,True,0,long_only,1.2382058933207476,1.0818925304173583
2020-04-01,1.3417895516598763,0.0016302144323725454,0.0017995493080056476,0.0,0.9986588438509008,0.0,0.9986588438509008,0.001341156149099243,0.0,0.0,0.0,True,0,long_only,1.2391034844366828,1.082871260159418
2020-04-02,1.3483355071476009,0.00487852620377538,0.0017995493080056476,0.0,0.9986653549517415,0.0,0.9986653549517415,0.0013346450482585315,0.0,0.0,0.0,True,0,long_only,1.2412963380971351,1.0862317609142014
2020-04-03,1.3384181061881626,-0.007355291696217625,0.0017995493080056476,0.0,0.9986554655083598,0.0,0.9986554655083598,0.0013445344916401814,0.0,0.0,0.0,True,0,long_only,1.2361329779292356,1.082746055711801
2020-04-07,1.3565559822280526,0.01355172644185676,0.0022806834749432,0.0,0.9983187693653472,0.0,0.9983187693653472,0.0016812306346527528,0.00041556642330727413,0.0,0.30774198673983894,True,0,long_only,1.2491521178126372,1.0859814132193026
2020-04-08,1.355289173478432,-0.0009338418511412039,0.0022806834749432,0.0,0.9983171978943137,0.0,0.9983171978943137,0.0016828021056862763,0.0,0.0,0.0,True,0,long_only,1.2478947118898804,1.0860605150140492
2020-04-09,1.3625987677519251,0.005393383505553073,0.0022806834749432,0.0,0.9983262252036922,0.0,0.9983262252036922,0.0016737747963078142,0.0,0.0,0.0,True,0,long_only,1.2502266090302547,1.0898814326219088
2020-04-10,1.3414452027174184,-0.01552442695174816,0.0022806834749432,0.0,0.9982998310551014,0.0,0.9982998310551014,0.0017001689448985502,0.0,0.0,0.0,True,0,long_only,1.2402593497010743,1.0815844307408218
2020-04-13,1.318095740273237,-0.01740619922221298,0.002241359609204448,0.0,0.9982995471871112,0.0,0.9982995471871112,0.0017004528128887753,0.0004319872185243716,0.0,0.3225830415794787,True,0,long_only,1.2288821965614867,1.072597311574191
2020-04-14,1.3293037265806145,0.008503165562961268,0.10315834180115206,0.0,0.9223967105948708,0.0,0.9223967105948708,0.07760328940512917,0.00010101800019213975,0.0,0.07640135316963147,True,0,long_only,1.2335449294416254,1.0776289495854319
2020-04-15,1.3292440578666334,-4.488719379014405e-05,0.10315834180115206,0.0,0.9223932270446138,0.0,0.9223932270446138,0.0776067729553862,0.0,0.0,0.0,True,0,long_only,1.2329954777258005,1.0780607730357281
2020-04-16,1.3406161627403514,0.00855531744258431,0.10315834180115206,0.0,0.9230515454995811,0.0,0.9230515454995811,0.07694845450041887,0.0,0.0,0.0,True,0,long_only,1.2380760486461129,1.082822145058351
2020-04-17,1.3439606417212526,0.0024947327011668463,0.10315834180115206,0.0,0.9232430336136674,0.0,0.9232430336136674,0.07675696638633256,0.0,0.0,0.0,True,0,long_only,1.2412453908678507,1.0827517681911276
2020-04-20,1.3560878097754419,0.00902345476327171,0.0020747155176006416,0.0,0.9984700728797613,0.0,0.9984700728797613,0.0015299271202386944,0.0005170384417191979,0.0,0.38334581239677984,True,0,long_only,1.245489224307206,1.0887993113948902
2020-04-21,1.3487257408419953,-0.005428902819107129,0.0020747155176006416,0.0,0.9984617217164512,0.0,0.9984617217164512,0.0015382782835487996,0.0,0.0,0.0,True,0,long_only,1.2423633995104821,1.08561290631503
2020-04-22,1.3574272292983147,0.006451636676621408,0.0020747155176006416,0.0,0.9984715825107818,0.0,0.9984715825107818,0.0015284174892181701,0.0,0.0,0.0,True,0,long_only,1.2464480228583235,1.089036369270735
2020-04-23,1.387898929211973,0.02244812779349492,0.0020747155176006416,0.0,0.9985051393340446,0.0,0.9985051393340446,0.0014948606659553887,0.0,0.0,0.0,True,0,long_only,1.2451474533107563,1.1146462417135024
2020-04-24,1.3667584623919997,-0.01523199303278977,0.0020747155176006416,0.0,0.9984820174341782,0.0,0.9984820174341782,0.0015179825658218071,0.0,0.0,0.0,True,0,long_only,1.2388119530691106,1.1032816231760652
2020-04-27,1.360421064741358,-0.004636808788840874,0.0018040635564036784,0.0,0.9986738932502882,0.0,0.9986738932502882,0.0013261067497117862,0.0009416444537819071,0.0,0.6847007594905257,True,0,long_only,1.2422356776370673,1.0951392632105836
2020-04-28,1.3567878572772387,-0.002670649226392263,0.0018040635564036784,0.0,0.9986703422007152,0.0,0.9986703422007152,0.0013296577992848446,0.0,0.0,0.0,True,0,long_only,1.2418051027895731,1.0925932372393783
2020-04-29,1.3380003389437327,-0.013847056658664592,0.0018040635564036784,0.0,0.9986516718240686,0.0,0.9986516718240686,0.0013483281759314458,0.0,0.0,0.0,True,0,long_only,1.2425654194266031,1.0768047444626048
2020-04-30,1.3535685980476404,0.011635467234782482,0.0018040635564036784,0.0,0.9986671798097224,0.0,0.9986671798097224,0.0013328201902775838,0.0,0.0,0.0,True,0,long_only,1.2502573896479476,1.0826319518325611
2020-05-06,1.3734583469494919,0.014694304323061402,0.27163657698129007,0.0,0.8022243793671602,0.0,0.8022243793671602,0.19777562063283982,0.001115144609479825,0.0,0.8242301134842356,True,0,long_only,1.2530103090303257,1.0961269329159613
2020-05-07,1.3673145592465603,-0.004473224627872474,0.5452298973759245,0.0,0.6012403336973419,0.0,0.6012403336973419,0.39875966630265813,0.00027386718758221675,0.0,0.20001194473898776,True,0,long_only,1.2475617858985144,1.0959894529486554
2020-05-08,1.3709780433344607,0.002679327930157571,0.5452298973759245,0.0,0.6023058866429187,0.0,0.6023058866429187,0.39769411335708127,0.0,0.0,0.0,True,0,long_only,1.2497235051410707,1.0970250921060356
2020-05-11,1.3642366331554818,-0.00491722694740071,0.6873350463142711,0.0,0.49617608147315034,0.0,0.49617608147315034,0.5038239185268496,0.0006982211777276199,0.0,0.5082162739717279,True,0,long_only,1.247131918651427,1.0938992200846602
2020-05-12,1.3568039138267267,-0.005448262528739867,0.6873350463142711,0.0,0.4934160792802307,0.0,0.4934160792802307,0.5065839207197693,0.0,0.0,0.0,True,0,long_only,1.243321490461193,1.0912735959574213
2020-05-13,1.3558965592724808,-0.000668744057265358,0.6873350463142711,0.0,0.4930770775883764,0.0,0.4930770775883764,0.5069229224116236,0.0,0.0,0.0,True,0,long_only,1.2414513025862086,1.092186666080142
2020-05-14,1.3498929646894482,-0.004427767400083771,0.6873350463142711,0.0,0.4908225583112087,0.0,0.4908225583112087,0.5091774416887913,0.0,0.0,0.0,True,0,long_only,1.2322478978960918,1.095471915183804
2020-05-15,1.346489693828344,-0.002521141268328142,0.6873350463142711,0.0,0.4895356054601221,0.0,0.4895356054601221,0.5104643945398779,0.0,0.0,0.0,True,0,long_only,1.2304711132747959,1.094287935167185
2020-05-18,1.3359228489503558,-0.007847698297596684,0.6738929452429979,0.0,0.4955599825450396,0.0,0.4955599825450396,0.5044400174549604,0.0002825979044382464,0.0,0.20989964056152102,True,0,long_only,1.2214021526619574,1.0937616623966224
2020-05-19,1.342241381116768,0.004729713374822975,0.6738929452429979,0.0,0.49793460794487837,0.0,0.49793460794487837,0.5020653920551217,0.0,0.0,0.0,True,0,long_only,1.2199887208495168,1.1002080250234796
2020-05-20,1.3353660305518824,-0.005122290715821154,0.6738929452429979,0.0,0.49534964210188104,0.0,0.49534964210188104,0.504650357898119,0.0,0.0,0.0,True,0,long_only,1.209810596599131,1.1037810664790813
2020-05-21,1.3315105424764675,-0.0028872144320022386,0.6738929452429979,0.0,0.4938883893554241,0.0,0.4938883893554241,0.5061116106445759,0.0,0.0,0.0,True,0,long_only,1.2067378418329113,1.1033966917404687
2020-05-22,1.3274704596482245,-0.003034210169097773,0.6738929452429979,0.0,0.4923480666970341,0.0,0.4923480666970341,0.5076519333029659,0.0,0.0,0.0,True,0,long_only,1.2001589270513513,1.1060788948257567
2020-05-25,1.3204911802510544,-0.005257577934366653,0.5301175653500545,0.0,0.5985451676782367,0.0,0.5985451676782367,0.40145483232176327,0.0004035078621383328,0.0,0.3049147601358608,True,0,long_only,1.1899054433576488,1.1097446335945162
2020-05-26,1.3375807994682607,0.012941865476115533,0.5301175653500545,0.0,0.6036743607856837,0.0,0.6036743607856837,0.3963256392143163,0.0,0.0,0.0,True,0,long_only,1.197260949585594,1.1172007238114927
2020-05-27,1.3333976623086292,-0.0031273902565696066,0.5301175653500545,0.0,0.602431007391887,0.0,0.602431007391887,0.39756899260811296,0.0,0.0,0.0,True,0,long_only,1.1972821775977958,1.1136870549463393
2020-05-28,1.3257695321303862,-0.005720821622737571,0.5301175653500545,0.0,0.6001434996788576,0.0,0.6001434996788576,0.3998565003211424,0.0,0.0,0.0,True,0,long_only,1.1982229323385414,1.1064464686407858
2020-05-29,1.333958380794624,0.0061766758594001825,0.5301175653500545,0.0,0.6025981222635526,0.0,0.6025981222635526,0.3974018777364474,0.0,0.0,0.0,True,0,long_only,1.2096520941080238,1.1027620150389286
2020-06-01,1.3591744186724097,0.018903166875989585,0.401287358418906,0.0,0.7047565397744403,0.0,0.7047565397744403,0.2952434602255597,0.00014211560485990517,0.0,0.10660384458728996,True,0,long_only,1.2242718261114458,1.1101900653790622
2020-06-02,1.3679857887849889,0.006482884015125645,0.401287358418906,0.0,0.7066582403788569,0.0,0.7066582403788569,0.29334175962114306,0.0,0.0,0.0,True,0,long_only,1.2254457351862087,1.1163169037241139
2020-06-03,1.3680458665005528,4.39169149681895e-05,0.401287358418906,0.0,0.7066711224782288,0.0,0.7066711224782288,0.29332887752177117,0.0,0.0,0.0,True,0,long_only,1.2222010335211542,1.1193296593435373
2020-06-04,1.3697879771458976,0.0012734299982215536,0.401287358418906,0.0,0.7070441812060345,0.0,0.7070441812060345,0.2929558187939655,0.0,0.0,0.0,True,0,long_only,1.2176051688794511,1.124985350059329
2020-06-05,1.3665740145871765,-0.0023463211915597526,0.401287358418906,0.0,0.7063551961800404,0.0,0.7063551961800404,0.2936448038199596,0.0,0.0,0.0,True,0,long_only,1.2146622587878664,1.1250650167980898
2020-06-08,1.3618706648198071,-0.0034417087674466496,0.5474569566796603,0.0,0.5980110514003208,0.0,0.5980110514003208,0.40198894859967915,0.001244928649221292,0.0,0.9098657090160484,True,0,long_only,1.2148274834828376,1.1210403809069296
2020-06-09,1.3647565342112868,0.002119048060897688,0.5474569566796603,0.0,0.5988610840423315,0.0,0.5988610840423315,0.4011389159576685,0.0,0.0,0.0,True,0,long_only,1.2147510626389109,1.1234865942380867
2020-06-10,1.3683407001745407,0.0026262310334532746,0.5474569566796603,0.0,0.5999118080681012,0.0,0.5999118080681012,0.4000881919318988,0.0,0.0,0.0,True,0,long_only,1.2126261386175046,1.1284110218295011
2020-06-11,1.3630984900441105,-0.0038310708215881784,0.5474569566796603,0.0,0.5983731471509851,0.0,0.5983731471509851,0.4016268528490149,0.0,0.0,0.0,True,0,long_only,1.208607322107489,1.1278257752627465
2020-06-12,1.3640812878953386,0.0007210028170425709,0.5474569566796603,0.0,0.5986625126099779,0.0,0.5986625126099779,0.40133748739002206,0.0,0.0,0.0,True,0,long_only,1.2104665421761684,1.1269054041287276
2020-06-15,1.3690849366755056,0.0036681456043481386,0.5464192827978542,0.0,0.6008872290095438,0.0,0.6008872290095438,0.39911277099045617,0.0008250717473585107,0.0,0.6045186630021213,True,0,long_only,1.2118845733912527,1.1297156236953776
2020-06-16,1.3798106102788086,0.007834191521636225,0.5464192827978542,0.0,0.6039896499364916,0.0,0.6039896499364916,0.3960103500635084,0.0,0.0,0.0,True,0,long_only,1.218111103170262,1.1327461072210134
2020-06-17,1.3797542803256893,-4.082440930630593e-05,0.5464192827978542,0.0,0.6039734823878403,0.0,0.6039734823878403,0.3960265176121597,0.0,0.0,0.0,True,0,long_only,1.2177894987854039,1.1329989967082368
2020-06-18,1.381790146987827,0.0014755284264507118,0.5464192827978542,0.0,0.604556969819913,0.0,0.604556969819913,0.395443030180087,0.0,0.0,0.0,True,0,long_only,1.2182359946420498,1.1342549005817497
2020-06-19,1.386536088123071,0.0034346323467349116,0.5464192827978542,0.0,0.6059105222875718,0.0,0.6059105222875718,0.3940894777124282,0.0,0.0,0.0,True,0,long_only,1.2210207560427306,1.1355548882041675
2020-06-22,1.390044539071935,0.0025303711738315915,0.8337966609344976,0.0,0.40016550729289363,0.0,0.40016550729289363,0.5998344927071064,0.0005653201636810622,0.0,0.40696370395797027,True,0,long_only,1.2184486285642717,1.1408314692018315
2020-06-23,1.4059685793748873,0.011455777031133207,0.8337966609344976,0.0,0.40695924989645577,0.0,0.40695924989645577,0.5930407501035442,0.0,0.0,0.0,True,0,long_only,1.212598542201642,1.1594674828011544
2020-06-24,1.4069775952012942,0.0007176659857188739,0.8337966609344976,0.0,0.4073845498476416,0.0,0.4073845498476416,0.5926154501523584,0.0,0.0,0.0,True,0,long_only,1.2147606152444017,1.1582344517468735
2020-06-29,1.4004693019454815,-0.004625726293020049,0.7041189231634356,0.0,0.4972264496013594,0.0,0.4972264496013594,0.5027735503986406,0.00043496621231172355,0.0,0.30911602349758566,True,0,long_only,1.2083670917694043,1.1589766979625233
2020-06-30,1.402171445611795,0.001215409480200158,0.7041189231634356,0.0,0.49783678353525834,0.0,0.49783678353525834,0.5021632164647416,0.0,0.0,0.0,True,0,long_only,1.2151671316780674,1.1538918466923038
2020-07-01,1.4068232215332308,0.003317551456345491,0.7041189231634356,0.0,0.4994972272379401,0.0,0.4994972272379401,0.5005027727620599,0.0,0.0,0.0,True,0,long_only,1.2278370707607484,1.1457735354590535
2020-07-02,1.4186925604077931,0.00843697963815715,0.7041189231634356,0.0,0.5036846299094979,0.0,0.5036846299094979,0.4963153700905021,0.0,0.0,0.0,True,0,long_only,1.248743832377955,1.1360957496832707
2020-07-03,1.4277958456810866,0.0064166723131873216,0.7041189231634356,0.0,0.5068490181608862,0.0,0.5068490181608862,0.49315098183911377,0.0,0.0,0.0,True,0,long_only,1.2665958830393136,1.1272702404929336
2020-07-06,1.445326600265332,0.012278194139080822,0.8600393138404634,0.0,0.4049515772541806,0.0,0.4049515772541806,0.5950484227458195,0.00015681001279370946,0.0,0.1094872689320517,True,0,long_only,1.3096094965635388,1.103631734542182
2020-07-07,1.4467773282499763,0.0010037371375977155,0.8600393138404634,0.0,0.4055482505516118,0.0,0.4055482505516118,0.5944517494483882,0.0,0.0,0.0,True,0,long_only,1.3096477069855021,1.1047072587025055
2020-07-08,1.4475403573969623,0.0005273991595575733,0.8600393138404634,0.0,0.40586159864514726,0.0,0.40586159864514726,0.5941384013548527,0.0,0.0,0.0,True,0,long_only,1.323238941797744,1.0939372411685098
2020-07-09,1.454656118121585,0.004915759818550747,0.8600393138404634,0.0,0.408767953383345,0.0,0.408767953383345,0.591232046616655,0.0,0.0,0.0,True,0,long_only,1.3356902323547457,1.0890669729291267
2020-07-10,1.4433252336543445,-0.007789390444988609,0.8600393138404634,0.0,0.40412646173798533,0.0,0.40412646173798533,0.5958735382620146,0.0,0.0,0.0,True,0,long_only,1.3171641923059776,1.095782319383808
2020-07-13,1.4623526026470737,0.013183008617228875,0.8679315804250682,0.0,0.406482691757115,0.0,0.406482691757115,0.5935173082428851,0.0002969222495211082,0.0,0.20538379584590338,True,0,long_only,1.3366865337274194,1.0940131180713162
2020-07-14,1.4534414782809815,-0.006093690639290106,0.8679315804250682,0.0,0.4028438066515133,0.0,0.4028438066515133,0.5971561933484867,0.0,0.0,0.0,True,0,long_only,1.3247118120443495,1.0971756008108444
2020-07-15,1.4381868938467437,-0.010495492706235288,0.8679315804250682,0.0,0.39650988050405855,0.0,0.39650988050405855,0.6034901194959414,0.0,0.0,0.0,True,0,long_only,1.3064330783377334,1.10085003027989
2020-07-16,1.4181709139310041,-0.013917509609757572,0.8679315804250682,0.0,0.38799225685762845,0.0,0.38799225685762845,0.6120077431423716,0.0,0.0,0.0,True,0,long_only,1.2700981512524172,1.1165837164100865
2020-07-17,1.4194824642696022,0.0009248182470211752,0.8679315804250682,0.0,0.38855772982608533,0.0,0.38855772982608533,0.6114422701739146,0.0,0.0,0.0,True,0,long_only,1.2712618001212828,1.1165933438212166
2020-07-20,1.441632212867157,0.015604101603996945,0.7102146570280546,0.0,0.5073537822690848,0.0,0.5073537822690848,0.4926462177309152,0.0009948551894083573,0.0,0.7003812654413933,True,0,long_only,1.2963211147253768,1.1120949867213759
2020-07-21,1.4394232242728244,-0.0015322830432176193,0.7102146570280546,0.0,0.506597750368489,0.0,0.506597750368489,0.493402249631511,0.0,0.0,0.0,True,0,long_only,1.2974239099592635,1.1094471230440168
2020-07-22,1.455881462668059,0.011433911943131925,0.7102146570280546,0.0,0.5121754928272044,0.0,0.5121754928272044,0.4878245071727956,0.0,0.0,0.0,True,0,long_only,1.3048625592349992,1.1157354867485796
2020-07-23,1.4590251279653281,0.0021592865750952317,0.7102146570280546,0.0,0.5132265761464445,0.0,0.5132265761464445,0.4867734238535555,0.0,0.0,0.0,True,0,long_only,1.3032637361159956,1.119516401425804
2020-07-24,1.435528629536183,-0.01610424521057552,0.7102146570280546,0.0,0.5052591481526051,0.0,0.5052591481526051,0.4947408518473949,0.0,0.0,0.0,True,0,long_only,1.2769374629836538,1.1241965022953981
2020-07-27,1.4557073359233619,0.014056638071856753,0.7207320249194789,0.0,0.5048922217168638,0.0,0.5048922217168638,0.49510777828313624,0.00030901097154553106,0.0,0.21460367598075006,True,0,long_only,1.2726310069083029,1.143856568024238
2020-07-28,1.459052524903272,0.0022979818108757044,0.7207320249194789,0.0,0.5060273618543926,0.0,0.5060273618543926,0.49397263814560743,0.0,0.0,0.0,True,0,long_only,1.281316094300491,1.1387139608980035
2020-07-29,1.4755068816898707,0.01127742593618386,0.7207320249194789,0.0,0.5115359786773493,0.0,0.5115359786773493,0.48846402132265065,0.0,0.0,0.0,True,0,long_only,1.2971751884162983,1.1374769536652138
2020-07-30,1.4803716873213368,0.0032970402861791648,0.7207320249194789,0.0,0.5131411718474502,0.0,0.5131411718474502,0.48685882815254977,0.0,0.0,0.0,True,0,long_only,1.2986554884671748,1.1399264088650984
2020-07-31,1.500709952218373,0.013738620558082282,0.7207320249194789,0.0,0.5197392914906166,0.0,0.5197392914906166,0.4802607085093834,0.0,0.0,0.0,True,0,long_only,1.3059688924709194,1.149116154963691
2020-08-03,1.5079090382936005,0.004797120232717722,0.7518339218169292,0.0,0.5014063164793222,0.0,0.5014063164793222,0.4985936835206778,0.0009372672351695521,0.0,0.6234902385799259,True,0,long_only,1.323341190056516,1.139471097570236
2020-08-04,1.5049377750677126,-0.001970452560752789,0.7518339218169292,0.0,0.5004219215753944,0.0,0.5004219215753944,0.49957807842460555,0.0,0.0,0.0,True,0,long_only,1.3228462235720095,1.1376513371327555
2020-08-05,1.5059719769002968,0.0006872057102411677,0.7518339218169292,0.0,0.5007649987190269,0.0,0.5007649987190269,0.4992350012809731,0.0,0.0,0.0,True,0,long_only,1.3311385927384631,1.13134123307338
2020-08-06,1.5048959791209613,-0.0007144872519806444,0.7518339218169292,0.0,0.500408046637157,0.0,0.500408046637157,0.499591953362843,0.0,0.0,0.0,True,0,long_only,1.332520182532601,1.1293607397831238
2020-08-07,1.4955513209151674,-0.0062095044012625555,0.7518339218169292,0.0,0.49728644460234095,0.0,0.49728644460234095,0.502713555397659,0.0,0.0,0.0,True,0,long_only,1.320352993538901,1.1326905215753613
2020-08-10,1.4969457764159413,0.0009324023062748932,0.8955245343891279,0.0,0.40176554922835256,0.0,0.40176554922835256,0.5982344507716475,0.00015872258761724057,0.0,0.10643095944889706,True,0,long_only,1.3216429490803672,1.1326400806341488
2020-08-11,1.4909358415007419,-0.004014798003965536,0.8955245343891279,0.0,0.39935407717631005,0.0,0.39935407717631005,0.60064592282369,0.0,0.0,0.0,True,0,long_only,1.3116541079387813,1.1366836976889398
2020-08-12,1.4864030397374457,-0.0030402393162226593,0.8955245343891279,0.0,0.39752240109296927,0.0,0.39752240109296927,0.6024775989070308,0.0,0.0,0.0,True,0,long_only,1.303640179532375,1.1401942522749098
2020-08-13,1.4855109455938293,-0.0006001697519227855,0.8955245343891279,0.0,0.3971605951168913,0.0,0.3971605951168913,0.6028394048831087,0.0,0.0,0.0,True,0,long_only,1.3095755317440159,1.1343453734321938
2020-08-14,1.4856562625986793,9.782291088544781e-05,0.8955245343891279,0.0,0.39721956085407334,0.0,0.39721956085407334,0.6027804391459266,0.0,0.0,0.0,True,0,long_only,1.314790192941403,1.1299569091514294
2020-08-17,1.4920142037842186,0.004279550623922823,0.893032659412948,0.0,0.4014583392383696,0.0,0.4014583392383696,0.5985416607616304,0.0005964218484069522,0.0,0.400822155834168,True,0,long_only,1.3276851489534236,1.1237711026295134
2020-08-18,1.4939578677010048,0.0013027114030526032,0.893032659412948,0.0,0.4022370518472504,0.0,0.4022370518472504,0.5977629481527496,0.0,0.0,0.0,True,0,long_only,1.3329305907685036,1.120806948274524
2020-08-19,1.4893059027820303,-0.003113852819780716,0.893032659412948,0.0,0.4003698919444564,0.0,0.4003698919444564,0.5996301080555436,0.0,0.0,0.0,True,0,long_only,1.3249226769655547,1.124070052293889
2020-08-20,1.484350840203424,-0.0033270952390307418,0.893032659412948,0.0,0.3983682056658777,0.0,0.3983682056658777,0.6016317943341223,0.0,0.0,0.0,True,0,long_only,1.31316094300491,1.1303647493556879
2020-08-21,1.4879386328772333,0.0024170786155364166,0.893032659412948,0.0,0.39981889059087944,0.0,0.39981889059087944,0.6001811094091205,0.0,0.0,0.0,True,0,long_only,1.3162259141666555,1.1304583938535313
2020-08-24,1.4868323160643981,-0.0007435231456393021,0.7450553563731773,0.0,0.49889752306075963,0.0,0.49889752306075963,0.5011024769392404,0.00045239767608856946,0.0,0.30384023298584695,True,0,long_only,1.319059853795604,1.1271909396575355
2020-08-25,1.4881289932477384,0.0008721072102955141,0.7450553563731773,0.0,0.4993341573520816,0.0,0.4993341573520816,0.5006658426479185,0.0,0.0,0.0,True,0,long_only,1.3172876685769521,1.129691736092348
2020-08-26,1.4801425184353012,-0.005366789336593181,0.7450553563731773,0.0,0.49663269104599767,0.0,0.49663269104599767,0.5033673089540023,0.0,0.0,0.0,True,0,long_only,1.3043141689197841,1.1348052131191182
2020-08-27,1.477835692916835,-0.001558515811642902,0.7450553563731773,0.0,0.49584696056254657,0.0,0.49584696056254657,0.5041530394374534,0.0,0.0,0.0,True,0,long_only,1.3061882485970053,1.1314109543583772
2020-08-28,1.4826577123776208,0.0032628928127107493,0.7450553563731773,0.0,0.4974866078979274,0.0,0.4974866078979274,0.5025133921020726,0.0,0.0,0.0,True,0,long_only,1.3148404325702807,1.1276331908042156
2020-08-31,1.4771115309551428,-0.0037407025075154587,0.7420304004945556,0.0,0.49764768269411763,0.0,0.49764768269411763,0.5023523173058824,0.0008909368692237416,0.0,0.6005144478003178,True,0,long_only,1.3171744525118754,1.1214243702785645
2020-09-01,1.47720043185243,6.01856362394404e-05,0.89038872581571,0.0,0.39724582621523463,0.0,0.39724582621523463,0.6027541737847654,0.00014850683215330776,0.0,0.10057390211040905,True,0,long_only,1.3215382242201714,1.1177886532371122
2020-09-02,1.4795571276827744,0.0015953798682477593,0.89038872581571,0.0,0.398205916381071,0.0,0.398205916381071,0.601794083618929,0.0,0.0,0.0,True,0,long_only,1.325803639471932,1.115970030276944
2020-09-03,1.4748755911912166,-0.0031641471653681696,0.89038872581571,0.0,0.3962957071541421,0.0,0.3962957071541421,0.6037042928458579,0.0,0.0,0.0,True,0,long_only,1.321823387184083,1.1157886942318254
2020-09-04,1.473779848144372,-0.0007429393051109345,0.89038872581571,0.0,0.3958468580386727,0.0,0.3958468580386727,0.6041531419613273,0.0,0.0,0.0,True,0,long_only,1.318268402740678,1.1179664513542054
2020-09-07,1.4729380295489924,-0.0005711969779200743,0.7369185088753243,0.0,0.49969483162780065,0.0,0.49969483162780065,0.5003051683721993,0.0007334259436472219,0.0,0.49782863522363846,True,0,long_only,1.3020042073920184,1.1312851534476707
2020-09-08,1.4704078454755056,-0.0017177803972252548,0.7369185088753243,0.0,0.4988339383914149,0.0,0.4988339383914149,0.5011660616085851,0.0,0.0,0.0,True,0,long_only,1.3000261104550082,1.1310602407522907
2020-09-09,1.4553444513841687,-0.01024436460787903,0.7369185088753243,0.0,0.4936466702611564,0.0,0.4936466702611564,0.5063533297388436,0.0,0.0,0.0,True,0,long_only,1.2854460040743632,1.1321708160212827
2020-09-10,1.4464752846647229,-0.006094204510148971,0.7369185088753243,0.0,0.49054192858460494,0.0,0.49054192858460494,0.5094580714153951,0.0,0.0,0.0,True,0,long_only,1.2790567262018062,1.1308922075411547
2020-09-11,1.4470607769924266,0.00040477174681874395,0.7369185088753243,0.0,0.4907480593821796,0.0,0.4907480593821796,0.5092519406178204,0.0,0.0,0.0,True,0,long_only,1.2841068703046292,1.126900580049961
2020-09-14,1.4520006828810081,0.003413751493457351,0.4351668195162822,0.0,0.700298474617216,0.0,0.700298474617216,0.29970152538278405,0.0005846821416159838,0.0,0.403932565842811,True,0,long_only,1.2869015381110043,1.1282919787417045
2020-09-15,1.4463213811828728,-0.003911362966349863,0.4351668195162822,0.0,0.6991216301038284,0.0,0.6991216301038284,0.30087836989617156,0.0,0.0,0.0,True,0,long_only,1.286888801303683,1.1238899427189641
2020-09-16,1.4370689716727896,-0.006397201638902672,0.4351668195162822,0.0,0.6971844580224041,0.0,0.6971844580224041,0.30281554197759586,0.0,0.0,0.0,True,0,long_only,1.2824846963722036,1.120534986294856
2020-09-17,1.437242605902584,0.00012082525836754066,0.4351668195162822,0.0,0.697221041368309,0.0,0.697221041368309,0.302778958631691,0.0,0.0,0.0,True,0,long_only,1.2794084036039504,1.1233649879538328
2020-09-18,1.4418263698169673,0.003189276393253504,0.4351668195162822,0.0,0.6981836172329651,0.0,0.6981836172329651,0.30181638276703493,0.0,0.0,0.0,True,0,long_only,1.2856398865858067,1.121485405719587
2020-09-21,1.4446172035346148,0.0019356239947267984,0.5788133257141538,0.0,0.5993310031903654,0.0,0.5993310031903654,0.40066899680963464,0.0007375709515937853,0.0,0.5103597655019362,True,0,long_only,1.2826637192751058,1.1262634015648596
2020-09-22,1.442292174931767,-0.001609442693302432,0.5788133257141538,0.0,0.5986851098727367,0.0,0.5986851098727367,0.4013148901272633,0.0,0.0,0.0,True,0,long_only,1.2767343816669225,1.1296728557185793
2020-09-23,1.443864707769018,0.0010903011640659432,0.5788133257141538,0.0,0.5991221874184424,0.0,0.5991221874184424,0.40087781258155764,0.0,0.0,0.0,True,0,long_only,1.2768341533242713,1.130816170612196
2020-09-24,1.428672543092411,-0.01052187548796124,0.5788133257141538,0.0,0.5948593479221682,0.0,0.5948593479221682,0.4051406520778318,0.0,0.0,0.0,True,0,long_only,1.2619692377799179,1.1320977566820574
2020-09-25,1.4183078014018502,-0.007254805687051169,0.5788133257141538,0.0,0.5918986519413791,0.0,0.5918986519413791,0.40810134805862086,0.0,0.0,0.0,True,0,long_only,1.258596106641042,1.126896701744175
2020-09-28,1.39432041273372,-0.01691268189064543,0.5663770679162652,0.0,0.5937970478350669,0.0,0.5937970478350669,0.4062029521649331,0.0005765963693672481,0.0,0.4077728280002021,True,0,long_only,1.2544987464858794,1.1114562024390309
2020-09-29,1.3969712445676474,0.001901164043585979,0.5663770679162652,0.0,0.5945678408781028,0.0,0.5945678408781028,0.40543215912189723,0.0,0.0,0.0,True,0,long_only,1.2662887844627935,1.1032011510394086
2020-09-30,1.4039601756766085,0.005002916943450897,0.5663770679162652,0.0,0.5965860871777848,0.0,0.5965860871777848,0.40341391282221517,0.0,0.0,0.0,True,0,long_only,1.2708942017099871,1.104702636763612
2020-10-09,1.4109675999805908,0.004991184526017767,0.5631045102668002,0.0,0.6009089717761442,0.0,0.6009089717761442,0.3990910282238558,0.000605322564317765,0.0,0.4305557665090406,True,0,long_only,1.2833419542649553,1.099447887051066
2020-10-12,1.4288741920546808,0.012691001603676977,0.7071152599319236,0.0,0.5051241992724973,0.0,0.5051241992724973,0.4948758007275027,0.00014699349852038577,0.0,0.1040834851438893,True,0,long_only,1.3006721496263518,1.0985659933328764
2020-10-13,1.4304601874310583,0.0011099615243921335,0.7071152599319236,0.0,0.5056728833524398,0.0,0.5056728833524398,0.49432711664756024,0.0,0.0,0.0,True,0,long_only,1.3057456445425966,1.09551212627797
2020-10-14,1.4350506591179324,0.0032090873463022085,0.7071152599319236,0.0,0.5072541478315764,0.0,0.5072541478315764,0.4927458521684236,0.0,0.0,0.0,True,0,long_only,1.3043909435639143,1.100169137327053
2020-10-15,1.441697429851296,0.004631732469604133,0.7071152599319236,0.0,0.5095258926799509,0.0,0.5095258926799509,0.49047410732004915,0.0,0.0,0.0,True,0,long_only,1.303561282087025,1.1059682806343498
2020-10-16,1.464907501709486,0.01609912827588511,0.7071152599319236,0.0,0.5172969903514387,0.0,0.5172969903514387,0.4827030096485613,0.0,0.0,0.0,True,0,long_only,1.303799035823686,1.123568480616354
2020-10-19,1.445973290662225,-0.012925192222147497,0.8773659334349525,0.0,0.39323503476807814,0.0,0.39323503476807814,0.6067649652319218,0.0004742678591281087,0.0,0.3244873748178184,True,0,long_only,1.2983200858743853,1.1137263502231032
2020-10-20,1.4580354110036344,0.008341869396415458,0.8773659334349525,0.0,0.39825471534259915,0.0,0.39825471534259915,0.6017452846574008,0.0,0.0,0.0,True,0,long_only,1.3040074241434676,1.1181189493313963
2020-10-21,1.4607675607406734,0.0018738569148730733,0.8773659334349525,0.0,0.39938019092504395,0.0,0.39938019092504395,0.600619809074956,0.0,0.0,0.0,True,0,long_only,1.303705986370201,1.1204731557670957
2020-10-22,1.4709281263481278,0.006955634750201112,0.8773659334349525,0.0,0.40352902516509204,0.0,0.40352902516509204,0.596470974834908,0.0,0.0,0.0,True,0,long_only,1.3087441012661094,1.1239234048314852
2020-10-23,1.4585679038877877,-0.008403009119845262,0.8773659334349525,0.0,0.398474400063001,0.0,0.398474400063001,0.6015255999369991,0.0,0.0,0.0,True,0,long_only,1.2979255986476341,1.12376850060399
2020-10-26,1.4720853913867897,0.009267643599568887,0.5884483578293636,0.0,0.600262076322209,0.0,0.600262076322209,0.39973792367779104,0.0006269121137368981,0.0,0.42658733396739784,True,0,long_only,1.2992445658057765,1.1330317864164545
2020-10-27,1.4693092373739705,-0.0018858647936204065,0.5884483578293636,0.0,0.5995068002968045,0.0,0.5995068002968045,0.4004931997031955,0.0,0.0,0.0,True,0,long_only,1.3053076398908314,1.1256421034177468
2020-10-28,1.473209811755146,0.0026546994206249064,0.5884483578293636,0.0,0.6005671743875363,0.0,0.6005671743875363,0.39943282561246374,0.0,0.0,0.0,True,0,long_only,1.3050157547230559,1.128882778942223
2020-10-29,1.4748098171083857,0.0010860675380199858,0.5884483578293636,0.0,0.6010005147761246,0.0,0.6010005147761246,0.3989994852238754,0.0,0.0,0.0,True,0,long_only,1.3073855084851902,1.1280603980513617
2020-10-30,1.4652652559136026,-0.006471723393797868,0.5884483578293636,0.0,0.5984014802408851,0.0,0.5984014802408851,0.40159851975911487,0.0,0.0,0.0,True,0,long_only,1.2943557545956879,1.1320421381147263
2020-11-02,1.4570560124931748,-0.005602564714679903,0.14827429466986522,0.0,0.8982370661124054,0.0,0.8982370661124054,0.10176293388759461,0.0004647923800937473,0.0,0.31698004469509,True,0,long_only,1.2900068424959332,1.1294947937439086
2020-11-03,1.4575004765633228,0.0003050425421788905,0.14827429466986522,0.0,0.8982680986702077,0.0,0.8982680986702077,0.10173190132979226,0.0,0.0,0.0,True,0,long_only,1.293965512971377,1.1263827837392784
2020-11-04,1.461615408247697,0.0028232798208596144,0.14827429466986522,0.0,0.8985545076815875,0.0,0.8985545076815875,0.10144549231841249,0.0,0.0,0.0,True,0,long_only,1.2949982557649975,1.1286620671039231
2020-11-05,1.4820964936035783,0.014012636457107153,0.14827429466986522,0.0,0.8999563825231445,0.0,0.8999563825231445,0.10004361747685553,0.0,0.0,0.0,True,0,long_only,1.3053607099213362,1.1353922960442808
2020-11-06,1.4740229944649603,-0.005447350542600593,0.14827429466986522,0.0,0.899408424952227,0.0,0.899408424952227,0.10059157504777305,0.0,0.0,0.0,True,0,long_only,1.2999610112175892,1.1338978490472869
2020-11-09,1.4915128157608453,0.011865365304042141,0.2963603351749227,0.0,0.8013021865831275,0.0,0.8013021865831275,0.19869781341687254,0.0007531839214437695,0.0,0.5108489814009874,True,0,long_only,1.3113643455722257,1.137374842313568
2020-11-10,1.4804575079755513,-0.007412144011417432,0.2963603351749227,0.0,0.7998184118231263,0.0,0.7998184118231263,0.2001815881768737,0.0,0.0,0.0,True,0,long_only,1.3068176591587906,1.1328722852800552
2020-11-11,1.4765577084219637,-0.002634185400511968,0.2963603351749227,0.0,0.7992897036908563,0.0,0.7992897036908563,0.20071029630914372,0.0,0.0,0.0,True,0,long_only,1.3044705486096715,1.1319210770957657
2020-11-12,1.473474313004313,-0.0020882322445399115,0.2963603351749227,0.0,0.7988696969065825,0.0,0.7988696969065825,0.2011303030934175,0.0,0.0,0.0,True,0,long_only,1.303310791543043,1.1305625047881376
2020-11-13,1.472850512200397,-0.00042335370112034365,0.2963603351749227,0.0,0.7987845115848392,0.0,0.7987845115848392,0.2012154884151608,0.0,0.0,0.0,True,0,long_only,1.2953524097685651,1.1370268824863996
2020-11-16,1.4925138061303365,0.013350502150121901,0.29664498152738855,0.0,0.8012447320025102,0.0,0.8012447320025102,0.19875526799748977,0.0006048981228962143,0.0,0.4099224670235195,True,0,long_only,1.2984757579638657,1.149435248965095
2020-11-17,1.4818505519960983,-0.007144492794934232,0.29664498152738855,0.0,0.7998145081986854,0.0,0.7998145081986854,0.20018549180131462,0.0,0.0,0.0,True,0,long_only,1.2908036005539096,1.1480062120683632
2020-11-18,1.4811187333892952,-0.0004938545292690888,0.29664498152738855,0.0,0.7997155968390424,0.0,0.7997155968390424,0.20028440316095764,0.0,0.0,0.0,True,0,long_only,1.292578969974392,1.1458632453370634
2020-11-19,1.4929838026931574,0.008010883284631065,0.29664498152738855,0.0,0.8013073008613504,0.0,0.8013073008613504,0.19869269913864962,0.0,0.0,0.0,True,0,long_only,1.293444011471618,1.1542701419248236
2020-11-20,1.4988089314963082,0.0039016691223594524,0.29664498152738855,0.0,0.8020795210826249,0.0,0.8020795210826249,0.19792047891737508,0.0,0.0,0.0,True,0,long_only,1.2949664137466947,1.1574114321311553
2020-11-23,1.5130129073093972,0.00947684225427503,0.302952262042908,0.0,0.7997688846014867,0.0,0.7997688846014867,0.20023111539851335,0.0012260019481440904,0.0,0.811917135154728,True,0,long_only,1.3052842890774092,1.1591443488366915
2020-11-24,1.5218335619604644,0.005829860808493015,0.302952262042908,0.0,0.800929438267456,0.0,0.800929438267456,0.199070561732544,0.0,0.0,0.0,True,0,long_only,1.3079887378319266,1.1634913344001716
2020-11-25,1.5082665403756732,-0.008914918111881942,0.302952262042908,0.0,0.7991387769117719,0.0,0.7991387769117719,0.20086122308822807,0.0,0.0,0.0,True,0,long_only,1.3026714745755636,1.1578257218437185
2020-11-26,1.49619900317115,-0.008000931454408167,0.302952262042908,0.0,0.7975187382154315,0.0,0.7975187382154315,0.2024812617845685,0.0,0.0,0.0,True,0,long_only,1.2997593451016716,1.1511354073427433
2020-11-27,1.4973637937313486,0.0007784997568704988,0.302952262042908,0.0,0.7976762472077894,0.0,0.7976762472077894,0.2023237527922106,0.0,0.0,0.0,True,0,long_only,1.303365276774361,1.1488443189441917
2020-11-30,1.4928880384021863,-0.0029890901248580404,0.45254422751697715,0.0,0.6968665995868466,0.0,0.6968665995868466,0.3031334004131534,0.0004743291381131065,0.0,0.31542927226221634,True,0,long_only,1.3033663381749712,1.1454093869668227
2020-12-01,1.4939836960177857,0.0007339181421617269,0.45254422751697715,0.0,0.6970889115301365,0.0,0.6970889115301365,0.3029110884698635,0.0,0.0,0.0,True,0,long_only,1.3127176313500943,1.1380845814352811
2020-12-02,1.4900483601103351,-0.002634122392326188,0.45254422751697715,0.0,0.6962888993190348,0.0,0.6962888993190348,0.3037111006809652,0.0,0.0,0.0,True,0,long_only,1.3126974647385028,1.1351041653814435
2020-12-03,1.4892509586460037,-0.0005351513988931522,0.45254422751697715,0.0,0.6961262808731572,0.0,0.6961262808731572,0.3038737191268428,0.0,0.0,0.0,True,0,long_only,1.3065080839808467,1.139871216187466
2020-12-04,1.4860361348206423,-0.0021586850803736457,0.45254422751697715,0.0,0.6954688941183808,0.0,0.6954688941183808,0.30453110588161925,0.0,0.0,0.0,True,0,long_only,1.3055308878191543,1.1382619505104288
2020-12-07,1.494056375994311,0.005397070088498657,0.29900635259756947,0.0,0.7998694310322946,0.0,0.7998694310322946,0.20013056896770542,0.0007535977025519341,0.0,0.5062084172862933,True,0,long_only,1.3028034420514185,1.1468010658935182
2020-12-08,1.5017446581328795,0.005145911668461345,0.29900635259756947,0.0,0.8008940128548057,0.0,0.8008940128548057,0.19910598714519434,0.0,0.0,0.0,True,0,long_only,1.3002090251601477,1.1550024873484543
2020-12-09,1.4868741931490084,-0.009902126106018372,0.29900635259756947,0.0,0.7989027222509577,0.0,0.7989027222509577,0.2010972777490423,0.0,0.0,0.0,True,0,long_only,1.2955102046592657,1.1477132235635872
2020-12-10,1.4816968890167368,-0.0034820055093610636,0.29900635259756947,0.0,0.7982000537262437,0.0,0.7982000537262437,0.2017999462737563,0.0,0.0,0.0,True,0,long_only,1.2924293124883688,1.1464432713646544
2020-12-11,1.4661123202613997,-0.01051805458380839,0.29900635259756947,0.0,0.7960549485429204,0.0,0.7960549485429204,0.20394505145707964,0.0,0.0,0.0,True,0,long_only,1.2833872406909859,1.1423771982274291
2020-12-14,1.4615466282603038,-0.0031141488533988904,0.29418534278861,0.0,0.798716416499977,0.0,0.798716416499977,0.20128358350002296,0.000595341909675494,0.0,0.40682028150961097,True,0,long_only,1.284022312056025,1.1382564107628474
2020-12-15,1.458458589274316,-0.002112856973754851,0.29418534278861,0.0,0.7982902326112753,0.0,0.7982902326112753,0.2017097673887247,0.0,0.0,0.0,True,0,long_only,1.27704537204568,1.1420569865407624
2020-12-16,1.4477295509487522,-0.007356423010201674,0.43974621041732304,0.0,0.6962511332802866,0.0,0.6962511332802866,0.30374886671971335,0.00014570657420291599,0.0,0.10009610153750152,True,0,long_only,1.2748001559551296,1.1356521602117762
2020-12-17,1.4579315590192563,0.007046901863554833,0.43974621041732304,0.0,0.698376643473485,0.0,0.698376643473485,0.30162335652651495,0.0,0.0,0.0,True,0,long_only,1.2811590070101972,1.1379786201726731
2020-12-18,1.4635925196908828,0.0038828713437237816,0.43974621041732304,0.0,0.6995432782683262,0.0,0.6995432782683262,0.3004567217316738,0.0,0.0,0.0,True,0,long_only,1.2854283140641949,1.138602988340422
2020-12-21,1.4739661462592863,0.007087783265382175,0.14790257098706694,0.0,0.8996567381398668,0.0,0.8996567381398668,0.1003432618601332,0.0008866633204401692,0.0,0.6050270956649799,True,0,long_only,1.2958371160471744,1.137462515933698
2020-12-22,1.4687825823886715,-0.0035167455397602243,0.14790257098706694,0.0,0.8993026110463987,0.0,0.8993026110463987,0.10069738895360125,0.0,0.0,0.0,True,0,long_only,1.2881936164536907,1.14018775099362
2020-12-23,1.4643977393124519,-0.0029853588467047,0.14790257098706694,0.0,0.899001093066076,0.0,0.899001093066076,0.100998906933924,0.0,0.0,0.0,True,0,long_only,1.2907784807394709,1.1345074008930771
2020-12-24,1.4364106523128775,-0.019111670448709317,0.14790257098706694,0.0,0.8970332260144984,0.0,0.8970332260144984,0.10296677398550158,0.0,0.0,0.0,True,0,long_only,1.2805713448724092,1.1216951387085703
2020-12-25,1.440020383173976,0.0025130215062707517,0.14790257098706694,0.0,0.8972913350982767,0.0,0.8972913350982767,0.10270866490172326,0.0,0.0,0.0,True,0,long_only,1.2876926353657268,1.1182951145519175
2020-12-28,1.4381053855285462,-0.0013298406521224937,0.0017104554588641622,0.0,0.9988106188349781,0.0,0.9988106188349781,0.0011893811650218744,0.0010143270871906436,0.0,0.7055182548658341,True,0,long_only,1.285190560327534,1.1189822193854595
2020-12-29,1.4330389178915357,-0.0035230155508724215,0.0017104554588641622,0.0,0.9988064138122775,0.0,0.9988064138122775,0.001193586187722473,0.0,0.0,0.0,True,0,long_only,1.2791518984565113,1.120303944840884
2020-12-30,1.443121655977547,0.007035913651840087,0.0017104554588641622,0.0,0.9988147531070722,0.0,0.9988147531070722,0.0011852468929277604,0.0,0.0,0.0,True,0,long_only,1.2897131883271407,1.1189477389537974
2020-12-31,1.4559925142805505,0.008918761803408115,0.0017104554588641622,0.0,0.9988252305955644,0.0,0.9988252305955644,0.001174769404435616,0.0,0.0,0.0,True,0,long_only,1.3030518097941803,1.1173711615584399
2021-01-04,1.4649450231034682,0.006148732727064399,0.14731141520041824,0.0,0.8994423593532944,0.0,0.8994423593532944,0.10055764064670558,0.0013353704564532333,0.0,0.9144960936942068,True,0,long_only,1.3160033738387393,1.1131772548806398
2021-01-05,1.4637895522089837,-0.0007887469333399677,0.14731141520041824,0.0,0.8993629822141354,0.0,0.8993629822141354,0.10063701778586465,0.0,0.0,0.0,True,0,long_only,1.3238959487753914,1.1056681256279954
2021-01-06,1.4684677893461886,0.0031959765870339663,0.14731141520041824,0.0,0.8996835911082487,0.0,0.8996835911082487,0.10031640889175131,0.0,0.0,0.0,True,0,long_only,1.3251795359131973,1.1081274269257786
2021-01-07,1.451986377779562,-0.011223543128558888,0.14731141520041824,0.0,0.8985449054792835,0.0,0.8985449054792835,0.10145509452071655,0.0,0.0,0.0,True,0,long_only,1.3243739328501365,1.096356808122005
2021-01-08,1.4556676591432258,0.00253534152936985,0.14731141520041824,0.0,0.8988014782940753,0.0,0.8988014782940753,0.1011985217059247,0.0,0.0,0.0,True,0,long_only,1.323351804062617,1.0999853966831845
2021-01-11,1.4416044661029646,-0.00966099160885292,0.1467351513567874,0.0,0.8982140005757259,0.0,0.8982140005757259,0.10178599942427413,0.0011941512905750862,0.0,0.8210253739876944,True,0,long_only,1.3175816765459476,1.0941291092345362
2021-01-12,1.44205799316501,0.0003145988186838977,0.1467351513567874,0.0,0.8982460122600652,0.0,0.8982460122600652,0.10175398773993483,0.0,0.0,0.0,True,0,long_only,1.3264564008471393,1.0871506913035678
2021-01-13,1.4317692597515914,-0.007134757036252659,0.1467351513567874,0.0,0.8975148052960393,0.0,0.8975148052960393,0.10248519470396067,0.0,0.0,0.0,True,0,long_only,1.3203926191616775,1.0843511535687222
2021-01-14,1.436698469143937,0.0034427400635776984,0.1467351513567874,0.0,0.897866424647741,0.0,0.897866424647741,0.10213357535225898,0.0,0.0,0.0,True,0,long_only,1.3188270532617903,1.0893759462930497
2021-01-15,1.4458063625467592,0.006339460644270822,0.1467351513567874,0.0,0.8985098176644372,0.0,0.8985098176644372,0.10149018233556284,0.0,0.0,0.0,True,0,long_only,1.3227920921408947,1.0929959221382781
2021-01-18,1.4612684532455222,0.010694440901150015,0.001721603837081844,0.0,0.9988218428768114,0.0,0.9988218428768114,0.0011781571231885835,0.0010203854011109964,0.0,0.7057909499460577,True,0,long_only,1.3297467427384277,1.098907337976436
2021-01-19,1.466671631699718,0.0036975946768678103,0.001721603837081844,0.0,0.9988261831756527,0.0,0.9988261831756527,0.0011738168243472513,0.0,0.0,0.0,True,0,long_only,1.3245278359386001,1.1073165787115304
2021-01-20,1.4664829599404452,-0.00012863940039120614,0.001721603837081844,0.0,0.9988260321571334,0.0,0.9988260321571334,0.0011739678428666078,0.0,0.0,0.0,True,0,long_only,1.326591198724621,1.105452049847998
2021-01-21,1.4719547232890295,0.003731215089472606,0.001721603837081844,0.0,0.9988303962004789,0.0,0.9988303962004789,0.001169603799521135,0.0,0.0,0.0,True,0,long_only,1.3348835678910749,1.1026839783596314
2021-01-22,1.4659510437678156,-0.004078712086876379,0.001721603837081844,0.0,0.998825606186236,0.0,0.998825606186236,0.001174393813764052,0.0,0.0,0.0,True,0,long_only,1.3349387607227996,1.0981410435442593
2021-01-25,1.4565138560810964,-0.006437587207867135,0.0020299600626032415,0.0,0.9986062885333168,0.0,0.9986062885333168,0.0013937114666832118,0.0009028967409172659,0.0,0.6147358493109396,True,0,long_only,1.3323751244492215,1.0931710066886693
2021-01-26,1.4441802774463792,-0.008467875937618663,0.0020299600626032415,0.0,0.9985943859680783,0.0,0.9985943859680783,0.0014056140319217425,0.0,0.0,0.0,True,0,long_only,1.3234370699116278,1.0912345666294614
2021-01-27,1.4427019720324266,-0.0010236294159663428,0.0020299600626032415,0.0,0.998592945665872,0.0,0.998592945665872,0.0014070543341280217,0.0,0.0,0.0,True,0,long_only,1.3218686736101135,1.0914109705711605
2021-01-28,1.4314098105002844,-0.007827092324712237,0.0020299600626032415,0.0,0.9985818456407717,0.0,0.9985818456407717,0.0014181543592283186,0.0,0.0,0.0,True,0,long_only,1.3004835741179583,1.1006750404141978
2021-01-29,1.4115219084017787,-0.013893926080857932,0.0020299600626032415,0.0,0.9985618642895159,0.0,0.9985618642895159,0.001438135710484123,0.0,0.0,0.0,True,0,long_only,1.2842041653605543,1.0991413565501702
2021-02-01,1.3889832518629397,-0.015967627852378707,0.0015253885987522662,0.0,0.9989017948224312,0.0,0.9989017948224312,0.0010982051775687562,0.0012719245186817879,0.0,0.9078235501276989,True,0,long_only,1.286630527155227,1.079550984177266
2021-02-02,1.3723013656011618,-0.01201014212331486,0.0015253885987522662,0.0,0.9988884448875528,0.0,0.9988884448875528,0.0011115551124472045,0.0,0.0,0.0,True,0,long_only,1.2848275613188822,1.0680821356233106
2021-02-03,1.3601358767883707,-0.008865027112657353,0.0015253885987522662,0.0,0.9988785027843291,0.0,0.9988785027843291,0.0011214972156708969,0.0,0.0,0.0,True,0,long_only,1.2784856926735761,1.0638647617119963
2021-02-04,1.3267825277319638,-0.02452207137948792,0.0015253885987522662,0.0,0.9988503100041876,0.0,0.9988503100041876,0.0011496899958124418,0.0,0.0,0.0,True,0,long_only,1.2605356393558855,1.0525545540385748
2021-02-05,1.3128645644216528,-0.010490010999845478,0.0015253885987522662,0.0,0.9988381218900335,0.0,0.9988381218900335,0.0011618781099664854,0.0,0.0,0.0,True,0,long_only,1.2551359406521387,1.0459939213751777
2021-02-08,1.3099796384864704,-0.002197428442631044,0.0018611457688280644,0.0,0.9985792559562389,0.0,0.9985792559562389,0.0014207440437611352,0.0007639098808382394,0.0,0.581095474110136,True,0,long_only,1.2634116812090346,1.0368588940327605
2021-02-09,1.3299616800011105,0.015253703895525605,0.0018611457688280644,0.0,0.9986006019595794,0.0,0.9986006019595794,0.001399398040420552,0.0,0.0,0.0,True,0,long_only,1.282003528095628,1.0374087518906618
2021-02-10,1.346886031926831,0.01272544328172387,0.0018611457688280644,0.0,0.9986181861533113,0.0,0.9986181861533113,0.0013818138466886731,0.0,0.0,0.0,True,0,long_only,1.2910576290999252,1.0432423786270697
2021-02-18,1.3720416503267754,0.018676872284403512,0.002188475751177033,0.0,0.99840494947755,0.0,0.99840494947755,0.0015950505224500144,0.0005269649151528446,0.0,0.3874717446127492,True,0,long_only,1.3018403978978608,1.0539246228203332
2021-02-19,1.4129612262474933,0.029823858416377025,0.002188475751177033,0.0,0.9984511423876867,0.0,0.9984511423876867,0.0015488576123132702,0.0,0.0,0.0,True,0,long_only,1.3125994620821708,1.0764603118198137
2021-02-22,1.4456973442800465,0.023168447530221847,0.002044145158468207,0.0,0.9985860490326305,0.0,0.9985860490326305,0.001413950967369515,0.0007964486198718414,0.0,0.5597710325302554,True,0,long_only,1.3190626841972308,1.0960035194687388
2021-02-23,1.4290827716825982,-0.011492427971307007,0.002044145158468207,0.0,0.9985696103829861,0.0,0.9985696103829861,0.0014303896170139163,0.0,0.0,0.0,True,0,long_only,1.3142050074050382,1.0874123623257164
2021-02-24,1.4181118499720746,-0.007676897327371979,0.002044145158468207,0.0,0.9985585444769335,0.0,0.9985585444769335,0.001441455523066515,0.0,0.0,0.0,True,0,long_only,1.3009406839807052,1.090066493756534
2021-02-25,1.4019361523467588,-0.011406503390853362,0.002044145158468207,0.0,0.9985419128003465,0.0,0.9985419128003465,0.0014580871996534572,0.0,0.0,0.0,True,0,long_only,1.3007584768759723,1.0777835987767572
2021-02-26,1.3912148011321699,-0.007647531734339075,0.002044145158468207,0.0,0.998530676099187,0.0,0.998530676099187,0.0014693239008130021,0.0,0.0,0.0,True,0,long_only,1.2929380771808068,1.0760103872612763
2021-03-01,1.4166284304538204,0.018267221784133536,0.0017186799588485191,0.0,0.9987867814016002,0.0,0.9987867814016002,0.0012132185983998456,0.0010749244335143127,0.0,0.7682305933108825,True,0,long_only,1.3029959093620487,1.0872086552807418
2021-03-02,1.4146618066768724,-0.0013882424880587996,0.0017186799588485191,0.0,0.9987850948186084,0.0,0.9987850948186084,0.0012149051813915568,0.0,0.0,0.0,True,0,long_only,1.298835218970484,1.0891772766973458
2021-03-03,1.4328713544145273,0.012872014817753685,0.0017186799588485191,0.0,0.998800534358124,0.0,0.998800534358124,0.0011994656418760075,0.0,0.0,0.0,True,0,long_only,1.3109047591080556,1.093040012601265
2021-03-04,1.4250475217226992,-0.005460247821776565,0.0017186799588485191,0.0,0.9987939490208924,0.0,0.9987939490208924,0.0012060509791076424,0.0,0.0,0.0,True,0,long_only,1.2997773889120432,1.0963781443494038
2021-03-05,1.431631360035998,0.004620083339634595,0.0017186799588485191,0.0,0.998799495451954,0.0,0.998799495451954,0.0012005045480459886,0.0,0.0,0.0,True,0,long_only,1.2990471452922991,1.1020626658733514
2021-03-08,1.4328911916435865,0.0008799972134982958,0.002048371847997747,0.0,0.9985704623910431,0.0,0.9985704623910431,0.0014295376089569212,0.000820498930018343,0.0,0.5710881009187105,True,0,long_only,1.2884299549895382,1.1121219171400134
2021-03-09,1.421143336103878,-0.008198707346531275,0.002048371847997747,0.0,0.9985586451443995,0.0,0.9985586451443995,0.0014413548556004852,0.0,0.0,0.0,True,0,long_only,1.282581283827722,1.1080337394778077
2021-03-10,1.4267202225865796,0.003924225193210118,0.002048371847997747,0.0,0.998564279235992,0.0,0.998564279235992,0.0014357207640079972,0.0,0.0,0.0,True,0,long_only,1.2846389858104892,1.110600128398291
2021-03-11,1.4374330883541195,0.007508736189438814,0.002048371847997747,0.0,0.998574979340191,0.0,0.998574979340191,0.0014250206598089843,0.0,0.0,0.0,True,0,long_only,1.2982394194280182,1.107217256573081
2021-03-12,1.4440515816722619,0.004604383586105376,0.002048371847997747,0.0,0.9985815106094579,0.0,0.9985815106094579,0.0014184893905421214,0.0,0.0,0.0,True,0,long_only,1.303184484870442,1.1080945164995764
2021-03-15,1.4473033217012061,0.002251817088956276,0.0022714509304063613,0.0,0.9984305633129229,0.0,0.9984305633129229,0.001569436687077097,0.0006175578880096235,0.0,0.4267929294645763,True,0,long_only,1.301410530650773,1.1121035888479243
2021-03-16,1.4562105541415535,0.0061543646772521665,0.0022714509304063613,0.0,0.9984401631179323,0.0,0.9984401631179323,0.0015598368820677333,0.0,0.0,0.0,True,0,long_only,1.3036239047230205,1.1170480603076645
2021-03-17,1.4607802555641425,0.0031380773951901197,0.0022714509304063613,0.0,0.9984450426943037,0.0,0.9984450426943037,0.001554957305696325,0.0,0.0,0.0,True,0,long_only,1.3045614752619359,1.119748117098767
2021-03-18,1.467957544478003,0.004913325523481227,0.0022714509304063613,0.0,0.9984526453513926,0.0,0.9984526453513926,0.0015473546486074463,0.0,0.0,0.0,True,0,long_only,1.308685370432351,1.1217039462992036
2021-03-19,1.4687488047282329,0.0005390212088940416,0.0022714509304063613,0.0,0.9984534789590337,0.0,0.9984534789590337,0.0015465210409663088,0.0,0.0,0.0,True,0,long_only,1.3033847357855461,1.1268727984933953
2021-03-22,1.4859485157005448,0.011710451043052572,0.001793644131223482,0.0,0.9987929298274659,0.0,0.9987929298274659,0.001207070172534075,0.001139396122475663,0.0,0.7755624336331607,True,0,long_only,1.3120503641665495,1.1325392349892454
2021-03-23,1.4676974564720648,-0.012282430404310096,0.001793644131223482,0.0,0.9987779197113723,0.0,0.9987779197113723,0.0012220802886276916,0.0,0.0,0.0,True,0,long_only,1.3032287098958626,1.1262009847752237
2021-03-24,1.4546408926574559,-0.008895950426999533,0.001793644131223482,0.0,0.9987669505647221,0.0,0.9987669505647221,0.0012330494352779109,0.0,0.0,0.0,True,0,long_only,1.2906097180424658,1.127095877492527
2021-03-25,1.4385212797650526,-0.01108150676484465,0.001793644131223482,0.0,0.9987531334041048,0.0,0.9987531334041048,0.0012468665958952352,0.0,0.0,0.0,True,0,long_only,1.287599585912242,1.1172116669685672
2021-03-26,1.4473245680071625,0.00611967884378295,0.001793644131223482,0.0,0.9987607174155185,0.0,0.9987607174155185,0.0012392825844814714,0.0,0.0,0.0,True,0,long_only,1.2959464403100138,1.1168089382312252
2021-03-29,1.4543118353470854,0.004827712798065598,0.002223942833251196,0.0,0.9984707936914229,0.0,0.9984707936914229,0.0015292063085771135,0.0006682814301074274,0.0,0.461375327306433,True,0,long_only,1.2987467689196428,1.1197809073718419
2021-03-30,1.448675645105502,-0.0038755032480625173,0.002223942833251196,0.0,0.9984648441900953,0.0,0.9984648441900953,0.0015351558099047091,0.0,0.0,0.0,True,0,long_only,1.2991822969699842,1.11506726075638
2021-03-31,1.446118240144719,-0.0017653399292130167,0.002223942833251196,0.0,0.9984621293255879,0.0,0.9984621293255879,0.001537870674412134,0.0,0.0,0.0,True,0,long_only,1.2978569614081814,1.1142354536324814
2021-04-01,1.4568508300708805,0.007421654487317353,0.002223942833251196,0.0,0.9984734587870312,0.0,0.9984734587870312,0.0015265412129688016,0.0,0.0,0.0,True,0,long_only,1.3026852727834948,1.1183444386056307
2021-04-02,1.4547358657433451,-0.0014517370508224658,0.002223942833251196,0.0,0.9984712394286679,0.0,0.9984712394286679,0.0015287605713321106,0.0,0.0,0.0,True,0,long_only,1.3035404078750266,1.1159883168599205
2021-04-06,1.479688893322775,0.017152961006209333,0.002249645075272114,0.0,0.9984796499551873,0.0,0.9984796499551873,0.0015203500448126572,0.0006709502670714557,0.0,0.45865339672809646,True,0,long_only,1.3054675575827521,1.1334551247390758
2021-04-07,1.4793936518978203,-0.0001995293918112262,0.002249645075272114,0.0,0.9984793465401274,0.0,0.9984793465401274,0.001520653459872623,0.0,0.0,0.0,True,0,long_only,1.3075730225929734,1.1314042323725213
2021-04-08,1.4835782444515504,0.0028285862578643073,0.002249645075272114,0.0,0.9984836357073275,0.0,0.9984836357073275,0.0015163642926725451,0.0,0.0,0.0,True,0,long_only,1.309759507849765,1.1327104216919517
2021-04-09,1.5007891783703466,0.011600961380475505,0.002249645075272114,0.0,0.9985010252554494,0.0,0.9985010252554494,0.0014989747445506296,0.0,0.0,0.0,True,0,long_only,1.3084161284775906,1.1470274217091714
2021-04-12,1.4861955798900695,-0.009723949699666501,0.002204670316979219,0.0,0.9985165678415338,0.0,0.9985165678415338,0.0014834321584662469,0.0007857851369016857,0.0,0.5246094755823598,True,0,long_only,1.3009849090061256,1.1423618902892838
2021-04-13,1.4688281812663482,-0.011685809632811628,0.002204670316979219,0.0,0.9984990277657401,0.0,0.9984990277657401,0.001500972234259934,0.0,0.0,0.0,True,0,long_only,1.2967555813751082,1.1326947054345973
2021-04-14,1.469958438175367,0.000769495658807795,0.002204670316979219,0.0,0.9985001818692807,0.0,0.9985001818692807,0.0014998181307193104,0.0,0.0,0.0,True,0,long_only,1.3000353092602959,1.1307065490488526
2021-04-15,1.4805533670200104,0.007207638372275893,0.002204670316979219,0.0,0.9985109146579317,0.0,0.9985109146579317,0.0014890853420682637,0.0,0.0,0.0,True,0,long_only,1.299480196741217,1.1393427700805916
2021-04-16,1.4840123680812811,0.0023362893485108227,0.002204670316979219,0.0,0.9985143854833031,0.0,0.9985143854833031,0.0014856145166969315,0.0,0.0,0.0,True,0,long_only,1.304711840348366,1.1374253855817242
2021-04-19,1.495830547392855,0.007963666318262508,0.0024417371054376597,0.0,0.9983676378920772,0.0,0.9983676378920772,0.0016323621079228356,0.0005215163650844438,0.0,0.3513762339027063,True,0,long_only,1.3167544916704819,1.1359980595131223
2021-04-20,1.4971263329607511,0.0008662649456883109,0.0024417371054376597,0.0,0.9983690507262613,0.0,0.9983690507262613,0.0016309492737387465,0.0,0.0,0.0,True,0,long_only,1.3179864239785966,1.1359193886393657
2021-04-21,1.4975341410075784,0.0002723938774229495,0.0024417371054376597,0.0,0.9983694948658769,0.0,0.9983694948658769,0.0016305051341231058,0.0,0.0,0.0,True,0,long_only,1.3152603934116742,1.1385837728475208
2021-04-22,1.4982620343146154,0.00048606124368366643,0.0024417371054376597,0.0,0.9983702870062015,0.0,0.9983702870062015,0.0016297129937985488,0.0,0.0,0.0,True,0,long_only,1.3157730499063491,1.138693359330665
2021-04-23,1.497387648075347,-0.0005836003444272819,0.0024417371054376597,0.0,0.9983693353497499,0.0,0.9983693353497499,0.00163066465025008,0.0,0.0,0.0,True,0,long_only,1.314122218157451,1.1394584365028506
2021-04-26,1.489337909202013,-0.005375854998991625,0.0017273969713682018,0.0,0.9988401577904549,0.0,0.9988401577904549,0.0011598422095451255,0.0012658456878172043,0.0,0.8442692681435602,True,0,long_only,1.3126054766856279,1.1346424616196484
2021-04-27,1.4871613464687243,-0.0014614297533424025,0.0017273969713682018,0.0,0.9988384602817509,0.0,0.9988384602817509,0.0011615397182490605,0.0,0.0,0.0,True,0,long_only,1.308363058447086,1.1366580070166887
2021-04-28,1.491402782247613,0.0028520347095895016,0.0017273969713682018,0.0,0.9988417636121311,0.0,0.9988417636121311,0.0011582363878689383,0.0,0.0,0.0,True,0,long_only,1.3103910412127704,1.138135667401477
2021-04-29,1.506226818732625,0.009939659937251655,0.0017273969713682018,0.0,0.9988531627840609,0.0,0.9988531627840609,0.0011468372159391116,0.0,0.0,0.0,True,0,long_only,1.3162736771941097,1.1443112817871106
2021-04-30,1.5037182817637877,-0.0016654443657748708,0.12962005342179736,0.0,0.9138003075484595,0.0,0.9138003075484595,0.08619969245154047,0.0001280206771275567,0.0,0.08492272751135846,True,0,long_only,1.3140974521432156,1.1442973877708322
2021-05-06,1.5337051192173654,0.019941792167615713,0.15294121863610105,0.0,0.9002799060133897,0.0,0.9002799060133897,0.0997200939866103,0.0009900413804162522,0.0,0.6542412889746886,True,0,long_only,1.3191189384295658,1.1626738685468865
2021-05-07,1.5526892196977649,0.012377933829996524,0.3182600160461813,0.0,0.7950265822621403,0.0,0.7950265822621403,0.2049734177378597,0.00016548428169177202,0.0,0.10742903138757803,True,0,long_only,1.317816953681185,1.1782282929055423
2021-05-10,1.5624707158064695,0.006299712772275701,0.1576058253774694,0.0,0.8991303812717404,0.0,0.8991303812717404,0.10086961872825961,0.0008033559581650469,0.0,0.5153282856918168,True,0,long_only,1.3225539846040304,1.181404112040288
2021-05-11,1.5549327334985916,-0.004824399095369358,0.1576058253774694,0.0,0.8986413868702493,0.0,0.8986413868702493,0.1013586131297507,0.0,0.0,0.0,True,0,long_only,1.322308801063099,1.1759225471754173
2021-05-12,1.572333851488162,0.011190913674071323,0.1576058253774694,0.0,0.8997631290401203,0.0,0.8997631290401203,0.10023687095987965,0.0,0.0,0.0,True,0,long_only,1.327930332494355,1.1840484496914268
2021-05-13,1.562913589265621,-0.005991260834093848,0.1576058253774694,0.0,0.8991589640912107,0.0,0.8991589640912107,0.10084103590878934,0.0,0.0,0.0,True,0,long_only,1.3224885315664079,1.1817974613469382
2021-05-14,1.563575858858776,0.00042374037675751985,0.1576058253774694,0.0,0.8992016764108248,0.0,0.8992016764108248,0.10079832358917518,0.0,0.0,0.0,True,0,long_only,1.3294580417724824,1.1761001925071355
2021-05-17,1.5509664239590872,-0.008064485536948718,0.3147002273566753,0.0,0.7970941069418168,0.0,0.7970941069418168,0.20290589305818318,0.0007951438563380352,0.0,0.5078862398872204,True,0,long_only,1.331661863239239,1.1646848699161472
2021-05-18,1.5585844065540508,0.004911764998443591,0.3147002273566753,0.0,0.798085861738819,0.0,0.798085861738819,0.201914138261181,0.0,0.0,0.0,True,0,long_only,1.3348471264701285,1.1676126618900349
2021-05-19,1.557175189865869,-0.0009041644984101316,0.3147002273566753,0.0,0.7979031329263712,0.0,0.7979031329263712,0.20209686707362884,0.0,0.0,0.0,True,0,long_only,1.3341925960939043,1.1671292393802721
2021-05-20,1.5601394437541694,0.0019036097592561863,0.3147002273566753,0.0,0.7982871155417935,0.0,0.7982871155417935,0.20171288445820645,0.0,0.0,0.0,True,0,long_only,1.3316225914166655,1.17160782177358
2021-05-21,1.5566472994282001,-0.00223835397531269,0.3147002273566753,0.0,0.7978345978101311,0.0,0.7978345978101311,0.2021654021898689,0.0,0.0,0.0,True,0,long_only,1.332422179876269,1.1682838389651793
2021-05-24,1.5600536729084722,0.0021882757137876574,0.31322148075839945,0.0,0.7992239073579771,0.0,0.7992239073579771,0.2007760926420229,0.0009462771084559806,0.0,0.6067311161721461,True,0,long_only,1.3342920139510497,1.1691995879439512
2021-05-25,1.5702364525147225,0.006527198251625732,0.31322148075839945,0.0,0.8005259142616531,0.0,0.8005259142616531,0.1994740857383469,0.0,0.0,0.0,True,0,long_only,1.3443459543300547,1.1680300353172401
2021-05-26,1.586261100705685,0.010205245308946509,0.31322148075839945,0.0,0.8025410314739133,0.0,0.8025410314739133,0.1974589685260867,0.0,0.0,0.0,True,0,long_only,1.3503835548004675,1.1746744804960771
2021-05-27,1.604226784768358,0.011325805098971742,0.31322148075839945,0.0,0.8047523680988614,0.0,0.8047523680988614,0.19524763190113859,0.0,0.0,0.0,True,0,long_only,1.3551340301310406,1.1838141092311218
2021-05-28,1.6094631794757435,0.0032641237243409282,0.31322148075839945,0.0,0.8053876070278126,0.0,0.8053876070278126,0.19461239297218735,0.0,0.0,0.0,True,0,long_only,1.3544115701157704,1.1883117473207736
2021-05-31,1.618447059327105,0.0055819107674695,0.32529509349319885,0.0,0.7990078874569766,0.0,0.7990078874569766,0.2009921125430234,0.0010182038572925166,0.0,0.628570529339191,True,0,long_only,1.3559134519790523,1.1936212130389783
2021-06-01,1.6095244008349134,-0.005513098770065117,0.32529509349319885,0.0,0.7978936552161261,0.0,0.7978936552161261,0.2021063447838739,0.0,0.0,0.0,True,0,long_only,1.357364032812846,1.1857721008707731
2021-06-02,1.602694821658511,-0.00424322810692368,0.32529509349319885,0.0,0.79703241746512,0.0,0.79703241746512,0.20296758253488,0.0,0.0,0.0,True,0,long_only,1.3537213059190067,1.1839178527004734
2021-06-03,1.6215682720934568,0.011776072512304392,0.32529509349319885,0.0,0.7993947593256494,0.0,0.7993947593256494,0.2006052406743506,0.0,0.0,0.0,True,0,long_only,1.3552667052073022,1.1964938457227288
2021-06-04,1.6200757122465754,-0.0009204421870898649,0.32529509349319885,0.0,0.7992099436870707,0.0,0.7992099436870707,0.20079005631292934,0.0,0.0,0.0,True,0,long_only,1.35547155552505,1.1952118844862292
2021-06-07,1.618950042701156,-0.0006948252707635882,0.32572403457184657,0.0,0.7988053825129845,0.0,0.7988053825129845,0.2011946174870155,0.0006759551976236829,0.0,0.41716617165160264,True,0,long_only,1.3541805385829737,1.1955200924651004
2021-06-08,1.6080382031170533,-0.006740071834395178,0.32572403457184657,0.0,0.7974401143328209,0.0,0.7974401143328209,0.20255988566717908,0.0,0.0,0.0,True,0,long_only,1.3505954811222824,1.1906142331979725
2021-06-09,1.6142089208267247,0.0038374198434527607,0.32572403457184657,0.0,0.7982144502057235,0.0,0.7982144502057235,0.20178554979427654,0.0,0.0,0.0,True,0,long_only,1.3511283042285493,1.1947117944127341
2021-06-10,1.6102158224804424,-0.002473718423162463,0.32572403457184657,0.0,0.7977140517287379,0.0,0.7977140517287379,0.20228594827126212,0.0,0.0,0.0,True,0,long_only,1.3547006248819191,1.188613774073364
2021-06-11,1.6014079202628486,-0.005470013456969847,0.32572403457184657,0.0,0.7966014589721878,0.0,0.7966014589721878,0.20339854102781219,0.0,0.0,0.0,True,0,long_only,1.3532387224416176,1.1833890751910092
2021-06-15,1.5951168700230973,-0.003928449560008929,0.4810321431521516,0.0,0.6984345459620233,0.0,0.6984345459620233,0.30156545403797674,0.0011187102587588529,0.0,0.6989897244067818,True,0,long_only,1.3436765643452893,1.1871285935543001
2021-06-16,1.6125208634474544,0.010910795159545295,0.4810321431521516,0.0,0.7016893523326332,0.0,0.7016893523326332,0.2983106476673668,0.0,0.0,0.0,True,0,long_only,1.329793444365272,1.2126100262263904
2021-06-17,1.60567878130783,-0.004243096814881775,0.4810321431521516,0.0,0.7004181977416745,0.0,0.7004181977416745,0.29958180225832554,0.0,0.0,0.0,True,0,long_only,1.3288590580281865,1.2083138325372138
2021-06-18,1.5981545165677777,-0.004686033612478546,0.4810321431521516,0.0,0.6990077378843041,0.0,0.6990077378843041,0.30099226211569585,0.0,0.0,0.0,True,0,long_only,1.3309910580536604,1.20072520915715
2021-06-21,1.620037268004343,0.0136925129639911,0.31983303781080596,0.0,0.8025767405926438,0.0,0.8025767405926438,0.19742325940735617,0.0014364589118794615,0.0,0.9003086435097194,True,0,long_only,1.3357592233944016,1.2128213226089806
2021-06-22,1.6214559117929335,0.0008756858972374104,0.31983303781080596,0.0,0.8027494700998999,0.0,0.8027494700998999,0.19725052990010006,0.0,0.0,0.0,True,0,long_only,1.3445157784276696,1.2059776001209364
2021-06-23,1.6182044679091492,-0.0020052619748316403,0.31983303781080596,0.0,0.8023531363597975,0.0,0.8023531363597975,0.19764686364020245,0.0,0.0,0.0,True,0,long_only,1.3500485060078813,1.1986269091132216
2021-06-24,1.6153059845277975,-0.0017911725241351872,0.31983303781080596,0.0,0.8019984814800877,0.0,0.8019984814800877,0.19800151851991232,0.0,0.0,0.0,True,0,long_only,1.3523690815417482,1.1944268813705
2021-06-25,1.6193660518001796,0.002513497325752123,0.31983303781080596,0.0,0.802494909995636,0.0,0.802494909995636,0.197505090004364,0.0,0.0,0.0,True,0,long_only,1.3575848041397454,1.1928286519281688
2021-06-28,1.6177841519215663,-0.0009768636787553797,0.6488727560798397,0.0,0.598912651413278,0.0,0.598912651413278,0.401087348586722,0.000986515207009054,0.0,0.6088579680025547,True,0,long_only,1.3601233205988845,1.1894393158476464
2021-06-29,1.611719159815693,-0.0037489501295148164,0.6488727560798397,0.0,0.5974033365998819,0.0,0.5974033365998819,0.4025966634001181,0.0,0.0,0.0,True,0,long_only,1.354207073598226,1.190157097269651
2021-06-30,1.6057674825940365,-0.003692750803022782,0.6488727560798397,0.0,0.5959111371270152,0.0,0.5959111371270152,0.40408886287298484,0.0,0.0,0.0,True,0,long_only,1.355672514040561,1.1844803711539975
2021-07-01,1.601197421993546,-0.002846028861605565,0.6488727560798397,0.0,0.5947578061473703,0.0,0.5947578061473703,0.4052421938526297,0.0,0.0,0.0,True,0,long_only,1.3503014731532867,1.1858073577112787
2021-07-02,1.598214963233241,-0.0018626427443232396,0.6488727560798397,0.0,0.59400157612894,0.0,0.59400157612894,0.40599842387106,0.0,0.0,0.0,True,0,long_only,1.3445150708272628,1.188692486912683
2021-07-05,1.6043060270367577,0.0038111667977343,0.4801625372084939,0.0,0.7007038999314983,0.0,0.7007038999314983,0.2992961000685017,0.0011280739379715549,0.0,0.7057683068834901,True,0,long_only,1.3470422656798944,1.1909841791244866
2021-07-06,1.6050838278454411,0.0004848207234626756,0.4801625372084939,0.0,0.700848934567466,0.0,0.700848934567466,0.299151065432534,0.0,0.0,0.0,True,0,long_only,1.3492156603291616,1.1896421565799618
2021-07-07,1.6154622177479994,0.0064659488323979275,0.4801625372084939,0.0,0.7027708033445349,0.0,0.7027708033445349,0.2972291966554651,0.0,0.0,0.0,True,0,long_only,1.3589239379094795,1.1887804553897028
2021-07-08,1.6285884198453957,0.008125353817122871,0.4801625372084939,0.0,0.7051664304145816,0.0,0.7051664304145816,0.2948335695854184,0.0,0.0,0.0,True,0,long_only,1.363242423191745,1.1946432946477699
2021-07-09,1.635079233150024,0.003985545534730184,0.4801625372084939,0.0,0.7063368383173408,0.0,0.7063368383173408,0.29366316168265916,0.0,0.0,0.0,True,0,long_only,1.3699476446459062,1.1935341029566475
2021-07-12,1.6351551744929682,4.6445053796029256e-05,0.4925942312335011,0.0,0.6987477158635751,0.0,0.6987477158635751,0.3012522841364249,0.001008262713928758,0.0,0.6152367392458907,True,0,long_only,1.3794312590970879,1.1853835874092526
2021-07-13,1.6473160044387118,0.0074371106396764475,0.4925942312335011,0.0,0.7009716229878176,0.0,0.7009716229878176,0.29902837701218243,0.0,0.0,0.0,True,0,long_only,1.3887326664435367,1.1862009472689887
2021-07-14,1.6411747367984268,-0.0037280446640093334,0.4925942312335011,0.0,0.699852660299631,0.0,0.699852660299631,0.300147339700369,0.0,0.0,0.0,True,0,long_only,1.3841919946335586,1.1856554171395133
2021-07-15,1.6465572947440477,0.003279698270350462,0.4925942312335011,0.0,0.700833835053354,0.0,0.700833835053354,0.29916616494664605,0.0,0.0,0.0,True,0,long_only,1.387935554585357,1.1863355537685274
2021-07-16,1.6444831510723978,-0.0012596850885605582,0.4925942312335011,0.0,0.7004565045787965,0.0,0.7004565045787965,0.2995434954212035,0.0,0.0,0.0,True,0,long_only,1.3884832373001648,1.1843737878103677
2021-07-19,1.6404530504812747,-0.0024506791623222224,0.659678981116112,0.0,0.5978678079676978,0.0,0.5978678079676978,0.4021321920323022,0.0005050500032550371,0.0,0.30678547864242495,True,0,long_only,1.3835484320636389,1.1856853092120876
2021-07-20,1.6422706243211334,0.0011079706544026013,0.659678981116112,0.0,0.5983128655249473,0.0,0.5983128655249473,0.40168713447505267,0.0,0.0,0.0,True,0,long_only,1.3831185648165512,1.1873679278818405
2021-07-21,1.6480477530779376,0.0035177690395529204,0.659678981116112,0.0,0.5997209547574832,0.0,0.5997209547574832,0.4002790452425168,0.0,0.0,0.0,True,0,long_only,1.396453648281557,1.1801664560123326
2021-07-22,1.6493609614737816,0.0007968266656057654,0.659678981116112,0.0,0.6000396538264992,0.0,0.6000396538264992,0.39996034617350085,0.0,0.0,0.0,True,0,long_only,1.4052399225319074,1.1737219637925076
2021-07-23,1.6479882502370453,-0.0008322685384221096,0.659678981116112,0.0,0.5997065021420971,0.0,0.5997065021420971,0.4002934978579029,0.0,0.0,0.0,True,0,long_only,1.4079935495146922,1.1704515626545835
2021-07-26,1.6275359609455098,-0.012410458198712115,0.6617659684353842,0.0,0.593393949924809,0.0,0.593393949924809,0.406606050075191,1.8052145142070244e-05,0.0,0.01093736626958663,True,0,long_only,1.397357607801153,1.1647240132800076
2021-07-27,1.6223887143167137,-0.0031626008594034527,0.6617659684353842,0.0,0.592103937486958,0.0,0.592103937486958,0.407896062513042,0.0,0.0,0.0,True,0,long_only,1.3820691934133724,1.1738838562125902
2021-07-28,1.622098210857897,-0.0001790590973994588,0.6617659684353842,0.0,0.5920308869058005,0.0,0.5920308869058005,0.4079691130941995,0.0,0.0,0.0,True,0,long_only,1.3736866051950607,1.1808357195326675
2021-07-29,1.632154001824716,0.006199249157361919,0.6617659684353842,0.0,0.5945444071481351,0.0,0.5945444071481351,0.40545559285186494,0.0,0.0,0.0,True,0,long_only,1.3921249027933942,1.1724192265720461
2021-07-30,1.6455779626329663,0.00822469006799742,0.6617659684353842,0.0,0.5978519502190333,0.0,0.5978519502190333,0.40214804978096674,0.0,0.0,0.0,True,0,long_only,1.3955503963623679,1.1791605426234113
2021-08-02,1.6508854767213674,0.0032253191334119524,0.6617154606396694,0.0,0.5991754304157876,0.0,0.5991754304157876,0.4008245695842124,0.00035638645307809965,0.0,0.21583187061385883,True,0,long_only,1.4103392448629979,1.1705591280498875
2021-08-03,1.6486563252834858,-0.0013502762422433756,0.6617154606396694,0.0,0.5986334747322869,0.0,0.5986334747322869,0.4013665252677131,0.0,0.0,0.0,True,0,long_only,1.4031560393340914,1.1749629257669045
2021-08-04,1.651927432184686,0.0019841047834134873,0.6617154606396694,0.0,0.599428251055468,0.0,0.599428251055468,0.40057174894453196,0.0,0.0,0.0,True,0,long_only,1.4148544430583339,1.16755998490834
2021-08-05,1.6448953466738365,-0.004256897351446964,0.6617154606396694,0.0,0.5977157683753361,0.0,0.5977157683753361,0.40228423162466387,0.0,0.0,0.0,True,0,long_only,1.4111299883175172,1.1656582740722818
2021-08-06,1.6494595114916246,0.0027747448049004753,0.6617154606396694,0.0,0.5988289157572151,0.0,0.5988289157572151,0.4011710842427849,0.0,0.0,0.0,True,0,long_only,1.4131883979006912,1.1671901028496392
2021-08-09,1.64416274469605,-0.003211213587646533,0.4959492951581156,0.0,0.6983575398737065,0.0,0.6983575398737065,0.3016424601262935,0.0008313957160760485,0.0,0.5039413121233933,True,0,long_only,1.412982486182333,1.1636115527081525
2021-08-10,1.6562134811847102,0.0073294061232898056,0.4959492951581156,0.0,0.700552313580157,0.0,0.700552313580157,0.299447686419843,0.0,0.0,0.0,True,0,long_only,1.417899601408691,1.1680752851183913
2021-08-11,1.662373686291792,0.003719451131791951,0.4959492951581156,0.0,0.7016619673134896,0.0,0.7016619673134896,0.2983380326865104,0.0,0.0,0.0,True,0,long_only,1.4244664869833368,1.1670149501462004
2021-08-12,1.6658601598115126,0.002097286277129351,0.4959492951581156,0.0,0.7022863580492671,0.0,0.7022863580492671,0.2977136419507329,0.0,0.0,0.0,True,0,long_only,1.426694366863922,1.1676363196648145
2021-08-13,1.667163432054046,0.0007823419239949558,0.4959492951581156,0.0,0.7025190898368757,0.0,0.7025190898368757,0.2974809101631243,0.0,0.0,0.0,True,0,long_only,1.428930737949388,1.1667209527919722
2021-08-16,1.668956017784455,0.0010752309557320316,0.33695508533928437,0.0,0.7981042749187642,0.0,0.7981042749187642,0.20189572508123577,0.0008539772632264352,0.0,0.5090410685279123,True,0,long_only,1.4272077309590039,1.1693854941936235
2021-08-17,1.6527384918217538,-0.009717167972005614,0.33695508533928437,0.0,0.7961231695113054,0.0,0.7961231695113054,0.20387683048869465,0.0,0.0,0.0,True,0,long_only,1.4122971751884164,1.1702483874197793
2021-08-18,1.6503175361275986,-0.001464814733930897,0.33695508533928437,0.0,0.7958240896294809,0.0,0.7958240896294809,0.20417591037051908,0.0,0.0,0.0,True,0,long_only,1.4179760222526177,1.1638543319695067
2021-08-19,1.6572872222874369,0.004223239471957907,0.33695508533928437,0.0,0.796682747077354,0.0,0.796682747077354,0.20331725292264602,0.0,0.0,0.0,True,0,long_only,1.4168070663807018,1.1697338766957541
2021-08-20,1.6483406342523572,-0.005398332838607911,0.33695508533928437,0.0,0.7955792156442725,0.0,0.7955792156442725,0.20442078435572753,0.0,0.0,0.0,True,0,long_only,1.4133313331828503,1.1662804011712251
2021-08-23,1.6670167716391902,0.011330265722232724,0.16703714232342712,0.0,0.8997987631767026,0.0,0.8997987631767026,0.1002012368232974,0.0005088007248884916,0.0,0.3085811046099459,True,0,long_only,1.423030411957881,1.171455478133893
2021-08-24,1.712210990324036,0.02711083622776389,0.16703714232342712,0.0,0.902443598792801,0.0,0.902443598792801,0.097556401207199,0.0,0.0,0.0,True,0,long_only,1.4315460290526574,1.1960572385207284
2021-08-25,1.7293946251313295,0.010035933015499099,0.16703714232342712,0.0,0.9034129400565574,0.0,0.9034129400565574,0.09658705994344263,0.0,0.0,0.0,True,0,long_only,1.436104744673007,1.2042259671839626
2021-08-26,1.7207919511205687,-0.004974384611671545,0.16703714232342712,0.0,0.9029300769249567,0.0,0.9029300769249567,0.09706992307504325,0.0,0.0,0.0,True,0,long_only,1.4345579301838984,1.1995276836955462
2021-08-27,1.7437273571670575,0.013328401513938548,0.16703714232342712,0.0,0.9042068465366033,0.0,0.9042068465366033,0.09579315346339667,0.0,0.0,0.0,True,0,long_only,1.4390879879877756,1.2116891890712311
2021-08-30,1.7462248785566048,0.001432288929391401,0.17561038632375822,0.0,0.8994342661817335,0.0,0.8994342661817335,0.1005657338182665,0.0018003976203251472,0.0,1.032193297729953,True,0,long_only,1.4458558320779322,1.2077448109380262
2021-08-31,1.7529682844522207,0.003861705315520325,0.17561038632375822,0.0,0.8998211274662998,0.0,0.8998211274662998,0.10017887253370017,0.0,0.0,0.0,True,0,long_only,1.4491847381913874,1.2096237548291886
2021-09-01,1.7540810497004313,0.0006347891505398273,0.17561038632375822,0.0,0.8998846795855017,0.0,0.8998846795855017,0.10011532041449833,0.0,0.0,0.0,True,0,long_only,1.4523462968086516,1.2077567544013463
2021-09-02,1.7886228130891788,0.019692227673656637,0.17561038632375822,0.0,0.9018180999153999,0.0,0.9018180999153999,0.09818190008460015,0.0,0.0,0.0,True,0,long_only,1.4732286462118258,1.2140836506867683
2021-09-03,1.8075014146953907,0.010554825460157291,0.17561038632375822,0.0,0.9028435690860287,0.0,0.9028435690860287,0.0971564309139713,0.0,0.0,0.0,True,0,long_only,1.4706575801339772,1.2290430070953207
2021-09-06,1.8159326819132526,0.004664597852767294,0.36539950694842477,0.0,0.7987813586991327,0.0,0.7987813586991327,0.2012186413008673,0.0009580418521163895,0.0,0.5269872153636107,True,0,long_only,1.479333822521081,1.2275340793726597
2021-09-07,1.8486333793951513,0.018007659539144072,0.36539950694842477,0.0,0.8023407393693288,0.0,0.8023407393693288,0.19765926063067119,0.0,0.0,0.0,True,0,long_only,1.498188896758978,1.2339120810428428
2021-09-08,1.8509107699169993,0.001231931948882714,0.36539950694842477,0.0,0.8025839425177637,0.0,0.8025839425177637,0.19741605748223634,0.0,0.0,0.0,True,0,long_only,1.5022947481190212,1.2320556749828686
2021-09-09,1.8621178071382711,0.00605487709262964,0.36539950694842477,0.0,0.8037720784648014,0.0,0.8037720784648014,0.19622792153519864,0.0,0.0,0.0,True,0,long_only,1.5023474643493224,1.2394721270054314
2021-09-10,1.8471920932230275,-0.008015450933355206,0.36539950694842477,0.0,0.8021865141752169,0.0,0.8021865141752169,0.1978134858247831,0.0,0.0,0.0,True,0,long_only,1.5016122675267316,1.2301391865061757
2021-09-13,1.847867027739142,0.0003653840434845179,0.3716793119724703,0.0,0.7988603582438405,0.0,0.7988603582438405,0.2011396417561595,0.0007628365396143467,0.0,0.4125906260604017,True,0,long_only,1.5044419615532394,1.2282740544084123
2021-09-14,1.8255928621052255,-0.012053987272649724,0.3716793119724703,0.0,0.7964062416721659,0.0,0.7964062416721659,0.2035937583278341,0.0,0.0,0.0,True,0,long_only,1.4895112391710603,1.2256321497253022
2021-09-15,1.8121964195980833,-0.007338132606244829,0.3716793119724703,0.0,0.794901199476543,0.0,0.794901199476543,0.20509880052345697,0.0,0.0,0.0,True,0,long_only,1.4884257801471386,1.217525552009008
2021-09-16,1.7943262414362795,-0.009861060295973334,0.3716793119724703,0.0,0.7928585652991637,0.0,0.7928585652991637,0.20714143470083635,0.0,0.0,0.0,True,0,long_only,1.4628385956396248,1.2266057559492487
2021-09-17,1.7897482127288116,-0.002551391492666033,0.3716793119724703,0.0,0.7923287145481909,0.0,0.7923287145481909,0.20767128545180913,0.0,0.0,0.0,True,0,long_only,1.4624196961988414,1.22382666028143
2021-09-22,1.8010691660090077,0.006325444662931279,0.1799138060913303,0.0,0.9001072199298145,0.0,0.9001072199298145,0.09989278007018554,0.0012720637346092165,0.0,0.7133856721338888,True,0,long_only,1.4686441031766306,1.2263482773759498
2021-09-23,1.821696932529548,0.01145306738344165,0.1799138060913303,0.0,0.9012383438327978,0.0,0.9012383438327978,0.09876165616720223,0.0,0.0,0.0,True,0,long_only,1.4760371122261322,1.2341809819280884
2021-09-24,1.8013095262064238,-0.01119143692843294,0.1799138060913303,0.0,0.9001205492593877,0.0,0.9001205492593877,0.09987945074061233,0.0,0.0,0.0,True,0,long_only,1.4653201502660225,1.2292941756648907
2021-09-27,1.7687157345185265,-0.018094498038069062,0.18252005360465307,0.0,0.8968064511201185,0.0,0.8968064511201185,0.10319354887988152,0.0007433293418932335,0.0,0.41253662861455176,True,0,long_only,1.4420864447112884,1.226497718638934
2021-09-28,1.7780126495082293,0.005256308183538394,0.18252005360465307,0.0,0.8973460320121258,0.0,0.8973460320121258,0.10265396798787418,0.0,0.0,0.0,True,0,long_only,1.4475852074719773,1.2282611347026
2021-09-29,1.7566524746962986,-0.012013511162498602,0.18252005360465307,0.0,0.896097801794172,0.0,0.896097801794172,0.10390219820582802,0.0,0.0,0.0,True,0,long_only,1.4249398716554382,1.2327905967396995
2021-09-30,1.7741033424377204,0.009934160565503225,0.18252005360465307,0.0,0.8971198299227259,0.0,0.8971198299227259,0.10288017007727412,0.0,0.0,0.0,True,0,long_only,1.4422750202196817,1.2300728484970196
2021-10-08,1.7890850558110778,0.008444667802029793,0.002482948628113734,0.0,0.9986121684824044,0.0,0.9986121684824044,0.0013878315175955835,0.000904458590036733,0.0,0.5062294655205238,True,0,long_only,1.44267446064928,1.240116952653265
2021-10-11,1.776544990863867,-0.007009205574927679,0.0028622662474614017,0.0,0.9983888580012434,0.0,0.9983888580012434,0.00161114199875656,0.0007401715493938104,0.0,0.4102351636942881,True,0,long_only,1.4404405661652373,1.2333344621037798
2021-10-12,1.7548799442133418,-0.012195045305320562,0.0028622662474614017,0.0,0.9983689674858388,0.0,0.9983689674858388,0.0016310325141611903,0.0,0.0,0.0,True,0,long_only,1.4198108301072652,1.2359956037810773
2021-10-13,1.7301367996375467,-0.014099622402879985,0.0028622662474614017,0.0,0.9983456416578961,0.0,0.9983456416578961,0.0016543583421039232,0.0,0.0,0.0,True,0,long_only,1.4190098264468483,1.2192563908945928
2021-10-14,1.7405812685823745,0.0060367879274145775,0.0028622662474614017,0.0,0.9983555687406699,0.0,0.9983555687406699,0.0016444312593301147,0.0,0.0,0.0,True,0,long_only,1.4242545606615216,1.2220998385105604
2021-10-15,1.743356531528957,0.0015944460604488953,0.0028622662474614017,0.0,0.9983581865236991,0.0,0.9983581865236991,0.0016418134763008796,0.0,0.0,0.0,True,0,long_only,1.4309629663175132,1.2183100279774308
2021-10-18,1.7640336241879404,0.011860507179704216,0.0030741295904283105,0.0,0.9982573293681727,0.0,0.9982573293681727,0.0017426706318273144,0.00041609937244342133,0.0,0.23800353427009985,True,0,long_only,1.4387108369709891,1.226121037568518
2021-10-19,1.7759149871479283,0.006735338146095282,0.0030741295904283105,0.0,0.9982689883171912,0.0,0.9982689883171912,0.0017310116828087585,0.0,0.0,0.0,True,0,long_only,1.4465478652757129,1.2276918239476562
2021-10-20,1.767327116155902,-0.004835744421425203,0.0030741295904283105,0.0,0.9982605769116955,0.0,0.9982605769116955,0.001739423088304548,0.0,0.0,0.0,True,0,long_only,1.4475668098614023,1.2208950247519943
2021-10-21,1.767320807838666,-3.569411219039864e-06,0.0030741295904283105,0.0,0.998260570702957,0.0,0.998260570702957,0.0017394292970429603,0.0,0.0,0.0,True,0,long_only,1.446740332586343,1.2215881233360102
2021-10-22,1.7481146294486416,-0.010867397874137263,0.0030741295904283105,0.0,0.9982414599485402,0.0,0.9982414599485402,0.0017585400514598115,0.0,0.0,0.0,True,0,long_only,1.4405173408093674,1.2135325135804669
2021-10-25,1.750882166883369,0.001583155582652207,0.17811928021346385,0.0,0.8982688363714834,0.0,0.8982688363714834,0.10173116362851664,0.00019972097739421118,0.0,0.11401432878227044,True,0,long_only,1.4480610687455024,1.2091217730203943
2021-10-26,1.7489151044459235,-0.0011234693428553433,0.17811928021346385,0.0,0.8981544159801318,0.0,0.8981544159801318,0.10184558401986821,0.0,0.0,0.0,True,0,long_only,1.4496545848614555,1.2064357418033265
2021-10-27,1.7367704643708906,-0.006944099255681402,0.17811928021346385,0.0,0.8974422447482236,0.0,0.8974422447482236,0.10255775525177635,0.0,0.0,0.0,True,0,long_only,1.4461841586666544,1.200933127335698
2021-10-28,1.722282585027729,-0.008341850371349713,0.3506049597944187,0.0,0.7964300615692669,0.0,0.7964300615692669,0.20356993843073312,0.00017265833791887375,0.0,0.09977532736637967,True,0,long_only,1.4348186809337777,1.2003485931106432
2021-10-29,1.7252967551176883,0.0017501019380690153,0.3506049597944187,0.0,0.7967857072967701,0.0,0.7967857072967701,0.20321429270322988,0.0,0.0,0.0,True,0,long_only,1.4439339893732572,1.1948584684723416
2021-11-01,1.7359123816551105,0.006152927898307015,0.175248351233712,0.0,0.8990453936006719,0.0,0.8990453936006719,0.10095460639932807,0.00020650124472529888,0.0,0.11959632252118875,True,0,long_only,1.4549679563155813,1.1930932046441527
2021-11-02,1.7242359793500626,-0.006726377683829332,0.175248351233712,0.0,0.8983617362515713,0.0,0.8983617362515713,0.10163826374842866,0.0,0.0,0.0,True,0,long_only,1.4485857544470917,1.190289200385091
2021-11-03,1.7299567264862479,0.00331784465972107,0.175248351233712,0.0,0.898697841078567,0.0,0.898697841078567,0.10130215892143302,0.0,0.0,0.0,True,0,long_only,1.4522688145641147,1.1912097189840702
2021-11-04,1.7404844520022948,0.006085542692984003,0.175248351233712,0.0,0.8993105907771242,0.0,0.8993105907771242,0.10068940922287584,0.0,0.0,0.0,True,0,long_only,1.4637676749736594,1.189044191752366
2021-11-05,1.7277704618607206,-0.007304857062611414,0.175248351233712,0.0,0.898569656616899,0.0,0.898569656616899,0.10143034338310097,0.0,0.0,0.0,True,0,long_only,1.4532884667502108,1.188869588791478
2021-11-08,1.7858135007454454,0.0335941840458458,0.17699449556329835,0.0,0.9008885891559135,0.0,0.9008885891559135,0.09911141084408648,0.0003947042516065621,0.0,0.22630760342219114,True,0,long_only,1.4596653616156499,1.2234403498955364
2021-11-09,1.7720373161871252,-0.007714234746556525,0.17699449556329835,0.0,0.9001180765514941,0.0,0.9001180765514941,0.09988192344850588,0.0,0.0,0.0,True,0,long_only,1.468011508413015,1.20710042532485
2021-11-10,1.7720473168450133,5.643593279147652e-06,0.17699449556329835,0.0,0.9001186402412648,0.0,0.9001186402412648,0.09988135975873524,0.0,0.0,0.0,True,0,long_only,1.4683384198009237,1.206838486924061
2021-11-11,1.7849522661987902,0.007282508334344628,0.17699449556329835,0.0,0.9008407681734687,0.0,0.9008407681734687,0.0991592318265313,0.0,0.0,0.0,True,0,long_only,1.4827288892725656,1.2038291552237153
2021-11-12,1.7913238220432415,0.0035695945292812947,0.17699449556329835,0.0,0.901193467431582,0.0,0.901193467431582,0.09880653256841798,0.0,0.0,0.0,True,0,long_only,1.4920596620358937,1.2005711752833035
2021-11-15,1.7982398207232309,0.0038608310763716958,0.36038317921249563,0.0,0.7995911473767977,0.0,0.7995911473767977,0.2004088526232023,0.0009130724125028215,0.0,0.5092826120987818,True,0,long_only,1.4892395206148765,1.2074886516446828
2021-11-16,1.7776250689368998,-0.011463850120970065,0.36038317921249563,0.0,0.7972670471912161,0.0,0.7972670471912161,0.2027329528087839,0.0,0.0,0.0,True,0,long_only,1.480174451804275,1.2009564594025008
2021-11-17,1.7835290996289028,0.0033213025599001522,0.36038317921249563,0.0,0.7979381557119083,0.0,0.7979381557119083,0.2020618442880917,0.0,0.0,0.0,True,0,long_only,1.4861494296386921,1.2001007866769553
2021-11-18,1.788888016186642,0.0030046700997781173,0.36038317921249563,0.0,0.7985434661356156,0.0,0.7985434661356156,0.20145653386438445,0.0,0.0,0.0,True,0,long_only,1.4866447499234023,1.203305642641803
2021-11-19,1.8016027307202673,0.007107607865096677,0.36038317921249563,0.0,0.7999652348060012,0.0,0.7999652348060012,0.20003476519399876,0.0,0.0,0.0,True,0,long_only,1.4994102150609916,1.2015409209727062
2021-11-22,1.8089166059490953,0.0040596492801183715,0.18240621295330797,0.0,0.8991627295844279,0.0,0.8991627295844279,0.10083727041557211,0.0005568906111180437,0.0,0.3092986645635328,True,0,long_only,1.512271913853896,1.196158302867125
2021-11-23,1.8308959066320942,0.012150532871838537,0.18240621295330797,0.0,0.9003732477130055,0.0,0.9003732477130055,0.09962675228699447,0.0,0.0,0.0,True,0,long_only,1.510709532155839,1.2119443663133158
2021-11-24,1.8634085366684265,0.017757770891595248,0.18240621295330797,0.0,0.9021115287582451,0.0,0.9021115287582451,0.09788847124175493,0.0,0.0,0.0,True,0,long_only,1.5102573754959394,1.2338350846037214
2021-11-25,1.8609058788400012,-0.0013430537529358633,0.18240621295330797,0.0,0.9019798824715353,0.0,0.9019798824715353,0.09802011752846473,0.0,0.0,0.0,True,0,long_only,1.5087077306052037,1.2334435895635774
2021-11-26,1.8611148285254566,0.00011228385477801694,0.18240621295330797,0.0,0.9019908873125112,0.0,0.9019908873125112,0.0980091126874888,0.0,0.0,0.0,True,0,long_only,1.5096958945732002,1.2327746503222787
2021-11-29,1.84846292403137,-0.006798024657140966,0.18725793800365237,0.0,0.8986953237908305,0.0,0.8986953237908305,0.1013046762091695,0.0011586243661439453,0.0,0.6254402604190823,True,0,long_only,1.5159096875448885,1.2193753620145225
2021-11-30,1.842935437910186,-0.00299031484447021,0.18725793800365237,0.0,0.8983914823321237,0.0,0.8983914823321237,0.10160851766787626,0.0,0.0,0.0,True,0,long_only,1.5178916762841357,1.214141606219076
2021-12-01,1.8681986072342698,0.01370811413379247,0.18725793800365237,0.0,0.8997655081860522,0.0,0.8997655081860522,0.10023449181394783,0.0,0.0,0.0,True,0,long_only,1.5256689123544909,1.2245111584211081
2021-12-02,1.8698745458893689,0.0008970880550971394,0.18725793800365237,0.0,0.8998553467582571,0.0,0.8998553467582571,0.10014465324174293,0.0,0.0,0.0,True,0,long_only,1.5273200979035924,1.2242846463265746
2021-12-03,1.891188078557638,0.011398375744043232,0.18725793800365237,0.0,0.9009839686878371,0.0,0.9009839686878371,0.09901603131216286,0.0,0.0,0.0,True,0,long_only,1.5353665759287078,1.2317501945186622
2021-12-06,1.876943186864051,-0.007532244865064541,0.19155551344289287,0.0,0.8979428281135462,0.0,0.8979428281135462,0.1020571718864538,0.0007829021713140131,0.0,0.41400117686399474,True,0,long_only,1.5210627875068903,1.2339682505417604
2021-12-07,1.8497473076320736,-0.014489452543001935,0.19155551344289287,0.0,0.8964423342299064,0.0,0.8964423342299064,0.10355766577009362,0.0,0.0,0.0,True,0,long_only,1.4998874915353302,1.233257373017103
2021-12-08,1.8543076129094667,0.0024653666252558715,0.19155551344289287,0.0,0.896697013963969,0.0,0.896697013963969,0.10330298603603105,0.0,0.0,0.0,True,0,long_only,1.5113909513475188,1.2268881266334246
2021-12-09,1.8655343020262674,0.006054383338903291,0.19155551344289287,0.0,0.8973186860006632,0.0,0.8973186860006632,0.10268131399933678,0.0,0.0,0.0,True,0,long_only,1.521723686286775,1.2259349833598503
2021-12-10,1.8676600238396015,0.0011394707730782994,0.19155551344289287,0.0,0.8974355551878836,0.0,0.8974355551878836,0.10256444481211635,0.0,0.0,0.0,True,0,long_only,1.5253522611724797,1.224412269467515
2021-12-13,1.8731584140660706,0.0029439995268332186,0.0029681292991243827,0.0,0.9984154413866783,0.0,0.9984154413866783,0.0015845586133217404,0.0005782428221577519,0.0,0.3090989385999261,True,0,long_only,1.5316070949677583,1.2230019175417193
2021-12-14,1.85770472613346,-0.008250069944199412,0.0029681292991243827,0.0,0.9984022599192595,0.0,0.9984022599192595,0.0015977400807405395,0.0,0.0,0.0,True,0,long_only,1.5249192097235618,1.218231572064874
2021-12-15,1.8593375065322193,0.0008789235317054889,0.0029681292991243827,0.0,0.9984036629774332,0.0,0.9984036629774332,0.001596337022566785,0.0,0.0,0.0,True,0,long_only,1.5260697679849027,1.218383029097929
2021-12-16,1.8966722280962645,0.02007958287985967,0.0029681292991243827,0.0,0.9984350858017763,0.0,0.9984350858017763,0.001564914198223688,0.0,0.0,0.0,True,0,long_only,1.5312239293475147,1.2386641769009412
2021-12-17,1.900442262460136,0.0019877100049363605,0.0029681292991243827,0.0,0.9984381902266884,0.0,0.9984381902266884,0.001561809773311551,0.0,0.0,0.0,True,0,long_only,1.5281083647566882,1.2436567368458404
2021-12-20,1.8784882315723084,-0.011552064128172002,0.0037409560569467127,0.0,0.9980085283505793,0.0,0.9980085283505793,0.0019914716494207063,4.19530091231664e-05,0.0,0.02214077672774243,True,0,long_only,1.5159970761951194,1.2391107219592907
2021-12-21,1.909982405841066,0.016765702195747467,0.0037409560569467127,0.0,0.9980413662212247,0.0,0.9980413662212247,0.001958633778775254,0.0,0.0,0.0,True,0,long_only,1.5268679412436927,1.2509152587782488
2021-12-22,1.9054075669744273,-0.002395225658963218,0.0037409560569467127,0.0,0.9980366635874723,0.0,0.9980366635874723,0.001963336412527661,0.0,0.0,0.0,True,0,long_only,1.5340001995433148,1.2421168964265348
2021-12-23,1.9110242924589507,0.0029477816619791763,0.0037409560569467127,0.0,0.9980424340644393,0.0,0.9980424340644393,0.0019575659355607344,0.0,0.0,0.0,True,0,long_only,1.5434364047672455,1.238161991356643
2021-12-24,1.8932437506793,-0.009304194535785903,0.0037409560569467127,0.0,0.9980240494359988,0.0,0.9980240494359988,0.0019759505640012387,0.0,0.0,0.0,True,0,long_only,1.538823557715781,1.2303189284999108
2021-12-27,1.8904221928763434,-0.0014903299176053375,0.003379592186142362,0.0,0.9982122553369942,0.0,0.9982122553369942,0.001787744663005797,0.00039764836528492336,0.0,0.21013142012885788,True,0,long_only,1.5319407285595308,1.2340047872830493
2021-12-28,1.886787133028062,-0.001922882550775995,0.003379592186142362,0.0,0.998208811091096,0.0,0.998208811091096,0.0017911889089039512,0.0,0.0,0.0,True,0,long_only,1.5331432954507662,1.2306658735857559
2021-12-29,1.8880706457343832,0.0006802636523504102,0.003379592186142362,0.0,0.9982100287434806,0.0,0.9982100287434806,0.0017899712565193626,0.0,0.0,0.0,True,0,long_only,1.5282856186585736,1.235417400179166
2021-12-30,1.8931160362982178,0.002672246706040049,0.003379592186142362,0.0,0.9982147992403303,0.0,0.9982147992403303,0.0017852007596697028,0.0,0.0,0.0,True,0,long_only,1.5346536685189287,1.2335786732424363
2021-12-31,1.8978026376250916,0.0024756017259450758,0.003379592186142362,0.0,0.998219207772642,0.0,0.998219207772642,0.0017807922273580523,0.0,0.0,0.0,True,0,long_only,1.5438698100163668,1.2292504363466843
2022-01-04,1.9185000154281935,0.01090596956330625,0.003412117778951401,0.0,0.9982214658579558,0.0,0.9982214658579558,0.001778534142044208,0.00040281269155173125,0.0,0.21077944456166003,True,0,long_only,1.5485325428965058,1.238914883790346
2022-01-05,1.9182743964518745,-0.00011760175892860936,0.003412117778951401,0.0,0.998221256674612,0.0,0.998221256674612,0.0017787433253879659,0.0,0.0,0.0,True,0,long_only,1.5377342068896223,1.2474681176092008
2022-01-06,1.9253775644800404,0.0037028946647592598,0.003412117778951401,0.0,0.9982278188746462,0.0,0.9982278188746462,0.0017721811253538222,0.0,0.0,0.0,True,0,long_only,1.5413542905704463,1.2491466603485881
2022-01-07,1.9337487554384154,0.004347817858070702,0.003412117778951401,0.0,0.9982354906399525,0.0,0.9982354906399525,0.0017645093600474615,0.0,0.0,0.0,True,0,long_only,1.5379387034071668,1.257363997117939
2022-01-10,1.937374601871075,0.0018750349146765544,0.003449031852199987,0.0,0.9982197393065497,0.0,0.9982197393065497,0.0017802606934502752,0.00040890735984343724,0.0,0.21158355544645271,True,0,long_only,1.5431728236157392,1.2554488857130721
2022-01-11,1.9358760404080275,-0.0007735011399447878,0.003449031852199987,0.0,0.9982183612069123,0.0,0.9982183612069123,0.001781638793087681,0.0,0.0,0.0,True,0,long_only,1.5341502108295413,1.2618556036708206
2022-01-12,1.9383192287709925,0.0012620582681781567,0.003449031852199987,0.0,0.9982206069046806,0.0,0.9982206069046806,0.0017793930953193815,0.0,0.0,0.0,True,0,long_only,1.5440838591394024,1.255319921452529
2022-01-13,1.9361959479791309,-0.001095423684780772,0.003449031852199987,0.0,0.9982186555778098,0.0,0.9982186555778098,0.0017813444221902452,0.0,0.0,0.0,True,0,long_only,1.5321639764878536,1.2637002159634578
2022-01-14,1.9104956179420913,-0.013273620401831554,0.003449031852199987,0.0,0.9981946926128441,0.0,0.9981946926128441,0.0018053073871558967,0.0,0.0,0.0,True,0,long_only,1.5188094340116627,1.2578902758694748
2022-01-17,1.9182624353960682,0.004065341674189815,0.003416843569778401,0.0,0.9982187820046255,0.0,0.9982187820046255,0.0017812179953744511,0.0003934566230020672,0.0,0.2061299217174903,True,0,long_only,1.529745398297655,1.2539749670309623
2022-01-18,1.9184983718617266,0.00012299488396627645,0.003416843569778401,0.0,0.9982190010583837,0.0,0.9982190010583837,0.0017809989416163186,0.0,0.0,0.0,True,0,long_only,1.5347421185697698,1.2500460817805537
2022-01-19,1.943002416845273,0.01277251278549052,0.003416843569778401,0.0,0.9982414620073782,0.0,0.9982414620073782,0.0017585379926218225,0.0,0.0,0.0,True,0,long_only,1.536155196582007,1.2648477322919673
2022-01-20,1.939805724302756,-0.0016452334360486098,0.18846961387880878,0.0,0.9028409847864779,0.0,0.9028409847864779,0.0971590152135221,0.0001852380083173477,0.0,0.09434039502327858,True,0,long_only,1.5384382692943173,1.2608927917481838
2022-01-21,1.9258524604172365,-0.00719312439936981,0.18846961387880878,0.0,0.9021370443725597,0.0,0.9021370443725597,0.0978629556274403,0.0,0.0,0.0,True,0,long_only,1.5315257209209843,1.2574731420502188
2022-01-24,1.9186856175483233,-0.003721387290156475,0.0030476370443305078,0.0,0.9984116016629004,0.0,0.9984116016629004,0.0015883983370995614,0.000603845094851326,0.0,0.3142078190180117,True,0,long_only,1.5346427007126244,1.250249075343313
2022-01-25,1.8874198424589248,-0.016295413278465953,0.0030476370443305078,0.0,0.9983852892844657,0.0,0.9983852892844657,0.0016147107155343177,0.0,0.0,0.0,True,0,long_only,1.5148376729286945,1.2459551780290112
2022-01-26,1.8985621561892345,0.005903463278097876,0.0030476370443305078,0.0,0.9983947657260547,0.0,0.9983947657260547,0.0016052342739453218,0.0,0.0,0.0,True,0,long_only,1.5216617712511862,1.2476899873932839
2022-01-27,1.8743904688897144,-0.012731575429712039,0.0030476370443305078,0.0,0.9983740650121126,0.0,0.9983740650121126,0.001625934987887434,0.0,0.0,0.0,True,0,long_only,1.5080482470261325,1.2429247357211601
2022-01-28,1.8864173977966003,0.006416447963486505,0.0030476370443305078,0.0,0.9983844312250881,0.0,0.9983844312250881,0.0016155687749118686,0.0,0.0,0.0,True,0,long_only,1.5074344036732952,1.2514092773787069
2022-02-07,1.917290127147304,0.01636579973592478,0.002406551557714789,0.0,0.998744816173807,0.0,0.998744816173807,0.0012551838261930515,0.001375907140347946,0.0,0.7262086450614688,True,0,long_only,1.5224670205140436,1.2593311390744957
2022-02-08,1.9282032693568325,0.005691961824142888,0.002406551557714789,0.0,0.9987519201964026,0.0,0.9987519201964026,0.0012480798035974239,0.0,0.0,0.0,True,0,long_only,1.5259965313428063,1.2635698900705252
2022-02-09,1.9391762770251126,0.005690794037466862,0.002406551557714789,0.0,0.9987589825709879,0.0,0.9987589825709879,0.001241017429012059,0.0,0.0,0.0,True,0,long_only,1.5404513924514605,1.2588363946616485
2022-02-10,1.9430147054310962,0.00197941180049499,0.002406551557714789,0.0,0.9987614342027428,0.0,0.9987614342027428,0.0012385657972572295,0.0,0.0,0.0,True,0,long_only,1.5448533745817197,1.2577340590379211
2022-02-11,1.9382705990875393,-0.0024416214299851635,0.002406551557714789,0.0,0.9987584026921484,0.0,0.9987584026921484,0.0012415973078515607,0.0,0.0,0.0,True,0,long_only,1.5348142938112561,1.2628697862035276
2022-02-14,1.8868292439748768,-0.02653982118744358,0.0027798458984903992,0.0,0.9985267104019258,0.0,0.9985267104019258,0.0014732895980742455,0.0010850724457503163,0.0,0.560588603424341,True,0,long_only,1.4885481950175024,1.2675634220581562
2022-02-15,1.8503018875098123,-0.019359121437038107,0.0027798458984903992,0.0,0.998497625756502,0.0,0.998497625756502,0.0015023742434979726,0.0,0.0,0.0,True,0,long_only,1.4658642949787968,1.2622600153696877
2022-02-16,1.86835756489674,0.00975823324226699,0.0027798458984903992,0.0,0.9985121445965596,0.0,0.9985121445965596,0.00148785540344043,0.0,0.0,0.0,True,0,long_only,1.473924925012047,1.2676070084651492
2022-02-17,1.8802767674576815,0.006379508283041124,0.0027798458984903992,0.0,0.9985215762133524,0.0,0.9985215762133524,0.0014784237866476424,0.0,0.0,0.0,True,0,long_only,1.4769608845571165,1.2730714720461294
2022-02-18,1.891262120273302,0.0058424126733607196,0.0027798458984903992,0.0,0.9985301636041393,0.0,0.9985301636041393,0.0014698363958607352,0.0,0.0,0.0,True,0,long_only,1.4885786218349917,1.2705154383729607
2022-02-21,1.9100089255308768,0.009912325243877751,0.0025156243937355612,0.0,0.998682925320343,0.0,0.998682925320343,0.0013170746796570265,0.0012588067821452291,0.0,0.6658617430867533,True,0,long_only,1.494434015200672,1.278081806291328
2022-02-22,1.8946597170426682,-0.008036197257006106,0.0025156243937355612,0.0,0.9986722553020433,0.0,0.9986722553020433,0.001327744697956712,0.0,0.0,0.0,True,0,long_only,1.4859750061384336,1.275027984465414
2022-02-23,1.9157374200526647,0.011124796088923139,0.0025156243937355612,0.0,0.998686863675886,0.0,0.998686863675886,0.001313136324114006,0.0,0.0,0.0,True,0,long_only,1.4978255439501227,1.2790123841795413
2022-02-24,1.897328847832837,-0.009609131203023424,0.0025156243937355612,0.0,0.9986741231512877,0.0,0.9986741231512877,0.0013258768487123263,0.0,0.0,0.0,True,0,long_only,1.4893233712630738,1.2739535848576253
2022-02-25,1.9107370091936435,0.0070668621183520575,0.0025156243937355612,0.0,0.9986834271898061,0.0,0.9986834271898061,0.0013165728101939278,0.0,0.0,0.0,True,0,long_only,1.49460100889666,1.2784261470585934
2022-02-28,1.9110493594411821,0.00016347108264280763,0.002245152381175576,0.0,0.998825173002422,0.0,0.998825173002422,0.0011748269975779824,0.001582552027182153,0.0,0.8255254684723419,True,0,long_only,1.4967807719495878,1.2767730553833885
2022-03-01,1.9227616891092678,0.006128742625209238,0.002245152381175576,0.0,0.9988323293552746,0.0,0.9988323293552746,0.0011676706447254492,0.0,0.0,0.0,True,0,long_only,1.5012789877351622,1.2807490844922547
2022-03-02,1.9270683661812167,0.0022398392355860164,0.002245152381175576,0.0,0.9988349389048273,0.0,0.9988349389048273,0.0011650610951726703,0.0,0.0,0.0,True,0,long_only,1.4970263092907226,1.2872641945045336
2022-03-03,1.9238329993365602,-0.0016789061049596876,0.002245152381175576,0.0,0.9988329795871316,0.0,0.9988329795871316,0.0011670204128684247,0.0,0.0,0.0,True,0,long_only,1.488737124326099,1.292258363078985
2022-03-04,1.9020575239356021,-0.011318797114129753,0.002245152381175576,0.0,0.9988196190951522,0.0,0.9988196190951522,0.0011803809048478442,0.0,0.0,0.0,True,0,long_only,1.4720136963134727,1.2921466211212138
2022-03-07,1.8695289268640667,-0.017101794589382102,0.002229968795765715,0.0,0.9988072028393237,0.0,0.9988072028393237,0.0011927971606763288,0.0015944140846174421,0.0,0.832493873624669,True,0,long_only,1.4418041121490037,1.2966594498593438
2022-03-08,1.8142338159927511,-0.029577028778082104,0.002229968795765715,0.0,0.9987708481805884,0.0,0.9987708481805884,0.0012291518194116335,0.0,0.0,0.0,True,0,long_only,1.4143226813526772,1.2827580579119282
2022-03-09,1.7905413606511578,-0.013059207216148616,0.002229968795765715,0.0,0.9987545840354368,0.0,0.9987545840354368,0.001245415964563179,0.0,0.0,0.0,True,0,long_only,1.4044590854830825,1.2748974884058493
2022-03-10,1.8243496845104026,0.018881621280700145,0.002229968795765715,0.0,0.9987776637260394,0.0,0.9987776637260394,0.0012223362739606225,0.0,0.0,0.0,True,0,long_only,1.4236944949395955,1.281419357168903
2022-03-11,1.8124090081108921,-0.006545168670728296,0.002229968795765715,0.0,0.9987696106200167,0.0,0.9987696106200167,0.001230389379983321,0.0,0.0,0.0,True,0,long_only,1.4251542745786772,1.271728289659518
2022-03-14,1.7995505424612177,-0.007094682045901468,0.0023136230874047834,0.0,0.9987143328109915,0.0,0.9987143328109915,0.0012856671890084659,0.0012867165304913488,0.0,0.7136194670716022,True,0,long_only,1.41613803019614,1.270745156255689
2022-03-15,1.7599859006723342,-0.02198584638515988,0.0023136230874047834,0.0,0.998685430896622,0.0,0.998685430896622,0.001314569103378016,0.0,0.0,0.0,True,0,long_only,1.392922014651574,1.263520772993582
2022-03-16,1.7778684086261112,0.010160597279186057,0.0023136230874047834,0.0,0.9986986533557944,0.0,0.9986986533557944,0.0013013466442055588,0.0,0.0,0.0,True,0,long_only,1.4176862598860622,1.254063369965225
2022-03-17,1.8081730274831627,0.017045479131084784,0.0023136230874047834,0.0,0.9987204636656786,0.0,0.9987204636656786,0.0012795363343214294,0.0,0.0,0.0,True,0,long_only,1.4279344365767142,1.2662857489577888
2022-03-18,1.8362021488454099,0.015501349116606278,0.0023136230874047834,0.0,0.9987399954363089,0.0,0.9987399954363089,0.0012600045636911306,0.0,0.0,0.0,True,0,long_only,1.4384090453975193,1.2765507521804802
2022-03-21,1.8413154182774567,0.0027846985340158614,0.003130443751247338,0.0,0.9982998872870049,0.0,0.9982998872870049,0.0017001127129950833,0.0005483451451709823,0.0,0.29762696848285214,True,0,long_only,1.4394697384072057,1.2791622978576118
2022-03-22,1.8407878714279358,-0.0002865054212245477,0.003130443751247338,0.0,0.9982994000559016,0.0,0.9982994000559016,0.0017005999440984354,0.0,0.0,0.0,True,0,long_only,1.437375595003492,1.280658916031939
2022-03-23,1.8363095177736528,-0.0024328461327860484,0.003130443751247338,0.0,0.9982952526679474,0.0,0.9982952526679474,0.001704747332052614,0.0,0.0,0.0,True,0,long_only,1.432200913229085,1.2821591585453274
2022-03-24,1.816490542198581,-0.010792829522062508,0.003130443751247338,0.0,0.9982766528762332,0.0,0.9982766528762332,0.0017233471237667608,0.0,0.0,0.0,True,0,long_only,1.4179735456511942,1.2810468487015185
2022-03-25,1.7927808962499547,-0.013052446681021235,0.003130443751247338,0.0,0.998253861496519,0.0,0.998253861496519,0.0017461385034810428,0.0,0.0,0.0,True,0,long_only,1.4060207595807326,1.2750742718653398
2022-03-28,1.7805553299365433,-0.006819330984050742,0.002007908476606957,0.0,0.998872313349185,0.0,0.998872313349185,0.001127686650814974,0.0015621462038458774,0.0,0.8734990938535369,True,0,long_only,1.3999552088942542,1.2718659272984196
2022-03-29,1.7772695670433445,-0.0018453584889810415,0.002007908476606957,0.0,0.998870228515786,0.0,0.998870228515786,0.0011297714842140039,0.0,0.0,0.0,True,0,long_only,1.39831003794861,1.2710125214081185
2022-03-30,1.7988803328972833,0.012159531820426395,0.002007908476606957,0.0,0.9988838009733683,0.0,0.9988838009733683,0.0011161990266317368,0.0,0.0,0.0,True,0,long_only,1.4158861244513443,1.270497889506721
2022-03-31,1.7865869836906174,-0.00683388938210594,0.002007908476606957,0.0,0.9988761205052221,0.0,0.9988761205052221,0.0011238794947778796,0.0,0.0,0.0,True,0,long_only,1.4148356916475555,1.2627522716861652
2022-04-01,1.8036512124812798,0.009551300298523469,0.002007908476606957,0.0,0.9988867534572582,0.0,0.9988867534572582,0.0011132465427418081,0.0,0.0,0.0,True,0,long_only,1.429513093084126,1.2617241641277754
2022-04-06,1.8115315317092457,0.004369092634670224,0.002676833818293306,0.0,0.9985223366132812,0.0,0.9985223366132812,0.0014776633867188416,0.0009261710507170196,0.0,0.5133109793763776,True,0,long_only,1.4328628734095796,1.2642741781693334
2022-04-07,1.791803743672808,-0.010890115734184191,0.002676833818293306,0.0,0.9985060675156273,0.0,0.9985060675156273,0.0014939324843726842,0.0,0.0,0.0,True,0,long_only,1.4217110909995352,1.2603149507774318
2022-04-08,1.7918709532106347,3.7509430407256517e-05,0.002676833818293306,0.0,0.9985061235500821,0.0,0.9985061235500821,0.0014938764499179413,0.0,0.0,0.0,True,0,long_only,1.422331302756033,1.259812639810816
2022-04-11,1.7666936905999597,-0.014050823562691717,0.006310778481330097,0.0,0.9964279158776036,0.0,0.9964279158776036,0.0035720841223964017,0.0009196548976463319,0.0,0.513183647158929,True,0,long_only,1.4084630423845568,1.2543415321774516
2022-04-12,1.7798017503598302,0.007419542974322235,0.006310778481330097,0.0,0.9964542239156389,0.0,0.9964542239156389,0.0035457760843611297,0.0,0.0,0.0,True,0,long_only,1.412450370676473,1.2600809113791513
2022-04-13,1.7600487301893406,-0.011098438444897551,0.006310778481330097,0.0,0.996414429684199,0.0,0.996414429684199,0.003585570315800979,0.0,0.0,0.0,True,0,long_only,1.4071967914567158,1.2507481120443402
2022-04-14,1.7668081638498896,0.00384048097339984,0.10958913543406126,0.0,0.9379733817873778,0.0,0.9379733817873778,0.06202661821262223,0.00010338173869142258,0.0,0.05874687952028249,True,0,long_only,1.4129057115382029,1.2504784639354314
2022-04-15,1.763828071606019,-0.0016867095731416537,0.10958913543406126,0.0,0.9378685841334428,0.0,0.9378685841334428,0.06213141586655724,0.0,0.0,0.0,True,0,long_only,1.4115457035564705,1.2495720593119677
2022-04-18,1.7784076946084195,0.008265898041369235,0.0022799550462140614,0.0,0.9987179795425277,0.0,0.9987179795425277,0.0012820204574722771,0.0010241273268789626,0.0,0.5810648436090388,True,0,long_only,1.413718390605331,1.257964603436286
2022-04-19,1.7860219344800725,0.0042814928740677605,0.0022799550462140614,0.0,0.9987234451032216,0.0,0.9987234451032216,0.001276554896778359,0.0,0.0,0.0,True,0,long_only,1.4165109356104857,1.260859969083356
2022-04-20,1.777894797723412,-0.004550412623586464,0.11088431290766369,0.0,0.9376316793042814,0.0,0.9376316793042814,0.062368320695718626,0.00010871307093238203,0.0,0.060700664469017465,True,0,long_only,1.4072753351018628,1.2633595952242869
2022-04-21,1.7505012634121668,-0.015407848848155936,0.11088431290766369,0.0,0.9366556795900152,0.0,0.9366556795900152,0.06334432040998483,0.0,0.0,0.0,True,0,long_only,1.393842602780728,1.255881589441951
2022-04-22,1.744221947557285,-0.0035871529979027983,0.11088431290766369,0.0,0.9364276357931668,0.0,0.9364276357931668,0.06357236420683321,0.0,0.0,0.0,True,0,long_only,1.3945321593770852,1.2507577798251714
2022-04-25,1.6847838593864364,-0.03407713579919658,0.0021817045749319658,0.0,0.9987050537297251,0.0,0.9987050537297251,0.0012949462702749326,0.0012086833449136106,0.0,0.6897573180276719,True,0,long_only,1.3665950339188255,1.2328332955778258
2022-04-26,1.670336535449273,-0.008575179455022175,0.0021817045749319658,0.0,0.9986938532872688,0.0,0.9986938532872688,0.0013061467127312154,0.0,0.0,0.0,True,0,long_only,1.3600164729374686,1.2281737528087076
2022-04-27,1.7069321485667615,0.02190912570061543,0.0021817045749319658,0.0,0.9987218562982929,0.0,0.9987218562982929,0.0012781437017070907,0.0,0.0,0.0,True,0,long_only,1.3770954701544762,1.2395162031687503
2022-04-28,1.7076864209197755,0.0004418877186462833,0.0021817045749319658,0.0,0.9987224208448312,0.0,0.9987224208448312,0.0012775791551687954,0.0,0.0,0.0,True,0,long_only,1.3785743550045393,1.2387336342943596
2022-04-29,1.7457573873616508,0.022293886029362442,0.0021817045749319658,0.0,0.998750281917335,0.0,0.998750281917335,0.0012497180826650522,0.0,0.0,0.0,True,0,long_only,1.3950391550685064,1.2514038627653585
2022-05-05,1.7605376245131934,0.008466375258408654,0.0023335363818889165,0.0,0.9986745319444484,0.0,0.9986745319444484,0.0013254680555515597,0.0011580427463952737,0.0,0.6622586018818026,True,0,long_only,1.4006553794967123,1.2569384662955387
2022-05-06,1.7460639722987377,-0.008221154727356628,0.25084567788089174,0.0,0.8563364906094207,0.0,0.8563364906094207,0.14366350939057926,0.00024876090240140425,0.0,0.1422640710701005,True,0,long_only,1.3910019409479157,1.2552563162556485
2022-05-09,1.7495605416647162,0.0020025436762063364,0.0019969328461080294,0.0,0.9988586088914603,0.0,0.9988586088914603,0.0011413911085397244,0.0012412294466660422,0.0,0.7108487772128104,True,0,long_only,1.390717839384614,1.2580269642898148
2022-05-10,1.7599284509556867,0.0059260077282639045,0.0019969328461080294,0.0,0.9988653329372432,0.0,0.9988653329372432,0.0011346670627567779,0.0,0.0,0.0,True,0,long_only,1.3973452247940352,1.2594800624270177
2022-05-11,1.7851907401637128,0.014354156951271513,0.0019969328461080294,0.0,0.9988813896458343,0.0,0.9988813896458343,0.0011186103541657166,0.0,0.0,0.0,True,0,long_only,1.406786383220813,1.268984944307287
2022-05-12,1.7897855460976881,0.0025738459373556566,0.0019969328461080294,0.0,0.9988842613851352,0.0,0.9988842613851352,0.001115738614864803,0.0,0.0,0.0,True,0,long_only,1.4063858813906047,1.2726134198161787
2022-05-13,1.797917616152759,0.004543600250209501,0.0019969328461080294,0.0,0.9988893079259209,0.0,0.9988893079259209,0.0011106920740791004,0.0,0.0,0.0,True,0,long_only,1.4129796557807062,1.2724299382494402
2022-05-16,1.7971945076012847,-0.00040219226119031504,0.0026740736384509075,0.0,0.9985120844587825,0.0,0.9985120844587825,0.0014879155412175216,0.0009335742839900515,0.0,0.5167500932529762,True,0,long_only,1.413895290707013,1.2710944858601265
2022-05-17,1.803009372974014,0.0032355236721095526,0.0026740736384509075,0.0,0.9985168831185608,0.0,0.9985168831185608,0.001483116881439206,0.0,0.0,0.0,True,0,long_only,1.419911663165224,1.2698039038251157
2022-05-18,1.7973142932613435,-0.00315865230543777,0.0026740736384509075,0.0,0.9985121836239345,0.0,0.9985121836239345,0.0014878163760655427,0.0,0.0,0.0,True,0,long_only,1.41941068207726,1.2662397965267065
2022-05-19,1.8084764929994783,0.00621048849385164,0.0026740736384509075,0.0,0.9985213666592836,0.0,0.9985213666592836,0.0014786333407164065,0.0,0.0,0.0,True,0,long_only,1.4203125187956358,1.273294763699604
2022-05-20,1.821452380779648,0.007175038122087196,0.0026740736384509075,0.0,0.9985319003303802,0.0,0.9985319003303802,0.0014680996696198045,0.0,0.0,0.0,True,0,long_only,1.4269027551837037,1.2765077186673095
2022-05-23,1.8360221931043674,0.007999008087426818,0.0029522976953562465,0.0,0.9983920141562317,0.0,0.9983920141562317,0.0016079858437683114,0.0006890142565759062,0.0,0.37778763717893343,True,0,long_only,1.4300621909997473,1.2838757675432395
2022-05-24,1.7941561147363163,-0.022802599296070314,0.16750238964412006,0.0,0.9066400140610186,0.0,0.9066400140610186,0.09335998593898143,0.00016471480675551935,0.0,0.0896872265408161,True,0,long_only,1.412577384949481,1.2701294342189133
2022-05-25,1.812912785151345,0.010454313457435749,0.16750238964412006,0.0,0.9076059306238845,0.0,0.9076059306238845,0.0923940693761155,0.0,0.0,0.0,True,0,long_only,1.4192574865892031,1.277367075588366
2022-05-26,1.813375258212104,0.00025509945351331886,0.16750238964412006,0.0,0.907629494289412,0.0,0.907629494289412,0.09237050571058802,0.0,0.0,0.0,True,0,long_only,1.4230438563656085,1.2742933045249814
2022-05-27,1.8187473488560988,0.0029624814939248623,0.16750238964412006,0.0,0.9079023319267128,0.0,0.9079023319267128,0.09209766807328723,0.0,0.0,0.0,True,0,long_only,1.4234379897921565,1.2777144925868273
2022-05-30,1.8216540718316552,0.001598200529273397,0.00262168882593367,0.0,0.9985608196053943,0.0,0.9985608196053943,0.0014391803946056658,0.0008476589317216683,0.0,0.46570578921580347,True,0,long_only,1.422967435521682,1.2801797331109046
2022-05-31,1.8428119413990287,0.011614647311220638,0.00262168882593367,0.0,0.9985773432616551,0.0,0.9985773432616551,0.0014226567383448518,0.0,0.0,0.0,True,0,long_only,1.4265093293575626,1.2918330805652358
2022-06-01,1.8344070656495863,-0.004560897159729516,0.00262168882593367,0.0,0.9985708249411887,0.0,0.9985708249411887,0.0014291750588113494,0.0,0.0,0.0,True,0,long_only,1.4250898829416647,1.2872220114727155
2022-06-02,1.8300961623208205,-0.0023500254711672497,0.00262168882593367,0.0,0.9985674584320153,0.0,0.9985674584320153,0.0014325415679846687,0.0,0.0,0.0,True,0,long_only,1.4276478584119892,1.2818960582874304
2022-06-06,1.855595338442323,0.013933243862533251,0.002639029005401244,0.0,0.9985777992912955,0.0,0.9985777992912955,0.0014222007087044686,0.0010184521490738882,0.0,0.5559600295225051,True,0,long_only,1.4375613401102585,1.2907938511340338
2022-06-07,1.8725065693534657,0.009113641622606528,0.002639029005401244,0.0,0.9985906436598978,0.0,0.9985906436598978,0.001409356340102197,0.0,0.0,0.0,True,0,long_only,1.4395182090350667,1.3007869977613125
2022-06-08,1.8734394294928816,0.0004981879127601285,0.002639029005401244,0.0,0.9985913454345756,0.0,0.9985913454345756,0.0014086545654243832,0.0,0.0,0.0,True,0,long_only,1.4417726239309043,1.2994000568446529
2022-06-09,1.860530598554892,-0.006890444780210392,0.19773116433367008,0.0,0.8937232397643706,0.0,0.8937232397643706,0.10627676023562938,0.00019528742275101983,0.0,0.10424970623899489,True,0,long_only,1.439805140999995,1.29220999812703
2022-06-10,1.881101068374525,0.011056238384690165,0.19773116433367008,0.0,0.8948854117102112,0.0,0.8948854117102112,0.10511458828978881,0.0,0.0,0.0,True,0,long_only,1.4486059210586835,1.2985595606289952
2022-06-13,1.8949501063167742,0.0073621976910662745,0.19044807798361138,0.0,0.8994970488411506,0.0,0.8994970488411506,0.10050295115884944,0.0011445487763448803,0.0,0.6075651040646678,True,0,long_only,1.4473580677414173,1.3092476205793486
2022-06-14,1.8861849242992228,-0.0046255476533829665,0.19044807798361138,0.0,0.8990300073284868,0.0,0.8990300073284868,0.10096999267151319,0.0,0.0,0.0,True,0,long_only,1.446542912072866,1.3039260076953811
2022-06-15,1.8942752541722856,0.004289255930761238,0.19044807798361138,0.0,0.8994612437848539,0.0,0.8994612437848539,0.10053875621514607,0.0,0.0,0.0,True,0,long_only,1.4554073761681598,1.3015429804674965
2022-06-16,1.88754982418105,-0.0035503974284741835,0.19044807798361138,0.0,0.8991030194044065,0.0,0.8991030194044065,0.10089698059559349,0.0,0.0,0.0,True,0,long_only,1.4571827455886421,1.2953418710832711
2022-06-17,1.8980545213156816,0.005565255549844439,0.19044807798361138,0.0,0.8996614291924567,0.0,0.8996614291924567,0.10033857080754327,0.0,0.0,0.0,True,0,long_only,1.4625732454871014,1.297750062892437
2022-06-20,1.8940999689953444,-0.0020834766735763344,0.19118352022961127,0.0,0.8990636590681022,0.0,0.8990636590681022,0.10093634093189785,0.0011462519604617163,0.0,0.6061598943365932,True,0,long_only,1.45780508014636,1.2992820472303344
2022-06-21,1.8810669953272385,-0.006880826715296773,0.3777033932028466,0.0,0.7992078994841224,0.0,0.7992078994841224,0.2007921005158776,0.00018670657955278814,0.0,0.09852401043711598,True,0,long_only,1.4534933170679587,1.2941696898351054
2022-06-22,1.8789350772435716,-0.0011333557438213404,0.3777033932028466,0.0,0.7989800723945483,0.0,0.7989800723945483,0.20101992760545173,0.0,0.0,0.0,True,0,long_only,1.451339027629673,1.2946217537553915
2022-06-23,1.8901127522311418,0.005948941569587474,0.3777033932028466,0.0,0.8001688561928408,0.0,0.8001688561928408,0.19983114380715916,0.0,0.0,0.0,True,0,long_only,1.458503127947598,1.2959264303333404
2022-06-24,1.8959798556171774,0.003104102323583602,0.3777033932028466,0.0,0.8007872330057552,0.0,0.8007872330057552,0.19921276699424484,0.0,0.0,0.0,True,0,long_only,1.4661968671699592,1.2931277498067375
2022-06-27,1.915618889707643,0.010358250396111046,0.19157646791061148,0.0,0.8999923894361631,0.0,0.8999923894361631,0.10000761056383689,0.0013463475735075604,0.0,0.7091692726326907,True,0,long_only,1.4769714985632174,1.296991100756607
2022-06-28,1.9209761929457188,0.0027966435635291553,0.19157646791061148,0.0,0.9002712950768854,0.0,0.9002712950768854,0.09972870492311459,0.0,0.0,0.0,True,0,long_only,1.4853409961740045,1.2932896876164055
2022-06-29,1.897571511286073,-0.012183743736956965,0.19157646791061148,0.0,0.8990412394098544,0.0,0.8990412394098544,0.10095876059014564,0.0,0.0,0.0,True,0,long_only,1.4735573266007513,1.287748686142704
2022-06-30,1.9096239860311177,0.006351525975891281,0.19157646791061148,0.0,0.8996784344394542,0.0,0.8996784344394542,0.10032156556054583,0.0,0.0,0.0,True,0,long_only,1.48106779731777,1.2893562262912392
2022-07-01,1.9100017440212316,0.00019781799604379202,0.19157646791061148,0.0,0.8996982759255103,0.0,0.8996982759255103,0.10030172407448967,0.0,0.0,0.0,True,0,long_only,1.4811512941657639,1.2895385849809564
2022-07-04,1.915566733693216,0.002913604497694511,0.19316371022037765,0.0,0.8991610645440905,0.0,0.8991610645440905,0.1008389354559095,0.0011521256532513193,0.0,0.6030411646318539,True,0,long_only,1.48901591888635,1.2864649124274559
2022-07-05,1.9040388221761226,-0.006018016138162774,0.19316371022037765,0.0,0.8985505400569452,0.0,0.8985505400569452,0.10144945994305476,0.0,0.0,0.0,True,0,long_only,1.4879584100784942,1.2796317486291025
2022-07-06,1.8831070262165914,-0.01099336616236013,0.19316371022037765,0.0,0.8974228721303914,0.0,0.8974228721303914,0.1025771278696086,0.0,0.0,0.0,True,0,long_only,1.4771646734742543,1.2748118473396544
2022-07-07,1.8844788959400693,0.0007285139423192089,0.19316371022037765,0.0,0.8974975465968176,0.0,0.8974975465968176,0.10250245340318243,0.0,0.0,0.0,True,0,long_only,1.484483030680846,1.2694512884231277
2022-07-08,1.890042909920997,0.002952547780139536,0.19316371022037765,0.0,0.8977992990495376,0.0,0.8977992990495376,0.10220070095046241,0.0,0.0,0.0,True,0,long_only,1.483789582282252,1.2737944331795867
2022-07-11,1.8736099750630635,-0.008694477131537925,0.19158607542854483,0.0,0.8977449533368884,0.0,0.8977449533368884,0.10225504666311158,0.0007659392886553665,0.0,0.404991369861805,True,0,long_only,1.4734235901238795,1.2716030798078495
2022-07-12,1.8577296788032986,-0.008475774825670634,0.19158607542854483,0.0,0.8968708539167229,0.0,0.8968708539167229,0.10312914608327706,0.0,0.0,0.0,True,0,long_only,1.4666030298034214,1.2666888319822323
2022-07-13,1.8661393046152308,0.004526829660895126,0.19158607542854483,0.0,0.8973355981760178,0.0,0.8973355981760178,0.10266440182398218,0.0,0.0,0.0,True,0,long_only,1.4690799850271754,1.2702775367133672
2022-07-14,1.8681183951471765,0.0010605266857897089,0.19158607542854483,0.0,0.8974443611677776,0.0,0.8974443611677776,0.1025556388322224,0.0,0.0,0.0,True,0,long_only,1.475054255261186,1.2664743608474192
2022-07-15,1.8591709672193033,-0.004789540080069821,0.19158607542854483,0.0,0.8969508029080868,0.0,0.8969508029080868,0.10304919709191318,0.0,0.0,0.0,True,0,long_only,1.4722744470633522,1.262788314317122
2022-07-18,1.8791757800925906,0.01076007168034021,0.0025871191743432427,0.0,0.9986232692003854,0.0,0.9986232692003854,0.001376730799614645,0.0009351723116597925,0.0,0.5031324843496473,True,0,long_only,1.4817838889293793,1.268184783308945
2022-07-19,1.8891291236068457,0.005296653788164907,0.0025871191743432427,0.0,0.998630522846737,0.0,0.998630522846737,0.0013694771532629657,0.0,0.0,0.0,True,0,long_only,1.483134344305621,1.2737410679349515
2022-07-20,1.9047598058411146,0.008274014750471848,0.0025871191743432427,0.0,0.9986417609367808,0.0,0.9986417609367808,0.001358239063219191,0.0,0.0,0.0,True,0,long_only,1.4880489829305554,1.2800383775605901
2022-07-21,1.8983244347082415,-0.0033785735677214213,0.0025871191743432427,0.0,0.9986371564696522,0.0,0.9986371564696522,0.0013628435303477682,0.0,0.0,0.0,True,0,long_only,1.4842127273254757,1.2790110202928846
2022-07-22,1.8911654561405922,-0.003771209197309666,0.0025871191743432427,0.0,0.998631997445838,0.0,0.998631997445838,0.0013680025541620289,0.0,0.0,0.0,True,0,long_only,1.4804903953858792,1.277391236062476
2022-07-25,1.8925603153394968,0.0007375659249566624,0.1916115554693488,0.0,0.8987553770855771,0.0,0.8987553770855771,0.10124462291442293,0.0009513423320611458,0.0,0.502920188524706,True,0,long_only,1.4751706555280928,1.2829433043880496
2022-07-26,1.900222071176596,0.004048354905785256,0.1916115554693488,0.0,0.8991635986257621,0.0,0.8991635986257621,0.10083640137423788,0.0,0.0,0.0,True,0,long_only,1.4844794926788125,1.2800594959702385
2022-07-27,1.9105950525527584,0.0054588258569903125,0.1916115554693488,0.0,0.8997110584928316,0.0,0.8997110584928316,0.10028894150716838,0.0,0.0,0.0,True,0,long_only,1.491232477160428,1.2812187783026772
2022-07-28,1.918954966928661,0.004375555335356163,0.1916115554693488,0.0,0.9001479665903633,0.0,0.9001479665903633,0.09985203340963666,0.0,0.0,0.0,True,0,long_only,1.494970022508769,1.2836076563651664
2022-07-29,1.9182561266383722,-0.00036417753534212505,0.1916115554693488,0.0,0.9001115894752092,0.0,0.9001115894752092,0.0998884105247908,0.0,0.0,0.0,True,0,long_only,1.4963084486780962,1.281992445028993
2022-08-01,1.9316916037748215,0.007004005851916295,0.3857447369431573,0.0,0.8003072870486402,0.0,0.8003072870486402,0.19969271295135982,0.001357990776848291,0.0,0.7069454476211335,True,0,long_only,1.5016702907600832,1.286362003470868
2022-08-02,1.9175778166238917,-0.007306439145539301,0.3857447369431573,0.0,0.7988375055243893,0.0,0.7988375055243893,0.20116249447561074,0.0,0.0,0.0,True,0,long_only,1.4918158936957757,1.2853984360451793
2022-08-03,1.9065373941911192,-0.005757483392361373,0.3857447369431573,0.0,0.7976726089304867,0.0,0.7976726089304867,0.20232739106951325,0.0,0.0,0.0,True,0,long_only,1.4847582872390634,1.2840725730087434
2022-08-04,1.9059200848408187,-0.0003237855980068316,0.3857447369431573,0.0,0.7976070770168863,0.0,0.7976070770168863,0.20239292298311373,0.0,0.0,0.0,True,0,long_only,1.4875211130271357,1.2812726274266
2022-08-05,1.9105077709393248,0.002407071594971555,0.3857447369431573,0.0,0.7980930814254154,0.0,0.7980930814254154,0.20190691857458465,0.0,0.0,0.0,True,0,long_only,1.4912816553886954,1.281117999430738
2022-08-08,1.914415194375376,0.0020452277114424433,0.38406830668388936,0.0,0.7993808721262261,0.0,0.7993808721262261,0.2006191278737739,0.0007719954904213176,0.0,0.40408575049148854,True,0,long_only,1.4995733169547427,1.2766399433293953
2022-08-09,1.9141720952292494,-0.00012698350224171762,0.38406830668388936,0.0,0.7993553935713958,0.0,0.7993553935713958,0.20064460642860416,0.0,0.0,0.0,True,0,long_only,1.5014328908236259,1.2748968714673696
2022-08-10,1.9124431877811732,-0.0009032142158926781,0.38406830668388936,0.0,0.7991740046774998,0.0,0.7991740046774998,0.20082599532250023,0.0,0.0,0.0,True,0,long_only,1.4996267407854507,1.2752794650617554
2022-08-11,1.923927156450347,0.0060048678792374854,0.38406830668388936,0.0,0.8003727399989006,0.0,0.8003727399989006,0.19962726000109943,0.0,0.0,0.0,True,0,long_only,1.507938215162886,1.2758660382133271
2022-08-12,1.9333657548514747,0.004905902164477949,0.38406830668388936,0.0,0.8013473106575252,0.0,0.8013473106575252,0.19865268934247482,0.0,0.0,0.0,True,0,long_only,1.5086613827785629,1.2815107332373792
2022-08-15,1.941117011409524,0.004009203400132,0.38893177351071917,0.0,0.7996350703102127,0.0,0.7996350703102127,0.20036492968978725,0.0007820449535304112,0.0,0.4042323545007914,True,0,long_only,1.5158668777202815,1.2805326377529787
2022-08-16,1.9420159004348165,0.00046307822764379836,0.38893177351071917,0.0,0.7997278120000781,0.0,0.7997278120000781,0.20027218799992186,0.0,0.0,0.0,True,0,long_only,1.5205126281906587,1.2772112933686894
2022-08-17,1.9427437717763811,0.00037480194750294515,0.38893177351071917,0.0,0.7998028462831757,0.0,0.7998028462831757,0.20019715371682434,0.0,0.0,0.0,True,0,long_only,1.5237523766528662,1.2749734153287344
2022-08-18,1.9303530369069786,-0.006377956295324005,0.38893177351071917,0.0,0.7985178016276712,0.0,0.7985178016276712,0.20148219837232884,0.0,0.0,0.0,True,0,long_only,1.513468112341471,1.275450087891544
2022-08-19,1.9182716914399809,-0.006258619659725961,0.38893177351071917,0.0,0.7972488593527847,0.0,0.7972488593527847,0.20275114064721533,0.0,0.0,0.0,True,0,long_only,1.5042289738308143,1.2752524547873356
2022-08-22,1.9344541555572308,0.008435960447866542,0.38525815152860154,0.0,0.8008440001424455,0.0,0.8008440001424455,0.1991559998575545,0.0007730924684022102,0.0,0.4034098653969948,True,0,long_only,1.510043326372904,1.2810587098873207
2022-08-23,1.942304184239094,0.0040580070917224376,0.38525815152860154,0.0,0.8016489102712158,0.0,0.8016489102712158,0.19835108972878424,0.0,0.0,0.0,True,0,long_only,1.510840438231084,1.2855786323227982
2022-08-24,1.9175933225814257,-0.012722446802197807,0.38525815152860154,0.0,0.7990928801264416,0.0,0.7990928801264416,0.20090711987355836,0.0,0.0,0.0,True,0,long_only,1.489419604918389,1.2874768911656014
2022-08-25,1.916654437396514,-0.0004896164238035183,0.38525815152860154,0.0,0.7989944645149928,0.0,0.7989944645149928,0.20100553548500721,0.0,0.0,0.0,True,0,long_only,1.4841412596843961,1.291423188251024
2022-08-26,1.9154724572424635,-0.0006166892325442097,0.38525815152860154,0.0,0.7988704300748737,0.0,0.7988704300748737,0.20112956992512632,0.0,0.0,0.0,True,0,long_only,1.4828912835659098,1.2917146917448497
2022-08-29,1.9059118828603925,-0.004991235632714086,0.1924079597889462,0.0,0.8990467704623467,0.0,0.8990467704623467,0.10095322953765329,0.001718114479884802,0.0,0.89936109379464,True,0,long_only,1.4778000986394968,1.289695327950666
2022-08-30,1.910246678412718,0.0022743945254277698,0.3829960971175689,0.0,0.7995043773949593,0.0,0.7995043773949593,0.20049562260504072,0.00019077891624486756,0.0,0.09996980709569844,True,0,long_only,1.474438642907332,1.2955755653867358
2022-08-31,1.8894635875957257,-0.010879794244302299,0.3829960971175689,0.0,0.7972990325762681,0.0,0.7972990325762681,0.2027009674237319,0.0,0.0,0.0,True,0,long_only,1.4584472275154665,1.2955309948475242
2022-09-01,1.8917153498781594,0.0011917468519724306,0.3829960971175689,0.0,0.7975403132705792,0.0,0.7975403132705792,0.20245968672942083,0.0,0.0,0.0,True,0,long_only,1.4568696324086647,1.298479498642962
2022-09-02,1.8979465762620609,0.0032939556071702736,0.3829960971175689,0.0,0.7982050169863758,0.0,0.7982050169863758,0.2017949830136242,0.0,0.0,0.0,True,0,long_only,1.4635762690636394,1.2967869296461887
2022-09-05,1.915777176438715,0.00939467970261365,0.0011666028386687977,0.0,0.999391055049086,0.0,0.999391055049086,0.0006089449509140143,0.0022452721648904893,0.0,1.1822563928314767,True,0,long_only,1.4701148506220163,1.3031479653634788
2022-09-06,1.9516467324300109,0.018723240068020175,0.0011666028386687977,0.0,0.9994022469234398,0.0,0.9994022469234398,0.0005977530765601813,0.0,0.0,0.0,True,0,long_only,1.483743942056018,1.3153527890571348
2022-09-07,1.9581444077293577,0.003329329632959066,0.0011666028386687977,0.0,0.9994042304367012,0.0,0.9994042304367012,0.0005957695632987647,0.0,0.0,0.0,True,0,long_only,1.4877666503682707,1.3161636653467486
2022-09-08,1.9425535597076002,-0.007962052216484161,0.0011666028386687977,0.0,0.9993994488168222,0.0,0.9993994488168222,0.000600551183177811,0.0,0.0,0.0,True,0,long_only,1.4802041710213576,1.312355145146778
2022-09-09,1.941879789223312,-0.0003468478286846599,0.0011666028386687977,0.0,0.9993992404446749,0.0,0.9993992404446749,0.0006007595553251255,0.0,0.0,0.0,True,0,long_only,1.4808693154036825,1.311310707180099
2022-09-13,1.9373196756140736,-0.0023482986097003167,0.0020651951299947395,0.0,0.9989339936222243,0.0,0.9989339936222243,0.0010660063777756523,0.0018161096740647801,0.0,0.9346087752644141,True,0,long_only,1.4813055510544306,1.307846091736469
2022-09-14,1.9284499665242159,-0.004578340478086695,0.0020651951299947395,0.0,0.9989290906345281,0.0,0.9989290906345281,0.0010709093654719393,0.0,0.0,0.0,True,0,long_only,1.475187284137651,1.3072577206029323
2022-09-15,1.9165993842654496,-0.0061451333788687945,0.0020651951299947395,0.0,0.9989224690632016,0.0,0.9989224690632016,0.0010775309367984098,0.0,0.0,0.0,True,0,long_only,1.4635193072308978,1.3095825759154607
2022-09-16,1.8861341831385863,-0.015895445535969,0.0020651951299947395,0.0,0.998905064576817,0.0,0.998905064576817,0.0010949354231829522,0.0,0.0,0.0,True,0,long_only,1.4511500983210766,1.2997512699208504
2022-09-19,1.8733247960557293,-0.0067913445381397874,0.0024198530717782943,0.0,0.9987082575980026,0.0,0.9987082575980026,0.0012917424019973645,0.0013460635391351592,0.0,0.7137611728645017,True,0,long_only,1.447825791610265,1.2938882612197606
2022-09-20,1.8870823214617178,0.007343908240020625,0.0024198530717782943,0.0,0.9987176748760468,0.0,0.9987176748760468,0.0012823251239532096,0.0,0.0,0.0,True,0,long_only,1.452912023333831,1.2988276586297673
2022-09-21,1.90179682576353,0.00779748934875002,0.0024198530717782943,0.0,0.9987275964293364,0.0,0.9987275964293364,0.001272403570663605,0.0,0.0,0.0,True,0,long_only,1.4565777472408892,1.3056610464947673
2022-09-22,1.905950446810936,0.0021840508886843413,0.0024198530717782943,0.0,0.9987303693672481,0.0,0.9987303693672481,0.0012696306327518725,0.0,0.0,0.0,True,0,long_only,1.4531830342896082,1.3115694319557374
2022-09-23,1.8851320652295749,-0.010922834649869761,0.0024198530717782943,0.0,0.9987163482514507,0.0,0.9987163482514507,0.0012836517485492749,0.0,0.0,0.0,True,0,long_only,1.4457695048283115,1.3038953020754431
2022-09-26,1.8713768783942395,-0.007296670132052596,0.0021575368651209573,0.0,0.9988470858595986,0.0,0.9988470858595986,0.0011529141404014176,0.0016056285552102094,0.0,0.8519395759079668,True,0,long_only,1.4387614304000702,1.300686019831567
2022-09-27,1.877850873933605,0.0034594824880602726,0.0021575368651209573,0.0,0.9988510605953488,0.0,0.9988510605953488,0.001148939404651217,0.0,0.0,0.0,True,0,long_only,1.44408046265745,1.300378283962041
2022-09-28,1.8501646070080364,-0.014743591895331476,0.0021575368651209573,0.0,0.998833867615374,0.0,0.998833867615374,0.0011661323846260396,0.0,0.0,0.0,True,0,long_only,1.432489260394827,1.2915731085467883
2022-09-29,1.8501168386157172,-2.581845536253624e-05,0.0021575368651209573,0.0,0.9988338375068597,0.0,0.9988338375068597,0.001166162493140277,0.0,0.0,0.0,True,0,long_only,1.4268765739686546,1.2966200948060138
2022-09-30,1.8507628871659463,0.0003491933788961621,0.0021575368651209573,0.0,0.9988342445809334,0.0,0.9988342445809334,0.0011657554190666053,0.0,0.0,0.0,True,0,long_only,1.4245577674358048,1.2991841604972665
2022-10-10,1.8258306976707073,-0.013471304005570062,0.002371529391989403,0.0,0.9987011230586632,0.0,0.9987011230586632,0.0012988769413367907,0.0013190493707806346,0.0,0.7136888753240183,True,0,long_only,1.4174591201555022,1.288101132306662
2022-10-11,1.8493036941221153,0.012856064081600449,0.002371529391989403,0.0,0.9987176095524347,0.0,0.9987176095524347,0.0012823904475652848,0.0,0.0,0.0,True,0,long_only,1.423598615084484,1.2990344852311955
2022-10-12,1.8902237262673904,0.02212726458901093,0.002371529391989403,0.0,0.9987453710589739,0.0,0.9987453710589739,0.0012546289410261258,0.0,0.0,0.0,True,0,long_only,1.4393848263583984,1.3132163766444596
2022-10-13,1.9018510680028715,0.006151304511684108,0.002371529391989403,0.0,0.9987530414805404,0.0,0.9987530414805404,0.0012469585194595512,0.0,0.0,0.0,True,0,long_only,1.4423988502908593,1.3185334053887825
2022-10-14,1.9256125012956302,0.012493845439596196,0.002371529391989403,0.0,0.9987684285439601,0.0,0.9987684285439601,0.001231571456039915,0.0,0.0,0.0,True,0,long_only,1.4543866625814537,1.3240031353682642
2022-10-17,1.9277650299168971,0.0011178410089354163,0.002706612129866611,0.0,0.9985959844234837,0.0,0.9985959844234837,0.0014040155765162599,0.0011305606059736077,0.0,0.58831558835403,True,0,long_only,1.4540279091752424,1.3258101978320136
2022-10-18,1.923579883796548,-0.0021709835251704224,0.002706612129866611,0.0,0.9985929296970373,0.0,0.9985929296970373,0.0014070703029627207,0.0,0.0,0.0,True,0,long_only,1.453559831506191,1.3233578983833905
2022-10-19,1.9167305549758495,-0.0035607197176443783,0.002706612129866611,0.0,0.9985879016104584,0.0,0.9985879016104584,0.001412098389541594,0.0,0.0,0.0,True,0,long_only,1.4478250840098583,1.3238688679625048
2022-10-20,1.8878242799453804,-0.01508103210199696,0.002706612129866611,0.0,0.9985662796274953,0.0,0.9985662796274953,0.0014337203725046654,0.0,0.0,0.0,True,0,long_only,1.4393062827132515,1.3116209542187385
2022-10-21,1.8874053028572004,-0.00022193648669044386,0.002706612129866611,0.0,0.9985659613619983,0.0,0.9985659613619983,0.0014340386380017334,0.0,0.0,0.0,True,0,long_only,1.438605050710183,1.3119690508006088
2022-10-24,1.8676491968005606,-0.010467336309128994,0.002692136864604254,0.0,0.9985585425414922,0.0,0.9985585425414922,0.0014414574585077666,0.0010779181887650231,0.0,0.5708508592150531,True,0,long_only,1.424922889245677,1.3107019410638097
2022-10-25,1.8649648884228245,-0.0014372658325421117,0.002692136864604254,0.0,0.9985564678019858,0.0,0.9985564678019858,0.0014435321980141858,0.0,0.0,0.0,True,0,long_only,1.4198002161011642,1.3135403610122716
2022-10-26,1.8844599470014949,0.01045331131952687,0.002692136864604254,0.0,0.9985714013880275,0.0,0.9985714013880275,0.0014285986119725314,0.0,0.0,0.0,True,0,long_only,1.4263490578654385,1.3211772648566327
2022-10-27,1.8903249977842091,0.0031123244577559994,0.002692136864604254,0.0,0.9985758338551519,0.0,0.9985758338551519,0.0014241661448480825,0.0,0.0,0.0,True,0,long_only,1.4272402805777133,1.324461636564132
2022-10-28,1.8534980201414235,-0.019481823329826065,0.002692136864604254,0.0,0.9985475372321149,0.0,0.9985475372321149,0.001452462767885132,0.0,0.0,0.0,True,0,long_only,1.4135248618940905,1.3112595824156776
2022-10-31,1.8391820154208411,-0.007723776645572111,0.002533240228497176,0.0,0.9986226266855281,0.0,0.9986226266855281,0.0013773733144718525,0.0011524664008998708,0.0,0.6242903754569005,True,0,long_only,1.405426021438877,1.3086295453231216
2022-11-01,1.8626090424387554,0.012737742551573117,0.11695781196119574,0.0,0.9372075356146343,0.0,0.9372075356146343,0.06279246438536568,0.0001145391108435421,0.0,0.06228532411948267,True,0,long_only,1.417957978442246,1.3135855016556968
2022-11-02,1.8797560494129395,0.009205907725935436,0.11695781196119574,0.0,0.9377803242087066,0.0,0.9377803242087066,0.062219675791293394,0.0,0.0,0.0,True,0,long_only,1.428409236449629,1.3159786435469656
2022-11-03,1.8870218845685085,0.0038653074997887504,0.11695781196119574,0.0,0.9380198963681126,0.0,0.9380198963681126,0.06198010363188744,0.0,0.0,0.0,True,0,long_only,1.4283229092000083,1.3211451503115732
2022-11-04,1.9228163144187935,0.018968741244073994,0.11695781196119574,0.0,0.9391736948120558,0.0,0.9391736948120558,0.060826305187944185,0.0,0.0,0.0,True,0,long_only,1.446380871579725,1.329398329444657
2022-11-07,1.9320631179490018,0.004808989533149122,0.0019117405629736459,0.0,0.9990105185771555,0.0,0.9990105185771555,0.000989481422844496,0.0018075236729465209,0.0,0.941432967864714,True,0,long_only,1.4432012691520895,1.3387343534447753
2022-11-08,1.9303573270431142,-0.0008828857039092641,0.0019117405629736459,0.0,0.9990096442061833,0.0,0.9990096442061833,0.0009903557938166774,0.0,0.0,0.0,True,0,long_only,1.438811670028948,1.3416330762762556
2022-11-09,1.9250239682007613,-0.0027628868332488787,0.0019117405629736459,0.0,0.9990069003843312,0.0,0.9990069003843312,0.0009930996156688465,0.0,0.0,0.0,True,0,long_only,1.4369443125555907,1.3396649761445005
2022-11-10,1.927762108304627,0.0014223927333356645,0.0019117405629736459,0.0,0.9990083109556216,0.0,0.9990083109556216,0.0009916890443784077,0.0,0.0,0.0,True,0,long_only,1.4321623490069182,1.3460499849345744
2022-11-11,1.9491125379528325,0.01107524084856193,0.0019117405629736459,0.0,0.9990191738415569,0.0,0.9990191738415569,0.0009808261584430822,0.0,0.0,0.0,True,0,long_only,1.4446723703976785,1.3491727106377036
2022-11-14,1.9330757328099837,-0.008227747157017573,0.0024904401396580625,0.0,0.9987116696478116,0.0,0.9987116696478116,0.0012883303521884493,0.00141611394944577,0.0,0.7239157271050255,True,0,long_only,1.4378196142587143,1.344449410510097
2022-11-15,1.9385008044319512,0.0028064454640281955,0.0024904401396580625,0.0,0.9987152751580168,0.0,0.9987152751580168,0.0012847248419831647,0.0,0.0,0.0,True,0,long_only,1.4415716654153934,1.3447134477864242
2022-11-16,1.9171170243209101,-0.011031091688046613,0.0024904401396580625,0.0,0.9987009451650244,0.0,0.9987009451650244,0.0012990548349756104,0.0,0.0,0.0,True,0,long_only,1.4272519559844243,1.343222558765813
2022-11-17,1.888370154080895,-0.014994843755142262,0.0024904401396580625,0.0,0.9986811695078552,0.0,0.9986811695078552,0.0013188304921447624,0.0,0.0,0.0,True,0,long_only,1.4140983720237443,1.3353881112092725
2022-11-18,1.8774492639237883,-0.005783235947415255,0.0024904401396580625,0.0,0.9986734980340011,0.0,0.9986734980340011,0.0013265019659989274,0.0,0.0,0.0,True,0,long_only,1.4089937426896033,1.3324752318203759
2022-11-21,1.8827057103133615,0.0027997807933235475,0.0023406101096276836,0.0,0.9987567838686598,0.0,0.9987567838686598,0.0012432161313401524,0.0014056218576044127,0.0,0.7491718080564033,True,0,long_only,1.409081838940241,1.3361223303604062
2022-11-22,1.877634152147745,-0.0026937604415999683,0.0023406101096276836,0.0,0.9987534258966527,0.0,0.9987534258966527,0.0012465741033472755,0.0,0.0,0.0,True,0,long_only,1.4077119245528142,1.3338198813256557
2022-11-23,1.8830737040757428,0.002897024386659952,0.0023406101096276836,0.0,0.9987570268202665,0.0,0.9987570268202665,0.001242973179733542,0.0,0.0,0.0,True,0,long_only,1.4093510808950014,1.336128186654461
2022-11-24,1.8915898003150589,0.004522444459228447,0.0023406101096276836,0.0,0.9987626227899739,0.0,0.9987626227899739,0.001237377210026147,0.0,0.0,0.0,True,0,long_only,1.414598999311505,1.337191530063084
2022-11-25,1.886820864654588,-0.002521125700549076,0.0023406101096276836,0.0,0.9987594953217479,0.0,0.9987594953217479,0.0012405046782520968,0.0,0.0,0.0,True,0,long_only,1.4175167895886507,1.3310747911508862
2022-11-28,1.8843019118198308,-0.0013350248992600733,0.0030287526415511677,0.0,0.9983926394053138,0.0,0.9983926394053138,0.0016073605946862468,0.0007310375098985472,0.0,0.3882415061513239,True,0,long_only,1.411763998281946,1.3347145231872624
2022-11-29,1.9070053542671463,0.012048728659086905,0.0030287526415511677,0.0,0.9984117754914668,0.0,0.9984117754914668,0.0015882245085332425,0.0,0.0,0.0,True,0,long_only,1.4280037814165736,1.3354343868581393
2022-11-30,1.9203569927664126,0.00700136392873274,0.0030287526415511677,0.0,0.9984228179172102,0.0,0.9984228179172102,0.0015771820827897853,0.0,0.0,0.0,True,0,long_only,1.4303933479900965,1.3425376980847847
2022-12-01,1.933478937150738,0.006833075534264266,0.0030287526415511677,0.0,0.998433521781202,0.0,0.998433521781202,0.001566478218797962,0.0,0.0,0.0,True,0,long_only,1.4382470049043783,1.3443302371273043
2022-12-02,1.9360377399700117,0.0013234190298676562,0.0030287526415511677,0.0,0.9984355921483234,0.0,0.9984355921483234,0.0015644078516765525,0.0,0.0,0.0,True,0,long_only,1.4384189518032136,1.3459484370273203
2022-12-05,1.944650664713329,0.0044487380413620325,0.0024057691038659097,0.0,0.9987628785223384,0.0,0.9987628785223384,0.0012371214776616402,0.001473343777198934,0.0,0.7582789044513616,True,0,long_only,1.4462060942792632,1.3446566657447758
2022-12-06,1.9363481402475968,-0.004269416927361602,0.0024057691038659097,0.0,0.9987575740881192,0.0,0.9987575740881192,0.00124242591188084,0.0,0.0,0.0,True,0,long_only,1.4440861234607039,1.3408813427326645
2022-12-07,1.9305206788103833,-0.0030095112113819322,0.0024057691038659097,0.0,0.9987538237065928,0.0,0.9987538237065928,0.0012461762934071752,0.0,0.0,0.0,True,0,long_only,1.4362544021590302,1.3441356043249397
2022-12-08,1.9259134539964995,-0.002386519276614374,0.0024057691038659097,0.0,0.9987508425683026,0.0,0.9987508425683026,0.0012491574316974008,0.0,0.0,0.0,True,0,long_only,1.431529046642896,1.345354087304755
2022-12-09,1.9268741797212576,0.0004988415874891405,0.0024057691038659097,0.0,0.9987514653892898,0.0,0.9987514653892898,0.0012485346107101725,0.0,0.0,0.0,True,0,long_only,1.4324634329799815,1.3451472026149693
2022-12-12,1.9222293668534722,-0.0024105428972311937,0.0024103661233071615,0.0,0.9987460569665249,0.0,0.9987460569665249,0.0012539430334751467,0.0014476719429468107,0.0,0.7492540647006828,True,0,long_only,1.4266929516631086,1.3473322095078077
2022-12-13,1.9089720018840337,-0.0068968694361067895,0.0024103661233071615,0.0,0.9987373486248471,0.0,0.9987373486248471,0.0012626513751529123,0.0,0.0,0.0,True,0,long_only,1.416352786919582,1.3478082717201034
2022-12-14,1.896449208165128,-0.006559967200433725,0.0024103661233071615,0.0,0.9987290109785543,0.0,0.9987290109785543,0.0012709890214457342,0.0,0.0,0.0,True,0,long_only,1.4104432621227871,1.3445767434209852
2022-12-15,1.898228324159354,0.0009381300519761826,0.0024103661233071615,0.0,0.9987302022140173,0.0,0.9987302022140173,0.0012697977859826848,0.0,0.0,0.0,True,0,long_only,1.4107110888767338,1.345582620797857
2022-12-16,1.8789149821534386,-0.010174404079903554,0.0024103661233071615,0.0,0.9987171499795351,0.0,0.9987171499795351,0.0012828500204649096,0.0,0.0,0.0,True,0,long_only,1.402424380513534,1.3397620636525338
2022-12-19,1.8511858384774091,-0.014758061934366351,0.002199212116325012,0.0,0.9988119981956356,0.0,0.9988119981956356,0.0011880018043644025,0.0015407781055263737,0.0,0.8225949204863751,True,0,long_only,1.3901521128594345,1.3316426464077116
2022-12-20,1.8530872142727384,0.001027112327573354,0.002199212116325012,0.0,0.9988132171549259,0.0,0.9988132171549259,0.0011867828450741191,0.0,0.0,0.0,True,0,long_only,1.3841845648292879,1.3387573170210003
2022-12-21,1.854126886831572,0.0005610489084515446,0.002199212116325012,0.0,0.9988138826247845,0.0,0.9988138826247845,0.0011861173752154563,0.0,0.0,0.0,True,0,long_only,1.383785478199893,1.3398947423870395
2022-12-22,1.8438837853721535,-0.005524487850409376,0.002199212116325012,0.0,0.9988072935323952,0.0,0.9988072935323952,0.0011927064676048316,0.0,0.0,0.0,True,0,long_only,1.3777726437437157,1.3383077344037764
2022-12-23,1.8193480742165753,-0.013306538812382862,0.002199212116325012,0.0,0.9987912087041002,0.0,0.9987912087041002,0.0012087912958997915,0.0,0.0,0.0,True,0,long_only,1.3743751003908078,1.3237638499847952
2022-12-26,1.8434523154207512,0.013248834319158798,0.0023294360400401967,0.0,0.9987363730428208,0.0,0.9987363730428208,0.001263626957179187,0.001302481746835722,0.0,0.7160921639357611,True,0,long_only,1.3845666690489216,1.3314290720915913
2022-12-27,1.8637908558769047,0.011032854110745616,0.0023294360400401967,0.0,0.9987501623196107,0.0,0.9987501623196107,0.0012498376803893319,0.0,0.0,0.0,True,0,long_only,1.3970933190492398,1.334048936076271
2022-12-28,1.8545738868516313,-0.00494528074124323,0.0023294360400401967,0.0,0.9987439508037101,0.0,0.9987439508037101,0.0012560491962898546,0.0,0.0,0.0,True,0,long_only,1.3928045529840571,1.331539219108842
2022-12-29,1.8451995906422476,-0.005054690069694501,0.11439898502548909,0.0,0.9380018369797758,0.0,0.9380018369797758,0.061998163020224206,0.00011218173071616507,0.0,0.060494577199306586,True,0,long_only,1.386975340833426,1.3303766377947839
2022-12-30,1.841836737780882,-0.0018224873224663707,0.11439898502548909,0.0,0.9378886398132543,0.0,0.9378886398132543,0.06211136018674568,0.0,0.0,0.0,True,0,long_only,1.3892255101268234,1.32580112037587
2023-01-03,1.8585794183502053,0.009090208825726531,0.0025822160854770244,0.0,0.9986106506614771,0.0,0.9986106506614771,0.0013893493385228606,0.0009896013816367113,0.0,0.5364000909149774,True,0,long_only,1.3960920644737187,1.3312728190678667
2023-01-04,1.8657008457344595,0.0038316508371623037,0.0025822160854770244,0.0,0.998615953843093,0.0,0.998615953843093,0.001384046156907015,0.0,0.0,0.0,True,0,long_only,1.4014991929817362,1.3312179236900727
2023-01-05,1.8893026608767343,0.012650374895972982,0.0025822160854770244,0.0,0.9986332438211468,0.0,0.9986332438211468,0.001366756178853179,0.0,0.0,0.0,True,0,long_only,1.4133380553867143,1.3367662843832417
2023-01-06,1.9014285434615879,0.006418178958805143,0.0025822160854770244,0.0,0.9986419599651238,0.0,0.9986419599651238,0.0013580400348761623,0.0,0.0,0.0,True,0,long_only,1.4186068480152163,1.3403491926758222
2023-01-09,1.907994254112449,0.00345304096408916,0.002451752940014183,0.0,0.9987150103126727,0.0,0.9987150103126727,0.0012849896873272648,0.0013448722149066487,0.0,0.7072683679871478,True,0,long_only,1.4218600408851516,1.3419001865504736
2023-01-10,1.9015460882816353,-0.0033795520174736415,0.002451752940014183,0.0,0.9987106528970697,0.0,0.9987106528970697,0.0012893471029302717,0.0,0.0,0.0,True,0,long_only,1.4181168347335567,1.3408952222465562
2023-01-11,1.8990442007367614,-0.0013157122829111634,0.002451752940014183,0.0,0.9987089542523218,0.0,0.9987089542523218,0.0012910457476782433,0.0,0.0,0.0,True,0,long_only,1.4165802804503453,1.3405835355360416
2023-01-12,1.9016158837136565,0.0013541985888994024,0.002451752940014183,0.0,0.9987107002202641,0.0,0.9987107002202641,0.0012892997797359085,0.0,0.0,0.0,True,0,long_only,1.4189082857884827,1.3401964755297309
2023-01-13,1.9057299361019207,0.002163450791244914,0.002451752940014183,0.0,0.9987134835353276,0.0,0.9987134835353276,0.0012865164646723715,0.0,0.0,0.0,True,0,long_only,1.4212115251123847,1.3409192807884258
2023-01-16,1.9248824504238404,0.010049962462727269,0.0026027518597479806,0.0,0.9986478385424653,0.0,0.9986478385424653,0.0013521614575346952,0.0012041318507946003,0.0,0.6315693153607025,True,0,long_only,1.4310549543703879,1.3450793378306836
2023-01-17,1.9393083766471382,0.007494445294631502,0.0026027518597479806,0.0,0.9986578968610201,0.0,0.9986578968610201,0.0013421031389798666,0.0,0.0,0.0,True,0,long_only,1.4362091157329997,1.3502966632107547
2023-01-18,1.9463555538587949,0.003633861069501698,0.0026027518597479806,0.0,0.9986627562191359,0.0,0.9986627562191359,0.0013372437808640836,0.0,0.0,0.0,True,0,long_only,1.4398391058195181,1.3517868392322774
2023-01-19,1.9571730794868616,0.005557836340138511,0.0026027518597479806,0.0,0.9986701473226729,0.0,0.9986701473226729,0.0013298526773271035,0.0,0.0,0.0,True,0,long_only,1.4434708649070533,1.3558798636458007
2023-01-20,1.9683840638963919,0.0057281517547080885,0.0026027518597479806,0.0,0.9986777215343859,0.0,0.9986777215343859,0.0013222784656140574,0.0,0.0,0.0,True,0,long_only,1.4510390050572202,1.3565342192981027
2023-01-30,1.9781699150307532,0.004971515119356562,0.0026978442469444163,0.0,0.9986361918526587,0.0,0.9986361918526587,0.0013638081473412722,0.0012530419320873141,0.0,0.6332588693743234,True,0,long_only,1.4526725005961534,1.3617452758408686
2023-01-31,1.9723281283502725,-0.0029531268452184234,0.0026978442469444163,0.0,0.9986321524252656,0.0,0.9986321524252656,0.0013678475747344043,0.0,0.0,0.0,True,0,long_only,1.4480447939361476,1.3620629255459644
2023-02-01,1.9868360468915378,0.007355732716442187,0.0026978442469444163,0.0,0.9986421404769834,0.0,0.9986421404769834,0.0013578595230165913,0.0,0.0,0.0,True,0,long_only,1.4564613469739822,1.3641529526475171
2023-02-02,1.9882806023956605,0.0007270632654279297,0.0026978442469444163,0.0,0.9986431270094906,0.0,0.9986431270094906,0.0013568729905093502,0.0,0.0,0.0,True,0,long_only,1.4588724953599104,1.3628885380453641
2023-02-03,1.975828128936928,-0.006262935645868439,0.0026978442469444163,0.0,0.9986345754433631,0.0,0.9986345754433631,0.0013654245566369072,0.0,0.0,0.0,True,0,long_only,1.4536688019688273,1.3592010272634976
2023-02-06,1.960230722491856,-0.007894110938416521,0.002798711103986745,0.0,0.9985722542393229,0.0,0.9985722542393229,0.0014277457606770572,0.0011430186445029143,0.0,0.5789826387282855,True,0,long_only,1.4413126836665306,1.3600315495075355
2023-02-07,1.9635795820443855,0.0017084007071741514,0.002798711103986745,0.0,0.9985746892412312,0.0,0.9985746892412312,0.0014253107587688385,0.0,0.0,0.0,True,0,long_only,1.44453580351918,1.3593152743329107
2023-02-08,1.956249455609496,-0.0037330427052301163,0.002798711103986745,0.0,0.998569348558303,0.0,0.998569348558303,0.0014306514416969618,0.0,0.0,0.0,True,0,long_only,1.4418497523752376,1.3567637351859025
2023-02-09,1.971979745485272,0.008041044985684032,0.002798711103986745,0.0,0.9985807607251574,0.0,0.9985807607251574,0.0014192392748425542,0.0,0.0,0.0,True,0,long_only,1.450569865987559,1.3594517518414966
2023-02-10,1.96915766154082,-0.0014310917497570852,0.002798711103986745,0.0,0.9985787267527392,0.0,0.9985787267527392,0.0014212732472608236,0.0,0.0,0.0,True,0,long_only,1.4492271942157913,1.3587639463295984
2023-02-13,1.9743129547859644,0.0026180195450222765,0.002358351822174707,0.0,0.9988054822734878,0.0,0.9988054822734878,0.0011945177265122453,0.0015733675563905974,0.0,0.7989780917234741,True,0,long_only,1.4516248981939914,1.3600710192021812
2023-02-14,1.9822018703657889,0.003995777650499077,0.002358351822174707,0.0,0.9988102363046709,0.0,0.9988102363046709,0.0011897636953290824,0.0,0.0,0.0,True,0,long_only,1.4513772380516365,1.365738567752891
2023-02-15,1.971238562815043,-0.005530873376041523,0.002358351822174707,0.0,0.9988036192743679,0.0,0.9988036192743679,0.0011963807256321068,0.0,0.0,0.0,True,0,long_only,1.4459835539513468,1.3632510255240218
2023-02-16,1.9467564151793657,-0.012419677707966259,0.002358351822174707,0.0,0.9987885737507857,0.0,0.9987885737507857,0.0012114262492143313,0.0,0.0,0.0,True,0,long_only,1.436203454929746,1.3554879070212196
2023-02-17,1.934539546202803,-0.006275499534150519,0.002358351822174707,0.0,0.9987809234363786,0.0,0.9987809234363786,0.001219076563621413,0.0,0.0,0.0,True,0,long_only,1.425620229446508,1.3569809871131537
2023-02-20,1.9474705569749322,0.006684283501730892,0.0022701411296702717,0.0,0.9988343129904893,0.0,0.9988343129904893,0.0011656870095106964,0.0015906011812581078,0.0,0.8226620411447945,True,0,long_only,1.4381769524641124,1.3541244376348942
2023-02-21,1.9524850927808737,0.0025748968517040893,0.0022701411296702717,0.0,0.9988373068055353,0.0,0.9988373068055353,0.0011626931944647145,0.0,0.0,0.0,True,0,long_only,1.4414602183513336,1.354518888501844
2023-02-22,1.9608832814462291,0.004301281836367021,0.0022701411296702717,0.0,0.9988422864577662,0.0,0.9988422864577662,0.001157713542233818,0.0,0.0,0.0,True,0,long_only,1.4397916965922672,1.3619215099568178
2023-02-23,1.952358613674561,-0.004347361136855077,0.0022701411296702717,0.0,0.9988372314831047,0.0,0.9988372314831047,0.0011627685168953406,0.0,0.0,0.0,True,0,long_only,1.4390073215414083,1.3567398750850488
2023-02-24,1.9475436815360212,-0.002466212971743764,0.0022701411296702717,0.0,0.9988343567586223,0.0,0.9988343567586223,0.0011656432413776896,0.0,0.0,0.0,True,0,long_only,1.4348427393476066,1.3573220452169756
2023-02-27,1.9371039451468863,-0.005360463279006411,0.0025050355233773008,0.0,0.9987068140924221,0.0,0.9987068140924221,0.0012931859075778762,0.0013797012425309158,0.0,0.7091954075503439,True,0,long_only,1.4306601133434331,1.353993116240517
2023-02-28,1.9437000422036022,0.0034051332522662126,0.0025050355233773008,0.0,0.9987112026192388,0.0,0.9987112026192388,0.001288797380761153,0.0,0.0,0.0,True,0,long_only,1.4323838279342243,1.3569687148777678
2023-03-01,1.955723322096056,0.0061857692192168745,0.0025050355233773008,0.0,0.9987191258113686,0.0,0.9987191258113686,0.0012808741886314312,0.0,0.0,0.0,True,0,long_only,1.4410575937199048,1.3571444546137865
2023-03-02,1.9541136206145626,-0.0008230721919131323,0.0025050355233773008,0.0,0.9987180706910024,0.0,0.9987180706910024,0.0012819293089976203,0.0,0.0,0.0,True,0,long_only,1.44028206367413,1.35675758929446
2023-03-03,1.964405928268471,0.005266995503911076,0.0025050355233773008,0.0,0.9987247872309236,0.0,0.9987247872309236,0.0012752127690763837,0.0,0.0,0.0,True,0,long_only,1.4428290713381504,1.3614959438310905
2023-03-06,1.963451999008789,-0.00048560699494659687,0.00228964770859234,0.0,0.9988338662163637,0.0,0.9988338662163637,0.0011661337836362806,0.0016336600075402118,0.0,0.8314349782571273,True,0,long_only,1.4433495114372992,1.3603441047716625
2023-03-07,1.9496559275369514,-0.0070264368463310856,0.00228964770859234,0.0,0.9988256144706082,0.0,0.9988256144706082,0.0011743855293917527,0.0,0.0,0.0,True,0,long_only,1.4348045289256433,1.3588303411593075
2023-03-08,1.9422679433181465,-0.0037893784818423537,0.00228964770859234,0.0,0.9988211473517498,0.0,0.9988211473517498,0.0011788526482502393,0.0,0.0,0.0,True,0,long_only,1.4322762726724017,1.3560707388485749
2023-03-09,1.9477510903818316,0.0028230641825441882,0.00228964770859234,0.0,0.998824465959794,0.0,0.998824465959794,0.0011755340402059833,0.0,0.0,0.0,True,0,long_only,1.4325617894365166,1.3596279788727015
2023-03-10,1.9315805854694856,-0.008302141373298322,0.00228964770859234,0.0,0.9988146248073643,0.0,0.9988146248073643,0.0011853751926357292,0.0,0.0,0.0,True,0,long_only,1.4254436831450292,1.3550732367116327
2023-03-13,1.9386719901894918,0.0036712963328333625,0.002706062917970149,0.0,0.9986041667019155,0.0,0.9986041667019155,0.001395833298084459,0.00114955638613055,0.0,0.5953529092526427,True,0,long_only,1.4287297794338771,1.3569199845177689
2023-03-14,1.92812787039709,-0.005438836402320457,0.002706062917970149,0.0,0.9985965334771014,0.0,0.9985965334771014,0.0014034665228985777,0.0,0.0,0.0,True,0,long_only,1.426864190961537,1.3513044076729972
2023-03-15,1.937383373652476,0.00480025386152394,0.002706062917970149,0.0,0.9986032382879035,0.0,0.9986032382879035,0.0013967617120964615,0.0,0.0,0.0,True,0,long_only,1.4304110380002648,1.3544242334433925
2023-03-16,1.922417987163882,-0.0077245354182947645,0.002706062917970149,0.0,0.9985923649611902,0.0,0.9985923649611902,0.001407635038809807,0.0,0.0,0.0,True,0,long_only,1.4225775476975744,1.3513625252101678
2023-03-17,1.9281501466839766,0.0029817446353335164,0.002706062917970149,0.0,0.9985965496916182,0.0,0.9985965496916182,0.0014034503083818484,0.0,0.0,0.0,True,0,long_only,1.4261144883306078,1.3520304032119086
2023-03-20,1.9308198258457414,0.0013845805350565232,0.0029455904091456125,0.0,0.9984744353824648,0.0,0.9984744353824648,0.001525564617535169,0.0009015543567401073,0.0,0.46789051084093114,True,0,long_only,1.4267315158852754,1.3533168675030518
2023-03-21,1.9516789472470937,0.010803245917684556,0.0029455904091456125,0.0,0.9984907402863055,0.0,0.9984907402863055,0.001509259713694533,0.0,0.0,0.0,True,0,long_only,1.432838107395344,1.3621070916343188
2023-03-22,1.9629757849667457,0.005788266423423005,0.0029455904091456125,0.0,0.9984994260083572,0.0,0.9984994260083572,0.0015005739916428285,0.0,0.0,0.0,True,0,long_only,1.4375967201305948,1.3654564993640388
2023-03-23,1.9584020594492746,-0.002329995893224246,0.0029455904091456125,0.0,0.9984959215116562,0.0,0.9984959215116562,0.0015040784883437741,0.0,0.0,0.0,True,0,long_only,1.4387207433766833,1.361210692530155
2023-03-24,1.9598083252230107,0.0007180679610454543,0.0029455904091456125,0.0,0.9984970007672508,0.0,0.9984970007672508,0.0015029992327492137,0.0,0.0,0.0,True,0,long_only,1.4379091257101655,1.3629570118035699
2023-03-27,1.9663951415502539,0.0033609492532866714,0.002921979016267369,0.0,0.9985140428012023,0.0,0.9985140428012023,0.0014859571987977382,0.0009887466002614289,0.0,0.5047739229370068,True,0,long_only,1.4368866431224423,1.3685109754219424
2023-03-28,1.9587341598993466,-0.0038959522880368525,0.002921979016267369,0.0,0.9985082309401202,0.0,0.9985082309401202,0.0014917690598797995,0.0,0.0,0.0,True,0,long_only,1.4336143450415255,1.366290848493575
2023-03-29,1.9552493586437225,-0.0017791088382320686,0.002921979016267369,0.0,0.998505572190396,0.0,0.998505572190396,0.0014944278096039598,0.0,0.0,0.0,True,0,long_only,1.4312042580562077,1.3661567506089225
2023-03-30,1.9528323510598502,-0.0012361633431495767,0.002921979016267369,0.0,0.9985037225470575,0.0,0.9985037225470575,0.0014962774529424516,0.0,0.0,0.0,True,0,long_only,1.4331501591747116,1.362615311841713
2023-03-31,1.9606490444460372,0.0040027467703229735,0.002921979016267369,0.0,0.9985096878890465,0.0,0.9985096878890465,0.0014903121109535178,0.0,0.0,0.0,True,0,long_only,1.4382547885088524,1.3632139869172906
2023-04-03,1.9653813321060003,0.0024136332166984076,0.0031126507052021625,0.0,0.9984162611833364,0.0,0.9984162611833364,0.0015837388166636268,0.0007981800959446282,0.0,0.40747760665856936,True,0,long_only,1.4459046565059965,1.3592745021344008
2023-04-04,1.9646349892753456,-0.00037974454039158,0.0031126507052021625,0.0,0.9984156595386962,0.0,0.9984156595386962,0.0015843404613038459,0.0,0.0,0.0,True,0,long_only,1.4454747892589088,1.3591624038511312
2023-04-06,1.9680858932221397,0.0017565114973683293,0.0031126507052021625,0.0,0.998418437571286,0.0,0.998418437571286,0.0015815624287139896,0.0,0.0,0.0,True,0,long_only,1.446658604739366,1.360435618171791
2023-04-07,1.9723721334307345,0.0021778725325740655,0.0031126507052021625,0.0,0.9984218745274057,0.0,0.9984218745274057,0.0015781254725942828,0.0,0.0,0.0,True,0,long_only,1.4523194079931958,1.358084263403285
2023-04-10,1.9703930790621236,-0.0010033879180642025,0.0028765913078594605,0.0,0.9985400926655565,0.0,0.9985400926655565,0.0014599073344434554,0.0010679464207090387,0.0,0.5405141180407774,True,0,long_only,1.4501042649199314,1.35879407207379
2023-04-11,1.9713966283134152,0.0005093142388468141,0.0028765913078594605,0.0,0.9985408358386407,0.0,0.9985408358386407,0.001459164161359272,0.0,0.0,0.0,True,0,long_only,1.4463844095817586,1.3629824929345518
2023-04-12,1.9836399568580088,0.006210484673025096,0.0028765913078594605,0.0,0.9985498420225333,0.0,0.9985498420225333,0.0014501579774667261,0.0,0.0,0.0,True,0,long_only,1.4490757677287511,1.3689000955188986
2023-04-13,1.9781890896889598,-0.0027479115603634696,0.0028765913078594605,0.0,0.9985458461363207,0.0,0.9985458461363207,0.0014541538636793083,0.0,0.0,0.0,True,0,long_only,1.4459004109035563,1.3681364738341637
2023-04-14,1.9887701726426326,0.005348873375566221,0.0028765913078594605,0.0,0.9985535828385654,0.0,0.9985535828385654,0.0014464171614345656,0.0,0.0,0.0,True,0,long_only,1.452358326015566,1.3693385007119225
2023-04-17,2.0026262522284046,0.006967159793713318,0.0019852688044488024,0.0,0.9990086673425759,0.0,0.9990086673425759,0.0009913326574241266,0.0019863638457913147,0.0,0.9985539247774119,True,0,long_only,1.4582416695973117,1.373315750043971
2023-04-18,2.001480528471247,-0.0005721106251767027,0.0019852688044488024,0.0,0.9990080998659701,0.0,0.9990080998659701,0.0009919001340299438,0.0,0.0,0.0,True,0,long_only,1.460034375227759,1.3708447981980048
2023-04-19,1.994479772775121,-0.003497788560288151,0.0019852688044488024,0.0,0.9990046182310054,0.0,0.9990046182310054,0.0009953817689946076,0.0,0.0,0.0,True,0,long_only,1.4549470821035828,1.3708263326604802
2023-04-20,1.9741068628908576,-0.010214648532592796,0.0019852688044488024,0.0,0.9989943458270837,0.0,0.9989943458270837,0.0010056541729163149,0.0,0.0,0.0,True,0,long_only,1.4470997935929613,1.3641815662134855
2023-04-21,1.965802356748576,-0.004206715603085609,0.0019852688044488024,0.0,0.998990097454287,0.0,0.998990097454287,0.0010099025457129818,0.0,0.0,0.0,True,0,long_only,1.434476909937328,1.3703966533936482
2023-04-24,1.9443030195058477,-0.010936672839424233,0.0024505599868845894,0.0,0.9987396203357708,0.0,0.9987396203357708,0.0012603796642292053,0.001476399530077481,0.0,0.7507997339846856,True,0,long_only,1.4241031341744816,1.3652824524067306
2023-04-25,1.9420303926438438,-0.0011688645438515666,0.0024505599868845894,0.0,0.9987381453986679,0.0,0.9987381453986679,0.001261854601332102,0.0,0.0,0.0,True,0,long_only,1.422921795295448,1.3648187827782978
2023-04-26,1.9663636816579826,0.012529818846455765,0.0024505599868845894,0.0,0.9987537605531759,0.0,0.9987537605531759,0.0012462394468241156,0.0,0.0,0.0,True,0,long_only,1.432099018770516,1.3730640520556623
2023-04-27,1.9775186141834533,0.005672873553108637,0.0024505599868845894,0.0,0.9987607904323588,0.0,0.9987607904323588,0.0012392095676412307,0.0,0.0,0.0,True,0,long_only,1.4392970839079637,1.3739474888770817
2023-04-28,1.9808032349507212,0.0016609809605379056,0.0024505599868845894,0.0,0.998762845322723,0.0,0.998762845322723,0.0012371546772770303,0.0,0.0,0.0,True,0,long_only,1.4462793309213595,1.3695855237652055
2023-05-04,2.003166331031026,0.011289912943251545,0.0025257537746682063,0.0,0.9987391192955165,0.0,0.9987391192955165,0.0012608807044834913,0.0013003817129809904,0.0,0.6565844671838524,True,0,long_only,1.4471096999986555,1.3842532677604795
2023-05-05,1.9865986189994123,-0.008270762030572976,1.0649077763139727,0.0,0.46395423507827993,0.0,0.46395423507827993,0.5360457649217201,0.0010634454680073118,0.0,0.5317644586776261,True,0,long_only,1.4387723982063745,1.3807594734761228
2023-05-08,1.9852333246162377,-0.0006872522562519912,0.0018424175066662138,0.0,0.9990719390593434,0.0,0.9990719390593434,0.000928060940656561,0.0010620033554518545,0.0,0.5347135173586595,True,0,long_only,1.4486105204613273,1.3704396706880304
2023-05-09,1.9688495695003554,-0.008252810847334313,0.0018424175066662138,0.0,0.9990642162127532,0.0,0.9990642162127532,0.0009357837872467911,0.0,0.0,0.0,True,0,long_only,1.4419990560610576,1.3653612054909623
2023-05-10,1.9821599690117229,0.0067604959350680005,0.19018093019360702,0.0,0.9040536923523743,0.0,0.9040536923523743,0.09594630764762568,0.00018852703972666748,0.0,0.09582360690018872,True,0,long_only,1.4381274204356413,1.378292313216086
2023-05-11,1.990301167810787,0.004107236008364712,0.19018093019360702,0.0,0.9044461545471559,0.0,0.9044461545471559,0.09555384545284407,0.0,0.0,0.0,True,0,long_only,1.440976219673131,1.381217219713913
2023-05-12,1.9672942145857168,-0.011559533600825067,0.19018093019360702,0.0,0.9033286791657361,0.0,0.9033286791657361,0.09667132083426389,0.0,0.0,0.0,True,0,long_only,1.4248199333864977,1.3807318163424847
2023-05-15,1.9846486256511775,0.008821461953577359,0.002850286602385964,0.0,0.9985638331311918,0.0,0.9985638331311918,0.0014361668688082085,0.00088240924154522,0.0,0.4494509822246995,True,0,long_only,1.432087343363805,1.3858432831264822
2023-05-16,1.9789595160055082,-0.002866557622411725,0.002850286602385964,0.0,0.9985597044409785,0.0,0.9985597044409785,0.001440295559021476,0.0,0.0,0.0,True,0,long_only,1.4330026244899088,1.3809880611418546
2023-05-17,1.9863163086095013,0.0037175053579885375,0.002850286602385964,0.0,0.998565038916495,0.0,0.998565038916495,0.0014349610835050486,0.0,0.0,0.0,True,0,long_only,1.4361058060736174,1.3831267168539525
2023-05-18,1.9947151752756263,0.004228363141218328,0.002850286602385964,0.0,0.9985710809053266,0.0,0.9985710809053266,0.0014289190946733532,0.0,0.0,0.0,True,0,long_only,1.4387448017905122,1.386427372521667
2023-05-19,1.99027103203753,-0.0022279588049367582,0.002850286602385964,0.0,0.998567890223741,0.0,0.998567890223741,0.0014321097762589607,0.0,0.0,0.0,True,0,long_only,1.4376069803364924,1.3844333390560464
2023-05-22,1.999137665955391,0.004454988177556851,0.002859106624793958,0.0,0.9985698300454824,0.0,0.9985698300454824,0.0014301699545176128,0.001115403903378607,0.0,0.5603164829094912,True,0,long_only,1.439473984009646,1.3887973580368609
2023-05-23,1.9908123203657344,-0.004164468376257613,0.002859106624793958,0.0,0.9985638492410632,0.0,0.9985638492410632,0.0014361507589367717,0.0,0.0,0.0,True,0,long_only,1.4332276414192482,1.3890412540427564
2023-05-24,1.9826289038872391,-0.004110591638789907,0.002859106624793958,0.0,0.9985579214450127,0.0,0.9985579214450127,0.0014420785549873472,0.0,0.0,0.0,True,0,long_only,1.427041798663626,1.3893278429152536
2023-05-25,1.9870154914311462,0.002212510639437726,0.002859106624793958,0.0,0.9985611050154749,0.0,0.9985611050154749,0.0014388949845250965,0.0,0.0,0.0,True,0,long_only,1.4257291999091442,1.3936836613557262
2023-05-26,2.001072669674937,0.007074518696211118,0.002859106624793958,0.0,0.9985712129958487,0.0,0.9985712129958487,0.0014287870041512774,0.0,0.0,0.0,True,0,long_only,1.4302008806794664,1.3991549695622185
2023-05-29,2.005466289203117,0.00219563217006713,0.002909616955282698,0.0,0.9985491568863823,0.0,0.9985491568863823,0.0014508431136176503,0.001086408441971483,0.0,0.5428133235682238,True,0,long_only,1.4272728301964228,1.4051036681803315
2023-05-30,2.008368048833338,0.001446925159422241,0.002909616955282698,0.0,0.9985512531147004,0.0,0.9985512531147004,0.0014487468852996122,0.0,0.0,0.0,True,0,long_only,1.4256499486635905,1.4087385551523288
2023-05-31,2.0046151617415036,-0.0018686251725696934,0.002909616955282698,0.0,0.9985485408816549,0.0,0.9985485408816549,0.0014514591183450998,0.0,0.0,0.0,True,0,long_only,1.4236824657326812,1.4080493438611343
2023-06-01,2.009356316016408,0.002365119433091367,0.002909616955282698,0.0,0.998551965655822,0.0,0.998551965655822,0.0014480343441779508,0.0,0.0,0.0,True,0,long_only,1.4260023336661414,1.4090834696255432
2023-06-02,2.0263159214904958,0.0084403175976826,0.002909616955282698,0.0,0.998564085232503,0.0,0.998564085232503,0.0014359147674970485,0.0,0.0,0.0,True,0,long_only,1.4370858326369367,1.4100173249724197
2023-06-05,2.0249621622246536,-0.0006680889448109628,0.0023996961083061815,0.0,0.9988149427416115,0.0,0.9988149427416115,0.0011850572583884666,0.0016470586754314548,0.0,0.8126176790896276,True,0,long_only,1.4351717735367355,1.410954562766017
2023-06-06,2.0139799135271175,-0.005423434028748009,0.0023996961083061815,0.0,0.9988084806148321,0.0,0.9988084806148321,0.0011915193851679273,0.0,0.0,0.0,True,0,long_only,1.429504601879245,1.4088656384033418
2023-06-07,2.013189488961378,-0.00039246894193445403,0.0023996961083061815,0.0,0.9988080127968757,0.0,0.9988080127968757,0.0011919872031243006,0.0,0.0,0.0,True,0,long_only,1.4278304193169251,1.4099639997335882
2023-06-08,2.020921765755456,0.0038408092414921047,0.0023996961083061815,0.0,0.998812573475644,0.0,0.998812573475644,0.0011874265243559945,0.0,0.0,0.0,True,0,long_only,1.43108042798503,1.412165051129185
2023-06-09,2.031569194042869,0.005268599936837592,0.0023996961083061815,0.0,0.9988187967629442,0.0,0.9988187967629442,0.001181203237055839,0.0,0.0,0.0,True,0,long_only,1.4354640125047144,1.4152700286076987
2023-06-12,2.0485232793007615,0.008345315191629732,0.0032221210847071585,0.0,0.9984271005766617,0.0,0.9984271005766617,0.0015728994233382698,0.0008330671761047679,0.0,0.4102119001237676,True,0,long_only,1.4382908761295956,1.424276071898117
2023-06-13,2.0497551986087017,0.0006013694451938445,0.0032221210847071585,0.0,0.9984280459018257,0.0,0.9984280459018257,0.001571954098174344,0.0,0.0,0.0,True,0,long_only,1.438880661068604,1.4245484382884286
2023-06-14,2.053410321228201,0.0017831995849946214,0.0032221210847071585,0.0,0.9984308440201178,0.0,0.9984308440201178,0.0015691559798821642,0.0,0.0,0.0,True,0,long_only,1.4391820988418704,1.4267897876721842
2023-06-15,2.0668926504562775,0.006565823249593983,0.0032221210847071585,0.0,0.9984410796158205,0.0,0.9984410796158205,0.0015589203841794852,0.0,0.0,0.0,True,0,long_only,1.4440358838318261,1.4313305324322465
2023-06-16,2.078288996848659,0.0055137582447086775,0.0032221210847071585,0.0,0.9984496279922606,0.0,0.9984496279922606,0.0015503720077394423,0.0,0.0,0.0,True,0,long_only,1.4466331311247238,1.4366386004396547
2023-06-19,2.0724866326125975,-0.002791894796565497,0.003684563853065229,0.0,0.998222153139574,0.0,0.998222153139574,0.0017778468604260356,0.0004599933990483092,0.0,0.2215808414382032,True,0,long_only,1.4410929737402414,1.4381352698109577
2023-06-20,2.075823370323089,0.0016100165173489334,0.003684563853065229,0.0,0.9982250109013409,0.0,0.9982250109013409,0.001774989098659141,0.0,0.0,0.0,True,0,long_only,1.43948176761412,1.442062981988079
2023-06-21,2.064407161445555,-0.005499605140179664,0.003684563853065229,0.0,0.9982151951795762,0.0,0.9982151951795762,0.0017848048204237577,0.0,0.0,0.0,True,0,long_only,1.432906744634797,1.4407128511155884
2023-06-26,2.0482633242125234,-0.007820083912965514,0.003695685000621152,0.0,0.9981956982986833,0.0,0.9981956982986833,0.001804301701316735,0.00042363337699760206,0.0,0.2052923806589958,True,0,long_only,1.4251312775654583,1.437245365712243
2023-06-27,2.0613657178093168,0.006396830642774187,0.003695685000621152,0.0,0.9982071667493584,0.0,0.9982071667493584,0.0017928332506416123,0.0,0.0,0.0,True,0,long_only,1.4324938597974708,1.4390049239727682
2023-06-28,2.0753440791184548,0.006781116610396154,0.003695685000621152,0.0,0.9982192422751455,0.0,0.9982192422751455,0.0017807577248545314,0.0,0.0,0.0,True,0,long_only,1.431736727362271,1.4495291204423595
2023-06-29,2.073244049639975,-0.0010118946056268951,0.003695685000621152,0.0,0.9982174385107904,0.0,0.9982174385107904,0.001782561489209633,0.0,0.0,0.0,True,0,long_only,1.4323523397161249,1.4474399853676139
2023-06-30,2.078328317169309,0.0024523246697447654,0.003695685000621152,0.0,0.9982217992363908,0.0,0.9982217992363908,0.001778200763609239,0.0,0.0,0.0,True,0,long_only,1.4361050984732107,1.4471979240090962
2023-07-03,2.0767438111225527,-0.0007623944848685893,0.210838931487297,0.0,0.8984761960728651,0.0,0.8984761960728651,0.10152380392713489,0.0006417193176980349,0.0,0.3088927803332602,True,0,long_only,1.441025751701602,1.4411566265698428
2023-07-04,2.086776807494819,0.004831118946175161,0.210838931487297,0.0,0.8989643115018086,0.0,0.8989643115018086,0.10103568849819144,0.0,0.0,0.0,True,0,long_only,1.4407947201688052,1.448351231638557
2023-07-05,2.083521195205926,-0.00156011523474886,0.210838931487297,0.0,0.8988064378838927,0.0,0.8988064378838927,0.1011935621161073,0.0,0.0,0.0,True,0,long_only,1.4385420742739843,1.4483561047440723
2023-07-06,2.087793843420093,0.002050686224838172,0.210838931487297,0.0,0.8990135294479488,0.0,0.8990135294479488,0.10098647055205123,0.0,0.0,0.0,True,0,long_only,1.437302712161599,1.452577683013067
2023-07-07,2.084954063048357,-0.001360182366992646,0.210838931487297,0.0,0.8988759823422513,0.0,0.8988759823422513,0.1011240176577487,0.0,0.0,0.0,True,0,long_only,1.4374909338697888,1.4504119740328163
2023-07-10,2.07697459546386,-0.0038271670949096004,0.0029061017883191234,0.0,0.9986008005130799,0.0,0.9986008005130799,0.001399199486920133,0.0010525833345285554,0.0,0.5044148497737289,True,0,long_only,1.436915300938915,1.4454398210574517
2023-07-11,2.0871617851843243,0.004904821533548542,0.20706344730939327,0.0,0.9007918558210346,0.0,0.9007918558210346,0.0992081441789654,0.00020436170722830244,0.0,0.09839349933721553,True,0,long_only,1.4402328854458626,1.4491835357156058
2023-07-12,2.080329418812076,-0.0032735202516392947,0.20706344730939327,0.0,0.9004660293523936,0.0,0.9004660293523936,0.09953397064760638,0.0,0.0,0.0,True,0,long_only,1.4380955784173384,1.4465863396239163
2023-07-13,2.0842151410820007,0.0018678398886189385,0.20706344730939327,0.0,0.9006515962637628,0.0,0.9006515962637628,0.09934840373623721,0.0,0.0,0.0,True,0,long_only,1.4447102270194385,1.4426527217031722
2023-07-14,2.0768688209467583,-0.0035247417555120952,0.20706344730939327,0.0,0.9003001801457053,0.0,0.9003001801457053,0.09969981985429466,0.0,0.0,0.0,True,0,long_only,1.4436421042054814,1.438631371928417
2023-07-17,2.0777857285472745,0.0004414855629149006,0.2112665266129456,0.0,0.8983213121014857,0.0,0.8983213121014857,0.10167868789851431,0.0008386615908477937,0.0,0.4021559907723631,True,0,long_only,1.4403305343019912,1.4425756304293063
2023-07-18,2.084189042282156,0.003081796956685201,0.2112665266129456,0.0,0.8986337024487894,0.0,0.8986337024487894,0.10136629755121063,0.0,0.0,0.0,True,0,long_only,1.4416505628607437,1.4456964093617728
2023-07-19,2.094381939581223,0.004890581944479555,0.2112665266129456,0.0,0.8991270299746813,0.0,0.8991270299746813,0.1008729700253187,0.0,0.0,0.0,True,0,long_only,1.4427622030997143,1.4516473574657909
2023-07-20,2.092639182286198,-0.0008321105439694776,0.2112665266129456,0.0,0.8990430226093071,0.0,0.8990430226093071,0.10095697739069287,0.0,0.0,0.0,True,0,long_only,1.4406892877082027,1.452526370634083
2023-07-21,2.0897048718994533,-0.0014022056031365304,0.2112665266129456,0.0,0.8989012613915603,0.0,0.8989012613915603,0.10109873860843965,0.0,0.0,0.0,True,0,long_only,1.4410855439359707,1.450090787943052
2023-07-24,2.0792906258160917,-0.004983596594621109,0.21166799340552794,0.0,0.8982018238443934,0.0,0.8982018238443934,0.1017981761556066,0.0004406962879229801,0.0,0.21131595440524176,True,0,long_only,1.4369103477360679,1.447056616365892
2023-07-25,2.099465522235447,0.009702778519205868,0.21166799340552794,0.0,0.8991800574175897,0.0,0.8991800574175897,0.10081994258241034,0.0,0.0,0.0,True,0,long_only,1.4492225948131476,1.4486839563153078
2023-07-26,2.0940744197639805,-0.002567845203633512,0.21166799340552794,0.0,0.8989205009106674,0.0,0.8989205009106674,0.10107949908933256,0.0,0.0,0.0,True,0,long_only,1.4485804474440411,1.4456045043676284
2023-07-27,2.094308500180758,0.00011178228174135718,0.21166799340552794,0.0,0.8989317985448376,0.0,0.8989317985448376,0.10106820145516238,0.0,0.0,0.0,True,0,long_only,1.4482694570652839,1.446076550163933
2023-07-28,2.1087880746636,0.006913773439582771,0.21166799340552794,0.0,0.8996257632767133,0.0,0.8996257632767133,0.10037423672328671,0.0,0.0,0.0,True,0,long_only,1.4604907774900988,1.4438900314643692
2023-07-31,2.113550342448027,0.00225829605243133,0.21371354381845492,0.0,0.8988841005930711,0.0,0.8988841005930711,0.10111589940692889,0.0008604720804693794,0.0,0.4078634091694905,True,0,long_only,1.462473473829753,1.4451888395030583
2023-08-01,2.1148028052445196,0.0005925871607306288,0.21371354381845492,0.0,0.8989439850900214,0.0,0.8989439850900214,0.10105601490997862,0.0,0.0,0.0,True,0,long_only,1.457579709416817,1.4509002777561029
2023-08-02,2.105553955684984,-0.004373386273461954,0.21371354381845492,0.0,0.8985000867627118,0.0,0.8985000867627118,0.10149991323728824,0.0,0.0,0.0,True,0,long_only,1.4574891365647558,1.4446446994779607
2023-08-03,2.1027436672407043,-0.0013347026499567205,0.21371354381845492,0.0,0.8983644335027781,0.0,0.8983644335027781,0.10163556649722194,0.0,0.0,0.0,True,0,long_only,1.4630880247829967,1.4371955969994221
2023-08-04,2.1108366731654895,0.003848783877401951,0.21371354381845492,0.0,0.8987541070631666,0.0,0.8987541070631666,0.10124589293683339,0.0,0.0,0.0,True,0,long_only,1.4659987390560751,1.4398625434866414
2023-08-07,2.096800582309963,-0.006649539035380458,0.21419969704802175,0.0,0.897844507076564,0.0,0.897844507076564,0.10215549292343595,0.0004338570640152377,0.0,0.20558931310689507,True,0,long_only,1.4592860877976435,1.4368673831972572
2023-08-08,2.092559094995116,-0.0020228377226862992,0.21419969704802175,0.0,0.8976374442373769,0.0,0.8976374442373769,0.1023625557626231,0.0,0.0,0.0,True,0,long_only,1.4576402092515923,1.4355799748893556
2023-08-09,2.0858656294914053,-0.003198698435671221,0.21419969704802175,0.0,0.897308966589449,0.0,0.897308966589449,0.10269103341055097,0.0,0.0,0.0,True,0,long_only,1.454625831518928,1.433953381202734
2023-08-10,2.1025882210927036,0.008017099167301645,0.21419969704802175,0.0,0.8981257029316451,0.0,0.8981257029316451,0.10187429706835494,0.0,0.0,0.0,True,0,long_only,1.4561655700039697,1.4439211202383886
2023-08-11,2.089239101947089,-0.006348898472701148,0.21419969704802175,0.0,0.8974747807235678,0.0,0.8974747807235678,0.10252521927643221,0.0,0.0,0.0,True,0,long_only,1.4505412081710867,1.440316959061993
2023-08-14,2.0879218345676334,-0.0006305010174412207,0.0033104488681212534,0.0,0.9984144766277581,0.0,0.9984144766277581,0.001585523372241937,0.0006455152148573665,0.0,0.3092940569174306,True,0,long_only,1.4465425582726625,1.4433877680452425
2023-08-15,2.0794876727606293,-0.004039500745367075,0.0033104488681212534,0.0,0.9984080459280981,0.0,0.9984080459280981,0.0015919540719019354,0.0,0.0,0.0,True,0,long_only,1.444350412212617,1.4397390378246497
2023-08-16,2.0801304199165216,0.0003090891878378965,0.0033104488681212534,0.0,0.998408537831847,0.0,0.998408537831847,0.0015914621681529795,0.0,0.0,0.0,True,0,long_only,1.4428230567346931,1.4417086074463923
2023-08-17,2.095783740483906,0.007525163046273153,0.0033104488681212534,0.0,0.9984204243958125,0.0,0.9984204243958125,0.001579575604187533,0.0,0.0,0.0,True,0,long_only,1.4474737604079175,1.4478906615158855
2023-08-18,2.1052578041901002,0.00452053497848337,0.0033104488681212534,0.0,0.9984275327888429,0.0,0.9984275327888429,0.0015724672111571136,0.0,0.0,0.0,True,0,long_only,1.4455483797012088,1.456373120230851
2023-08-21,2.080511943516227,-0.011754313711423547,0.003319639747881942,0.0,0.9984044120687567,0.0,0.9984044120687567,0.0015955879312432586,0.0008792580790446244,0.0,0.41805657072777636,True,0,long_only,1.4408134715795835,1.443984238456164
2023-08-22,2.0821220526099724,0.0007739004329021526,0.003319639747881942,0.0,0.9984056459400539,0.0,0.9984056459400539,0.0015943540599461237,0.0,0.0,0.0,True,0,long_only,1.4363382528072277,1.4496042617681477
2023-08-23,2.065551637528591,-0.00795842638552835,0.003319639747881942,0.0,0.9983928555996529,0.0,0.9983928555996529,0.0016071444003471491,0.0,0.0,0.0,True,0,long_only,1.4285486337297546,1.4459092177601993
2023-08-24,2.0658093490587377,0.00012476644275771775,0.003319639747881942,0.0,0.9983930560923279,0.0,0.9983930560923279,0.0016069439076721315,0.0,0.0,0.0,True,0,long_only,1.4319115046627329,1.4426934502110247
2023-08-25,2.0575001100158383,-0.004022268098789139,0.003319639747881942,0.0,0.9983865664299496,0.0,0.9983865664299496,0.0016134335700503932,0.0,0.0,0.0,True,0,long_only,1.427209146159817,1.4416248070942799
2023-08-28,2.065112617207467,0.0036998817908058257,0.003221462668016815,0.0,0.9984400547257452,0.0,0.9984400547257452,0.001559945274254848,0.0009673079312563255,0.0,0.4610312751076759,True,0,long_only,1.4302313074969555,1.4439011412927436
2023-08-29,2.0889577836003608,0.011546666362989066,0.003221462668016815,0.0,0.9984578612869502,0.0,0.9984578612869502,0.0015421387130497566,0.0,0.0,0.0,True,0,long_only,1.4389355001001256,1.4517383047780839
2023-08-30,2.0916840516026114,0.0013050852552662917,0.003221462668016815,0.0,0.9984598712862258,0.0,0.9984598712862258,0.0015401287137741804,0.0,0.0,0.0,True,0,long_only,1.4392624114880341,1.453302771549524
2023-08-31,2.097217077474326,0.002645249347039691,0.003221462668016815,0.0,0.9984639345623219,0.0,0.9984639345623219,0.0015360654376781468,0.0,0.0,0.0,True,0,long_only,1.438262218313123,1.4581604458289
2023-09-01,2.1071311703235445,0.004727261167049912,0.003221462668016815,0.0,0.9984711617798704,0.0,0.9984711617798704,0.0015288382201296136,0.0,0.0,0.0,True,0,long_only,1.4422817424235455,1.4609705637560217
2023-09-04,2.11094488081443,0.0018099065424104221,0.0025262497967814563,0.0,0.9988032611274024,0.0,0.9988032611274024,0.0011967388725976358,0.001685156474791469,0.0,0.7988721156059944,True,0,long_only,1.4494504421441141,1.456376030139943
2023-09-05,2.1112581519985087,0.00014840329888543558,0.0025262497967814563,0.0,0.9988034387010464,0.0,0.9988034387010464,0.0011965612989536245,0.0,0.0,0.0,True,0,long_only,1.4465715698893384,1.4594909757282306
2023-09-06,2.1078082489432823,-0.001634050791922692,0.0025262497967814563,0.0,0.9988014802589146,0.0,0.9988014802589146,0.0011985197410854243,0.0,0.0,0.0,True,0,long_only,1.4449854835776559,1.4587054838257172
2023-09-07,2.078997509983203,-0.013668576814102162,0.0025262497967814563,0.0,0.9987848711772619,0.0,0.9987848711772619,0.0012151288227381096,0.0,0.0,0.0,True,0,long_only,1.4293139035696316,1.4545422840924047
2023-09-08,2.074192179761255,-0.002311368916448009,0.0025262497967814563,0.0,0.9987820560594958,0.0,0.9987820560594958,0.0012179439405042292,0.0,0.0,0.0,True,0,long_only,1.4254836625680094,1.455079587530731
2023-09-11,2.0853845577259595,0.005396017820293197,0.003103153244743589,0.0,0.9985119515567299,0.0,0.9985119515567299,0.0014880484432701069,0.0010359973156780146,0.0,0.49977969378241055,True,0,long_only,1.4283172483967543,1.4600289677007994
2023-09-12,2.088355698484251,0.0014247447777839817,0.003103153244743589,0.0,0.9985140686296899,0.0,0.9985140686296899,0.0014859313703100563,0.0,0.0,0.0,True,0,long_only,1.4282655935670632,1.4621620151673798
2023-09-13,2.0782716848365794,-0.004828685867541926,0.003103153244743589,0.0,0.9985068587194905,0.0,0.9985068587194905,0.0014931412805094801,0.0,0.0,0.0,True,0,long_only,1.4219414149319252,1.461573355282064
2023-09-14,2.0728201615864483,-0.0026231042312255815,0.003103153244743589,0.0,0.9985029317534385,0.0,0.9985029317534385,0.0014970682465614837,0.0,0.0,0.0,True,0,long_only,1.4195327431474207,1.460212997264539
2023-09-15,2.078640076883676,0.002807728043697333,0.003103153244743589,0.0,0.9985071233450883,0.0,0.9985071233450883,0.0014928766549117123,0.0,0.0,0.0,True,0,long_only,1.4207388480406897,1.463069782142076
2023-09-18,2.0856303781640793,0.0033629204777401167,0.0034144910798662312,0.0,0.9983628493736882,0.0,0.9983628493736882,0.0016371506263117563,0.0007327207185250409,0.0,0.3527391463444059,True,0,long_only,1.4226306177280792,1.466037882338566
2023-09-19,2.079889934737623,-0.0027523781234475297,0.0034144910798662312,0.0,0.9983583308795151,0.0,0.9983583308795151,0.001641669120484912,0.0,0.0,0.0,True,0,long_only,1.4196636492226655,1.4650582452234113
2023-09-20,2.079049906358542,-0.0004038811694077049,0.0034144910798662312,0.0,0.9983576675723737,0.0,0.9983576675723737,0.0016423324276263473,0.0,0.0,0.0,True,0,long_only,1.4179310896267905,1.4662559567022135
2023-09-21,2.063999182744352,-0.007239231520205003,0.0034144910798662312,0.0,0.9983456916512311,0.0,0.9983456916512311,0.0016543083487688959,0.0,0.0,0.0,True,0,long_only,1.414250506111191,1.4594296935553486
2023-09-22,2.0801759821768613,0.007837599727631872,0.0034144910798662312,0.0,0.9983585566273614,0.0,0.9983585566273614,0.0016414433726386068,0.0,0.0,0.0,True,0,long_only,1.4227551553996634,1.46207587038581
2023-09-25,2.0820591539187934,0.0009052944356953141,0.003662996744244978,0.0,0.9982406855552828,0.0,0.9982406855552828,0.0017593144447172193,0.00048745560927540864,0.0,0.23446540717015626,True,0,long_only,1.4214443256461984,1.464748999558794
2023-09-26,2.099437359995246,0.00834664377510319,0.003662996744244978,0.0,0.998255248375568,0.0,0.998255248375568,0.001744751624431995,0.0,0.0,0.0,True,0,long_only,1.421535252298463,1.476880264911258
2023-09-27,2.1149306852089285,0.007379751122328138,0.003662996744244978,0.0,0.9982680298839757,0.0,0.9982680298839757,0.0017319701160243284,0.0,0.0,0.0,True,0,long_only,1.4236576997184458,1.4855612312055029
2023-09-28,2.105620442227927,-0.004402150409048344,0.003662996744244978,0.0,0.9982603717788905,0.0,0.9982603717788905,0.0017396282211095127,0.0,0.0,0.0,True,0,long_only,1.4286360223799857,1.4738676676513751
2023-10-09,2.110531631473804,0.0023324190568174696,0.003678235346672901,0.0,0.9982571996117848,0.0,0.9982571996117848,0.001742800388215171,0.00052527562486366,0.0,0.249455494052243,True,0,long_only,1.4254288235364878,1.4806292651200756
2023-10-10,2.1061641460796574,-0.0020693768949089364,0.003678235346672901,0.0,0.9982535856222224,0.0,0.9982535856222224,0.001746414377777561,0.0,0.0,0.0,True,0,long_only,1.4216375005572353,1.4815057602617476
2023-10-11,2.102830005432052,-0.0015830393152459488,0.003678235346672901,0.0,0.9982508165961246,0.0,0.9982508165961246,0.0017491834038754206,0.0,0.0,0.0,True,0,long_only,1.4179342738286207,1.4830236099407608
2023-10-12,2.0962774140968112,-0.0031160822883038453,0.003678235346672901,0.0,0.9982453489590939,0.0,0.9982453489590939,0.0017546510409061078,0.0,0.0,0.0,True,0,long_only,1.4212783933508206,1.4749238600290024
2023-10-13,2.0924837001467624,-0.0018097385033760682,0.003678235346672901,0.0,0.9982421677423748,0.0,0.9982421677423748,0.0017578322576251582,0.0,0.0,0.0,True,0,long_only,1.4182243899953795,1.4754249855719797
2023-10-16,2.101987341196907,0.004541799321771567,0.0030532483449752274,0.0,0.9985474468446435,0.0,0.9985474468446435,0.0014525531553565285,0.00112278757819496,0.0,0.5367194290552841,True,0,long_only,1.4109983746418657,1.4897163448047384
2023-10-17,2.08275810637487,-0.009148121135252874,0.0030532483449752274,0.0,0.9985340360286535,0.0,0.9985340360286535,0.0014659639713464623,0.0,0.0,0.0,True,0,long_only,1.4078191260144335,1.4794216585700206
2023-10-18,2.0592831441773054,-0.01127109390462222,0.0030532483449752274,0.0,0.9985173246556169,0.0,0.9985173246556169,0.0014826753443830665,0.0,0.0,0.0,True,0,long_only,1.396977980182943,1.4740984993246848
2023-10-19,2.030915170692445,-0.013775654681131067,0.0030532483449752274,0.0,0.9984966145366209,0.0,0.9984966145366209,0.0015033854633791366,0.0,0.0,0.0,True,0,long_only,1.3843423597199884,1.4670613496962117
2023-10-20,2.0132132866604713,-0.008716210449074557,0.0030532483449752274,0.0,0.998483395492566,0.0,0.998483395492566,0.0015166045074339607,0.0,0.0,0.0,True,0,long_only,1.3802166955485566,1.4586211666279945
2023-10-23,1.9832972187856674,-0.014859860141509862,0.0029334835659566086,0.0,0.9985209057229694,0.0,0.9985209057229694,0.0014790942770306348,0.0010809502335825038,0.0,0.5375853961540435,True,0,long_only,1.3652820813641404,1.4526647978885276
2023-10-24,2.0132287526706523,0.015091804496812244,0.13985670873655384,0.0,0.9305311388231334,0.0,0.9305311388231334,0.06946886117686657,0.00013706028545605326,0.0,0.06907939994933537,True,0,long_only,1.379923748980171,1.4589420278899639
2023-10-25,2.017996422458241,0.0023681709201024415,0.13985670873655384,0.0,0.9306952642828841,0.0,0.9306952642828841,0.06930473571711593,0.0,0.0,0.0,True,0,long_only,1.3864633919391578,1.4554992466377337
2023-10-26,2.0241518938524514,0.003050288556365466,0.13985670873655384,0.0,0.9309060208567784,0.0,0.9309060208567784,0.06909397914322157,0.0,0.0,0.0,True,0,long_only,1.3889520225696226,1.4573231191295442
2023-10-27,2.044659031368525,0.010131224627141666,0.13985670873655384,0.0,0.9315990066847746,0.0,0.9315990066847746,0.06840099331522542,0.0,0.0,0.0,True,0,long_only,1.4001381235993935,1.4603266612812704
2023-10-30,2.061755301074698,0.008361428210712507,0.0035796509893358435,0.0,0.998263784752987,0.0,0.998263784752987,0.001736215247012951,0.00037547713214716445,0.0,0.18320694421644979,True,0,long_only,1.401814428962934,1.470776201526182
2023-10-31,2.040312843977996,-0.010400097958048193,0.0035796509893358435,0.0,0.9982455381781764,0.0,0.9982455381781764,0.0017544618218235941,0.0,0.0,0.0,True,0,long_only,1.3943046658463218,1.4633192400167125
2023-11-01,2.0323656249890374,-0.0038950982504546428,0.0035796509893358435,0.0,0.9982386776545903,0.0,0.9982386776545903,0.0017613223454097104,0.0,0.0,0.0,True,0,long_only,1.3897034942015685,1.4624455025614655
2023-11-02,2.032823617772752,0.0002253496015105494,0.0035796509893358435,0.0,0.9982390744784548,0.0,0.9982390744784548,0.0017609255215451647,0.0,0.0,0.0,True,0,long_only,1.3874554477093912,1.4651451483568907
2023-11-03,2.0497176592566664,0.008310628298594969,0.0035796509893358435,0.0,0.9982535882573047,0.0,0.9982535882573047,0.0017464117426952974,0.0,0.0,0.0,True,0,long_only,1.3920990753785485,1.4723935210568933
2023-11-06,2.068377092731673,0.00910341645872026,0.003306121926253929,0.0,0.9984015864718906,0.0,0.9984015864718906,0.0015984135281094103,0.0007980451780620174,0.0,0.38816834224832186,True,0,long_only,1.4020567821022383,1.4752448824721327
2023-11-07,2.069632051129192,0.0006067357842673982,0.003306121926253929,0.0,0.9984025556985117,0.0,0.9984025556985117,0.0015974443014883377,0.0,0.0,0.0,True,0,long_only,1.4039174173717315,1.4741836133094939
2023-11-08,2.0685355989154264,-0.0005297812300344429,0.003306121926253929,0.0,0.9984017089539153,0.0,0.9984017089539153,0.0015982910460846655,0.0,0.0,0.0,True,0,long_only,1.4023217784545583,1.4750791371115088
2023-11-09,2.071702965877251,0.0015312122080399782,0.003306121926253929,0.0,0.9984041525350359,0.0,0.9984041525350359,0.0015958474649641063,0.0,0.0,0.0,True,0,long_only,1.4017362391179902,1.4779549162407484
2023-11-10,2.071256581533004,-0.00021546734816690893,0.003306121926253929,0.0,0.9984038086079094,0.0,0.9984038086079094,0.0015961913920905513,0.0,0.0,0.0,True,0,long_only,1.3995504614616052,1.4799441953453467
2023-11-13,2.0710751626447994,-8.758880470038921e-05,0.0036510756437589005,0.0,0.9982371109896869,0.0,0.9982371109896869,0.0017628890103130734,0.00048764268223431347,0.0,0.23522599699126087,True,0,long_only,1.399560721667503,1.4798037202538967
2023-11-14,2.078254612723152,0.0034665328462459843,0.0036510756437589005,0.0,0.9982432009911553,0.0,0.9982432009911553,0.0017567990088447338,0.0,0.0,0.0,True,0,long_only,1.4031436563269737,1.4811417229818253
2023-11-15,2.088555177672292,0.0049563537047288,0.0036510756437589005,0.0,0.9982518653647312,0.0,0.9982518653647312,0.0017481346352687943,0.0,0.0,0.0,True,0,long_only,1.4075056590342527,1.4838698262182015
2023-11-16,2.075634579969003,-0.006186380825087379,0.0036510756437589005,0.0,0.998240983418279,0.0,0.998240983418279,0.0017590165817209513,0.0,0.0,0.0,True,0,long_only,1.4002548776665038,1.4823262629357918
2023-11-17,2.0727486649446667,-0.0013903772138829096,0.0036510756437589005,0.0,0.9982385343165296,0.0,0.9982385343165296,0.0017614656834703535,0.0,0.0,0.0,True,0,long_only,1.3981487050558756,1.4824951433630456
2023-11-20,2.0844797619944275,0.00565968139223183,0.00339594858370343,0.0,0.9983708411827159,0.0,0.9983708411827159,0.0016291588172840932,0.0007475141018178328,0.0,0.36013865752433916,True,0,long_only,1.4021618607626376,1.4866184998504213
2023-11-21,2.070819662077358,-0.0065532418045640695,0.00339594858370343,0.0,0.9983600944853417,0.0,0.9983600944853417,0.001639905514658313,0.0,0.0,0.0,True,0,long_only,1.4000174777300463,1.4791384357821975
2023-11-22,2.056279594343419,-0.007021407030370352,0.00339594858370343,0.0,0.9983484986219552,0.0,0.9983484986219552,0.0016515013780448173,0.0,0.0,0.0,True,0,long_only,1.3891692558944881,1.4802225039305072
2023-11-23,2.0611331117594363,0.002360339240523812,0.00339594858370343,0.0,0.998352387546283,0.0,0.998352387546283,0.001647612453717029,0.0,0.0,0.0,True,0,long_only,1.3885840703581236,1.4843416079430167
2023-11-24,2.0510929511045424,-0.004871184979568621,0.00339594858370343,0.0,0.9983443224345954,0.0,0.9983443224345954,0.001655677565404634,0.0,0.0,0.0,True,0,long_only,1.3836153003020746,1.4824156329123725
2023-11-27,2.056970376557357,0.002865509069030603,0.0029014757570540095,0.0,0.9985894421280339,0.0,0.9985894421280339,0.0014105578719660894,0.0011910459087382153,0.0,0.5809965679197152,True,0,long_only,1.3840876235735662,1.4861561808106336
2023-11-28,2.0609564590059377,0.001937841445851074,0.0029014757570540095,0.0,0.9985921702788163,0.0,0.9985921702788163,0.0014078297211836954,0.0,0.0,0.0,True,0,long_only,1.3865076169645782,1.4864371704772177
2023-11-29,2.0540282798159057,-0.003361632973737594,0.0029014757570540095,0.0,0.9985874217090555,0.0,0.9985874217090555,0.001412578290944544,0.0,0.0,0.0,True,0,long_only,1.382664992955838,1.485557449042547
2023-11-30,2.0465017809231774,-0.0036642625453059408,0.0029014757570540095,0.0,0.9985822266151436,0.0,0.9985822266151436,0.00141777338485638,0.0,0.0,0.0,True,0,long_only,1.3801572571143914,1.482803333007115
2023-12-01,2.0461851907761477,-0.00015469820255265,0.0029014757570540095,0.0,0.9985820072542146,0.0,0.9985820072542146,0.001417992745785357,0.0,0.0,0.0,True,0,long_only,1.383318461931452,1.479185919285116
2023-12-04,2.053071076800499,0.0033652310921765682,0.003811229611117448,0.0,0.9981436445848446,0.0,0.9981436445848446,0.0018563554151553863,0.00027664334810927917,0.0,0.13511728957169078,True,0,long_only,1.3823101313518635,1.4852463497411024
2023-12-05,2.044912880354762,-0.003973655144200228,0.003811229611117448,0.0,0.9981362386399286,0.0,0.9981362386399286,0.001863761360071381,0.0,0.0,0.0,True,0,long_only,1.3756307373125478,1.486527470554877
2023-12-06,2.042639477944878,-0.0011117355813656804,0.003811229611117448,0.0,0.9981341643240187,0.0,0.9981341643240187,0.0018658356759813088,0.0,0.0,0.0,True,0,long_only,1.3772858146638862,1.4830904785317676
2023-12-07,2.0440592548920025,0.0006950697675502937,0.003811229611117448,0.0,0.9981354603091882,0.0,0.9981354603091882,0.001864539690811795,0.0,0.0,0.0,True,0,long_only,1.3780680669135248,1.4832788771240495
2023-12-08,2.0422308569126812,-0.0008944936282768712,0.003811229611117448,0.0,0.9981337909971261,0.0,0.9981337909971261,0.0018662090028739309,0.0,0.0,0.0,True,0,long_only,1.3803861658459682,1.4794634338146255
2023-12-11,2.0435493995470773,0.0006456383860486969,0.0028764876241402144,0.0,0.9985924061220258,0.0,0.9985924061220258,0.0014075938779741781,0.0011988005686399588,0.0,0.5871904356835947,True,0,long_only,1.382700019175971,1.4779412534939744
2023-12-12,2.043316842017369,-0.00011380078688572048,0.0028764876241402144,0.0,0.9985922459185036,0.0,0.9985922459185036,0.001407754081496404,0.0,0.0,0.0,True,0,long_only,1.3830124247555418,1.4774392517685018
2023-12-13,2.0366080531279067,-0.003283283703979456,0.0028764876241402144,0.0,0.9985876086369577,0.0,0.9985876086369577,0.0014123913630422757,0.0,0.0,0.0,True,0,long_only,1.378097432330404,1.477840394553193
2023-12-14,2.0332483730435147,-0.0016496448981591083,0.0028764876241402144,0.0,0.9985852748428199,0.0,0.9985852748428199,0.0014147251571801078,0.0,0.0,0.0,True,0,long_only,1.375893964663851,1.4777653113263447
2023-12-15,2.0243099185150384,-0.0043961449309297684,0.0028764876241402144,0.0,0.9985790280441592,0.0,0.9985790280441592,0.0014209719558407885,0.0,0.0,0.0,True,0,long_only,1.3725930087664615,1.4748071027509237
2023-12-18,2.0180936660530855,-0.0030708007726963915,0.003348845636499843,0.0,0.998340589590646,0.0,0.998340589590646,0.001659410409354023,0.0006907157640712472,0.0,0.34139113472155214,True,0,long_only,1.3665621304999127,1.4767668597071624
2023-12-19,2.009338041686767,-0.0043385619377331874,0.003348845636499843,0.0,0.9983333587644174,0.0,0.9983333587644174,0.0016666412355825777,0.0,0.0,0.0,True,0,long_only,1.3624576943406828,1.4747893090795168
2023-12-20,2.0070952329982212,-0.001116192816746131,0.003348845636499843,0.0,0.9983314963926763,0.0,0.9983314963926763,0.0016685036073237347,0.0,0.0,0.0,True,0,long_only,1.3591156976197032,1.4767655443266248
2023-12-21,2.017912337119814,0.005389432421417206,0.003348845636499843,0.0,0.9983404404765771,0.0,0.9983404404765771,0.0016595595234228933,0.0,0.0,0.0,True,0,long_only,1.3629445234205122,1.480553538639682
2023-12-22,2.017191466549235,-0.00035723582106039764,0.003348845636499843,0.0,0.9983398474106037,0.0,0.9983398474106037,0.0016601525893963354,0.0,0.0,0.0,True,0,long_only,1.362950184223766,1.4800184848267774
2023-12-25,2.015964926704198,-0.0006080433441130184,0.0028457115250731294,0.0,0.9985884121854613,0.0,0.9985884121854613,0.0014115878145386507,0.0011863963977332467,0.0,0.5873992646321053,True,0,long_only,1.3609253856599115,1.481319217016926
2023-12-26,2.000211867191487,-0.007814153561919945,0.0028457115250731294,0.0,0.9985772949497251,0.0,0.9985772949497251,0.001422705050274864,0.0,0.0,0.0,True,0,long_only,1.355072468895655,1.476092174480972
2023-12-27,2.0121177727325725,0.005952322219646922,0.0028457115250731294,0.0,0.9985857132402303,0.0,0.9985857132402303,0.001414286759769734,0.0,0.0,0.0,True,0,long_only,1.3603550597320884,1.479112205550839
2023-12-28,2.030525624252611,0.009148496061957445,0.0028457115250731294,0.0,0.9985985345414587,0.0,0.9985985345414587,0.0014014654585412512,0.0,0.0,0.0,True,0,long_only,1.3747518976073907,1.4770124178671982
2023-12-29,2.050938104930597,0.01005280624591931,0.0028457115250731294,0.0,0.9986124829812115,0.0,0.9986124829812115,0.0013875170187884756,0.0,0.0,0.0,True,0,long_only,1.3826306743361116,1.4833593258122832
2024-01-02,2.0609718483635495,0.0048922702293310305,0.003335482115067003,0.0,0.9983815974402002,0.0,0.9983815974402002,0.0016184025597998364,0.0007603564827218865,0.0,0.3706542662827321,True,0,long_only,1.384412765960458,1.4886975178488173
2024-01-03,2.049375196519137,-0.00562678808719308,0.003335482115067003,0.0,0.9983724395021798,0.0,0.9983724395021798,0.0016275604978202018,0.0,0.0,0.0,True,0,long_only,1.3778819680065553,1.4873372640793474
2024-01-04,2.045208389227931,-0.0020332086083033607,0.003335482115067003,0.0,0.9983691235902243,0.0,0.9983691235902243,0.0016308764097756612,0.0,0.0,0.0,True,0,long_only,1.3747840934258968,1.4876578795230082
2024-01-05,2.033281325615341,-0.005831710683082192,0.003335482115067003,0.0,0.9983595570012637,0.0,0.9983595570012637,0.0016404429987363356,0.0,0.0,0.0,True,0,long_only,1.3715935231919572,1.4824226647582233
2024-01-08,2.0097326193171345,-0.011581627196167732,0.003380060381600997,0.0,0.9983181541917006,0.0,0.9983181541917006,0.0016818458082994425,0.0006767333879748015,0.0,0.33302283921308773,True,0,long_only,1.361612111854642,1.475994963484639
2024-01-09,2.018386010774758,0.004305742651758315,0.003380060381600997,0.0,0.998325364740165,0.0,0.998325364740165,0.0016746352598350223,0.0,0.0,0.0,True,0,long_only,1.3642312947601483,1.479504258938452
2024-01-10,2.0094714095792736,-0.004416697870424868,0.003380060381600997,0.0,0.9983179355697781,0.0,0.9983179355697781,0.0016820644302218968,0.0,0.0,0.0,True,0,long_only,1.3629140966030229,1.4743932978518264
2024-01-11,2.022865706443352,0.00666558220247726,0.003380060381600997,0.0,0.9983290732692562,0.0,0.9983290732692562,0.0016709267307437603,0.0,0.0,0.0,True,0,long_only,1.3681690910235935,1.478520249956786
2024-01-12,2.0263591854616747,0.0017269950284859448,0.003380060381600997,0.0,0.9983319539764461,0.0,0.9983319539764461,0.0016680460235538597,0.0,0.0,0.0,True,0,long_only,1.371527362553928,1.4774471445384663
2024-01-15,2.024674431348601,-0.0008314192889203875,0.003338062355039234,0.0,0.9983513090779658,0.0,0.9983513090779658,0.001648690922034235,0.000694846872840106,0.0,0.3439561692737802,True,0,long_only,1.3693992543306914,1.4785128770485436
2024-01-16,2.0175379612050675,-0.0035247494772678856,0.003338062355039234,0.0,0.9983454772999436,0.0,0.9983454772999436,0.0016545227000563933,0.0,0.0,0.0,True,0,long_only,1.3662805055380347,1.4766645304732433
2024-01-17,1.9902268543869872,-0.013536849042368182,0.003338062355039234,0.0,0.9983227729302913,0.0,0.9983227729302913,0.0016772270697087421,0.0,0.0,0.0,True,0,long_only,1.3543758362952307,1.4694790035763396
2024-01-18,1.9880478941588222,-0.0010948300809839884,0.003338062355039234,0.0,0.9983209346390262,0.0,0.9983209346390262,0.0016790653609738415,0.0,0.0,0.0,True,0,long_only,1.3525169700267543,1.4698875786523375
2024-01-19,1.983611073879101,-0.0022317471791083454,0.003338062355039234,0.0,0.9983171790080243,0.0,0.9983171790080243,0.0016828209919756976,0.0,0.0,0.0,True,0,long_only,1.351256026101964,1.467975746684604
2024-01-22,1.9315092068897448,-0.02626617065989001,0.002713986405743926,0.0,0.9985948881858481,0.0,0.9985948881858481,0.001405111814151927,0.001253238272666431,0.0,0.6306347082864123,True,0,long_only,1.3325106299271101,1.4495263028373744
2024-01-23,1.944186230834391,0.006563273889364174,0.002713986405743926,0.0,0.9986040501868079,0.0,0.9986040501868079,0.0013959498131921322,0.0,0.0,0.0,True,0,long_only,1.334365250593146,1.4570120362248418
2024-01-24,1.9407237620922697,-0.001780934710475357,0.002713986405743926,0.0,0.9986015596558585,0.0,0.9986015596558585,0.0013984403441414939,0.0,0.0,0.0,True,0,long_only,1.3343472067827746,1.45443686038173
2024-01-25,1.9755909845223216,0.017966092398673972,0.002713986405743926,0.0,0.9986262407416279,0.0,0.9986262407416279,0.0013737592583721314,0.0,0.0,0.0,True,0,long_only,1.3507992700394205,1.4625348327769438
2024-01-26,1.972034271171564,-0.0018003288021775088,0.002713986405743926,0.0,0.9986237630626309,0.0,0.9986237630626309,0.001376236937369102,0.0,0.0,0.0,True,0,long_only,1.353743949132022,1.456726194370782
2024-01-29,1.9431570777359617,-0.014643352733645254,0.0029538921597070584,0.0,0.9984798490078071,0.0,0.9984798490078071,0.0015201509921929368,0.000985856482138545,0.0,0.4996228909200045,True,0,long_only,1.3440777737759044,1.4457177372088148
2024-01-30,1.920224650606422,-0.011801633224761687,0.0029538921597070584,0.0,0.998461694490395,0.0,0.998461694490395,0.001538305509604987,0.0,0.0,0.0,True,0,long_only,1.3352087102779666,1.4381456890036806
2024-01-31,1.9055226602645974,-0.007656390796348611,0.0029538921597070584,0.0,0.9984498257505388,0.0,0.9984498257505388,0.0015501742494612447,0.0,0.0,0.0,True,0,long_only,1.3276947015589144,1.4352114669337954
2024-02-01,1.909932643989886,0.0023143171252955064,0.0029538921597070584,0.0,0.9984534050616903,0.0,0.9984534050616903,0.0015465949383096644,0.0,0.0,0.0,True,0,long_only,1.3282880244999566,1.4378904339733798
2024-02-02,1.8912123264246685,-0.009801559036192287,0.0029538921597070584,0.0,0.998438095967103,0.0,0.998438095967103,0.0015619040328970213,0.0,0.0,0.0,True,0,long_only,1.3237317854810304,1.428697525562115
2024-02-05,1.8772887842486996,-0.007362231083958393,0.0025137091851886654,0.0,0.9986609896110392,0.0,0.9986609896110392,0.0013390103889607818,0.0012576720817015312,0.0,0.66576845744327,True,0,long_only,1.3121009575956306,1.4307502584928768
2024-02-06,1.9455914924856172,0.03638369802771324,0.0025137091851886654,0.0,0.9987079974419619,0.0,0.9987079974419619,0.0012920025580380745,0.0,0.0,0.0,True,0,long_only,1.3310717245000272,1.4616729186523845
2024-02-07,1.951834249780833,0.0032086680679510593,0.0025137091851886654,0.0,0.9987121297899805,0.0,0.9987121297899805,0.001287870210019526,0.0,0.0,0.0,True,0,long_only,1.3333264931960684,1.4638831972071313
2024-02-08,1.9709172635730257,0.009776964306439151,0.0025137091851886654,0.0,0.9987245993367415,0.0,0.9987245993367415,0.0012754006632584858,0.0,0.0,0.0,True,0,long_only,1.3418608617016234,1.4687940604167344
2024-02-19,1.9850197318680523,0.007155281733876917,0.0023978055664928806,0.0,0.9987920495056054,0.0,0.9987920495056054,0.001207950494394594,0.001550373277049059,0.0,0.7840779389501479,True,0,long_only,1.3467528571135423,1.4739302176959843
2024-02-20,2.008847570933109,0.012003829827239576,0.0023978055664928806,0.0,0.9988063775464162,0.0,0.9988063775464162,0.001193622453583787,0.0,0.0,0.0,True,0,long_only,1.356997142001957,1.4803624184274162
2024-02-21,2.022310698015942,0.006701915704126371,0.0023978055664928806,0.0,0.998814323848039,0.0,0.998814323848039,0.0011856761519609682,0.0,0.0,0.0,True,0,long_only,1.3651897395110624,1.4813403877033422
2024-02-22,2.0306823848000994,0.004139663995434084,0.0023978055664928806,0.0,0.998819211913965,0.0,0.998819211913965,0.0011807880860349451,0.0,0.0,0.0,True,0,long_only,1.368086301776006,1.4843233077942029
2024-02-23,2.032747804984161,0.0010171064660438045,0.0023978055664928806,0.0,0.9988204116808718,0.0,0.9988204116808718,0.001179588319128233,0.0,0.0,0.0,True,0,long_only,1.3702006117913117,1.4835402841680811
2024-02-26,2.0238149872033,-0.004394454520604163,0.003436188321707424,0.0,0.9983021232951457,0.0,0.9983021232951457,0.0016978767048543286,0.0006242632875382778,0.0,0.3069963722051035,True,0,long_only,1.3669268985095813,1.480558316183515
2024-02-27,2.030747566280227,0.0034255004141989787,0.003436188321707424,0.0,0.9983079195175392,0.0,0.9983079195175392,0.0016920804824608338,0.0,0.0,0.0,True,0,long_only,1.3704542865371239,1.4818061326303251
2024-02-28,1.98662848293715,-0.021725537962303698,0.003436188321707424,0.0,0.9982703417618239,0.0,0.9982703417618239,0.0017296582381760572,0.0,0.0,0.0,True,0,long_only,1.3550890975052132,1.4660500823116593
2024-02-29,2.010984878615919,0.012260166351163226,0.003436188321707424,0.0,0.998291290820609,0.0,0.998291290820609,0.0017087091793910325,0.0,0.0,0.0,True,0,long_only,1.3638909389645117,1.4744469819138848
2024-03-01,2.0183405952925257,0.0036577682680882795,0.003436188321707424,0.0,0.998297518104862,0.0,0.998297518104862,0.0017024818951379972,0.0,0.0,0.0,True,0,long_only,1.3672230292797973,1.4762336151956956
2024-03-04,2.017511796307589,-0.00041063385776884953,0.002850198170520351,0.0,0.9985872706292291,0.0,0.9985872706292291,0.00141272937077086,0.0011834070175021575,0.0,0.5856892153252118,True,0,long_only,1.364829217103834,1.4782155679439122
2024-03-05,2.0015149290969125,-0.00792900801866625,0.002850198170520351,0.0,0.9985759795597396,0.0,0.9985759795597396,0.001424020440260354,0.0,0.0,0.0,True,0,long_only,1.3592239604819325,1.4725424119121961
2024-03-06,2.0063876496327238,0.0024345162081853555,0.002850198170520351,0.0,0.9985794379410967,0.0,0.9985794379410967,0.0014205620589032852,0.0,0.0,0.0,True,0,long_only,1.3603150803091082,1.4749433264952165
2024-03-07,1.9999655300621313,-0.003200836873057944,0.09972221495959575,0.0,0.9501380331507524,0.0,0.9501380331507524,0.049861966849247596,9.696898577485025e-05,0.0,0.048339373220797247,True,0,long_only,1.3586182545337728,1.4720584854414789
2024-03-08,2.0043512959531977,0.002192920740454074,0.09972221495959575,0.0,0.9502471372354059,0.0,0.9502471372354059,0.04975286276459412,0.0,0.0,0.0,True,0,long_only,1.3609593504794346,1.4727488335688432
2024-03-11,2.0165728617792222,0.006097516862787478,0.003241303411821832,0.0,0.9983926673450509,0.0,0.9983926673450509,0.0016073326549490563,0.0006652876005926609,0.0,0.3317960763858037,True,0,long_only,1.3662182367022426,1.4760254310810519
2024-03-12,2.018125128651876,0.0007697549154184191,0.003241303411821832,0.0,0.9983939036456143,0.0,0.9983939036456143,0.0016060963543856888,0.0,0.0,0.0,True,0,long_only,1.3655074520936836,1.4779305126146014
2024-03-13,2.0204834566631793,0.0011685737310445088,0.003241303411821832,0.0,0.9983957782969554,0.0,0.9983957782969554,0.0016042217030446393,0.0,0.0,0.0,True,0,long_only,1.3658453312878964,1.4792915496207795
2024-03-14,2.014911071974658,-0.0027579462084408313,0.003241303411821832,0.0,0.9983913417039069,0.0,0.9983913417039069,0.001608658296093135,0.0,0.0,0.0,True,0,long_only,1.364264905779468,1.4769206943892217
2024-03-15,2.0235041803827722,0.004264758146220959,0.003241303411821832,0.0,0.9983981731081926,0.0,0.9983981731081926,0.001601826891807434,0.0,0.0,0.0,True,0,long_only,1.368710405334741,1.4784019851795387
2024-03-18,2.036627649807672,0.006485516339490349,0.002804596085488549,0.0,0.9986229215312119,0.0,0.9986229215312119,0.0013770784687880955,0.0012356335911023848,0.0,0.6105646295172644,True,0,long_only,1.3751371860288546,1.4810359799003625
2024-03-19,2.039627283269661,0.001472843336027596,0.002804596085488549,0.0,0.9986249467691997,0.0,0.9986249467691997,0.0013750532308003383,0.0,0.0,0.0,True,0,long_only,1.3764303257721513,1.4818238490389761
2024-03-20,2.050789874688705,0.00547285845340828,0.002804596085488549,0.0,0.9986324312792336,0.0,0.9986324312792336,0.0013675687207663767,0.0,0.0,0.0,True,0,long_only,1.3813173679812232,1.4846623391740212
2024-03-21,2.047283643763015,-0.0017096977944764946,0.002804596085488549,0.0,0.9986300891456674,0.0,0.9986300891456674,0.0013699108543325789,0.0,0.0,0.0,True,0,long_only,1.3826975425745476,1.4806445956004415
2024-03-22,2.0429290977425802,-0.0021269871586679923,0.002804596085488549,0.0,0.9986271691520828,0.0,0.9986271691520828,0.0013728308479171725,0.0,0.0,0.0,True,0,long_only,1.3781487333598919,1.482372002593632
2024-03-25,2.040924904449167,-0.0009810390853152162,0.0028606411461021925,0.0,0.9985983604100934,0.0,0.9985983604100934,0.0014016395899065781,0.0012239135936976922,0.0,0.5982795445403083,True,0,long_only,1.374606485723808,1.4847339406917643
2024-03-26,2.028509924809382,-0.006083016387678275,0.0028606411461021925,0.0,0.9985897820310783,0.0,0.9985897820310783,0.001410217968921712,0.0,0.0,0.0,True,0,long_only,1.3714392663032902,1.4791102855595084
2024-03-27,1.995207212734417,-0.0164173276490599,0.0028606411461021925,0.0,0.9985662435821983,0.0,0.9985662435821983,0.001433756417801746,0.0,0.0,0.0,True,0,long_only,1.3636167438069045,1.4631730079554883
2024-03-28,2.013011506244485,0.008923531048019795,0.0028606411461021925,0.0,0.9985789245927168,0.0,0.9985789245927168,0.001421075407283201,0.0,0.0,0.0,True,0,long_only,1.3672934355202668,1.4722600532917187
2024-03-29,2.02383473955579,0.005376637578935917,0.0028606411461021925,0.0,0.9985865243390722,0.0,0.9985865243390722,0.0014134756609277543,0.0,0.0,0.0,True,0,long_only,1.3713833658711587,1.475761475544927
2024-04-01,2.044914742634601,0.010415871744269944,0.003378729598397811,0.0,0.998347740603579,0.0,0.998347740603579,0.0016522593964209964,0.0006686475267292616,0.0,0.32984731121738164,True,0,long_only,1.379445057305019,1.482418405724466
2024-04-02,2.029489116301309,-0.007543408051045808,0.003378729598397811,0.0,0.9983351822036102,0.0,0.9983351822036102,0.001664817796389828,0.0,0.0,0.0,True,0,long_only,1.3800850818729051,1.4705536223513853
2024-04-03,2.030186375460182,0.0003435638818030107,0.003378729598397811,0.0,0.9983357539784337,0.0,0.9983357539784337,0.0016642460215663402,0.0,0.0,0.0,True,0,long_only,1.3819159979253155,1.469109829040348
2024-04-08,2.0189057539798987,-0.005556446253722203,0.003172336278700459,0.0,0.9984286853051725,0.0,0.9984286853051725,0.0015713146948275192,0.0008754939063359575,0.0,0.4317822330012833,True,0,long_only,1.3780015524752924,1.465096864624975
2024-04-09,2.035744669418777,0.008340614912649258,0.003172336278700459,0.0,0.9984416826302651,0.0,0.9984416826302651,0.001558317369734885,0.0,0.0,0.0,True,0,long_only,1.383392406173955,1.4715598121931512
2024-04-10,2.03121673698941,-0.0022242143120333457,0.003172336278700459,0.0,0.998438208872086,0.0,0.998438208872086,0.0015617911279139918,0.0,0.0,0.0,True,0,long_only,1.3810672312374446,1.470758766153207
2024-04-11,2.0423143298526636,0.005463519801290229,0.003172336278700459,0.0,0.9984466953826204,0.0,0.9984466953826204,0.0015533046173795695,0.0,0.0,0.0,True,0,long_only,1.384373140337681,1.4752628972232842
2024-04-12,2.0450043541816902,0.0013171451082267804,0.003172336278700459,0.0,0.9984487386189601,0.0,0.9984487386189601,0.0015512613810398923,0.0,0.0,0.0,True,0,long_only,1.3865755466036243,1.4748596707845223
2024-04-15,2.0282362654217154,-0.008199536947531172,0.0029839007578947056,0.0,0.9985288199364317,0.0,0.9985288199364317,0.0014711800635682781,0.0010973518120918596,0.0,0.5367984146095035,True,0,long_only,1.380947292968504,1.468728224276967
2024-04-16,1.9887582194311333,-0.019464224490815862,0.0029839007578947056,0.0,0.9984996161279233,0.0,0.9984996161279233,0.0015003838720767382,0.0,0.0,0.0,True,0,long_only,1.3706693970607695,1.4509393904144783
2024-04-17,2.0276981980805164,0.019580046618498326,0.0029839007578947056,0.0,0.9985284295460146,0.0,0.9985284295460146,0.0014715704539853824,0.0,0.0,0.0,True,0,long_only,1.3834613972136112,1.4656702399968973
2024-04-18,2.0259918220138933,-0.0008415335518068279,0.0029839007578947056,0.0,0.9985271901270911,0.0,0.9985271901270911,0.0014728098729088757,0.0,0.0,0.0,True,0,long_only,1.3866884088684974,1.461028886559347
2024-04-19,2.0162773608698834,-0.004794916266914417,0.0029839007578947056,0.0,0.9985200941022284,0.0,0.9985200941022284,0.0014799058977715829,0.0,0.0,0.0,True,0,long_only,1.3839262906808318,1.4569253972897374
2024-04-22,1.9999078430118302,-0.00811868355799561,0.0026062235423596723,0.0,0.9986968281806252,0.0,0.9986968281806252,0.001303171819374782,0.0014121496726712014,0.0,0.7016238244251708,True,0,long_only,1.3786497144478558,1.4506279746431356
2024-04-23,2.001949960901177,0.0010211059956999335,0.0026062235423596723,0.0,0.9986981574998076,0.0,0.9986981574998076,0.001301842500192385,0.0,0.0,0.0,True,0,long_only,1.3773643583090331,1.4534643275937074
2024-04-24,2.0258515536815818,0.011939155946558033,0.10112377641760764,0.0,0.9500833236108365,0.0,0.9500833236108365,0.04991667638916353,9.861616904429228e-05,0.0,0.049204731848667964,True,0,long_only,1.3810820908459858,1.4668581738255984
2024-04-25,2.0231338712105735,-0.001341501289208069,0.20262011002384164,0.0,0.8998483921864247,0.0,0.8998483921864247,0.10015160781357535,0.00010159793153777178,0.0,0.05012501514684641,True,0,long_only,1.3830205621602192,1.4628371598832375
2024-04-26,2.0558348893131053,0.01616354635146533,0.20262011002384164,0.0,0.9014414479114414,0.0,0.9014414479114414,0.09855855208855857,0.0,0.0,0.0,True,0,long_only,1.3903997730017894,1.4785926531580782
2024-04-29,2.061029121623963,0.00252658048458021,0.002654464882454704,0.0,0.9987120682310577,0.0,0.9987120682310577,0.0012879317689422631,0.0012479300250154751,0.0,0.6074252167975367,True,0,long_only,1.3936664102794527,1.4788539828628668
2024-04-30,2.066198250706016,0.002508033015069744,0.22951024518747204,0.0,0.8889214792873584,0.0,0.8889214792873584,0.11107852071264157,0.00022708286316818553,0.0,0.11022331021194641,True,0,long_only,1.3969673661768423,1.479059783880775
2024-05-06,2.092821986551014,0.01288537333525519,0.0023173582940687193,0.0,0.9988927112248626,0.0,0.9988927112248626,0.0011072887751374383,0.0016018456024775596,0.0,0.7714842458523775,True,0,long_only,1.4093121628726313,1.4849953343801205
2024-05-07,2.0994815147737462,0.003182080590478975,0.2837223298561885,0.0,0.8648607630695124,0.0,0.8648607630695124,0.13513923693048757,0.00028168665822034006,0.0,0.13446251001838963,True,0,long_only,1.4146170431218763,1.484134186691589
2024-05-08,2.087470157115734,-0.0057211066510897135,0.2837223298561885,0.0,0.8640831683801369,0.0,0.8640831683801369,0.13591683161986312,0.0,0.0,0.0,True,0,long_only,1.4119635415966436,1.478416471543755
2024-05-09,2.1049755476851537,0.008385935726912264,0.2837223298561885,0.0,0.8652134794780876,0.0,0.8652134794780876,0.13478652052191242,0.0,0.0,0.0,True,0,long_only,1.4231995284550891,1.4790445792025702
2024-05-10,2.107197961343666,0.0010557907244843623,0.2837223298561885,0.0,0.865355635748968,0.0,0.865355635748968,0.134644364251032,0.0,0.0,0.0,True,0,long_only,1.4239591374917122,1.479816313448061
2024-05-13,2.0996569323038186,-0.0035786998555366045,0.002514664802376763,0.0,0.9988023449146917,0.0,0.9988023449146917,0.0011976550853083356,0.0014009620620352614,0.0,0.6666066125511194,True,0,long_only,1.4220716134067635,1.4764776348174256
2024-05-14,2.101647797772329,0.0009481860764395389,0.002514664802376763,0.0,0.9988034794388279,0.0,0.9988034794388279,0.001196520561172143,0.0,0.0,0.0,True,0,long_only,1.4241215317850566,1.4757503140466046
2024-05-15,2.0962225461360213,-0.002581427602692643,0.002514664802376763,0.0,0.9988003827136521,0.0,0.9988003827136521,0.001199617286347876,0.0,0.0,0.0,True,0,long_only,1.4209132715409485,1.4752642459752066
2024-05-16,2.0997619272528354,0.0016884567544313,0.002514664802376763,0.0,0.9988024048013545,0.0,0.9988024048013545,0.0011975951986454847,0.0,0.0,0.0,True,0,long_only,1.4219909469603964,1.4766352287553033
2024-05-17,2.0968719794069304,-0.0013763216717078697,0.002514664802376763,0.0,0.9988007542534438,0.0,0.9988007542534438,0.0011992457465561657,0.0,0.0,0.0,True,0,long_only,1.423662652921293,1.4728713822085882
2024-05-20,2.108139894488541,0.005373678122589709,0.0032753275253873666,0.0,0.998446342420657,0.0,0.998446342420657,0.001553657579343004,0.0009143462572872796,0.0,0.43577877439349866,True,0,long_only,1.429536443897548,1.4747017492893153
2024-05-21,2.1034772349738824,-0.002211741036184822,0.0032753275253873666,0.0,0.998442898515406,0.0,0.998442898515406,0.0015571014845939812,0.0,0.0,0.0,True,0,long_only,1.4269646702192924,1.4740920212485886
2024-05-22,2.091396056884191,-0.005743431822708089,0.0032753275253873666,0.0,0.9984339037483569,0.0,0.9984339037483569,0.0015660962516430565,0.0,0.0,0.0,True,0,long_only,1.4286494667877134,1.4638972718665892
2024-05-23,2.0759047626710236,-0.007407154738661381,0.0032753275253873666,0.0,0.9984222168645285,0.0,0.9984222168645285,0.0015777831354715222,0.0,0.0,0.0,True,0,long_only,1.4203882320391559,1.461505182770197
2024-05-24,2.068140489122865,-0.0037401877426056496,0.0032753275253873666,0.0,0.9984162935049077,0.0,0.9984162935049077,0.0015837064950923185,0.0,0.0,0.0,True,0,long_only,1.418731031886597,1.4577396579341029
2024-05-27,2.0750662243746816,0.00334877407421863,0.00322413663663881,0.0,0.9984462487997894,0.0,0.9984462487997894,0.001553751200210618,0.000903009290608009,0.0,0.436811570741441,True,0,long_only,1.4232901013071504,1.4579362439666654
2024-05-28,2.0675837245569353,-0.003605908924666168,0.00322413663663881,0.0,0.9984406258385838,0.0,0.9984406258385838,0.0015593741614161605,0.0,0.0,0.0,True,0,long_only,1.42187985369654,1.4541198535036017
2024-05-29,2.066734717424969,-0.000410627691581511,0.00322413663663881,0.0,0.9984399852533296,0.0,0.9984399852533296,0.0015600147466704462,0.0,0.0,0.0,True,0,long_only,1.420696392016286,1.454733558161438
2024-05-30,2.0683217923296944,0.0007679141843142112,0.00322413663663881,0.0,0.9984411822915586,0.0,0.9984411822915586,0.0015588177084413513,0.0,0.0,0.0,True,0,long_only,1.4207607836532985,1.4557846867164213
2024-05-31,2.070083324004327,0.0008516719599267475,0.00322413663663881,0.0,0.9984425087631729,0.0,0.9984425087631729,0.0015574912368271354,0.0,0.0,0.0,True,0,long_only,1.4196448978118874,1.4581698051357537
2024-06-03,2.047860827839658,-0.010735073273128837,0.0029484001483301944,0.0,0.9985602536518848,0.0,0.9985602536518848,0.0014397463481151673,0.0011881995736316327,0.0,0.5734608645919247,True,0,long_only,1.4075905710830603,1.4548696687161997
2024-06-04,2.045466110290377,-0.0011693751434307398,0.0029484001483301944,0.0,0.9985585680772234,0.0,0.9985585680772234,0.0014414319227765704,0.0,0.0,0.0,True,0,long_only,1.4107846793190337,1.4498783125981318
2024-06-05,2.041122907204081,-0.0021233317259310436,0.0029484001483301944,0.0,0.9985555009265126,0.0,0.9985555009265126,0.0014444990734874263,0.0,0.0,0.0,True,0,long_only,1.4076712375294274,1.4499997249261203
2024-06-06,2.031493846120752,-0.004717531241917539,0.0029484001483301944,0.0,0.9985486541571561,0.0,0.9985486541571561,0.0014513458428438986,0.0,0.0,0.0,True,0,long_only,1.4027636749085604,1.4482081924834385
2024-06-07,2.0353650372702923,0.0019055884205272378,0.0029484001483301944,0.0,0.9985514145647876,0.0,0.9985514145647876,0.0014485854352124239,0.0,0.0,0.0,True,0,long_only,1.4048114704856332,1.4488528034061976
2024-06-11,2.0481815726296566,0.006296922234919178,0.0034057833404317244,0.0,0.9983371672775773,0.0,0.9983371672775773,0.0016628327224227357,0.0006572820770619685,0.0,0.32298263445474823,True,0,long_only,1.4067326055899017,1.4559849999145849
2024-06-12,2.062329032006643,0.006907326755617005,0.0034057833404317244,0.0,0.9983485742150864,0.0,0.9983485742150864,0.0016514257849136182,0.0,0.0,0.0,True,0,long_only,1.410483949146174,1.4621428576022142
2024-06-13,2.058874646124152,-0.0016749926073289512,0.0034057833404317244,0.0,0.9983458034480909,0.0,0.9983458034480909,0.0016541965519091262,0.0,0.0,0.0,True,0,long_only,1.4054564482563663,1.4649152940159957
2024-06-14,2.05868505132196,-9.208661758441927e-05,0.0034057833404317244,0.0,0.9983456511046968,0.0,0.9983456511046968,0.0016543488953032481,0.0,0.0,0.0,True,0,long_only,1.4062517911135295,1.463951949666003
2024-06-17,2.0545141130484623,-0.0020260205760076477,0.0037659202508503313,0.0,0.9981670020045458,0.0,0.9981670020045458,0.001832997995454222,0.0003370825390448446,0.0,0.16401001812565355,True,0,long_only,1.4020436914947139,1.465370962054793
2024-06-18,2.054070993822853,-0.00021568078933842383,0.0037659202508503313,0.0,0.9981666065768051,0.0,0.9981666065768051,0.0018333934231948845,0.0,0.0,0.0,True,0,long_only,1.4036563128216488,1.4633717492380538
2024-06-19,2.039429452520756,-0.007128060006751591,0.0037659202508503313,0.0,0.9981534442163735,0.0,0.9981534442163735,0.001846555783626469,0.0,0.0,0.0,True,0,long_only,1.397390511220066,1.4594556325848556
2024-06-20,1.9996924941959004,-0.01948435052545716,0.0037659202508503313,0.0,0.9981167503194712,0.0,0.9981167503194712,0.0018832496805287757,0.0,0.0,0.0,True,0,long_only,1.3832597310976933,1.4456377564096612
2024-06-21,1.9846351391148735,-0.007529835274538876,0.0037659202508503313,0.0,0.9981024621722007,0.0,0.9981024621722007,0.0018975378277993338,0.0,0.0,0.0,True,0,long_only,1.3752818903120307,1.443075163786669
2024-06-24,1.949602966025159,-0.017651694459737577,0.0029773694912558187,0.0,0.9984728329084737,0.0,0.9984728329084737,0.001527167091526338,0.0009821667552740588,0.0,0.495135853792874,True,0,long_only,1.3557514114859115,1.438023924967471
2024-06-25,1.9531180300413968,0.0018029640278012238,0.0029773694912558187,0.0,0.998475581380408,0.0,0.998475581380408,0.0015244186195919607,0.0,0.0,0.0,True,0,long_only,1.3613350862954077,1.4347077730556437
2024-06-26,2.0133270313446165,0.030827118677484,0.0029773694912558187,0.0,0.99852116946482,0.0,0.99852116946482,0.0014788305351800535,0.0,0.0,0.0,True,0,long_only,1.3804095166593902,1.458499819833824
2024-06-27,1.9917696912981062,-0.010707321617846155,0.0029773694912558187,0.0,0.9985051637725668,0.0,0.9985051637725668,0.0014948362274331828,0.0,0.0,0.0,True,0,long_only,1.376698152526098,1.446772981893973
2024-06-28,2.0063662785890966,0.0073284513539702,0.0029773694912558187,0.0,0.9985160389092317,0.0,0.9985160389092317,0.0014839610907683154,0.0,0.0,0.0,True,0,long_only,1.3816651535811304,1.4521364119148599
2024-07-01,2.0130309431922098,0.0033217586809721755,0.0033918003234254066,0.0,0.9983150779003691,0.0,0.9983150779003691,0.0016849220996308922,0.0006127374249492627,0.0,0.30548893065587734,True,0,long_only,1.388584424158327,1.4497000745290538
2024-07-02,2.0195209901730027,0.003224017495976117,0.0033918003234254066,0.0,0.9983204926614133,0.0,0.9983204926614133,0.0016795073385866832,0.0,0.0,0.0,True,0,long_only,1.3892240949260097,1.4537042638038629
2024-07-03,2.0080441525450965,-0.005682950404453435,0.0033918003234254066,0.0,0.9983108935532486,0.0,0.9983108935532486,0.001689106446751354,0.0,0.0,0.0,True,0,long_only,1.3821275704469276,1.4528645513494614
2024-07-04,1.988856158727569,-0.009555563702724257,0.0033918003234254066,0.0,0.9982945974707416,0.0,0.9982945974707416,0.0017054025292584374,0.0,0.0,0.0,True,0,long_only,1.3727359440486206,1.4488264602890928
2024-07-05,2.000773378804187,0.0059919969698774,0.0033918003234254066,0.0,0.9983047553714192,0.0,0.9983047553714192,0.0016952446285808387,0.0,0.0,0.0,True,0,long_only,1.375505492040557,1.4545731662881602
2024-07-08,1.9587691579399227,-0.020993992277810625,0.0032788540501228944,0.0,0.9983260640811951,0.0,0.9983260640811951,0.0016739359188049363,0.000689416981814018,0.0,0.3468214046534841,True,0,long_only,1.3633839432730905,1.436696660250732
2024-07-09,1.992525738315155,0.01723356743616211,0.0032788540501228944,0.0,0.9983544232392725,0.0,0.9983544232392725,0.0016455767607275185,0.0,0.0,0.0,True,0,long_only,1.3708926449890924,1.4534513301229424
2024-07-10,1.999773909416774,0.0036376800370709894,0.0032788540501228944,0.0,0.9983603876244794,0.0,0.9983603876244794,0.0016396123755205716,0.0,0.0,0.0,True,0,long_only,1.367791586206604,1.4620457747973816
2024-07-11,2.0201066505702707,0.010167519967008154,0.0032788540501228944,0.0,0.998376890621494,0.0,0.998376890621494,0.0016231093785059603,0.0,0.0,0.0,True,0,long_only,1.3763723025387995,1.467703648819484
2024-07-12,2.0007630322965606,-0.009575543087415372,0.0032788540501228944,0.0,0.9983611982042875,0.0,0.9983611982042875,0.001638801795712519,0.0,0.0,0.0,True,0,long_only,1.3728544671167477,1.4573744560838549
2024-07-15,1.9871355696639883,-0.006811132759150573,0.003960434643533546,0.0,0.9980069630356406,0.0,0.9980069630356406,0.0019930369643593737,3.223852794865757e-05,0.0,0.016119486831458838,True,0,long_only,1.3670050883545248,1.4536416774102279
2024-07-16,1.9845869758569927,-0.0012825465186688811,0.003960434643533546,0.0,0.9980044035904129,0.0,0.9980044035904129,0.0019955964095871304,0.0,0.0,0.0,True,0,long_only,1.3652870345669876,1.4536042060096332
2024-07-17,1.928026730434758,-0.028499756428065015,0.003960434643533546,0.0,0.997945861133035,0.0,0.997945861133035,0.0020541388669650384,0.0,0.0,0.0,True,0,long_only,1.3559527238016258,1.4218981949674714
2024-07-18,1.9172905701538274,-0.0055684706604196554,0.003960434643533546,0.0,0.9979343586698933,0.0,0.9979343586698933,0.002065641330106671,0.0,0.0,0.0,True,0,long_only,1.3548987529958032,1.415080326787906
2024-07-19,1.9152489639610675,-0.0010648392187085909,0.003960434643533546,0.0,0.9979321567493018,0.0,0.9979321567493018,0.002067843250698198,0.0,0.0,0.0,True,0,long_only,1.355912390578442,1.4125167505431588
2024-07-22,1.9016204684359137,-0.00711578274239999,0.003454166261032723,0.0,0.9981835669533607,0.0,0.9981835669533607,0.0018164330466392542,0.00035659077553206717,0.0,0.18676869946614064,True,0,long_only,1.348619860786696,1.4100492835146545
2024-07-23,1.8710203991804915,-0.01609157545542772,0.003454166261032723,0.0,0.998153859646562,0.0,0.998153859646562,0.0018461403534379972,0.0,0.0,0.0,True,0,long_only,1.335236306693829,1.4012653713808265
2024-07-24,1.8466495535660616,-0.013025430201137445,0.003454166261032723,0.0,0.9981294955210304,0.0,0.9981294955210304,0.0018705044789696368,0.0,0.0,0.0,True,0,long_only,1.3213142686914416,1.3975854172791788
2024-07-25,1.8361180498211753,-0.005703033217401177,0.003454166261032723,0.0,0.9981187667855185,0.0,0.9981187667855185,0.0018812332144815258,0.0,0.0,0.0,True,0,long_only,1.3204534727966561,1.3905208230717638
2024-07-26,1.8657106107256247,0.016116916288324346,0.003454166261032723,0.0,0.9981486055548082,0.0,0.9981486055548082,0.0018513944451917785,0.0,0.0,0.0,True,0,long_only,1.3349794477461867,1.3975575533207336
2024-07-29,1.8640024214344042,-0.000915570336257221,0.0027876397416423397,0.0,0.9985044870598949,0.0,0.9985044870598949,0.0014955129401050815,0.0009447794492672597,0.0,0.5052829125675593,True,0,long_only,1.33433305477464,1.3969543921320469
2024-07-30,1.861519817133023,-0.001331867530231401,0.0027876397416423397,0.0,0.9985024925783837,0.0,0.9985024925783837,0.001497507421616251,0.0,0.0,0.0,True,0,long_only,1.332212376355674,1.3973146100213338
2024-07-31,1.8880983569472556,0.014277871000678788,0.0027876397416423397,0.0,0.9985235728152693,0.0,0.9985235728152693,0.001476427184730733,0.0,0.0,0.0,True,0,long_only,1.3465625126041323,1.402161681521819
2024-08-01,1.8889404197748456,0.0004459846196527284,0.0027876397416423397,0.0,0.9985242309855519,0.0,0.9985242309855519,0.001475769014448125,0.0,0.0,0.0,True,0,long_only,1.347300186028147,1.4020189705038628
2024-08-02,1.8733745250238834,-0.008240542998607436,0.0027876397416423397,0.0,0.9985119688004689,0.0,0.9985119688004689,0.0014880311995311146,0.0,0.0,0.0,True,0,long_only,1.3434285504027308,1.394472764824215
2024-08-05,1.8446384410808203,-0.015339209303434242,0.0030959546308900144,0.0,0.9983216469081735,0.0,0.9983216469081735,0.0016783530918265122,0.0006316888003174894,0.0,0.33832991505415666,True,0,long_only,1.3326514424080491,1.384186729087713
2024-08-06,1.8589559984496467,0.00776171473496845,0.0030959546308900144,0.0,0.9983345734737821,0.0,0.9983345734737821,0.001665426526217928,0.0,0.0,0.0,True,0,long_only,1.334718696996307,1.3927698792510361
2024-08-07,1.862538159397153,0.0019269745763179635,0.0030959546308900144,0.0,0.9983377765361371,0.0,0.9983377765361371,0.0016622234638629108,0.0,0.0,0.0,True,0,long_only,1.3359934391290287,1.3941222350698022
2024-08-08,1.8653847191704496,0.0015283229280080857,0.0030959546308900144,0.0,0.9983403130737198,0.0,0.9983403130737198,0.0016596869262801572,0.0,0.0,0.0,True,0,long_only,1.3347066677893926,1.3975990112194407
2024-08-09,1.8557549921557273,-0.00516232759696067,0.0030959546308900144,0.0,0.998331700766547,0.0,0.998331700766547,0.001668299233453019,0.0,0.0,0.0,True,0,long_only,1.3338458718946071,1.3912814300799203
2024-08-12,1.8485636080392875,-0.0038751797229901186,0.003364173141895457,0.0,0.9981801150215956,0.0,0.9981801150215956,0.0018198849784043514,0.0003385464264642321,0.0,0.182528514123555,True,0,long_only,1.32950509719953,1.3904148332587085
2024-08-13,1.849637833886986,0.0005811138134639293,0.003364173141895457,0.0,0.9981811719676896,0.0,0.9981811719676896,0.0018188280323103712,0.0,0.0,0.0,True,0,long_only,1.3284521877943176,1.3923254829050444
2024-08-14,1.8377523459196732,-0.0064258460491889435,0.003364173141895457,0.0,0.9981694088709151,0.0,0.9981694088709151,0.001830591129084902,0.0,0.0,0.0,True,0,long_only,1.323544978973654,1.3885076632187918
2024-08-15,1.82399157140494,-0.0074878285669371936,0.003364173141895457,0.0,0.9981555983072311,0.0,0.9981555983072311,0.0018444016927688933,0.0,0.0,0.0,True,0,long_only,1.3182050725042758,1.383693333799566
2024-08-16,1.7805938093788096,-0.023792742634607178,0.003364173141895457,0.0,0.9981106453789879,0.0,0.9981106453789879,0.0018893546210121404,0.0,0.0,0.0,True,0,long_only,1.3029148891154783,1.3666232723670981
2024-08-19,1.780456391868949,-7.717510256211035e-05,0.003034927138928484,0.0,0.998295421807134,0.0,0.998295421807134,0.0017045781928659576,0.0005520277160636416,0.0,0.3072020908040565,True,0,long_only,1.3083301550281732,1.3608616946007863
2024-08-20,1.7569956550725205,-0.013176810678188988,0.003034927138928484,0.0,0.9982726609879958,0.0,0.9982726609879958,0.0017273390120041698,0.0,0.0,0.0,True,0,long_only,1.2962599072901946,1.3554346973096505
2024-08-21,1.7567186733048437,-0.00015764510679183719,0.003034927138928484,0.0,0.9982723886385183,0.0,0.9982723886385183,0.0017276113614816957,0.0,0.0,0.0,True,0,long_only,1.2950520333959088,1.3564850121877685
2024-08-22,1.7393525712219624,-0.009885533948478686,0.003034927138928484,0.0,0.9982551397634142,0.0,0.9982551397634142,0.0017448602365858212,0.0,0.0,0.0,True,0,long_only,1.2890713947582377,1.349306623585557
2024-08-23,1.7481943329662384,0.005083363712777622,0.003034927138928484,0.0,0.9982639646624532,0.0,0.9982639646624532,0.0017360353375468485,0.0,0.0,0.0,True,0,long_only,1.2898511704064528,1.3553457740518655
2024-08-26,1.7805361178837418,0.018500108544927896,0.0031787566779911632,0.0,0.9982147193499398,0.0,0.9982147193499398,0.001785280650060228,0.000316686590237594,0.0,0.180861778480409,True,0,long_only,1.300172583739201,1.3694613624008671
2024-08-27,1.7821858192931663,0.0009265194863810056,0.0031787566779911632,0.0,0.9982163719161159,0.0,0.9982163719161159,0.0017836280838841034,0.0,0.0,0.0,True,0,long_only,1.2963993045703202,1.3747198205138313
2024-08-28,1.7828097962933476,0.0003501189345276323,0.0031787566779911632,0.0,0.9982169961795138,0.0,0.9982169961795138,0.0017830038204862397,0.0,0.0,0.0,True,0,long_only,1.2958742650685275,1.3757583157182849
2024-08-29,1.8025258007489677,0.011058950033038695,0.0031787566779911632,0.0,0.9982364986527957,0.0,0.9982364986527957,0.001763501347204266,0.0,0.0,0.0,True,0,long_only,1.3014989807016142,1.3849613618423728
2024-08-30,1.8357918832331588,0.018455260096897685,0.1382684045945243,0.0,0.924681873878313,0.0,0.924681873878313,0.07531812612168698,0.00013522487278932245,0.0,0.07500933895056189,True,0,long_only,1.313627959273351,1.3974975717239217
2024-09-02,1.8174008942779718,-0.010018014091443317,0.0025845027183105775,0.0,0.9985779127068509,0.0,0.9985779127068509,0.001422087293149077,0.0009421343651183702,0.0,0.5136441580425206,True,0,long_only,1.3060308075065081,1.3915451946710036
2024-09-03,1.821746479487294,0.002391098861568741,0.21634100535338693,0.0,0.8812452732642178,0.0,0.8812452732642178,0.11875472673578225,0.00021397047310818453,0.0,0.11791818584918529,True,0,long_only,1.3078341271430562,1.3929491834464294
2024-09-04,1.8268717326402721,0.0028133734362538743,0.21634100535338693,0.0,0.8815784373428769,0.0,0.8815784373428769,0.11842156265712311,0.0,0.0,0.0,True,0,long_only,1.3084628301044348,1.3961968889054805
2024-09-05,1.8491706576884261,0.01220607043709987,0.21634100535338693,0.0,0.8830064686274948,0.0,0.8830064686274948,0.11699353137250523,0.0,0.0,0.0,True,0,long_only,1.3167523688692615,1.404342001887849
2024-09-06,1.84619880072754,-0.001607129633238391,0.21634100535338693,0.0,0.8828181421913326,0.0,0.8828181421913326,0.11718185780866741,0.0,0.0,0.0,True,0,long_only,1.312987934705465,1.406104924446002
2024-09-09,1.83320274872543,-0.007039356756698534,0.00300871754264427,0.0,0.9983587644385018,0.0,0.9983587644385018,0.0016412355614982,0.000457880850088604,0.0,0.24841585572824823,True,0,long_only,1.306150038175042,1.4035162080512498
2024-09-10,1.8189287813326034,-0.007786355002331824,0.00300871754264427,0.0,0.9983458849112058,0.0,0.9983458849112058,0.0016541150887942058,0.0,0.0,0.0,True,0,long_only,1.2998661927630877,1.399320015751898
2024-09-11,1.8154900958070577,-0.0018905003652900376,0.00300871754264427,0.0,0.9983427518830352,0.0,0.9983427518830352,0.0016572481169647713,0.0,0.0,0.0,True,0,long_only,1.2961063580019347,1.4007261708103955
2024-09-12,1.807948894624432,-0.004153810147486947,0.00300871754264427,0.0,0.9983358392753301,0.0,0.9983358392753301,0.0016641607246699053,0.0,0.0,0.0,True,0,long_only,1.2948376304726699,1.3962746000550317
2024-09-13,1.7963540521694268,-0.00641325785783009,0.00300871754264427,0.0,0.9983250976949612,0.0,0.9983250976949612,0.0016749023050387501,0.0,0.0,0.0,True,0,long_only,1.2901030761512482,1.3924112618415516
2024-09-18,1.7857964304842904,-0.005877249906490412,0.0033857417861655487,0.0,0.9981040718144747,0.0,0.9981040718144747,0.0018959281855253085,0.00019973804382651745,0.0,0.11121042734914627,True,0,long_only,1.2853975334465022,1.389295049988218
2024-09-19,1.8009033330579167,0.008459476296259316,0.0033857417861655487,0.0,0.9981199758343405,0.0,0.9981199758343405,0.0018800241656594663,0.0,0.0,0.0,True,0,long_only,1.2920648982789034,1.3938180159965743
2024-09-20,1.7892000032356743,-0.00649858857353014,0.0033857417861655487,0.0,0.9981076784149102,0.0,0.9981076784149102,0.0018923215850897845,0.0,0.0,0.0,True,0,long_only,1.2885845656784083,1.3885002590370965
2024-09-23,1.7916242549547874,0.0013549361249323155,0.0031761348842395875,0.0,0.9982272315886236,0.0,0.9982272315886236,0.001772768411376413,0.00040045181154395163,0.0,0.2234945350725539,True,0,long_only,1.28833549033524,1.3906503922270943
2024-09-24,1.8446367608214629,0.029589075789785646,0.0031761348842395875,0.0,0.9982781786898657,0.0,0.9982781786898657,0.0017218213101343194,0.0,0.0,0.0,True,0,long_only,1.3136672310959245,1.4041887604082033
2024-09-25,1.8595643008345606,0.008092400807652833,0.0031761348842395875,0.0,0.9982920005063475,0.0,0.9982920005063475,0.0017079994936525233,0.0,0.0,0.0,True,0,long_only,1.3195852470976,1.4092036152454972
2024-09-26,1.9026316715007248,0.023159925498051237,0.0031761348842395875,0.0,0.9983306622443984,0.0,0.9983306622443984,0.0016693377556016298,0.0,0.0,0.0,True,0,long_only,1.340057188264872,1.4198137871744738
2024-09-27,1.9532595200995704,0.026609379711897807,0.0031761348842395875,0.0,0.9983739309336234,0.0,0.9983739309336234,0.0016260690663766342,0.0,0.0,0.0,True,0,long_only,1.3558713497548518,1.4405935492720081
2024-09-30,2.0427317676187164,0.04580663583023781,0.0034323216476350644,0.0,0.9983197394283263,0.0,0.9983197394283263,0.0016802605716736974,0.0005326100023388822,0.0,0.2681773675115667,True,0,long_only,1.3896192897531678,1.469993819660893
2024-10-08,2.1569028399705226,0.055891367707518125,0.0032211379813522076,0.0,0.998506591061192,0.0,0.998506591061192,0.0014934089388080052,0.0012399279678987703,0.0,0.5549068024294138,True,0,long_only,1.4209596193675893,1.5179198694826186
2024-10-09,2.0672189447358718,-0.041579942115462454,0.0032211379813522076,0.0,0.9984418012472482,0.0,0.9984418012472482,0.0015581987527517605,0.0,0.0,0.0,True,0,long_only,1.3677204723657275,1.5114337955037196
2024-10-10,2.0614670255930663,-0.0027824431260426996,0.0032211379813522076,0.0,0.9984374535506211,0.0,0.9984374535506211,0.001562546449378921,0.0,0.0,0.0,True,0,long_only,1.3712333545849322,1.503367037200656
2024-10-11,2.0100046200489152,-0.024963972212626473,0.0032211379813522076,0.0,0.99839744747389,0.0,0.99839744747389,0.0016025525261099682,0.0,0.0,0.0,True,0,long_only,1.355148182139175,1.4832360376088272
2024-10-14,2.0458561986072556,0.017836565250018088,0.0030598524049524714,0.0,0.9985043658459302,0.0,0.9985043658459302,0.001495634154069836,0.0009425012144468307,0.0,0.47012499740239033,True,0,long_only,1.3758932570634441,1.4869294460921387
2024-10-15,2.035080490780605,-0.005267089560833327,0.0030598524049524714,0.0,0.9984964464949596,0.0,0.9984964464949596,0.0015035535050403892,0.0,0.0,0.0,True,0,long_only,1.3732156971243827,1.4819816690431205
2024-10-16,2.046869621272864,0.005792955387104559,0.0030598524049524714,0.0,0.9985051063471987,0.0,0.9985051063471987,0.0014948936528013101,0.0,0.0,0.0,True,0,long_only,1.3808188634946827,1.4823592546327826
2024-10-17,2.046223911515212,-0.0003154620846100853,0.0030598524049524714,0.0,0.9985046346161175,0.0,0.9985046346161175,0.0014953653838825076,0.0,0.0,0.0,True,0,long_only,1.3800114914306052,1.4827586032591438
2024-10-18,2.0900147764997827,0.02140081773951308,0.0030598524049524714,0.0,0.9985359661379634,0.0,0.9985359661379634,0.00146403386203664,0.0,0.0,0.0,True,0,long_only,1.3945059781620361,1.4987492411143548
2024-10-21,2.1169402369476846,0.012882904346252833,0.003920630789609102,0.0,0.9981479728519582,0.0,0.9981479728519582,0.0018520271480417794,0.00027574763666281856,0.0,0.13119486309157816,True,0,long_only,1.4041013934774809,1.5076833103232985
2024-10-22,2.111171159960137,-0.0027251959629555067,0.003920630789609102,0.0,0.998142911923028,0.0,0.998142911923028,0.0018570880769720466,0.0,0.0,0.0,True,0,long_only,1.4067538336021037,1.500739581817465
2024-10-23,2.123238848200552,0.005716110786888162,0.003920630789609102,0.0,0.9981534669107378,0.0,0.9981534669107378,0.0018465330892621923,0.0,0.0,0.0,True,0,long_only,1.4121177984853106,1.5035847933352418
2024-10-24,2.099512868035973,-0.011174428248939994,0.003920630789609102,0.0,0.9981325997809785,0.0,0.9981325997809785,0.0018674002190215422,0.0,0.0,0.0,True,0,long_only,1.4029165165964137,1.4965344289548728
2024-10-25,2.122000984102997,0.010711111329391843,0.003920630789609102,0.0,0.9981523897401647,0.0,0.9981523897401647,0.001847610259835264,0.0,0.0,0.0,True,0,long_only,1.4154396285946986,1.4991815554929737
2024-10-28,2.144639698636179,0.010668569290391616,0.003521014129368268,0.0,0.9983582257982041,0.0,0.9983582257982041,0.001641774201795898,0.0007112512153663745,0.0,0.33546276568259487,True,0,long_only,1.4200121424229795,1.510296732376359
2024-10-29,2.125355146177345,-0.008991977753231573,0.1317269476339269,0.0,0.9380212065400692,0.0,0.9380212065400692,0.06197879345993085,0.00012833426777233097,0.0,0.05979982412069155,True,0,long_only,1.4095990948375596,1.5077727801905747
2024-10-30,2.113836336664816,-0.0054197104579188915,0.1317269476339269,0.0,0.9376834689852271,0.0,0.9376834689852271,0.06231653101477286,0.0,0.0,0.0,True,0,long_only,1.405285916558345,1.5042037437063103
2024-10-31,2.1265932001680365,0.006034934342810994,0.1317269476339269,0.0,0.9380572891780533,0.0,0.9380572891780533,0.06194271082194669,0.0,0.0,0.0,True,0,long_only,1.4107875097206606,1.5073802294926095
2024-11-01,2.1145171058249184,-0.0056786104376538304,0.25488861679512353,0.0,0.8794577655139442,0.0,0.8794577655139442,0.12054223448605583,0.00012328495411531194,0.0,0.05794871261866092,True,0,long_only,1.4077784389910468,1.5020240737174455
2024-11-04,2.1222916411479895,0.003676742695367219,0.002525862768044084,0.0,0.9988098418148234,0.0,0.9988098418148234,0.0011901581851766485,0.0014329787367390239,0.0,0.6795089677222517,True,0,long_only,1.4164851081956402,1.4982802352588274
2024-11-05,2.148901125621479,0.012538090410183278,0.002525862768044084,0.0,0.9988245793452625,0.0,0.9988245793452625,0.0011754206547375246,0.0,0.0,0.0,True,0,long_only,1.4293400847846807,1.503421857748567
2024-11-06,2.145190613534948,-0.001726702100105948,0.002525862768044084,0.0,0.9988225462333709,0.0,0.9988225462333709,0.001177453766629144,0.0,0.0,0.0,True,0,long_only,1.4287563144491295,1.5014391130527018
2024-11-07,2.161648225523356,0.0076718646280518055,0.002525862768044084,0.0,0.9988315107249087,0.0,0.9988315107249087,0.0011684892750912779,0.0,0.0,0.0,True,0,long_only,1.4403418559084988,1.5007883140075045
2024-11-08,2.1588630168258236,-0.0012884652852607203,0.002525862768044084,0.0,0.9988300032246799,0.0,0.9988300032246799,0.001169996775320148,0.0,0.0,0.0,True,0,long_only,1.4381702302602484,1.5011178589304828
2024-11-11,2.1864466169730217,0.012776910777671402,0.003447417034686747,0.0,0.9984232786623168,0.0,0.9984232786623168,0.0015767213376831624,0.0008587940432386485,0.0,0.3982311389052735,True,0,long_only,1.4523901680338684,1.5054127087164608
2024-11-12,2.168798183152132,-0.008071742380485247,0.11457136308220299,0.0,0.9471728794443727,0.0,0.9471728794443727,0.05282712055562733,0.000111235181228745,0.0,0.05075791116460431,True,0,long_only,1.4464070527947739,1.499438335122565
2024-11-13,2.1692789060547035,0.00022165405075780242,0.11457136308220299,0.0,0.9471845861947851,0.0,0.9471845861947851,0.05281541380521493,0.0,0.0,0.0,True,0,long_only,1.446473213432803,1.4997020932772902
2024-11-14,2.142060054943851,-0.012547418884165329,0.11457136308220299,0.0,0.9465134682765902,0.0,0.9465134682765902,0.05348653172340978,0.0,0.0,0.0,True,0,long_only,1.433258422036941,1.4945386135596985
2024-11-15,2.116360985071956,-0.011997361984591559,0.11457136308220299,0.0,0.9458639788342594,0.0,0.9458639788342594,0.05413602116574057,0.0,0.0,0.0,True,0,long_only,1.4250711315308864,1.4850914724505362
2024-11-18,2.092316096801601,-0.011361430512071835,0.003302436412672934,0.0,0.998421635995765,0.0,0.998421635995765,0.0015783640042349445,0.0008081672258420116,0.0,0.3821767084452923,True,0,long_only,1.4161500594030543,1.477467788748015
2024-11-19,2.1191872281021245,0.012842768519345515,0.003302436412672934,0.0,0.9984416495301217,0.0,0.9984416495301217,0.001558350469878289,0.0,0.0,0.0,True,0,long_only,1.4252034528069448,1.4869366362594585
2024-11-20,2.1319284272551076,0.0060123046156681514,0.003302436412672934,0.0,0.9984509628135477,0.0,0.9984509628135477,0.0015490371864522734,0.0,0.0,0.0,True,0,long_only,1.4337855843399538,1.486922766235333
2024-11-21,2.1305104687138328,-0.0006651060716427182,0.003302436412672934,0.0,0.9984499318538121,0.0,0.9984499318538121,0.0015500681461878552,0.0,0.0,0.0,True,0,long_only,1.435767573079201,1.4838825647417708
2024-11-22,2.105675280662587,-0.011656919041678537,0.003302436412672934,0.0,0.9984316497215877,0.0,0.9984316497215877,0.0015683502784122894,0.0,0.0,0.0,True,0,long_only,1.4236852961343083,1.4790314168307186
2024-11-25,2.10185694888066,-0.00181335261756288,0.0037461553811623033,0.0,0.9982176925108261,0.0,0.9982176925108261,0.001782307489173851,0.000462122576099205,0.0,0.21923422263024112,True,0,long_only,1.4235282088440144,1.4765123274848813
2024-11-26,2.097267600483525,-0.002183473237595379,0.0037461553811623033,0.0,0.9982137923742785,0.0,0.9982137923742785,0.0017862076257214587,0.0,0.0,0.0,True,0,long_only,1.4217004769934343,1.4751824553922626
2024-11-27,2.114684510487996,0.008304572101555108,0.0037461553811623033,0.0,0.9982285038914397,0.0,0.9982285038914397,0.001771496108560311,0.0,0.0,0.0,True,0,long_only,1.432123430984548,1.4766077174187455
2024-11-28,2.1198501768002638,0.0024427598001723894,0.0037461553811623033,0.0,0.9982328206860276,0.0,0.9982328206860276,0.0017671793139724112,0.0,0.0,0.0,True,0,long_only,1.4352046769556484,1.477036837210483
2024-11-29,2.134493259000611,0.006907602414832015,0.0037461553811623033,0.0,0.9982449439156739,0.0,0.9982449439156739,0.0017550560843261342,0.0,0.0,0.0,True,0,long_only,1.4451061294470033,1.4770494813536046
2024-12-02,2.1431797243822546,0.0040695679618640845,0.003794287132975479,0.0,0.9982295991839558,0.0,0.9982295991839558,0.001770400816044182,0.0004684589748531215,0.0,0.21937993344551382,True,0,long_only,1.4520781162545013,1.475939689739547
2024-12-03,2.143562211877414,0.00017846729828940866,0.003794287132975479,0.0,0.9982299150862282,0.0,0.9982299150862282,0.001770084913771841,0.0,0.0,0.0,True,0,long_only,1.4538924036973535,1.4743609681336667
2024-12-04,2.126618906095945,-0.00790427527019577,0.003794287132975479,0.0,0.9982158123761152,0.0,0.9982158123761152,0.0017841876238847698,0.0,0.0,0.0,True,0,long_only,1.4467074291674302,1.4699716495682884
2024-12-05,2.143410006195479,0.007895678934952688,0.003794287132975479,0.0,0.9982297893907333,0.0,0.9982297893907333,0.0017702106092667425,0.0,0.0,0.0,True,0,long_only,1.452305255985061,1.475867416551942
2024-12-06,2.158371396423992,0.006980181199708779,0.003794287132975479,0.0,0.9982420601295671,0.0,0.9982420601295671,0.001757939870432934,0.0,0.0,0.0,True,0,long_only,1.459926819965936,1.4784106757312347
2024-12-09,2.1533580503405303,-0.0023227448676200746,0.003611069035365903,0.0,0.9983230522045349,0.0,0.9983230522045349,0.0016769477954651224,0.0007060657401690521,0.0,0.3264858035532886,True,0,long_only,1.4616144469359842,1.4732736494597902
2024-12-10,2.1675252051739045,0.006579098553133544,0.003611069035365903,0.0,0.998334012897868,0.0,0.998334012897868,0.0016659871021319494,0.0,0.0,0.0,True,0,long_only,1.4715169608279492,1.472986899148173
2024-12-11,2.1955767512281374,0.012941739264334062,0.003611069035365903,0.0,0.9983552981997347,0.0,0.9983552981997347,0.0016447018002653246,0.0,0.0,0.0,True,0,long_only,1.4837881670814383,1.479710379108066
2024-12-12,2.2109322930437965,0.006993853349499091,0.003611069035365903,0.0,0.9983667211127509,0.0,0.9983667211127509,0.0016332788872490678,0.0,0.0,0.0,True,0,long_only,1.4942238578798737,1.4796526513643324
2024-12-13,2.1849321448867496,-0.011759812020861182,0.003611069035365903,0.0,0.9983472855009176,0.0,0.9983472855009176,0.0016527144990824416,0.0,0.0,0.0,True,0,long_only,1.4858409158613584,1.4705020716300037
2024-12-16,2.1566754158263923,-0.012932543066147328,0.0036460423929388394,0.0,0.9983094153314945,0.0,0.9983094153314945,0.0016905846685054682,0.0007185083480689056,0.0,0.3286467770728546,True,0,long_only,1.4734331427293703,1.4637076860042608
2024-12-17,2.141925432079424,-0.006839222832851211,0.0036460423929388394,0.0,0.9982977734246335,0.0,0.9982977734246335,0.00170222657536645,0.0,0.0,0.0,True,0,long_only,1.463282614894847,1.4637810975655887
2024-12-18,2.1577055689659255,0.007367267156066282,0.0036460423929388394,0.0,0.9983102224671524,0.0,0.9983102224671524,0.0016897775328476028,0.0,0.0,0.0,True,0,long_only,1.4696779073708612,1.4681486046326244
2024-12-19,2.1532208010722953,-0.002078489279600526,0.0036460423929388394,0.0,0.998306702967423,0.0,0.998306702967423,0.0016932970325770347,0.0,0.0,0.0,True,0,long_only,1.4673619312396382,1.467409474943403
2024-12-20,2.1684535131941605,0.007074384621530427,0.0036460423929388394,0.0,0.9983185978529149,0.0,0.9983185978529149,0.0016814021470851204,0.0,0.0,0.0,True,0,long_only,1.473974457040518,1.4711608487083518
2024-12-23,2.1502228290448775,-0.008407228487194551,0.003855086929545173,0.0,0.9982071221282411,0.0,0.9982071221282411,0.0017928778717588578,0.0004757591779497786,0.0,0.2193033356690787,True,0,long_only,1.4662640892085985,1.4664635415066591
2024-12-24,2.163139206872469,0.006006995020757522,0.003855086929545173,0.0,0.9982178276288011,0.0,0.9982178276288011,0.0017821723711989312,0.0,0.0,0.0,True,0,long_only,1.4724941569896415,1.4690307575106296
2024-12-25,2.1611919121857213,-0.0009002169997018861,0.003855086929545173,0.0,0.998216221841379,0.0,0.998216221841379,0.0017837781586209633,0.0,0.0,0.0,True,0,long_only,1.4688118044730252,1.4713878970771928
2024-12-26,2.195783325097604,0.01600571088427727,0.003855086929545173,0.0,0.9982443227045756,0.0,0.9982443227045756,0.0017556772954243627,0.0,0.0,0.0,True,0,long_only,1.4727319107263024,1.490959290761016
2024-12-27,2.1882645939682837,-0.003424168060382815,0.003855086929545173,0.0,0.998238290314539,0.0,0.998238290314539,0.001761709685460966,0.0,0.0,0.0,True,0,long_only,1.4762387783420499,1.4823242866075523
2024-12-30,2.19445916691751,0.0028308153256699775,0.0036447261659520495,0.0,0.9983391232696884,0.0,0.9983391232696884,0.0016608767303115668,0.0007286776799196206,0.0,0.33260557889586606,True,0,long_only,1.4775977249231722,1.4851533200835236
2024-12-31,2.159322390810053,-0.016011588020028,0.0036447261659520495,0.0,0.9983120972665018,0.0,0.9983120972665018,0.00168790273349817,0.0,0.0,0.0,True,0,long_only,1.4667045704617871,1.4722272189621646
2025-01-02,2.134028954554203,-0.011713598841700423,0.0036447261659520495,0.0,0.9982920915116105,0.0,0.9982920915116105,0.0017079084883895312,0.0,0.0,0.0,True,0,long_only,1.456047400736046,1.4656315127347028
2025-01-03,2.123749535339342,-0.004816907096280909,0.0036447261659520495,0.0,0.9982838248553779,0.0,0.9982838248553779,0.0017161751446220785,0.0,0.0,0.0,True,0,long_only,1.4511493907206698,1.4634947641639056
2025-01-06,2.122692981100546,-0.0004974947474808422,0.0028869553695979266,0.0,0.9986399562276307,0.0,0.9986399562276307,0.0013600437723693126,0.0013569864843173429,0.0,0.638306949120805,True,0,long_only,1.4475059562264236,1.4664485296034993
2025-01-07,2.1575052179310625,0.01640003389113187,0.0028869553695979266,0.0,0.9986619010950221,0.0,0.9986619010950221,0.0013380989049779357,0.0,0.0,0.0,True,0,long_only,1.4589121209826872,1.4788452209704175
2025-01-08,2.156894208704595,-0.0002832017375389295,0.0028869553695979266,0.0,0.9986615220357369,0.0,0.9986615220357369,0.0013384779642631184,0.0,0.0,0.0,True,0,long_only,1.4581595879501312,1.4791894018519187
2025-01-09,2.164943088917303,0.0037316991163613977,0.0028869553695979266,0.0,0.9986664982629906,0.0,0.9986664982629906,0.0013335017370094127,0.0,0.0,0.0,True,0,long_only,1.4616933443813342,1.481119892376346
2025-01-10,2.151778062467241,-0.0060810034764683385,0.0028869553695979266,0.0,0.998658339621565,0.0,0.998658339621565,0.0013416603784349723,0.0,0.0,0.0,True,0,long_only,1.457644808654236,1.4762019181160193
2025-01-13,2.1478029172190003,-0.0018473769751525815,0.003360250937395773,0.0,0.9984354938200072,0.0,0.9984354938200072,0.0015645061799928195,0.0009239366296240434,0.0,0.4306033086820408,True,0,long_only,1.4553981773628724,1.4757493520506806
2025-01-14,2.1931970118633424,0.021135130360619314,0.003360250937395773,0.0,0.9984678754716427,0.0,0.9984678754716427,0.0015321245283572704,0.0,0.0,0.0,True,0,long_only,1.470621492513234,1.4913402415432238
2025-01-15,2.1863343400179,-0.003129072221200957,0.003360250937395773,0.0,0.9984630662950809,0.0,0.9984630662950809,0.0015369337049191412,0.0,0.0,0.0,True,0,long_only,1.4737869429327348,1.483480601115413
2025-01-16,2.178939781438507,-0.0033821719048388044,0.003360250937395773,0.0,0.9984578504803022,0.0,0.9984578504803022,0.0015421495196977775,0.0,0.0,0.0,True,0,long_only,1.4721088685681776,1.480148532464054
2025-01-17,2.1974013025071213,0.008472708252830197,0.003360250937395773,0.0,0.9984708068874075,0.0,0.9984708068874075,0.0015291931125924751,0.0,0.0,0.0,True,0,long_only,1.4767355138275733,1.4880127700129886
2025-01-20,2.2224433997011874,0.011396232980063647,0.003911353394157957,0.0,0.9982400661386094,0.0,0.9982400661386094,0.0017599338613906168,0.0004854748503183977,0.0,0.22044066110413715,True,0,long_only,1.4830628766645415,1.498549680307242
2025-01-21,2.254641395848152,0.014487656311649388,0.003911353394157957,0.0,0.9982651993344215,0.0,0.9982651993344215,0.0017348006655785175,0.0,0.0,0.0,True,0,long_only,1.4873923297531113,1.51583502936471
2025-01-22,2.2582778946058206,0.0016128945225459823,0.003911353394157957,0.0,0.9982679928792196,0.0,0.9982679928792196,0.0017320071207803656,0.0,0.0,0.0,True,0,long_only,1.4850618478135502,1.5206625218543408
2025-01-23,2.2389963399474473,-0.00853816738162727,0.003911353394157957,0.0,0.9982530773613278,0.0,0.9982530773613278,0.0017469226386721548,0.0,0.0,0.0,True,0,long_only,1.484825863077906,1.5079184674937005
2025-01-24,2.2711529015948324,0.014362042971513,0.003911353394157957,0.0,0.9982778115064769,0.0,0.9982778115064769,0.0017221884935231246,0.0,0.0,0.0,True,0,long_only,1.4923830354217689,1.5218297499294289
2025-01-27,2.250391346069209,-0.009141416903742927,0.0033388269956003934,0.0,0.9985163349470605,0.0,0.9985163349470605,0.001483665052939509,0.001198597910656923,0.0,0.5273344548611318,True,0,long_only,1.4863150081338667,1.5140742936416105
2025-02-05,2.266007487131111,0.006939300175135887,0.0034887914944169316,0.0,0.9984603795379184,0.0,0.9984603795379184,0.001539620462081559,0.0010261693673806332,0.0,0.4537746721320855,True,0,long_only,1.4907576772875129,1.5200374424730068
2025-02-06,2.304896747470456,0.017162017583878697,0.0034887914944169316,0.0,0.9984863567106658,0.0,0.9984863567106658,0.0015136432893342322,0.0,0.0,0.0,True,0,long_only,1.5024656336172464,1.5340761851046965
2025-02-07,2.3156164481391865,0.00465083769175112,0.0034887914944169316,0.0,0.9984933638309486,0.0,0.9984933638309486,0.0015066361690514452,0.0,0.0,0.0,True,0,long_only,1.5106362955137427,1.5328748918691135
2025-02-10,2.3155151217579846,-4.3757843093295e-05,0.0030859058230238733,0.0,0.9986672918721079,0.0,0.9986672918721079,0.0013327081278921016,0.0015428760058305466,0.0,0.6654774546569986,True,0,long_only,1.5136959596724378,1.5297095212297849
2025-02-11,2.3065525723876625,-0.0038706503300731665,0.0030859058230238733,0.0,0.9986621133808238,0.0,0.9986621133808238,0.0013378866191762206,0.0,0.0,0.0,True,0,long_only,1.5092628431242823,1.528264333078613
2025-02-12,2.3265585758242144,0.008673551895607812,0.0030859058230238733,0.0,0.9986736178254482,0.0,0.9986736178254482,0.0013263821745518323,0.0,0.0,0.0,True,0,long_only,1.5160352866170828,1.5346335249331515
2025-02-13,2.299630440888635,-0.011574234672359407,0.0030859058230238733,0.0,0.9986580862002195,0.0,0.9986580862002195,0.0013419137997805475,0.0,0.0,0.0,True,0,long_only,1.5130789321177702,1.5198350806920387
2025-02-14,2.317592765449501,0.007810961379483672,0.0030859058230238733,0.0,0.9986684865999633,0.0,0.9986684865999633,0.0013315134000366768,0.0,0.0,0.0,True,0,long_only,1.5144895335285837,1.5302798164935354
2025-02-17,2.354824143092354,0.01606467633049946,0.003249820421911165,0.0,0.9986199307360406,0.0,0.9986199307360406,0.0013800692639593937,0.0014407564894865482,0.0,0.6133027333729044,True,0,long_only,1.5156910390192093,1.5536307086806693
2025-02-18,2.3126519935001744,-0.017908831840325656,0.003249820421911165,0.0,0.9985947646117769,0.0,0.9985947646117769,0.001405235388223125,0.0,0.0,0.0,True,0,long_only,1.5070982934800992,1.534506411098071
2025-02-19,2.3580323110607457,0.019622631372171462,0.003249820421911165,0.0,0.9986218083583217,0.0,0.9986218083583217,0.0013781916416782947,0.0,0.0,0.0,True,0,long_only,1.5213621024789363,1.5499481071721999
2025-02-20,2.3617890138858226,0.0015931515473539548,0.003249820421911165,0.0,0.9986240005340001,0.0,0.9986240005340001,0.0013759994659998664,0.0,0.0,0.0,True,0,long_only,1.5250016451709456,1.5487124367141762
2025-02-21,2.4022443259358854,0.01712909655020467,0.003249820421911165,0.0,0.9986471732342858,0.0,0.9986471732342858,0.0013528267657142434,0.0,0.0,0.0,True,0,long_only,1.5345231162438873,1.5654663657436152
2025-02-24,2.404662806893794,0.0010067589427924517,0.0030749234198138875,0.0,0.9987212662785823,0.0,0.9987212662785823,0.0012787337214177352,0.0017295664265017856,0.0,0.7187742575350992,True,0,long_only,1.5327006913963575,1.5689056711412068
2025-02-25,2.4030438722512533,-0.0006732480902933435,0.0030749234198138875,0.0,0.9987204047935532,0.0,0.9987204047935532,0.0012795952064468263,0.0,0.0,0.0,True,0,long_only,1.5331139300338872,1.5674268070854576
2025-02-26,2.4410283247673723,0.015806807755254892,0.0030749234198138875,0.0,0.9987403163705169,0.0,0.9987403163705169,0.0012596836294831437,0.0,0.0,0.0,True,0,long_only,1.545583972001667,1.5793566502931744
2025-02-27,2.417702664723497,-0.009555669554181856,0.0030749234198138875,0.0,0.9987281631175413,0.0,0.9987281631175413,0.0012718368824586879,0.0,0.0,0.0,True,0,long_only,1.5414625534326758,1.568447225227448
2025-02-28,2.370862337919693,-0.019373898820250868,0.0030749234198138875,0.0,0.9987030358656285,0.0,0.9987030358656285,0.0012969641343715255,0.0,0.0,0.0,True,0,long_only,1.520896501411309,1.5588584336407258
2025-03-03,2.3634954115584264,-0.0031072771469855542,0.0033425915266902012,0.0,0.9985857423245487,0.0,0.9985857423245487,0.0014142576754513358,0.0013944085461075628,0.0,0.58776134742431,True,0,long_only,1.5137228484878933,1.5613792273264544
2025-03-04,2.380569384545746,0.007224034751165842,0.0033425915266902012,0.0,0.9985958856950821,0.0,0.9985958856950821,0.001404114304917936,0.0,0.0,0.0,True,0,long_only,1.519739928546511,1.5664320847465907
2025-03-05,2.400364554957846,0.008315309161164297,0.0033425915266902012,0.0,0.9986074650536785,0.0,0.9986074650536785,0.001392534946321522,0.0,0.0,0.0,True,0,long_only,1.5254948426544357,1.5734989642974435
2025-03-06,2.44090383163153,0.01688879990747738,0.0033425915266902012,0.0,0.9986305926995673,0.0,0.9986305926995673,0.001369407300432668,0.0,0.0,0.0,True,0,long_only,1.5399316599527182,1.5850728283010138
2025-03-07,2.44801408041527,0.0029129573609574244,0.0033425915266902012,0.0,0.9986345701385331,0.0,0.9986345701385331,0.001365429861466927,0.0,0.0,0.0,True,0,long_only,1.5420388939639562,1.5875177273398204
2025-03-10,2.4528421618161627,0.0019722441302596483,0.004292604412848477,0.0,0.9982499467435482,0.0,0.9982499467435482,0.0017500532564518334,0.0006340842917324881,0.0,0.2569765715062981,True,0,long_only,1.544897245806937,1.5877056991806495
2025-03-11,2.4297075452044843,-0.009431759194219236,0.004292604412848477,0.0,0.9982332834989458,0.0,0.9982332834989458,0.0017667165010541996,0.0,0.0,0.0,True,0,long_only,1.5397954468744228,1.577941765015907
2025-03-12,2.437962516450242,0.0033975164056472273,0.004292604412848477,0.0,0.9982392656228781,0.0,0.9982392656228781,0.0017607343771218753,0.0,0.0,0.0,True,0,long_only,1.5410164113762332,1.582048379532165
2025-03-13,2.4176231815238913,-0.008342759492449114,0.004292604412848477,0.0,0.99822445265844,0.0,0.99822445265844,0.0017755473415600465,0.0,0.0,0.0,True,0,long_only,1.5329794859566086,1.5770747121350082
2025-03-14,2.436311601635706,0.007730079796817391,0.004292604412848477,0.0,0.9982380724986218,0.0,0.9982380724986218,0.0017619275013781577,0.0,0.0,0.0,True,0,long_only,1.544283756254303,1.5776320846273988
2025-03-17,2.4435139346151127,0.002956244584876311,0.004237704767108662,0.0,0.9982657333330183,0.0,0.9982657333330183,0.001734266666981732,0.0006284624859302864,0.0,0.257813521699082,True,0,long_only,1.5488155830591972,1.5776661607373041
2025-03-18,2.4496752233748884,0.002521487057018046,0.004237704767108662,0.0,0.9982700952654162,0.0,0.9982700952654162,0.001729904734583787,0.0,0.0,0.0,True,0,long_only,1.5495235372661293,1.5809215958712854
2025-03-19,2.426800453908598,-0.009337878445280556,0.004237704767108662,0.0,0.9982537893627457,0.0,0.9982537893627457,0.0017462106372543307,0.0,0.0,0.0,True,0,long_only,1.541558079487584,1.5742517172724817
2025-03-20,2.4133759751975044,-0.005531760425325549,0.004237704767108662,0.0,0.9982440760119187,0.0,0.9982440760119187,0.0017559239880813315,0.0,0.0,0.0,True,0,long_only,1.5376843210609477,1.569487275211573
2025-03-21,2.3827740676768805,-0.012680124371470702,0.004237704767108662,0.0,0.9982215247242301,0.0,0.9982215247242301,0.0017784752757699085,0.0,0.0,0.0,True,0,long_only,1.5230514984500012,1.5644737358531953
2025-03-24,2.3622405684268726,-0.008617476381227895,0.003832301076813048,0.0,0.9983776838277885,0.0,0.9983776838277885,0.0016223161722115353,0.0009264459871211704,0.0,0.3886307994790036,True,0,long_only,1.5164032388285817,1.5577918247205131
2025-03-25,2.3713994973431767,0.0038772210750759317,0.003832301076813048,0.0,0.9983839496124096,0.0,0.9983839496124096,0.0016160503875903842,0.0,0.0,0.0,True,0,long_only,1.5206955428957982,1.5594176680674803
2025-03-26,2.381796398280445,0.00438428908706312,0.003832301076813048,0.0,0.9983910039163801,0.0,0.9983910039163801,0.0016089960836198625,0.0,0.0,0.0,True,0,long_only,1.526217656469909,1.5605876319039982
2025-03-27,2.3768952257024276,-0.0020577630319517093,0.003832301076813048,0.0,0.9983876861565572,0.0,0.9983876861565572,0.0016123138434428474,0.0,0.0,0.0,True,0,long_only,1.5258705784704085,1.5577305567324844
2025-03-28,2.358938336292729,-0.007554766914217859,0.003832301076813048,0.0,0.998375412778769,0.0,0.998375412778769,0.0016245872212310442,0.0,0.0,0.0,True,0,long_only,1.5200438429212009,1.5518883532723315
2025-03-31,2.348310968726313,-0.004505148525042579,0.003876498730550031,0.0,0.998349239610011,0.0,0.998349239610011,0.0016507603899890144,0.0008315540511083351,0.0,0.3526079215299063,True,0,long_only,1.5125744130277727,1.5525259111223608
2025-04-01,2.364548395992215,0.006914513231911945,0.003876498730550031,0.0,0.9983605754328732,0.0,0.9983605754328732,0.001639424567126846,0.0,0.0,0.0,True,0,long_only,1.517717252783877,1.5579637061218325
2025-04-02,2.3695544426341857,0.002117125896198724,0.003876498730550031,0.0,0.9983640389683385,0.0,0.9983640389683385,0.0016359610316615258,0.0,0.0,0.0,True,0,long_only,1.5207104025043394,1.558189145501965
2025-04-03,2.3389288595119644,-0.012924616784991683,0.003876498730550031,0.0,0.9983426179403512,0.0,0.9983426179403512,0.0016573820596488265,0.0,0.0,0.0,True,0,long_only,1.5150046666246824,1.5438426765528874
2025-04-07,2.1983518246829603,-0.060103168276070096,0.0035469950556844014,0.0,0.9983865207489271,0.0,0.9983865207489271,0.0016134792510729135,0.0010223201641390474,0.0,0.4466463655907719,True,0,long_only,1.4536404979525583,1.5123077733313857
2025-04-08,2.2110218102331776,0.0057634021124186585,0.0035469950556844014,0.0,0.9983957665911445,0.0,0.9983957665911445,0.0016042334088555155,0.0,0.0,0.0,True,0,long_only,1.4676700912167684,1.5064842047712066
2025-04-09,2.2429510712182963,0.014440952521292072,0.0035469950556844014,0.0,0.9984186034634461,0.0,0.9984186034634461,0.0015813965365538696,0.0,0.0,0.0,True,0,long_only,1.4799282068627333,1.5155809996844902
2025-04-10,2.2911827589255602,0.0215036735870775,0.0035469950556844014,0.0,0.9984518934415569,0.0,0.9984518934415569,0.001548106558443063,0.0,0.0,0.0,True,0,long_only,1.4935045820664339,1.534098245453956
2025-04-11,2.2877844471456883,-0.001483212880610929,0.0035469950556844014,0.0,0.9984495938591987,0.0,0.9984495938591987,0.0015504061408012637,0.0,0.0,0.0,True,0,long_only,1.4891832663825415,1.5362678985126348
2025-04-14,2.29534280303409,0.00330378847440449,0.002530516797155069,0.0,0.9988975429753629,0.0,0.9988975429753629,0.0011024570246370713,0.0020713016897344816,0.0,0.8986188208060133,True,0,long_only,1.4918817005336014,1.5385555049124302
2025-04-15,2.2744212847297103,-0.009114768511581217,0.002530516797155069,0.0,0.9988874019012464,0.0,0.9988874019012464,0.0011125980987536366,0.0,0.0,0.0,True,0,long_only,1.4859544857266385,1.5306130211770974
2025-04-16,2.254119812889453,-0.008925994483326316,0.002530516797155069,0.0,0.9988773814139403,0.0,0.9988773814139403,0.001122618586059665,0.0,0.0,0.0,True,0,long_only,1.4777463210085853,1.5253767042715292
2025-04-17,2.2605555908491706,0.002855117959088327,0.002530516797155069,0.0,0.9988805774972318,0.0,0.9988805774972318,0.001119422502768197,0.0,0.0,0.0,True,0,long_only,1.4805710618322465,1.5268133013836378
2025-04-18,2.2597268967253634,-0.0003665886949038022,0.002530516797155069,0.0,0.9988801669791061,0.0,0.9988801669791061,0.0011198330208939122,0.0,0.0,0.0,True,0,long_only,1.480510561997471,1.5263159579737084
2025-04-21,2.2825972760092217,0.010120859877802202,0.0028486405690817335,0.0,0.9987520178881217,0.0,0.9987520178881217,0.0012479821118782652,0.001663688811214386,0.0,0.7362477476268431,True,0,long_only,1.4865361332609695,1.5355141559875554
2025-04-22,2.287910607581358,0.0023277569056885383,0.0028486405690817335,0.0,0.9987549161406735,0.0,0.9987549161406735,0.0012450838593265345,0.0,0.0,0.0,True,0,long_only,1.4902446669926346,1.5352583761956624
2025-04-23,2.3139316563761345,0.011373280367052763,0.0028486405690817335,0.0,0.9987689175861214,0.0,0.9987689175861214,0.0012310824138785925,0.0,0.0,0.0,True,0,long_only,1.4957837629765072,1.5469693639216735
2025-04-24,2.2976793882262494,-0.007023659538561322,0.1249420878959825,0.0,0.9456224882652429,0.0,0.9456224882652429,0.054377511734757134,0.00012221566298989067,0.0,0.052772671824823245,True,0,long_only,1.4912480443693759,1.5407761283589143
2025-04-25,2.3057769260909957,0.0035242244441238135,0.1249420878959825,0.0,0.9458134538158477,0.0,0.9458134538158477,0.05418654618415231,0.0,0.0,0.0,True,0,long_only,1.4937667480171268,1.543599045267112
2025-04-28,2.278547644024587,-0.01180915714711861,0.003136898303001477,0.0,0.9986232904494106,0.0,0.9986232904494106,0.0013767095505894389,0.0013379765380832022,0.0,0.5811866819442475,True,0,long_only,1.4856597701572358,1.5336941134129487
2025-04-29,2.286131793306314,0.0033285015135038343,0.5085780406893711,0.0,0.7775377420591133,0.0,0.7775377420591133,0.2224622579408867,0.0005059470894758455,0.0,0.22212392853585017,True,0,long_only,1.4905620257750525,1.5337381160757713
2025-04-30,2.284608805022113,-0.0006661856891453377,0.5085780406893711,0.0,0.7773894420911819,0.0,0.7773894420911819,0.22261055790881812,0.0,0.0,0.0,True,1,long_only,1.4927527566342844,1.530466981131711
2025-05-06,2.318774965974628,0.01495492833495593,0.0021533008044388262,0.0,0.9990713627514372,0.0,0.9990713627514372,0.0009286372485628469,0.0017801278256349888,0.0,0.7784167531802942,True,1,long_only,1.5050236090875704,1.54069009414437
2025-05-07,2.312911625213188,-0.002528637253497057,0.33687403449025916,0.0,0.8543506674366738,0.0,0.8543506674366738,0.14564933256332624,0.00033505578947529564,0.0,0.14363098614700018,True,0,long_only,1.5050816323209224,1.5367350019723152
2025-05-08,2.330024485856358,0.007398838959786325,0.33687403449025916,0.0,0.855420388697569,0.0,0.855420388697569,0.14457961130243102,0.0,0.0,0.0,True,0,long_only,1.5140225172601431,1.5389629013397346
2025-05-09,2.3165381425835108,-0.00578806933348186,0.33687403449025916,0.0,0.854578680014929,0.0,0.854578680014929,0.14542131998507102,0.0,0.0,0.0,True,0,long_only,1.5123837147181591,1.5317132286201653
2025-05-12,2.3373603923411754,0.008988520143442535,0.002963250121018529,0.0,0.9987322236952726,0.0,0.9987322236952726,0.0012677763047274082,0.0013373563410063443,0.0,0.5762255097072726,True,0,long_only,1.5215135289659765,1.5362074328248991
2025-05-13,2.3348657205935544,-0.0010673029952058544,0.002963250121018529,0.0,0.9987308691481132,0.0,0.9987308691481132,0.001269130851886846,0.0,0.0,0.0,True,0,long_only,1.5232931439888993,1.5327750471452062
2025-05-14,2.335697982829682,0.0003564497216208551,0.002963250121018529,0.0,0.9987313213682583,0.0,0.9987313213682583,0.0012686786317417376,0.0,0.0,0.0,True,0,long_only,1.5231611765130444,1.533454252147346
2025-05-15,2.3176153751549573,-0.007741843255273051,0.002963250121018529,0.0,0.9987214228241732,0.0,0.9987214228241732,0.0012785771758268005,0.0,0.0,0.0,True,0,long_only,1.516529545501183,1.5282362167161283
2025-05-16,2.329452351693842,0.0051073947238089445,0.002963250121018529,0.0,0.9987279198396724,0.0,0.9987279198396724,0.0012720801603276488,0.0,0.0,0.0,True,0,long_only,1.5171893828804572,1.5353734859858195
2025-05-19,2.3349881231153,0.002376426123261277,0.003353685303049977,0.0,0.9985637248987049,0.0,0.9985637248987049,0.0014362751012950703,0.0012967608482176104,0.0,0.5567815316509808,True,0,long_only,1.5192676052750196,1.5369169427479614
2025-05-20,2.346537733754476,0.004946325218891046,0.003353685303049977,0.0,0.9985707942153207,0.0,0.9985707942153207,0.0014292057846793105,0.0,0.0,0.0,True,0,long_only,1.523162945514061,1.5405690774354608
2025-05-21,2.3444620553662414,-0.0008845706414077892,0.003353685303049977,0.0,0.9985695288625491,0.0,0.9985695288625491,0.0014304711374508727,0.0,0.0,0.0,True,0,long_only,1.5250773584144657,1.5372741864082504
2025-05-22,2.3225289664992887,-0.00935527568755068,0.003353685303049977,0.0,0.99855602003186,0.0,0.99855602003186,0.0014439799681400523,0.0,0.0,0.0,True,0,long_only,1.5201804097996996,1.5277982478443513
2025-05-23,2.3146001723044844,-0.0034138623496933196,0.003353685303049977,0.0,0.9985510735965637,0.0,0.9985510735965637,0.0014489264034363014,0.0,0.0,0.0,True,0,long_only,1.515451870081735,1.5273333439349994
2025-05-26,2.3008484852337854,-0.005941279723057913,0.0033242702550447907,0.0,0.9985551981034915,0.0,0.9985551981034915,0.0014448018965085296,0.0012960827155192134,0.0,0.560065316493132,True,0,long_only,1.5118922862356863,1.5218336029496151
2025-05-27,2.2865536063369145,-0.006212872767855759,0.0033242702550447907,0.0,0.9985461656154346,0.0,0.9985461656154346,0.0014538343845653667,0.0,0.0,0.0,True,0,long_only,1.508220547725171,1.5160605057302083
2025-05-28,2.2969595713139075,0.004550938560178075,0.0033242702550447907,0.0,0.9985527519523807,0.0,0.9985527519523807,0.0014472480476193095,0.0,0.0,0.0,True,0,long_only,1.5092444455137073,1.521926801282401
2025-05-29,2.3250987658848494,0.012250626838349543,0.0033242702550447907,0.0,0.9985702670769001,0.0,0.9985702670769001,0.0014297329230998912,0.0,0.0,0.0,True,0,long_only,1.5179935707427046,1.5316921037730447
2025-05-30,2.3183327299823215,-0.0029099993522007095,0.0033242702550447907,0.0,0.9985660944125695,0.0,0.9985660944125695,0.0014339055874305062,0.0,0.0,0.0,True,0,long_only,1.518883732054369,1.5263398251337226
2025-06-03,2.3248289956304875,0.0028021282554273608,0.0037641603076775665,0.0,0.998380887233103,0.0,0.998380887233103,0.0016191127668969685,0.0008561221515301142,0.0,0.36995685359630986,True,0,long_only,1.523323924606592,1.5261553751483876
2025-06-04,2.3559131242607685,0.013370501094361664,0.0037641603076775665,0.0,0.9984022499518701,0.0,0.9984022499518701,0.0015977500481298978,0.0,0.0,0.0,True,0,long_only,1.5308326263225935,1.5389749890033406
2025-06-05,2.3652433674756437,0.003960351134680851,0.0037641603076775665,0.0,0.9984085526422193,0.0,0.9984085526422193,0.0015914473577807176,0.0,0.0,0.0,True,0,long_only,1.5334553472301335,1.542427284725285
2025-06-06,2.3594219754965637,-0.0024612232547102098,0.0037641603076775665,0.0,0.9984046260708048,0.0,0.9984046260708048,0.0015953739291951763,0.0,0.0,0.0,True,0,long_only,1.5352119652398375,1.5368704966600262
2025-06-09,2.3712952755517307,0.005032291882705042,0.0033941763211107023,0.0,0.9985686403730042,0.0,0.9985686403730042,0.0014313596269958095,0.0013196200193231536,0.0,0.5588917272927046,True,0,long_only,1.5413663197773606,1.5384371937582284
2025-06-10,2.3565607126495474,-0.0062137191661021385,0.0033941763211107023,0.0,0.9985596906954736,0.0,0.9985596906954736,0.0014403093045264326,0.0,0.0,0.0,True,0,long_only,1.5370389894900112,1.5331821305531443
2025-06-11,2.3703700558122955,0.005859956456297555,0.0033941763211107023,0.0,0.9985680816745098,0.0,0.9985680816745098,0.0014319183254901668,0.0,0.0,0.0,True,0,long_only,1.5418729616685782,1.5373316185836332
2025-06-12,2.371092802654623,0.00030490886456968624,0.0033941763211107023,0.0,0.9985685181460167,0.0,0.9985685181460167,0.0014314818539833407,0.0,0.0,0.0,True,0,long_only,1.5425409364525302,1.5371344426732436
2025-06-13,2.358832704735807,-0.0051706529179667005,0.0033941763211107023,0.0,0.9985610779796735,0.0,0.9985610779796735,0.0014389220203264719,0.0,0.0,0.0,True,0,long_only,1.5349250332749091,1.5367738838052645
2025-06-16,2.3642119192868645,0.002280456151153576,0.002975764729842709,0.0,0.9987413291060896,0.0,0.9987413291060896,0.0012586708939104074,0.0017301691145059095,0.0,0.7340503404092081,True,0,long_only,1.538757397077752,1.5364422772405384
2025-06-17,2.361581793765596,-0.0011124745204996733,0.002975764729842709,0.0,0.998739927307325,0.0,0.998739927307325,0.0012600726926750294,0.0,0.0,0.0,True,0,long_only,1.5398095988825575,1.5336842915379927
2025-06-18,2.36462771092491,0.00128977838809341,0.002975764729842709,0.0,0.998741550428385,0.0,0.998741550428385,0.001258449571615028,0.0,0.0,0.0,True,0,long_only,1.5399642095714277,1.5355082255989485
2025-06-19,2.3545790792275842,-0.004249561844724803,0.002975764729842709,0.0,0.9987361797460552,0.0,0.9987361797460552,0.0012638202539447807,0.0,0.0,0.0,True,0,long_only,1.532434279843224,1.5364959595320915
2025-06-20,2.343776289039544,-0.004587992088838422,0.002975764729842709,0.0,0.9987303546231104,0.0,0.9987303546231104,0.001269645376889561,0.0,0.0,0.0,True,0,long_only,1.5322839147567944,1.5295966148750901
2025-06-23,2.3575967213074462,0.005896651626920324,0.003404188808689214,0.0,0.9985560767123898,0.0,0.9985560767123898,0.001443923287610227,0.0012676052060220135,0.0,0.5417762722853979,True,0,long_only,1.538923683173333,1.5319776718530778
2025-06-24,2.3837084278493426,0.011075561102500853,0.003404188808689214,0.0,0.9985718937899797,0.0,0.9985718937899797,0.001428106210020319,0.0,0.0,0.0,True,0,long_only,1.549486388244776,1.5383861684319504
2025-06-25,2.410974797322524,0.01143863450521998,0.003404188808689214,0.0,0.9985880446313791,0.0,0.9985880446313791,0.0014119553686209318,0.0,0.0,0.0,True,0,long_only,1.5618789479680193,1.543637424948435
2025-06-26,2.3932595902190528,-0.007347736327706245,0.003404188808689214,0.0,0.9985775931609752,0.0,0.9985775931609752,0.0014224068390248368,0.0,0.0,0.0,True,0,long_only,1.560910596811411,1.5332457830114956
2025-06-27,2.4060557931006703,0.005346767619323067,0.003404188808689214,0.0,0.9985851579924078,0.0,0.9985851579924078,0.0014148420075922319,0.0,0.0,0.0,True,0,long_only,1.5641768802888707,1.5382248794371147
2025-06-30,2.4239890346156407,0.007453377251846582,0.004365104808098549,0.0,0.9981992060418744,0.0,0.9981992060418744,0.0018007939581256016,0.0004379093061153627,0.0,0.18203665025993043,True,0,long_only,1.569633187025156,1.5443028693918615
2025-07-01,2.433660047318917,0.003989709757416415,0.004365104808098549,0.0,0.9982063621363602,0.0,0.9982063621363602,0.001793637863639841,0.0,0.0,0.0,True,0,long_only,1.5771726693588504,1.5430523839271475
2025-07-02,2.4166089948997187,-0.007006341102563929,0.004365104808098549,0.0,0.9981937066288707,0.0,0.9981937066288707,0.0018062933711292528,0.0,0.0,0.0,True,0,long_only,1.5720715780267431,1.5372130815653031
2025-07-03,2.4408289549162725,0.010022291594407706,0.004365104808098549,0.0,0.9982116301925595,0.0,0.9982116301925595,0.0017883698074404597,0.0,0.0,0.0,True,0,long_only,1.5808040746461822,1.5440426768020459
2025-07-04,2.421313189412114,-0.00799554817835546,0.004365104808098549,0.0,0.998197215945799,0.0,0.998197215945799,0.0018027840542009788,0.0,0.0,0.0,True,0,long_only,1.5831005917662202,1.5294752601353803
2025-07-07,2.410323009420418,-0.004538933682661894,0.00435007719344352,0.0,0.9981952306074987,0.0,0.9981952306074987,0.001804769392501293,0.0004874410219614933,0.0,0.20114260268373318,True,0,long_only,1.5800334978032546,1.52548854993994
2025-07-08,2.4331564378104145,0.009473181934850583,0.00435007719344352,0.0,0.9982121670740751,0.0,0.9982121670740751,0.0017878329259248815,0.0,0.0,0.0,True,0,long_only,1.5921246197532315,1.5282449675249272
2025-07-09,2.440335755848379,0.0029506191736794474,0.00435007719344352,0.0,0.9982174267688294,0.0,0.9982174267688294,0.0017825732311705922,0.0,0.0,0.0,True,0,long_only,1.5881815164867357,1.5365597260234582
2025-07-10,2.446481992496101,0.0025186028738022337,0.00435007719344352,0.0,0.9982219050837953,0.0,0.9982219050837953,0.001778094916204731,0.0,0.0,0.0,True,0,long_only,1.5946121889830862,1.534217541668403
2025-07-11,2.4523672594638923,0.0024056040411670754,0.00435007719344352,0.0,0.9982261722110927,0.0,0.9982261722110927,0.001773827788907334,0.0,0.0,0.0,True,0,long_only,1.5951011408641358,1.5374368412371255
2025-07-14,2.4460637793638917,-0.0025703654604239956,0.004428995310022117,0.0,0.9981893377648665,0.0,0.9981893377648665,0.0018106622351334867,0.0004693676016015869,0.0,0.1912814882687068,True,0,long_only,1.588360539389638,1.539992790493174
2025-07-15,2.436782341255112,-0.00379443830822479,0.004428995310022117,0.0,0.9981824411499384,0.0,0.9981824411499384,0.001817558850061629,0.0,0.0,0.0,True,0,long_only,1.5826250842928986,1.5397091613417986
2025-07-16,2.447322906068208,0.004325607845494517,0.004428995310022117,0.0,0.9981902693351007,0.0,0.9981902693351007,0.0018097306648993117,0.0,0.0,0.0,True,0,long_only,1.5886892197785636,1.5404667417642093
2025-07-17,2.473716780016368,0.010784794226669447,0.004428995310022117,0.0,0.9982095786608228,0.0,0.9982095786608228,0.0017904213391771728,0.0,0.0,0.0,True,0,long_only,1.6020342096492637,1.5441098355558482
2025-07-18,2.483892859500711,0.004113680097313166,0.004428995310022117,0.0,0.9982169137074164,0.0,0.9982169137074164,0.0017830862925836133,0.0,0.0,0.0,True,0,long_only,1.605740620579709,1.5468829944676676
2025-07-21,2.501209907896319,0.006971737258864241,0.004043216268173011,0.0,0.998383495821199,0.0,0.998383495821199,0.0016165041788009926,0.0009140398102191756,0.0,0.36807152580264724,True,0,long_only,1.6183153874076848,1.545563940971301
2025-07-22,2.5205546067577247,0.007734136507429712,0.004043216268173011,0.0,0.998395902133073,0.0,0.998395902133073,0.0016040978669269457,0.0,0.0,0.0,True,0,long_only,1.626031416042858,1.5501266346328018
2025-07-23,2.5114072743581426,-0.0036290951106782154,0.004043216268173011,0.0,0.9983900595058974,0.0,0.9983900595058974,0.0016099404941025686,0.0,0.0,0.0,True,0,long_only,1.6254409235034428,1.5450621662367807
2025-07-24,2.5480000640794547,0.014570631412487378,0.004043216268173011,0.0,0.9984131804684103,0.0,0.9984131804684103,0.0015868195315896783,0.0,0.0,0.0,True,0,long_only,1.6382534440680796,1.5553149442813377
2025-07-25,2.56600020681615,0.007064420048670028,0.004043216268173011,0.0,0.9984243117917789,0.0,0.9984243117917789,0.001575688208221071,0.0,0.0,0.0,True,0,long_only,1.6401031115312685,1.5645359055629284
2025-07-28,2.543190232845398,-0.008889311041425874,0.004072881744099054,0.0,0.9983985147113663,0.0,0.9983985147113663,0.0016014852886336861,0.001042357689680927,0.0,0.4068215279771242,True,0,long_only,1.6286916397719546,1.5614927778480459
2025-07-29,2.578405293911782,0.013846805721247302,0.004072881744099054,0.0,0.9984203873015169,0.0,0.9984203873015169,0.0015796126984830572,0.0,0.0,0.0,True,0,long_only,1.6310125691060247,1.5808616946005716
2025-07-30,2.59196087305615,0.005257350028087471,0.004072881744099054,0.0,0.9984286484466501,0.0,0.9984286484466501,0.0015713515533498645,0.0,0.0,0.0,True,0,long_only,1.6296939557480858,1.5904586649008894
2025-07-31,2.5872394443599247,-0.0018215663458910347,0.004072881744099054,0.0,0.9984257809021204,0.0,0.9984257809021204,0.0015742190978795811,0.0,0.0,0.0,True,0,long_only,1.6147069791335715,1.6022965638930973
2025-08-01,2.6487115722807117,0.023759736677946064,0.004072881744099054,0.0,0.9984623158720933,0.0,0.9984623158720933,0.0015376841279066689,0.0,0.0,0.0,True,0,long_only,1.6176799622424423,1.637352031367839
2025-08-04,2.6866199486721,0.014312006179950432,0.004324713686060218,0.0,0.9983902770884294,0.0,0.9983902770884294,0.001609722911570577,0.0009622615793124225,0.0,0.36336884169053063,True,0,long_only,1.632209121393803,1.6460022882226617
2025-08-05,2.6984920843176536,0.004418985890215499,0.004324713686060218,0.0,0.9983973591357954,0.0,0.9983973591357954,0.0016026408642045853,0.0,0.0,0.0,True,0,long_only,1.6455901988852464,1.6398323751233221
2025-08-06,2.720294138703083,0.008079347170270479,0.004324713686060218,0.0,0.9984102036524175,0.0,0.9984102036524175,0.001589796347582495,0.0,0.0,0.0,True,0,long_only,1.6552156872179768,1.6434680747107038
2025-08-07,2.7054451673266597,-0.005458590365342686,0.004324713686060218,0.0,0.9984014779754958,0.0,0.9984014779754958,0.0015985220245041676,0.0,0.0,0.0,True,0,long_only,1.6536126184965332,1.6360815931523636
2025-08-08,2.7054952433393353,1.8509343039152526e-05,0.004324713686060218,0.0,0.9984015075625406,0.0,0.9984015075625406,0.0015984924374593534,0.0,0.0,0.0,True,0,long_only,1.6549733340786725,1.6347666682167363
2025-08-11,2.7326134626807104,0.010023384594054496,0.004890787140132832,0.0,0.9982102162611265,0.0,0.9982102162611265,0.0017897837388735072,0.0005463247335934945,0.0,0.20060121227525493,True,0,long_only,1.6660731078588225,1.6401521936768835
2025-08-12,2.715226196454067,-0.006362870733128245,0.004890787140132832,0.0,0.9981987551731344,0.0,0.9981987551731344,0.0018012448268656112,0.0,0.0,0.0,True,0,long_only,1.6618908356548523,1.6338174194120025
2025-08-13,2.740246530712988,0.009214825008537542,0.004890787140132832,0.0,0.9982152017764401,0.0,0.9982152017764401,0.0017847982235599247,0.0,0.0,0.0,True,0,long_only,1.6732386233775607,1.6376902208852853
2025-08-14,2.7166412876392108,-0.00861427714959484,0.004890787140132832,0.0,0.99819969343675,0.0,0.99819969343675,0.0018003065632500315,0.0,0.0,0.0,True,0,long_only,1.666443536671745,1.6302030208985911
2025-08-15,2.7407365312612915,0.008869497688824168,0.004890787140132832,0.0,0.9982155208702669,0.0,0.9982155208702669,0.0017844791297331186,0.0,0.0,0.0,True,0,long_only,1.6814209606807682,1.6300121119886783
2025-08-18,2.787996433692946,0.01724350439839828,0.004435466650803807,0.0,0.9984090845321029,0.0,0.9984090845321029,0.001590915467897136,0.0010425247824180767,0.0,0.37990392109378673,True,0,long_only,1.6969092721834498,1.642984972381918
2025-08-19,2.813706224122623,0.00922160090270352,0.2877019391897138,0.0,0.8977498301979178,0.0,0.8977498301979178,0.10225016980208224,0.00028355002256147144,0.0,0.10184344018501891,True,0,long_only,1.6996038145322727,1.655507124698322
2025-08-20,2.8362822735014506,0.008023598620665373,0.2877019391897138,0.0,0.8985637142404237,0.0,0.8985637142404237,0.1014362857595763,0.0,0.0,0.0,True,0,long_only,1.705687762829326,1.6628379093232983
2025-08-21,2.814128858086561,-0.007810723079949455,0.2877019391897138,0.0,0.8977651864224391,0.0,0.8977651864224391,0.10223481357756092,0.0,0.0,0.0,True,0,long_only,1.7128362959383028,1.6429642837203908
2025-08-22,2.844620590952774,0.010835229800722601,0.2877019391897138,0.0,0.8988610501854831,0.0,0.8988610501854831,0.10113894981451688,0.0,0.0,0.0,True,0,long_only,1.729087400679438,1.645157202484381
2025-08-25,2.8383196076641664,-0.0022150522669517336,0.004518831405866423,0.0,0.998407920167389,0.0,0.998407920167389,0.0015920798326110042,0.0008826422811857133,0.0,0.3099939699461381,True,0,long_only,1.7370992062846238,1.6339421475730658
2025-08-26,2.832835839702921,-0.0019320473798785098,0.28599002217961456,0.0,0.8990446187627991,0.0,0.8990446187627991,0.10095538123720094,0.0002817529437174656,0.0,0.09929157169492717,True,0,long_only,1.736307755229698,1.6315286452937385
2025-08-27,2.767714685540921,-0.02298797312901446,0.28599002217961456,0.0,0.8966692543585933,0.0,0.8966692543585933,0.10333074564140665,0.0,0.0,0.0,True,0,long_only,1.6874182279279974,1.6402067014171309
2025-08-28,2.757115849728177,-0.003829453905821456,0.28599002217961456,0.0,0.8962720328898003,0.0,0.8962720328898003,0.10372796711019971,0.0,0.0,0.0,True,0,long_only,1.690606675360717,1.630844057290797
2025-08-29,2.7651209988720122,0.002903450409827535,0.28599002217961456,0.0,0.8965723300006474,0.0,0.8965723300006474,0.1034276699993526,0.0,0.0,0.0,True,0,long_only,1.6844887622441405,1.641519409834597
2025-09-01,2.7447423869014016,-0.007369880731774137,0.002764450444532442,0.0,0.9989928197058765,0.0,0.9989928197058765,0.0010071802941234997,0.002483708581378778,0.0,0.8967432695340257,True,0,long_only,1.6723176814482035,1.6412804919484518
2025-09-02,2.730825560193979,-0.005070358068515635,0.470760078405614,0.0,0.8276125413253513,0.0,0.8276125413253513,0.17238745867464866,0.0004684640920531348,0.0,0.17063634706539915,True,0,long_only,1.6576505402175306,1.6474072755018785
2025-09-03,2.765507287308946,0.012700088801169462,0.470760078405614,0.0,0.8297744212911837,0.0,0.8297744212911837,0.17022557870881627,0.0,0.0,0.0,True,0,long_only,1.66194107528373,1.664022466522655
2025-09-04,2.762116526763967,-0.0012260898969745915,0.470760078405614,0.0,0.8295654532152755,0.0,0.8295654532152755,0.17043454678472447,0.0,0.0,0.0,True,0,long_only,1.6587681950599587,1.665161253386659
2025-09-05,2.8255397661865644,0.022961826124295648,0.470760078405614,0.0,0.8333910978570419,0.0,0.8333910978570419,0.1666089021429581,0.0,0.0,0.0,True,0,long_only,1.694711111519947,1.6672692749694689
2025-09-08,2.871086882300042,0.016119792989128356,0.003928926857754573,0.0,0.9986315541748402,0.0,0.9986315541748402,0.0013684458251598253,0.0012806392022123108,0.0,0.45049025062448633,True,0,long_only,1.7054648687012066,1.683462928489704
2025-09-09,2.8339929924748994,-0.012919807496534652,0.003928926857754573,0.0,0.9986136427054735,0.0,0.9986136427054735,0.001386357294526519,0.0,0.0,0.0,True,0,long_only,1.6890927642905211,1.677819627428975
2025-09-10,2.8054835623607057,-0.010059809671334685,0.003928926857754573,0.0,0.9985995544901898,0.0,0.9985995544901898,0.001400445509810222,0.0,0.0,0.0,True,0,long_only,1.6784278109603057,1.6714949216407227
2025-09-11,2.8326226641816117,0.009673591456750286,0.003928926857754573,0.0,0.9986129720320903,0.0,0.9986129720320903,0.001387027967909682,0.0,0.0,0.0,True,0,long_only,1.69911769305285,1.667113864897824
2025-09-12,2.8389033470802376,0.002217267756148722,0.003928926857754573,0.0,0.9986160406405539,0.0,0.9986160406405539,0.0013839593594461297,0.0,0.0,0.0,True,0,long_only,1.7019371268734604,1.6680424336799318
2025-09-15,2.824748994777461,-0.004985852131011881,0.004335051551682874,0.0,0.9984653321198812,0.0,0.9984653321198812,0.0015346678801188007,0.0013309829759453838,0.0,0.46901686536148224,True,0,long_only,1.6896280639982113,1.6718170436238986
2025-09-16,2.822963088519776,-0.0006322353812627801,0.004335051551682874,0.0,0.9984643612347209,0.0,0.9984643612347209,0.0015356387652790682,0.0,0.0,0.0,True,0,long_only,1.686657557490764,1.673702569903692
2025-09-17,2.8438977308080777,0.007415839892996434,0.004335051551682874,0.0,0.9984756654556453,0.0,0.9984756654556453,0.001524334544354744,0.0,0.0,0.0,True,0,long_only,1.6962681862149536,1.6765613798098404
2025-09-18,2.8196354467243743,-0.008531349007690814,0.004335051551682874,0.0,0.998462548923933,0.0,0.998462548923933,0.0015374510760669535,0.0,0.0,0.0,True,0,long_only,1.684813550830829,1.6735593355917233
2025-09-19,2.813220429369405,-0.0022751229640063375,0.004335051551682874,0.0,0.9984590430574064,0.0,0.9984590430574064,0.0015409569425935965,0.0,0.0,0.0,True,0,long_only,1.6756221753476264,1.6789109566336287
2025-09-22,2.7955270117991424,-0.006289381871945721,0.003855337879215862,0.0,0.9986208904929398,0.0,0.9986208904929398,0.0013791095070602166,0.0017559696909834389,0.0,0.624760849825308,True,0,long_only,1.6685005310541052,1.6754726533008761
2025-09-23,2.798239900255002,0.0009704390064588786,0.003855337879215862,0.0,0.9986222275370799,0.0,0.9986222275370799,0.001377772462920146,0.0,0.0,0.0,True,0,long_only,1.665444404897444,1.680176109167279
2025-09-24,2.8445109673060127,0.016535775594792357,0.003855337879215862,0.0,0.9986446394745783,0.0,0.9986446394745783,0.0013553605254217338,0.0,0.0,0.0,True,0,long_only,1.6870219717002295,1.6861137643863835
2025-09-25,2.855191116757656,0.0037546522317535302,0.003855337879215862,0.0,0.9986497093463943,0.0,0.9986497093463943,0.0013502906536057013,0.0,0.0,0.0,True,0,long_only,1.6947440149388597,1.6847329694571371
2025-09-26,2.8555869165252066,0.00013862461438307605,0.003855337879215862,0.0,0.9986498965039708,0.0,0.9986498965039708,0.0013501034960291536,0.0,0.0,0.0,True,0,long_only,1.691346471585952,1.6883512423374512
2025-09-29,2.91857254890911,0.022056983108939,0.004000612427071115,0.0,0.9986292571590977,0.0,0.9986292571590977,0.0013707428409023281,0.0017255801421942449,0.0,0.6016904125567405,True,0,long_only,1.7059828321989319,1.7107865881318434
2025-09-30,2.9529566420696933,0.011781133613908201,0.004000612427071115,0.0,0.9986452180265447,0.0,0.9986452180265447,0.001354781973455288,0.0,0.0,0.0,True,0,long_only,1.7176741599191072,1.7191599611702613
2025-10-09,2.959974255069081,0.0023764700434167896,0.0038905603444530836,0.0,0.998685610073199,0.0,0.998685610073199,0.0013143899268009962,0.0020195100742079804,0.0,0.6822690949786963,True,0,long_only,1.7258826784373635,1.7150495175889242
2025-10-10,2.9504788175865597,-0.0032079459698879376,0.0038905603444530836,0.0,0.9986813800115212,0.0,0.9986813800115212,0.0013186199884788197,0.0,0.0,0.0,True,0,long_only,1.7181241937777865,1.7172674875726475
2025-10-13,2.9274666650251704,-0.007799463742706347,0.0042842235083117046,0.0,0.9985365423423959,0.0,0.9985365423423959,0.0014634576576041392,0.0014763243609409536,0.0,0.5117065691170506,True,0,long_only,1.7109830904730803,1.710985153112026
2025-10-14,2.8617360560050065,-0.02245306831516003,0.0042842235083117046,0.0,0.9985029284935898,0.0,0.9985029284935898,0.001497071506410208,0.0,0.0,0.0,True,0,long_only,1.697651545010108,1.685702854874124
2025-10-15,2.883264176036742,0.007522748293491643,0.0042842235083117046,0.0,0.9985141064964083,0.0,0.9985141064964083,0.0014858935035917398,0.0,0.0,0.0,True,0,long_only,1.7059325925700541,1.6901395685822451
2025-10-16,2.844465310062749,-0.013456576853573377,0.0042842235083117046,0.0,0.998493838721409,0.0,0.998493838721409,0.001506161278591045,0.0,0.0,0.0,True,0,long_only,1.693702073339952,1.679436634598617
2025-10-17,2.8157109656971033,-0.010108875036697662,0.0042842235083117046,0.0,0.9984784576398269,0.0,0.9984784576398269,0.0015215423601731004,0.0,0.0,0.0,True,0,long_only,1.6777884939928265,1.678227604837265
2025-10-20,2.8268910600378283,0.003970611499876542,0.004201531324510509,0.0,0.9985137271881803,0.0,0.9985137271881803,0.0014862728118196777,0.0014720884211647336,0.0,0.5180147180648899,True,0,long_only,1.6788092075795324,1.6838667832383247
2025-10-21,2.866932987946376,0.014164651929675642,0.004201531324510509,0.0,0.9985344856883034,0.0,0.9985344856883034,0.001465514311696614,0.0,0.0,0.0,True,0,long_only,1.695416235325252,1.6909906418327874
2025-10-22,2.837131552560272,-0.010394883839768831,0.004201531324510509,0.0,0.9985190918197928,0.0,0.9985190918197928,0.0014809081802071855,0.0,0.0,0.0,True,0,long_only,1.6887216278771917,1.680046909878622
2025-10-23,2.835630985290725,-0.0005289029577049131,0.004201531324510509,0.0,0.9985183081485902,0.0,0.9985183081485902,0.0014816918514097832,0.0,0.0,0.0,True,0,long_only,1.6910422034110586,1.676854060514207
2025-10-24,2.8702471610412035,0.012207574233051632,0.004201531324510509,0.0,0.9985361778659555,0.0,0.9985361778659555,0.0014638221340445012,0.0,0.0,0.0,True,0,long_only,1.70250073059742,1.6859006927027942
2025-10-27,2.921620437114751,0.01789855479028213,0.005295091968714553,0.0,0.9981876181103306,0.0,0.9981876181103306,0.0018123818896693678,0.0005505374213194906,0.0,0.18803546150414177,True,0,long_only,1.7165787944894912,1.702001939260608
2025-10-28,2.9036032433505206,-0.006166849579551492,0.005295091968714553,0.0,0.9981763720712047,0.0,0.9981763720712047,0.0018236279287953128,0.0,0.0,0.0,True,0,long_only,1.7125097383505976,1.6955250988219919
2025-10-29,2.946669994167849,0.014832174786949537,0.005295091968714553,0.0,0.9982030251167606,0.0,0.9982030251167606,0.0017969748832393773,0.0,0.0,0.0,True,0,long_only,1.7288715825553858,1.7043891656848666
2025-10-30,2.9534778364416607,0.002310351103885555,0.005295091968714553,0.0,0.9982071671900222,0.0,0.9982071671900222,0.0017928328099777735,0.0,0.0,0.0,True,0,long_only,1.7139663337878488,1.7231831093872794
2025-10-31,2.9092729072077295,-0.014967076674321511,0.005295091968714553,0.0,0.9981799260029556,0.0,0.9981799260029556,0.0018200739970444246,0.0,0.0,0.0,True,0,long_only,1.7158655332795085,1.6955133434304022
2025-11-03,2.905432378323364,-0.0013200992161478409,0.0039766722161896145,0.0,0.9986312976182621,0.0,0.9986312976182621,0.0013687023817379185,0.001832561069369814,0.0,0.6297095432969085,True,0,long_only,1.7191357085592054,1.6900541149007864
2025-11-04,2.856767977401005,-0.01674945226240021,0.22274116367965963,0.0,0.9220303624789639,0.0,0.9220303624789639,0.07796963752103614,0.0002189834749384084,0.0,0.07557077943765152,True,0,long_only,1.7075660881089874,1.6730058047502456
2025-11-05,2.883727958181458,0.009437231512578137,0.43261301099157673,0.0,0.8499813376070356,0.0,0.8499813376070356,0.15001866239296435,0.0002100819292411582,0.0,0.07391722907029884,True,0,long_only,1.7202109073772296,1.6763804634736441
2025-11-06,2.8794590383799825,-0.0014803476137075222,0.43261301099157673,0.0,0.8497589285955012,0.0,0.8497589285955012,0.15024107140449883,0.0,0.0,0.0,True,0,long_only,1.7292766837882378,1.6651233809919297
2025-11-07,2.8872060825185515,0.002690451239385494,0.43261301099157673,0.0,0.850162060266165,0.0,0.850162060266165,0.14983793973383497,0.0,0.0,0.0,True,0,long_only,1.7305772533358053,1.6683485680591639
2025-11-10,2.8931048397545145,0.00204306761186146,0.004402084050095931,0.0,0.9984784222162963,0.0,0.9984784222162963,0.0015215777837036537,0.000946977292116109,0.0,0.32727612255235533,True,0,long_only,1.7403654897620835,1.6623547506391982
2025-11-11,2.8802275191280717,-0.004451038361795279,0.004402084050095931,0.0,0.9984716193353265,0.0,0.9984716193353265,0.0015283806646735343,0.0,0.0,0.0,True,0,long_only,1.7375244741290676,1.6576615535569839
2025-11-12,2.8716001647836262,-0.0029953725138550658,0.004402084050095931,0.0,0.9984670275116704,0.0,0.9984670275116704,0.0015329724883296203,0.0,0.0,0.0,True,0,long_only,1.7301675527003093,1.659723741958898
2025-11-13,2.9457473498498175,0.025820859733715062,0.004402084050095931,0.0,0.9985056138469172,0.0,0.9985056138469172,0.0014943861530828384,0.0,0.0,0.0,True,0,long_only,1.7498473352122483,1.6834310574256537
2025-11-14,2.92185289336947,-0.008111509115527382,0.24832833484996208,0.0,0.9150099803403892,0.0,0.9150099803403892,0.08499001965961084,0.00024417042122108724,0.0,0.08327421322064368,True,0,long_only,1.7396557665541346,1.6795580766860567
2025-11-17,2.8911147319540116,-0.010520092057068275,0.004447101141288124,0.0,0.9984618039913338,0.0,0.9984618039913338,0.001538196008666226,0.001145223102925314,0.0,0.39178074879396135,True,0,long_only,1.7362543313989898,1.66514471968199
2025-11-18,2.864229127633988,-0.00929939030882121,0.004447101141288124,0.0,0.9984473654365209,0.0,0.9984473654365209,0.001552634563479094,0.0,0.0,0.0,True,0,long_only,1.7267293223240145,1.658759766573609
2025-11-19,2.8573375695166563,-0.0024060777997271243,0.004447101141288124,0.0,0.9984436206667593,0.0,0.9984436206667593,0.0015563793332407094,0.0,0.0,0.0,True,0,long_only,1.7308288052803973,1.6508493276744158
2025-11-20,2.8557346440298748,-0.0005609856895741894,0.22586321269464854,0.0,0.92090889356025,0.0,0.92090889356025,0.07909110643975004,0.00022163774930266308,0.0,0.07746216060587957,True,0,long_only,1.7267643485441475,1.6538068129780266
2025-11-21,2.8262201084210927,-0.010335181411369687,0.22586321269464854,0.0,0.9200829362080966,0.0,0.9200829362080966,0.07991706379190344,0.0,0.0,0.0,True,0,long_only,1.7086462401298588,1.6540697787777867
2025-11-24,2.8438410653835824,0.006234814093207142,0.004182872125924712,0.0,0.9985291470128763,0.0,0.9985291470128763,0.001470852987123683,0.0012447534937897308,0.0,0.4399264428171287,True,0,long_only,1.7123830778777933,1.6607505073619615
2025-11-25,2.8479821514828503,0.0014561594702584557,0.24567815475681506,0.0,0.9137360623454404,0.0,0.9137360623454404,0.08626393765455964,0.0002417370196505409,0.0,0.08489380925448446,True,0,long_only,1.7162310088895838,1.6594398637078112
2025-11-26,2.8245645708908977,-0.008222516626292697,0.24567815475681506,0.0,0.9130208750443521,0.0,0.9130208750443521,0.08697912495564786,0.0,0.0,0.0,True,0,long_only,1.7015638676589113,1.65998151734208
2025-11-27,2.8168394629578626,-0.002734973033595267,0.24567815475681506,0.0,0.9127823370882353,0.0,0.9127823370882353,0.08721766291176469,0.0,0.0,0.0,True,0,long_only,1.6924775708361077,1.6643289763457865
2025-11-28,2.8467134735674025,0.010605506988378366,0.24567815475681506,0.0,0.9136976176078094,0.0,0.9136976176078094,0.08630238239219057,0.0,0.0,0.0,True,0,long_only,1.703998013058058,1.6706084465782824
2025-12-01,2.8552751627786517,0.0030075697082783126,0.0046855676764113105,0.0,0.9983589785890017,0.0,0.9983589785890017,0.0016410214109983112,0.0007517456815814248,0.0,0.2643069657938397,True,0,long_only,1.7056368156000417,1.6740229436089935
2025-12-02,2.841569635496619,-0.004800072322519999,0.0046855676764113105,0.0,0.998351063574906,0.0,0.998351063574906,0.0016489364250940053,0.0,0.0,0.0,True,0,long_only,1.696754307694376,1.6747089561586959
2025-12-03,2.8382767022834496,-0.0011588430464749555,0.0046855676764113105,0.0,0.9983491504994415,0.0,0.9983491504994415,0.0016508495005584933,0.0,0.0,0.0,True,0,long_only,1.6931823408412094,1.676297132223416
2025-12-04,2.8380885156232027,-6.630314095013023e-05,0.0046855676764113105,0.0,0.9983490410356766,0.0,0.9983490410356766,0.0016509589643234346,0.0,0.0,0.0,True,0,long_only,1.6893796962554495,1.679958935172415
2025-12-05,2.8742271737561618,0.012733449973114652,0.0046855676764113105,0.0,0.9983697991170656,0.0,0.9983697991170656,0.0016302008829344183,0.0,0.0,0.0,True,0,long_only,1.7053180416168103,1.685449343531902
2025-12-08,2.881648789074387,0.002582125513943323,0.004757277163998637,0.0,0.998349112778061,0.0,0.998349112778061,0.001650887221938957,0.0009852161506623575,0.0,0.3425098611053604,True,0,long_only,1.7121301107323876,1.683078155690937
2025-12-09,2.856795647029313,-0.008624625644631956,0.004757277163998637,0.0,0.998334750625602,0.0,0.998334750625602,0.0016652493743980479,0.0,0.0,0.0,True,0,long_only,1.7016452417056849,1.6788432612227304
2025-12-10,2.861233191840614,0.0015533294500484907,0.004757277163998637,0.0,0.9983373332947608,0.0,0.9983373332947608,0.0016626667052391797,0.0,0.0,0.0,True,0,long_only,1.7091801246367357,1.6740384179512573
2025-12-11,2.8441396131326764,-0.005974199780948819,0.004757277163998637,0.0,0.9983273404926987,0.0,0.9983273404926987,0.0016726595073013328,0.0,0.0,0.0,True,0,long_only,1.7028449781952937,1.6702281473366694
2025-12-12,2.8393518794983126,-0.0016833680077646962,0.004757277163998637,0.0,0.9983245200433419,0.0,0.9983245200433419,0.0016754799566580658,0.0,0.0,0.0,True,0,long_only,1.7087442427861907,1.6616599537848982
2025-12-15,2.8432100820261805,0.0013588321178950036,0.005156062482661626,0.0,0.9981865348201822,0.0,0.9981865348201822,0.0018134651798178414,0.0005056326195039094,0.0,0.17828718282769238,True,0,long_only,1.7056495524073627,1.6669368440974637
2025-12-16,2.8208667933996936,-0.007858472635467129,0.005156062482661626,0.0,0.9981721708750212,0.0,0.9981721708750212,0.0018278291249788081,0.0,0.0,0.0,True,0,long_only,1.6934395535890554,1.6657617258444108
2025-12-17,2.8665795502126765,0.01620521639658512,0.005156062482661626,0.0,0.9982013188916111,0.0,0.9982013188916111,0.0017986811083888776,0.0,0.0,0.0,True,0,long_only,1.7094238929768537,1.6769272747327226
2025-12-18,2.8479354841327935,-0.006503941632633126,0.005156062482661626,0.0,0.9981895437900934,0.0,0.9981895437900934,0.001810456209906608,0.0,0.0,0.0,True,0,long_only,1.7103805687267508,1.6650887739287559
2025-12-19,2.861696488181455,0.004831922677086764,0.005156062482661626,0.0,0.9981982497081868,0.0,0.9981982497081868,0.0018017502918131756,0.0,0.0,0.0,True,0,long_only,1.7169141970822805,1.6667673277119
2025-12-22,2.8890721903352388,0.009566249344346245,0.00474222960638316,0.0,0.9983585631323969,0.0,0.9983585631323969,0.0016414368676030966,0.0009770856269858013,0.0,0.3410307591149589,True,0,long_only,1.7264126711420034,1.673454000093818
2025-12-23,2.876421956424087,-0.004378649295600945,0.00474222960638316,0.0,0.9983513442470455,0.0,0.9983513442470455,0.0016486557529544754,0.0,0.0,0.0,True,0,long_only,1.7227568536406395,1.669662175683962
2025-12-24,2.9207265340326236,0.015402669802873747,0.00474222960638316,0.0,0.9983763527495211,0.0,0.9983763527495211,0.0016236472504789212,0.0,0.0,0.0,True,0,long_only,1.73496508345793,1.683449748862595
2025-12-25,2.944875167897962,0.008268022899082128,0.00474222960638316,0.0,0.9983896670194792,0.0,0.9983896670194792,0.0016103329805208233,0.0,0.0,0.0,True,0,long_only,1.745876281729687,1.6867605103039687
2025-12-26,2.9304626873168456,-0.004894088801531082,0.00474222960638316,0.0,0.9983817471463099,0.0,0.9983817471463099,0.0016182528536901053,0.0,0.0,0.0,True,0,long_only,1.745117026493267,1.6792356288021995
2025-12-29,2.896084917065789,-0.011731174875505124,0.004368422809571893,0.0,0.9984916109386744,0.0,0.9984916109386744,0.0015083890613255546,0.0014882721879588077,0.0,0.5073112776384019,True,0,long_only,1.737671301213464,1.6666471472731195
2025-12-30,2.9118187289182678,0.005432786780444232,0.004368422809571893,0.0,0.9984997614150264,0.0,0.9984997614150264,0.0015002385849736122,0.0,0.0,0.0,True,0,long_only,1.7400859876014256,1.673376344425361
2025-12-31,2.918226325506655,0.002200547899754657,0.004368422809571893,0.0,0.9985030555130732,0.0,0.9985030555130732,0.0014969444869268322,0.0,0.0,0.0,True,0,long_only,1.7403492149527289,1.6768050345492986
2026-01-05,2.9394468895962125,0.007271733485535448,0.0043659417186303765,0.0,0.9985147063775559,0.0,0.9985147063775559,0.001485293622444095,0.0014567681933123527,0.0,0.4995003968548606,True,0,long_only,1.7654856580011562,1.6649508741544745
2026-01-06,2.9939384688384036,0.018538038375538246,0.0043659417186303765,0.0,0.998541739663633,0.0,0.998541739663633,0.0014582603363669788,0.0,0.0,0.0,True,0,long_only,1.7894067973510273,1.673145800759515
2026-01-07,2.9863254478870482,-0.002542811427353464,0.0043659417186303765,0.0,0.9985380221295975,0.0,0.9985380221295975,0.0014619778704024755,0.0,0.0,0.0,True,0,long_only,1.794744227218982,1.6639281534363604
2026-01-08,3.0009919533165816,0.004911221394142018,0.0043659417186303765,0.0,0.9985451671358847,0.0,0.9985451671358847,0.0014548328641152963,0.0,0.0,0.0,True,0,long_only,1.8017519478470196,1.6655966193917973
2026-01-09,3.026955903695194,0.008651789402473575,0.0043659417186303765,0.0,0.9985576460782595,0.0,0.9985576460782595,0.0014423539217405246,0.0,0.0,0.0,True,0,long_only,1.8177861730634923,1.665188099980925
2026-01-12,3.0391199135312728,0.0040185619556694085,0.00400790565379148,0.0,0.9986812281950618,0.0,0.9986812281950618,0.0013187718049382235,0.0020313095192083055,0.0,0.6715494224228568,True,0,long_only,1.8426756635699715,1.649297254864336
2026-01-13,2.984257275560253,-0.01805214652003395,0.00400790565379148,0.0,0.9986569838711244,0.0,0.9986569838711244,0.0013430161288755516,0.0,0.0,0.0,True,0,long_only,1.822334982278148,1.6376008278288967
2026-01-14,2.9809237476866044,-0.0011170376967659656,0.00400790565379148,0.0,0.9986554819938276,0.0,0.9986554819938276,0.0013445180061724127,0.0,0.0,0.0,True,0,long_only,1.825156892700182,1.6332424678716537
2026-01-15,2.9679268107377865,-0.004360036703020209,0.00400790565379148,0.0,0.9986495941748661,0.0,0.9986495941748661,0.0013504058251339046,0.0,0.0,0.0,True,0,long_only,1.8288003271944282,1.6228818240047551
2026-01-16,2.9797275248028097,0.003976079875800398,0.00400790565379148,0.0,0.9986549422319893,0.0,0.9986549422319893,0.001345057768010749,0.0,0.0,0.0,True,0,long_only,1.8373354033003897,1.6217656936508984
2026-01-19,3.004888424304254,0.008444026942735272,0.003786907896323126,0.0,0.9987397509119827,0.0,0.9987397509119827,0.0012602490880172512,0.002165892263833678,0.0,0.7264729585901931,True,0,long_only,1.8456037140530148,1.62813306097299
2026-01-20,2.992029067303038,-0.004279479030637856,0.003786907896323126,0.0,0.9987343345231146,0.0,0.9987343345231146,0.001265665476885447,0.0,0.0,0.0,True,0,long_only,1.8337192114218026,1.6316724221824135
2026-01-21,3.0041507520153448,0.004051325852670651,0.003786907896323126,0.0,0.9987394414565306,0.0,0.9987394414565306,0.0012605585434694033,0.0,0.0,0.0,True,0,long_only,1.8501935640912608,1.6236953853478895
2026-01-22,3.0504636616474863,0.015416306788556655,0.003786907896323126,0.0,0.9987585795746612,0.0,0.9987585795746612,0.0012414204253388128,0.0,0.0,0.0,True,0,long_only,1.8671214886214316,1.633778883826013
2026-01-23,3.0899020640291694,0.012928658314317776,0.003786907896323126,0.0,0.9987744246199878,0.0,0.9987744246199878,0.0012255753800122227,0.0,0.0,0.0,True,0,long_only,1.891001233347509,1.6340031986966657
2026-01-26,3.04339700328436,-0.01505065849374132,0.00440071856956189,0.0,0.9985540110065125,0.0,0.9985540110065125,0.0014459889934874681,0.0017526719007570208,0.0,0.5687417945056741,True,0,long_only,1.8685536718446507,1.6287447607966727
2026-01-27,3.034025059526995,-0.0030794351664441555,0.313823993007195,0.0,0.8965651282207536,0.0,0.8965651282207536,0.10343487177924637,0.00030973300744507816,0.0,0.10176064462180477,True,0,long_only,1.87143820490268,1.621226419113728
2026-01-28,3.08834043411578,0.01790208502669799,0.313823993007195,0.0,0.8983842618059541,0.0,0.8983842618059541,0.1016157381940459,0.0,0.0,0.0,True,0,long_only,1.88736593625794,1.6363230758731393
2026-01-29,3.051261275887872,-0.012006175814786468,0.313823993007195,0.0,0.8971494196556875,0.0,0.8971494196556875,0.10285058034431249,0.0,0.0,0.0,True,0,long_only,1.8741415922565872,1.62808471275319
2026-01-30,3.0027864858877553,-0.015886804051551295,0.6171339287182361,0.0,0.7944795836738341,0.0,0.7944795836738341,0.2055204163261659,0.00030361354926030146,0.0,0.0997064066555576,True,0,long_only,1.8416836077997378,1.630457301770302
2026-02-02,2.9478376135815436,-0.01829929386070417,0.004146730881411343,0.0,0.9985932973843926,0.0,0.9985932973843926,0.0014067026156073803,0.001224951370373816,0.0,0.40871303950448723,True,0,long_only,1.7977175641280558,1.6397668201074338
2026-02-03,3.020918102005465,0.024791219193085245,0.004146730881411343,0.0,0.9986273276065782,0.0,0.9986273276065782,0.0013726723934217588,0.0,0.0,0.0,True,0,long_only,1.8449300784658091,1.6374160393750932
2026-02-04,3.0143629959613905,-0.0021699052482497816,0.004146730881411343,0.0,0.99862434256028,0.0,0.99862434256028,0.0013756574397200128,0.0,0.0,0.0,True,0,long_only,1.8442514896757563,1.6344641784680654
2026-02-05,2.998002080066931,-0.005427652846183295,0.004146730881411343,0.0,0.998616835222036,0.0,0.998616835222036,0.0013831647779639633,0.0,0.0,0.0,True,0,long_only,1.8287465495635167,1.6393753857156919
2026-02-06,3.0204157075218916,0.007476188093392011,0.004146730881411343,0.0,0.9986270992860075,0.0,0.9986270992860075,0.001372900713992542,0.0,0.0,0.0,True,0,long_only,1.842538389091066,1.6392688073174306
2026-02-09,3.0503132790978764,0.009898495595003443,0.004791985721989638,0.0,0.9984290185028448,0.0,0.9984290185028448,0.0015709814971551772,0.001244139968263942,0.0,0.4115370423552332,True,0,long_only,1.865629159363641,1.6350051476137555
2026-02-10,3.0412054250784113,-0.002985874953197909,0.31466475695483026,0.0,0.896532883191632,0.0,0.896532883191632,0.10346711680836795,0.0003101829541870276,0.0,0.10176601797049185,True,0,long_only,1.8613014752760881,1.633913401711191
2026-02-11,3.0477926160232482,0.0021659802690465746,0.31466475695483026,0.0,0.8967565065613277,0.0,0.8967565065613277,0.10324349343867234,0.0,0.0,0.0,True,0,long_only,1.8622634580290356,1.6366065729759534
2026-02-12,3.0565581163598,0.002876016002686388,0.6127745684175672,0.0,0.7995213749943844,0.0,0.7995213749943844,0.20047862500561564,0.0002984082196824193,0.0,0.09791897185428729,True,0,long_only,1.8706601982554822,1.633946196754626
2026-02-13,3.0369856644501696,-0.006403428681716172,0.6127745684175672,0.0,0.7982293510336649,0.0,0.7982293510336649,0.20177064896633512,0.0,0.0,0.0,True,0,long_only,1.8625284543813558,1.6305714188183573
2026-02-24,3.064041837737248,0.008908890681898152,0.3087958951103115,0.0,0.8992194260185582,0.0,0.8992194260185582,0.1007805739814418,0.0009420719745812038,0.0,0.30907076882726464,True,0,long_only,1.8778161611687292,1.6317049033331499
2026-02-25,3.064775906810433,0.00023957540792829413,0.3087958951103115,0.0,0.8992435647826269,0.0,0.8992435647826269,0.1007564352173731,0.0,0.0,0.0,True,0,long_only,1.8801385057036133,1.6300798571557829
2026-02-26,3.0379677666884843,-0.008747177913522752,0.3087958951103115,0.0,0.8983544530997732,0.0,0.8983544530997732,0.10164554690022676,0.0,0.0,0.0,True,0,long_only,1.8607460089568058,1.6326611757139637
2026-02-27,3.0266697167307797,-0.0037189499117102898,0.3087958951103115,0.0,0.8979750273366948,0.0,0.8979750273366948,0.10202497266330524,0.0,0.0,0.0,True,0,long_only,1.8581664516740763,1.628847466277289
2026-03-02,3.0385613290754647,0.003928942850602635,0.0053702623620567975,0.0,0.9982326299256593,0.0,0.9982326299256593,0.0017673700743406906,0.00036611160943035077,0.0,0.12101050483172598,True,0,long_only,1.8549748200395269,1.638060687535757
2026-03-03,2.9825048231030062,-0.01844837075890593,0.0053702623620567975,0.0,0.9981994120108515,0.0,0.9981994120108515,0.0018005879891485055,0.0,0.0,0.0,True,0,long_only,1.8214437595658732,1.6374399744375652
2026-03-04,2.975821504621688,-0.002240840795813104,0.0053702623620567975,0.0,0.998195368118109,0.0,0.998195368118109,0.0018046318818909501,0.0,0.0,0.0,True,0,long_only,1.8172169085362793,1.6375708869111472
2026-03-05,2.9932406301437173,0.005853551866258133,0.27573960160893196,0.0,0.9078792400343394,0.0,0.9078792400343394,0.0921207599656606,0.0002706399792261013,0.0,0.09037794725715724,True,0,long_only,1.8149090698097332,1.6492510175496093
2026-03-06,3.0018777628324678,0.0028855457198360135,0.27573960160893196,0.0,0.9081442938739939,0.0,0.9081442938739939,0.09185570612600613,0.0,0.0,0.0,True,0,long_only,1.8196715743472212,1.6496810771522574
2026-03-09,3.004573139054686,0.0008978967283714834,0.3043435088544223,0.0,0.8987065733569807,0.0,0.8987065733569807,0.10129342664301932,0.0006319583795222604,0.0,0.21077096257088496,True,0,long_only,1.814176703388769,1.6561634450725393
2026-03-10,3.0350833653998226,0.0101545959885454,0.3043435088544223,0.0,0.8997248272242004,0.0,0.8997248272242004,0.10027517277579956,0.0,0.0,0.0,True,0,long_only,1.831556076978433,1.6571064372797588
2026-03-11,3.036089358158187,0.00033145473690532334,0.3043435088544223,0.0,0.899758052892406,0.0,0.899758052892406,0.10024194710759404,0.0,0.0,0.0,True,0,long_only,1.8378721182088935,1.651958984565815
2026-03-12,2.9894882380039793,-0.015349060800528558,0.3043435088544223,0.0,0.8981954486438701,0.0,0.8981954486438701,0.10180455135612987,0.0,0.0,0.0,True,0,long_only,1.8185061564773386,1.6439252775448236
2026-03-13,3.0082673912867595,0.006281728439018197,0.3043435088544223,0.0,0.898830965047877,0.0,0.898830965047877,0.10116903495212304,0.0,0.0,0.0,True,0,long_only,1.7996698336502204,1.6715662701225447
2026-03-16,2.9951327981470794,-0.004366165447168502,0.0035463086481854894,0.0,0.9988159761562562,0.0,0.9988159761562562,0.001184023843743831,0.0021389584495780387,0.0,0.7135455846159607,True,0,long_only,1.793176184717671,1.670294767281137
2026-03-17,2.9593509006397944,-0.01194668147249478,0.0035463086481854894,0.0,0.9988016599696175,0.0,0.9988016599696175,0.0011983400303825498,0.0,0.0,0.0,True,0,long_only,1.7657230579376137,1.675999465112243
2026-03-18,2.98978589945175,0.010284349451555652,0.0035463086481854894,0.0,0.9988138586616401,0.0,0.9988138586616401,0.001186141338359925,0.0,0.0,0.0,True,0,long_only,1.7823421148902476,1.677447822432145
2026-03-19,2.9612354646129884,-0.009549324198765197,0.0035463086481854894,0.0,0.9988024226068599,0.0,0.9988024226068599,0.0011975773931400813,0.0,0.0,0.0,True,0,long_only,1.753085314673439,1.6891565058626943
2026-03-20,2.9375848345156537,-0.007986744174842464,0.0035463086481854894,0.0,0.9987927808563969,0.0,0.9987927808563969,0.001207219143603111,0.0,0.0,0.0,True,0,long_only,1.7429015296197994,1.6854565703183848
2026-03-23,2.911453553600742,-0.008895498304551941,0.005247148588131681,0.0,0.9981977563812955,0.0,0.9981977563812955,0.0018022436187045132,0.0006008614590162294,0.0,0.2051630454336025,True,0,long_only,1.7260896515563318,1.6867336820979286
2026-03-24,3.012678427843807,0.03476781352664027,0.005247148588131681,0.0,0.99825831109632,0.0,0.99825831109632,0.0017416889036799832,0.0,0.0,0.0,True,0,long_only,1.7638121830392428,1.7080494492631464
2026-03-25,3.0700365121361184,0.019038900322781327,0.005247148588131681,0.0,0.9982908514060372,0.0,0.9982908514060372,0.0017091485939627615,0.0,0.0,0.0,True,0,long_only,1.781930645253735,1.7228709323302345
2026-03-26,2.999456831238759,-0.022989850647818555,0.005247148588131681,0.0,0.9982506337369208,0.0,0.9982506337369208,0.0017493662630791995,0.0,0.0,0.0,True,0,long_only,1.7573673585347576,1.7067898846941256
2026-03-27,2.9950679534216333,-0.0014632241982670546,0.005247148588131681,0.0,0.9982480702709475,0.0,0.9982480702709475,0.0017519297290524705,0.0,0.0,0.0,True,0,long_only,1.765238705459208,1.696692885873754
2026-03-30,2.9477654076078994,-0.01579347999757208,0.004679005180085552,0.0,0.9984126941825121,0.0,0.9984126941825121,0.001587305817487894,0.0012513917564766649,0.0,0.42123237207555325,True,0,long_only,1.7488719080515729,1.6855239048879342
2026-03-31,2.915153622532315,-0.01106322266738613,0.004679005180085552,0.0,0.9983949370132951,0.0,0.9983949370132951,0.0016050629867049304,0.0,0.0,0.0,True,0,long_only,1.7204610441210082,1.694402574527156
2026-04-01,2.977114516850237,0.02125476127192849,0.004679005180085552,0.0,0.9984283422241225,0.0,0.9984283422241225,0.001571657775877533,0.0,0.0,0.0,True,0,long_only,1.7530361364451712,1.698261921107495
2026-04-02,2.9420178467100815,-0.011788821001513794,0.004679005180085552,0.0,0.9984095932030739,0.0,0.9984095932030739,0.0015904067969261249,0.0,0.0,0.0,True,0,long_only,1.7348865398127833,1.6957984163203914
2026-04-03,2.951078302883276,0.0030796741030401087,0.004679005180085552,0.0,0.9984144760999686,0.0,0.9984144760999686,0.0015855239000314159,0.0,0.0,0.0,True,0,long_only,1.7373992288570768,1.698560845353086
2026-04-07,2.975244861580368,0.008189060477819421,0.0035083707179148515,0.0,0.9988208127797417,0.0,0.9988208127797417,0.0011791872202583376,0.0023994969232096573,0.0,0.8108525350851324,True,0,long_only,1.7440195382624306,1.7059699139291806
2026-04-08,3.0544082400449137,0.026607349024206473,0.0035083707179148515,0.0,0.9988513746551891,0.0,0.9988513746551891,0.0011486253448108608,0.0,0.0,0.0,True,0,long_only,1.7951709102642393,1.7014581857252364
2026-04-09,3.0830814175030703,0.00938747384263694,0.0035083707179148515,0.0,0.9988620570647284,0.0,0.9988620570647284,0.0011379429352715853,0.0,0.0,0.0,True,0,long_only,1.7915582563876857,1.720893756321092
2026-04-10,3.062557025463052,-0.0066571034820871455,0.0035083707179148515,0.0,0.9988544308926348,0.0,0.9988544308926348,0.0011455691073651852,0.0,0.0,0.0,True,0,long_only,1.7862105663138335,1.7145554299251453
2026-04-13,3.0666922540768575,0.0013502535885614453,0.3114240076839087,0.0,0.8984495404552244,0.0,0.8984495404552244,0.1015504595447756,0.001599897633507704,0.0,0.5202959204552384,True,0,long_only,1.7783703538072793,1.7244395957857903
2026-04-14,3.097742807520583,0.010125095989806931,0.3114240076839087,0.0,0.8994674422525185,0.0,0.8994674422525185,0.10053255774748149,0.0,0.0,0.0,True,0,long_only,1.7950106387721152,1.7257517814154058
2026-04-15,3.0930991198658098,-0.0014990552616246378,0.3114240076839087,0.0,0.8993165121402836,0.0,0.8993165121402836,0.10068348785971637,0.0,0.0,0.0,True,0,long_only,1.7959156596923214,1.7222964247640247
2026-04-16,3.1546158419544827,0.019888377224504206,0.3114240076839087,0.0,0.9012798948315172,0.0,0.9012798948315172,0.09872010516848284,0.0,0.0,0.0,True,0,long_only,1.8209477316807563,1.7324032903694249
2026-04-17,3.163708998279237,0.0028824924429213805,0.3114240076839087,0.0,0.9015636369042493,0.0,0.9015636369042493,0.09843636309575066,0.0,0.0,0.0,True,0,long_only,1.8248798671409476,1.7336532969898135
2026-04-20,3.1547235446168638,-0.002840164397945655,0.004996808716086913,0.0,0.9984160866569074,0.0,0.9984160866569074,0.0015839133430926022,0.0010014020406620694,0.0,0.3171185040663306,True,0,long_only,1.8265894297236043,1.727111464284686
2026-04-21,3.1494483869266343,-0.0016721457888856373,0.004996808716086913,0.0,0.9984134336867279,0.0,0.9984134336867279,0.001586566313272142,0.0,0.0,0.0,True,0,long_only,1.8201000263934952,1.7303710462370718
2026-04-22,3.167877233813519,0.005851452261730339,0.004996808716086913,0.0,0.9984226633965635,0.0,0.9984226633965635,0.0015773366034365077,0.0,0.0,0.0,True,0,long_only,1.8330413302321564,1.7282082959975074
2026-04-23,3.2009559217123393,0.01044190966295755,0.004996808716086913,0.0,0.9984389635976574,0.0,0.9984389635976574,0.0015610364023426193,0.0,0.0,0.0,True,0,long_only,1.8250242176239204,1.7539251757874232
2026-04-24,3.1396570676066986,-0.019150171262854787,0.004996808716086913,0.0,0.9984084858287099,0.0,0.9984084858287099,0.0015915141712901093,0.0,0.0,0.0,True,0,long_only,1.8186441385566507,1.7263724117564072
2026-04-27,3.1360616486359794,-0.0011451629567493793,0.3174958580150682,0.0,0.8987596885561346,0.0,0.8987596885561346,0.10124031144386536,0.0016511996711712422,0.0,0.5266750456506166,True,0,long_only,1.8249371827738927,1.718449094159606
2026-04-28,3.118663442786875,-0.005547788212859839,1.2638062181349732,0.0,0.5947603063555903,0.0,0.5947603063555903,0.4052396936444097,0.0009472576177376426,0.0,0.30232639419648644,True,0,long_only,1.8121193552062054,1.7210033289622884
2026-04-29,3.129135491255107,0.003357864245484121,1.2638062181349732,0.0,0.5961164923452847,0.0,0.5961164923452847,0.40388350765471526,0.0,0.0,0.0,True,0,long_only,1.827298091530943,1.7124384388939309
2026-04-30,3.1209488576168263,-0.002616260517053104,1.5756788991759083,0.0,0.49512825391855175,0.0,0.49512825391855175,0.5048717460814482,0.000312184865906842,0.0,0.09976567262930074,True,0,long_only,1.8258768761140283,1.7092876844243023
2026-05-06,3.1431728173236,0.007120898393619957,0.9394476888353936,0.0,0.7011148468650445,0.0,0.7011148468650445,0.29888515313495545,0.00125770986487121,0.0,0.40249423155306996,True,0,long_only,1.8474250774999346,1.7013803999982302
2026-05-07,3.1577028878945286,0.004622739955896016,0.9394476888353936,0.0,0.7024901575012359,0.0,0.7024901575012359,0.2975098424987641,0.0,0.0,0.0,True,0,long_only,1.8530427171289539,1.7040637318857788
2026-05-08,3.1925787043664324,0.011044679537649094,0.9394476888353936,0.0,0.7057401631005907,0.0,0.7057401631005907,0.29425983689940927,0.0,0.0,0.0,True,0,long_only,1.852719343743079,1.7231852817580098
2026-05-11,3.1936069512400107,0.00032207408768702983,1.2833670062279903,0.0,0.5981449734352293,0.0,0.5981449734352293,0.4018550265647707,0.0016508848463477827,0.0,0.5152013160064495,True,0,long_only,1.8582513637228837,1.7186086950270443
2026-05-12,3.1760250797935483,-0.0055053335350599975,1.2833670062279903,0.0,0.5959203803543599,0.0,0.5959203803543599,0.4040796196456401,0.0,0.0,0.0,True,0,long_only,1.83528371592108,1.7305362937847384
2026-05-13,3.1881621907198388,0.003821478301134551,1.2833670062279903,0.0,0.597458683261586,0.0,0.597458683261586,0.402541316738414,0.0,0.0,0.0,True,0,long_only,1.8428801600875162,1.7299888835790802
2026-05-14,3.1513150224749484,-0.011557494895380716,1.2833670062279903,0.0,0.5927519156050377,0.0,0.5927519156050377,0.4072480843949623,0.0,0.0,0.0,True,0,long_only,1.8142877966526256,1.7369432943820422
2026-05-15,3.1406028395800667,-0.0033992738962888014,1.2833670062279903,0.0,0.5913628459943727,0.0,0.5913628459943727,0.4086371540056273,0.0,0.0,0.0,True,0,long_only,1.8001110225038157,1.7446717454191965
2026-05-18,3.1472269785711076,0.0021091934667953893,1.2584730190633742,0.0,0.6001327430045286,0.0,0.6001327430045286,0.39986725699547143,0.0006712840127941986,0.0,0.21375938082079265,True,0,long_only,1.7977295933349704,1.7506676144395459
2026-05-19,3.162584826257642,0.0048798030110646096,1.2584730190633742,0.0,0.6020745408582278,0.0,0.6020745408582278,0.39792545914177224,0.0,0.0,0.0,True,0,long_only,1.8266184413402802,1.731387768064521
2026-05-20,3.1464090667972533,-0.0051147274615651606,1.2584730190633742,0.0,0.6000287971632434,0.0,0.6000287971632434,0.3999712028367566,0.0,0.0,0.0,True,0,long_only,1.8208097496014441,1.728027361170473
2026-05-21,3.1513971947438764,0.0015853399353760178,1.5868810342381554,0.0,0.4964515939517658,0.0,0.4964515939517658,0.5035484060482343,0.00032873675192670785,0.0,0.10428988747225519,True,0,long_only,1.798841233573941,1.7519040235044394
2026-05-22,3.1597502582343067,0.0026505905077158776,1.5868810342381554,0.0,0.49778276618452844,0.0,0.49778276618452844,0.5022172338154716,0.0,0.0,0.0,True,0,long_only,1.8023413789858247,1.7531363897400472
2026-05-25,3.149867991735419,-0.0031275467018744285,1.26881355339887,0.0,0.5971851656234592,0.0,0.5971851656234592,0.40281483437654075,0.0010011183352041852,0.0,0.31606725676656083,True,0,long_only,1.8039345413015744,1.7461099167504865
2026-05-26,3.1396658371324295,-0.0032389149735029266,1.5789516392558138,0.0,0.4970956397391872,0.0,0.4970956397391872,0.5029043602608128,0.00031044853439133517,0.0,0.09875930205389688,True,0,long_only,1.7972625770665294,1.7469154909222864
2026-05-27,3.118797943602552,-0.006646533297612778,1.5789516392558138,0.0,0.4937307040058027,0.0,0.4937307040058027,0.5062692959941972,0.0,0.0,0.0,True,0,long_only,1.7826088802435844,1.749569396948356
2026-05-28,3.1236899281140613,0.0015685480752429815,1.5789516392558138,0.0,0.4945235680901557,0.0,0.4945235680901557,0.5054764319098444,0.0,0.0,0.0,True,0,long_only,1.7993369076588546,1.7360228175268984
2026-05-29,3.1237419349756834,1.6649175436311836e-05,1.5789516392558138,0.0,0.4945319837158363,0.0,0.4945319837158363,0.5054680162841637,0.0,0.0,0.0,True,0,long_only,1.7810224401316987,1.7539037490985776
2026-06-01,3.145760814994911,0.007048879349695447,1.2510380955275504,0.0,0.6023098483634794,0.0,0.6023098483634794,0.39769015163652055,0.0009496103077110711,0.0,0.3040722635114299,True,0,long_only,1.79141779770695,1.7560173952840852
2026-06-02,3.1332103819477903,-0.003989633600652742,1.2510380955275504,0.0,0.6007168549116606,0.0,0.6007168549116606,0.3992831450883394,0.0,0.0,0.0,True,0,long_only,1.7985465180045386,1.7420791459005698
2026-06-03,3.123531254279471,-0.0030892045181792893,1.2510380955275504,0.0,0.5994795653753954,0.0,0.5994795653753954,0.4005204346246046,0.0,0.0,0.0,True,0,long_only,1.7912115321883886,1.7438092587888483
2026-06-04,3.111859041108673,-0.003736864535869855,1.2510380955275504,0.0,0.5979772608588856,0.0,0.5979772608588856,0.4020227391411144,0.0,0.0,0.0,True,0,long_only,1.7820498759222687,1.7462244368992113
2026-06-05,3.1074319870803593,-0.0014226396407519548,1.2510380955275504,0.0,0.5974045125592645,0.0,0.5974045125592645,0.4025954874407355,0.0,0.0,0.0,True,0,long_only,1.7760766670888684,1.7496046452621263
2026-06-08,3.09448948648008,-0.004165014923605659,1.2435095576901913,0.0,0.5981535684244128,0.0,0.5981535684244128,0.4018464315755872,0.0006665362734104687,0.0,0.2148027761870761,True,0,long_only,1.7591229151438517,1.7591093037560876
2026-06-09,3.1197018936827137,0.008147517486418066,1.2435095576901913,0.0,0.6014011594478773,0.0,0.6014011594478773,0.3985988405521227,0.0,0.0,0.0,True,0,long_only,1.7780540564254717,1.7545596448031715
2026-06-10,3.084140199525194,-0.011399068042216132,1.2435095576901913,0.0,0.5968051135024177,0.0,0.5968051135024177,0.4031948864975823,0.0,0.0,0.0,True,0,long_only,1.7595906390126992,1.752760063133602
2026-06-11,3.087594070468731,0.0011198813024353438,1.2435095576901913,0.0,0.5972561388222213,0.0,0.5972561388222213,0.4027438611777787,0.0,0.0,0.0,True,0,long_only,1.7645265056498354,1.7498145029743488
2026-06-12,3.1133277019774384,0.008334525498295386,1.2435095576901913,0.0,0.6005850727180525,0.0,0.6005850727180525,0.3994149272819475,0.0,0.0,0.0,True,0,long_only,1.7808313880218818,1.7482439510658399
2026-06-15,3.1158134332228014,0.00079841619106924,1.2494493845809418,0.0,0.5989973689507494,0.0,0.5989973689507494,0.4010026310492506,3.3463951131086103e-05,0.0,0.010738597146925419,True,0,long_only,1.8080856790876483,1.7232664741833619
2026-06-16,3.120115678869547,0.0013807776809973138,1.2494493845809418,0.0,0.5995503009575492,0.0,0.5995503009575492,0.40044969904245076,0.0,0.0,0.0,True,0,long_only,1.8172268149419732,1.7169654625469397
2026-06-17,3.10991689580029,-0.0032687195344475173,1.2494493845809418,0.0,0.598237050556486,0.0,0.598237050556486,0.401762949443514,0.0,0.0,0.0,True,0,long_only,1.8119116744868307,1.7163733418082205
2026-06-18,3.0708960174405537,-0.012547241507460005,1.2494493845809418,0.0,0.5931319792383272,0.0,0.5931319792383272,0.40686802076167283,0.0,0.0,0.0,True,0,long_only,1.7960292295576012,1.7098251893133043
2026-06-22,3.072650692922113,0.000571388764580183,1.2323104101815412,0.0,0.5989422380421625,0.0,0.5989422380421625,0.4010577619578375,3.027898908514215e-05,0.0,0.009851590691487746,True,0,long_only,1.7947109699998656,1.7120587906822362
2026-06-23,3.0471075047668332,-0.008313079066917362,1.2323104101815412,0.0,0.5955802648072838,0.0,0.5955802648072838,0.40441973519271623,0.0,0.0,0.0,True,0,long_only,1.7801581062348795,1.7117061086285268
2026-06-24,3.0302153231501188,-0.005543677599260444,1.2323104101815412,0.0,0.5933257941219606,0.0,0.5933257941219606,0.4066742058780394,0.0,0.0,0.0,True,0,long_only,1.7847394650682444,1.6978474351348811
2026-06-25,3.0509896212916217,0.006855716814178958,1.2323104101815412,0.0,0.5960948534266567,0.0,0.5960948534266567,0.4039051465733433,0.0,0.0,0.0,True,0,long_only,1.7724151887842505,1.7213741117759103
2026-06-26,3.036437198657819,-0.004769738491487208,1.2323104101815412,0.0,0.594159098457148,0.0,0.594159098457148,0.405840901542852,0.0,0.0,0.0,True,0,long_only,1.7591006257310398,1.7261304749953965
2026-06-29,3.033614860341179,-0.000929490100400332,1.5194813154334457,0.0,0.49911858116934615,0.0,0.49911858116934615,0.5008814188306538,0.0015226948362787808,0.0,0.5013530431010293,True,0,long_only,1.7613836984433497,1.7222907552864168
2026-06-30,3.037641515377416,0.0013273455008668833,1.5194813154334457,0.0,0.49978254256093296,0.0,0.49978254256093296,0.500217457439067,0.0,0.0,0.0,True,0,long_only,1.784109700706256,1.7026091580438905
2026-07-01,3.0503737787734324,0.0041914963736049415,1.5194813154334457,0.0,0.5018704507601572,0.0,0.5018704507601572,0.49812954923984276,0.0,0.0,0.0,True,0,long_only,1.7939223493465664,1.7003934311228837
2026-07-02,3.0507319443202476,0.0001174169373299172,1.5194813154334457,0.0,0.5019289327394477,0.0,0.5019289327394477,0.4980710672605523,0.0,0.0,0.0,True,0,long_only,1.7853915188430451,1.7087187387879819
2026-07-03,3.061657685804111,0.0035813508637507763,1.5194813154334457,0.0,0.5037063344871063,0.0,0.5037063344871063,0.49629366551289367,0.0,0.0,0.0,True,0,long_only,1.793451795076092,1.7071312951983815
2026-07-06,3.0647890610568567,0.0010227711828350028,1.5341517764198251,0.0,0.49942663398479015,0.0,0.49942663398479015,0.5005733660152099,1.942890836455606e-05,0.0,0.006341567690542068,True,0,long_only,1.794199728706004,1.7081649339381046
2026-07-07,3.0537749114718404,-0.003593770848691946,1.5341517764198251,0.0,0.4976211996972613,0.0,0.4976211996972613,0.5023788003027387,0.0,0.0,0.0,True,0,long_only,1.7769310945799932,1.7185668711558284
2026-07-08,3.0556910478240225,0.0006274648288528972,1.5341517764198251,0.0,0.49793622705662455,0.0,0.49793622705662455,0.5020637729433755,0.0,0.0,0.0,True,0,long_only,1.7705641061202482,1.7258290943894774
2026-07-09,3.050216669318871,-0.0017915353415882684,1.5341517764198251,0.0,0.49703514774823865,0.0,0.49703514774823865,0.5029648522517614,0.0,0.0,0.0,True,0,long_only,1.7803597723507973,1.7132585877804614
2026-07-10,3.0539294706111773,0.0012172254284925632,1.5341517764198251,0.0,0.4976466250503164,0.0,0.4976466250503164,0.5023533749496836,0.0,0.0,0.0,True,0,long_only,1.7709437337384581,1.72446442675191
2026-07-13,3.048350037467559,-0.001826968565355247,1.5297340983877972,0.0,0.4981763643985465,0.0,0.4981763643985465,0.5018236356014535,0.0006170608260294086,0.0,0.2019093006888401,True,0,long_only,1.749801341185811,1.742112070506097
2026-07-14,3.065272974587992,0.005551507180091342,1.5297340983877972,0.0,0.5009468614802859,0.0,0.5009468614802859,0.4990531385197141,0.0,0.0,0.0,True,0,long_only,1.7700174848060504,1.731775533801503
2026-07-15,3.075245849561014,0.003253503050364648,1.5297340983877972,0.0,0.5025652669017783,0.0,0.5025652669017783,0.4974347330982217,0.0,0.0,0.0,True,0,long_only,1.765017580332105,1.7423315687214724
2026-07-16,3.0761583163076405,0.00029671343081627555,1.5297340983877972,0.0,0.5027128186874465,0.0,0.5027128186874465,0.49728718131255345,0.0,0.0,0.0,True,0,long_only,1.7570963475789807,1.7507055435782632
2026-07-17,3.0796244603768708,0.0011267768797382782,1.5297340983877972,0.0,0.503272519727748,0.0,0.503272519727748,0.496727480272252,0.0,0.0,0.0,True,0,long_only,1.7437948751332943,1.76604743154866
2026-07-20,3.091544613272765,0.0038706514541826387,1.5410752970901715,0.0,0.5015193083502807,0.0,0.5015193083502807,0.4984806916497193,0.0006291177819094439,0.0,0.20433958723069462,True,0,long_only,1.7429142664271204,1.7737789361322192
2026-07-21,3.093888894163316,0.00075828790582122,1.5410752970901715,0.0,0.5018970138205541,0.0,0.5018970138205541,0.49810298617944593,0.0,0.0,0.0,True,0,long_only,1.7671421505533083,1.7507866547094648
2026-07-22,3.0921768497062185,-0.0005533632640549735,1.5410752970901715,0.0,0.5016212293172734,0.0,0.5016212293172734,0.4983787706827266,0.0,0.0,0.0,True,0,long_only,1.7605766801794758,1.7563431826161626
2026-07-23,3.1002960900748784,0.002625736095731801,1.5410752970901715,0.0,0.5029264133759069,0.0,0.5029264133759069,0.49707358662409307,0.0,0.0,0.0,True,0,long_only,1.7630592962064835,1.758475223576248
2026-07-24,3.0883663981951726,-0.003847920177010411,1.5410752970901715,0.0,0.5010063255477818,0.0,0.5010063255477818,0.4989936744522182,0.0,0.0,0.0,True,0,long_only,1.7505669648258912,1.7642092306376504
2026-07-27,3.094928166227501,0.0021246727836965462,1.5454955415146445,0.0,0.5006360540514596,0.0,0.5006360540514596,0.4993639459485404,0.001241683703162223,0.0,0.40198997330245306,True,0,long_only,1.7718721054720863,1.7466995256990674
2026-07-28,3.0885300230123054,-0.0020672994239456788,1.5454955415146445,0.0,0.4996015806874717,0.0,0.4996015806874717,0.5003984193125284,0.0,0.0,0.0,True,0,long_only,1.749553681043456,1.7653245261787378
2026-07-29,3.103924058575954,0.004984259647453193,1.5454955415146445,0.0,0.5020833266701438,0.0,0.5020833266701438,0.49791667332985623,0.0,0.0,0.0,True,0,long_only,1.7634509530316078,1.760141983671218
2026-07-30,3.1020025141155654,-0.0006190694179772915,1.5454955415146445,0.0,0.5017748907417335,0.0,0.5017748907417335,0.49822510925826646,0.0,0.0,0.0,True,0,long_only,1.7554844338524527,1.7670350441719078
2026-07-31,3.102157691419516,5.002488013605699e-05,1.5454955415146445,0.0,0.5017998131463647,0.0,0.5017998131463647,0.4982001868536353,0.0,0.0,0.0,True,0,long_only,1.7678815929783398,1.7547315972634394
2026-08-03,3.104543337157918,0.0007690278753400559,1.5534804935826907,0.0,0.4996106271124442,0.0,0.4996106271124442,0.5003893728875558,1.547525036564408e-05,0.0,0.004988255081882065,True,0,long_only,1.7616490485958733,1.7622938800622077
2026-08-04,3.0955183480539556,-0.0029070262914173695,1.5534804935826907,0.0,0.4981517410293143,0.0,0.4981517410293143,0.5018482589706856,0.0,0.0,0.0,True,0,long_only,1.7770039774218862,1.741987292873141
2026-08-05,3.098375776923141,0.0009230857478139676,1.5534804935826907,0.0,0.4986145627805731,0.0,0.4986145627805731,0.5013854372194269,0.0,0.0,0.0,True,0,long_only,1.7918879981772216,1.7291124110853633
2026-08-06,3.0918385936749253,-0.002109874243435894,1.5534804935826907,0.0,0.49755446588942376,0.0,0.49755446588942376,0.5024455341105762,0.0,0.0,0.0,True,0,long_only,1.7874329460164573,1.7297648007247026
2026-08-07,3.0815688925931286,-0.0033215514881034247,1.5534804935826907,0.0,0.4958800053710814,0.0,0.4958800053710814,0.5041199946289185,0.0,0.0,0.0,True,0,long_only,1.7894963088024782,1.7220314327752364
2026-08-10,3.085358889112413,0.0012298918672219994,1.5424129104286786,0.0,0.5000863867501665,0.0,0.5000863867501665,0.4999136132498335,0.000619703557341135,0.0,0.201107098064999,True,0,long_only,1.7857290442370546,1.7277866981385297
2026-08-11,3.0801636911459473,-0.0016838229046217679,1.5424129104286786,0.0,0.49924320098233554,0.0,0.49924320098233554,0.5007567990176645,0.0,0.0,0.0,True,0,long_only,1.7740186113058978,1.7362634594225395
2026-08-12,3.0675343352058753,-0.004100222327915737,1.5424129104286786,0.0,0.49718153347901795,0.0,0.49718153347901795,0.502818466520982,0.0,0.0,0.0,True,0,long_only,1.7659172942492607,1.7370770110216103
2026-08-13,3.0586602275371058,-0.002892912254289115,1.5424129104286786,0.0,0.4957227035084377,0.0,0.4957227035084377,0.5042772964915623,0.0,0.0,0.0,True,0,long_only,1.7466174931557352,1.7511906525170613
2026-08-14,3.05284704511797,-0.0019005649489275411,1.5424129104286786,0.0,0.4947624667618827,0.0,0.4947624667618827,0.5052375332381174,0.0,0.0,0.0,True,0,long_only,1.7459438575685293,1.748536776760672
2026-08-17,3.061464239398102,0.0028226747533626195,1.5274558948568617,0.0,0.5010701496362517,0.0,0.5010701496362517,0.49892985036374826,0.0012227114898266827,0.0,0.4005215067287112,True,0,long_only,1.7642399274851104,1.735287922976644
2026-08-18,3.060672269626314,-0.00025868986532540106,1.5274558948568617,0.0,0.5009410481432065,0.0,0.5009410481432065,0.4990589518567935,0.0,0.0,0.0,True,0,long_only,1.75898917866698,1.740017679896014
2026-08-19,3.0472240095753724,-0.0043938909057332776,1.5274558948568617,0.0,0.4987385600608631,0.0,0.4987385600608631,0.5012614399391369,0.0,0.0,0.0,True,0,long_only,1.7389846075683526,1.752300737058478
2026-08-20,3.0488258352424857,0.0005256671849787065,1.5274558948568617,0.0,0.4990019183121435,0.0,0.4990019183121435,0.5009980816878565,0.0,0.0,0.0,True,0,long_only,1.7391795514804063,1.7530253461451384
2026-08-21,3.043583510880462,-0.0017194568156126966,1.5274558948568617,0.0,0.49813898997797107,0.0,0.49813898997797107,0.5018610100220289,0.0,0.0,0.0,True,0,long_only,1.7383109719811467,1.750885520449601
2026-08-24,3.038943274934733,-0.0015245962297866233,1.2205083536514132,0.0,0.5983773821254936,0.0,0.5983773821254936,0.40162261787450637,0.0009223207502645679,0.0,0.3027243587164777,True,0,long_only,1.7332265092585977,1.7533445621222736
2026-08-25,3.047695715229042,0.002880093342478407,1.2205083536514132,0.0,0.5995307708861319,0.0,0.5995307708861319,0.40046922911386806,0.0,0.0,0.0,True,0,long_only,1.7434417825303365,1.7480914738694526
2026-08-26,3.0533150883793216,0.0018438104310085635,1.2205083536514132,0.0,0.600267801283735,0.0,0.600267801283735,0.399732198716265,0.0,0.0,0.0,True,0,long_only,1.7491903282346006,1.7455590961681857
2026-08-27,3.051807640539647,-0.0004937085744646241,1.2205083536514132,0.0,0.6000703525876249,0.0,0.6000703525876249,0.39992964741237513,0.0,0.0,0.0,True,0,long_only,1.7611056114835055,1.732893030741575
2026-08-28,3.0488314619599906,-0.0009752182739570792,1.2205083536514132,0.0,0.5996799531625178,0.0,0.5996799531625178,0.40032004683748224,0.0,0.0,0.0,True,0,long_only,1.7543890684228365,1.737830859092638
2026-08-31,3.0370324425841484,-0.0038700136504944416,1.218774697090745,0.0,0.5986955292273024,0.0,0.5986955292273024,0.4013044707726976,0.0018240014562161575,0.0,0.5991722422707216,True,0,long_only,1.750987987067895,1.734467891849898
2026-09-01,3.0311104775586313,-0.0019499182631312895,1.218774697090745,0.0,0.5979114894972779,0.0,0.5979114894972779,0.4020885105027221,0.0,0.0,0.0,True,0,long_only,1.745706457632072,1.7363231168143352
2026-09-02,3.0192757515771356,-0.0039044192117431153,1.218774697090745,0.0,0.596335413731551,0.0,0.596335413731551,0.40366458626844903,0.0,0.0,0.0,True,0,long_only,1.7308447262895488,1.74439434440178
2026-09-03,3.0154343714079728,-0.0012722853045656901,1.218774697090745,0.0,0.595821182962217,0.0,0.595821182962217,0.404178817037783,0.0,0.0,0.0,True,0,long_only,1.7200439136812418,1.7531147591193375
2026-09-04,3.0137884522365668,-0.000545831534923269,1.218774697090745,0.0,0.5956004489345367,0.0,0.5956004489345367,0.4043995510654633,0.0,0.0,0.0,True,0,long_only,1.7119861140496184,1.760404729631597
2026-09-07,3.0105239760509055,-0.0010831802687539804,0.9072531862796145,0.0,0.6986394416729689,0.0,0.6986394416729689,0.3013605583270311,0.0009174317511161382,0.0,0.3041866648495341,True,0,long_only,1.7205969033991002,1.749697427737728
2026-09-08,3.013008220544372,0.0008251867492929943,0.9072531862796145,0.0,0.6988879153752533,0.0,0.6988879153752533,0.3011120846247467,0.0,0.0,0.0,True,0,long_only,1.7169771735184793,1.754833009439507
2026-09-09,3.0072102159685032,-0.0019243241808417633,0.9072531862796145,0.0,0.698307360934718,0.0,0.698307360934718,0.301692639065282,0.0,0.0,0.0,True,0,long_only,1.7063189423921281,1.7623963148135866
2026-09-10,3.000594459658535,-0.0021999646964611097,0.9072531862796145,0.0,0.6976421844147312,0.0,0.6976421844147312,0.30235781558526875,0.0,0.0,0.0,True,0,long_only,1.6963891858845042,1.7688125370205146
2026-09-11,2.996702084124241,-0.001297201466784359,0.9072531862796145,0.0,0.6972494559649391,0.0,0.6972494559649391,0.30275054403506085,0.0,0.0,0.0,True,0,long_only,1.6898516657267375,1.7733521497198865
