date,nav,return,cash,receivables,long_exposure,short_exposure,net_exposure,idle_cash_weight,cost,borrow_cost,turnover,marked_prices_verified,stale_mark_count,mode,benchmark_nav,excess_nav
2019-01-07,1.0067840127086647,0.006784012708664688,0.9998003992015968,0.0,0.10659971791296784,0.09966316208876592,0.006936555824201921,0.8934002820870321,0.00019960079840319366,0.0,0.19960079840319364,True,0,long_short,1.0077485782538829,0.9990428509987189
2019-01-08,1.00506076015754,-0.001711640758466415,0.9997921521376313,0.0,0.10625568562634376,0.10101360651156166,0.005242079114782099,0.8937443143736562,0.0,8.24706396550371e-06,0.0,True,0,long_short,1.0095193482717215,0.9955834545203968
2019-01-09,1.0147339198179703,0.009624452614102719,0.9997838076325234,0.0,0.11584581940852955,0.10111278260600604,0.014733036802523511,0.8841541805914704,0.0,8.344505107953272e-06,0.0,True,0,long_short,1.0155958667645042,0.9991512894304307
2019-01-10,1.0126687003099801,-0.002035232554718047,0.9997753745445586,0.0,0.1138328414406715,0.10110081391629454,0.012732027524376965,0.8861671585593285,0.0,8.4330879647256e-06,0.0,True,0,long_short,1.0187351359689563,0.9940451296467692
2019-01-11,1.0134342009187627,0.0007559240337418061,0.9997669596160794,0.0,0.11429888311101942,0.10081281633895604,0.013486066772063387,0.8857011168889806,0.0,8.414928479087273e-06,0.0,True,0,long_short,1.0227596132822259,0.990882107347262
2019-01-14,1.014318314511078,0.0008723936803334276,1.0141887506386085,0.0,0.0996304227631987,0.0995026878395404,0.0001277349236582812,0.9003695772368013,0.00021922037789007953,2.519190147176874e-05,0.2161067185527016,True,0,long_short,1.0186622531270633,0.9957356438773985
2019-01-15,1.0135529847231575,-0.0007545262438540812,1.0141804552359823,0.0,0.10029308270974036,0.10091216283903078,-0.0006190801292904247,0.8997069172902596,0.0,8.295402626196537e-06,0.0,True,0,long_short,1.0241323580712793,0.9896699159393365
2019-01-16,1.0147514584920585,0.001182448068295594,1.0141720486751187,0.0,0.10065659282074126,0.10008560589375429,0.0005709869269869802,0.8993434071792588,0.0,8.406560863591966e-06,0.0,True,0,long_short,1.0246885319909682,0.9903023473097703
2019-01-17,1.0160470485983442,0.0012767560917930076,1.0141637011122786,0.0,0.10035035372190299,0.0984967510873955,0.0018536026345074787,0.899649646278097,0.0,8.347562840116316e-06,0.0,True,0,long_short,1.0216812302623712,0.99448538203782
2019-01-18,1.0159112054786283,-0.0001336976667597467,1.0141554755780398,0.0,0.10024865205176237,0.09852042040009797,0.001728231651664402,0.8997513479482376,0.0,8.225534238811557e-06,0.0,True,0,long_short,1.0265438602574108,0.9896422791169232
2019-01-21,1.0145800848943733,-0.0013102725681896077,1.014893475085822,0.0,0.20131227151240244,0.2016211581110206,-0.00030888659861814916,0.7986877284875975,0.0004063975525375888,2.4679232643186933e-05,0.40027342018818884,True,0,long_short,1.028735652517253,0.9862398395659352
2019-01-22,1.01408185613468,-0.0004910689329618023,1.014876661868421,0.0,0.2006985615576984,0.20148233037175703,-0.0007837688140586062,0.7993014384423016,0.0,1.6813217401050504e-05,0.0,True,0,long_short,1.0259024204887115,0.9884778862804511
2019-01-23,1.013725396943567,-0.0003515092878909609,1.014859868478649,0.0,0.20081268888344614,0.20193180017187043,-0.0011191112884242958,0.7991873111165538,0.0,1.6793389772197167e-05,0.0,True,0,long_short,1.0267646315843104,0.9873006585544111
2019-01-24,1.0137897473823985,6.347916213367277e-05,1.0148430435421323,0.0,0.20252185204200487,0.20356082108115087,-0.0010389690391459745,0.7974781479579951,0.0,1.6824936516555485e-05,0.0,True,0,long_short,1.0338746004711203,0.9805732212788963
2019-01-25,1.0116252248393458,-0.0021350803247334182,1.0148260817991146,0.0,0.20187922634274721,0.20504330023214357,-0.003164073889396355,0.7981207736572528,0.0,1.6961743017601116e-05,0.0,True,0,long_short,1.0438461054027415,0.9691325374529571
2019-01-28,1.0105049726074697,-0.001107378705443085,1.0126013867112191,0.0,0.09785195832466559,0.0999265785992595,-0.0020746202745939163,0.9021480416753345,0.0006130143103363772,5.1146377323076526e-05,0.6050193421237562,True,0,long_short,1.0404220270345812,0.971245270044521
2019-01-29,1.010718699761039,0.00021150529622615544,1.0125930872889257,0.0,0.09705289211850196,0.09890740171482194,-0.001854509596319975,0.902947107881498,0.0,8.299422293441333e-06,0.0,True,0,long_short,1.0385334415490222,0.9732172882690265
2019-01-30,1.0103614857131844,-0.00035342578299890626,1.0125848707771072,0.0,0.09691322904183199,0.09911381278870107,-0.002200583746869085,0.903086770958168,0.0,8.216511818461447e-06,0.0,True,0,long_short,1.0396549881936872,0.9718238234672468
2019-01-31,1.0101742746934084,-0.00018529112839638096,1.0125766400281366,0.0,0.09673383849522939,0.09911200768337018,-0.0023781691881407958,0.9032661615047706,0.0,8.230748970730719e-06,0.0,True,0,long_short,1.041038346988842,0.9703526076779913
2019-02-01,1.0109444457286403,0.0007624140255062528,1.0125684109541249,0.0,0.0985992835400823,0.10020566778042907,-0.0016063842403467679,0.9014007164599177,0.0,8.229074011640216e-06,0.0,True,0,long_short,1.0516767653038046,0.9612691647101306
2019-02-11,1.0117831691009185,0.000829643385274137,1.0108853838365837,0.0,0.2007710057419658,0.1998836760336323,0.0008873297083334867,0.7992289942580342,0.0004048235455476348,8.326221638889377e-05,0.40030403003266307,True,0,long_short,1.059515916409749,0.9549485320894692
2019-02-12,1.0117449224779422,-3.7801204985754566e-05,1.0108687614580203,0.0,0.2016487600581981,0.20078277002409323,0.0008659900341048565,0.7983512399418019,0.0,1.6622378563467108e-05,0.0,True,0,long_short,1.0636337969767065,0.9512154703561938
2019-02-13,1.0103213083473965,-0.001407087991169842,1.0108520649417385,0.0,0.20239492152244778,0.2029202559778898,-0.0005253344554420217,0.7976050784775522,0.0,1.669651628161091e-05,0.0,True,0,long_short,1.0720609640206422,0.9424103127104841
2019-02-14,1.011214997411887,0.0008845592556612214,1.010835214421861,0.0,0.20335318809766773,0.20297761713501597,0.0003755709626517609,0.7966468119023322,0.0,1.6850519877515362e-05,0.0,True,0,long_short,1.075848748997861,0.9399230127411687
2019-02-15,1.0174604047923552,0.006176141964322923,1.0108183442292102,0.0,0.20711138769056375,0.20058331000630183,0.006528077684261906,0.7928886123094363,0.0,1.6870192650892285e-05,0.0,True,0,long_short,1.0688965750017514,0.9518791888641688
2019-02-18,1.0214088054652908,0.003880643074008594,1.0180961950001768,0.0,0.3067691681707079,0.30352599027035204,0.0032431779003558405,0.6932308318292921,0.00021157623107135568,5.032247074362798e-05,0.20777238183652108,True,0,long_short,1.0868377833143579,0.9397987640349247
2019-02-19,1.0222246832838136,0.0007987769580184434,1.018070713565726,0.0,0.30574228153007327,0.3016786252850067,0.004063656245066569,0.6942577184699268,0.0,2.548143445066107e-05,0.0,True,0,long_short,1.0816754845470684,0.9450382280891308
2019-02-20,1.022900132288748,0.0006607637400857236,1.0180453669900669,0.0,0.30597238311873987,0.30122630366734837,0.004746079451391501,0.6940276168812601,0.0,2.5346575659079088e-05,0.0,True,0,long_short,1.082307017910074,0.9451108746055809
2019-02-21,1.0221101553323706,-0.0007722913815739751,1.01802004169479,0.0,0.3061168942906473,0.30211525746486817,0.004001636825779116,0.6938831057093526,0.0,2.5325295277001203e-05,0.0,True,0,long_short,1.0861560103224748,0.9410343869744004
2019-02-22,1.0222932150974964,0.00017909983984654154,1.0179946612778528,0.0,0.31006316961136693,0.3058583546364054,0.004204814974961517,0.6899368303886331,0.0,2.5380416937180457e-05,0.0,True,0,long_short,1.102543328141905,0.9272136423158511
2019-02-25,1.0221739926292372,-0.00011662257608513471,1.0238235416317418,0.0,0.30561935379434096,0.30723311917518525,-0.0016137653808443394,0.694380646205659,0.0002256971626026063,7.709841880907206e-05,0.2203967876274474,True,0,long_short,1.1418172735165688,0.8952167884806522
2019-02-26,1.0349678872022445,0.012516356965900366,1.0237977296560627,0.0,0.31070776645959014,0.29991500884430106,0.010792757615289103,0.6892922335404099,0.0,2.5811975679060274e-05,0.0,True,0,long_short,1.1285851459107419,0.9170490068492347
2019-02-27,1.0339833288206703,-0.0009512936524394,1.0237722171297852,0.0,0.3089736948813712,0.29909818586080344,0.009875509020567762,0.6910263051186287,0.0,2.5512526277574965e-05,0.0,True,0,long_short,1.1219860645175899,0.9215652150414566
2019-02-28,1.0339368383739853,-4.4962472207421555e-05,1.023746798291057,0.0,0.3085363546433448,0.29868078155151667,0.009855573091828121,0.6914636453566552,0.0,2.541883872826661e-05,0.0,True,0,long_short,1.1222761806843489,0.9212855589107349
2019-03-01,1.0323633817484303,-0.001521811165979492,1.023721416066704,0.0,0.30852088468995265,0.30014983450112287,0.008371050188829802,0.6914791153100474,0.0,2.538222435291338e-05,0.0,True,0,long_short,1.134866868521476,0.9096779634543487
2019-03-04,1.0434608598030106,0.010749585127463046,1.0307715919704508,0.0,0.5071293427283065,0.49496859159581486,0.01216075113249165,0.49287065727169355,0.0006288480541809963,7.640474749565199e-05,0.6097031082961129,True,0,long_short,1.148732298491325,0.9083585977110842
2019-03-05,1.0574474396869475,0.01340402924799422,1.0307291415305468,0.0,0.517845344612993,0.4925785586209533,0.02526678599203973,0.48215465538700697,0.0,4.245043990373048e-05,0.0,True,0,long_short,1.1597422070198207,0.9117952535367846
2019-03-06,1.0614382330469492,0.003773987443936866,1.030686329809808,0.0,0.5247515856655097,0.4957796659817188,0.02897191968379096,0.4752484143344903,0.0,4.281172073904773e-05,0.0,True,0,long_short,1.1656453634129549,0.910601342709508
2019-03-07,1.0657346154430887,0.004047698926207266,1.030643077248769,0.0,0.5231908100648115,0.49026372138267277,0.03292708868213872,0.4768091899351885,0.0,4.3252561038924017e-05,0.0,True,0,long_short,1.1577269610614573,0.9205405516910258
2019-03-08,1.06452260477834,-0.0011372537282601236,1.0306001327814889,0.0,0.5122087032109157,0.48034233245976143,0.0318663707511543,0.4877912967890843,0.0,4.294446728001043e-05,0.0,True,0,long_short,1.1300824283713797,0.9419866888050623
2019-03-11,1.0835055846573471,0.017832387770628566,1.0684886791347334,0.0,0.6148044237487371,0.6009448684910109,0.013859555257726202,0.3851955762512629,0.0006692727658947435,0.00012608266954570733,0.6259811889393759,True,0,long_short,1.150183586925526,0.9420283830980313
2019-03-12,1.079227049586486,-0.0039487891261899,1.0684351618371104,0.0,0.6202250922344091,0.6102254468831267,0.009999645351282338,0.37977490776559086,0.0,5.3517297623111116e-05,0.0,True,0,long_short,1.1607558446024595,0.929762322201448
2019-03-13,1.0703640777913523,-0.008212332890034313,1.0683810326473606,0.0,0.6114870419862903,0.6096343591607571,0.0018526828255331891,0.38851295801370966,0.0,5.412918974977578e-05,0.0,True,0,long_short,1.1487100090785132,0.931796597341387
2019-03-14,1.0589813138473434,-0.010634478660285995,1.0683273999855551,0.0,0.6003885073460791,0.6092140513061105,-0.00882554396003151,0.39961149265392093,0.0,5.3632661805454186e-05,0.0,True,0,long_short,1.13688954428411,0.9314724716851672
2019-03-15,1.0663219475362549,0.006931787740656503,1.0682743742625578,0.0,0.6066499723475871,0.6084809641327735,-0.0018309917851863857,0.3933500276524129,0.0,5.3025722997239e-05,0.0,True,0,long_short,1.145301497919301,0.9310403849758947
2019-03-18,1.0700710787290684,0.003515946756489363,1.0682474720646353,0.0,0.6049864531711624,0.6032822610845966,0.0017041920865658187,0.3950135468288376,0.000886791338714966,0.00015998710850452532,0.8294480581812652,True,0,long_short,1.1673722622055764,0.9166493957183187
2019-03-19,1.0833518788894927,0.012411138310735481,1.0681944127577945,0.0,0.6113460503785392,0.5973547826962087,0.013991267682330489,0.3886539496214608,0.0,5.305930684084157e-05,0.0,True,0,long_short,1.172762054503629,0.9237610261426994
2019-03-20,1.082188002059456,-0.0010743294516917246,1.0681412227227645,0.0,0.6089627432369937,0.5959827625774777,0.012979980659515953,0.39103725676300627,0.0,5.3190035029936624e-05,0.0,True,0,long_short,1.1704170667557299,0.9246174144223347
2019-03-21,1.0910174005481483,0.008158839750477265,1.068088211868373,0.0,0.6169841669965271,0.595967830622556,0.021016336373971108,0.38301583300347286,0.0,5.3010854391418836e-05,0.0,True,0,long_short,1.180053522894765,0.9245490813601369
2019-03-22,1.0816495701163975,-0.008586325412449303,1.0680347698459036,0.0,0.6162067679164753,0.6036196966073926,0.01258707130908279,0.38379323208352467,0.0,5.3442022469271805e-05,0.0,True,0,long_short,1.1788421109984455,0.9175525373794726
2019-03-25,1.0830185563435772,0.0012656467168312702,1.0798963353285909,0.0,0.5996874234561502,0.5968045356268523,0.0028828878292978524,0.4003125765438498,0.0015305713473559963,0.0001609902703600709,1.4153257496252005,True,0,long_short,1.1634687845618574,0.9308531270578296
2019-03-26,1.0680402378081248,-0.013830158724169372,1.0798432106392817,0.0,0.5858088683350816,0.5968599246654867,-0.01105105633040506,0.4141911316649184,0.0,5.312468930908707e-05,0.0,True,0,long_short,1.1412306727793908,0.9358670979347098
2019-03-27,1.068557161176365,0.0004839924095938475,1.0797908158105793,0.0,0.5861120062464149,0.5966249250142301,-0.010512918767815217,0.4138879937535851,0.0,5.239482870229035e-05,0.0,True,0,long_short,1.14270495822681,0.9351120369990309
2019-03-28,1.0673963558768933,-0.0010863296243259768,1.0797384162624017,0.0,0.5826878414535512,0.594250613162069,-0.011562771708517697,0.41731215854644876,0.0,5.239954817755622e-05,0.0,True,0,long_short,1.138167470618662,0.9378201217582678
2019-03-29,1.0726554196401843,0.0049270017967886215,1.079686281938651,0.0,0.5919836875360854,0.5985383202445328,-0.006554632708447328,0.40801631246391457,0.0,5.2134323750696024e-05,0.0,True,0,long_short,1.1621271741906998,0.9230103584723219
2019-04-01,1.0877899967325557,0.014109449143927533,1.0746713528410494,0.0,0.7123585194858242,0.7002986146044486,0.012059904881375476,0.2876414805141758,0.0010813053005690417,0.00015830762623708693,1.0051616348659689,True,0,long_short,1.1923441881594394,0.9123120719124914
2019-04-02,1.0849747019330072,-0.002588086678499524,1.0746087409648009,0.0,0.7169830006837298,0.7074288968417342,0.009554103841995704,0.2830169993162702,0.0,6.26118762486893e-05,0.0,True,0,long_short,1.1967157434722093,0.9066269144124475
2019-04-03,1.0821324091939,-0.0026196857254306982,1.0745456552834456,0.0,0.7183016670508405,0.7112907376617967,0.007010929389043851,0.28169833294915947,0.0,6.308568135531425e-05,0.0,True,0,long_short,1.2002891255261894,0.9015597877049072
2019-04-04,1.0920831476962962,0.009195490697676112,1.0744823913853976,0.0,0.7206159163737849,0.7044992348298688,0.016116681543916097,0.27938408362621514,0.0,6.32638980479397e-05,0.0,True,0,long_short,1.2072200715100971,0.9046264003299933
2019-04-08,1.1082874648373275,0.01483798845830897,1.1072347215699339,0.0,0.49646894923218043,0.4955190663716463,0.0009498828605341189,0.5035310507678196,0.001364336811157193,0.0002529441343307294,1.2306855222748974,True,0,long_short,1.2029497030554892,0.9213082326071325
2019-04-09,1.1059737177983802,-0.002087677712106051,1.1071895836874808,0.0,0.4942494030370631,0.4953487654084592,-0.0010993623713961022,0.5057505969629369,0.0,4.513788245322668e-05,0.0,True,0,long_short,1.1934671500049177,0.9266897021789188
2019-04-10,1.1048042971615224,-0.0010573674745054662,1.1071445555190682,0.0,0.4922855991462125,0.49440385516997937,-0.0021182560237668928,0.5077144008537875,0.0,4.502816841251764e-05,0.0,True,0,long_short,1.1856938057367996,0.9317787541910858
2019-04-11,1.0995215178248188,-0.004781642640489414,1.1070996607653374,0.0,0.48671638278898693,0.49360860164752324,-0.006892218858536306,0.5132836172110131,0.0,4.489475373082324e-05,0.0,True,0,long_short,1.1735160027369984,0.93694633499705
2019-04-12,1.1019361708978572,0.002196094422795225,1.1070550525506337,0.0,0.48533493853502485,0.4899802907686352,-0.004645352233610338,0.5146650614649751,0.0,4.460821470368803e-05,0.0,True,0,long_short,1.1727312738859363,0.939632288688359
2019-04-15,1.101297146297208,-0.000579910722168786,1.1034844910734292,0.0,0.6915178433367903,0.6935039964686451,-0.001986153131854814,0.30848215666320966,0.0006789719918106823,0.0001331326862691802,0.6149198144320094,True,0,long_short,1.1701177517836838,0.9411848889724405
2019-04-16,1.1063826491838515,0.004617739094069151,1.1034217167743396,0.0,0.6910698518051619,0.6883936236379035,0.002676228167258479,0.3089301481948381,0.0,6.277429908958585e-05,0.0,True,0,long_short,1.1784798195902004,0.9388218879883581
2019-04-17,1.1053674203968111,-0.0009176109077535521,1.1033591173145312,0.0,0.6919588810272548,0.6901420162950204,0.0018168647322343813,0.3080411189727452,0.0,6.259945980836505e-05,0.0,True,0,long_short,1.1827600944505023,0.9345660422457464
2019-04-18,1.1189020946191623,0.012244502572269056,1.1032964164514962,0.0,0.6956747651842561,0.6817274517931075,0.013947313391148613,0.3043252348157439,0.0,6.27008630350258e-05,0.0,True,0,long_short,1.1804434107188726,0.9478659328004275
2019-04-19,1.1140704308780007,-0.004318218514736238,1.1032337216892685,0.0,0.6932843980046115,0.6835572668570847,0.009727131147526873,0.3067156019953885,0.0,6.269476222772811e-05,0.0,True,0,long_short,1.1830629474245822,0.9416831397714114
2019-04-22,1.1094077577931487,-0.004185258809155767,1.1140177651833998,0.0,0.5900594326924601,0.5942148096112418,-0.004155376918781827,0.4099405673075399,0.0006803857159344895,0.00018777475203713283,0.6103766435653964,True,0,long_short,1.169815960210214,0.9483609349916802
2019-04-23,1.1100648502753367,0.0005922912270732716,1.223532018467027,0.0,0.48541965330727127,0.5876363554788122,-0.102216702171541,0.5145803466927288,0.00010967811439963597,5.418300160917457e-05,0.09899593917895451,True,0,long_short,1.1569018989872115,0.9595151077607553
2019-04-24,1.109213497828986,-0.0007669393784872636,1.2234784035796604,0.0,0.4837206705606512,0.5867350189925087,-0.10301434843185747,0.5162793294393488,0.0,5.3614887366651965e-05,0.0,True,0,long_short,1.1542590114680797,0.9609745185512555
2019-04-25,1.100026760042833,-0.008282208794009094,1.2234249119849168,0.0,0.47357126533465027,0.5857486744890227,-0.11217740915437248,0.5264287346653498,0.0,5.349159474373456e-05,0.0,True,0,long_short,1.1383648911321396,0.9663217555390539
2019-04-26,1.0970160024068902,-0.002736985812804793,1.223371952597251,0.0,0.46957727619174866,0.5847587775674183,-0.11518150137566968,0.5304227238082513,0.0,5.295938766555155e-05,0.0,True,0,long_short,1.1270188724104477,0.9733785558183352
2019-04-29,1.0843978970670993,-0.011502207180302149,1.0872197056637118,0.0,0.6931935844590011,0.6957957737515517,-0.0026021892925505168,0.30680641554099886,0.0005876077254706319,0.00015817555147545597,0.540176296149247,True,0,long_short,1.1256786772401035,0.963328096189745
2019-04-30,1.0899390739467838,0.005109911126415234,1.0853065105652564,0.0,0.6004872009691827,0.596236905248751,0.004250295720431818,0.39951279903081727,0.00021370203679221022,6.20152992200842e-05,0.19764741477811265,True,0,long_short,1.1340732946653298,0.9610834494329837
2019-05-06,1.0724960946915807,-0.016003627791818076,1.0816482299787702,0.0,0.4871150307017321,0.49564852125007913,-0.008533490548347063,0.5128849692982679,0.000653976523378066,0.00032047984127328647,0.6042457637517235,True,0,long_short,1.1029923005999744,0.9723513882265494
2019-05-07,1.070977426368224,-0.0014160129168520053,1.0816045383812323,0.0,0.4883713814277636,0.4982941974940609,-0.009922816066297285,0.5116286185722364,0.0,4.369159753811234e-05,0.0,True,0,long_short,1.1082497716219686,0.966368280681714
2019-05-08,1.0739839082961706,0.0028072318369416482,1.0815606757644756,0.0,0.49101611598152184,0.49807093999683244,-0.007054824015310594,0.5089838840184782,0.0,4.386261675669113e-05,0.0,True,0,long_short,1.1098351503332444,0.9676967862963172
2019-05-09,1.0758314774568511,0.0017202950122516825,1.0815167097227154,0.0,0.4915527896722282,0.4968372904374442,-0.005284500765215963,0.5084472103277717,0.0,4.396604175999005e-05,0.0,True,0,long_short,1.110300043800465,0.9689556291237899
2019-05-10,1.0818155877606077,0.005562311969066425,1.0814727771312447,0.0,0.4981625706869734,0.4978456861520844,0.00031688453488898285,0.5018374293130266,0.0,4.3932591470710204e-05,0.0,True,0,long_short,1.129800803409502,0.9575277203697458
2019-05-13,1.0799499448836865,-0.0017245479710484846,1.07542659326103,0.0,0.3982803818237673,0.39409189915928283,0.0041884826644844695,0.6017196181762328,0.0004404794531998071,0.00013279986334817264,0.4094181004057984,True,0,long_short,1.1231695261978438,0.9615199840219452
2019-05-14,1.0820013917284366,0.0018995758594821943,1.0753916124781717,0.0,0.40036078237754696,0.3942519369538768,0.0061088454236701405,0.599639217622453,0.0,3.498078285831574e-05,0.0,True,0,long_short,1.1251465617342435,0.9616537334129118
2019-05-15,1.0867211699901667,0.004362081507298665,1.0753565510142422,0.0,0.40636261233917415,0.3959048985393894,0.010457713799784689,0.5936373876608259,0.0,3.5061463929511766e-05,0.0,True,0,long_short,1.135827082273407,0.9567663836779163
2019-05-16,1.0849470739469043,-0.0016325218393219432,1.0753211889675671,0.0,0.40795827436217585,0.39908605818639564,0.008872216175780186,0.5920417256378241,0.0,3.536204667497782e-05,0.0,True,0,long_short,1.1363680427843512,0.9547497228877941
2019-05-17,1.0809464233637442,-0.0036874154318016217,1.0752856009743275,0.0,0.40107356196733407,0.3958366489556779,0.005236913011656181,0.598926438032666,0.0,3.5587993239643876e-05,0.0,True,0,long_short,1.1250987987067895,0.9607568905114867
2019-05-20,1.0784515515515296,-0.002308043912528923,1.0798985602907083,0.0,0.4982634633623372,0.4996052099962928,-0.0013417466339556699,0.5017365366376628,0.0008706444967604941,0.00010550421614587314,0.8055785572940201,True,0,long_short,1.1193640512104568,0.963450229070082
2019-05-21,1.0812179593869986,0.002565166540387409,1.0798542753580602,0.0,0.5002097156031831,0.49894846756609745,0.0012612480370855807,0.49979028439681694,0.0,4.428493264797779e-05,0.0,True,0,long_short,1.122840845808918,0.9629307336144033
2019-05-22,1.078711592334419,-0.0023180960238585735,1.079809935190065,0.0,0.5006145626699486,0.5016327614762386,-0.001018198806289955,0.49938543733005136,0.0,4.434016799515774e-05,0.0,True,0,long_short,1.123105842161238,0.9604718912855182
2019-05-23,1.0753220194161788,-0.003142242043496446,1.079765459814046,0.0,0.49657294521359396,0.5007051403306247,-0.004132195117030801,0.503427054786406,0.0,4.447537601910782e-05,0.0,True,0,long_short,1.1163252612637602,0.9632694490840754
2019-05-24,1.0749777001989544,-0.0003202010290939139,1.0797212061760213,0.0,0.4953993868906203,0.49981204212634195,-0.004412655235721648,0.5046006131093796,0.0,4.425363802457988e-05,0.0,True,0,long_short,1.1154046731346061,0.9637557794858074
2019-05-27,1.0779496238952915,0.002764637532282732,1.0766488870912057,0.0,0.502913944908805,0.501707268107541,0.0012066768012639676,0.49708605509119497,0.0006482299653499746,0.00013248167660795786,0.6017188341885668,True,0,long_short,1.1148290402037322,0.9669192181236137
2019-05-28,1.0774030256119458,-0.0005070721963521541,1.076604436530031,0.0,0.5021971505848062,0.5014559339157129,0.000741216669093376,0.4978028494151938,0.0,4.4450561174963665e-05,0.0,True,0,long_short,1.1156767454909933,0.9656946153679992
2019-05-29,1.0765238881972474,-0.0008159782308010399,1.0765600307650656,0.0,0.5005583817936358,0.5005919551942953,-3.357340065957812e-05,0.49944161820636424,0.0,4.4405764965357774e-05,0.0,True,0,long_short,1.11461109927846,0.9658291478472912
2019-05-30,1.072917265128674,-0.003350248989470228,1.0765157376802978,0.0,0.49774998574370644,0.5011039000375473,-0.003353914293840973,0.5022500142562936,0.0,4.429308476761849e-05,0.0,True,0,long_short,1.108500615966154,0.9678995660219224
2019-05-31,1.072517202438093,-0.0003728737560516615,1.0764715478425466,0.0,0.49760919272337745,0.5012961689280152,-0.003686976204637776,0.5023908072766226,0.0,4.418983775125461e-05,0.0,True,0,long_short,1.1068724274302713,0.9689618928606453
2019-06-03,1.0693094874109486,-0.00299082851058452,1.0711843088242323,0.0,0.19645184900717638,0.19820515002559624,-0.0017533010184198413,0.8035481509928236,0.0010773057124630542,0.00013257092828012262,1.0047041672088002,True,0,long_short,1.0969359487187833,0.9748148819991702
2019-06-04,1.0697401208815223,0.0004027210790173985,1.0711668888806123,0.0,0.1942345988731847,0.19556835084830398,-0.001333751975119291,0.8057654011268153,0.0,1.741994361995182e-05,0.0,True,0,long_short,1.088804204844657,0.9824908060803691
2019-06-05,1.069682502476303,-5.386205873225691e-05,1.0711496937591376,0.0,0.19369279146029378,0.19506440526105978,-0.001371613800766012,0.8063072085397063,0.0,1.719512147482723e-05,0.0,True,0,long_short,1.087490544689565,0.9836246463932746
2019-06-06,1.0702232042473327,0.0005054787469906952,1.0711325438702746,0.0,0.19270099542380803,0.19355066829516146,-0.0008496728713534181,0.807299004576192,0.0,1.714988886277004e-05,0.0,True,0,long_short,1.0828854812425748,0.9883069103662628
2019-06-10,1.0712479047508512,0.0009574642929175425,1.0694112774253977,0.0,0.30081104859475105,0.2990965739924592,0.0017144746022918367,0.699188951405249,0.0006339110142633341,6.810161635300614e-05,0.5924151812576275,True,0,long_short,1.0891300548319556,0.9835812536787781
2019-06-11,1.0722498879889304,0.0009353420750093377,1.0693849426381477,0.0,0.3049927698888367,0.302320869072735,0.0026719008161017704,0.6950072301111633,0.0,2.6334787249938066e-05,0.0,True,0,long_short,1.1051511894409038,0.9702291398983897
2019-06-12,1.0715743209840936,-0.0006300462349350111,1.0693582990613255,0.0,0.30241659475120214,0.30034858894015143,0.0020680058110507443,0.6975834052487979,0.0,2.6643576821914207e-05,0.0,True,0,long_short,1.1014631761210338,0.9728644081936554
2019-06-13,1.0719072720511507,0.00031071206218480363,1.0693318459789762,0.0,0.30222356102324593,0.29982090349929225,0.002402657523953709,0.697776438976754,0.0,2.6453082349485476e-05,0.0,True,0,long_short,1.099131986581066,0.9752307139976883
2019-06-14,1.0750590305310725,0.002940327547074739,1.0693054311674606,0.0,0.3007902634692032,0.295438371898403,0.005351891570800212,0.6992097365307968,0.0,2.6414811515657887e-05,0.0,True,0,long_short,1.0933010054294179,0.9833147735090755
2019-06-17,1.0737723380330533,-0.0011968575319846186,1.0730857203663051,0.0,0.39949913139231447,0.3988596870311328,0.0006394443611816938,0.6005008686076856,0.0008588102708102276,7.831570430336931e-05,0.7996784250120818,True,0,long_short,1.0924487007395132,0.9829041284100414
2019-06-18,1.0738384685719033,6.158711349479873e-05,1.0730505189006594,0.0,0.39871039774404304,0.3979766284721227,0.0007337692719203546,0.601289602255957,0.0,3.520146564579874e-05,0.0,True,0,long_short,1.0920053890846977,0.9833637080051212
2019-06-19,1.076473472827073,0.0024538180855764313,1.0730153932064201,0.0,0.40107763005504116,0.39786521497195415,0.003212415083086984,0.5989223699449588,0.0,3.512569423939016e-05,0.0,True,0,long_short,1.09902726172087,0.9794784081529679
2019-06-20,1.081546815261669,0.004712928430342211,1.0729801911776795,0.0,0.40744672714833985,0.3995260121472818,0.007920715001058093,0.5925532728516602,0.0,3.520202874065338e-05,0.0,True,0,long_short,1.1160301918941544,0.9691017529069179
2019-06-21,1.0801970735033217,-0.001247973494351906,1.0729446756089627,0.0,0.4097617036580216,0.4030477455551378,0.006713958102883823,0.5902382963419783,0.0,3.5515568716609926e-05,0.0,True,0,long_short,1.1223023618993977,0.9624831152232305
2019-06-24,1.079981114144497,-0.0001999258877125598,1.0760043715760805,0.0,0.39692947799393696,0.3932472445582472,0.003682233435689706,0.603070522006063,0.0008777125067604091,0.00010735175224868334,0.8150497809683028,True,0,long_short,1.1205287614799322,0.963813827248948
2019-06-25,1.0801922204952867,0.00019547226152827335,1.0759694647598632,0.0,0.39438435498217145,0.3904750917461455,0.003909263236025962,0.6056156450178285,0.0,3.4906816217446795e-05,0.0,True,0,long_short,1.1147398825524846,0.969008319700474
2019-06-26,1.0818327466040472,0.0015187353487959854,1.075934797240159,0.0,0.39625467782558355,0.39080286525806573,0.005451812567517797,0.6037453221744165,0.0,3.466751970422216e-05,0.0,True,0,long_short,1.1163549804808428,0.9690759350919669
2019-06-27,1.0838335575191798,0.0018494641814210677,1.0759000479247807,0.0,0.39846640433918984,0.3911465446251592,0.00731985971403062,0.6015335956608101,0.0,3.474931537831764e-05,0.0,True,0,long_short,1.1235240340016148,0.9646732288039528
2019-06-28,1.0803406943987954,-0.003222693278088884,1.0758652037260708,0.0,0.39820644905721186,0.39406378304830497,0.004142666008906918,0.6017935509427881,0.0,3.484419871006199e-05,0.0,True,0,long_short,1.1208206466477078,0.9638836486729747
2019-07-01,1.0817987080852534,0.0013495869349522405,1.0813797285612983,0.0,0.4013541795692064,0.40096688060053165,0.0003872989686747427,0.5986458204307936,0.0008660913835041541,0.00010497282929157256,0.8002723295788081,True,0,long_short,1.1310812063454776,0.9564288594101427
2019-07-02,1.082110291398293,0.0002880233732123205,1.0813440766062226,0.0,0.40112537648894214,0.40041730190711716,0.0007080745818250105,0.5988746235110578,0.0,3.5651955075503765e-05,0.0,True,0,long_short,1.1335245505499116,0.9546421300476678
2019-07-03,1.0720319978900539,-0.009313554808924374,1.0813084632623942,0.0,0.3953041089200095,0.4039572698243463,-0.008653160904336857,0.6046958910799904,0.0,3.561334382857222e-05,0.0,True,0,long_short,1.130002823325623,0.948698512747995
2019-07-04,1.069905388857247,-0.0019837178712878156,1.0812728696909668,0.0,0.39413472558490564,0.4047594789061891,-0.010624753321283424,0.6058652744150943,0.0,3.5593571427288127e-05,0.0,True,0,long_short,1.1282087024943621,0.9483222266339445
2019-07-05,1.0700160614381435,0.00010344146505780749,1.0812372761829387,0.0,0.39583201808031704,0.4063189772477462,-0.010486959167429151,0.604167981919683,0.0,3.559350802789996e-05,0.0,True,0,long_short,1.1284669766428184,0.9482032559086789
2019-07-08,1.0671735604788977,-0.002656503076622352,1.0696542449659745,0.0,0.29517298456494495,0.29749752162146986,-0.0023245370565249104,0.7048270154350551,0.0004316194029866693,0.00010720302699999649,0.40335025193627716,True,0,long_short,1.1178352805317193,0.9546787250902267
2019-07-09,1.0666377347856857,-0.0005020979839226447,1.0696281505969842,0.0,0.29430235128320725,0.29710594214988434,-0.0028035908666770993,0.7056976487167927,0.0,2.6094368990336862e-05,0.0,True,0,long_short,1.117608848401566,0.9543927075302056
2019-07-10,1.0661343110070771,-0.000471972594059622,1.0696021036592478,0.0,0.2940604475698403,0.2973131265394298,-0.0032526789695895113,0.7059395524301597,0.0,2.6046937736393396e-05,0.0,True,0,long_short,1.1164805795530373,0.954906274710022
2019-07-11,1.064656093600976,-0.001386520807781677,1.0695760508599068,0.0,0.2928758190241508,0.297496989455149,-0.004621170430998268,0.7071241809758493,0.0,2.605279934108013e-05,0.0,True,0,long_short,1.1159817212662935,0.9540085409220871
2019-07-12,1.0619302310528012,-0.0025603221214419714,1.0695500180942092,0.0,0.2918042131387786,0.29897962525022564,-0.007175412111447027,0.7081957868612214,0.0,2.6032765697372844e-05,0.0,True,0,long_short,1.122122277595885,0.9463587456154569
2019-07-15,1.0663649503893398,0.004176092936107434,1.061224997099457,0.0,0.40240961027866584,0.3975895406692827,0.0048200696093831045,0.5975903897213342,0.0006347774508773017,7.828656226571145e-05,0.597797812942025,True,0,long_short,1.124207929794718,0.9485477927415612
2019-07-16,1.067806780291951,0.0013520979867960303,1.0611901497939107,0.0,0.4038043010151194,0.397607833058406,0.006196467956713319,0.5961956989848807,0.0,3.484730554611946e-05,0.0,True,0,long_short,1.1235958554428978,0.9503477385746001
2019-07-17,1.0661805104216242,-0.0015230001348017774,1.0611552537659625,0.0,0.4034888058610195,0.39877547954662784,0.004713326314391628,0.5965111941389805,0.0,3.489602794824297e-05,0.0,True,0,long_short,1.1258545159411757,0.9469966992407842
2019-07-18,1.0646281450036805,-0.001456006185415748,1.0611203085623193,0.0,0.4027592031579971,0.39946430957677465,0.0032948935812224618,0.5972407968420028,0.0,3.494520364328644e-05,0.0,True,0,long_short,1.122765840165805,0.9482192162583617
2019-07-19,1.0659831203295405,0.0012727216842978173,1.061085353963944,0.0,0.4043813336355447,0.3997867333344793,0.004594600301065393,0.5956186663644554,0.0,3.495459837533404e-05,0.0,True,0,long_short,1.125783755900503,0.9468808860871076
2019-07-22,1.062209040317654,-0.0035404688309882415,1.0661083436154657,0.0,0.2968876810257707,0.3005586188071377,-0.003670937781366994,0.7031123189742293,0.0006493793499868578,0.00010508200507386793,0.6087411752517381,True,0,long_short,1.1227877757784135,0.9460461391122993
2019-07-23,1.0623197475961312,0.0001042236266826091,1.0660821033895445,0.0,0.29740068451647156,0.3009423261003043,-0.0035416415838327624,0.7025993154835284,0.0,2.6240225921287343e-05,0.0,True,0,long_short,1.123532171406292,0.9455178717904064
2019-07-24,1.0661309267743806,0.003587600801805202,1.0660558269257716,0.0,0.2999738183847771,0.29990337689703583,7.044148774125656e-05,0.7000261816152229,0.0,2.6276463772920648e-05,0.0,True,0,long_short,1.1262118541465738,0.9466521976740144
2019-07-25,1.0713586072001808,0.004903413168602988,1.0660295472327452,0.0,0.30372584793665897,0.2987517338243335,0.004974114112325416,0.6962741520633411,0.0,2.6279693026356422e-05,0.0,True,0,long_short,1.1333547264522967,0.9452985743958731
2019-07-26,1.0719635719544314,0.0005646706435966653,1.0660032400896124,0.0,0.30652718912597277,0.3009669891147431,0.005560200011229604,0.6934728108740272,0.0,2.6307143132767985e-05,0.0,True,0,long_short,1.1414181868871738,0.9391505972739439
2019-07-29,1.0734884402582818,0.0014225001145049543,1.0731561226965678,0.0,0.2997102805750677,0.2994007126754507,0.00030956789961697815,0.7002897194249322,0.00043655103697679546,7.955152981441905e-05,0.40662631895450435,True,0,long_short,1.1438275662720851,0.9385054809939144
2019-07-30,1.0718411732806397,-0.0015344990368465483,1.073129705994864,0.0,0.30175946969933964,0.3029616372838155,-0.0012021675844758402,0.6982405303006604,0.0,2.641670170374144e-05,0.0,True,0,long_short,1.1490330286641848,0.9328201596839344
2019-07-31,1.0722625724313106,0.0003931544721138547,1.073103016124445,0.0,0.30239113430814774,0.3031749383079729,-0.000783803999825152,0.6976088656918522,0.0,2.6689870419066435e-05,0.0,True,0,long_short,1.1486866582650912,0.933468291562464
2019-08-01,1.0736421812583385,0.001286633388592362,1.0730762969623153,0.0,0.3025522675648767,0.3020251978335441,0.0005270697313325919,0.6974477324351234,0.0,2.6719162129874863e-05,0.0,True,0,long_short,1.145909326668681,0.9369346738625183
2019-08-02,1.072426461663107,-0.0011323321833413003,1.073049644880765,0.0,0.30208549458074996,0.30266659103811594,-0.0005810964573659786,0.69791450541925,0.0,2.6652081550437327e-05,0.0,True,0,long_short,1.1417917999019265,0.9392486981910558
2019-08-05,1.0723820841860627,-4.138043831503069e-05,1.072671406573144,0.0,0.29795398396484435,0.29822377809078876,-0.0002697941259444389,0.7020460160351556,0.00022330160787515974,8.003531374289786e-05,0.2081300300695343,True,0,long_short,1.1318224177715257,0.9474826327415421
2019-08-06,1.0710874717444983,-0.0012072305763547453,1.0726451208331411,0.0,0.2954059388901967,0.2968602076868488,-0.001454268796652113,0.7045940611098034,0.0,2.628574000297331e-05,0.0,True,0,long_short,1.128684209967684,0.948970015071944
2019-08-07,1.0707822959647697,-0.0002849214352507179,1.072618986867444,0.0,0.29783434319702884,0.29954962267969854,-0.0017152794826697131,0.7021656568029712,0.0,2.6133965696946866e-05,0.0,True,0,long_short,1.1335348107558092,0.9446399755917527
2019-08-08,1.070110033048652,-0.0006278240858588191,1.072592623653795,0.0,0.2985612452351928,0.3008811848007256,-0.0023199395655328424,0.7014387547648072,0.0,2.636321364890532e-05,0.0,True,0,long_short,1.138515963818976,0.9399165818098265
2019-08-09,1.0698425877708497,-0.0002499231570048943,1.07256615987506,0.0,0.2984588472179201,0.301004616226691,-0.002545769008770878,0.7015411527820798,0.0,2.6463778735136062e-05,0.0,True,0,long_short,1.1386298874844594,0.9395876566479566
2019-08-12,1.0739193752793463,0.0038106423833725867,1.0698627392661715,0.0,0.3029502027235845,0.2991727906509888,0.003777412072595726,0.6970497972764155,0.00042900462059683805,7.940405528751812e-05,0.40082960841957543,True,0,long_short,1.1454649536132553,0.9375401420111322
2019-08-13,1.08097330746098,0.00656840014623894,1.0698363320779714,0.0,0.30538243703051476,0.2950797077159793,0.010302729314535465,0.6946175629694853,0.0,2.640718820025933e-05,0.0,True,0,long_short,1.142757320656908,0.9459342661131134
2019-08-14,1.078863551276496,-0.001951719038687072,1.0698101150954278,0.0,0.30534504639078475,0.2969534048617366,0.008391641529048128,0.6946549536092153,0.0,2.621698254364614e-05,0.0,True,0,long_short,1.1438969111119446,0.9431475343593403
2019-08-15,1.0847906500729623,0.005493835424742466,1.0697837831333785,0.0,0.3092948222107274,0.29546093920429256,0.013833883006434875,0.6907051777892725,0.0,2.633196204926961e-05,0.0,True,0,long_short,1.1456506987200217,0.9468773084893543
2019-08-16,1.085932185300314,0.0010523092425944736,1.0697574395774077,0.0,0.31266245548803817,0.297767652716875,0.01489480277116315,0.6873375445119618,0.0,2.634355597073363e-05,0.0,True,0,long_short,1.1486134216229948,0.9454287794808179
2019-08-19,1.0856798585604317,-0.0002323595739199824,1.092091684064544,0.0,0.4004253552174255,0.4063311712400365,-0.005905816022610991,0.5995746447825745,0.00047116787358734654,7.973148768326657e-05,0.43125013151557107,True,0,long_short,1.1579516241905936,0.9375865415097286
2019-08-20,1.0894673072141312,0.003488550168667004,1.0920554255246657,0.0,0.39659475318774456,0.3989703346241005,-0.0023755814363559274,0.6034052468122555,0.0,3.6258539878403624e-05,0.0,True,0,long_short,1.1570904744956048,0.9415575801788951
2019-08-21,1.0998122073717598,0.009495374564365333,1.0920196996230667,0.0,0.40405564850357034,0.39697034094245953,0.007085307561110821,0.5959443514964297,0.0,3.572590159900599e-05,0.0,True,0,long_short,1.156591616208861,0.9509079885748992
2019-08-22,1.096104048286719,-0.003371629320156555,1.091983815281127,0.0,0.40148296123016924,0.39772398140336146,0.003758979826807795,0.5985170387698308,0.0,3.588434193970245e-05,0.0,True,0,long_short,1.154288376884959,0.9495929009046594
2019-08-23,1.0963884334578167,0.000259450890216284,1.0919479840318569,0.0,0.4046774078662342,0.400627338301057,0.004050069565177176,0.5953225921337658,0.0,3.583124926988517e-05,0.0,True,0,long_short,1.1591411004743046,0.9458627884122042
2019-08-26,1.0934678446185344,-0.002663826751684417,1.0926947920416006,0.0,0.30020312986425624,0.29949615655842177,0.0007069733058345052,0.6997968701357438,0.0006625956088619408,0.00010830653749486126,0.6060192361125446,True,0,long_short,1.1515347499021742,0.9495743352177841
2019-08-27,1.0977333311445976,0.0039008797076709456,1.092667875103235,0.0,0.30509297083610154,0.3004785021872531,0.004614468648848449,0.6949070291638985,0.0,2.6916938365764866e-05,0.0,True,0,long_short,1.1576017157894662,0.9482823981441325
2019-08-28,1.0996089196847305,0.0017086012485174606,1.0926407645333327,0.0,0.3065595783885425,0.3002226389306527,0.0063369394578897485,0.6934404216114576,0.0,2.7110569902193365e-05,0.0,True,0,long_short,1.1584320848667624,0.9492217403588252
2019-08-29,1.0994511231734287,-0.00014350239296623268,1.0926136307668952,0.0,0.30616462339081835,0.2999456180504099,0.006219005340408399,0.6938353766091816,0.0,2.7133766437761692e-05,0.0,True,0,long_short,1.1565537595871012,0.9506269069290315
2019-08-30,1.0955948706041103,-0.003507434289746092,1.092586525927444,0.0,0.3040253173227777,0.301279462301562,0.0027458550212156687,0.6959746826772223,0.0,2.7104839451216828e-05,0.0,True,0,long_short,1.1563814588880625,0.9474337920097728
2019-09-02,1.0996624565117368,0.003712673376595532,1.0963894641694198,0.0,0.4023649641844057,0.39938860328117043,0.0029763609032353202,0.5976350358155943,0.00044697728586242616,8.138964662037266e-05,0.40751498488633076,True,0,long_short,1.16357740122429,0.9450703110551103
2019-09-03,1.0978388382477822,-0.0016583436609625135,1.2058917645042904,0.0,0.3023476110967931,0.40077091558560807,-0.09842330448881496,0.6976523889032069,0.00010964804640751806,3.609802624002438e-05,0.09960461785778071,True,0,long_short,1.1644233375105344,0.9428176187149376
2019-09-04,1.0948484400759795,-0.002723895409434962,1.2058556016103423,0.0,0.3015145067144149,0.402904943482685,-0.1013904367682701,0.6984854932855851,0.0,3.6162893948219496e-05,0.0,True,0,long_short,1.1667467434460281,0.9383771124505611
2019-09-05,1.0932059329777455,-0.0015002141283775305,1.2058193451844077,0.0,0.303399813107162,0.40641188870020095,-0.10301207559303888,0.696600186892838,0.0,3.625642593459603e-05,0.0,True,0,long_short,1.177302726313607,0.9285682505814056
2019-09-06,1.0895276432609833,-0.003364681443635331,1.2057828280429317,0.0,0.3021215643244481,0.40882393713804077,-0.10670237281359268,0.6978784356755519,0.0,3.6517141476143907e-05,0.0,True,0,long_short,1.1826415713823752,0.9212661465869559
2019-09-09,1.0941576682176841,0.00424957089004474,1.0909673332797238,0.0,0.4048416371001076,0.401925846231359,0.0029157908687485923,0.5951583628998924,0.0007758216249033214,0.00010983081716844313,0.7106265071761281,True,0,long_short,1.1905419299235014,0.9190416907768965
2019-09-10,1.0955500742769666,0.0012725826448307664,1.0909311877799943,0.0,0.40482752689349844,0.40061148364233007,0.004216043251168368,0.5951724731065016,0.0,3.614549972950054e-05,0.0,True,0,long_short,1.188351906664676,0.921907111969741
2019-09-11,1.090971200457707,-0.004179520340301557,1.0908951146341865,0.0,0.40055386345381755,0.40048412208622824,6.974136758933054e-05,0.5994461365461825,0.0,3.60731458077173e-05,0.0,True,0,long_short,1.1846274519238593,0.9209403333393527
2019-09-12,1.093908896048929,0.0026927343178164698,1.0908592036771916,0.0,0.4010651686774956,0.3982772835229344,0.0027878851545611746,0.5989348313225045,0.0,3.591095699479425e-05,0.0,True,0,long_short,1.1858714134388886,0.9224515269127881
2019-09-16,1.092903142835449,-0.000919412226294658,1.0943097608745824,0.0,0.39797778603379635,0.39926483333378304,-0.0012870472999866771,0.6020222139662037,0.0006630045099556093,0.0001432369523966924,0.605498630573494,True,0,long_short,1.181569202965978,0.9249590629918594
2019-09-17,1.088161381857612,-0.004338683632599816,1.0942738958506502,0.0,0.39095326792419327,0.39657055419712045,-0.005617286272927161,0.6090467320758067,0.0,3.5865023932123e-05,0.0,True,0,long_short,1.168079862612305,0.9315813213524949
2019-09-18,1.0895364956598406,0.0012637039185134924,1.0942384274044372,0.0,0.3910571182025598,0.3953726521597305,-0.004315533957170696,0.6089428817974403,0.0,3.5468446213083084e-05,0.0,True,0,long_short,1.1687319163871055,0.9322381637595033
2019-09-19,1.0911825406253575,0.0015107754279677366,1.094203021409869,0.0,0.3926789164863297,0.3954469966856153,-0.0027680801992855876,0.6073210835136703,0.0,3.540599456826163e-05,0.0,True,0,long_short,1.172499888552936,0.9306461785442572
2019-09-20,1.0919419737753242,0.0006959726000852484,1.0941675552571135,0.0,0.3932638259098187,0.39530201249412433,-0.0020381865843056724,0.6067361740901813,0.0,3.5466152755567976e-05,0.0,True,0,long_short,1.1749542005636744,0.9293485424806126
2019-09-23,1.092201751856972,0.00023790465783601888,1.0910629428934182,0.0,0.39822403102753023,0.397181358314712,0.0010426727128182137,0.6017759689724698,0.0004425444818812931,0.00010643347226963638,0.4054441200707681,True,0,long_short,1.1689441965091243,0.9343489236857225
2019-09-24,1.096263669720942,0.0037190178985373468,1.0910272879201013,0.0,0.4004953532455458,0.39571878174594155,0.004776571499604295,0.5995046467544543,0.0,3.565497331695289e-05,0.0,True,0,long_short,1.1691578918319563,0.9376523713176189
2019-09-25,1.0923787651303458,-0.0035437684362787936,1.0909916321290998,0.0,0.3973486920871777,0.3960788642165485,0.0012698278706292552,0.6026513079128223,0.0,3.565579100172381e-05,0.0,True,0,long_short,1.1654412206956137,0.9373091887708765
2019-09-26,1.0823246351751363,-0.009203886304041786,1.09095607036412,0.0,0.39091335568596663,0.3988882598029618,-0.007974904116995188,0.6090866443140334,0.0,3.5561764979761896e-05,0.0,True,0,long_short,1.1611475014275838,0.9321164054045348
2019-09-27,1.087421878197966,0.004709532479601153,1.0909205859868378,0.0,0.3938092245341505,0.3970266582266469,-0.0032174336924963827,0.6061907754658495,0.0,3.5484377282209774e-05,0.0,True,0,long_short,1.1628142541856334,0.9351638701398034
2019-09-30,1.0806657685202286,-0.006212960961327618,1.089081142198565,0.0,0.39562168862937674,0.4034089008493586,-0.007787212219981843,0.6043783113706233,0.0002277720020093696,0.00010645532245072166,0.20909771235694669,True,0,long_short,1.1614110825790902,0.9304765424835155
2019-10-08,1.0822521761001875,0.001467990960915877,1.0819665091196946,0.0,0.3985151246716288,0.3982511686484382,0.00026395602319058853,0.6014848753283712,0.000219928294499297,0.0002866521796367821,0.20322588317111037,True,0,long_short,1.1623260099049904,0.9311089719042352
2019-10-09,1.0826466393169978,0.00036448364394292554,1.0819310837886889,0.0,0.39824803104387213,0.3975870993027822,0.0006609317410899472,0.6017519689561279,0.0,3.542533100582589e-05,0.0,True,0,long_short,1.1661580199076298,0.9283875948499271
2019-10-10,1.0890803757974994,0.005942600518817898,1.081895704637711,0.0,0.40268740140166703,0.39609039412887737,0.006597007272789623,0.597312598598333,0.0,3.537915097774936e-05,0.0,True,0,long_short,1.172643531435502,0.9287395074480068
2019-10-11,1.088007504884325,-0.0009851163761800397,1.0818602492178244,0.0,0.40381315939054047,0.39816314719953605,0.005650012191004399,0.5961868406094595,0.0,3.545541988665677e-05,0.0,True,0,long_short,1.178656365891679,0.9230913575571483
2019-10-14,1.0843313827745322,-0.0033787653975635434,1.087479923280304,0.0,0.2983602436411129,0.30126391364069866,-0.0029036699995857113,0.7016397563588871,0.00022504900473594195,0.00010681754605186622,0.20690261649090488,True,0,long_short,1.189058091870591,0.9119246487517646
2019-10-15,1.0839718145386668,-0.0003316036421868729,1.0874530736981622,0.0,0.2976439864658551,0.3008555636607632,-0.003211577194908096,0.7023560135341449,0.0,2.6849582141760497e-05,0.0,True,0,long_short,1.184342642760151,0.915251866649362
2019-10-16,1.0835471504213854,-0.0003917667522214119,1.087426269400799,0.0,0.29722860356839015,0.30080862219324184,-0.003580018624851683,0.7027713964316098,0.0,2.6804297363458428e-05,0.0,True,0,long_short,1.1818373835201281,0.9168326924927834
2019-10-17,1.0844662663665712,0.000848247300385907,1.0873994797850128,0.0,0.29756180246544767,0.3002665554941142,-0.002704753028666514,0.7024381975345524,0.0,2.678961578627427e-05,0.0,True,0,long_short,1.1803606214712852,0.9187584257214677
2019-10-18,1.0830126258407522,-0.001340420233346129,1.0873727157616961,0.0,0.29640191643935054,0.300427806643132,-0.00402589020378149,0.7035980835606495,0.0,2.6764023316557767e-05,0.0,True,0,long_short,1.1762494631081915,0.9207337897344797
2019-10-21,1.086777531001428,0.0034763261949539714,1.0840176250919749,0.0,0.3002787506016736,0.29773921897654854,0.0025395316251250097,0.6997212493983265,0.0004357298516263693,8.022750602009332e-05,0.4017967666751605,True,0,long_short,1.1733819124599234,0.9261925034476332
2019-10-22,1.084693588390494,-0.0019175429666952182,1.0839910297801985,0.0,0.2988081657063762,0.29816046333419,0.0006477023721862163,0.7011918342936239,0.0,2.659531177657208e-05,0.0,True,0,long_short,1.1757774936369034,0.9225330424001658
2019-10-23,1.0831020052463605,-0.0014673112860333903,1.0839644479109198,0.0,0.29703489299827973,0.2978311639500292,-0.0007962709517494267,0.7029651070017202,0.0,2.658186927864122e-05,0.0,True,0,long_short,1.1725363299738825,0.9237257537858004
2019-10-24,1.0835450140413476,0.00040901853458064075,1.083937934360435,0.0,0.29749253324239205,0.2978551580655379,-0.0003626248231458207,0.7025074667576079,0.0,2.6513550484860344e-05,0.0,True,0,long_short,1.1724400963185673,0.9241794249818409
2019-10-25,1.0878013715054506,0.003928177795057941,1.0839114078285368,0.0,0.3013471195725074,0.29777113246786696,0.0035759871046404613,0.6986528804274925,0.0,2.6526531898225564e-05,0.0,True,0,long_short,1.176631567327825,0.9245046637460943
2019-10-28,1.0972729896973406,0.008707121024109199,1.0940012823416836,0.0,0.3035824877490461,0.30060081647273096,0.0029816712763151504,0.6964175122509539,0.00045140597195633176,7.98696607298491e-05,0.41244905035764445,True,0,long_short,1.1821002570712278,0.9282402090123427
2019-10-29,1.0929494482774427,-0.003940260500798876,1.0939741721096343,0.0,0.30012449911938993,0.3010620757235108,-0.0009375766041208531,0.6998755008806101,0.0,2.7110232049026996e-05,0.0,True,0,long_short,1.180772091107798,0.9256226976469606
2019-10-30,1.0927489698782284,-0.00018342879401267442,1.0939471272633692,0.0,0.29817575001886876,0.2992722117115065,-0.0010964616926377427,0.7018242499811312,0.0,2.704484626514571e-05,0.0,True,0,long_short,1.1725451749789666,0.9319461571259551
2019-10-31,1.0923047288491567,-0.00040653529888123874,1.093920248134515,0.0,0.2974010730776424,0.29888007361905766,-0.0014790005414152254,0.7025989269223576,0.0,2.687912885432283e-05,0.0,True,0,long_short,1.1675074138832615,0.9355869743182426
2019-11-01,1.0935794662523752,0.001167016281767408,1.0938934151385336,0.0,0.30037825017889036,0.3006653339216333,-0.00028708374274291105,0.6996217498211097,0.0,2.6832995981332666e-05,0.0,True,0,long_short,1.1732648045926097,0.9320823926292552
2019-11-04,1.0971979159234595,0.0033088127408651413,1.0953018396837557,0.0,0.4003978037749282,0.39866969600860264,0.0017281077663255282,0.5996021962250718,0.0006606599279371802,8.107432653467142e-05,0.6028125306944871,True,0,long_short,1.1772022470558516,0.9320385844212575
2019-11-05,1.1040523711711214,0.006247236845954962,1.0952658873911856,0.0,0.4049972220086464,0.39703882799639895,0.007958394012247514,0.5950027779913536,0.0,3.5952292570066675e-05,0.0,True,0,long_short,1.186484902991522,0.9305237415052136
2019-11-06,1.1004603506844528,-0.003253487407357758,1.0952298584876654,0.0,0.40273912130512296,0.3979861175339884,0.004753003771134613,0.597260878694877,0.0,3.6028903520254295e-05,0.0,True,0,long_short,1.185970123695627,0.9278988810066181
2019-11-07,1.1054804554095863,0.0045618224427723675,1.095193861122531,0.0,0.40592888331667953,0.39662379407994214,0.00930508923673741,0.5940711166833205,0.0,3.599736513443809e-05,0.0,True,0,long_short,1.1888528877526399,0.9298715314552859
2019-11-08,1.1044735378981974,-0.0009108415318078711,1.0951578233264345,0.0,0.4052909326924512,0.396856403251854,0.008434529440597196,0.5947090673075488,0.0,3.603779609636485e-05,0.0,True,0,long_short,1.18737329530217,0.9301822285106421
2019-11-11,1.1024708640622924,-0.0018132384047117034,1.1031103450107285,0.0,0.3974624352433664,0.3980424786434067,-0.0005800434000403131,0.6025375647566336,0.00023155002587811981,0.0001080782619625797,0.20986244329137654,True,0,long_short,1.1794166825287091,0.9347594284477626
2019-11-12,1.1080283011088299,0.005040892442327083,1.1030742767722055,0.0,0.4003578587952219,0.3958868318984659,0.004471026896755991,0.5996421412047781,0.0,3.606823852302684e-05,0.0,True,0,long_short,1.1767483213949352,0.9416017690132384
2019-11-13,1.1052346450666362,-0.0025212858186005604,1.1030382230340867,0.0,0.3990746756240127,0.39708738537541843,0.001987290248594303,0.6009253243759873,0.0,3.6053738118888834e-05,0.0,True,0,long_short,1.176172334663858,0.9396876737306568
2019-11-14,1.1081105421832362,0.002602069279529884,1.1030021511380235,0.0,0.40072645860550266,0.3961164573008061,0.0046100013046965725,0.5992735413944974,0.0,3.607189606321965e-05,0.0,True,0,long_short,1.1773911763644482,0.9411575051928477
2019-11-15,1.1076352728072112,-0.0004289006898975378,1.1029660738101659,0.0,0.39899123799970837,0.3947757718515316,0.00421546614817672,0.6010087620002916,0.0,3.607732785758622e-05,0.0,True,0,long_short,1.1729647820201567,0.944303946534157
2019-11-18,1.1068117570684597,-0.0007434899907660109,1.1056685079635007,0.0,0.40085040640652464,0.399817485408299,0.0010329209982256828,0.5991495935934754,0.0008887156138150011,0.00010781940076087772,0.8031357031333012,True,0,long_short,1.1775096994325753,0.9399597791863762
2019-11-19,1.1127556150667752,0.005370251951477778,1.1056321362352652,0.0,0.4044236076890343,0.39802195153465736,0.006401656154376933,0.5955763923109657,0.0,3.637172823546186e-05,0.0,True,0,long_short,1.1833028239624632,0.940381103241645
2019-11-20,1.1141682158729713,0.0012694618540400882,1.1055957334000743,0.0,0.40506225130153956,0.3973681864819107,0.007694064819628846,0.5949377486984604,0.0,3.640283519096103e-05,0.0,True,0,long_short,1.180855587955792,0.9435262255918483
2019-11-21,1.1192925488357222,0.004599245329158785,1.1055593442217144,0.0,0.4040906658169418,0.39182112589344914,0.012269539923492691,0.5959093341830581,0.0,3.638917835977221e-05,0.0,True,0,long_short,1.1775323426455906,0.9505408117461813
2019-11-22,1.1139831845999313,-0.0047435000271498495,1.1055232979915757,0.0,0.4006319889536488,0.3930377211717756,0.007594267781873228,0.5993680110463512,0.0,3.6046230138818715e-05,0.0,True,0,long_short,1.1747419204416558,0.9482790774854772
2019-11-25,1.1100768455985381,-0.0035066409039163915,1.1120113627846901,0.0,0.39799448680686045,0.39973717443593976,-0.0017426876290793428,0.6020055131931396,0.0006692772948625476,0.00010795990988190436,0.6014999010090595,True,0,long_short,1.1772139224625626,0.9429695184681613
2019-11-26,1.1097092129509505,-0.00033117765589418813,1.1119748910875669,0.0,0.3979094915560179,0.39995117789165857,-0.0020416863356406355,0.602090508443982,0.0,3.647169712325923e-05,0.0,True,0,long_short,1.1778107834056384,0.942179532218433
2019-11-27,1.1102191957594585,0.0004595643638496405,1.1119384119500186,0.0,0.39730749224725254,0.39885602986678487,-0.0015485376195323122,0.6026925077527474,0.0,3.647913754824312e-05,0.0,True,0,long_short,1.1757806778387336,0.9442400412636588
2019-11-28,1.1105533010201476,0.0003009363033581458,1.1119020159811939,0.0,0.3972334341625436,0.398447887318288,-0.0012144531557444144,0.6027665658374564,0.0,3.6395968824864036e-05,0.0,True,0,long_short,1.1736391252077691,0.9462476813931595
2019-11-29,1.1089265971877826,-0.0014647688056670383,1.1118656463140806,0.0,0.39605365154516964,0.39870400652245225,-0.002650354977282604,0.6039463484548304,0.0,3.6369667113355765e-05,0.0,True,0,long_short,1.1726849260592955,0.9456304694852972
2019-12-02,1.1099241154344477,0.0008995349639866479,1.107224395799905,0.0,0.3016921085043107,0.2992597623673084,0.0024323461370022777,0.6983078914956893,0.0008794450282485064,0.00010901921356555361,0.7936485696062955,True,0,long_short,1.1728108789316931,0.9463794507478234
2019-12-03,1.1100906192446258,0.0001500136881995573,1.1071970953374093,0.0,0.3026976669486502,0.30009110145115486,0.002606565497495381,0.6973023330513498,0.0,2.7300462495670504e-05,0.0,True,0,long_short,1.1740877438656352,0.9454920426898407
2019-12-04,1.108883142478826,-0.001087728105135688,1.1071697149278223,0.0,0.30215565601868416,0.30061047286514336,0.001545183153540829,0.6978443439813158,0.0,2.738040958682583e-05,0.0,True,0,long_short,1.1734930057237796,0.944942268143214
2019-12-05,1.1106243628776753,0.0015702469738667624,1.1071423169646049,0.0,0.3041937151913952,0.30105850041540366,0.0031352147759915816,0.6958062848086048,0.0,2.739796321748597e-05,0.0,True,0,long_short,1.1785466878286361,0.942367726580182
2019-12-06,1.1132833673151161,0.002394152808381733,1.1071148350819848,0.0,0.3059064471708539,0.300365600685374,0.005540846485479888,0.6940935528291461,0.0,2.7481882620227342e-05,0.0,True,0,long_short,1.1818214625109766,0.9420063881305388
2019-12-09,1.1156187093260197,0.0020977067290026685,1.1138691505120184,0.0,0.29884825827756,0.29728001744458016,0.001568240832979837,0.70115174172244,0.00045565657955373034,8.245282866328127e-05,0.40890822554961354,True,0,long_short,1.1814482032964273,0.9442806770650352
2019-12-10,1.1218749691217296,0.005607883538892411,1.11384189151344,0.0,0.3030280662621505,0.29586766262592495,0.007160403636225502,0.6969719337378495,0.0,2.7258998578351165e-05,0.0,True,0,long_short,1.184083307211085,0.9474628704665409
2019-12-11,1.1171614131095926,-0.004201498510860713,1.113814609881259,0.0,0.30017784603761527,0.2971820361313118,0.002995809906303477,0.6998221539623848,0.0,2.7281632181307766e-05,0.0,True,0,long_short,1.1865853822492778,0.9414926475766237
2019-12-12,1.1140735049608017,-0.002764066241955021,1.113787322185086,0.0,0.29846996502121403,0.29821308540380903,0.0002568796174050414,0.701530034978786,0.0,2.728769617275964e-05,0.0,True,0,long_short,1.1868999106300686,0.9386414936785977
2019-12-13,1.1164786482267566,0.002158873050337462,1.1137600155031178,0.0,0.3051449151101989,0.3027099086477318,0.0024350064624670885,0.6948550848898011,0.0,2.730668196830107e-05,0.0,True,0,long_short,1.1960927013140847,0.9334382251477161
2019-12-16,1.1178964383092327,0.001269876575542117,1.1163003089181411,0.0,0.30222809035746095,0.30080029316946233,0.0014277971879986106,0.697771909642539,0.0004607365292796995,8.333485880840495e-05,0.41256500766921833,True,0,long_short,1.2069126191333737,0.9262447177923624
2019-12-17,1.1177979739713608,-8.808001752003136e-05,1.1162726708159731,0.0,0.305352735022975,0.3039881743502011,0.0013645606727739278,0.694647264977025,0.0,2.7638102167932736e-05,0.0,True,0,long_short,1.2165780868890845,0.9188049546656601
2019-12-18,1.1319250731041068,0.012638329520811897,1.1162447422653923,0.0,0.3137497694613753,0.2998969701804882,0.013852799280887066,0.6862502305386247,0.0,2.7928550580814316e-05,0.0,True,0,long_short,1.2186814290980854,0.9288112923340559
2019-12-19,1.1314247819233485,-0.00044198259464856005,1.1162168413695106,0.0,0.31275249373580666,0.2993110871157522,0.013441406620054445,0.6872475062641934,0.0,2.790089588180131e-05,0.0,True,0,long_short,1.2177035253359862,0.9291463466948312
2019-12-20,1.1376124698607555,0.0054689344234515325,1.116189007288842,0.0,0.31595014525641996,0.297118194008087,0.018831951248332944,0.68404985474358,0.0,2.7834080668535364e-05,0.0,True,0,long_short,1.217102064990267,0.9346894583322005
2019-12-23,1.1360452216002175,-0.0013776644525791415,1.1384286098086631,0.0,0.29801142161522026,0.3001093911001747,-0.002097969484954447,0.7019885783847797,0.0004771752008446581,8.334378802013595e-05,0.4189768873995794,True,0,long_short,1.2117727725269898,0.9375068060253139
2019-12-24,1.1351183108207885,-0.0008159101079825426,1.1384005875204672,0.0,0.30008626545531825,0.30297783778605214,-0.0028915723307339023,0.6999137345446818,0.0,2.8022288195893504e-05,0.0,True,0,long_short,1.2171194012002318,0.9326269137616409
2019-12-25,1.1360734655611675,0.0008414583143216969,1.138372320477335,0.0,0.3005296022613118,0.3025531112911895,-0.0020235090298777255,0.6994703977386882,0.0,2.826704313237028e-05,0.0,True,0,long_short,1.218302155280079,0.9325055041866788
2019-12-26,1.1400762277696976,0.0035233304270096966,1.1383440693078835,0.0,0.3023511413263349,0.30083180567173357,0.0015193356546013166,0.6976488586736651,0.0,2.8251169451580437e-05,0.0,True,0,long_short,1.2256116674815865,0.9302099988264236
2019-12-27,1.138004114027623,-0.0018175221021214938,1.13831587989499,0.0,0.3016235691468118,0.3018975276180723,-0.0002739584712604883,0.6983764308531881,0.0,2.818941289342822e-05,0.0,True,0,long_short,1.2248478128425229,0.929098376219197
2019-12-30,1.135634303665309,-0.0020824268850194727,1.1379654327706332,0.0,0.4016412416144254,0.40369395268329705,-0.0020527110688716766,0.5983587583855746,0.0004612057213284952,8.471357961636186e-05,0.40512555287659135,True,0,long_short,1.2307821036535533,0.9226932210780446
2019-12-31,1.1330245581646878,-0.0022980509590085907,1.2527591428280123,0.0,0.3016935813732017,0.40737053585799654,-0.10567695448479486,0.6983064186267983,0.00011494633710962706,3.7680715138306204e-05,0.10132945963457402,True,0,long_short,1.2379967974005592,0.9152079880527291
2020-01-02,1.1372274319524789,0.003709428676990978,1.2526832698162755,0.0,0.30838172881743825,0.40990569369891594,-0.10152396488147768,0.6916182711825618,0.0,7.587301173695648e-05,0.0,True,0,long_short,1.2518781483795598,0.9084170319807198
2020-01-03,1.1386354981375644,0.0012381570700137345,1.252644955624545,0.0,0.31060486155079087,0.4107330041156966,-0.10012814256490571,0.6893951384492092,0.0,3.831419173051377e-05,0.0,True,0,long_short,1.254332460390298,0.9077621237540696
2020-01-06,1.139645616273278,0.0008871303743522851,1.1376467560070311,0.0,0.6021471552936973,0.6003932238629924,0.0017539314307049659,0.39785284470630267,0.0008189592902045377,0.00011531716736124191,0.7193534940933378,True,0,long_short,1.2543851766205996,0.9085292440584813
2020-01-07,1.1474081915316166,0.006811393952203204,1.137590517472323,0.0,0.6060562011044615,0.5974998092887569,0.008556391815704535,0.39394379889553854,0.0,5.62385347081348e-05,0.0,True,0,long_short,1.2573111043024228,0.9125889269610943
2020-01-08,1.1437256953259578,-0.003209403796170407,1.13753416874556,0.0,0.6016423724889817,0.5962289008797484,0.005413471609233242,0.39835762751101833,0.0,5.634872676299987e-05,0.0,True,0,long_short,1.2506557686769357,0.9145007954793997
2020-01-09,1.144883479052471,0.0010122914360013446,1.1374781203361712,0.0,0.602343786954283,0.5958755665180614,0.00646822043622167,0.39765621304571697,0.0,5.604840938894153e-05,0.0,True,0,long_short,1.2554578988372003,0.9119250276037588
2020-01-10,1.1412826334431807,-0.0031451633945057678,1.1374220484382251,0.0,0.6002494434153092,0.5968667712429407,0.003382672172368363,0.39975055658469083,0.0,5.607189794610085e-05,0.0,True,0,long_short,1.249604274472537,0.913315244480034
2020-01-13,1.1447785574503455,0.0030631535999261494,1.1385584245149838,0.0,0.7004860235858172,0.6950525422414292,0.0054334813443879665,0.29951397641418276,0.0013783368119788303,0.0001679655650545164,1.2091344526641585,True,0,long_short,1.2530265838396804,0.9136107503341009
2020-01-14,1.1505450273457403,0.005037192440289884,1.1384930260563542,0.0,0.7012092628115709,0.6907342261959336,0.010475036615637319,0.2987907371884291,0.0,6.539845862953469e-05,0.0,True,0,long_short,1.2530598410587968,0.9181884133909881
2020-01-15,1.1542548048576755,0.0032243653431742736,1.1384277065361488,0.0,0.6986184816111549,0.6849065193521128,0.013711962259042181,0.3013815183888451,0.0,6.53195202055265e-05,0.0,True,0,long_short,1.2476810165670482,0.9251201144612814
2020-01-16,1.1563079544251922,0.0017787663164805512,1.1383627292779974,0.0,0.6974493527362331,0.6819299358901253,0.015519416846107829,0.3025506472637669,0.0,6.497725815127584e-05,0.0,True,0,long_short,1.2453363826193529,0.9285105378460842
2020-01-17,1.1530749481472273,-0.0027959733958347055,1.1382979193320333,0.0,0.6996912933790339,0.686875969588557,0.01281532379047686,0.3003087066209661,0.0,6.480994596414355e-05,0.0,True,0,long_short,1.2487395867755144,0.9233910419422903
2020-01-20,1.1623553305533807,0.008048377445945887,1.1520302627676655,0.0,0.7062338505388742,0.6973509663516441,0.00888288418723018,0.2937661494611258,0.0011676551476954874,0.00019529247279868813,1.0125366422844924,True,0,long_short,1.2591246841448684,0.9231455352992238
2020-01-21,1.1657608974790723,0.0029298845509402316,1.1519636406076925,0.0,0.7057911570338418,0.6939557481595043,0.011835408874337488,0.29420884296615823,0.0,6.662215997304531e-05,0.0,True,0,long_short,1.2552813525357216,0.9286849478996767
2020-01-22,1.1839011774032973,0.015560892429530737,1.151897148568587,0.0,0.707634987038069,0.6806023009950445,0.02703268604302448,0.29236501296193096,0.0,6.649203910563163e-05,0.0,True,0,long_short,1.2558162984432084,0.9427343623991329
2020-01-23,1.1897008515363061,0.004898782300165827,1.1518309212371767,0.0,0.7041903534711622,0.6723588806683761,0.03183147280278605,0.2958096465288378,0.0,6.622733141025423e-05,0.0,True,0,long_short,1.2398018860381241,0.9595894835569904
2020-02-03,1.1862102295084722,-0.0029340333944675168,1.1706929987987025,0.0,0.7167288948424202,0.7036475452437075,0.013081349598712683,0.2832711051575798,0.0012323712283379984,0.000723202624237875,1.0515782488005727,True,0,long_short,1.1960159266699548,0.9918013657319895
2020-02-04,1.191517547206841,0.004474179674346823,1.1706243954631295,0.0,0.7259750580247994,0.7084401490402952,0.01753490898450422,0.27402494197520055,0.0,6.860333557287215e-05,0.0,True,0,long_short,1.2200750480991376,0.9765936522209935
2020-02-05,1.217309140741075,0.021646003950755555,1.1705550158300835,0.0,0.7367468711946805,0.6983391049615867,0.038407766233093735,0.2632531288053195,0.0,6.937963304608285e-05,0.0,True,0,long_short,1.22937574784518,0.9901847688753784
2020-02-06,1.2428167957286262,0.020954130823352513,1.170485145043031,0.0,0.7484077138863731,0.6902079446732529,0.05819976921312019,0.25159228611362694,0.0,6.987078705260387e-05,0.0,True,0,long_short,1.2391183440452243,1.0029847445170799
2020-02-07,1.2608064521489168,0.014474906102104779,1.170414640766906,0.0,0.7473032661609538,0.6756096202187499,0.07169364594220382,0.25269673383904623,0.0,7.050427612481532e-05,0.0,True,0,long_short,1.2370224316404936,1.0192268304115404
2020-02-10,1.2675686478593593,0.005363389201345603,1.2689203841323813,0.0,0.700520608109242,0.7015870089509674,-0.0010664008417253644,0.299479391890758,0.0013873977801064049,0.00021003607437674284,1.0921745106667264,True,0,long_short,1.2419452076701054,1.0206316993946323
2020-02-11,1.274513993465977,0.005479265851476178,1.268847290184741,0.0,0.7058520416272653,0.7014058736681156,0.004446167959149692,0.29414795837273466,0.0,7.309394764041122e-05,0.0,True,0,long_short,1.2469773079625566,1.022082747879681
2020-02-12,1.281896916204621,0.005792735722396136,1.2687738147106788,0.0,0.712008686767954,0.7017714349826882,0.010237251785265765,0.28799131323204596,0.0,7.347547406212951e-05,0.0,True,0,long_short,1.2607776386949867,1.016750993086691
2020-02-13,1.2748608239675174,-0.005488812827427525,1.2686998750965648,0.0,0.7094939848848261,0.7046613406030928,0.004832644281733338,0.29050601511517393,0.0,7.393961411381916e-05,0.0,True,0,long_short,1.2568497488372357,1.014330332760097
2020-02-14,1.2795363573964742,0.0036674853764868676,1.2686260385099375,0.0,0.7073036416419388,0.6987768664366322,0.008526775205306647,0.2926963583580612,0.0,7.383658662734089e-05,0.0,True,0,long_short,1.256206540067519,1.0185716413542165
2020-02-17,1.2825617676502288,0.0023644582166546524,1.2662206772273532,0.0,0.8049765448628868,0.792235567519695,0.012740977343191805,0.19502345513711317,0.0010493654744553084,0.00022046557963888375,0.8280519850513238,True,0,long_short,1.270542524307843,1.0094599300003229
2020-02-18,1.2936187107154489,0.008620982898529306,1.2661371628944869,0.0,0.8067780560704841,0.7855341241504183,0.02124393192006578,0.19322194392951586,0.0,8.351433286631031e-05,0.0,True,0,long_short,1.2751270673430384,1.0145018044444318
2020-02-19,1.2872648389555672,-0.004911703662950018,1.2660536411157823,0.0,0.8091503643289313,0.7926726379140663,0.016477726414864943,0.19084963567106872,0.0,8.352177870464001e-05,0.0,True,0,long_short,1.2744399873481047,1.0100631271262517
2020-02-20,1.2909223315090357,0.0028412898750782567,1.2659697742980627,0.0,0.8144970853922211,0.7951678379216901,0.01932924747053099,0.1855029146077789,0.0,8.38668177196385e-05,0.0,True,0,long_short,1.2839052041887113,1.0054654559366463
2020-02-21,1.2926664822398513,0.0013510888209491423,1.2658854044416843,0.0,0.8187785731102284,0.7980608720124461,0.020717701097782256,0.1812214268897716,0.0,8.436985637842745e-05,0.0,True,0,long_short,1.290687554087206,1.0015332356358273
2020-02-24,1.302694121919264,0.0077573293786017405,1.2939300863004786,0.0,0.8016560067334553,0.7949283832097739,0.006727623523681407,0.19834399326654473,0.0015836695464385426,0.00025437366740653077,1.2224258826207903,True,0,long_short,1.2956821515581007,1.0054117982197495
2020-02-25,1.299081582960433,-0.0027731290853671986,1.2938449727224934,0.0,0.8013933342020343,0.7973623246745142,0.004031009527520101,0.1986066657979657,0.0,8.511357798527315e-05,0.0,True,0,long_short,1.2940872202413343,1.00385937102305
2020-02-26,1.286983346778957,-0.009312914862441124,1.2937598352941975,0.0,0.7935738771433283,0.7988392821170607,-0.005265404973732334,0.20642612285667172,0.0,8.51374282957133e-05,0.0,True,0,long_short,1.285576910149608,1.0010940120487895
2020-02-27,1.2808349532002081,-0.0047773684050669285,1.2936753345117724,0.0,0.791335159166104,0.8013601676806534,-0.010025008514549417,0.20866484083389603,0.0,8.450078242500118e-05,0.0,True,0,long_short,1.2841482649284226,0.997419837086803
2020-02-28,1.2719623718527435,-0.006927185524798651,1.2935909720367424,0.0,0.7791881827694616,0.7961923022800841,-0.01700411951062252,0.22081181723053844,0.0,8.436247503022691e-05,0.0,True,0,long_short,1.2647058823529411,1.0057376893719367
2020-03-02,1.2954771915256658,0.018487040334904448,1.276214673428397,0.0,0.9995797284428068,0.9847106761559166,0.014869052286890267,0.00042027155719315257,0.0018082937103931765,0.0002497134203652507,1.4149148778143983,True,0,long_short,1.2734429783750238,1.0173028659506675
2020-03-03,1.3248857290323008,0.022700930359106586,1.406066557799479,0.0,0.9057238094712787,0.9669976438769621,-0.06127383440568341,0.09427619052872127,0.000130086820799104,0.00010484960722288817,0.0986886898000349,True,0,long_short,1.2785858181311283,1.0362118132741749
2020-03-04,1.3120942719604687,-0.009654762513877424,1.4059612568642696,0.0,0.9034854370458719,0.9750252546563472,-0.07153981761047525,0.09651456295412808,0.0,0.00010530093520935174,0.0,True,0,long_short,1.278405733827616,1.0263519923616014
2020-03-05,1.3112863124816518,-0.0006157785275670014,1.4058561068600244,0.0,0.9133566368379205,0.9854765037794093,-0.0721198669414889,0.08664336316207955,0.0,0.00010515000424531975,0.0,True,0,long_short,1.2941247230628907,1.0132611556775948
2020-03-06,1.3183261887059678,0.005368679713428026,1.4057498952010647,0.0,0.9158175157686933,0.9821316853907879,-0.0663141696220945,0.0841824842313067,0.0,0.00010621165895985305,0.0,True,0,long_short,1.293082781463983,1.019521880272356
2020-03-09,1.2943675628649989,-0.018173518850054915,1.3156457469092053,0.0,0.7848088741189535,0.8012479325863249,-0.016439058467371405,0.2151911258810465,0.0012324111078658082,0.0003192583368349987,0.9358581128884,True,0,long_short,1.2702722209524726,1.0189686442914254
2020-03-10,1.3029684531311287,0.006644859244689716,1.3155605050461572,0.0,0.7867790943923629,0.7964432208604816,-0.009664126468118631,0.21322090560763707,0.0,8.524186304814084e-05,0.0,True,0,long_short,1.280100436801731,1.0178642360177084
2020-03-11,1.3027144702933633,-0.00019492631395268134,1.3154752113153496,0.0,0.7881871387997685,0.7979826398961161,-0.009795501096347468,0.21181286120023146,0.0,8.529373080750868e-05,0.0,True,0,long_short,1.2783409883904002,1.019066494874464
2020-03-12,1.3010940008871854,-0.001243917560701635,1.3153897693812098,0.0,0.7814570003083879,0.7924444988936373,-0.010987498585249472,0.21854299969161206,0.0,8.544193413990974e-05,0.0,True,0,long_short,1.2686072371954398,1.0256082124862895
2020-03-13,1.304147913296925,0.0023471881414081075,1.3153050259743428,0.0,0.7790062687280526,0.7875613663237021,-0.008555097595649572,0.22099373127194744,0.0,8.474340686684084e-05,0.0,True,0,long_short,1.2609474627926016,1.0342603096314955
2020-03-16,1.275734702419662,-0.0217868008586799,1.312252010080547,0.0,0.9850408671340195,1.0136653982309816,-0.028624531096961985,0.014959132865980496,0.0010671907132508692,0.00025325667431120495,0.812590505496178,True,0,long_short,1.2412199172532086,1.027807147377101
2020-03-17,1.2872589250738364,0.009033400621866639,1.4476366086530381,0.0,0.8737566540036659,0.9983451734190606,-0.12458851941539471,0.12624334599633413,0.0001356265128764768,0.00010628779110947747,0.10504344545108846,True,0,long_short,1.236861452547963,1.040746255307782
2020-03-18,1.2860574422268063,-0.0009333653266077047,1.4475309816337405,0.0,0.8731120988999094,0.9986691184427872,-0.1255570195428778,0.12688790110009063,0.0,0.00010562701929764982,0.0,True,0,long_short,1.2349856038697251,1.0413541973259055
2020-03-19,1.297429364198331,0.008842468149660832,1.4474254189609654,0.0,0.8679837917826292,0.9835939813634048,-0.11561018958077561,0.1320162082173708,0.0,0.00010556267277496687,0.0,True,0,long_short,1.2315381746881429,1.053503164468997
2020-03-20,1.3098487889544659,0.009572332104421433,1.447320530436538,0.0,0.8755002323508301,0.9804526074962113,-0.10495237514538114,0.12449976764916992,0.0,0.0001048885244276406,0.0,True,0,long_short,1.2492724098817811,1.048489327542595
2020-03-23,1.3075513651870232,-0.0017539610578075626,1.2974384913074826,0.0,0.9788712081318587,0.971137000399152,0.007734207732706726,0.021128791868141317,0.0014628804015632128,0.0003166630669864506,1.1262444042525022,True,0,long_short,1.2258359768105196,1.0666609480569476
2020-03-24,1.3102150523086487,0.0020371567745212094,1.2973341232381137,0.0,0.9833603679800397,0.9735292116001476,0.00983115637989214,0.016639632019960326,0.0,0.00010436806936894864,0.0,True,0,long_short,1.2326982855549744,1.062883811604212
2020-03-25,1.3178120857815376,0.00579831033043221,1.2972292849400122,0.0,0.9922882337962697,0.9766693143284619,0.015618919467807801,0.007711766203730264,0.0,0.00010483829810142613,0.0,True,0,long_short,1.2527934295056633,1.0518989441870954
2020-03-26,1.3129169381833705,-0.0037146021431910814,1.2971234986419657,0.0,0.9923210711533565,0.9802917956660151,0.012029275487341444,0.007678928846643451,0.0,0.00010578629804663134,0.0,True,0,long_short,1.2473891313992729,1.0525319686813297
2020-03-27,1.3091739082668352,-0.0028509266715032178,1.2970177143924129,0.0,0.9918307738648113,0.9825453811468069,0.009285392718004397,0.008169226135188667,0.0,0.00010578424955277558,0.0,True,0,long_short,1.2435893172151395,1.0527381428449096
2020-03-30,1.3041602635007108,-0.003829624723243885,1.3058300337903361,0.0,0.9877861451794474,0.9890664865119944,-0.0012803413325469444,0.012213854820552594,0.0017165767442695412,0.0003171754791827242,1.3128226026051177,True,0,long_short,1.2388873125124271,1.0526867539356037
2020-03-31,1.3080507757569195,0.0029831550347698688,1.3057240145128293,0.0,0.9869011373852504,0.9851223369845215,0.0017788004007289894,0.013098862614749573,0.0,0.00010601927750705792,0.0,True,0,long_short,1.2382058933207476,1.0564081327773807
2020-04-01,1.3082490641767945,0.00015159076662007998,1.3056181030029301,0.0,0.9883623354165123,0.9863512801473692,0.002011055269143132,0.011637664583487695,0.0,0.00010591150989929364,0.0,True,0,long_short,1.2391034844366828,1.055802909610529
2020-04-02,1.3151096259183703,0.005244079227293641,1.3055120432928586,0.0,0.9880093629980714,0.9807114294749938,0.007297933523077663,0.011990637001928595,0.0,0.00010605971007142841,0.0,True,0,long_short,1.2412963380971351,1.059464678623308
2020-04-03,1.3144122876242232,-0.000530251075959054,1.3054060370155038,0.0,0.9812528643646167,0.9744009422595682,0.006851922105048402,0.018747135635383327,0.0,0.00010600627735485446,0.0,True,0,long_short,1.2361329779292356,1.063325961763532
2020-04-07,1.3220203556490746,0.005788189973940927,1.3180776001991983,0.0,0.998826067746682,0.9958436965350523,0.0029823712116296484,0.0011739322533179664,0.0011732332576738893,0.00042107328380666225,0.8893178066824723,True,0,long_short,1.2491521178126372,1.0583341586643868
2020-04-08,1.3208210165722223,-0.0009072016718406628,1.3179693926125247,0.0,0.9987978624519269,0.996638884116544,0.002158978335382852,0.001202137548073079,0.0,0.00010820758667376648,0.0,True,0,long_short,1.2478947118898804,1.0584394692817458
2020-04-09,1.324991426051857,0.003157437251004369,1.3178611968658882,0.0,1.0010331433991817,0.9956518035310328,0.005381339868148961,0.0,0.0,0.00010819574663623717,0.0,True,0,long_short,1.2502266090302547,1.0598010124577286
2020-04-10,1.3111646186229888,-0.010435393887844535,1.3177527669944078,0.0,0.9958588014882936,1.000883455355432,-0.005024653867138317,0.0041411985117063566,0.0,0.00010842987148041259,0.0,True,0,long_short,1.2402593497010743,1.0571697112696663
2020-04-13,1.300414902439921,-0.008198601480230328,1.3098014212536513,0.0,0.9885002269816526,0.9957183223726841,-0.007218095391031459,0.01149977301834737,0.0010301636852189829,0.00032358648674642404,0.7858856141821027,True,0,long_short,1.2288821965614867,1.058209571331238
2020-04-14,1.3094676992103118,0.006961468031014828,1.4082809703760752,0.0,0.9147408166805016,0.9902014570806841,-0.07546064040018254,0.08525918331949844,9.868465955828722e-05,0.00010642577630514374,0.0756885405182305,True,0,long_short,1.2335449294416254,1.0615484429927116
2020-04-15,1.3089442722354905,-0.00039972499904883385,1.4081743974864513,0.0,0.9150620752376328,0.990871357080847,-0.07580928184321419,0.08493792476236717,0.0,0.00010657288962395683,0.0,True,0,long_short,1.2329954777258005,1.0615969773464002
2020-04-16,1.3178838482011581,0.006829607765042933,1.4080677951258453,0.0,0.9172847005775517,0.9857155771284583,-0.06843087655090656,0.08271529942244826,0.0,0.00010660236060601496,0.0,True,0,long_short,1.2380760486461129,1.0644611448887316
2020-04-17,1.3114431490547669,-0.004887152350476542,1.4079610231829944,0.0,0.9242809490314534,0.997877638447837,-0.07359668941638349,0.07571905096854659,0.0,0.00010677194285078449,0.0,True,0,long_short,1.2412453908678507,1.0565542951485487
2020-04-20,1.3200502077409695,0.006563043691528936,1.308360919664128,0.0,0.9936919340195399,0.9848367495664837,0.008855184453056249,0.006308065980460076,0.0008950295385069775,0.00032268323651606274,0.6836169345284011,True,0,long_short,1.245489224307206,1.0598648161530562
2020-04-21,1.319744277402324,-0.0002317565929320642,1.3082540675581673,0.0,0.9885181065875945,0.9798117154776643,0.008706391109930212,0.011481893412405464,0.0,0.00010685210596078175,0.0,True,0,long_short,1.2423633995104821,1.0622852201878545
2020-04-22,1.3247585324870557,0.003799414152112268,1.3081477852920493,0.0,0.9911397414750935,0.9786010434500111,0.012538698025082458,0.008860258524906461,0.0,0.00010628226611781384,0.0,True,0,long_short,1.2464480228583235,1.0628269355742188
2020-04-23,1.3555932998973843,0.023275764340570326,1.308041231038717,0.0,0.9903713803637141,0.9552929620340668,0.03507841832964732,0.009628619636285918,0.0,0.00010655425333242231,0.0,True,0,long_short,1.2451474533107563,1.088701017934029
2020-04-24,1.3389140128333097,-0.012304049500198477,1.307934793608133,0.0,0.9874126401732828,0.9642750682842408,0.02313757188904198,0.012587359826717215,0.0,0.00010643743058404171,0.0,True,0,long_short,1.2388119530691106,1.0808048869049092
2020-04-27,1.3307380207128607,-0.0061064355455863195,1.3436456204357345,0.0,0.996894164715914,1.0065937445896138,-0.009699579873699862,0.0031058352840860337,0.0018363981547484356,0.00031834883864011225,1.3648626509867687,True,0,long_short,1.2422356776370673,1.0712444060889792
2020-04-28,1.3276595632456787,-0.00231334599242361,1.074438734983278,0.0,0.9965336018456963,0.8058063738179317,0.1907272280277645,0.003466398154303718,0.00026882796056854535,0.00011009692334277776,0.20180845363352043,True,0,long_short,1.2418051027895731,1.0691368236957983
2020-04-29,1.3086041778179107,-0.014352614145439646,1.0743508032130047,0.0,0.9970261030961792,0.8180159955512669,0.17901010754491228,0.002973896903820772,0.0,8.793177027318078e-05,0.0,True,0,long_short,1.2425654194266031,1.0531471078776535
2020-04-30,1.314770912499083,0.004712452233994302,1.0742628202692266,0.0,1.003911744399611,0.8209839887401064,0.1829277556595048,0.0,0.0,8.7982943778104e-05,0.0,True,0,long_short,1.2502573896479476,1.0516001931964596
2020-05-06,1.3290036585698075,0.01082526692324759,1.312544983634689,0.0,0.8039951270667418,0.791610906128757,0.012384220937984913,0.1960048729332582,0.0019037766133047547,0.0005323097431346135,1.4483460069950351,True,0,long_short,1.2530103090303257,1.0606486227541825
2020-05-07,1.3244770688528744,-0.0034060024498383523,1.1826515268502045,0.0,0.6019221787159871,0.4948417729181694,0.10708040579781776,0.3980778212840129,0.0006603224164909209,8.647017455415438e-05,0.4978825399559869,True,0,long_short,1.2475617858985144,1.061652483928052
2020-05-08,1.3257112587287208,0.0009318318186626318,1.1825976578161546,0.0,0.6040416799183521,0.4960893637784081,0.107952316139944,0.3959583200816479,0.0,5.38690340499137e-05,0.0,True,0,long_short,1.2497235051410707,1.0608036523879516
2020-05-11,1.3237283229819024,-0.001495752362184688,1.3279408629563059,0.0,0.49387924321888405,0.4970615729320644,-0.0031823297131803353,0.5061207567811159,0.0009454191653081613,0.00016216551490601185,0.7114372223022472,True,0,long_short,1.247131918651427,1.0614180450238995
2020-05-12,1.3159011591413612,-0.005912968472948643,1.327886782861866,0.0,0.49136160681745933,0.5004699077238324,-0.009108300906373027,0.5086383931825407,0.0,5.408009444022807e-05,0.0,True,0,long_short,1.243321490461193,1.0583756246771268
2020-05-13,1.3178125017757025,0.0014524971127682917,1.3278326539085763,0.0,0.48998394699022096,0.49758757202744897,-0.0076036250372279795,0.510016053009779,0.0,5.4128953289520084e-05,0.0,True,0,long_short,1.2414513025862086,1.0615096210623947
2020-05-14,1.3145886639764617,-0.0024463554526131803,1.3277787585285918,0.0,0.48677477963303245,0.4968084083365022,-0.010033628703469773,0.5132252203669676,0.0,5.3895379984601914e-05,0.0,True,0,long_short,1.2322478978960918,1.0668215918411843
2020-05-15,1.3125056499952632,-0.0015845366982685238,1.3277250791832411,0.0,0.48504299846848037,0.496638704123563,-0.011595705655082587,0.5149570015315197,0.0,5.367934535074149e-05,0.0,True,0,long_short,1.2304711132747959,1.0666692097323107
2020-05-18,1.3044245502198117,-0.0061570018959390405,1.3121154041376655,0.0,0.4940887131291998,0.49998468765417914,-0.005895974524979363,0.5059112868708002,0.0005403628387824877,0.00016072794374017864,0.4116561648353183,True,0,long_short,1.2214021526619574,1.067973023771829
2020-05-19,1.3096943711642306,0.0040399584196195715,1.3120617992909822,0.0,0.4967973438327165,0.49860496260154974,-0.0018076187688332147,0.5032026561672835,0.0,5.360484668302156e-05,0.0,True,0,long_short,1.2199887208495168,1.0735299013684725
2020-05-20,1.308869476382002,-0.0006298376173788922,1.312008126404986,0.0,0.4919966302235849,0.4943946157214666,-0.002397985497881671,0.508003369776415,0.0,5.367288599620286e-05,0.0,True,0,long_short,1.209810596599131,1.081879659561036
2020-05-21,1.3062094136703783,-0.0020323361187829514,1.3119549402662076,0.0,0.490125058147059,0.4945236840761775,-0.004398625929118568,0.509874941852941,0.0,5.318613877852907e-05,0.0,True,0,long_short,1.2067378418329113,1.082430142147842
2020-05-22,1.3105956633648774,0.0033579988389258464,1.311901848362803,0.0,0.48548371430646986,0.4864803489165463,-0.0009966346100764452,0.5145162856935301,0.0,5.3091903404651444e-05,0.0,True,0,long_short,1.2001589270513513,1.092018426746911
2020-05-25,1.3048477846596997,-0.004385699469217186,1.3051055356353018,0.0,0.5969729896558292,0.597170523022274,-0.00019753336644486684,0.40302701034417077,0.0010611851405495554,0.00015721126905261155,0.8124423350177081,True,0,long_short,1.1899054433576488,1.0965978783807468
2020-05-26,1.3144083647547522,0.007326969633891789,1.3050414904325047,0.0,0.6054447856194256,0.5983184810603436,0.007126304559082026,0.3945552143805744,0.0,6.40452027969607e-05,0.0,True,0,long_short,1.197260949585594,1.097846183999993
2020-05-27,1.3115612663455425,-0.0021660683890588617,1.3049768519544533,0.0,0.6036156963941269,0.5985954090769852,0.0050202873171417365,0.39638430360587307,0.0,6.463847805148548e-05,0.0,True,0,long_short,1.1972821775977958,1.095448751251801
2020-05-28,1.3045906741190594,-0.0053147286408551375,1.3049123236350486,0.0,0.601078192179018,0.6013247442373534,-0.00024655205833532256,0.39892180782098197,0.0,6.452831940473742e-05,0.0,True,0,long_short,1.1982229323385414,1.08877124524142
2020-05-29,1.3050183932976955,0.0003278569953943933,1.3048478456087378,0.0,0.6070654572351947,0.6069347711928877,0.00013068604230688784,0.39293454276480533,0.0,6.447802631088328e-05,0.0,True,0,long_short,1.2096520941080238,1.0788377911749851
2020-06-01,1.3181383812827656,0.010053488941191624,1.303361096232462,0.0,0.7099123735968296,0.6987016500035126,0.011210723593317047,0.29008762640317043,0.0010656296824263414,0.00019530272217665266,0.8169333403368736,True,0,long_short,1.2242718261114458,1.0766713348860282
2020-06-02,1.3244799834428804,0.004811029137884226,1.3032853987972346,0.0,0.7130123616259529,0.6970101683798519,0.016002193246101137,0.28698763837404706,0.0,7.569743522755295e-05,0.0,True,0,long_short,1.2254457351862087,1.080814878548354
2020-06-03,1.3262803493386732,0.0013593001919991465,1.3032095213164447,0.0,0.7120887310836379,0.6946935943512477,0.01739513673239027,0.2879112689163621,0.0,7.587748078974784e-05,0.0,True,0,long_short,1.2222010335211542,1.0851572801551863
2020-06-04,1.332222757184017,0.004480506589958022,1.3031337932235956,0.0,0.7101899130930346,0.6883550031250438,0.021834909967990732,0.2898100869069654,0.0,7.57280928492749e-05,0.0,True,0,long_short,1.2176051688794511,1.0941336249500708
2020-06-05,1.3334293217757158,0.0009056778119067577,1.3030584198920734,0.0,0.7071926641074889,0.6844161274079676,0.02277653669952124,0.29280733589251107,0.0,7.537333152202672e-05,0.0,True,0,long_short,1.2146622587878664,1.0977778490511174
2020-06-08,1.3261286942811208,-0.005475076462900019,1.3314397640884896,0.0,0.5973235344347096,0.6013284774166938,-0.0040049429819841,0.40267646556529035,0.0016213935969456193,0.00022502972036267708,1.2162934818090483,True,0,long_short,1.2148274834828376,1.0916189436867112
2020-06-09,1.3282935126223336,0.0016324345823663933,1.331374221161208,0.0,0.5984631942693542,0.6007824923082284,-0.002319298038874276,0.40153680573064576,0.0,6.554292728142366e-05,0.0,True,0,long_short,1.2147510626389109,1.093469726823506
2020-06-10,1.3326324539033159,0.003266553092182267,1.3313086308472057,0.0,0.5991305885299576,0.5981371990531874,0.0009933894767702465,0.4008694114700424,0.0,6.559031400247372e-05,0.0,True,0,long_short,1.2126261386175046,1.0989639852416744
2020-06-11,1.331084374980913,-0.0011616698346708088,1.331243116021725,0.0,0.5959968581923561,0.5961161151258727,-0.00011925693351652982,0.40400314180764385,0.0,6.55148254804196e-05,0.0,True,0,long_short,1.208607322107489,1.1013373414450747
2020-06-12,1.3318456375585963,0.0005719115872682146,1.3311778984179017,0.0,0.5963739245696398,0.595872560806555,0.0005013637630847448,0.4036260754303602,0.0,6.521760382342785e-05,0.0,True,0,long_short,1.2104665421761684,1.100274638871235
2020-06-15,1.339386340678987,0.005661844667084415,1.33124929265496,0.0,0.5987422136232686,0.5926670075554644,0.0060752060678041855,0.4012577863767314,0.001338519046880077,0.00019568472427012923,1.0044509150737781,True,0,long_short,1.2118845733912527,1.1052094977419693
2020-06-16,1.3446843302384481,0.003955535007752475,1.3311840479896593,0.0,0.6041586683004818,0.5941189274146822,0.010039740885799585,0.3958413316995182,0.0,6.524466530062019e-05,0.0,True,0,long_short,1.218111103170262,1.1039094272589471
2020-06-17,1.3444982917168364,-0.0001383510742472005,1.3311183847777148,0.0,0.6042014243831398,0.5942498260646054,0.009951598318534415,0.39579857561686016,0.0,6.566321194459703e-05,0.0,True,0,long_short,1.2177894987854039,1.1040481898208263
2020-06-18,1.3474285277139297,0.002179427088264685,1.331052716185167,0.0,0.6043603503612391,0.5922069699095528,0.012153380451686294,0.39563964963876086,0.0,6.566859254768953e-05,0.0,True,0,long_short,1.2182359946420498,1.1060488555912684
2020-06-19,1.3475587220007057,9.662426176837435e-05,1.3309871307140244,0.0,0.6077351437063194,0.5954376526833846,0.012297491022934854,0.3922648562936806,0.0,6.5585471142506e-05,0.0,True,0,long_short,1.2210207560427306,1.1036329360756147
2020-06-22,1.3529270480677305,0.003983741843215816,1.3496349826980016,0.0,0.3991456770929419,0.3967123859746731,0.0024332911182688016,0.6008543229070581,0.0010948633317576454,0.0001978488991926054,0.8105716587042257,True,0,long_short,1.2184486285642717,1.1103685591258106
2020-06-23,1.3696624839166402,0.01236979914978531,1.349590868485622,0.0,0.40555561730557005,0.39090119282748814,0.014654424478081938,0.5944443826944299,0.0,4.4114212379886624e-05,0.0,True,0,long_short,1.212598542201642,1.1295267446304418
2020-06-24,1.3704631910660383,0.0005846017970123629,1.349546862784356,0.0,0.40603344012940956,0.39077120731787957,0.015262232811530014,0.5939665598705904,0.0,4.400570126581438e-05,0.0,True,0,long_short,1.2147606152444017,1.1281755218828118
2020-06-29,1.3676578425558257,-0.002047007558101943,1.3698445706696352,0.0,0.495182942996571,0.4967818283652413,-0.0015988853686703137,0.5048170570034289,0.0005707887826685836,0.000220083927023667,0.4165078702100242,True,0,long_short,1.2083670917694043,1.1318231453598864
2020-06-30,1.3706461518628166,0.0021849831251701257,1.3697887273082432,0.0,0.49531111095468566,0.49468554865809433,0.0006255622965913297,0.5046888890453143,0.0,5.584336139202282e-05,0.0,True,0,long_short,1.2151671316780674,1.1279486715296871
2020-07-01,1.3763907090523966,0.004191130717269731,1.3697329980882171,0.0,0.49653080598268434,0.4916937267141362,0.004837079268548122,0.5034691940173157,0.0,5.5729220026057244e-05,0.0,True,0,long_short,1.2278370707607484,1.120988070672607
2020-07-02,1.3750865867653221,-0.0009474942532649022,1.3696773737585886,0.0,0.5053965402834052,0.5014628149029127,0.003933725380492597,0.4946034597165948,0.0,5.562432962865905e-05,0.0,True,0,long_short,1.248743832377955,1.1011758786001573
2020-07-03,1.3763400247011013,0.0009115338247371874,1.3696206980223802,0.0,0.5113688913761147,0.5064868661802112,0.004882025195903509,0.48863110862388526,0.0,5.6675736208321365e-05,0.0,True,0,long_short,1.2665958830393136,1.086644953715187
2020-07-06,1.3796804534909803,0.00242703745435624,1.3761972661527844,0.0,0.40710091230492873,0.40457627891653614,0.0025246333883926007,0.5928990876950713,0.0003125063106039282,0.00017188721405981636,0.2270280363100292,True,0,long_short,1.3096094965635388,1.0535052296973335
2020-07-07,1.3840246041515147,0.0031486643516203117,1.3761513878527323,0.0,0.4068290089150304,0.4011403699449095,0.005688638970120929,0.5931709910849696,0.0,4.587830005210356e-05,0.0,True,0,long_short,1.3096477069855021,1.0567915300956854
2020-07-08,1.3810005943725776,-0.0021849393210687795,1.376105755950673,0.0,0.4082500752915694,0.4047056608707138,0.003544414420855634,0.5917499247084306,0.0,4.563190205935853e-05,0.0,True,0,long_short,1.323238941797744,1.043651717577446
2020-07-09,1.3861415507511394,0.0037226315466558635,1.3760598190664368,0.0,0.4116622970745438,0.4043890631979319,0.007273233876611918,0.5883377029254562,0.0,4.593688423630706e-05,0.0,True,0,long_short,1.3356902323547457,1.0377717206986314
2020-07-10,1.3828265193680185,-0.002391553287847459,1.3760137472459024,0.0,0.4047858195228462,0.39985911901002297,0.004926700512823205,0.5952141804771538,0.0,4.607182053435467e-05,0.0,True,0,long_short,1.3171641923059776,1.0498512846352777
2020-07-13,1.401801819508198,0.01372211182994354,1.3879166148589532,0.0,0.4066912486268016,0.39678599350727545,0.009905255119526163,0.5933087513731984,0.0005623604337447487,0.000136340332712431,0.4050190487228662,True,0,long_short,1.3366865337274194,1.048713953599279
2020-07-14,1.394944734821906,-0.0048916220473289584,1.387870898530653,0.0,0.40256362053742767,0.39749256925154564,0.005071051285882024,0.5974363794625723,0.0,4.571632830031781e-05,0.0,True,0,long_short,1.3247118120443495,1.0530175107815867
2020-07-15,1.3827854735607272,-0.00871666164088647,1.387825324818329,0.0,0.3955230684198019,0.3991677778515723,-0.003644709431770391,0.6044769315801981,0.0,4.557371232396784e-05,0.0,True,0,long_short,1.3064330783377334,1.0584434032550234
2020-07-16,1.3687370059543875,-0.010159542369333918,1.387779957963146,0.0,0.3855572814831005,0.39947007256416006,-0.013912791081059611,0.6144427185168995,0.0,4.5366855183013934e-05,0.0,True,0,long_short,1.2700981512524172,1.0776623874341558
2020-07-17,1.3713708324385216,0.0019242750599099967,1.3877350180066181,0.0,0.38573403733562067,0.397666758362652,-0.011932721027031313,0.6142659626643794,0.0,4.4939956527932915e-05,0.0,True,0,long_short,1.2712618001212828,1.078747770370893
2020-07-20,1.3866899368491274,0.011170650598836263,1.369784433256857,0.0,0.5083407272021236,0.496149462851649,0.012191264350474611,0.49165927279787636,0.0010976539170018762,0.000134469516192884,0.8006917059254486,True,0,long_short,1.2963211147253768,1.0697117566760417
2020-07-21,1.3852042850100161,-0.0010713655588264759,1.3697278848622836,0.0,0.5073490197060675,0.4961763715160421,0.011172648190025397,0.4926509802939325,0.0,5.654839457338205e-05,0.0,True,0,long_short,1.2974239099592635,1.0676574359212394
2020-07-22,1.4003984361894877,0.010968888375451069,1.3696713939880962,0.0,0.513170972682338,0.4912293299274374,0.021941642754900674,0.486829027317662,0.0,5.6490874187239154e-05,0.0,True,0,long_short,1.3048625592349992,1.0732152794777852
2020-07-23,1.4047667306194596,0.003119322556413451,1.3696148528824434,0.0,0.5137319604203612,0.4887086757918056,0.02502328462855557,0.4862680395796388,0.0,5.654110565266792e-05,0.0,True,0,long_short,1.3032637361159956,1.0778836943671621
2020-07-24,1.3895356369742276,-0.010842436194737903,1.3695584264422749,0.0,0.5030663215367053,0.4886894246796703,0.014376896857034922,0.4969336784632947,0.0,5.642644016855508e-05,0.0,True,0,long_short,1.2769374629836538,1.0881782994505307
2020-07-27,1.4083080337407912,0.01350983470092304,1.3932519788940925,0.0,0.5044334174800559,0.4937425355948574,0.010690881885198457,0.4955665825199441,0.0005781424525824238,0.00016743732435735645,0.41478688380176537,True,0,long_short,1.2726310069083029,1.1066114420409248
2020-07-28,1.409957170908997,0.0011710060077021467,1.3931948275313955,0.0,0.5061366220502377,0.49424807414009464,0.011888547910143044,0.4938633779497623,0.0,5.7151362696804355e-05,0.0,True,0,long_short,1.281316094300491,1.1003976124086188
2020-07-29,1.4210949051407324,0.007899342236441731,1.3931375506588195,0.0,0.5133612666446113,0.49368815798678783,0.019673108657823516,0.48663873335538865,0.0,5.727687257603738e-05,0.0,True,0,long_short,1.2971751884162983,1.095530440168013
2020-07-30,1.4261791004674553,0.003577660653297121,1.3930798867361311,0.0,0.5148281910306727,0.49161987608588387,0.023208314944788807,0.4851718089693273,0.0,5.766392268849346e-05,0.0,True,0,long_short,1.2986554884671748,1.0981966450169158
2020-07-31,1.4465854516195358,0.01430840708953851,1.3930222589559134,0.0,0.5211550800707844,0.48412775299262595,0.03702732707815844,0.47884491992921563,0.0,5.762778021765104e-05,0.0,True,0,long_short,1.3059688924709194,1.1076722117649884
2020-08-03,1.449193708340616,0.0018030436557758822,1.447283543681627,0.0,0.5019679090924175,0.5006498212150032,0.0013180878774142898,0.4980320909075825,0.0012075368424640015,0.00017268464322847945,0.8336515555395012,True,0,long_short,1.323341190056516,1.0951020940251435
2020-08-04,1.4444611477355978,-0.0032656508082947733,1.4472239103744227,0.0,0.50163340910378,0.5035460688130119,-0.0019126597092319903,0.49836659089622004,0.0,5.963330720438111e-05,0.0,True,0,long_short,1.3228462235720095,1.0919342868403843
2020-08-05,1.445863789687219,0.0009710485836327276,1.447164127958053,0.0,0.501834972353311,0.5027343228177935,-0.0008993504644825606,0.498165027646689,0.0,5.978241636948423e-05,0.0,True,0,long_short,1.3311385927384631,1.086185764258205
2020-08-06,1.4466181180593245,0.0005217146853568888,1.4471043839564204,0.0,0.5008576536788284,0.5011937934596218,-0.00033613978079333954,0.4991423463211716,0.0,5.974400163247995e-05,0.0,True,0,long_short,1.332520182532601,1.0856256715826007
2020-08-07,1.4384818632126082,-0.005624328041481497,1.4470447919545895,0.0,0.4974403377976801,0.5033930918510799,-0.005952754053399783,0.5025596622023198,0.0,5.95920018310333e-05,0.0,True,0,long_short,1.320352993538901,1.0894676425560184
2020-08-10,1.4361570004720237,-0.0016161919034505257,1.429942406819965,0.0,0.40109715301763516,0.39676991466554973,0.0043272383520854265,0.5989028469823648,0.0005939881314210937,0.0001785505888835253,0.41522056587821327,True,0,long_short,1.3216429490803672,1.0866452255288301
2020-08-11,1.4295302443274045,-0.004614228209339988,1.429895571979648,0.0,0.39892978730002976,0.3991853451335859,-0.00025555783355615694,0.6010702126999703,0.0,4.6834840317009586e-05,0.0,True,0,long_short,1.3116541079387813,1.0898683087829164
2020-08-12,1.4269560722955414,-0.0018007118366875074,1.429848669443432,0.0,0.39660695289124354,0.398634063048347,-0.0020271101571034352,0.6033930471087565,0.0,4.690253621595077e-05,0.0,True,0,long_short,1.303640179532375,1.0945935041733683
2020-08-13,1.4234762782772883,-0.0024386132732560073,1.4298019160217699,0.0,0.3969762367811606,0.4014200324671254,-0.0044437956859647645,0.6030237632188393,0.0,4.6753421662247874e-05,0.0,True,0,long_short,1.3095755317440159,1.0869753166368237
2020-08-14,1.4220169596092784,-0.0010251794780702372,1.4297549506606322,0.0,0.3974815041645225,0.40292306447719256,-0.005441560312670086,0.6025184958354775,0.0,4.696536113771933e-05,0.0,True,0,long_short,1.314790192941403,1.0815542793394217
2020-08-17,1.4260499972699763,0.0028361389317086427,1.4236480307712738,0.0,0.4015450990260511,0.3998607495969984,0.0016843494290527071,0.5984549009739488,0.0008631352432505253,0.00014127865424489852,0.6059167971742839,True,0,long_short,1.3276851489534236,1.0740874810523344
2020-08-18,1.4270838235281142,0.0007249579328334477,1.4236011632572296,0.0,0.4025562556091806,0.40011585217003653,0.002440403439144061,0.5974437443908194,0.0,4.686751404420578e-05,0.0,True,0,long_short,1.3329305907685036,1.0706362607413238
2020-08-19,1.4207140271369678,-0.0044635054270314445,1.423554231844065,0.0,0.40123082770225216,0.4032299666231375,-0.001999138920885339,0.5987691722977478,0.0,4.693141316457744e-05,0.0,True,0,long_short,1.3249226769655547,1.072299577806912
2020-08-20,1.417427590480207,-0.0023132288370402154,1.4235071462712094,0.0,0.39881913797169677,0.40310828531991716,-0.00428914734822038,0.6011808620283032,0.0,4.708557285562708e-05,0.0,True,0,long_short,1.31316094300491,1.0794012706749434
2020-08-21,1.4180881037818787,0.0004659943873732697,1.4234601837940397,0.0,0.4010520645846842,0.4048403200519111,-0.003788255467226927,0.5989479354153158,0.0,4.696247716961243e-05,0.0,True,0,long_short,1.3162259141666555,1.0773895943841185
2020-08-24,1.4153528710744268,-0.001928817187139109,1.4177728085336392,0.0,0.4986485092323898,0.5003582860016104,-0.001709776769220596,0.5013514907676102,0.0008638164786891313,0.000141558717155391,0.6089060887467395,True,0,long_short,1.319059853795604,1.0730012493381091
2020-08-25,1.4166802974570012,0.0009378766311236575,1.4177146016676125,0.0,0.4990521318172296,0.49978222188234017,-0.0007300900651105884,0.5009478681827704,0.0,5.820686602670617e-05,0.0,True,0,long_short,1.3172876685769521,1.0754524856270928
2020-08-26,1.4123931989985703,-0.00302615803023909,1.4176564072873308,0.0,0.4951868874363648,0.49891333435815144,-0.003726446921786651,0.5048131125636353,0.0,5.819438028164339e-05,0.0,True,0,long_short,1.3043141689197841,1.0828627279026615
2020-08-27,1.410775486451058,-0.001145369822411535,1.417598489879084,0.0,0.4941989493592756,0.4990352989369041,-0.0048363495776285025,0.5058010506407244,0.0,5.791740824688927e-05,0.0,True,0,long_short,1.3061882485970053,1.0800705702002689
2020-08-28,1.4143343286012113,0.002522614111410526,1.4175406246653897,0.0,0.4961992782263693,0.4984662783262322,-0.00226700009986289,0.5038007217736307,0.0,5.7865213694298086e-05,0.0,True,0,long_short,1.3148404325702807,1.0756699395351248
2020-08-31,1.407881827145814,-0.004562217945864977,1.4127542068787933,0.0,0.496932027292065,0.5003928147239599,-0.0034607874318949004,0.503067972707935,0.0014156782486933672,0.00017383511566525716,1.0010666070475291,True,0,long_short,1.3171744525118754,1.0688651184062659
2020-09-01,1.4080860921298046,0.00014508673956314944,1.5538979751152342,0.0,0.3966408831343792,0.5001941273574517,-0.10355324422307255,0.6033591168656208,0.0001413430148636569,5.790361235212647e-05,0.10035922231868998,True,0,long_short,1.3215382242201714,1.0654902494104583
2020-09-02,1.4093989792678618,0.0009323912404186618,1.5538400860965413,0.0,0.3978628696348056,0.5003470554142732,-0.10248418577946751,0.6021371303651943,0.0,5.788901869290674e-05,0.0,True,0,long_short,1.325803639471932,1.0630525798143275
2020-09-03,1.404786499781728,-0.0032726570360721574,1.5537821253872934,0.0,0.3959974120382011,0.5020602376908649,-0.10606282565266381,0.604002587961799,0.0,5.796070924771701e-05,0.0,True,0,long_short,1.321823387184083,1.0627641433810486
2020-09-04,1.4037473441278412,-0.0007397249717648879,1.553724156556281,0.0,0.3955476284080171,0.5023879462585353,-0.10684031785051824,0.604452371591983,0.0,5.796883101249308e-05,0.0,True,0,long_short,1.318268402740678,1.0648418343407555
2020-09-07,1.4057122969603264,0.0013997909529124275,1.4017669697034019,0.0,0.49778857829388284,0.49498193907940363,0.002806639214479193,0.5022114217061171,0.0009840295321651815,0.00017389127965863934,0.7014997905554377,True,0,long_short,1.3020042073920184,1.0796526531784723
2020-09-08,1.4014928003224436,-0.003001678684185105,1.4017097804816043,0.0,0.4975708989065611,0.497725719651349,-0.00015482074478789795,0.502429101093439,0.0,5.718922179757684e-05,0.0,True,0,long_short,1.3000261104550082,1.0780497322718559
2020-09-09,1.3920543368254474,-0.0067345786541499475,1.401652446864128,0.0,0.49065683994541687,0.49755176479480817,-0.0068949248493913136,0.5093431600545831,0.0,5.733361747616487e-05,0.0,True,0,long_short,1.2854460040743632,1.0829348976255535
2020-09-10,1.3871290196936854,-0.0035381644246689214,1.4015955192675271,0.0,0.48632022664133057,0.4967493211007891,-0.010429094459458542,0.5136797733586694,0.0,5.692759660091241e-05,0.0,True,0,long_short,1.2790567262018062,1.0844937454907124
2020-09-11,1.387494114152824,0.0002632015147510103,1.4015388845772139,0.0,0.4865934427103545,0.4967158427127252,-0.010122400002370689,0.5134065572896456,0.0,5.6634690313318464e-05,0.0,True,0,long_short,1.2841068703046292,1.0805129590371776
2020-09-14,1.3918002893499728,0.003103562857113884,1.386556766974001,0.0,0.6993640508893921,0.695596612115241,0.003767438774151162,0.30063594911060787,0.00112192839107953,0.00016993733626118618,0.8084929132563826,True,0,long_short,1.2869015381110043,1.0815126473412608
2020-09-15,1.3854427310911714,-0.004567866746004512,1.3864771945165206,0.0,0.698649243587977,0.6993959099078,-0.0007466663198229686,0.301350756412023,0.0,7.957245748050848e-05,0.0,True,0,long_short,1.286888801303683,1.0765830969137724
2020-09-16,1.3764026380356316,-0.0065250571912273125,1.3863975529017643,0.0,0.6968030441611691,0.7040646655718902,-0.007261621410721015,0.3031969558388309,0.0,7.964161475643759e-05,0.0,True,0,long_short,1.2824846963722036,1.0732312377130862
2020-09-17,1.3796784805900544,0.002380003106575046,1.3863179027815142,0.0,0.6952690607941728,0.7000813574885594,-0.004812296694386485,0.30473093920582717,0.0,7.965012024993075e-05,0.0,True,0,long_short,1.2794084036039504,1.0783722200852006
2020-09-18,1.3827357109128762,0.002215900563669271,1.3862385147938219,0.0,0.6969051358204755,0.6994383776058009,-0.002533241785325322,0.30309486417952447,0.0,7.938798769226615e-05,0.0,True,0,long_short,1.2856398865858067,1.07552334470963
2020-09-21,1.3848179790082338,0.0015059046200398551,1.3851495573878605,0.0,0.5987056077384701,0.5989450459784792,-0.00023943824000896422,0.40129439226152985,0.0011274449416084475,0.00023847248769004247,0.8132897968543907,True,0,long_short,1.2826637192751058,1.0796422773935324
2020-09-22,1.3852794960200416,0.00033326907853870047,1.3850813850699337,0.0,0.5968989165294051,0.5967559049922552,0.00014301153714987874,0.4031010834705949,0.0,6.817231792675981e-05,0.0,True,0,long_short,1.2767343816669225,1.0850177734004476
2020-09-23,1.388981928718003,0.0026726972488935186,1.3850134392847844,0.0,0.5963919895205763,0.5935348685234143,0.0028571209971619614,0.40360801047942374,0.0,6.794578514914973e-05,0.0,True,0,long_short,1.2768341533242713,1.0878326876687563
2020-09-24,1.3844015266737035,-0.0032976685654414473,1.384945679623981,0.0,0.5878566184774062,0.5882496785396736,-0.00039306006226738996,0.4121433815225938,0.0,6.77596608035374e-05,0.0,True,0,long_short,1.2619692377799179,1.0970168568523675
2020-09-25,1.3736890949637754,-0.007737951384427233,1.3848787447949644,0.0,0.5852155866732537,0.5933612798087765,-0.008145693135522719,0.4147844133267463,0.0,6.69348290166279e-05,0.0,True,0,long_short,1.258596106641042,1.0914455302343935
2020-09-28,1.3561811847432803,-0.012745176681304926,1.368577862733594,0.0,0.59030068240731,0.5994415539440734,-0.009140871536763353,0.40969931759268996,0.000832106727325797,0.00020098206232941346,0.6076388706687763,True,0,long_short,1.2544987464858794,1.0810542366361346
2020-09-29,1.3515297433973081,-0.00342980819841765,1.3685110448138562,0.0,0.5942287427274862,0.6067932471340728,-0.012564504406586675,0.40577125727251384,0.0,6.68179197379912e-05,0.0,True,0,long_short,1.2662887844627935,1.0673155760205812
2020-09-30,1.3520865455797515,0.00041197922958313704,1.368443639406602,0.0,0.5989820382132033,0.6110797059847857,-0.012097667771582454,0.4010179617867967,0.0,6.740540725432873e-05,0.0,True,0,long_short,1.2708942017099871,1.0638859975602377
2020-10-09,1.3557858905425266,0.0027360267542555494,1.3504731414922535,0.0,0.6002461425662925,0.596327567305012,0.003918575261280498,0.3997538574337075,0.00114381790585287,0.0006111857949575121,0.846258918179177,True,0,long_short,1.2833419542649553,1.0564494412707517
2020-10-12,1.367661644053835,0.00875931339465108,1.3547254727458327,0.0,0.5055263561802513,0.49606775114863055,0.009458605031620756,0.4944736438197487,0.0002776693320083787,0.00019935431553542898,0.2049215410545722,True,0,long_short,1.3006721496263518,1.0515037509234955
2020-10-13,1.369713858451405,0.001500527858255385,1.35466970949903,0.0,0.5058781171977764,0.4948946925506872,0.010983424647089205,0.4941218828022236,0.0,5.576324680257738e-05,0.0,True,0,long_short,1.3057456445425966,1.0489897968843822
2020-10-14,1.3716221863781177,0.001393231086140867,1.3546139946399456,0.0,0.5083802158731304,0.4959801600071027,0.012400055866027713,0.4916197841268696,0.0,5.571485908444304e-05,0.0,True,0,long_short,1.3043909435639143,1.0515422490058934
2020-10-15,1.3774529933637785,0.004251029943644902,1.3545580797858523,0.0,0.5108505893067088,0.4942293951982867,0.016621194108422128,0.4891494106932912,0.0,5.591485409335158e-05,0.0,True,0,long_short,1.303561282087025,1.0566844936959554
2020-10-16,1.4000156165567736,0.016379958736665534,1.3545021254494283,0.0,0.518498587612327,0.48598931373773835,0.03250927387458871,0.48150141238767297,0.0,5.5954336423910946e-05,0.0,True,0,long_short,1.303799035823686,1.0737970945593636
2020-10-19,1.381535237617802,-0.013200123427496213,1.3948715062274952,0.0,0.3924494146469588,0.4021026382829254,-0.009653223635966617,0.6075505853530412,0.0008718485747361409,0.0001677680454359695,0.6246482003560582,True,0,long_short,1.2983200858743853,1.0640944807438402
2020-10-20,1.3946902517183934,0.009522025745267726,1.3948258471345696,0.0,0.39699442717859224,0.39709164978125183,-9.722260265958678e-05,0.6030055728214078,0.0,4.5659092925502455e-05,0.0,True,0,long_short,1.3040074241434676,1.0695416497605377
2020-10-21,1.4020322131936374,0.005264223698558057,1.3947803276945978,0.0,0.3967736489750515,0.391601238932831,0.005172410042220521,0.6032263510249485,0.0,4.5519439971672846e-05,0.0,True,0,long_short,1.303705986370201,1.0754205532929997
2020-10-22,1.4135590137197844,0.008221494782841399,1.3947352013204848,0.0,0.4003920667115719,0.38707545791307213,0.013316608798499802,0.5996079332884281,0.0,4.5126374113180886e-05,0.0,True,0,long_short,1.3087441012661094,1.0800881641814275
2020-10-23,1.4054891927717408,-0.005708867383476202,1.3946902297586334,0.0,0.39430541833998706,0.3866219988810222,0.007683419458964848,0.605694581660013,0.0,4.4971561851183796e-05,0.0,True,0,long_short,1.2979255986476341,1.0828734668891513
2020-10-26,1.4227525562164234,0.012282814790370633,1.4144891280462315,0.0,0.5973446859592069,0.5915366287998035,0.00580805715940332,0.40265531404079313,0.0009071640187624906,0.00013398732520645924,0.6409258126845754,True,0,long_short,1.2992445658057765,1.095061386948383
2020-10-27,1.416031968666933,-0.0047236517131008515,1.4144199546009668,0.0,0.5982941198793427,0.5971557175680702,0.0011384023112725411,0.40170588012065733,0.0,6.917344526470404e-05,0.0,True,0,long_short,1.3053076398908314,1.0848262320638542
2020-10-28,1.4157077251943042,-0.00022898033363893955,1.4143504539226368,0.0,0.601081085129979,0.6001223623318241,0.0009587227981549006,0.39891891487002096,0.0,6.950067833002435e-05,0.0,True,0,long_short,1.3050157547230559,1.0848204093097242
2020-10-29,1.4171569509391786,0.0010236758047468264,1.414280623961178,0.0,0.6015522875037695,0.5995226414747291,0.0020296460290403933,0.39844771249623046,0.0,6.982996145876866e-05,0.0,True,0,long_short,1.3073855084851902,1.083962566313876
2020-10-30,1.4146969213149259,-0.001735890737170953,1.4142107923711553,0.0,0.5961094032751498,0.5957657756497228,0.0003436276254271459,0.40389059672485017,0.0,6.9831590022849e-05,0.0,True,0,long_short,1.2943557545956879,1.0929737951038263
2020-11-02,1.4189937059897944,0.00303724749105605,1.4162501529775882,0.0,0.8903321466709225,0.8883986969307119,0.0019334497402106053,0.10966785332907747,0.0014435621794205865,0.00020782060486926448,1.0182468638938087,True,0,long_short,1.2900068424959332,1.0999892862926948
2020-11-03,1.4185774620907365,-0.0002933373821890628,1.4161465393754495,0.0,0.8908958377444417,0.8891822036424983,0.001713634101943365,0.1091041622555583,0.0,0.00010361360213870259,0.0,True,0,long_short,1.293965512971377,1.096302372721827
2020-11-04,1.4216708094117754,0.002180598101763076,1.416042864813769,0.0,0.8917513949598196,0.8877927115847738,0.003958683375045811,0.10824860504018041,0.0,0.00010367456168050057,0.0,True,0,long_short,1.2949982557649975,1.097816775492063
2020-11-05,1.4347036687099683,0.00916728346106055,1.4159391265412045,0.0,0.8974309355323108,0.8843518986705481,0.013079036861762752,0.10256906446768921,0.0,0.00010373827256454248,0.0,True,0,long_short,1.3053607099213362,1.0990859904128925
2020-11-06,1.4251072976985522,-0.006688747802565342,1.4158348430140715,0.0,0.8980054029462313,0.8914989071199487,0.006506495826282638,0.10199459705376868,0.0,0.0001042835271331448,0.0,True,0,long_short,1.2999610112175892,1.09626926146327
2020-11-09,1.4355415752215837,0.007321748713154497,1.424604051106781,0.0,0.8040516112957165,0.7964325187500239,0.007619092545692529,0.19594838870428355,0.0020032660146815052,0.00031326943522855624,1.40421683713469,True,0,long_short,1.3113643455722257,1.0946931568397738
2020-11-10,1.4281765232734294,-0.00513050410749516,1.4245100802580806,0.0,0.8007221430104327,0.7981549232336048,0.0025672197768277405,0.19927785698956735,0.0,9.397084870061118e-05,0.0,True,0,long_short,1.3068176591587906,1.0928659505510192
2020-11-11,1.4286609809010868,0.00033921410957460374,1.4244163893438369,0.0,0.797814351305159,0.7948433234588094,0.0029710278463496663,0.202185648694841,0.0,9.369091424361704e-05,0.0,True,0,long_short,1.3044705486096715,1.0952037073000842
2020-11-12,1.4261909072009138,-0.0017289432084965917,1.424323055510235,0.0,0.7971081282657658,0.795798449679787,0.0013096785859788998,0.20289187173423417,0.0,9.333383360180898e-05,0.0,True,0,long_short,1.303310791543043,1.0942830493349847
2020-11-13,1.430884406721552,0.0032909335608160006,1.4242297710845175,0.0,0.7940724683560284,0.7894217533117003,0.004650715044328113,0.2059275316439716,0.0,9.328442571763531e-05,0.0,True,0,long_short,1.2953524097685651,1.1046294397809486
2020-11-16,1.4471125278378396,0.011341322220059347,1.4311895139654454,0.0,0.8008689484780475,0.789865648066997,0.011003300411050437,0.19913105152195254,0.0014455882080459314,0.0002785244245003972,1.0090414550451738,True,0,long_short,1.2984757579638657,1.1144701924255025
2020-11-17,1.4404227920333743,-0.004622816592197321,1.4310955667483527,0.0,0.7974141056062103,0.7909387670204783,0.006475338585732042,0.2025858943937897,0.0,9.39472170925895e-05,0.0,True,0,long_short,1.2908036005539096,1.1159116626381118
2020-11-18,1.4397588323463584,-0.0004609477791438499,1.43100192678448,0.0,0.7972892419381231,0.7912070388877641,0.006082203050359009,0.20271075806187688,0.0,9.363996387280042e-05,0.0,True,0,long_short,1.292578969974392,1.1138652769314994
2020-11-19,1.453377957966008,0.009459310346757732,1.430908298237429,0.0,0.7977298458400898,0.782269545506359,0.015460300333730729,0.20227015415991023,0.0,9.362854705095344e-05,0.0,True,0,long_short,1.293444011471618,1.1236496864772871
2020-11-20,1.459224487563458,0.004022717948490184,1.4308148516636239,0.0,0.7984023484131226,0.778933352284041,0.01946899612908164,0.20159765158687737,0.0,9.344657380496131e-05,0.0,True,0,long_short,1.2949664137466947,1.1268435011696707
2020-11-23,1.463659196293827,0.003039086013265857,1.4663129142463838,0.0,0.8026822292076535,0.8044953001460774,-0.001813070938423846,0.19731777079234647,0.002360254505257626,0.0002802670574382163,1.6070658574526973,True,0,long_short,1.3052842890774092,1.1213336501034261
2020-11-24,1.4737837651763461,0.006917299401497212,1.4662161328536905,0.0,0.8029788813081246,0.7978440491153234,0.0051348321928012175,0.19702111869187544,0.0,9.67813926932029e-05,0.0,True,0,long_short,1.3079887378319266,1.1267556994559718
2020-11-25,1.4616534750189007,-0.008230712295839271,1.4661194876805348,0.0,0.8006309141372211,0.8036863665669267,-0.0030554524297056766,0.1993690858627789,0.0,9.664517315578544e-05,0.0,True,0,long_short,1.3026714745755636,1.1220430504131034
2020-11-26,1.449375226050448,-0.008400246144726009,1.466022936093917,0.0,0.7993296089567691,0.810815737423884,-0.011486128467114947,0.20067039104323092,0.0,9.65515866179065e-05,0.0,True,0,long_short,1.2997593451016716,1.115110448340014
2020-11-27,1.4500713728285874,0.00048030818081290505,1.4659263462657486,0.0,0.7997257615736023,0.8106596878163042,-0.010933926242701847,0.2002742384263977,0.0,9.658982816827419e-05,0.0,True,0,long_short,1.303365276774361,1.1125594633127733
2020-11-30,1.4425871844501872,-0.00516125517587529,1.4563161596714485,0.0,0.697727263064317,0.7072441750189268,-0.009516911954609825,0.302272736935683,0.0011992509364686815,0.00028985286733362306,0.8228049787607286,True,0,long_short,1.3033663381749712,1.1068163586840511
2020-12-01,1.4403339785669642,-0.0015619200749256157,1.4562323025714627,0.0,0.6995547362163836,0.7105926789720746,-0.01103794275569089,0.30044526378361636,0.0,8.385709998569992e-05,0.0,True,0,long_short,1.3127176313500943,1.097215382934729
2020-12-02,1.435849966267587,-0.0031131753927228223,1.4561481800415632,0.0,0.6990876786558208,0.7132244020258401,-0.014136723370019389,0.3009123213441792,0.0,8.412252989954019e-05,0.0,True,0,long_short,1.3126974647385028,1.0938163627470834
2020-12-03,1.4383067697333138,0.0017110446936969836,1.4560640088168846,0.0,0.6973571669004074,0.7097030999497688,-0.012345933049361414,0.3026428330995926,0.0,8.417122467863199e-05,0.0,True,0,long_short,1.3065080839808467,1.1008785841958857
2020-12-04,1.4375137193382954,-0.0005513777809482701,1.4559801098492278,0.0,0.6955781912064566,0.7084242533083422,-0.012846062101885694,0.3044218087935434,0.0,8.389896765686065e-05,0.0,True,0,long_short,1.3055308878191543,1.1010951427887041
2020-12-07,1.447987203961505,0.007285832811411597,1.4379862380547799,0.0,0.7966453708856577,0.7897385654391982,0.006906805446459533,0.20335462911434232,0.001459855526633242,0.0002511048287447827,1.0141786713256136,True,0,long_short,1.3028034420514185,1.1114394982572946
2020-12-08,1.456672399780384,0.005998116416441768,1.4378922491777473,0.0,0.7969901013472825,0.7840976001881553,0.012892501159127125,0.20300989865271746,0.0,9.39888770326746e-05,0.0,True,0,long_short,1.3002090251601477,1.120337093184663
2020-12-09,1.4436655874909428,-0.008929126611722848,1.4377983719175065,0.0,0.7942280049969974,0.7901638951198385,0.004064109877158901,0.20577199500300258,0.0,9.387726024066743e-05,0.0,True,0,long_short,1.2955102046592657,1.1143606451719488
2020-12-10,1.4380783386798284,-0.003870182166511915,1.437704613088148,0.0,0.7938386744534955,0.7935787959881653,0.00025987846533021117,0.20616132554650446,0.0,9.375882935854631e-05,0.0,True,0,long_short,1.2924293124883688,1.112693997872143
2020-12-11,1.4237701683717268,-0.009949506868476177,1.437610813487336,0.0,0.7912506444281997,0.8009717675582326,-0.009721123130032936,0.2087493555718003,0.0,9.379960081201638e-05,0.0,True,0,long_short,1.2833872406909859,1.1093846995121734
2020-12-14,1.417637471954446,-0.004307364034951133,1.4207745396160467,0.0,0.7986832352814451,0.8008961195509867,-0.0022128842695415566,0.20131676471855486,0.0011550535225484258,0.00028119444863606744,0.8123141455962669,True,0,long_short,1.284022312056025,1.104059842764314
2020-12-15,1.4245496419288501,0.004875837519217496,1.420681220683152,0.0,0.7927053635293032,0.7899898237321362,0.0027155397971670658,0.2072946364706968,0.0,9.331893289466191e-05,0.0,True,0,long_short,1.27704537204568,1.115504329847643
2020-12-16,1.4206117091778552,-0.0027643352222271877,1.5617706496812884,0.0,0.68819645462581,0.7875613546836348,-0.09936490005782471,0.31180354537418997,0.0001413232492106779,9.249696333082601e-05,0.09940259060831827,True,0,long_short,1.2748001559551296,1.1143799304868125
2020-12-17,1.4266143871799877,0.004225417799496034,1.5616786919649468,0.0,0.6922368435390005,0.786911554518148,-0.09467471097914748,0.3077631564609995,0.0,9.195771634188044e-05,0.0,True,0,long_short,1.2811590070101972,1.113534213453516
2020-12-18,1.4281702395197828,0.0010905906696137002,1.5615864218817865,0.0,0.6953272610755481,0.7887448234012161,-0.09341756232566807,0.3046727389244519,0.0,9.2270083160035e-05,0.0,True,0,long_short,1.2854283140641949,1.1110461967375485
2020-12-21,1.4312215702050584,0.00213653148682158,1.4262602882146627,0.0,0.9007499309307606,0.8972834641769895,0.0034664667537710673,0.09925006906923939,0.001012431645880902,0.0002777577246633461,0.7093470167213912,True,0,long_short,1.2958371160471744,1.1044764442084056
2020-12-22,1.4330024017874594,0.0012442738563154254,1.426154736588757,0.0,0.896113901016436,0.8913353568980444,0.004778544118391506,0.10388609898356405,0.0,0.000105551625905624,0.0,True,0,long_short,1.2881936164536907,1.1124122829706433
2020-12-23,1.425628656873285,-0.00514566123893212,1.426049754201861,0.0,0.8977586896228514,0.8980540662109592,-0.0002953765881076998,0.10224131037714856,0.0,0.00010498238689586138,0.0,True,0,long_short,1.2907784807394709,1.1044719741969669
2020-12-24,1.4072542248135813,-0.012888652294632652,1.4259445247542821,0.0,0.890146216233546,0.9034276117420063,-0.013281395508460298,0.10985378376645405,0.0,0.00010522944757906207,0.0,True,0,long_short,1.2805713448724092,1.098926842653811
2020-12-25,1.3963517206974687,-0.007747359307133661,1.4258400300427665,0.0,0.899609542273136,0.9207276523511388,-0.02111811007800279,0.10039045772686395,0.0,0.00010449471151538481,0.0,True,0,long_short,1.2876926353657268,1.0843827807564348
2020-12-28,1.3997164461853513,0.0024096547008958247,1.3951265152604413,0.0,0.9953222176881914,0.9920430314377056,0.003279186250485826,0.004677782311808598,0.001990014832914853,0.0003170119664352954,1.424372835086189,True,0,long_short,1.285190560327534,1.0891119880530635
2020-12-29,1.397366943698442,-0.0016785560341971983,1.3950123854840226,0.0,0.9934791168297437,0.9917941204692404,0.0016849963605031527,0.006520883170256342,0.0,0.00011412977641865161,0.0,True,0,long_short,1.2791518984565113,1.0924167375153606
2020-12-30,1.3950500827151768,-0.0016580190290841346,1.3948984758687706,0.0,1.002139068934159,1.0020303940928148,0.00010867484134408503,0.0,0.0,0.00011390961525190575,0.0,True,0,long_short,1.2897131883271407,1.0816746663842884
2020-12-31,1.3999280957167513,0.0034966579780995044,1.3947835814097984,0.0,1.0075644065806943,1.0038895647636803,0.003674841817014012,0.0,0.0,0.00011489445897224406,0.0,True,0,long_short,1.3030518097941803,1.0743456900135635
2021-01-04,1.3992017491218363,-0.0005188456443850908,1.4010866339621961,0.0,0.9026780679348229,0.904025182345981,-0.0013471144111581233,0.09732193206517714,0.0014445695025536989,0.00046204050631546426,1.0299731649357244,True,0,long_short,1.3160033738387393,1.063220487832345
2021-01-05,1.390916183058488,-0.00592163786855493,1.4009826684594793,0.0,0.9072589424254026,0.9144962479680385,-0.007237305542635984,0.09274105757459739,0.0,0.00010396550271687808,0.0,True,0,long_short,1.3238959487753914,1.050623490724547
2021-01-06,1.3849120841286222,-0.004316650422934387,1.4008781215309332,0.0,0.9144302538412076,0.9259588104804953,-0.011528556639287759,0.08556974615879243,0.0,0.00010454692854616544,0.0,True,0,long_short,1.3251795359131973,1.0450750608477082
2021-01-07,1.3714885050799135,-0.009692730103625924,1.4007727211298886,0.0,0.9118611704709146,0.9332133115508496,-0.021352141079935015,0.08813882952908536,0.0,0.00010540040104436734,0.0,True,0,long_short,1.3243739328501365,1.0355749770220737
2021-01-08,1.3741892527704493,0.0019692091333849415,1.400667524582252,0.0,0.912636912337405,0.9319051985348271,-0.019268286197422102,0.08736308766259504,0.0,0.00010519654763667536,0.0,True,0,long_short,1.323351804062617,1.0384156718959872
2021-01-11,1.3597356666914922,-0.010517900682033288,1.3682561986365689,0.0,0.8954149392049087,0.9016812541614095,-0.006266314956500841,0.10458506079509133,0.0020049630108335613,0.00031576786235197916,1.4631977224130666,True,0,long_short,1.3175816765459476,1.0319934550517214
2021-01-12,1.3552399226788918,-0.003306336755539596,1.3681554275548207,0.0,0.8986999623721196,0.908230012852332,-0.009530050480212307,0.10130003762788042,0.0,0.0001007710817482508,0.0,True,0,long_short,1.3264564008471393,1.0216995611867603
2021-01-13,1.342349218417137,-0.009511750684169429,1.3680542601927062,0.0,0.9001233484915567,0.9192726439378487,-0.01914929544629196,0.09987665150844327,0.0,0.00010116736211446382,0.0,True,0,long_short,1.3203926191616775,1.0166288412528388
2021-01-14,1.3413797118753898,-0.000722246140159144,1.3679528367750264,0.0,0.9042291705867807,0.9240394634251036,-0.01981029283832294,0.09577082941321935,0.0,0.00010142341767963505,0.0,True,0,long_short,1.3188270532617903,1.0171005429088076
2021-01-15,1.3524659678163746,0.008264815579687834,1.3678509610663243,0.0,0.9031491943958674,0.9145247066941837,-0.011375512298316378,0.09685080560413262,0.0,0.00010187570870224565,0.0,True,0,long_short,1.3227920921408947,1.022432758595838
2021-01-18,1.3676685731169687,0.01124065644708172,1.3490013356566826,0.0,0.9950866656810684,0.981437717516863,0.013648948164205294,0.004913334318931595,0.0016609002854408063,0.0003049800515830197,1.2296932876651314,True,0,long_short,1.3297467427384277,1.0285180848049653
2021-01-19,1.3753144710682457,0.005590461096763866,1.348891011147966,0.0,0.9932178869381593,0.9740052192347826,0.01921266770337667,0.006782113061840733,0.0,0.00011032450871666817,0.0,True,0,long_short,1.3245278359386001,1.0383431995550751
2021-01-20,1.3683344395595471,-0.005075225816010498,1.3487809100406034,0.0,0.9981558361012586,0.9838658139008106,0.014290022200448008,0.0018441638987414244,0.0,0.00011010110736243251,0.0,True,0,long_short,1.326591198724621,1.0314665443846287
2021-01-21,1.373235230105558,0.003581573630192514,1.3486702587411188,0.0,0.9983090303082316,0.980420637390617,0.017888392917614515,0.001690969691768407,0.0,0.00011065129948485726,0.0,True,0,long_short,1.3348835678910749,1.0287303425834158
2021-01-22,1.3656572026575635,-0.005518375353224636,1.348559599988276,0.0,0.999749439881239,0.9872297514586864,0.012519688422552603,0.0002505601187610118,0.0,0.00011065875284279521,0.0,True,0,long_short,1.3349387607227996,1.0230111244340014
2021-01-25,1.3622065758357123,-0.0025267152072543375,1.2319585672184798,0.0,0.9939490419263258,0.8983335817401016,0.09561546018622419,0.006050958073674173,0.0015518453311063494,0.0003324371722415486,1.1327649659604737,True,0,long_short,1.3323751244492215,1.0223896790318887
2021-01-26,1.3665651451802472,0.0031996390428969956,1.2318579878284246,0.0,0.9823774049160474,0.8838038697816831,0.09857353513436418,0.017622595083952586,0.0,0.00010057939005537653,0.0,True,0,long_short,1.3234370699116278,1.0325879305099859
2021-01-27,1.363814682306026,-0.0020126833206027817,1.2317587186040175,0.0,0.983349570323725,0.8865211922344675,0.0968283780892576,0.016650429676274947,0.0,9.926922440704686e-05,0.0,True,0,long_short,1.3218686736101135,1.031732357028596
2021-01-28,1.366531730366884,0.0019922413918171955,1.2316593445806083,0.0,0.9737021077767789,0.87500525150249,0.09869685627428885,0.026297892223221098,0.0,9.937402340916241e-05,0.0,True,0,long_short,1.3004835741179583,1.0507873821426175
2021-01-29,1.360805630282276,-0.004190243049146503,1.231561066023862,0.0,0.9641945594051707,0.8692180532956211,0.0949765061095496,0.03580544059482926,0.0,9.827855674650478e-05,0.0,True,0,long_short,1.2842041653605543,1.059648977154824
2021-02-01,1.3396073944026543,-0.015577710297409952,1.3465577276958174,0.0,0.9950616872617395,1.000250023278847,-0.0051883360171074465,0.0049383127382605085,0.0019989140415114658,0.0002916583941865514,1.4822618343537195,True,0,long_short,1.286630527155227,1.0411748875293365
2021-02-02,1.3237710429293383,-0.011821636353670395,1.3464475954497268,0.0,0.9948585723467807,1.0119888401838897,-0.017130267837109043,0.005141427653219344,0.0,0.00011013224609061126,0.0,True,0,long_short,1.2848275613188822,1.0303102788131977
2021-02-03,1.3241334033680363,0.0002737334682108017,1.3463374879273373,0.0,0.9857594745580831,1.0025282415892776,-0.016768767031194388,0.014240525441916896,0.0,0.00011010752238929417,0.0,True,0,long_short,1.2784856926735761,1.0357045142984755
2021-02-04,1.3047188568833232,-0.014662077427644804,1.346228379889049,0.0,0.975867718165247,1.0076826358287216,-0.03181491766347474,0.024132281834753022,0.0,0.0001091080382883438,0.0,True,0,long_short,1.2605356393558855,1.0350511450433997
2021-02-05,1.2983764928357775,-0.004861096330512238,1.3461203188586337,0.0,0.9703359689195585,1.0071079116390227,-0.03677194271946413,0.029664031080441466,0.0,0.00010806103041531155,0.0,True,0,long_short,1.2551359406521387,1.0344508915593413
2021-02-08,1.2932910350854452,-0.003916782056971102,1.2950569478226648,0.0,0.9955855849869435,0.9969510260897676,-0.0013654411028241017,0.004414415013056505,0.0014789578834064844,0.0003224232094243656,1.1406995185382613,True,0,long_short,1.2634116812090346,1.0236497369153792
2021-02-09,1.2928619485304575,-0.0003317788056571569,1.2949509740288734,0.0,1.011129030524083,1.0127448453454493,-0.001615814821366311,0.0,0.0,0.00010597379379132593,0.0,True,0,long_short,1.282003528095628,1.0084698834261083
2021-02-10,1.2969521422783927,0.0031636740122056306,1.2948433571022337,0.0,1.0207846970133263,1.0191587425101363,0.001625954503189906,0.0,0.0,0.00010761692663979407,0.0,True,0,long_short,1.2910576290999252,1.0045656468352826
2021-02-18,1.320856378618653,0.018431085898255928,1.302424657226738,0.0,0.9917476497471517,0.9777932776516853,0.013954372095466358,0.008252350252848317,0.0007810600978457521,0.0008691288423585364,0.5993375316440676,True,0,long_short,1.3018403978978608,1.0146069984857575
2021-02-19,1.3447985379345422,0.018126239690743562,1.3023185045291141,0.0,1.0031886074478822,0.9716002079909102,0.03158839945697204,0.0,0.0,0.00010615269762383573,0.0,True,0,long_short,1.3125994620821708,1.0245307702635305
2021-02-22,1.3678550847467663,0.017144982063734604,1.3479433035008943,0.0,0.9991996629400002,0.9846427252439586,0.014556937696041598,0.0008003370599998227,0.0017540437839441388,0.00032217695486212754,1.2995830416890983,True,0,long_short,1.3190626841972308,1.0369902061017138
2021-02-23,1.3614424804792429,-0.004688072836831703,1.3478326036193833,0.0,0.9923523933698041,0.9823557339038317,0.00999665946597242,0.0076476066301959245,0.0,0.00011069988151100234,0.0,True,0,long_short,1.3142050074050382,1.03594376281329
2021-02-24,1.3619615330052712,0.00038125189530280323,1.3477226786198973,0.0,0.9843480088038796,0.9738933417370683,0.010454667066811352,0.015651991196120374,0.0,0.00010992499948594847,0.0,True,0,long_short,1.3009406839807052,1.0469051739068151
2021-02-25,1.3442982176122145,-0.012969026631817981,1.3476136590087717,0.0,0.9858898638227676,0.9883561628575503,-0.002466299034782813,0.014110136177232446,0.0,0.00010901961112568582,0.0,True,0,long_short,1.3007584768759723,1.033472578891672
2021-02-26,1.3312374847727946,-0.009715651384719304,1.3475044552749555,0.0,0.9879376884917725,1.0001571239330282,-0.012219435441255654,0.012062311508227452,0.0,0.00010920373381606459,0.0,True,0,long_short,1.2929380771808068,1.0296219968055222
2021-03-01,1.3435837339087668,0.009274264943102573,1.3328840132862103,0.0,1.002544397222379,0.9945808290780781,0.007963568144300928,0.0,0.0018398746227694291,0.00032830191469533616,1.3784683404833904,True,0,long_short,1.3029959093620487,1.0311496177809107
2021-03-02,1.3471283351073455,0.0026381691807675356,1.3327741801938264,0.0,0.9985166759948715,0.9878613029769953,0.010655373017876184,0.0014833240051285168,0.0,0.00010983309238412065,0.0,True,0,long_short,1.298835218970484,1.0371818652832197
2021-03-03,1.3533838756170833,0.004643611411558224,1.332664801348424,0.0,1.0067104593417011,0.9914013702931764,0.015309089048524654,0.0,0.0,0.0001093788454024416,0.0,True,0,long_short,1.3109047591080556,1.0324044261902983
2021-03-04,1.351937642594715,-0.0010686051817405673,1.3325545208035894,0.0,1.0022780089758838,0.9879407191627796,0.014337289813104344,0.0,0.0,0.00011028054483447667,0.0,True,0,long_short,1.2997773889120432,1.0401301439212847
2021-03-05,1.3561650103483784,0.00312689551683043,1.3324447426463109,0.0,1.0037755072661152,0.9862848129029165,0.017490694363198736,0.0,0.0,0.00010977815727848675,0.0,True,0,long_short,1.2990471452922991,1.0439690470535057
2021-03-08,1.3666105404546025,0.007702256013477848,1.358550280551409,0.0,0.9891837387652861,0.9832857453980519,0.005897993367234268,0.010816261234713909,0.0015431441428723934,0.0003298105364786956,1.1345868709123843,True,0,long_short,1.2884299549895382,1.0606789567118526
2021-03-09,1.3640712679439346,-0.001858080583677757,1.358439833811907,0.0,0.9828883864187139,0.9787599847256588,0.004128401693055015,0.0171116135812861,0.0,0.0001104467395018963,0.0,True,0,long_short,1.282581283827722,1.0635359217725482
2021-03-10,1.3688726690857425,0.003519904901336357,1.3583300996990266,0.0,0.9832899421390074,0.9755882985714159,0.007701643567591489,0.016710057860992555,0.0,0.00010973411288034375,0.0,True,0,long_short,1.2846389858104892,1.0655699260303155
2021-03-11,1.3720406447188875,0.0023142953356363183,1.3582203361791751,0.0,0.9883963813247014,0.978323568545497,0.01007281277920446,0.011603618675298577,0.0,0.00010976351985158402,0.0,True,0,long_short,1.2982394194280182,1.056847160998535
2021-03-12,1.3656755563666516,-0.0046391397927866285,1.3581100101764574,0.0,0.9975817530678229,0.992041970097465,0.005539782970357944,0.0024182469321770705,0.0,0.00011032600271760381,0.0,True,0,long_short,1.303184484870442,1.0479525901525926
2021-03-15,1.3789310501781074,0.009706180761352767,1.3672735417820303,0.0,0.9892408876818246,0.980786869335823,0.008454018346001598,0.01075911231817539,0.0013725367294911536,0.00033406211575526907,1.002842700564242,True,0,long_short,1.301410530650773,1.0595665377692696
2021-03-16,1.3822696021169718,0.002421115935008711,1.367162382538107,0.0,0.9929345970670447,0.9820053112347237,0.010929285832320985,0.0070654029329553225,0.0,0.00011115924392335436,0.0,True,0,long_short,1.3036239047230205,1.060328517380679
2021-03-17,1.3864477210461013,0.003022651241646912,1.3670508157361203,0.0,0.9930537155323511,0.9790633536777075,0.01399036185464363,0.006946284467648889,0.0,0.00011156680198661709,0.0,True,0,long_short,1.3045614752619359,1.0627691736548666
2021-03-18,1.391779056142524,0.0038453199608565747,1.366939246956219,0.0,0.9941178094006019,0.9762702860622701,0.017847523338331835,0.005882190599398096,0.0,0.00011156877990133236,0.0,True,0,long_short,1.308685370432351,1.0634940128372654
2021-03-19,1.3993980602348053,0.005474291381706964,1.366827568665484,0.0,0.9892391073003362,0.9659644633696045,0.02327464393073161,0.010760892699663849,0.0,0.00011167829073499219,0.0,True,0,long_short,1.3033847357855461,1.073664607090394
2021-03-22,1.405036195722065,0.004028971918335733,1.3961240686905343,0.0,1.003183222342535,0.9968402348389634,0.006342987503571515,0.0,0.001741656846033987,0.00033331285388100317,1.2459400171396682,True,0,long_short,1.3120503641665495,1.0708706266886199
2021-03-23,1.3914643580443145,-0.009659422098215575,1.3960089511608385,0.0,1.0005111629447487,1.0037772136274348,-0.0032660506826858765,0.0,0.0,0.00011511752969595838,0.0,True,0,long_short,1.3032287098958626,1.0677054207588033
2021-03-24,1.3880924544817794,-0.0024232769909207086,1.3958941522389605,0.0,0.9940085328120859,0.9996289781448097,-0.005620445332723803,0.005991467187914101,0.0,0.00011479892187777608,0.0,True,0,long_short,1.2906097180424658,1.0755323124229768
2021-03-25,1.374518261450564,-0.009779026596814844,1.3957801047779872,0.0,0.992687337460614,1.0081559157427131,-0.015468578282099138,0.007312662539386006,0.0,0.00011404746097349111,0.0,True,0,long_short,1.287599585912242,1.0675044295519416
2021-03-26,1.3734662642378568,-0.0007653570288670419,1.3956662092670356,0.0,0.9995348502621645,1.0156982942485357,-0.0161634439863712,0.00046514973783551294,0.0,0.00011389551095159797,0.0,True,0,long_short,1.2959464403100138,1.0598171510153604
2021-03-29,1.38447971446406,0.008018726424499967,1.3720983565801903,0.0,0.9927986312684064,0.983855663195622,0.008942968072784342,0.007201368731593605,0.0016368536133912078,0.0003439793445520191,1.1915350216294942,True,0,long_short,1.2987467689196428,1.0660120568505698
2021-03-30,1.374033487381266,-0.007545236650027709,1.3719864008370954,0.0,0.9964636985905021,0.9949738611426011,0.0014898374479009227,0.0035363014094978995,0.0,0.00011195574309492519,0.0,True,0,long_short,1.2991822969699842,1.0576140781673622
2021-03-31,1.3602517193566634,-0.01003015439665067,1.3718740342011273,0.0,1.0047799952824557,1.013324233587084,-0.008544238304628308,0.0,0.0,0.00011236663596813466,0.0,True,0,long_short,1.2978569614081814,1.0480752192296934
2021-04-01,1.3803181809742306,0.014752020770874452,1.3717607430204968,0.0,0.9975329837129486,0.9913333711368874,0.006199612576061258,0.002467016287051371,0.0,0.00011329118063035103,0.0,True,0,long_short,1.3026852727834948,1.0595945235681177
2021-04-02,1.3846065161097612,0.0031067729126799115,1.3716482754471608,0.0,0.9929975960383158,0.9836388067275389,0.009358789310776952,0.007002403961684167,0.0,0.00011246757333589481,0.0,True,0,long_short,1.3035404078750266,1.0621891793648996
2021-04-06,1.403513306299929,0.013654991486887758,1.3904208067118633,0.0,0.9998711075781644,0.9905427317592123,0.009328375818952107,0.00012889242183555805,0.0018165932860531805,0.00044776527165809763,1.304801383769679,True,0,long_short,1.3054675575827521,1.0751039335659338
2021-04-07,1.4038156278948493,0.0002154034404684424,1.3903065404183441,0.0,0.9994560138629295,0.9898328929857502,0.009623120877179257,0.0005439861370705179,0.0,0.00011426629351912897,0.0,True,0,long_short,1.3075730225929734,1.0736040004182885
2021-04-08,1.3996163411015075,-0.0029913378294833537,1.3901923314141649,0.0,1.0052945425106832,0.9985612618175429,0.0067332806931403,0.0,0.0,0.00011420900417899446,0.0,True,0,long_short,1.309759507849765,1.0686055972208675
2021-04-09,1.413450707401534,0.009884398955458451,1.3900774599626884,0.0,1.007020841201601,0.990484539428606,0.016536301772995143,0.0,0.0,0.00011487145147650194,0.0,True,0,long_short,1.3084161284775906,1.080276126713721
2021-04-12,1.4074478655532807,-0.00424694106191259,1.4105622617224225,0.0,0.9919857162496064,0.9941985130752403,-0.002212796825633989,0.008014283750393592,0.0014609071207162183,0.00034520574400906325,1.0346197944564397,True,0,long_short,1.3009849090061256,1.0818325837680058
2021-04-13,1.3875300099715937,-0.014151753730399896,1.4104472521956966,0.0,0.9944495433208195,1.0109661174196902,-0.016516574098870685,0.0055504566791805265,0.0,0.0001150095267258076,0.0,True,0,long_short,1.2967555813751082,1.0700011859599836
2021-04-14,1.3830822077212053,-0.0032055539112120224,1.4103319580181362,0.0,0.9984163958174058,1.0181185871584604,-0.019702191341054484,0.0015836041825941782,0.0,0.00011529417756035227,0.0,True,0,long_short,1.3000353092602959,1.063880494529154
2021-04-15,1.4003830802365065,0.012508925658010206,1.4102162203438966,0.0,0.9931995698008131,1.0002213199534424,-0.0070217501526293425,0.006800430199186858,0.0,0.0001157376742396535,0.0,True,0,long_short,1.299480196741217,1.077648650397543
2021-04-16,1.400031570832445,-0.0002510094623552339,1.410101094890777,0.0,0.995773380346361,1.0029657353390025,-0.007192354992641484,0.004226619653639019,0.0,0.0001151254531195583,0.0,True,0,long_short,1.304711840348366,1.0730580711666018
2021-04-19,1.3981629524827854,-0.001334697294396281,1.3981060006481976,0.0,1.0051622239676805,1.0051214906365,4.0733331180542176e-05,0.0,0.0014354536233062945,0.0003462370752175352,1.0256599537835656,True,0,long_short,1.3167544916704819,1.0618250868535302
2021-04-20,1.3963349946703012,-0.0013073996913149921,1.3979904945963384,0.0,1.0073513953520843,1.008536999044863,-0.0011856036927786423,0.0,0.0,0.00011550605185908715,0.0,True,0,long_short,1.3179864239785966,1.0594456583666427
2021-04-21,1.396811437030831,0.0003412092100738562,1.397874747568515,0.0,1.0072825458804082,1.0080437871685983,-0.000761241288190097,0.0,0.0,0.00011574702782351591,0.0,True,0,long_short,1.3152603934116742,1.0620037249107914
2021-04-22,1.3986024657749054,0.0012822265744627526,1.3977590176706292,0.0,1.0064824079978447,1.0058793430634432,0.0006030649344015016,0.0,0.0,0.00011572989788588804,0.0,True,0,long_short,1.3157730499063491,1.0629511418207356
2021-04-23,1.3991699718660828,0.0004057665455801107,1.3976433881914936,0.0,1.005486073078269,1.0043950093009686,0.00109106377730033,0.0,0.0,0.00011562947913538961,0.0,True,0,long_short,1.314122218157451,1.0647182982933494
2021-04-26,1.3904408792053,-0.006238765008043212,1.3911488757261201,0.0,0.9920300247814839,0.992539213292415,-0.0005091885109311219,0.007969975218516057,0.001906172920056977,0.00034651709677135977,1.3683399819048556,True,0,long_short,1.3126054766856279,1.0592983984161097
2021-04-27,1.394844113385826,0.0031667899343139627,1.3910354455538152,0.0,0.9874515076209572,0.9847209746564055,0.0027305329645517028,0.012548492379042764,0.0,0.0001134301723048802,0.0,True,0,long_short,1.308363058447086,1.0660986676292936
2021-04-28,1.3955420020881535,0.0005003345503844514,1.3909225524917745,0.0,0.989775809545659,0.9864656622412663,0.0033101473043927426,0.010224190454340976,0.0,0.00011289306204057867,0.0,True,0,long_short,1.3103910412127704,1.0649813362556078
2021-04-29,1.4024080265532468,0.0049199697714721324,1.3908094028261355,0.0,0.9947312050303894,0.9864606992235895,0.008270505806799873,0.005268794969610635,0.0,0.00011314966563907338,0.0,True,0,long_short,1.3162736771941097,1.0654380246688129
2021-04-30,1.4026814524435856,0.00019496885725245328,1.5092817772193374,0.0,0.9083366360083778,0.9843341653048874,-0.07599752929650952,0.09166336399162223,0.00011870478496467092,0.00011370578650442384,0.08460811889339996,True,0,long_short,1.3140974521432156,1.067410525875303
2021-05-06,1.4293344603450688,0.01900146883317788,1.4085525556654872,0.0,0.8986572649903853,0.8841176976209925,0.01453956736939291,0.10134273500961466,0.001974116454848247,0.0006808967391845115,1.3995598196528327,True,0,long_short,1.3191189384295658,1.0835523762904324
2021-05-07,1.451441391835009,0.015466590992707863,1.5622396355472052,0.0,0.7911798417227446,0.8675165400803116,-0.07633669835756705,0.20882015827725542,0.0001539448905168002,0.00010386574456525694,0.10728348893923788,True,0,long_short,1.317816953681185,1.1013983298519252
2021-05-10,1.4611779789366695,0.006708219261509996,1.4554824391338579,0.0,0.8966597079836323,0.8927617982937008,0.0038979096899313666,0.10334029201636774,0.0010776091022757796,0.00031047519806483645,0.7398315665603648,True,0,long_short,1.3225539846040304,1.104815376874119
2021-05-11,1.451448473940699,-0.006658672068854288,1.4553752212806987,0.0,0.8978269005069596,0.9005322995690005,-0.0027053990620408354,0.10217309949304043,0.0,0.00010721785315912242,0.0,True,0,long_short,1.322308801063099,1.0976622652543606
2021-05-12,1.4644008792652534,0.00892377894021168,1.4552677903575253,0.0,0.9009676352529891,0.8947308943188326,0.006236740934156541,0.09903236474701094,0.0,0.00010743092317345758,0.0,True,0,long_short,1.327930332494355,1.1027693572708406
2021-05-13,1.4598540457049305,-0.003104910427672136,1.4551600990116338,0.0,0.8977558053240038,0.894540451907608,0.003215353416395776,0.10224419467599621,0.0,0.00010769134589147548,0.0,True,0,long_short,1.3224885315664079,1.1038689643499755
2021-05-14,1.454357086503931,-0.003765416972451585,1.4550527648885299,0.0,0.9015736853004568,0.9020520261364553,-0.00047834083599846165,0.09842631469954322,0.0,0.00010733412310389356,0.0,True,0,long_short,1.3294580417724824,1.0939473385447567
2021-05-17,1.4334269091128278,-0.014391360681176635,1.4551141251022417,0.0,0.8007218758450161,0.8158515039073472,-0.015129628062331053,0.19927812415498392,0.001185774812086049,0.00032348361121811085,0.8142380646704755,True,0,long_short,1.331661863239239,1.0764195841923772
2021-05-18,1.44153702421497,0.005657850463517411,1.4550180048146082,0.0,0.8011233593092842,0.8104751694766156,-0.009351810167331307,0.19887664069071576,0.0,9.612028763350363e-05,0.0,True,0,long_short,1.3348471264701285,1.079926678965083
2021-05-19,1.4397578037098557,-0.0012342523814699025,1.4549219776942788,0.0,0.801204642318127,0.8117370901682787,-0.010532447850151568,0.19879535768187295,0.0,9.602712032937896e-05,0.0,True,0,long_short,1.3341925960939043,1.0791229151810715
2021-05-20,1.4456323693547506,0.004080245739774835,1.4548259197646791,0.0,0.7998525338110261,0.8062120693366672,-0.006359535525641223,0.20014746618897394,0.0,9.605792959976795e-05,0.0,True,0,long_short,1.3316225914166655,1.0856171851341108
2021-05-21,1.4425944728251616,-0.0021014308990222608,1.4547301263731178,0.0,0.7992894420181168,0.8077018224733045,-0.008412380455187664,0.2007105579818832,0.0,9.579339156144352e-05,0.0,True,0,long_short,1.332422179876269,1.0826857242492942
2021-05-24,1.4420939482787134,-0.00034696136431733304,1.441266397321768,0.0,0.7983487755838571,0.7977749218776314,0.0005738537062257056,0.20165122441614292,0.001470240191906166,0.00028730618255115586,1.0190634615336933,True,0,long_short,1.3342920139510497,1.0807933594749213
2021-05-25,1.4409847600948682,-0.0007691511258119954,1.4411718384406507,0.0,0.8054883689895417,0.8056181957239829,-0.00012982673444115588,0.19451163101045832,0.0,9.455888111739087e-05,0.0,True,0,long_short,1.3443459543300547,1.071885369575849
2021-05-26,1.455701723165125,0.01021312888089665,1.4410764233549664,0.0,0.8075096761500404,0.7974627691653053,0.010046906984735057,0.19249032384995957,0.0,9.541508568438772e-05,0.0,True,0,long_short,1.3503835548004675,1.0779912995757857
2021-05-27,1.4581021008540924,0.0016489488545416986,1.440981009552728,0.0,0.8175574904178587,0.8058154517147145,0.01174203870314434,0.18244250958214125,0.0,9.541380223840828e-05,0.0,True,0,long_short,1.3551340301310406,1.0759836801626883
2021-05-28,1.4646156959691947,0.004467173534203672,1.440884437399053,0.0,0.8172228760804222,0.8010198143247325,0.016203061755689755,0.1827771239195778,0.0,9.657215367500668e-05,0.0,True,0,long_short,1.3544115701157704,1.081366792993362
2021-05-31,1.474789572860778,0.006946448081625256,1.4708566120910533,0.0,0.7955598198903372,0.79289302535768,0.0026667945326572418,0.2044401801096628,0.0015243449170903468,0.0002892787872761917,1.0352924695438832,True,0,long_short,1.3559134519790523,1.087672351585728
2021-06-01,1.4666248022181765,-0.005536227535677285,1.4707605011020513,0.0,0.7944688729972389,0.797288748181144,-0.0028198751839051315,0.2055311270027611,0.0,9.611098900204463e-05,0.0,True,0,long_short,1.357364032812846,1.080494816986502
2021-06-02,1.462055973448857,-0.003115199444608696,1.4706643923251241,0.0,0.792713318097687,0.7986012040833109,-0.005887885985623925,0.20728668190231303,0.0,9.610877692700942e-05,0.0,True,0,long_short,1.3537213059190067,1.0800273047754867
2021-06-03,1.4792846061212979,0.011783839323059597,1.4705684252297133,0.0,0.7950567553010633,0.7891645957696811,0.005892159531382224,0.20494324469893666,0.0,9.596709541096886e-05,0.0,True,0,long_short,1.3552667052073022,1.0915081145559655
2021-06-04,1.4738920597106917,-0.003645374519745448,1.4704724746238325,0.0,0.7970468422450087,0.7947267367363798,0.0023201055086288272,0.20295315775499134,0.0,9.595060588093365e-05,0.0,True,0,long_short,1.35547155552505,1.087364802088946
2021-06-07,1.473548520756639,-0.00023308284469625296,1.470807585514738,0.0,0.7956918919196762,0.7938318003086489,0.0018600916110272806,0.20430810808032385,0.0009075214516722183,0.0002888239134860234,0.616642071129417,True,0,long_short,1.3541805385829737,1.0881477607842251
2021-06-08,1.46727303845475,-0.00425875511630025,1.4707114417058278,0.0,0.7923525261269035,0.7946959231368419,-0.0023433970099383233,0.20764747387309646,0.0,9.614380891022377e-05,0.0,True,0,long_short,1.3505954811222824,1.086389713991575
2021-06-09,1.4705964204602247,0.0022650058430668807,1.4706156031385575,0.0,0.7943662194867261,0.7943792636353898,-1.3044148663697893e-05,0.20563378051327386,0.0,9.58385672702956e-05,0.0,True,0,long_short,1.3511283042285493,1.0884210003282313
2021-06-10,1.4678999292956092,-0.001833603786259408,1.4705195857713036,0.0,0.7933591332911609,0.7951437620818657,-0.0017846287907047319,0.20664086670883908,0.0,9.601736725397533e-05,0.0,True,0,long_short,1.3547006248819191,1.0835603839952144
2021-06-11,1.463420814872233,-0.0030513758696927296,1.4704236522256482,0.0,0.7903305776451527,0.7951158296261607,-0.004785251981007904,0.2096694223548473,0.0,9.59335456553273e-05,0.0,True,0,long_short,1.3532387224416176,1.081421031340144
2021-06-15,1.461416552078576,-0.001369573791276113,1.4614386920988673,0.0,0.6956982273639024,0.6957133770625012,-1.5149698598822615e-05,0.3043017726360976,0.0017481334267298815,0.00038254982640306657,1.1947438264433028,True,0,long_short,1.3436765643452893,1.087625244688744
2021-06-16,1.4864229314430435,0.01711105524903278,1.4613551254924504,0.0,0.6946795757384663,0.6778150579620508,0.016864517776415584,0.3053204242615337,0.0,8.356660641711969e-05,0.0,True,0,long_short,1.329793444365272,1.1177848242081934
2021-06-17,1.4793763283905483,-0.004740644740763189,1.4612723156421408,0.0,0.6937677734021425,0.6815301754353674,0.012237597966775053,0.30623222659785754,0.0,8.280985030949489e-05,0.0,True,0,long_short,1.3288590580281865,1.1132680470912433
2021-06-18,1.468784266257403,-0.007159815883135301,1.461189446633213,0.0,0.694095831728489,0.6889250113441293,0.005170820384359609,0.305904168271511,0.0,8.286900892791287e-05,0.0,True,0,long_short,1.3309910580536604,1.1035267723024684
2021-06-21,1.48177971571828,0.008847759170235614,1.4666199316264992,0.0,0.8060280490342686,0.7957972543142641,0.010230794720004556,0.1939719509657314,0.0014753207968245174,0.0002495052042641409,1.0049217136212842,True,0,long_short,1.3357592233944016,1.1093164769267432
2021-06-22,1.481161765209544,-0.0004170326413439618,1.466523011388477,0.0,0.8072441477892945,0.7973608560618743,0.009883291727420196,0.19275585221070546,0.0,9.692023802195982e-05,0.0,True,0,long_short,1.3445157784276696,1.1016321183985462
2021-06-23,1.4733831911150896,-0.005251670868883007,1.4664259412175396,0.0,0.809478774241983,0.8047568187184613,0.0047219555235218135,0.190521225758017,0.0,9.707017093755607e-05,0.0,True,0,long_short,1.3500485060078813,1.0913557435591046
2021-06-24,1.4674648200667921,-0.004016857993213829,1.4663284851761997,0.0,0.8109290814119223,0.810154729021968,0.0007743523899543226,0.18907091858807767,0.0,9.745604133986583e-05,0.0,True,0,long_short,1.3523690815417482,1.085106750883295
2021-06-25,1.4673807563405725,-5.7285002727169854e-05,1.4662307695408312,0.0,0.8135171699507091,0.8127334696092863,0.0007837003414228296,0.1864828300492909,0.0,9.771563536853286e-05,0.0,True,0,long_short,1.3575848041397454,1.0808759437097568
2021-06-28,1.4610560802368573,-0.004310180623799398,1.4625010675735046,0.0,0.5981103818199752,0.5990993837865616,-0.000989001966586374,0.4018896181800248,0.001518113943471706,0.0002940631528780041,1.0369494898958072,True,0,long_short,1.3601233205988845,1.0742085354389266
2021-06-29,1.4627866682001058,0.001184477438380016,1.4624291236449554,0.0,0.5936632728198641,0.5934188458210933,0.00024442699877079925,0.4063367271801359,0.0,7.194392854911043e-05,0.0,True,0,long_short,1.354207073598226,1.0801794620030865
2021-06-30,1.4570158646019495,-0.00394507533026478,1.4623577774660794,0.0,0.5923304287699579,0.5959967669299678,-0.003666338160010011,0.4076695712300421,0.0,7.134617887609227e-05,0.0,True,0,long_short,1.355672514040561,1.0747550381908506
2021-07-01,1.4555934260309715,-0.0009762684165188773,1.4622864040350108,0.0,0.590077575214692,0.5946756847446927,-0.004598109530000702,0.40992242478530805,0.0,7.137343106863838e-05,0.0,True,0,long_short,1.3503014731532867,1.077976625939541
2021-07-02,1.4557782458232622,0.00012697212627199583,1.462215258334956,0.0,0.588154910582591,0.5925766091003162,-0.004421698517725266,0.41184508941740905,0.0,7.114570005491845e-05,0.0,True,0,long_short,1.3445150708272628,1.0827533862655334
2021-07-05,1.4597154129714447,0.0027045102229534823,1.4546425763450033,0.0,0.7003209061536881,0.6968456831195522,0.003475223034135983,0.29967909384631186,0.0011771697902168777,0.00021271071859198896,0.8085958397953611,True,0,long_short,1.3470422656798944,1.0836448492836865
2021-07-06,1.4630205467475452,0.0022642316075656144,1.4545589711627473,0.0,0.6992222607382595,0.6934386265961358,0.005783634142123827,0.30077773926174045,0.0,8.360518225579936e-05,0.0,True,0,long_short,1.3492156603291616,1.0843489219437457
2021-07-07,1.4624299649365204,-0.0004036729438542386,1.454475586371628,0.0,0.7059581782876364,0.7005190264953403,0.005439151792296093,0.2940418217123636,0.0,8.338479111933249e-05,0.0,True,0,long_short,1.3589239379094795,1.0761676383346892
2021-07-08,1.466467298055761,0.0027607018565267705,1.4543913841785852,0.0,0.7121543383569519,0.7039196413451698,0.00823469701178206,0.28784566164304815,0.0,8.420219304287227e-05,0.0,True,0,long_short,1.363242423191745,1.075720116325559
2021-07-09,1.459303680641855,-0.004884948626814656,1.4543065396469832,0.0,0.7196950523588028,0.7162707198767015,0.0034243324821011958,0.2803049476411972,0.0,8.484453160206834e-05,0.0,True,0,long_short,1.3699476446459062,1.0652258765838054
2021-07-12,1.4389820239369207,-0.013925584492458842,1.4431893457152767,0.0,0.6988801593147091,0.7018039774780837,-0.002923818163374451,0.30111984068529085,0.0018283389697644728,0.00025773447892242615,1.2652709992009405,True,0,long_short,1.3794312590970879,1.0431705200582535
2021-07-13,1.4476557380075454,0.006027673679268375,1.4431063416077765,0.0,0.7020867299117816,0.6989441344173373,0.0031425954944443346,0.29791327008821844,0.0,8.300410750014196e-05,0.0,True,0,long_short,1.3887326664435367,1.042429383990014
2021-07-14,1.4360470818104032,-0.00801893426203637,1.4430231774581816,0.0,0.7039980689027184,0.7088559149553592,-0.0048578460526406755,0.29600193109728157,0.0,8.316414959473771e-05,0.0,True,0,long_short,1.3841919946335586,1.0374623515942039
2021-07-15,1.4466681251057412,0.0073960272123865245,1.4429395102964204,0.0,0.702104410350637,0.6995270294402444,0.002577380910392611,0.297895589649363,0.0,8.366716176128932e-05,0.0,True,0,long_short,1.387935554585357,1.0423164968476728
2021-07-16,1.448264135628091,0.0011032319677555247,1.442856333573998,0.0,0.7000701018025399,0.6963361130079148,0.003733988794625219,0.2999298981974601,0.0,8.317672242255673e-05,0.0,True,0,long_short,1.3884832373001648,1.0430548217810445
2021-07-19,1.444814329927197,-0.002382027985107782,1.4474145761734007,0.0,0.5961804835183259,0.5979801931366094,-0.0017997096182835624,0.40381951648167413,0.0008813571012323108,0.00024866596080296683,0.60854766003488,True,0,long_short,1.3835484320636389,1.0442817153658848
2021-07-20,1.4438884181709166,-0.000640851725444147,1.4473435649115878,0.0,0.5976683440068223,0.6000612898170313,-0.002392945810208978,0.40233165599317766,0.0,7.101126181285529e-05,0.0,True,0,long_short,1.3831185648165512,1.0439368358579046
2021-07-21,1.448519614049525,0.003207447210134884,1.4472723521817337,0.0,0.5992602280478505,0.5983991683454523,0.0008610597023981825,0.4007397719521495,0.0,7.121272985420657e-05,0.0,True,0,long_short,1.396453648281557,1.0372844210275358
2021-07-22,1.4487610011907655,0.00016664402670096834,1.4472011089270176,0.0,0.5999564634023072,0.5988797556068421,0.001076707795465064,0.40004353659769276,0.0,7.124325471610777e-05,0.0,True,0,long_short,1.4052399225319074,1.0309705680581884
2021-07-23,1.4510568989030725,0.0015847318573734004,1.4471297965735113,0.0,0.5981763611150936,0.5954699873453745,0.0027063737697192065,0.40182363888490635,0.0,7.131235350623421e-05,0.0,True,0,long_short,1.4079935495146922,1.0305849053095615
2021-07-26,1.4344106158154295,-0.011471833461683567,1.4539718000377515,0.0,0.5923000849160359,0.6059371732132403,-0.01363708829720429,0.4076999150839641,0.0003092204788437342,0.0002130560958642487,0.2126277345859136,True,0,long_short,1.397357607801153,1.0265164821141113
2021-07-27,1.4300353966136328,-0.0030501860161634697,1.4539003620064825,0.0,0.5909458086507787,0.6076341825535246,-0.01668837390274601,0.4090541913492213,0.0,7.143803126911763e-05,0.0,True,0,long_short,1.3820691934133724,1.0347060794270333
2021-07-28,1.4176797229752756,-0.008640117347875398,1.453828942412846,0.0,0.5959158829430614,0.6214147448169581,-0.02549886187389676,0.4040841170569386,0.0,7.141959363648742e-05,0.0,True,0,long_short,1.3736866051950607,1.0320255854674858
2021-07-29,1.4239894729032314,0.004450758394648924,1.4537565341594254,0.0,0.5994876378723206,0.620391627559481,-0.02090398968716033,0.4005123621276794,0.0,7.240825342067315e-05,0.0,True,0,long_short,1.3921249027933942,1.0228891603374803
2021-07-30,1.4189776888300254,-0.0035195373059800916,1.453683923380243,0.0,0.6099273727638785,0.6343859916860922,-0.024458618922213647,0.39007262723612146,0.0,7.261077918263039e-05,0.0,True,0,long_short,1.3955503963623679,1.016787134688022
2021-08-02,1.4127151319208457,-0.004413428737095493,1.4110940149372682,0.0,0.5978907583868642,0.596743239720894,0.001147518665970201,0.40210924161313577,0.0012248411053047093,0.00022196208533643489,0.8672553652202938,True,0,long_short,1.4103392448629979,1.0016846209637162
2021-08-03,1.4061750129535338,-0.004629467625521522,1.411024724947847,0.0,0.5993179000424572,0.6027667680351594,-0.003448867992702123,0.4006820999575428,0.0,6.928998942124732e-05,0.0,True,0,long_short,1.4031560393340914,1.0021515594380188
2021-08-04,1.4069527755006142,0.0005531050828777584,1.4109550595587086,0.0,0.6009718726808065,0.6038165197278053,-0.002844647046998648,0.39902812731919346,0.0,6.966538913833972e-05,0.0,True,0,long_short,1.4148544430583339,0.9944152081533988
2021-08-05,1.4033461188357523,-0.00256345253917889,1.4108852342440519,0.0,0.5982375667615368,0.603609809080883,-0.005372242319346155,0.40176243323846317,0.0,6.982531465678002e-05,0.0,True,0,long_short,1.4111299883175172,0.9944839458120753
2021-08-06,1.4097366908131055,0.004553810276437753,1.4108156117660082,0.0,0.5982902336695533,0.5990555687565475,-0.0007653350869943142,0.40170976633044675,0.0,6.962247804368602e-05,0.0,True,0,long_short,1.4131883979006912,0.9975575039444753
2021-08-09,1.3979420218097136,-0.008366575886301852,1.4079182301785738,0.0,0.7003871345691568,0.7075234880181686,-0.007136353449011733,0.2996128654308432,0.0011332440315721213,0.00020823549413720994,0.8042602078872737,True,0,long_short,1.412982486182333,0.989355519605019
2021-08-10,1.4085129000599887,0.00756174296598533,1.4078369361937533,0.0,0.7024262747642036,0.7019463616116819,0.0004799131525217481,0.2975737252357964,0.0,8.129398482065582e-05,0.0,True,0,long_short,1.417899601408691,0.9933798547235808
2021-08-11,1.4158555173265464,0.005213028056928026,1.4077556731385084,0.0,0.7024935567204765,0.6967727440465024,0.005720812673974134,0.29750644327952347,0.0,8.126305524495021e-05,0.0,True,0,long_short,1.4244664869833368,0.9939549510392299
2021-08-12,1.4219205989292465,0.004283686808773002,1.407674588519277,0.0,0.7015879456126398,0.6915690947564831,0.010018850856156789,0.2984120543873602,0.0,8.108461923131489e-05,0.0,True,0,long_short,1.426694366863922,0.9966539659470521
2021-08-13,1.4234797779261852,0.0010965302831345003,1.4075937647103935,0.0,0.7016001836621928,0.6904401984891434,0.011159985173049333,0.2983998163378072,0.0,8.082380888359686e-05,0.0,True,0,long_short,1.428930737949388,0.9961852874471541
2021-08-16,1.4224029719913263,-0.0007564602964910128,1.4306334289579763,0.0,0.7978853306104128,0.8036716352854711,-0.005786304675058447,0.20211466938958722,0.0011719512103612647,0.0002423410669520475,0.8185129254252967,True,0,long_short,1.4272077309590039,0.9966334550581161
2021-08-17,1.413406786014187,-0.00632463946876094,1.4305394718410556,0.0,0.79318745302504,0.8053090064209899,-0.012121553395949959,0.20681254697496,0.0,9.39571169207e-05,0.0,True,0,long_short,1.4122971751884164,1.0007856780040805
2021-08-18,1.408234987620741,-0.003659101148106525,1.4304459187549312,0.0,0.7946356921916943,0.8104078689444651,-0.015772176752770862,0.20536430780830572,0.0,9.355308612441941e-05,0.0,True,0,long_short,1.4179760222526177,0.9931303248581017
2021-08-19,1.4131784135332306,0.0035103700418932515,1.430352117819428,0.0,0.7960581663966494,0.8082107043364696,-0.01215253793982015,0.2039418336033506,0.0,9.380093550335014e-05,0.0,True,0,long_short,1.4168070663807018,0.9974388518143541
2021-08-20,1.4170443539349138,0.00273563505121599,1.4302582428122264,0.0,0.7885069983422066,0.7978319632528813,-0.009324964910674615,0.2114930016577934,0.0,9.387500720176329e-05,0.0,True,0,long_short,1.4133313331828503,1.0026271410425054
2021-08-23,1.4289004698949186,0.008366792420492875,1.4139762060135304,0.0,0.8993332424281191,0.8888886633998221,0.010444579028296947,0.10066675757188093,0.00114880733233541,0.00027876902767799255,0.8118062513920347,True,0,long_short,1.423030411957881,1.0041250403980906
2021-08-24,1.4680324692457762,0.027386091736491203,1.4138718114851343,0.0,0.901735053666019,0.8648416886381541,0.036893365027864874,0.09826494633398097,0.0,0.00010439452839585797,0.0,True,0,long_short,1.4315460290526574,1.0254874376741236
2021-08-25,1.4826699516448338,0.009970816521911008,1.4137674595114622,0.0,0.9027618344485765,0.8562899328247974,0.04647190162377907,0.0972381655514235,0.0,0.00010435197367217722,0.0,True,0,long_short,1.436104744673007,1.0324246592350264
2021-08-26,1.4833962778787941,0.0004898772199128931,1.4136631092084515,0.0,0.8973514429333054,0.8503423127971166,0.04700913013618879,0.10264855706669462,0.0,0.00010435030301057265,0.0,True,0,long_short,1.4345579301838984,1.0340441795115483
2021-08-27,1.506606310324402,0.015646548930807302,1.4135594329381727,0.0,0.8965692815486848,0.8348100304765221,0.06175925107216265,0.10343071845131524,0.0,0.00010367627027885653,0.0,True,0,long_short,1.4390879879877756,1.0469174386140454
2021-08-30,1.5169697129203024,0.006878640109816647,1.5031102108440715,0.0,0.891733243395825,0.8825969356909403,0.009136307704884692,0.10826675660417495,0.0019172271482694062,0.00031012522023403594,1.2738818574809019,True,0,long_short,1.4458558320779322,1.0491846277233379
2021-08-31,1.5205771440153937,0.0023780508367214903,1.5030001665026886,0.0,0.8934372453157117,0.8818778334293212,0.01155941188639042,0.10656275468428833,0.0,0.00011004434138296638,0.0,True,0,long_short,1.4491847381913874,1.049263840518432
2021-09-01,1.5132410792145081,-0.00482452654885579,1.5028899503429083,0.0,0.8984018946756621,0.8915615246818915,0.0068403699937705665,0.10159810532433788,0.0,0.00011021615978025537,0.0,True,0,long_short,1.4523462968086516,1.0419285555653395
2021-09-02,1.539518709953883,0.01736513176936416,1.502779061505336,0.0,0.9023915267137796,0.8785271538997284,0.02386437281405137,0.09760847328622035,0.0,0.00011088883757225407,0.0,True,0,long_short,1.4732286462118258,1.0449964531388332
2021-09-03,1.5530162072384122,0.008767348650756901,1.5026678963828184,0.0,0.9050184512298155,0.872598756817789,0.032419694412026516,0.0949815487701845,0.0,0.0001111651225176301,0.0,True,0,long_short,1.4706575801339772,1.0560012257217157
2021-09-06,1.542138323881086,-0.0070043591989741305,1.557222776370323,0.0,0.8051767955302036,0.8149583126974017,-0.009781517167198179,0.1948232044697964,0.0019179793261730623,0.00033414904399416573,1.230151491560662,True,0,long_short,1.479333822521081,1.0424545835455674
2021-09-07,1.5597642828119886,0.011429557684905722,1.557119479511717,0.0,0.8140246910937452,0.8123290481498617,0.0016956429438834057,0.1859753089062548,0.0,0.00010329685860625717,0.0,True,0,long_short,1.498188896758978,1.0410998814543455
2021-09-08,1.5577187666128511,-0.0013114264903218986,1.5570153390869064,0.0,0.8163451394850684,0.8158935640524412,0.0004515754326272439,0.18365486051493163,0.0,0.00010414042481053269,0.0,True,0,long_short,1.5022947481190212,1.036892905711895
2021-09-09,1.5683719364568567,0.006838955832297211,1.55691087886365,0.0,0.8169169750883116,0.8096093605315894,0.007307614556722304,0.18308302491168837,0.0,0.00010446022325614782,0.0,True,0,long_short,1.5023474643493224,1.0439475378860708
2021-09-10,1.5611412989584834,-0.004610282376454888,1.5568065143211391,0.0,0.8125163692880022,0.8097396926090644,0.0027766766789377043,0.1874836307119978,0.0,0.00010436454251100215,0.0,True,0,long_short,1.5016122675267316,1.0396434104323087
2021-09-13,1.553962562742596,-0.0045983897938493,1.5574547572032658,0.0,0.7992598849324876,0.8015071684542389,-0.002247283521751391,0.20074011506751244,0.0009919631055830555,0.00031170034739292106,0.6365075511766426,True,0,long_short,1.5044419615532394,1.0329162589550678
2021-09-14,1.5358811021539795,-0.01163571183896761,1.5573523863429741,0.0,0.7964673335928081,0.8104471163760475,-0.013979782783239367,0.20353266640719192,0.0,0.00010237086029159267,0.0,True,0,long_short,1.4895112391710603,1.0311309252078722
2021-09-15,1.5372971516904945,0.0009219786183507495,1.5572500780900698,0.0,0.7884017485273042,0.8013809740320376,-0.012979225504733424,0.21159825147269584,0.0,0.00010230825290442396,0.0,True,0,long_short,1.4884257801471386,1.0328342683896035
2021-09-16,1.5321016599326476,-0.003379627518423245,1.557148821047155,0.0,0.7812616899690508,0.797609927014632,-0.016348237045581197,0.21873831003094923,0.0,0.00010125704291493743,0.0,True,0,long_short,1.4628385956396248,1.0473483981756289
2021-09-17,1.5251704129546821,-0.004524012445930037,1.5570483810888134,0.0,0.7822866915497149,0.803187941576179,-0.02090125002646408,0.21771330845028514,0.0,0.0001004399583417432,0.0,True,0,long_short,1.4624196961988414,1.042908829058405
2021-09-22,1.5371819775428361,0.007875555732086426,1.521413385845548,0.0,0.8989658176924312,0.8887077012640209,0.010258116428410327,0.10103418230756878,0.0012562493189422488,0.0005034240347399845,0.8250307814186754,True,0,long_short,1.4686441031766306,1.0466674493963244
2021-09-23,1.5467119041824315,0.00619960862072344,1.5213011032048616,0.0,0.9047949869420113,0.8883660702776621,0.01642891666434918,0.09520501305798867,0.0,0.00011228264068656788,0.0,True,0,long_short,1.4760371122261322,1.0478814464561186
2021-09-24,1.5331358489951876,-0.008777365164471362,1.521188167886272,0.0,0.9014719325123831,0.8936789628830146,0.00779296962936843,0.09852806748761689,0.0,0.0001129353185893337,0.0,True,0,long_short,1.4653201502660225,1.0462804655466271
2021-09-27,1.512299896963215,-0.013590414734368284,1.5328421308289988,0.0,0.8913124565100138,0.9048958958179406,-0.013583439307926798,0.10868754348998622,0.001252552640969557,0.00033784058354518093,0.8164767497508096,True,0,long_short,1.4420864447112884,1.0486887956747861
2021-09-28,1.5293308232914342,0.01126160648586838,1.5327296535163952,0.0,0.8865525575892464,0.8887749872775763,-0.0022224296883298464,0.11344744241075355,0.0,0.00011247731260338968,0.0,True,0,long_short,1.4475852074719773,1.0564703310019417
2021-09-29,1.5220284823127677,-0.004774860264014191,1.532617935901353,0.0,0.8788800771248044,0.8858375379815777,-0.006957460856773288,0.12111992287519557,0.0,0.00011171761504225065,0.0,True,0,long_short,1.4249398716554382,1.0681352333446434
2021-09-30,1.5266736617384151,0.003051966162018749,1.5325071191920232,0.0,0.885919565069047,0.8897405895615805,-0.003821024492533495,0.11408043493095299,0.0,0.0001108167093295709,0.0,True,0,long_short,1.4422750202196817,1.058517717034216
2021-10-08,1.5354131317702788,0.0057245174596856074,1.533417503665546,0.0,0.9976074736439879,0.9963077400000325,0.0012997336439554523,0.002392526356012059,0.0012463507630663638,0.0008931573855539337,0.8121327412968925,True,0,long_short,1.44267446064928,1.0642824654144507
2021-10-11,1.5209358551203054,-0.009428912877201712,1.5452108550398307,0.0,0.9971693666440946,1.0131299344996045,-0.01596056785550988,0.0028306333559053876,0.0006427257121950259,0.0003771971475485963,0.4157739906274647,True,0,long_short,1.4404405661652373,1.0558824090669452
2021-10-12,1.5139487185351859,-0.004593971903283811,1.5450842052609313,0.0,0.9895351135994834,1.0101008608698867,-0.020565747270403247,0.010464886400516571,0.0,0.00012664977889940835,0.0,True,0,long_short,1.4198108301072652,1.0663031204099271
2021-10-13,1.4995531270283293,-0.00950863878717434,1.5449585142277336,0.0,0.9849255499712177,1.0152048287650168,-0.03027927879379921,0.015074450028782271,0.0,0.000125691033197692,0.0,True,0,long_short,1.4190098264468483,1.0567602134110365
2021-10-14,1.5063575299950516,0.00453762047111117,1.5448333892763184,0.0,0.9864052567167719,1.0119475722130096,-0.025542315496237755,0.013594743283228072,0.0,0.0001251249514149732,0.0,True,0,long_short,1.4242545606615216,1.0576462744801713
2021-10-15,1.5093343548151956,0.0019761741557819956,1.5447080998369735,0.0,0.9860320462179705,1.0094686988780825,-0.023436652660112117,0.01396795378202953,0.0,0.000125289439344927,0.0,True,0,long_short,1.4309629663175132,1.054768285652679
2021-10-18,1.5254452350379675,0.01067416253487763,1.5102893329257694,0.0,0.9960951347496882,0.986159738995005,0.00993539575468328,0.003904865250311751,0.0012848369291066641,0.0003756885502998787,0.8499992621797839,True,0,long_short,1.4387108369709891,1.060286192220242
2021-10-19,1.5284409956419256,0.0019638598195126367,1.510165689144276,0.0,1.000850354564205,0.9888935262994839,0.011956828264721048,0.0,0.0,0.00012364378149338763,0.0,True,0,long_short,1.4465478652757129,1.056612803718461
2021-10-20,1.5198814517260841,-0.005600179490243606,1.5100414591109126,0.0,1.001611308778581,0.9951371244900651,0.006474184288515872,0.0,0.0,0.00012423003336337299,0.0,True,0,long_short,1.4475668098614023,1.0499559960701266
2021-10-21,1.5131627107442627,-0.0044205691004328695,1.5099171448267399,0.0,1.0060550633125953,1.0039101744024488,0.0021448889101465403,0.0,0.0,0.00012431428417286145,0.0,True,0,long_short,1.446740332586343,1.045911748405587
2021-10-22,1.5030904748717975,-0.006656412956086544,1.509792288982287,0.0,1.0017710135430469,1.006229703304261,-0.004458689761214259,0.0,0.0,0.0001248558444528127,0.0,True,0,long_short,1.4405173408093674,1.0434379596064236
2021-10-25,1.5078178998992677,0.0031451367076713588,1.5049917748880322,0.0,0.89474022259269,0.8928659080541609,0.0018743145385291633,0.10525977740730996,0.0006413680029625018,0.0003729339326884216,0.42597893516809743,True,0,long_short,1.4480610687455024,1.041266789394134
2021-10-26,1.5072199226990408,-0.0003965844948962127,1.5048811218032343,0.0,0.8939757034075866,0.8924239717322129,0.0015517316753737005,0.10602429659241341,0.0,0.00011065308479785296,0.0,True,0,long_short,1.4496545848614555,1.0397096925286424
2021-10-27,1.5042666839369445,-0.0019593947224422203,1.5047705673492873,0.0,0.8888054326276821,0.8891404020966754,-0.00033496946899335377,0.11119456737231792,0.0,0.00011055445394704084,0.0,True,0,long_short,1.4461841586666544,1.0401626064856364
2021-10-28,1.4731678574785512,-0.020673745413946176,1.6526176800662264,0.0,0.7986976811523111,0.920509884477748,-0.12181220332543684,0.2013023188476889,0.00014810514972564144,0.00010993185897668443,0.09880651992533127,True,0,long_short,1.4348186809337777,1.0267275419914492
2021-10-29,1.4872387146649269,0.009551428314801269,1.652506222621763,0.0,0.7928796330557645,0.9040033594133526,-0.1111237263575881,0.20712036694423552,0.0,0.00011145744446333526,0.0,True,0,long_short,1.4439339893732572,1.0299907929381633
2021-11-01,1.4814764005164944,-0.003874505209966017,1.485837717882405,0.0,0.9052901950691946,0.9082340943877326,-0.002943899318537992,0.09470980493080539,0.0007961149406265929,0.00033151285339069075,0.5355151504354078,True,0,long_short,1.4549679563155813,1.0182192632393365
2021-11-02,1.4790736487239666,-0.0016218630223809871,1.4857271265911465,0.0,0.8999767347123611,0.9044751434784966,-0.004498408766135571,0.10002326528763894,0.0,0.00011059129125862159,0.0,True,0,long_short,1.4485857544470917,1.0210466616721023
2021-11-03,1.4698735848094167,-0.006220152676296498,1.4856171716308195,0.0,0.9089543789242319,0.9196652230295395,-0.010710844105307484,0.09104562107576808,0.0,0.00010995496032697588,0.0,True,0,long_short,1.4522688145641147,1.0121222531729333
2021-11-04,1.475097579680644,0.003554043643763105,1.4855060654704195,0.0,0.911868553244749,0.9189246869766129,-0.007056133731863896,0.08813144675525098,0.0,0.00011110616039991623,0.0,True,0,long_short,1.4637676749736594,1.007740234260323
2021-11-05,1.4565268699754403,-0.012589478798564646,1.485394654217132,0.0,0.9159935729101687,0.9358131758552063,-0.01981960294503764,0.0840064270898313,0.0,0.00011141125328778042,0.0,True,0,long_short,1.4532884667502108,1.0022283278917579
2021-11-08,1.5020781896513742,0.03127393020679525,1.4727183022833816,0.0,0.9032411572982179,0.8836949794958446,0.019546177802373232,0.09675884270178214,0.0009619480877745768,0.00033609132392305315,0.65275224224,True,0,long_short,1.4596653616156499,1.029056542102759
2021-11-09,1.4866254396675973,-0.010287580293914855,1.472609202643244,0.0,0.9048151360679828,0.8953869124883518,0.009428223579631004,0.0951848639320172,0.0,0.00010909964013740766,0.0,True,0,long_short,1.468011508413015,1.0126796902802926
2021-11-10,1.4870492098272519,0.00028505509750287317,1.4724997967559195,0.0,0.9045629588286317,0.8947788757094036,0.009784083119228078,0.09543704117136831,0.0,0.00010940588732470755,0.0,True,0,long_short,1.4683384198009237,1.0127428321523215
2021-11-11,1.4856459203719499,-0.0009436738515634646,1.4723904339981035,0.0,0.9127427558806568,0.9038203833340896,0.00892237254656716,0.08725724411934321,0.0,0.00010936275781592756,0.0,True,0,long_short,1.4827288892725656,1.0019673394917228
2021-11-12,1.4846459175695759,-0.0006731097825272148,1.4722800704036996,0.0,0.9169767382206377,0.9086475824134944,0.00832915580714335,0.08302326177936226,0.0,0.00011036359440405222,0.0,True,0,long_short,1.4920596620358937,0.9950312010605515
2021-11-15,1.4966130993899003,0.008060630267932911,1.4825935534925512,0.0,0.7937698472022018,0.784402332042095,0.009367515160106756,0.20623015279779822,0.0015354253656336692,0.00033263504968923104,1.0345632943674135,True,0,long_short,1.4892395206148765,1.0049512376437468
2021-11-16,1.495928423998448,-0.00045748322778360606,1.4824970647140312,0.0,0.782747551752592,0.7737689408318126,0.008978610920779393,0.21725244824740797,0.0,9.648877851996044e-05,0.0,True,0,long_short,1.480174451804275,1.0106433212483634
2021-11-17,1.5022756945692417,0.004243030929132363,1.4824019274850835,0.0,0.7826874012819582,0.7694582934983455,0.013229107783612784,0.21731259871804176,0.0,9.513722894773822e-05,0.0,True,0,long_short,1.4861494296386921,1.0108510386700953
2021-11-18,1.5068186539341542,0.0030240516979243015,1.48230691884188,0.0,0.783266007117836,0.76699879737214,0.016267209745695965,0.216733992882164,0.0,9.500864320333893e-05,0.0,True,0,long_short,1.4866447499234023,1.013570090643236
2021-11-19,1.5128063759643677,0.0039737509318591435,1.482211927491571,0.0,0.7871098561488366,0.7668862181744832,0.020223637974353403,0.21289014385116345,0.0,9.499135030893724e-05,0.0,True,0,long_short,1.4994102150609916,1.0089342868074507
2021-11-22,1.5091578144310498,-0.0024117835509465113,1.5098674757851354,0.0,0.9027769235570392,0.9032471602329518,-0.00047023667591265437,0.0972230764429608,0.0009518136787344078,0.00028606447245046665,0.6299983627242205,True,0,long_short,1.512271913853896,0.9979407807588582
2021-11-23,1.5300093729395896,0.013816685246003102,1.5097554366747055,0.0,0.902506645371006,0.8892688596272686,0.01323778574373733,0.097493354628994,0.0,0.00011203911042971621,0.0,True,0,long_short,1.510709532155839,1.0127753485186586
2021-11-24,1.5570149837743466,0.017650617906262323,1.5096436073850925,0.0,0.9043442576287445,0.8739197743174654,0.03042448331127911,0.09565574237125551,0.0,0.00011182928961312503,0.0,True,0,long_short,1.5102573754959394,1.0309600264412235
2021-11-25,1.5543794481019924,-0.0016926848487773816,1.5095317685207175,0.0,0.904528962283284,0.8756764966668368,0.028852465616447245,0.09547103771671595,0.0,0.00011183886437498537,0.0,True,0,long_short,1.5087077306052037,1.0302720776001246
2021-11-26,1.556297537288832,0.0012339903163167687,1.509419894530339,0.0,0.9035266203627134,0.8734053603624202,0.030121260000293158,0.09647337963728664,0.0,0.0001118739903784836,0.0,True,0,long_short,1.5096958945732002,1.0308682317300772
2021-11-29,1.5532222822907786,-0.001976007109418587,1.6872224236534146,0.0,0.8863874725367693,0.9726598257539822,-0.08627235321721292,0.1136125274632307,0.0017507446897485645,0.00033516458910909846,1.1382828819072428,True,0,long_short,1.5159096875448885,1.0246139958418765
2021-11-30,1.5232483974887285,-0.019297872006988515,1.6870982518522266,0.0,0.9008220595891335,1.0083881365557172,-0.10756607696658382,0.09917794041086647,0.0,0.00012417180118768368,0.0,True,0,long_short,1.5178916762841357,1.003529053679052
2021-12-01,1.5549867060547542,0.02083593760436586,1.6869720031717017,0.0,0.8959003371815905,0.9807790674003297,-0.08487873021873933,0.10409966281840954,0.0,0.0001262486805250801,0.0,True,0,long_short,1.5256689123544909,1.0192163538647574
2021-12-02,1.5583515670574797,0.0021639162506170706,1.6868466526173413,0.0,0.8948571755831365,0.9773129501825035,-0.08245577459936705,0.10514282441686351,0.0,0.0001253505543603528,0.0,True,0,long_short,1.5273200979035924,1.0203175936704305
2021-12-03,1.5806156038375112,0.014286915257557098,1.6867214747679642,0.0,0.8934279111482291,0.9605573705011815,-0.06712945935295245,0.10657208885177094,0.0,0.00012517784937718954,0.0,True,0,long_short,1.5353665759287078,1.0294711560211172
2021-12-06,1.5784394640077786,-0.0013767672699480649,1.7310575140223776,0.0,0.8912827537329291,0.9879719543609278,-0.09668920062799866,0.10871724626707091,0.0013074394045712214,0.00037436843051390884,0.8267348793651697,True,0,long_short,1.5210627875068903,1.0377214385705484
2021-12-07,1.5775672996367631,-0.0005525485081327997,1.7309293397274108,0.0,0.8773855680693433,0.9745998296263365,-0.09721426155699321,0.12261443193065669,0.0,0.00012817429496680933,0.0,True,0,long_short,1.4998874915353302,1.051790423308296
2021-12-08,1.5705581312856032,-0.004443023351697106,1.7308029701256478,0.0,0.8837249359213185,0.985755440649516,-0.10203050472819752,0.11627506407868149,0.0,0.0001263696017630194,0.0,True,0,long_short,1.5113909513475188,1.0391475017667218
2021-12-09,1.5687409009452276,-0.0011570602222077397,1.7306757219429543,0.0,0.8907223528549914,0.9939483354886783,-0.10322598263368706,0.10927764714500865,0.0,0.00012724818269351673,0.0,True,0,long_short,1.521723686286775,1.0308973403530186
2021-12-10,1.5683813347018252,-0.00022920690292815848,1.7305475646218056,0.0,0.8920579130276884,0.9954551075312884,-0.10339719450359994,0.10794208697231156,0.0,0.00012815732114856317,0.0,True,0,long_short,1.5253522611724797,1.0282092698353302
2021-12-13,1.5586393809089358,-0.00621147011720935,1.556387412827549,0.0,0.997176459126314,0.9957316296750823,0.0014448294512316908,0.00282354087368597,0.0014373369178566457,0.0003849665449772887,0.9226563630418304,True,0,long_short,1.5316070949677583,1.0176496217796291
2021-12-14,1.5522888540858244,-0.004074404189253866,1.5562598522907687,0.0,0.9929824389039211,0.9955405956506453,-0.0025581567467241957,0.007017561096078873,0.0,0.0001275605367804013,0.0,True,0,long_short,1.5249192097235618,1.0179482586275663
2021-12-15,1.5502398514809135,-0.0013199879645580115,1.5561328358603235,0.0,0.9951702038960403,0.9989715410722072,-0.0038013371761668755,0.004829796103959727,0.0,0.00012701643044535281,0.0,True,0,long_short,1.5260697679849027,1.015838124837455
2021-12-16,1.5787742204979691,0.01840642207062171,1.5560055499293537,0.0,0.9968365619610958,0.9824148224412841,0.014421739519811674,0.003163438038904176,0.0,0.000127285930969762,0.0,True,0,long_short,1.5312239293475147,1.0310537800769066
2021-12-17,1.5816436841540424,0.001817526292751559,1.5558780695571204,0.0,0.9970089995133208,0.9807185955145826,0.01629040399873815,0.0029910004866792184,0.0,0.00012748037223331963,0.0,True,0,long_short,1.5281083647566882,1.0350337192257162
2021-12-20,1.5662089195162092,-0.009758686354245927,1.5757238898668038,0.0,0.9940638644834259,1.0001390248480684,-0.00607516036464254,0.005936135516574126,0.0009884455741416942,0.0003824746945959606,0.6269029244737052,True,0,long_short,1.5159970761951194,1.0331213325602926
2021-12-21,1.5665492347394516,0.0002172859693247986,1.5755951424699703,0.0,1.0105437226782783,1.0163181391663902,-0.005774416488111776,0.0,0.0,0.00012874739683342096,0.0,True,0,long_short,1.5268679412436927,1.0259886873146586
2021-12-22,1.5437702616215794,-0.014540860007927536,1.5754642839162858,0.0,1.0229937004736265,1.0435239717728124,-0.02053027129918604,0.0,0.0,0.00013085855368462452,0.0,True,0,long_short,1.5340001995433148,1.0063690096527844
2021-12-23,1.5422227168280482,-0.0010024450088224057,1.5753318761402655,0.0,1.0270447506380578,1.0485132188112634,-0.021468468173205517,0.0,0.0,0.00013240777602017295,0.0,True,0,long_short,1.5434364047672455,0.9992136456445834
2021-12-24,1.5162015983255235,-0.016872477767700955,1.575198968668626,0.0,1.0349320516677967,1.0738433484295589,-0.03891129676176219,0.0,0.0,0.00013290747163933382,0.0,True,0,long_short,1.538823557715781,0.9852991856819262
2021-12-27,1.5147704345914128,-0.0009439138803779556,1.5117636086562152,0.0,0.9940100422714433,0.9920250378994715,0.0019850043719717675,0.005989957728556705,0.0013902096030805992,0.00040146484962085374,0.9187496910789089,True,0,long_short,1.5319407285595308,0.9887918026800795
2021-12-28,1.5186026756873168,0.0025299154303455307,1.5116400998728357,0.0,0.9895916713153392,0.9850068145085185,0.004584856806820702,0.010408328684660795,0.0,0.00012350878337955164,0.0,True,0,long_short,1.5331432954507662,0.9905158116618353
2021-12-29,1.5183260260150016,-0.0001821738343704693,1.51151715461387,0.0,0.9904464959579611,0.9859620365701429,0.0044844593878181635,0.009553504042038918,0.0,0.00012294525896571588,0.0,True,0,long_short,1.5282856186585736,0.9934831601357906
2021-12-30,1.5206456659740182,0.0015277614420565744,1.511394112546408,0.0,0.9915830570264988,0.9854990930665687,0.006083963959930111,0.008416942973501151,0.0,0.00012304206746196187,0.0,True,0,long_short,1.5346536685189287,0.9908722060017428
2021-12-31,1.5089213003172437,-0.007710123350310294,1.5112709403608169,0.0,1.0017659508884211,1.003323116290672,-0.0015571654022507471,0.0,0.0,0.00012317218559120574,0.0,True,0,long_short,1.5438698100163668,0.9773630461115419
2022-01-04,1.507312447820593,-0.0010662269107820643,1.515106777874309,0.0,1.0064908511163129,1.0116618626507732,-0.00517101153446036,0.0,0.001838380097310555,0.0004977322590482202,1.2118962163198708,True,0,long_short,1.5485325428965058,0.9733811890069736
2022-01-05,1.5249768424358876,0.011719132712554092,1.5149814444070302,0.0,0.9947150771303672,0.9881606182358367,0.0065544588945305885,0.00528492286963278,0.0,0.00012533346727881185,0.0,True,0,long_short,1.5377342068896223,0.9917037909434694
2022-01-06,1.525420158986979,0.00029070379218554265,1.5148575877994068,0.0,0.9981148098867286,0.9911904414592215,0.006924368427507115,0.0018851901132713733,0.0,0.00012385660762329704,0.0,True,0,long_short,1.5413542905704463,0.9896622524224653
2022-01-07,1.537529806037997,0.007938564978097418,1.5147333153160536,0.0,0.9945667031321429,0.9797400047277154,0.01482669840442752,0.005433296867857096,0.0,0.00012427248335318626,0.0,True,0,long_short,1.5379387034071668,0.9997341263547995
2022-01-10,1.5324174556081038,-0.0033250415112711096,1.533275923148074,0.0,1.000277927215771,1.0008381319673079,-0.0005602047515371076,0.0,0.00155616559829695,0.0003714360310939734,1.0138995722769937,True,0,long_short,1.5431728236157392,0.9930303541877864
2022-01-11,1.5319274752102172,-0.0003197434198451976,1.5331498654639373,0.0,0.999822517896994,1.0006204605369038,-0.0007979426399098296,0.00017748210300605471,0.0,0.00012605768413684188,0.0,True,0,long_short,1.5341502108295413,0.9985511616765856
2022-01-12,1.5301038574241037,-0.001190407389137893,1.5330238754933272,0.0,1.0022797255090512,1.0041881045089835,-0.00190837899993241,0.0,0.0,0.00012598997060991648,0.0,True,0,long_short,1.5440838591394024,0.9909460864884045
2022-01-13,1.5363804588765217,0.004102075438842778,1.5328975868282075,0.0,0.9970897102328484,0.9948227769168252,0.0022669333160231973,0.002910289767151575,0.0,0.00012628866511961052,0.0,True,0,long_short,1.5321639764878536,1.0027519785436632
2022-01-14,1.517782020774523,-0.01210535970732074,1.5327719627508514,0.0,0.9958866681095958,1.0057628833836965,-0.009876215274100597,0.004113331890404193,0.0,0.000125624077356188,0.0,True,0,long_short,1.5188094340116627,0.9993235403901687
2022-01-17,1.5092957275069399,-0.00559124640523323,1.5134100283550553,0.0,1.004720012966935,1.0074459869249424,-0.002725973958007367,0.0,0.0012437085712538483,0.00037640436696052213,0.8211174217136314,True,0,long_short,1.529745398297655,0.9866319775738681
2022-01-18,1.5055601847527333,-0.0024750237386391705,1.5132850529640614,0.0,1.0073369918635562,1.0124678848624278,-0.005130892998871569,0.0,0.0,0.00012497539099395844,0.0,True,0,long_short,1.5347421185697698,0.9809857737896506
2022-01-19,1.5284438062437302,0.015199406654576864,1.5131597654570101,0.0,1.0049515054877316,0.994951765409435,0.009999740078296763,0.0,0.0,0.00012528750705120706,0.0,True,0,long_short,1.536155196582007,0.994980070792694
2022-01-20,1.517815540312192,-0.006953651739188271,1.6595832234465104,0.0,0.9137684178423758,1.0071708632443772,-0.09340244540200142,0.08623158215762416,0.0001466951444652,0.0001249913312343547,0.09494346596012229,True,0,long_short,1.5384382692943173,0.9865950234119014
2022-01-21,1.5144166993824206,-0.0022392977535808933,1.6594575769050326,0.0,0.908522685088691,1.0042961122978336,-0.09577342720914242,0.09147731491130895,0.0,0.0001256465414779694,0.0,True,0,long_short,1.5315257209209843,0.9888287729648607
2022-01-24,1.5152662308235532,0.0005609628059959348,1.5129902837597675,0.0,0.9938218004728357,0.9923197891315358,0.0015020113412999106,0.006178199527164252,0.0007955667866174768,0.000375022061158853,0.5255477756846024,True,0,long_short,1.5346427007126244,0.987373953637499
2022-01-25,1.5093049112042451,-0.003934173083279258,1.5128666978419607,0.0,0.9814625424078307,0.9838224278168524,-0.0023598854090215934,0.018537457592169293,0.0,0.00012358591780676427,0.0,True,0,long_short,1.5148376729286945,0.996347620723115
2022-01-26,1.5119519331516045,0.0017538019837537444,1.5127446522511068,0.0,0.9855375036671401,0.9860618054535402,-0.0005243017863999951,0.014462496332859898,0.0,0.00012204559085398842,0.0,True,0,long_short,1.5216617712511862,0.9936189248602876
2022-01-27,1.5093118507772805,-0.0017461417366758658,1.5126221143289453,0.0,0.974671799736649,0.9768650267691936,-0.0021932270325446786,0.02532820026335103,0.0,0.00012253792216129652,0.0,True,0,long_short,1.5080482470261325,1.0008379067139528
2022-01-28,1.5117572604697602,0.0016202149948139066,1.5125009312636153,0.0,0.9793491594730587,0.9798410842107801,-0.0004919247377214583,0.020650840526941328,0.0,0.00012118306532980349,0.0,True,0,long_short,1.5074344036732952,1.0028676914802601
2022-02-07,1.5283662872070747,0.01098656984928481,1.5103477857303915,0.0,0.9984050408157258,0.986615653921037,0.011789386894688749,0.001594959184274214,0.002424599844388874,0.001217491950544281,1.602752580301526,True,0,long_short,1.5224670205140436,1.0038748075416697
2022-02-08,1.5397389732060613,0.007441073579141255,1.510223847913634,0.0,0.9966787066301419,0.9775097917646758,0.019168914865466073,0.0033212933698580915,0.0,0.00012393781675756237,0.0,True,0,long_short,1.5259965313428063,1.0090055524904518
2022-02-09,1.5367694004823014,-0.0019286208736905008,1.510100140248724,0.0,1.0042945912046037,0.9869404844497405,0.017354106754863284,0.0,0.0,0.00012370766490991337,0.0,True,0,long_short,1.5404513924514605,0.9976097967211418
2022-02-10,1.5428691106935335,0.0039691772944709935,1.5099754799799623,0.0,1.0023066411072048,0.9809868606504004,0.021319780456804348,0.0,0.0,0.000124660268761606,0.0,True,0,long_short,1.5448533745817197,0.9987155649067838
2022-02-11,1.55107318814857,0.005317416362914162,1.5098510798984315,0.0,0.9945678216806486,0.9679913141598505,0.026576507520798136,0.005432178319351388,0.0,0.00012440008153099104,0.0,True,0,long_short,1.5348142938112561,1.0105933951767805
2022-02-14,1.5552523792810347,0.0026943868054691844,1.548006132884922,0.0,0.9681737783914651,0.9635145690614254,0.0046592093300397526,0.03182622160853488,0.001983576404861528,0.00037021447572017506,1.2797352091907865,True,0,long_short,1.4885481950175024,1.04481157176288
2022-02-15,1.548923984400245,-0.004069046905245899,1.5478829678170312,0.0,0.9532820795380377,0.9526099893685405,0.0006720901694971848,0.046717920461962326,0.0,0.0001231650678907991,0.0,True,0,long_short,1.4658642949787968,1.0566626049259558
2022-02-16,1.5628771368251273,0.00900828740816828,1.5477616921627588,0.0,0.9540044785221818,0.944332928336814,0.0096715501853678,0.04599552147781816,0.0,0.00012127565427223518,0.0,True,0,long_short,1.473924925012047,1.0603505716631756
2022-02-17,1.5765638974827454,0.008757413065381359,1.5476403872578344,0.0,0.9517646306822108,0.9334187137986056,0.018345916883605224,0.048235369317789156,0.0,0.00012130490492455298,0.0,True,0,long_short,1.4769608845571165,1.0674378136666063
2022-02-18,1.5765394925355474,-1.5479833856968384e-05,1.547519434306157,0.0,0.9573482851128503,0.9389408437726291,0.01840744134022127,0.042651714887149694,0.0,0.00012095295167750638,0.0,True,0,long_short,1.4885786218349917,1.0590905105113797
2022-02-21,1.580060169236062,0.0022331674640465593,1.5733381484259243,0.0,1.004199560744101,0.9999452792040583,0.004254281540042708,0.0,0.002204269652324481,0.00036499988745917236,1.3990544634228983,True,0,long_short,1.494434015200672,1.057296711105637
2022-02-22,1.5777270064750633,-0.0014766290590862985,1.5732082875732873,0.0,0.9975920456537858,0.9947279767221956,0.0028640689315901817,0.002407954346214214,0.0,0.00012986085263720266,0.0,True,0,long_short,1.4859750061384336,1.0617453187016
2022-02-23,1.5774437947669262,-0.00017950615472428488,1.5730792950368786,0.0,1.0088859098840077,1.0061190919824592,0.002766817901548378,0.0,0.0,0.0001289925364085676,0.0,True,0,long_short,1.4978255439501227,1.0531558906431995
2022-02-24,1.569411544841411,-0.005091940487617741,1.5729488487641299,0.0,1.004292443198968,1.0065463478133094,-0.0022539046143416346,0.0,0.0,0.00013044627274884366,0.0,True,0,long_short,1.4893233712630738,1.0537748719476654
2022-02-25,1.5750048949843563,0.00356397922605467,1.5728190116031429,0.0,1.0078072577921577,1.0064193996412565,0.0013878581509013269,0.0,0.0,0.00012983716098708217,0.0,True,0,long_short,1.49460100889666,1.0537962209372866
2022-02-28,1.5696610026593707,-0.0033929369629285278,1.5766887391453581,0.0,0.9996429829746327,1.0041202149846533,-0.0044772320100205185,0.00035701702536727886,0.002346079832665412,0.00039085039253643195,1.4857682708883098,True,0,long_short,1.4967807719495878,1.0486913194474399
2022-03-01,1.57746826467355,0.004973852316488836,1.5765591943500066,0.0,1.0007989176272294,1.000222633245539,0.0005762843816903987,0.0,0.0,0.0001295447953515085,0.0,True,0,long_short,1.5012789877351622,1.0507495792326564
2022-03-02,1.5786632683518198,0.0007575453053674241,1.5764295105586459,0.0,1.0022838913972307,1.000868923532991,0.00141496786423984,0.0,0.0,0.0001296837913605246,0.0,True,0,long_short,1.4970263092907226,1.0545327483922284
2022-03-03,1.5955556508134794,0.01070043422198319,1.5762996446677404,0.0,0.99000569722818,0.9779371704200291,0.012068526808150815,0.009994302771820007,0.0,0.0001298658909054542,0.0,True,0,long_short,1.488737124326099,1.0717511001384705
2022-03-04,1.592876598693203,-0.0016790715628819397,1.5761713964612964,0.0,0.9804331484892437,0.969945705679417,0.010487442809826771,0.019566851510756322,0.0,0.00012824820644418265,0.0,True,0,long_short,1.4720136963134727,1.0821071860149267
2022-03-07,1.607310310881776,0.009061412667129565,1.6009689005057495,0.0,0.9711298467652647,0.9671844913892096,0.003945355376055154,0.028870153234735296,0.0031167729938846793,0.00038095984518403766,1.94302152645302,True,0,long_short,1.4418041121490037,1.1147910436224833
2022-03-08,1.6026383383933172,-0.0029067022446310764,1.600841127990226,0.0,0.9451195907867612,0.9439981834423614,0.0011214073443998522,0.05488040921323878,0.0,0.00012777251552341008,0.0,True,0,long_short,1.4143226813526772,1.1331490044835684
2022-03-09,1.5983827031127256,-0.0026553934088821007,1.6007167810576102,0.0,0.9352453330076059,0.9367056077843157,-0.0014602747767098207,0.06475466699239407,0.0,0.0001243469326157569,0.0,True,0,long_short,1.4044590854830825,1.1380770857863334
2022-03-10,1.594975246333019,-0.002131815348771604,1.6005937223692768,0.0,0.9549621042215153,0.9584847143994321,-0.0035226101779167966,0.045037895778484716,0.0,0.00012305868833351863,0.0,True,0,long_short,1.4236944949395955,1.1203072372634906
2022-03-11,1.5829338940078779,-0.007549554360059885,1.6004680709122803,0.0,0.9559208431180594,0.9669978545907288,-0.011077011472669502,0.04407915688194064,0.0,0.0001256514569963562,0.0,True,0,long_short,1.4251542745786772,1.1107105541088493
2022-03-14,1.5669404496246673,-0.010103671697064054,1.5628895875548996,0.0,0.9937555357969087,0.9911703309343128,0.002585204862595903,0.006244464203091327,0.0023773673505283464,0.0003774313182241396,1.5188254904876506,True,0,long_short,1.41613803019614,1.10648850338949
2022-03-15,1.5564865781278232,-0.006671518052487557,1.5627619350986794,0.0,0.9784063084588913,0.9824380534537014,-0.00403174499481011,0.021593691541108684,0.0,0.00012765245621990486,0.0,True,0,long_short,1.392922014651574,1.1174254996013997
2022-03-16,1.5529834371411677,-0.002250672145769017,1.562636251401909,0.0,0.9905900800219243,0.9968057382381579,-0.006215658216233622,0.00940991997807572,0.0,0.0001256836967706338,0.0,True,0,long_short,1.4176862598860622,1.09543520388353
2022-03-17,1.5625244962025793,0.0061436965992214265,1.5625090166510982,0.0,1.0013452034152246,1.0013352966575908,9.906757633861313e-06,0.0,0.0,0.00012723475081077807,0.0,True,0,long_short,1.4279344365767142,1.0942550695454387
2022-03-18,1.579137839059418,0.010632372738612617,1.562380418492473,0.0,1.0061891139610633,0.9955773610459877,0.01061175291507569,0.0,0.0,0.00012859815862518593,0.0,True,0,long_short,1.4384090453975193,1.0978364215048486
2022-03-21,1.5812047595874992,0.0013088917743317996,1.5829040369421898,0.0,0.9973876009405986,0.9984622734928961,-0.0010746725522974112,0.00261239905940136,0.0009437750278159935,0.0003876543819958288,0.5958748187062974,True,0,long_short,1.4394697384072057,1.0984633559140502
2022-03-22,1.5834516724311307,0.001421013205283872,1.5827742747532214,0.0,0.9956864737120145,0.99525867557349,0.0004277981385243775,0.004313526287985536,0.0,0.0001297621889683991,0.0,True,0,long_short,1.437375595003492,1.1016269358791246
2022-03-23,1.578885021491005,-0.002883985043328985,1.5826447451082073,0.0,0.9961328274313308,0.998514079749281,-0.0023812523179502394,0.003867172568669197,0.0,0.00012952964501411794,0.0,True,0,long_short,1.432200913229085,1.1024186668972313
2022-03-24,1.581223898742434,0.0014813474189654396,1.582515166566487,0.0,0.983905870029634,0.9847224955720887,-0.0008166255424546729,0.016094129970365967,0.0,0.00012957854172032998,0.0,True,0,long_short,1.4179735456511942,1.1151293362220438
2022-03-25,1.5721127291596042,-0.005762099592648506,1.5823871884779694,0.0,0.9766689849990412,0.9832044319347438,-0.00653544693570261,0.0233310150009588,0.0,0.00012797808851735978,0.0,True,0,long_short,1.4060207595807326,1.1181291018977553
2022-03-28,1.570868460256364,-0.0007914629022216513,1.5688891590305785,0.0,0.9925075746697063,0.9912475702353041,0.0012600044344022363,0.007492425330293706,0.001901087736053227,0.00038113352946018454,1.2102747263464932,True,0,long_short,1.3999552088942542,1.1220847997680616
2022-03-29,1.5695429076069736,-0.0008438342757063344,1.5687611766022729,0.0,0.9915106453324228,0.9910125824881946,0.0004980628442282432,0.008489354667577165,0.0,0.0001279824283058954,0.0,True,0,long_short,1.39831003794861,1.1224570124016064
2022-03-30,1.5753853291472044,0.0037223713425833527,1.5686333324841748,0.0,0.9998587413250374,0.9955728078850675,0.004285933439969908,0.0001412586749626188,0.0,0.0001278441180981055,0.0,True,0,long_short,1.4158861244513443,1.112649740640453
2022-03-31,1.5619439142171576,-0.008532144283280307,1.5685044220078208,0.0,1.0015636675839954,1.0057638874068382,-0.004200219822842608,0.0,0.0,0.00012891047635397453,0.0,True,0,long_short,1.4148356916475555,1.103975481702965
2022-04-01,1.5725326194669647,0.006779184036908248,1.5683753030941434,0.0,1.0043321140980492,1.0016884065390732,0.0026437075589759765,0.0,0.0,0.00012911891367735627,0.0,True,0,long_short,1.429513093084126,1.1000477204964096
2022-04-06,1.570884472299976,-0.0010480845653600968,1.5692524655663813,0.0,1.00036820655631,0.9993292970996488,0.001038909456661207,0.0,0.0014158424041853987,0.0006473374084210597,0.9014267347221031,True,0,long_short,1.4328628734095796,1.0963257555567518
2022-04-07,1.561410589775923,-0.00603092250964965,1.5691234383711323,0.0,0.9954615105688372,1.000401177717064,-0.0049396671482267104,0.004538489431162751,0.0,0.00012902719524890036,0.0,True,0,long_short,1.4217110909995352,1.0982615242019191
2022-04-08,1.5658580519495053,0.002848361733104765,1.5689950517689752,0.0,0.9926714183472192,0.994674792673241,-0.0020033743260217713,0.00732858165278083,0.0,0.0001283866021571284,0.0,True,0,long_short,1.422331302756033,1.1009095060450138
2022-04-11,1.5653225676441962,-0.000341974998718686,1.5686801237714652,0.0,0.9811322854884786,0.9832772466592117,-0.0021449611707331107,0.01886771451152136,0.0019835363908391242,0.00038404591229061345,1.2658490175489718,True,0,long_short,1.4084630423845568,1.1113692873290257
2022-04-12,1.571845197070531,0.004166955464106836,1.5685536186154831,0.0,0.9843382429917912,0.9822441573520717,0.002094085639719489,0.01566175700820882,0.0,0.0001265051559819216,0.0,True,0,long_short,1.412450370676473,1.1128498598628411
2022-04-13,1.559453221858101,-0.007883712235482787,1.568426719785805,0.0,0.9811065315469675,0.9868607906692848,-0.005754259122317329,0.018893468453032525,0.0,0.0001268988296781735,0.0,True,0,long_short,1.4071967914567158,1.1081983922403424
2022-04-14,1.5571355850171729,-0.0014861855478849328,1.6584267407884798,0.0,0.9284752765937274,0.993524946478569,-0.06504966988484155,0.07152472340627258,9.021672785981137e-05,0.00012649012927682047,0.057980039192390254,True,0,long_short,1.4129057115382029,1.102080324469741
2022-04-15,1.5550793445004674,-0.0013205275998382504,1.6582995857433758,0.0,0.9280306511429177,0.9944068406331495,-0.06637618949023175,0.07196934885708228,0.0,0.0001271550451038955,0.0,True,0,long_short,1.4115457035564705,1.101685436456188
2022-04-18,1.5622887876702722,0.004636061301502625,1.548136846829339,0.0,0.9979419158251139,0.9888834492006193,0.009058466624494567,0.0020580841748860657,0.0020511783904835507,0.00038129955729006054,1.3231803865809668,True,0,long_short,1.413718390605331,1.1050919320652863
2022-04-19,1.557227146182083,-0.0032398885072568717,1.5480098669779694,0.0,1.0054805775107816,0.9995615442941365,0.005919033216645231,0.0,0.0,0.00012697985136976705,0.0,True,0,long_short,1.4165109356104857,1.0993400100444348
2022-04-20,1.565695647032556,0.005438192412221765,1.6432776622336767,0.0,0.9345540562873816,0.9841052033114925,-0.049551147024110904,0.06544594371261836,9.549122163112385e-05,0.0001279351537853025,0.06125181924819647,True,0,long_short,1.4072753351018628,1.112572364468554
2022-04-21,1.5511266922421314,-0.009305100143848,1.643151020378906,0.0,0.9278193290766743,0.9871467383702084,-0.059327409293534,0.0721806709233257,0.0,0.00012664185477097748,0.0,True,0,long_short,1.393842602780728,1.1128420735222329
2022-04-22,1.5493755084317888,-0.0011289753564946992,1.5458941937805926,0.0,0.9253081020142423,0.9230611872848883,0.002246914729354105,0.0746918979857577,9.703394145233644e-05,0.00012585120452431148,0.06253985543194507,True,0,long_short,1.3945321593770852,1.1110360546463622
2022-04-25,1.5344505820829568,-0.00963286580148559,1.5518089655176912,0.0,0.9703455873192164,0.9816580294645807,-0.011312442145364334,0.029654412680783615,0.0018106238303700576,0.00035264426211694706,1.1654228890933607,True,0,long_short,1.3665950339188255,1.1228275707125845
2022-04-26,1.5271372558863938,-0.00476608779843235,1.5516851595668923,0.0,0.9666209108298189,0.9826953688301577,-0.016074458000338795,0.033379089170181064,0.0,0.0001238059507987672,0.0,True,0,long_short,1.3600164729374686,1.1228814402431206
2022-04-27,1.5459759386877443,0.01233594605117272,1.551561813481227,0.0,0.9757891451340802,0.9794023157234129,-0.00361317058933264,0.024210854865919784,0.0,0.00012334608566527848,0.0,True,0,long_short,1.3770954701544762,1.12263526545064
2022-04-28,1.5477166038675179,0.0011259329050430367,1.4497858043336056,0.0,0.9751229631697321,0.911848588979265,0.06327437419046707,0.024877036830267873,0.00010155000989818342,0.0001244492395400099,0.0657554166462819,True,0,long_short,1.3785743550045393,1.1226935988247233
2022-04-29,1.551516760982877,0.002455331360963209,1.4496698084540405,0.0,0.9944483523285885,0.9288048768018935,0.06564347552669506,0.005551647671411475,0.0,0.0001159958795651816,0.0,True,0,long_short,1.3950391550685064,1.112167178495206
2022-05-05,1.5588924734234737,0.004753872227538203,1.5512967872183867,0.0,1.0000408178780387,0.9951683290216353,0.004872488856403392,0.0,0.0021520782544270953,0.000710657918157094,1.3853550652741178,True,0,long_short,1.4006553794967123,1.112973609528148
2022-05-06,1.5555645734665435,-0.00213478479989182,1.3297513461393835,0.0,0.8522777672809795,0.7071129626956321,0.1451648045853474,0.14772223271902052,0.0006618963218175186,0.00012750907544393773,0.4261648281158537,True,0,long_short,1.3910019409479157,1.1183051063224863
2022-05-09,1.5399889882869515,-0.010012818140285984,1.5539920132870073,0.0,1.0096460397980287,1.018738978193408,-0.009092938395379327,0.0,0.002215314869416138,0.0002712229826814973,1.4235345312507512,True,0,long_short,1.390717839384614,1.1073338851886658
2022-05-10,1.5499723238233392,0.006482731767772476,1.5538630669739917,0.0,1.0090943589163857,1.0116045606089263,-0.00251020169254057,0.0,0.0,0.00012894631301560677,0.0,True,0,long_short,1.3973452247940352,1.1092264791270896
2022-05-11,1.5698511045756012,0.01282524884265479,1.5537341936256412,0.0,1.0106338806946276,1.0003673586639812,0.01026652203064633,0.0,0.0,0.00012887334835046346,0.0,True,0,long_short,1.406786383220813,1.1159129227434335
2022-05-12,1.578572720966696,0.005555696566173829,1.553605117367862,0.0,1.0076398682521848,0.9918232997360734,0.015816568516111462,0.0,0.0,0.00012907625777918035,0.0,True,0,long_short,1.4063858813906047,1.122432144587399
2022-05-13,1.5736674780037987,-0.0031073911880938887,1.5534764325564936,0.0,1.0153784730355047,1.0025479063945026,0.012830566641002013,0.0,0.0,0.00012868481136842796,0.0,True,0,long_short,1.4129796557807062,1.113722672202459
2022-05-16,1.577053444902896,0.0021516406397317223,1.5694665545422646,0.0,0.9876552119883989,0.9828444109434802,0.004810801044918717,0.012344788011601104,0.00181759163673383,0.00038901625531245,1.1567555372806335,True,0,long_short,1.413895290707013,1.115396207391211
2022-05-17,1.5723679464816178,-0.0029710460583449727,1.569339157432888,0.0,0.9938082055997357,0.9918819458743915,0.0019262597253441951,0.006191794400264294,0.0,0.0001273971093766005,0.0,True,0,long_short,1.419911663165224,1.1073702592008738
2022-05-18,1.5743600846654395,0.0012669669260807481,1.5692109708538429,0.0,0.9894108975771372,0.986140290133675,0.0032706074434621767,0.010589102422862817,0.0,0.00012818657904548286,0.0,True,0,long_short,1.41941068207726,1.109164602285095
2022-05-19,1.5877947931744936,0.008533440754698196,1.569083364833788,0.0,0.9871410685915657,0.9753565304250841,0.0117845381664816,0.012858931408434304,0.0,0.0001276060200548099,0.0,True,0,long_short,1.4203125187956358,1.1179193115335457
2022-05-20,1.5915138825579762,0.0023422985133028096,1.568956077215665,0.0,0.991910980111908,0.9777371764212642,0.01417380369064377,0.008089019888091964,0.0,0.00012728761812309764,0.0,True,0,long_short,1.4269027551837037,1.1153625408432826
2022-05-23,1.6048797976963511,0.008398239741957081,1.5918559168769975,0.0,0.9958727906634972,0.987757615409844,0.008115175253653278,0.004127209336502791,0.001465476279884459,0.00038369152350431,0.9197618799185759,True,0,long_short,1.4300621909997473,1.122244758162853
2022-05-24,1.595105118525984,-0.0060905989248526415,1.7351970716996716,0.0,0.8891461559879673,0.9769723133656983,-0.08782615737773107,0.11085384401203269,0.00014361506294660644,0.00013029306098564223,0.08953975021469027,True,0,long_short,1.412577384949481,1.129216095005677
2022-05-25,1.6065996398845035,0.007206121543350985,1.7350689862034219,0.0,0.8929639439970801,0.9729274539653467,-0.07996350996826661,0.10703605600291988,0.0,0.0001280854962499559,0.0,True,0,long_short,1.4192574865892031,1.1320001163041429
2022-05-26,1.6066293911997886,1.8518188692695503e-05,1.7349405118283117,0.0,0.8931983876328347,0.9730619338441385,-0.07986354621130379,0.10680161236716534,0.0,0.00012847437511023064,0.0,True,0,long_short,1.4230438563656085,1.1290090491680627
2022-05-27,1.6062967678748024,-0.0002070317689991663,1.734812017315788,0.0,0.8962993287669047,0.9763064930787748,-0.08000716431187015,0.10370067123309534,0.0,0.00012849451252370113,0.0,True,0,long_short,1.4234379897921565,1.128462763670756
2022-05-30,1.603430650464635,-0.0017843012994165353,1.6053541769165234,0.0,0.999634063859981,1.0008336956939683,-0.0011996318339873966,0.00036593614001900754,0.0016369803288842231,0.00038668881311201565,1.0186616905162191,True,0,long_short,1.422967435521682,1.126821746189007
2022-05-31,1.6155409835611125,0.007552763877233026,1.6052222782241652,0.0,1.0036806316712803,0.9972934799729047,0.006387151698375566,0.0,0.0,0.0001318986923583702,0.0,True,0,long_short,1.4265093293575626,1.1325134370405285
2022-06-01,1.6044344670798263,-0.006874797107780051,1.605089853416806,0.0,1.0060125580017514,1.00642104233092,-0.0004084843291683544,0.0,0.0,0.0001324248073590009,0.0,True,0,long_short,1.4250898829416647,1.1258479105668473
2022-06-02,1.5975099343940495,-0.00431587131033162,1.604957135339378,0.0,1.0079953976564746,1.0126571532956679,-0.0046617556391932435,0.0,0.0,0.0001327180774282301,0.0,True,0,long_short,1.4276478584119892,1.1189803738934632
2022-06-06,1.6116131996692122,0.008828280169983715,1.5951646541049445,0.0,1.0006159141700524,0.9904096527869589,0.010206261383093447,0.0,0.002328580863401022,0.0005318563931589131,1.457646775854524,True,0,long_short,1.4375613401102585,1.1210743880644456
2022-06-07,1.6241957735997452,0.007807440354246076,1.5950334630964915,0.0,1.0019256818949696,0.9839707586170816,0.017954923277888064,0.0,0.0,0.00013119100845298065,0.0,True,0,long_short,1.4395182090350667,1.1282912320285765
2022-06-08,1.6304344834131022,0.003841107035717606,1.5949021073857388,0.0,0.9985898431560404,0.9767966485267285,0.02179319462931191,0.0014101568439596202,0.0,0.00013135571075273417,0.0,True,0,long_short,1.4417726239309043,1.1308541002587653
2022-06-09,1.6262504541302822,-0.002566205097711882,1.7645575711517354,0.0,0.8898472845188113,0.9748939122815812,-0.08504662776276987,0.11015271548118866,0.00016995631895665533,0.00013089887170194457,0.10430630006933533,True,0,long_short,1.439805140999995,1.1294934347857617
2022-06-10,1.6335777807251852,0.0045056569092991605,1.7644272625215238,0.0,0.8968148335611994,0.9769147733009842,-0.08009993973978477,0.1031851664388006,0.0,0.00013030863021178923,0.0,True,0,long_short,1.4486059210586835,1.1276895648274852
2022-06-13,1.6456551748311445,0.007393216440907846,1.633143075893961,0.0,0.8973243977000377,0.8897212867150968,0.0076031109849409645,0.10267560229996231,0.002134231186719078,0.00039350127139561707,1.3051188183667377,True,0,long_short,1.4473580677414173,1.1370062540219692
2022-06-14,1.6432595954749274,-0.0014556994641741205,1.633022732789333,0.0,0.8940114345914538,0.8877818268570559,0.0062296077343979425,0.10598856540854618,0.0,0.00012034310462795536,0.0,True,0,long_short,1.446542912072866,1.1359909075356573
2022-06-15,1.6361533553880927,-0.004324478071756399,1.632902826816264,0.0,0.9021781968313234,0.9001915074044893,0.0019866894268341455,0.09782180316867661,0.0,0.00011990597306885898,0.0,True,0,long_short,1.4554073761681598,1.1241892697395874
2022-06-16,1.6100249124045791,-0.01596943397602002,1.6327817705404832,0.0,0.913200367894828,0.9273348436787566,-0.014134475783928681,0.08679963210517205,0.0,0.00012105627578068933,0.0,True,0,long_short,1.4571827455886421,1.1048888118382125
2022-06-17,1.6061223755258323,-0.002423898443234984,1.6326590555651028,0.0,0.9210855007305012,0.9376077037977378,-0.016522203067236646,0.07891449926949878,0.0,0.0001227149753805702,0.0,True,0,long_short,1.4625732454871014,1.0981483358058575
2022-06-20,1.6072757867371157,0.0007181340779875978,1.6080162392011121,0.0,0.9003215938299731,0.9007822817032721,-0.00046068787329895685,0.09967840617002688,0.0020068013679032763,0.0003713209428168353,1.246442639227095,True,0,long_short,1.45780508014636,1.1025313388095404
2022-06-21,1.5966810244466625,-0.006591751321010864,1.7663938009993134,0.0,0.8000932302267759,0.9063842012812267,-0.10629097105445082,0.19990676977322408,0.0001586552147294102,0.00011899771647973814,0.09888554222831654,True,0,long_short,1.4534933170679587,1.0985128075219137
2022-06-22,1.5842462848721193,-0.007787867071854526,1.7662748525235563,0.0,0.8052296403982508,0.9201288005791002,-0.11489916018084935,0.19477035960174915,0.0,0.00011894847575703936,0.0,True,0,long_short,1.451339027629673,1.0915756103241505
2022-06-23,1.6017324633225694,0.011037537924137641,1.7661550406906312,0.0,0.8023689366187376,0.9050218959194377,-0.10265295930070005,0.19763106338126235,0.0,0.0001198118329250366,0.0,True,0,long_short,1.458503127947598,1.0982029675702674
2022-06-24,1.6020393291976929,0.00019158372708938387,1.7660358952426274,0.0,0.8053272861313294,0.9076946644197665,-0.10236737828843714,0.19467271386867058,0.0,0.00011914544800371804,0.0,True,0,long_short,1.4661968671699592,1.0926495377731476
2022-06-27,1.590022389206254,-0.007501026830257107,1.5971434518288816,0.0,0.9114603635899187,0.9159389562631844,-0.004478592673265799,0.08853963641008133,0.0018029727655831146,0.0003585606290885016,1.1276004860765718,True,0,long_short,1.4769714985632174,1.0765423643943104
2022-06-28,1.5958144071862572,0.0036427273095787083,1.597023750723599,0.0,0.9109742121871822,0.9117320343574143,-0.0007578221702321181,0.08902578781281778,0.0,0.0001197011052825757,0.0,True,0,long_short,1.4853409961740045,1.074375790674878
2022-06-29,1.5905900819209675,-0.0032737674517560045,1.5969041653716054,0.0,0.9015972411495261,0.9055668895978631,-0.00396964844833698,0.09840275885047389,0.0,0.0001195853519934902,0.0,True,0,long_short,1.4735573266007513,1.0794219221794317
2022-06-30,1.5905740780848128,-1.0061571700137328e-05,1.5967857775047745,0.0,0.9079759603732473,0.9118812795316238,-0.003905319158376428,0.09202403962675265,0.0,0.00011838786683099021,0.0,True,0,long_short,1.48106779731777,1.073937385557474
2022-07-01,1.587168323709213,-0.002141210788308978,1.5966665653355543,0.0,0.9101243709205937,0.9161087655714041,-0.0059843946508104035,0.08987562907940627,0.0,0.0001192121692203133,0.0,True,0,long_short,1.4811512941657639,1.071577447868458
2022-07-04,1.5782441861885481,-0.00562267869598676,1.5838199127045116,0.0,0.9039078665105201,0.9074407333284419,-0.003532866817921752,0.09609213348947987,0.0016372548477184043,0.00035852518696124754,1.0326705011187054,True,0,long_short,1.48901591888635,1.0599243206002342
2022-07-05,1.5824568997604638,0.002669240671869133,1.5837022006720443,0.0,0.8954678611550072,0.8962548025950988,-0.0007869414400916362,0.1045321388449928,0.0,0.00011771203246736597,0.0,True,0,long_short,1.4879584100784942,1.0635088246028224
2022-07-06,1.5770203960140925,-0.0034354829804175147,1.5835856293353612,0.0,0.8875614123238822,0.8917244740939532,-0.00416306177007105,0.11243858767611781,0.0,0.00011657133668301917,0.0,True,0,long_short,1.4771646734742543,1.0675995874616877
2022-07-07,1.57498787869687,-0.0012888338808804134,1.5834700456901607,0.0,0.8894282461446131,0.8948137904449976,-0.0053855443003845305,0.11057175385538687,0.0,0.00011558364520036475,0.0,True,0,long_short,1.484483030680846,1.060967249975579
2022-07-08,1.5736334656880147,-0.0008599513857694419,1.5833542110978067,0.0,0.8931222896472457,0.8992995511390391,-0.006177261491793459,0.10687771035275428,0.0,0.00011583459235411007,0.0,True,0,long_short,1.483789582282252,1.0605502858886309
2022-07-11,1.5690987424034408,-0.00288168965864688,1.572530981459171,0.0,0.8905269842728215,0.8927143794717195,-0.0021873951988979957,0.10947301572717849,0.001584268954023358,0.00034894550203165526,1.0064504194387915,True,0,long_short,1.4734235901238795,1.0649339082941636
2022-07-12,1.5739571818314382,0.0030963248498658835,1.5724158507460075,0.0,0.8793964585100925,0.8784171872165513,0.0009792712935412996,0.12060354148990748,0.0,0.00011513071316338711,0.0,True,0,long_short,1.4666030298034214,1.0731991887691696
2022-07-13,1.5762342329234234,0.0014467045979837945,1.5723022131262436,0.0,0.8825582874821329,0.8800637218173033,0.002494565664829634,0.11744171251786706,0.0,0.00011363761976413657,0.0,True,0,long_short,1.4690799850271754,1.0729396962645745
2022-07-14,1.5722155834256026,-0.0025495255805778605,1.5721881977920942,0.0,0.8858598718326135,0.8858424533349235,1.741849769008159e-05,0.1141401281673865,0.0,0.00011401533414924083,0.0,True,0,long_short,1.475054255261186,1.065869663992266
2022-07-15,1.552498797624214,-0.012540764771221236,1.5720737263967852,0.0,0.8923225639920681,0.9049312235301796,-0.012608659538111555,0.10767743600793189,0.0,0.0001144713953090247,0.0,True,0,long_short,1.4722744470633522,1.0544900787491625
2022-07-18,1.5655229334594132,0.008389143911177399,1.5482148063082464,0.0,0.9975860836003013,0.9865302716532225,0.01105581194707888,0.002413916399698679,0.0015899453686948756,0.00034641484186764143,1.0259004348609075,True,0,long_short,1.4817838889293793,1.0565123194790147
2022-07-19,1.5635634309822395,-0.001251660027006829,1.5480878663823705,0.0,1.0041340706798012,0.9942364456182152,0.009897625061586065,0.0,0.0,0.00012693992587603273,0.0,True,0,long_short,1.483134344305621,1.0542291310193306
2022-07-20,1.5583809364843122,-0.003314540616156325,1.5479600950058128,0.0,1.0158206631596252,1.0091336964273392,0.006686966732286035,0.0,0.0,0.000127771376557677,0.0,True,0,long_short,1.4880489829305554,1.0472645419341273
2022-07-21,1.5573347420482102,-0.0006713342107881326,1.5478308390018505,0.0,1.013064075038559,1.0069614030890077,0.00610267194955159,0.0,0.0,0.00012925600396243664,0.0,True,0,long_short,1.4842127273254757,1.0492665326044597
2022-07-22,1.5642935263202942,0.004468393393016967,1.5477019478256642,0.0,1.0047487718899788,0.9941423363230821,0.010606435566896697,0.0,0.0,0.00012889117618620192,0.0,True,0,long_short,1.4804903953858792,1.0566049811573226
2022-07-25,1.5660962672984298,0.001152431399736198,1.5582833382455514,0.0,0.8938214090027138,0.8888326166685389,0.004988792334174946,0.10617859099728622,0.001586084190727006,0.00038345681612493614,1.0168057453487256,True,0,long_short,1.4751706555280928,1.0616373511970294
2022-07-26,1.5663695979440704,0.00017452991322941536,1.5581689274967936,0.0,0.89769086542731,0.8924554021892336,0.005235463238076388,0.10230913457268997,0.0,0.00011441074875761873,0.0,True,0,long_short,1.4844794926788125,1.055164187628812
2022-07-27,1.5620698632868162,-0.0027450319917455834,1.5580540303727244,0.0,0.9056267246468098,0.9030558838614675,0.0025708407853423394,0.09437327535319018,0.0,0.00011489712406932851,0.0,True,0,long_short,1.491232477160428,1.0475025773722921
2022-07-28,1.5644146008165427,0.0015010452380106454,1.5579380876564741,0.0,0.9086670991570761,0.9045272035330593,0.004139895624016894,0.09133290084292389,0.0,0.00011594271625017844,0.0,True,0,long_short,1.494970022508769,1.046452154399214
2022-07-29,1.568058074819184,0.002328969571582462,1.5578217817197035,0.0,0.9061889884119354,0.8996609820428724,0.0065280063690630954,0.0938110115880646,0.0,0.00011630593677064724,0.0,True,0,long_short,1.4963084486780962,1.0479510933754832
2022-08-01,1.5723939686987036,0.0027651360298117655,1.5648412101534617,0.0,0.8002128466032966,0.7954094966187554,0.004803349984541321,0.1997871533967034,0.0015964089495065206,0.0003478489317103766,1.0191334337467681,True,0,long_short,1.5016702907600832,1.0470966751981376
2022-08-02,1.569979255759485,-0.0015356920640042793,1.5647384131319442,0.0,0.7941268038863295,0.7907886434563018,0.0033381604300277293,0.2058731961136705,0.0,0.00010279702151745227,0.0,True,0,long_short,1.4918158936957757,1.0523947776625906
2022-08-03,1.562385149908683,-0.004837074007788766,1.5646363702470742,0.0,0.7922353731943957,0.793676260122003,-0.0014408869276072661,0.20776462680560426,0.0,0.00010204288486985568,0.0,True,0,long_short,1.4847582872390634,1.0522824915926
2022-08-04,1.5558595632129255,-0.004176682488398531,1.5645344501372673,0.0,0.7952352397404691,0.8008108630997057,-0.005575623359236693,0.20476476025953094,0.0,0.0001019201098068229,0.0,True,0,long_short,1.4875211130271357,1.0459411631790017
2022-08-05,1.5552460097657994,-0.0003943501467826849,1.5644320433504444,0.0,0.7979498250780719,0.8038563077354546,-0.005906482657382643,0.20205017492192812,0.0,0.00010240678682288828,0.0,True,0,long_short,1.4912816553886954,1.0428922022516478
2022-08-08,1.556099976815535,0.0005490880827685451,1.5490885189735302,0.0,0.7969469245870813,0.7924411357904299,0.0045057887966514065,0.20305307541291873,0.0018849445080552675,0.0003082670913774166,1.2153299540173899,True,0,long_short,1.4995733169547427,1.0376951624983457
2022-08-09,1.5571692475015608,0.0006871478066685643,1.5489871668393085,0.0,0.7962731703605188,0.7910187121984531,0.005254458162065615,0.2037268296394812,0.0,0.00010135213422173952,0.0,True,0,long_short,1.5014328908236259,1.0371221098316024
2022-08-10,1.5628410798370185,0.003642399401707852,1.5488859271122264,0.0,0.7924868850795332,0.7835575365329444,0.008929348546588842,0.20751311492046676,0.0,0.00010123972708222347,0.0,True,0,long_short,1.4996267407854507,1.0421533821265807
2022-08-11,1.5593385025917976,-0.0022411602116231277,1.5487852770377188,0.0,0.8002349617492289,0.7934672037951106,0.0067677579541183175,0.19976503825077108,0.0,0.00010065007450763678,0.0,True,0,long_short,1.507938215162886,1.0340864678088681
2022-08-12,1.5674061763423095,0.0051737796104582845,1.5486835824655472,0.0,0.8009958434360894,0.7890508899458247,0.01194495349026472,0.19900415656391057,0.0,0.00010169457217163576,0.0,True,0,long_short,1.5086613827785629,1.0389383557068015
2022-08-15,1.5667527334652522,-0.00041689441251413495,1.5666166006447142,0.0,0.8014531519701031,0.8013662634537277,8.688851637547279e-05,0.19854684802989686,0.0012617926593240596,0.00030495531904507767,0.8047771209252044,True,0,long_short,1.5158668777202815,1.03356881563472
2022-08-16,1.5671140470782128,0.00023061304138360939,1.566513405347418,0.0,0.8017323931250143,0.8013491142360816,0.00038327888893266914,0.19826760687498568,0.0,0.00010319529729640794,0.0,True,0,long_short,1.5205126281906587,1.0306484918464687
2022-08-17,1.5688834915869783,0.0011291102342325665,1.566410188460826,0.0,0.8012034874858719,0.799627014064222,0.001576473421649883,0.1987965125141281,0.0,0.00010321688659175725,0.0,True,0,long_short,1.5237523766528662,1.0296184049492667
2022-08-18,1.5682210959000233,-0.00042220833510386857,1.5663070770946512,0.0,0.7951500808943064,0.7939295777328733,0.0012205031614331025,0.2048499191056936,0.0,0.00010311136617471339,0.0,True,0,long_short,1.513468112341471,1.0361771636363348
2022-08-19,1.5723307124767125,0.002620559427132685,1.566204743633353,0.0,0.7868558542162316,0.7829597471219997,0.003896107094231932,0.2131441457837684,0.0,0.00010233346129805665,0.0,True,0,long_short,1.5042289738308143,1.0452735187465934
2022-08-22,1.5797353209757694,0.004709320017920016,1.5691747581977116,0.0,0.8025256594440143,0.795840639087861,0.006685020356153392,0.19747434055598567,0.0018804517600381197,0.0003035519154327749,1.196935504315402,True,0,long_short,1.510043326372904,1.0461523145632279
2022-08-23,1.5855677006568638,0.0036919980224865423,1.5690714252469635,0.0,0.8036252051094551,0.7932211867865123,0.010404018322942835,0.19637479489054488,0.0,0.00010333295074808412,0.0,True,0,long_short,1.510840438231084,1.0494607243325256
2022-08-24,1.5796777087449514,-0.0037147527093750465,1.5689680521598475,0.0,0.7938202397075652,0.7870405931215456,0.006779646586019658,0.2061797602924348,0.0,0.00010337308711606019,0.0,True,0,long_short,1.489419604918389,1.0605995137491881
2022-08-25,1.5825167184652194,0.0017972081928809835,1.5688658655449845,0.0,0.7919106256467103,0.7832845853901031,0.008626040256607199,0.20808937435328967,0.0,0.00010218661486286387,0.0,True,0,long_short,1.4841412596843961,1.0662844309050088
2022-08-26,1.5871706470409617,0.002940840069137529,1.5687639838229273,0.0,0.7889791424694679,0.7773819879654132,0.011597154504054656,0.21102085753053212,0.0,0.00010188172205720021,0.0,True,0,long_short,1.4828912835659098,1.0703216511086984
2022-08-29,1.578833167977327,-0.005253045146203172,1.5820629364971417,0.0,0.8986310030539106,0.9006766710733837,-0.0020456680194729355,0.10136899694608936,0.0025294629635223462,0.00030423399604201335,1.5962861896745706,True,0,long_short,1.4778000986394968,1.068367209767305
2022-08-30,1.5772022579547846,-0.0010329843935517058,1.5808956545284738,0.0,0.8017804178412105,0.8041221571806396,-0.002341739339429213,0.19821958215878954,0.0003166652237921909,0.00011687820837649835,0.20028079449110509,True,0,long_short,1.474438642907332,1.0696967727628333
2022-08-31,1.573716190744973,-0.0022102854546582895,1.580791413710777,0.0,0.7926215707726558,0.7971174404900884,-0.004495869717432591,0.20737842922734417,0.0,0.00010424081769672139,0.0,True,0,long_short,1.4584472275154665,1.0790354022105226
2022-09-01,1.5771830392400485,0.002202969325386661,1.4201878738883487,0.0,0.7920614390277421,0.6925199391220959,0.09954149990564617,0.20793856097225794,0.00016034009534718864,0.00010310437989242011,0.10188606982909737,True,0,long_short,1.4568696324086647,1.0825835092962077
2022-09-02,1.5763696676946137,-0.00051571157259378,1.4200981015018568,0.0,0.7957431400464973,0.6966093078018698,0.09913383224462755,0.20425685995350273,0.0,8.977238649196607e-05,0.0,True,0,long_short,1.4635762690636394,1.0770669769762917
2022-09-05,1.5826822196512986,0.004004487073083984,1.570746610791492,0.0,1.0011111055879796,0.993569725068499,0.007541380519480559,0.0,0.0035630485108290805,0.00027076778212256093,2.263245029194638,True,0,long_short,1.4701148506220163,1.0765704590914473
2022-09-06,1.6013009363659303,0.011764027221291329,1.5706173637938607,0.0,1.0080083327325864,0.9888466799318927,0.01916165280069372,0.0,0.0,0.00012924699763148566,0.0,True,0,long_short,1.483743942056018,1.0792299742413871
2022-09-07,1.599851730004625,-0.000905018118951495,1.5704872179488334,0.0,1.0122824659726173,0.9939279450472893,0.018354520925327886,0.0,0.0,0.00013014584502717377,0.0,True,0,long_short,1.4877666503682707,1.0753378089289807
2022-09-08,1.599124348412525,-0.0004546556274298563,1.5703565217289115,0.0,1.0046745964063826,0.9866848592654455,0.01798973714093714,0.0,0.0,0.00013069621992196012,0.0,True,0,long_short,1.4802041710213576,1.0803403879811466
2022-09-09,1.6016345367581175,0.0015697267995977704,1.570226836924857,0.0,1.0027518713189811,0.9831420919889018,0.01960977933007939,0.0,0.0,0.00012968480405435833,0.0,True,0,long_short,1.4808693154036825,1.0815502219529174
2022-09-13,1.5975650699080823,-0.0025408211153290505,1.5970076546390075,0.0,0.9951432535830445,0.9947943380492899,0.0003489155337546284,0.0048567464169555485,0.0024884580551980595,0.000517687998598373,1.5557762444364291,True,0,long_short,1.4813055510544306,1.0784844954985116
2022-09-14,1.5963730111357477,-0.0007461722810471194,1.596877031459319,0.0,0.9913219839101093,0.9916377123269992,-0.00031572841688981475,0.008678016089890717,0.0,0.00013062317968848313,0.0,True,0,long_short,1.475187284137651,1.0821493842179761
2022-09-15,1.596833309951137,0.0002883403892313119,1.596746919923912,0.0,0.9849396494499298,0.9848855486075399,5.410084239001017e-05,0.015060350550070156,0.0,0.00013011153540683966,0.0,True,0,long_short,1.4635193072308978,1.0910913864009628
2022-09-16,1.587995170446223,-0.005534791546391471,1.5966176570704458,0.0,0.9746612536828014,0.9800910476675024,-0.005429793984701025,0.02533874631719857,0.0,0.0001292628534662481,0.0,True,0,long_short,1.4511500983210766,1.0943011148767248
2022-09-19,1.58697572295126,-0.0006419714076816296,1.5870640140821979,0.0,0.9912707321859707,0.9913263670199893,-5.5634834018554403e-05,0.008729267814029273,0.001746045882979028,0.00038376489459293573,1.098964518777844,True,0,long_short,1.447825791610265,1.0961095817931472
2022-09-20,1.5972418896182856,0.0064690130532898404,1.586934709078528,0.0,0.9921417712063064,0.9856886593722429,0.006453111834063503,0.007858228793693578,0.0,0.00012930500366976932,0.0,True,0,long_short,1.452912023333831,1.099338338431034
2022-09-21,1.6026092910419445,0.0033604186432534267,1.5868053077182371,0.0,0.9965391305070105,0.9866777229811423,0.009861407525868147,0.0034608694929895156,0.0,0.00012940136029077008,0.0,True,0,long_short,1.4565777472408892,1.10025660770781
2022-09-22,1.6105653129727822,0.004964417700127788,1.586675341234447,0.0,0.9937848325723296,0.9789515491618984,0.014833283410431266,0.006215167427670365,0.0,0.00012996648379016618,0.0,True,0,long_short,1.4531830342896082,1.1083017589453972
2022-09-23,1.6019021101619475,-0.005378982610052652,1.5865457522967898,0.0,0.9882317673662112,0.9786454401070473,0.00958632725916383,0.011768232633788789,0.0,0.0001295889376570786,0.0,True,0,long_short,1.4457695048283115,1.10799273660996
2022-09-26,1.5922180164989213,-0.006045371687566692,1.601077126020034,0.0,0.9967866913719612,1.0023506966961773,-0.005564005324216147,0.0032133086280388135,0.00229388481179171,0.0003865547331635788,1.4306637679582643,True,0,long_short,1.4387614304000702,1.1066588128208164
2022-09-27,1.5923402538834648,7.677176321130297e-05,1.6009459511566262,0.0,1.0001622535143322,1.005566687178666,-0.0054044336643337175,0.0,0.0,0.00013117486340793693,0.0,True,0,long_short,1.44408046265745,1.1026672647818956
2022-09-28,1.5827621484400638,-0.006015112297790393,1.6008143453226023,0.0,0.9913624642394292,1.002767966260267,-0.011405502020837803,0.008637535760570803,0.0,0.00013160583402401356,0.0,True,0,long_short,1.432489260394827,1.104903326119051
2022-09-29,1.5906264258135765,0.004968704477336328,1.6006838951981641,0.0,0.9864355322636091,0.9927584935959306,-0.006322961332321399,0.013564467736390862,0.0,0.00013045012443821703,0.0,True,0,long_short,1.4268765739686546,1.1147610485954471
2022-09-30,1.5951852217807405,0.0028660381175500405,1.6005541055082162,0.0,0.9839603233887302,0.9873260038465034,-0.0033656804577731716,0.016039676611269815,0.0,0.0001297896899477725,0.0,True,0,long_short,1.4245577674358048,1.1197757354916285
2022-10-10,1.586202231457764,-0.00563131490959301,1.591947562385199,0.0,0.9897574194397607,0.9933794865466485,-0.003622067106887871,0.0102425805602393,0.0024591112113835764,0.0012944941236294057,1.5423362509117182,True,0,long_short,1.4174591201555022,1.1190461925164725
2022-10-11,1.59737991487691,0.007046821141383219,1.5918180527338364,0.0,0.9954833599674173,0.9920014943878679,0.0034818655795494004,0.004516640032582675,0.0,0.00012950965136257494,0.0,True,0,long_short,1.423598615084484,1.122071838193038
2022-10-12,1.619240232016665,0.013685108305270921,1.591687811369782,0.0,1.003801830796398,0.9867861835180641,0.01701564727833388,0.0,0.0,0.00013024136405449807,0.0,True,0,long_short,1.4393848263583984,1.1249529676600076
2022-10-13,1.6169340239918888,-0.001424253164648559,1.5915564817350902,0.0,1.011424803181192,0.9957299499093519,0.015694853271840194,0.0,0.0,0.00013132963469183255,0.0,True,0,long_short,1.4423988502908593,1.12100340600371
2022-10-14,1.6143016029135726,-0.0016280324609765362,1.5914241505322368,0.0,1.0257471149165052,1.0115753812453958,0.014171733671109386,0.0,0.0,0.00013233120285338387,0.0,True,0,long_short,1.4543866625814537,1.1099535250469632
2022-10-17,1.6141275496601257,-0.00010781953826521917,1.6082801776423081,0.0,0.997933426744845,0.994310805955646,0.0036226207891989744,0.002066573255155024,0.002977253596748667,0.00040265451601948377,1.8477826938300959,True,0,long_short,1.4540279091752424,1.110107680516047
2022-10-18,1.6154660572838238,0.0008292452625444646,1.6081482643986245,0.0,0.99493883532814,0.9904090014438532,0.004529833884286773,0.005061164671860019,0.0,0.00013191324368365246,0.0,True,0,long_short,1.453559831506191,1.1113860071448618
2022-10-19,1.6151531935651873,-0.00019366777607365826,1.6080167598404331,0.0,0.9915831828596594,0.9871647575652748,0.0044184252943846,0.008416817140340593,0.0,0.00013150455819130772,0.0,True,0,long_short,1.4478250840098583,1.1155720476204911
2022-10-20,1.5975347001169935,-0.010908249148369631,1.6078857114313299,0.0,0.9873785093120714,0.9938578748705026,-0.006479365558431146,0.012621490687928616,0.0,0.0001310484091032787,0.0,True,0,long_short,1.4393062827132515,1.109933805823083
2022-10-21,1.5960145058284052,-0.0009515876484416097,1.6077552136963635,0.0,0.9880993224755222,0.9954555888660113,-0.00735626639048911,0.011900677524477765,0.0,0.00013049773496631457,0.0,True,0,long_short,1.438605050710183,1.1094181165570878
2022-10-24,1.5930155275266444,-0.001879042007957299,1.5907619012786587,0.0,0.9855567378571232,0.9841420459040041,0.0014146919531191201,0.014443262142876834,0.002036863825790041,0.00039174942568884934,1.2787954576650327,True,0,long_short,1.424922889245677,1.1179661296408483
2022-10-25,1.5974148588024626,0.002761637410181761,1.5906330448216381,0.0,0.981427838216274,0.9771823449785882,0.004245493237685721,0.018572161783726004,0.0,0.00012885645702056863,0.0,True,0,long_short,1.4198002161011642,1.1250983347425008
2022-10-26,1.5993582709710954,0.001216598279353498,1.5905047462793673,0.0,0.9904968030925384,0.9849611299088479,0.00553567318369057,0.009503196907461597,0.0,0.0001282985422708135,0.0,True,0,long_short,1.4263490578654385,1.121295143114946
2022-10-27,1.6067207416202143,0.004603390486515924,1.5903752690961037,0.0,0.9890310646335844,0.9788578764119475,0.01017318822163675,0.010968935366415633,0.0,0.0001294771832634042,0.0,True,0,long_short,1.4272402805777133,1.1257535002934835
2022-10-28,1.5959099808589978,-0.006728462813217151,1.5902460018698192,0.0,0.9763044844300048,0.9727554252367475,0.0035490591932573453,0.023695515569995163,0.0,0.00012926722628460758,0.0,True,0,long_short,1.4135248618940905,1.129028589366667
2022-10-31,1.5918768719279976,-0.002527153147340755,1.5907632399288336,0.0,0.9937202222906001,0.9930206505970838,0.0006995716935163137,0.006279777709399914,0.002307029710989249,0.0003827909816063172,1.4481656929740123,True,0,long_short,1.405426021438877,1.1326650052332403
2022-11-01,1.596703983323095,0.0030323396741427366,1.3901493744623543,0.0,0.9416305874478512,0.8122674675345065,0.1293631199133447,0.05836941255214878,0.00039738846138261157,0.00012992602249581293,0.24979025319513912,True,0,long_short,1.417957978442246,1.1260587461676526
2022-11-02,1.5964907838837081,-0.00013352471191507842,1.390042775774606,0.0,0.9510069244071749,0.8216933009317637,0.12931362347541128,0.048993075592825064,0.0,0.00010659868774817336,0.0,True,0,long_short,1.428409236449629,1.1176704428570154
2022-11-03,1.6012177219993107,0.0029608301928956138,1.3899349544774457,0.0,0.9521077195249444,0.8201564148278834,0.131951304697061,0.04789228047505556,0.0,0.00010782129716026381,0.0,True,0,long_short,1.4283229092000083,1.1210474268008062
2022-11-04,1.6172348780480956,0.010003109401503174,1.3898270162046047,0.0,0.9617409463718511,0.8211257117326138,0.14061523463923725,0.038259053628148854,0.0,0.00010793827284113629,0.0,True,0,long_short,1.446380871579725,1.118125183916298
2022-11-07,1.621253837224954,0.0024850806963234717,1.6116536214110333,0.0,0.9991311645231551,0.9932096884448914,0.005921476078263723,0.0008688354768449091,0.002623699399930314,0.0003274405003420395,1.6253089640212806,True,0,long_short,1.4432012691520895,1.123373344992604
2022-11-08,1.6308186634952957,0.0058996475756771805,1.6115212725053982,0.0,0.9923934008755706,0.9805604537663327,0.011832947109237837,0.007606599124429403,0.0,0.0001323489056350916,0.0,True,0,long_short,1.438811670028948,1.1334483153465698
2022-11-09,1.6282498934179073,-0.0015751414518907492,1.6113898382898895,0.0,0.991210108224486,0.9808553984246124,0.010354709799873534,0.008789891775514036,0.0,0.00013143421550856587,0.0,True,0,long_short,1.4369443125555907,1.133133608025548
2022-11-10,1.632934336056148,0.0028769801596040256,1.6112585716297845,0.0,0.9897738401322312,0.9764997212973523,0.013274118834878909,0.010226159867768758,0.0,0.00013126666010492499,0.0,True,0,long_short,1.4321623490069182,1.1401880081461768
2022-11-11,1.6342016288344121,0.0007760831224390419,1.6111275119099993,0.0,0.9999706451270229,0.9858511408276235,0.014119504299399418,2.9354872977060964e-05,0.0,0.00013105971978540047,0.0,True,0,long_short,1.4446723703976785,1.131191862127578
2022-11-14,1.6265960677750448,-0.004653991848479588,1.6336599121232065,0.0,0.990651306538778,0.9949940222800154,-0.004342715741237505,0.009348693461222024,0.002350984185217819,0.000397252489346819,1.4370223270044822,True,0,long_short,1.4378196142587143,1.1312935584159884
2022-11-15,1.6214664522629694,-0.0031535890278475698,1.633526888559034,0.0,0.9965778989800631,1.004015879753105,-0.007437980773041887,0.003422101019936896,0.0,0.00013302356417263137,0.0,True,0,long_short,1.4415716654153934,1.1247907344209203
2022-11-16,1.6215581425087358,5.6547729148759274e-05,1.6333930821426044,0.0,0.9855146865967214,0.992813185073969,-0.007298498477247568,0.014485313403278632,0.0,0.00013380641642950282,0.0,True,0,long_short,1.4272519559844243,1.136140073733717
2022-11-17,1.6223294121160214,0.0004756348767689378,1.6332607612408854,0.0,0.970256338165563,0.9769943958271115,-0.006738057661548446,0.029743661834436996,0.0,0.00013232090171890905,0.0,True,0,long_short,1.4140983720237443,1.1472535745828443
2022-11-18,1.6162401487848739,-0.0037534074680957152,1.633130486713996,0.0,0.9682720262646506,0.9787224150523695,-0.010450388787718784,0.03172797373534941,0.0,0.0001302745268895489,0.0,True,0,long_short,1.4089937426896033,1.1470882373825604
2022-11-21,1.620027717878456,0.0023434445038565954,1.613002867025598,0.0,0.9977320335830268,0.9933957800885141,0.00433625349451265,0.002267966416973244,0.002943488380747627,0.00039004531932904085,1.8215260493640937,True,0,long_short,1.409081838940241,1.1497044906184197
2022-11-22,1.6239775347598506,0.0024381168530667185,1.612870593433935,0.0,0.9926209112369002,0.985781567041441,0.006839344195459232,0.007379088763099784,0.0,0.00013227359166303153,0.0,True,0,long_short,1.4077119245528142,1.1536291669019834
2022-11-23,1.6316477028597194,0.004723075249315478,1.612739013670725,0.0,0.9908204279648696,0.9792317197186875,0.011588708246182074,0.009179572035130423,0.0,0.00013157976321005442,0.0,True,0,long_short,1.4093510808950014,1.1577297700893305
2022-11-24,1.632489308891338,0.0005158013155313057,1.6126076908335154,0.0,0.9947938189667292,0.9826151064020973,0.012178712564631999,0.0052061810332707514,0.0,0.0001313228372092906,0.0,True,0,long_short,1.414598999311505,1.1540297354132738
2022-11-25,1.6225035234439829,-0.00611690710191326,1.6124758462864506,0.0,0.9983897689842305,0.9922093958678458,0.006180373116384707,0.0016102310157695143,0.0,0.00013184454706492176,0.0,True,0,long_short,1.4175167895886507,1.1446097396241897
2022-11-28,1.6269855999235008,0.0027624448358694043,1.6169280115466187,0.0,0.9919642514322431,0.9857825197824025,0.006181731649840612,0.008035748567756906,0.0016434299337452524,0.00039695257992077395,1.0153582916563466,True,0,long_short,1.411763998281946,1.1524487109059798
2022-11-29,1.624950104321818,-0.001251083968892286,1.6167961879331112,0.0,1.0051929823179648,1.0001750335409407,0.0050179487770240505,0.0,0.0,0.00013182361350758402,0.0,True,0,long_short,1.4280037814165736,1.1379172278590708
2022-11-30,1.6350726737562786,0.006229464774049509,1.6166626070132404,0.0,1.0059752123200443,0.994715733130814,0.011259479189230402,0.0,0.0,0.00013358091987061065,0.0,True,0,long_short,1.4303933479900965,1.143093035250608
2022-12-01,1.6396835271404822,0.002819968468808831,1.6165289276285777,0.0,1.0100117741003984,0.9958903908403711,0.014121383260027333,0.0,0.0,0.00013367938466281944,0.0,True,0,long_short,1.4382470049043783,1.14005697321059
2022-12-02,1.6395940405866716,-5.457550333909378e-05,1.6163947129653968,0.0,1.0114057380275672,0.997256304053671,0.01414943397389624,0.0,0.0,0.00013421466318069478,0.0,True,0,long_short,1.4384189518032136,1.1398584804039624
2022-12-05,1.6333309069103683,-0.003819929519908616,1.6398470395633644,0.0,1.0030839526272308,1.0070734275250774,-0.003989474897846706,0.0,0.0024682082182191506,0.0004031742311664383,1.5028833359205376,True,0,long_short,1.4462060942792632,1.1293901425054922
2022-12-06,1.625136471962665,-0.00501700844148234,1.6397118436054434,0.0,1.0038322995021118,1.012801005758009,-0.00896870625589714,0.0,0.0,0.00013519595792094806,0.0,True,0,long_short,1.4440861234607039,1.1253736502003635
2022-12-07,1.6301414472866886,0.0030797261709223367,1.639576560877775,0.0,0.9977347470371298,1.0035226580228858,-0.005787910985755862,0.002265252962870168,0.0,0.0001352827276683131,0.0,True,0,long_short,1.4362544021590302,1.134994917917188
2022-12-08,1.6341734106480437,0.0024733825203120396,1.6394421046686134,0.0,0.9928948540646203,0.9961189268504334,-0.003224072785812992,0.0071051459353796975,0.0,0.00013445620916173245,0.0,True,0,long_short,1.431529046642896,1.1415579826901678
2022-12-09,1.6355702484302959,0.000854767170454851,1.6393083103345774,0.0,0.992542378147766,0.9948278574219636,-0.002285479274197569,0.0074576218522339754,0.0,0.0001337943340358007,0.0,True,0,long_short,1.4324634329799815,1.141788481837744
2022-12-12,1.6378122428298654,0.0013707723050850884,1.6365094164878808,0.0,0.9920852860319569,0.991289818573652,0.0007954674583049245,0.007914713968043108,0.002031997588469158,0.00040120541405975834,1.2401258649996345,True,0,long_short,1.4266929516631086,1.14797808520793
2022-12-13,1.6425860553490197,0.0029147495630548192,1.6363759743014927,0.0,0.9823710471594086,0.9785903739780532,0.003780673181355501,0.017628952840591405,0.0,0.00013344218638787863,0.0,True,0,long_short,1.416352786919582,1.1597294618394272
2022-12-14,1.6430336770572964,0.0002725103545224705,1.6362438576793945,0.0,0.9756527026285623,0.9715202131533235,0.004132489475238808,0.024347297371437704,0.0,0.00013211662209823005,0.0,True,0,long_short,1.4104432621227871,1.1649058995712094
2022-12-15,1.6413037323015471,-0.001052896711677631,1.6361126598359848,0.0,0.9775984667630611,0.9744356929489276,0.0031627738141333864,0.022401533236938942,0.0,0.00013119784340981863,0.0,True,0,long_short,1.4107110888767338,1.1634584467670277
2022-12-16,1.6341907143686514,-0.004333760895627425,1.6359812068272404,0.0,0.971851109189129,0.9729467539280485,-0.0010956447389195182,0.02814889081087102,0.0,0.00013145300874451392,0.0,True,0,long_short,1.402424380513534,1.1652611984471135
2022-12-19,1.6211609049858067,-0.0079732489410691,1.627549710486879,0.0,0.9906841067693236,0.9946249898003812,-0.003940883031057531,0.009315893230676386,0.002598846456109137,0.0003920499988383299,1.594239031185443,True,0,long_short,1.3901521128594345,1.1661751904625783
2022-12-20,1.631154162195153,0.006164259931640714,1.6274171805842557,0.0,0.9856271986616293,0.9833361941094487,0.0022910045521806212,0.014372801338370711,0.0,0.00013252990262353024,0.0,True,0,long_short,1.3841845648292879,1.1784224471512756
2022-12-21,1.6327810132298732,0.000997361912457695,1.627285347193089,0.0,0.9851982415761769,0.9818324099109048,0.0033658316652721075,0.014801758423823141,0.0,0.00013183339116647409,0.0,True,0,long_short,1.383785478199893,1.1799379592810062
2022-12-22,1.6333280804263615,0.0003350523995901966,1.6271535841259321,0.0,0.979420905169869,0.9756405891547193,0.0037803160151497492,0.020579094830130984,0.0,0.0001317630671569525,0.0,True,0,long_short,1.3777726437437157,1.1854844758626102
2022-12-23,1.615911410718737,-0.010663301461809271,1.6270226081393016,0.0,0.9767884296209196,0.9836645475484626,-0.006876117927543045,0.023211570379080393,0.0,0.00013097598663042097,0.0,True,0,long_short,1.3743751003908078,1.1757426413351402
2022-12-26,1.623008934562472,0.004392272866356128,1.6097659578745465,0.0,1.0034232945108652,0.9952637727695413,0.008159521741323882,0.0,0.0022884700536324742,0.00039193514795417527,1.4195985036148109,True,0,long_short,1.3845666690489216,1.1722143619688172
2022-12-27,1.6309493205242893,0.004892385859821324,1.6096331916831397,0.0,1.0095687244155234,0.9964989566594675,0.013069767756055891,0.0,0.0,0.00013276619140695778,0.0,True,0,long_short,1.3970933190492398,1.1673875311594755
2022-12-28,1.6284837285204448,-0.0015117526785269897,1.6094996103711177,0.0,1.006090836413262,0.9944332939909158,0.011657542422346045,0.0,0.0,0.00013358131202193877,0.0,True,0,long_short,1.3928045529840571,1.1692119508307532
2022-12-29,1.623356524435163,-0.0031484527573021337,1.7084976105561642,0.0,0.9430949998132485,0.9955425582142753,-0.052447558401026766,0.056905000186751487,9.923033340379536e-05,0.00013310288534492006,0.06091280043726098,True,0,long_short,1.386975340833426,1.1704292618927867
2022-12-30,1.6208215296179667,-0.0015615761411859053,1.7083647787336522,0.0,0.9427347688707617,0.9967464213050184,-0.054011652434256714,0.057265231129238314,0.0,0.0001328318225120562,0.0,True,0,long_short,1.3892255101268234,1.1667087292904668
2023-01-03,1.6247354581520956,0.002414780691524676,1.620183750726393,0.0,1.0020932259101987,0.9992917191154373,0.0028015067947612304,0.0,0.0014575338190770202,0.000531139087963014,0.8988016233723062,True,0,long_short,1.3960920644737187,1.1637738652748293
2023-01-04,1.6275217036097955,0.0017148917651301776,1.620050305409482,0.0,1.00421611737492,0.9996254577334897,0.004590659641430414,0.0,0.0,0.00013344531691106428,0.0,True,0,long_short,1.4014991929817362,1.1612719520352979
2023-01-05,1.6363127433052964,0.005401488456960424,1.6199165866044456,0.0,1.0114739696549369,1.001453784474608,0.010020185180328822,0.0,0.0,0.0001337188050363395,0.0,True,0,long_short,1.4133380553867143,1.1577645822729739
2023-01-06,1.6369988687713624,0.0004193119370812237,1.6197818996244977,0.0,1.0175480054589718,1.0070306071422666,0.01051739831670535,0.0,0.0,0.00013468697994798223,0.0,True,0,long_short,1.4186068480152163,1.153948235243401
2023-01-09,1.635978696454484,-0.0006231967146342887,1.631759533868065,0.0,0.9990257077970709,0.9964467239780499,0.002578983819020977,0.0009742922029291057,0.002475377384040636,0.0004064814159558974,1.5147010793840345,True,0,long_short,1.4218600408851516,1.1505905288934324
2023-01-10,1.6353557387254702,-0.00038078596644564033,1.6316255476533326,0.0,0.9960243765151032,0.9937434103718928,0.0022809661432103574,0.003975623484896773,0.0,0.0001339862147325987,0.0,True,0,long_short,1.4181168347335567,1.1531882977982766
2023-01-11,1.6375300619607747,0.0013295720214361317,1.6314919758186226,0.0,0.9933914177265878,0.9897041045697703,0.003687313156817464,0.006608582273412211,0.0,0.00013357183471005162,0.0,True,0,long_short,1.4165802804503453,1.1559740627196837
2023-01-12,1.6351917173366581,-0.0014279705016936317,1.6313587700468135,0.0,0.9961608943783015,0.9938168589669139,0.0023440354113875464,0.0038391056216985353,0.0,0.00013320577180923033,0.0,True,0,long_short,1.4189082857884827,1.1524294654661118
2023-01-13,1.6370378694534065,0.0011290126394201128,1.631225201737526,0.0,0.9971929781923112,0.9936422553749942,0.0035507228173170626,0.00280702180768877,0.0,0.00013356830928758063,0.0,True,0,long_short,1.4212115251123847,1.151860817709
2023-01-16,1.6317776597081575,-0.0032132486629679047,1.6356471590804806,0.0,1.009636527563012,1.0120078674016852,-0.0023713398386734467,0.0,0.0016507705907292515,0.00040108684949703076,1.0082285946948863,True,0,long_short,1.4310549543703879,1.1402620526379996
2023-01-17,1.637166571928957,0.0033024794700053928,1.635511429889017,0.0,1.013865169585313,1.0128541899645953,0.0010109796207174312,0.0,0.0,0.00013572919146369577,0.0,True,0,long_short,1.4362091157329997,1.139922142252519
2023-01-18,1.640232961525222,0.0018729857113146675,1.6353751385721365,0.0,1.0156520642329547,1.0126903977703028,0.0029616664626520178,0.0,0.0,0.0001362913168806754,0.0,True,0,long_short,1.4398391058195181,1.1391779504360975
2023-01-19,1.6460562564748629,0.0035502852864424117,1.635238614064993,0.0,1.0176913561553758,1.0111195015378207,0.006571854617555047,0.0,0.0,0.00013652450714325524,0.0,True,0,long_short,1.4434708649070533,1.1403460204795017
2023-01-20,1.645176679653766,-0.000534354046307417,1.6351018173870575,0.0,1.0240758284323521,1.0179519498293386,0.006123878603013443,0.0,0.0,0.00013679667793562255,0.0,True,0,long_short,1.4510390050572202,1.1337921819606014
2023-01-30,1.6442564451301012,-0.0005593530075191921,1.6410591000640773,0.0,0.9958555839323648,0.9939110301643113,0.0019445537680536412,0.004144416067635159,0.002451336429108471,0.0013764746374251846,1.4915247111779644,True,0,long_short,1.4526725005961534,1.1318837827902193
2023-01-31,1.6489095397542095,0.0028299080948654964,1.6409247785886882,0.0,0.990108762986058,0.9852663134926117,0.004842449493446318,0.009891237013942011,0.0,0.0001343214753890603,0.0,True,0,long_short,1.4480447939361476,1.1387144559748468
2023-02-01,1.646991221630207,-0.001163385909143666,1.6407912485867555,0.0,0.9985634286745255,0.9947990048196644,0.003764423854861085,0.0014365713254744783,0.0,0.00013353000193285717,0.0,True,0,long_short,1.4564613469739822,1.1308169798340884
2023-02-02,1.6478370263390099,0.0005135453654485644,1.6406565834995042,0.0,0.9987775170686741,0.994420021318346,0.004357495750328153,0.0012224829313258745,0.0,0.0001346650872513249,0.0,True,0,long_short,1.4588724953599104,1.1295277905232433
2023-02-03,1.6460521394339451,-0.0010831695589643697,1.640521900584639,0.0,0.9935899650071022,0.9902302665401947,0.003359698466907345,0.006410034992897828,0.0,0.00013468291486530397,0.0,True,0,long_short,1.4536688019688273,1.1323433076396472
2023-02-06,1.649238323553204,0.001935652002101662,1.642932802666294,0.0,0.9871744073292344,0.9833511146026106,0.003823292726623913,0.012825592670765551,0.0023490889567048716,0.0004019105709297699,1.427772935850889,True,0,long_short,1.4413126836665306,1.1442612989138032
2023-02-07,1.6474700133804931,-0.0010721980852963497,1.6427995056517422,0.0,0.9899247034773998,0.9870897458206184,0.00283495765678142,0.010075296522600197,0.0,0.00013329701455162062,0.0,True,0,long_short,1.44453580351918,1.1404840291025842
2023-02-08,1.6488233211386725,0.0008214460640789678,1.6426658453155705,0.0,0.9854145327390903,0.9816800660171799,0.003734466721910337,0.014585467260909701,0.0,0.00013366033617163083,0.0,True,0,long_short,1.4418497523752376,1.1435472513155245
2023-02-09,1.6509258547313872,0.0012751721580834818,1.6425328083029613,0.0,0.9920845690890988,0.9870007269502333,0.00508384213886548,0.007915430910901189,0.0,0.00013303701260926668,0.0,True,0,long_short,1.450569865987559,1.138122260390005
2023-02-10,1.6464228872250117,-0.0027275407272049357,1.6423988796712823,0.0,0.9933722504689438,0.9909281593517997,0.002444091117144141,0.00662774953105616,0.0,0.00013392863167897108,0.0,True,0,long_short,1.4492271942157913,1.1360695505827347
2023-02-13,1.646773713587616,0.00021308399277386592,1.6449090349084694,0.0,0.9998537194687307,0.9987213971200309,0.0011323223486997696,0.00014628053126930496,0.002609223530279707,0.0004022844167225482,1.5837296593922445,True,0,long_short,1.4516248981939914,1.1344347397433143
2023-02-14,1.6510703645649307,0.002609132597795938,1.6447738567048549,0.0,1.0012413192868237,0.997427727815975,0.0038135914708487253,0.0,0.0,0.00013517820361436426,0.0,True,0,long_short,1.4513772380516365,1.1375887131738176
2023-02-15,1.647789648151298,-0.0019870239839823167,1.644638501360017,0.0,0.9976793967717186,0.995767049042859,0.0019123477288595916,0.002320603228281426,0.0,0.00013535534483772267,0.0,True,0,long_short,1.4459835539513468,1.1395632015651136
2023-02-16,1.6409750150402596,-0.004135620780652327,1.6445036398831363,0.0,0.9893653381213513,0.9915156602228674,-0.00215032210151611,0.010634661878648699,0.0,0.0001348614768807936,0.0,True,0,long_short,1.436203454929746,1.1425783787162176
2023-02-17,1.6365683286367003,-0.002685407372549853,1.6443699095467983,0.0,0.9857963105032611,0.9905633469743855,-0.004767036471124413,0.014203689496738892,0.0,0.00013373033633809914,0.0,True,0,long_short,1.425620229446508,1.1479693503452124
2023-02-20,1.6317389970074643,-0.0029508890919690556,1.6306204825895732,0.0,1.0046648513619083,1.0039793775085886,0.0006854738533198201,0.0,0.0020882192165796506,0.0003997293537123236,1.2789906823364134,True,0,long_short,1.4381769524641124,1.1345884762036484
2023-02-21,1.6359529635363317,0.002582500348766281,1.630485833359233,0.0,1.0046602433406138,1.0013183806471528,0.0033418626934608544,0.0,0.0,0.0001346492303401679,0.0,True,0,long_short,1.4414602183513336,1.1349275843404465
2023-02-22,1.643233135655448,0.004450110902564752,1.6303511941998687,0.0,1.0045163910792043,0.9966770034864993,0.007839387592705048,0.0,0.0,0.00013463915936409127,0.0,True,0,long_short,1.4397916965922672,1.1412992167857967
2023-02-23,1.6443359447081596,0.0006711214792245457,1.6302165827469093,0.0,0.9994735657916495,0.9908869007572388,0.00858666503441067,0.0005264342083505236,0.0,0.00013461145295957225,0.0,True,0,long_short,1.4390073215414083,1.1426876848317986
2023-02-24,1.6433456189373215,-0.0006022648680917841,1.6300826634909047,0.0,0.9976066050674899,0.9895359014409493,0.008070703626540558,0.002393394932510118,0.0,0.00013391925600456943,0.0,True,0,long_short,1.4348427393476066,1.1453140988011807
2023-02-27,1.6425326058140215,-0.0004947304534913544,1.6394014561777526,0.0,0.9918395633194266,0.9899332695720843,0.001906293747342274,0.008160436680573424,0.0021236542182641286,0.0004009683670062355,1.2937080309126676,True,0,long_short,1.4306601133434331,1.148094219231041
2023-02-28,1.6508593706973795,0.0050694670254241014,1.6392678125334084,0.0,0.9902014885938901,0.9831799588562756,0.0070215297376144785,0.009798511406109878,0.0,0.00013364364434401886,0.0,True,0,long_short,1.4323838279342243,1.1525258373506209
2023-03-01,1.650536792035932,-0.00019540044850174798,1.6391344077239707,0.0,0.996529273024203,0.9896209845407353,0.006908288483467654,0.0034707269757969783,0.0,0.00013340480943778738,0.0,True,0,long_short,1.4410575937199048,1.1453649036852742
2023-03-02,1.647865658300814,-0.0016183424374461852,1.6390001551887525,0.0,0.9973220140900423,0.9919420226645258,0.0053799914255164595,0.002677985909957714,0.0,0.00013425253521824433,0.0,True,0,long_short,1.44028206367413,1.144127042794064
2023-03-03,1.6558587720603026,0.00485058579819575,1.6388658055563545,0.0,0.9977420138891231,0.9874796854884923,0.010262328400630873,0.0022579861108769084,0.0,0.00013434963239788932,0.0,True,0,long_short,1.4428290713381504,1.1476472195868483
2023-03-06,1.6543434035398108,-0.0009151556558210094,1.6530551709927188,0.0,0.9966527120635151,0.9958740148810948,0.000778697182420275,0.0033472879364848662,0.002153219547914157,0.00040318197520622503,1.3008752011043523,True,0,long_short,1.4433495114372992,1.1461835060950707
2023-03-07,1.654938061371219,0.0003594524753058881,1.6529197585866413,0.0,0.9892860175440301,0.9880664536028241,0.0012195639412060058,0.010713982455969884,0.0,0.00013541240607741753,0.0,True,0,long_short,1.4348045289256433,1.153424057429208
2023-03-08,1.6499884127167566,-0.002990836195018387,1.6527853595087318,0.0,0.9884892401061484,0.9901843712782334,-0.001695131172085183,0.011510759893851641,0.0,0.00013439907790942956,0.0,True,0,long_short,1.4322762726724017,1.152004291489196
2023-03-09,1.6518633883072855,0.0011363568229196819,1.6526510751740142,0.0,0.9901579295075179,0.9906347769709972,-0.00047684746347926237,0.009842070492482091,0.0,0.0001342843347174503,0.0,True,0,long_short,1.4325617894365166,1.153083518273253
2023-03-10,1.6460532202764742,-0.003517341731730683,1.652516577092979,0.0,0.9853937903261375,0.9893203686025186,-0.003926578276381156,0.014606209673862502,0.0,0.0001344980810352611,0.0,True,0,long_short,1.4254436831450292,1.1547655230017244
2023-03-13,1.6506077990777004,0.002766969345293191,1.6444685157267125,0.0,0.997995674492084,0.9942762667960716,0.0037194076960124834,0.0020043255079159605,0.001752702393200631,0.0004015415289756043,1.064682178742858,True,0,long_short,1.4287297794338771,1.1552973997166496
2023-03-14,1.6456912048708756,-0.002978656837543059,1.6443336258505143,0.0,0.9955254809861859,0.9947005516091901,0.0008249293769956889,0.004474519013814127,0.0,0.00013488987619820187,0.0,True,0,long_short,1.426864190961537,1.153362187722908
2023-03-15,1.6494950727491324,0.002311410468135433,1.6441990803752322,0.0,0.9980041750000481,0.994793500132694,0.003210674867354217,0.0019958249999518785,0.0,0.00013454547528192763,0.0,True,0,long_short,1.4304110380002648,1.1531615940654025
2023-03-16,1.6465119133128299,-0.0018085288556399792,1.64406421130864,0.0,0.9920784760909434,0.9905918776737687,0.001486598417174657,0.00792152390905665,0.0,0.00013486906659219798,0.0,True,0,long_short,1.4225775476975744,1.1574145226583188
2023-03-17,1.646263413199301,-0.00015092518403270194,1.643930154761148,0.0,0.9951909699746868,0.9937736643239351,0.0014173056507517255,0.004809030025313188,0.0,0.00013405654749211937,0.0,True,0,long_short,1.4261144883306078,1.1543697414689313
2023-03-20,1.6415485675621058,-0.0028639679406059493,1.643083549263412,0.0,1.0007687656761113,1.0017038471788082,-0.0009350815026968495,0.0,0.002125157838376287,0.000403400521128698,1.2917253775783748,True,0,long_short,1.4267315158852754,1.1505658557935046
2023-03-21,1.6497130213792857,0.004973629156342918,1.64294839757721,0.0,1.0065904281768445,1.0024899429928094,0.004100485184035153,0.0,0.0,0.00013515168620201285,0.0,True,0,long_short,1.432838107395344,1.151360375512474
2023-03-22,1.6497278589670852,8.994041755805426e-06,1.6428124671076683,0.0,1.01241654290087,1.008224704942974,0.004191837957896074,0.0,0.0,0.0001359304695416725,0.0,True,0,long_short,1.4375967201305948,1.1475595595524313
2023-03-23,1.6432984321210233,-0.003897265122313809,1.6426757578158455,0.0,1.0140059213616068,1.0136270040006414,0.00037891736096532804,0.0,0.0,0.00013670929182273644,0.0,True,0,long_short,1.4387207433766833,1.1421941608099675
2023-03-24,1.6451086674791586,0.001101586493817086,1.6425388516514814,0.0,1.0136185548232517,1.012056459942544,0.001562094880707963,0.0,0.0,0.00013690616436409187,0.0,True,0,long_short,1.4379091257101655,1.1440978001072633
2023-03-27,1.6489820807616655,0.0023545029936788975,1.6416635626601688,0.0,0.9974095987400018,0.9929713952040871,0.004438203535914692,0.0025904012599982096,0.00245542619690415,0.0004105338544676102,1.4934601531553782,True,0,long_short,1.4368866431224423,1.147607633945519
2023-03-28,1.646785691710793,-0.0013319665971494032,1.6415289824927113,0.0,0.9948430534332946,0.9916509506329475,0.0031921028003470964,0.0051569465667054,0.0,0.0001345801674575712,0.0,True,0,long_short,1.4336143450415255,1.1486950429915606
2023-03-29,1.6466015086042183,-0.00011184400465813482,1.6413947603066834,0.0,0.9931815564893746,0.990019438472157,0.003162118017217622,0.006818443510625438,0.0,0.00013422218602797894,0.0,True,0,long_short,1.4312042580562077,1.1505007054971683
2023-03-30,1.641525916587911,-0.0030824653018869386,1.6412607739367433,0.0,0.9950190961880646,0.9948575741258857,0.0001615220621789469,0.004980903811935389,0.0,0.00013398636993992502,0.0,True,0,long_short,1.4331501591747116,1.1453970165507248
2023-03-31,1.6475879736127723,0.0036929401866903078,1.6411265478141754,0.0,0.9953321718036562,0.9914104232220443,0.0039217485816118195,0.004667828196343815,0.0,0.00013422612256778796,0.0,True,0,long_short,1.4382547885088524,1.1455466630644433
2023-04-03,1.6430095638209847,-0.0027788560399286677,1.6450466787619924,0.0,1.0020865013126443,1.0033263692877707,-0.0012398679751263327,0.0,0.0017771431072758168,0.0004027650140256137,1.0791337140475816,True,0,long_short,1.4459046565059965,1.1363194360209674
2023-04-04,1.6412396082144058,-0.0010772643358585299,1.644911187680866,0.0,1.002785625999159,1.0050227030524324,-0.00223707705327336,0.0,0.0,0.00013549108112659663,0.0,True,0,long_short,1.4454747892589088,1.135432883651928
2023-04-06,1.6351117357468141,-0.0037336854636712546,1.6446400397793748,0.0,1.0083145549700896,1.0141418656206422,-0.005827310650552566,0.0,0.0,0.00027114790149112726,0.0,True,0,long_short,1.446658604739366,1.1302678672010529
2023-04-07,1.6353420622306913,0.0001408628406498469,1.6445037464698251,0.0,1.0103716902991093,1.0159739948265407,-0.005602304527431373,0.0,0.0,0.00013629330954973811,0.0,True,0,long_short,1.4523194079931958,1.126020938114705
2023-04-10,1.641690647883283,0.0038821148181877874,1.6357230390817905,0.0,0.9915314755815203,0.9878964370258785,0.003635038555641916,0.008468524418479673,0.0022318232922529995,0.0004096763033109999,1.3625670300939832,True,0,long_short,1.4501042649199314,1.1321190397118996
2023-04-11,1.6469100270371664,0.003179270808792767,1.6355897387797296,0.0,0.988893255552614,0.9820196024254894,0.006873653127124569,0.011106744447386019,0.0,0.00013330030206103573,0.0,True,0,long_short,1.4463844095817586,1.13863922766797
2023-04-12,1.6578093663510807,0.006618053891822129,1.6354568101827447,0.0,0.9885017784787506,0.9750185899879442,0.01348318849080641,0.011498221521249352,0.0,0.00013292859698478822,0.0,True,0,long_short,1.4490757677287511,1.1440460211059176
2023-04-13,1.659198154249257,0.0008377247265971555,1.6353239558032229,0.0,0.9849563958796469,0.9705673981671726,0.014388997712474347,0.015043604120353105,0.0,0.00013285437952178941,0.0,True,0,long_short,1.4459004109035563,1.1475189727710287
2023-04-14,1.6582536850426257,-0.0005692323151472722,1.635191597148241,0.0,0.9907964685203366,0.9768890138875481,0.013907454632788549,0.009203531479663352,0.0,0.0001323586549819296,0.0,True,0,long_short,1.452358326015566,1.1417662262397172
2023-04-17,1.6687697452824732,0.0063416474419455415,1.656625074764076,0.0,0.9982877900954252,0.9910101710274085,0.007277619068016713,0.0017122099045747685,0.0030552347455767128,0.00039943474697014107,1.8408573796235306,True,0,long_short,1.4582416695973117,1.1443711835112338
2023-04-18,1.6683102918527721,-0.0002753246402027454,1.6564891486442943,0.0,0.9979908637765288,0.9909051655906416,0.007085698185887187,0.0020091362234712085,0.0,0.0001359261197817328,0.0,True,0,long_short,1.460034375227759,1.1426513787338213
2023-04-19,1.6638116086453039,-0.0026965506533394024,1.6563532743468146,0.0,0.997185598302361,0.9927029187371175,0.004482679565243598,0.002814401697639024,0.0,0.0001358742974798583,0.0,True,0,long_short,1.4549470821035828,1.1435547238183685
2023-04-20,1.6560630966096137,-0.004657084970094205,1.5511812271463068,0.0,0.99160754954751,0.9282755003773867,0.06333204917012325,0.008392450452490041,0.00010493136208717683,0.0001357537512436349,0.06311595208554284,True,0,long_short,1.4470997935929613,1.1444014462180412
2023-04-21,1.6636451520388724,0.004578361443341894,1.5510548751353757,0.0,0.9829317226763592,0.9152548645642117,0.06767685811214749,0.0170682773236408,0.0,0.00012635201093110795,0.0,True,0,long_short,1.434476909937328,1.1597573585980947
2023-04-24,1.6665908629527317,0.0017706365508589617,1.668306731518756,0.0,0.9882119640755809,0.9892415320422411,-0.0010295679666601225,0.011788035924419127,0.0026378924354357783,0.0003754502428715126,1.5786833373288935,True,0,long_short,1.4241031341744816,1.170273994178669
2023-04-25,1.6784400720211403,0.007109848812812292,1.559222043760435,0.0,0.9800871490120596,0.9090580844371501,0.07102906457490948,0.019912850987940378,0.00010884034104205543,0.0001355063752236954,0.06520442623777963,True,0,long_short,1.422921795295448,1.1795729586618904
2023-04-26,1.6833454059552118,0.0029225553034875063,1.559096635580979,0.0,0.9894911364240484,0.9156805150657253,0.07381062135832302,0.0105088635759516,0.0,0.0001254081794559526,0.0,True,0,long_short,1.432099018770516,1.1754392565678842
2023-04-27,1.6886339111411717,0.0031416637175296636,1.3440998868301608,0.0,0.9919948843792431,0.7879636719075143,0.20403121247172876,0.008005115620756897,0.0002146554023959545,0.00012669095246782937,0.12746110857176435,True,0,long_short,1.4392970839079637,1.1732351368045653
2023-04-28,1.6840532271070088,-0.0027126566652136974,1.1225816065256509,0.0,0.9963473616665717,0.6629424481259855,0.33340491354058627,0.0036526383334283263,0.00022118772965618554,0.0001093629186682475,0.13116015916639923,True,0,long_short,1.4462793309213595,1.164403854153246
2023-05-04,1.7118774984189022,0.01652220420591588,1.6818159440134606,0.0,0.992287662532198,0.9747270868290846,0.017560575703113392,0.007712337467801977,0.0025696139660850055,0.0005505684012260318,1.5255497495284318,True,0,long_short,1.4471096999986555,1.1829631840768484
2023-05-05,1.7123390673204049,0.0002696272963040869,2.445625663782468,0.0,0.4570561520646789,0.8852929484192492,-0.42823679635457024,0.542943847935321,0.001040764075439402,0.000137146304140448,0.6088117431132973,True,0,long_short,1.4387723982063745,1.1901389472407646
2023-05-08,1.7067614617188387,-0.0032573020776162087,1.7082551124251906,0.0,0.9989181972277044,0.9997933345798494,-0.0008751373521451249,0.001081802772295637,0.0022150316753142252,0.00037378891272366944,1.294984120567072,True,0,long_short,1.4486105204613273,1.1782058997992781
2023-05-09,1.6919607416169749,-0.008671815267587757,1.7081148596526035,0.0,0.9993326847946471,1.008880257405694,-0.009547572611046957,0.000667315205352903,0.0,0.0001402527725871991,0.0,True,0,long_short,1.4419990560610576,1.1733438621233974
2023-05-10,1.701722305588556,0.005769379709278821,1.8698696098581087,0.0,0.9051877515442975,1.0039978239734753,-0.09881007242917769,0.09481224845570246,0.00016205710751481653,0.00014030020179639965,0.09573057008944716,True,0,long_short,1.4381274204356413,1.1832903548094964
2023-05-11,1.7029610927694199,0.0007279608293289108,1.8697291831053566,0.0,0.9086386863625218,1.0065669896244196,-0.09792830326189789,0.09136131363747824,0.0,0.0001404267527521673,0.0,True,0,long_short,1.440976219673131,1.1818106846730039
2023-05-12,1.705434694844586,0.0014525299994632146,1.8695882945228417,0.0,0.8957245021951286,0.9919777332185625,-0.096253231023434,0.10427549780487144,0.0,0.00014088858251477482,0.0,True,0,long_short,1.4248199333864977,1.1969475264085658
2023-05-15,1.7173629474824852,0.006994259395541436,1.706618953891067,0.0,1.002100166128334,0.9958440665617468,0.006256099566587161,0.0,0.00166225904534504,0.0004171446351972058,0.9730593726355724,True,0,long_short,1.432087343363805,1.1992026571847225
2023-05-16,1.700447377942981,-0.00984973477173301,1.7064783873950629,0.0,1.0091634491394554,1.01271016839129,-0.003546719251834569,0.0,0.0,0.00014056649600411718,0.0,True,0,long_short,1.4330026244899088,1.1866324240322113
2023-05-17,1.6961092993127374,-0.002551139592153362,1.706336848188176,0.0,1.0155111415121503,1.0215411472904234,-0.006030005778273083,0.0,0.0,0.00014153920688689015,0.0,True,0,long_short,1.4361058060736174,1.1810475886522471
2023-05-18,1.7017351119108997,0.0033168927264546344,1.7061944389739665,0.0,1.0164398399856975,1.019060298970092,-0.002620458984394591,0.0,0.0,0.00014240921420958,0.0,True,0,long_short,1.4387448017905122,1.1827914928297896
2023-05-19,1.6938352802762038,-0.004642221682683023,1.7060519043965492,0.0,1.0189019822281635,1.0261143860921056,-0.0072124038639419805,0.0,0.0,0.00014253457741741026,0.0,True,0,long_short,1.4376069803364924,1.1782325096110327
2023-05-22,1.6992251234384526,0.0031820350095495,1.6903716898287802,0.0,0.9966939133239975,0.9914836363056369,0.00521027701836062,0.0033060866760025176,0.0019402135743406,0.0004285648969549561,1.1464869864940181,True,0,long_short,1.439473984009646,1.180448651600685
2023-05-23,1.6978831951586848,-0.000789729542753137,1.6902332169051402,0.0,0.9933217238431502,0.9888161263583773,0.004505597484772818,0.006678276156849794,0.0,0.00013847292364016316,0.0,True,0,long_short,1.4332276414192482,1.1846570259260158
2023-05-24,1.696092238351082,-0.0010548174413349543,1.6900952255941226,0.0,0.990277273171714,0.9867414909652052,0.0035357822065087197,0.00972272682828601,0.0,0.00013799131101746267,0.0,True,0,long_short,1.427041798663626,1.1885371822601218
2023-05-25,1.7018883307287136,0.0034173214443022903,1.689957669052965,0.0,0.9890913931022141,0.9820811436867075,0.007010249415506569,0.010908606897785944,0.0,0.00013755654115767607,0.0,True,0,long_short,1.4257291999091442,1.193696762917648
2023-05-26,1.70242006505282,0.0003124378459535837,1.6898202943320113,0.0,0.9957876998447427,0.988386605967,0.007401093877742706,0.004212300155257309,0.0,0.000137374720953626,0.0,True,0,long_short,1.4302008806794664,1.1903363283093678
2023-05-29,1.7024229590808408,1.6999494309999363e-06,1.6925685526214371,0.0,0.994208032227303,0.9884195726633389,0.005788459563964041,0.005791967772696971,0.002435001455505893,0.00041489980028079686,1.4365760175835938,True,0,long_short,1.4272728301964228,1.1927803311764518
2023-05-30,1.7065763506531852,0.0024396942899471696,1.6924302478400366,0.0,0.9932255003958939,0.9849363296197173,0.008289170776176549,0.006774499604106143,0.0,0.00013830478140057056,0.0,True,0,long_short,1.4256499486635905,1.197051458706912
2023-05-31,1.6891493765927348,-0.010211658009780966,1.692292094219733,0.0,1.00159478490536,1.003455317591544,-0.0018605326861840538,0.0,0.0,0.00013815362030368436,0.0,True,0,long_short,1.4236824657326812,1.1864649718246225
2023-06-01,1.6853492227207008,-0.0022497441165917342,1.6921527803081593,0.0,1.006230881547657,1.0102677645246314,-0.004036882976974431,0.0,0.0,0.00013931391157384287,0.0,True,0,long_short,1.4260023336661414,1.1818698910455487
2023-06-02,1.684122179390247,-0.0007280647321704636,1.6920128361444595,0.0,1.0154754374734885,1.0201607606945562,-0.004685323221067673,0.0,0.0,0.00013994416369983843,0.0,True,0,long_short,1.4370858326369367,1.1719008991272417
2023-06-05,1.6875619981759615,0.0020424995453476313,1.6832542011592864,0.0,0.9947409449152738,0.9921882700972041,0.002552674818069674,0.0052590550847262385,0.0024222641948244234,0.0004236350211688754,1.436968626310848,True,0,long_short,1.4351717735367355,1.17586063863091
2023-06-06,1.6973642820600665,0.0058085474161542194,1.683116580949452,0.0,0.9836261927794151,0.9752321778580441,0.008394014921371054,0.0163738072205849,0.0,0.00013762020983441,0.0,True,0,long_short,1.429504601879245,1.1873793759241416
2023-06-07,1.6929543508181115,-0.0025981053616862537,1.68298052690024,0.0,0.9858009041367455,0.9799095321023772,0.005891372034368208,0.014199095863254518,0.0,0.00013605404921193648,0.0,True,0,long_short,1.4278304193169251,1.185683067060598
2023-06-08,1.6971811725649364,0.002496713360748526,1.6828441754942853,0.0,0.9871271224595364,0.9786795876280113,0.008447534831525036,0.012872877540463623,0.0,0.00013635140595459117,0.0,True,0,long_short,1.43108042798503,1.1859439479265173
2023-06-09,1.7001316683035228,0.00173846834167235,1.68270765522825,0.0,0.9906119357487351,0.9803633100686668,0.010248625680068265,0.009388064251264927,0.0,0.00013652026603527752,0.0,True,0,long_short,1.4354640125047144,1.1843777715729666
2023-06-12,1.7098976806457518,0.005744268237750205,1.6974456081150362,0.0,0.998642917040276,0.9913605675338348,0.007282349506441171,0.001357082959724032,0.0013920874162112833,0.00041097864079494407,0.8194352055367835,True,0,long_short,1.4382908761295956,1.1888399690381428
2023-06-13,1.7131777604027865,0.0019182900790859492,1.6973062827614656,0.0,0.997331245840899,0.9880668962747517,0.009264349566147316,0.00266875415910095,0.0,0.00013932535357066524,0.0,True,0,long_short,1.438880661068604,1.1906322787954298
2023-06-14,1.7198066580689826,0.0038693577627564313,1.6971671539204392,0.0,0.9952614638620239,0.9820974817118655,0.013163982150158354,0.004738536137976146,0.0,0.00013912884102642014,0.0,True,0,long_short,1.4391820988418704,1.194988917283598
2023-06-15,1.7267423943846478,0.004032858160610164,1.69702833054061,0.0,0.99778252940067,0.9805743668278002,0.0172081625728698,0.0022174705993299737,0.0,0.00013882337982911073,0.0,True,0,long_short,1.4440358838318261,1.1957752668878594
2023-06-16,1.7292331829473777,0.0014424783747881698,1.6968891634723868,0.0,1.001847507524847,0.9831432519079947,0.018704255616852183,0.0,0.0,0.00013916706822315991,0.0,True,0,long_short,1.4466331311247238,1.1953501864034726
2023-06-19,1.7267806797671583,-0.0014182605355971267,1.725235636797024,0.0,0.9941048902597834,0.993210136810062,0.0008947534497215443,0.005895109740216564,0.0007371511833971152,0.00041919877844139383,0.427093166549667,True,0,long_short,1.4410929737402414,1.1982437713823817
2023-06-20,1.7320670905197346,0.00306142570073753,1.7250946732839947,0.0,0.9926692828549354,0.9886437937304653,0.004025489124470101,0.007330717145064614,0.0,0.00014096351302952145,0.0,True,0,long_short,1.43948176761412,1.2032574010232602
2023-06-21,1.7269307188407954,-0.0029654576933264565,1.7249539282939097,0.0,0.9901364942395662,0.9889918099014404,0.001144684338125841,0.009863505760433822,0.0,0.00014074499008496873,0.0,True,0,long_short,1.432906744634797,1.2051940751252002
2023-06-26,1.7321545596017236,0.003024927812063538,1.7265093842385346,0.0,0.9864141624969012,0.9831551142024538,0.003259048294447279,0.01358583750309883,0.0013994180944671831,0.0007018850700825015,0.8098911774612793,True,0,long_short,1.4251312775654583,1.2154350878894125
2023-06-27,1.7365351747843991,0.0025289978647649036,1.7263694135579433,0.0,0.9902311998343657,0.9843771512817826,0.005854048552583039,0.009768800165634306,0.0,0.00013997068059135894,0.0,True,0,long_short,1.4324938597974708,1.2122461558263953
2023-06-28,1.7528564130645654,0.0093987375074005,1.7262289144717688,0.0,0.9876752330834504,0.9724843147661633,0.015190918317287137,0.012324766916549601,0.0,0.00014049908617437364,0.0,True,0,long_short,1.431736727362271,1.2242868256190524
2023-06-29,1.7411690495045988,-0.006667610348946584,1.7260888082771597,0.0,0.9932969439202628,0.9846359576525997,0.008660986267663116,0.006703056079737202,0.0,0.00014010619460897824,0.0,True,0,long_short,1.4323523397161249,1.2156010788865523
2023-06-30,1.7378119717971063,-0.0019280596036598263,1.7259478972370643,0.0,0.9976607297429545,0.9908337111974593,0.006827018545495092,0.0023392702570455004,0.0,0.0001409110400953995,0.0,True,0,long_short,1.4361050984732107,1.210086903559255
2023-07-03,1.7311004046284406,-0.0038620790267230865,1.7345612677756002,0.0,0.8990662923279666,0.9010655196043894,-0.001999227276422847,0.10093370767203336,0.0017470718604389926,0.000424573812833203,1.0061990837440828,True,0,long_short,1.441025751701602,1.2012973415529256
2023-07-04,1.7285713936173825,-0.0014609268210533655,1.7344330621685657,0.0,0.9052230488609925,0.9086140968517362,-0.0033910479907437252,0.09477695113900753,0.0,0.0001282056070342927,0.0,True,0,long_short,1.4407947201688052,1.199734680742626
2023-07-05,1.7310901893130632,0.0014571545641568484,1.7343039714012516,0.0,0.9023372270386513,0.9041937346360188,-0.0018565075973676016,0.09766277296134873,0.0,0.0001290907673141429,0.0,True,0,long_short,1.4385420742739843,1.2033643090951822
2023-07-06,1.7297475807223273,-0.0007755855812854318,1.7341753214639968,0.0,0.9050979499116418,0.9076577111109149,-0.0025597611992730454,0.09490205008835817,0.0,0.00012864993725480146,0.0,True,0,long_short,1.437302712161599,1.2034678332450317
2023-07-07,1.7304769309641934,0.0004216512570933695,1.734046278828661,0.0,0.9033476643081342,0.9054103025326605,-0.0020626382245264034,0.09665233569186582,0.0,0.00012904263533573178,0.0,True,0,long_short,1.4374909338697888,1.2038176312567574
2023-07-10,1.7256682439551012,-0.0027788217936040027,1.7290250181663442,0.0,0.9947715836237726,0.9967167861405375,-0.0019452025167649388,0.005228416376227396,0.0014135582421606445,0.00038633218559755395,0.8168786002762721,True,0,long_short,1.436915300938915,1.2009533497398963
2023-07-11,1.7262258740767051,0.00032313865863686786,1.8978587021435143,0.0,0.9014476840291319,1.000874317961733,-0.09942663393260107,0.09855231597086811,0.00016914419824440592,0.00014137006899120932,0.0979910304855964,True,0,long_short,1.4402328854458626,1.1985741275045985
2023-07-12,1.7328991050261575,0.0038657924491032336,1.8977166965152104,0.0,0.8947130056852421,0.9898239045315803,-0.0951108988463382,0.10528699431475785,0.0,0.00014200562830392482,0.0,True,0,long_short,1.4380955784173384,1.204995781249295
2023-07-13,1.724993256028021,-0.004562209637714143,1.8975757158337065,0.0,0.9006779938805578,1.0007261878097764,-0.10004819392921853,0.0993220061194422,0.0,0.0001409806815038032,0.0,True,0,long_short,1.4447102270194385,1.1940063991841676
2023-07-14,1.7176290116290172,-0.004269143878255388,1.8974338326069857,0.0,0.900999645939522,1.0056816347512034,-0.10468198881168155,0.09900035406047802,0.0,0.000141883226720753,0.0,True,0,long_short,1.4436421042054814,1.189788664811994
2023-07-17,1.722156376864306,0.002635822523162412,1.7213046276211292,0.0,0.893437984574059,0.892943401588089,0.000494582985969971,0.10656201542594101,0.0012291870893989716,0.00042593127591234175,0.7135924293048127,True,0,long_short,1.4403305343019912,1.1956674776035991
2023-07-18,1.72368548908247,0.0008879055576522799,1.721178234072645,0.0,0.8957077248341823,0.8942531352204126,0.001454589613769682,0.10429227516581774,0.0,0.0001263935484841506,0.0,True,0,long_short,1.4416505628607437,1.1956333479744699
2023-07-19,1.7278732687801208,0.0024295497781789965,1.7210515427450221,0.0,0.898399676166884,0.8944516284955898,0.003948047671294156,0.10160032383311601,0.0,0.00012669132762295308,0.0,True,0,long_short,1.4427622030997143,1.1976147317055141
2023-07-20,1.7326434687702572,0.002760734873515469,1.7209245154250965,0.0,0.8950971129484635,0.8883334864111021,0.006763626537361426,0.1049028870515365,0.0,0.00012702731992556525,0.0,True,0,long_short,1.4406892877082027,1.2026489566855076
2023-07-21,1.733038112064171,0.00022776947538649672,1.7207980086952346,0.0,0.8934975501727959,0.8864347491393221,0.007062801033473817,0.10650244982720414,0.0,0.0001265067298619267,0.0,True,0,long_short,1.4410855439359707,1.2025921149210919
2023-07-24,1.7297894957009787,-0.001874521016345665,1.728250709746484,0.0,0.8939604827998473,0.8930709029068494,0.0008895798929978578,0.1060395172001527,0.0017516838178436008,0.00037879525580954485,1.0125325978506898,True,0,long_short,1.4369103477360679,1.203825623795081
2023-07-25,1.7359475197961176,0.003559984674692096,1.7281237378560652,0.0,0.9004119915619879,0.8959050684834771,0.004506923078510826,0.09958800843801208,0.0,0.00012697189041899643,0.0,True,0,long_short,1.4492225948131476,1.19784740177884
2023-07-26,1.7317642376284643,-0.0024097976004162636,1.727995909567166,0.0,0.9000094689048358,0.8978334636615014,0.002176005243334359,0.0999905310951642,0.0,0.00012782828889917777,0.0,True,0,long_short,1.4485804474440411,1.1954905512386895
2023-07-27,1.7373980866355019,0.0032532424937661286,1.7278681148369976,0.0,0.8972025690783437,0.8917173714878713,0.005485197590472433,0.10279743092165627,0.0,0.00012779473016836303,0.0,True,0,long_short,1.4482694570652839,1.1996373175997903
2023-07-28,1.7322296260841317,-0.0029748280438013364,1.727740777736583,0.0,0.9068006187537441,0.9042092484873804,0.0025913702663637765,0.09319938124625593,0.0,0.00012733710041446574,0.0,True,0,long_short,1.4604907774900988,1.1860599551754958
2023-07-31,1.7375907658369083,0.00309493595539978,1.7287812920084813,0.0,0.895332615673772,0.8902626797592681,0.005069935914503852,0.10466738432622802,0.002106254638261943,0.0003862104776899172,1.2168639391636968,True,0,long_short,1.462473473829753,1.1881177996936318
2023-08-01,1.7302639034119554,-0.004216678960896725,1.7286541485390414,0.0,0.8997166779132172,0.8987863256879067,0.0009303522253104772,0.10028332208678281,0.0,0.00012714346943991164,0.0,True,0,long_short,1.457579709416817,1.1870801248353273
2023-08-02,1.7232642869084414,-0.0040454039928309315,1.7285263290155166,0.0,0.8989762545985379,0.9020297862866549,-0.00305353168811697,0.10102374540146208,0.0,0.00012781952352477094,0.0,True,0,long_short,1.4574891365647558,1.1823513765393183
2023-08-03,1.7170985126584624,-0.0035779620670027823,1.7283985671758098,0.0,0.900864102196636,0.9074450027297407,-0.006580900533104702,0.09913589780336396,0.0,0.00012776183970702296,0.0,True,0,long_short,1.4630880247829967,1.1736125807694586
2023-08-04,1.7227283635883452,0.0032787000212157746,1.728270498206124,0.0,0.9017669717956257,0.9049840399852009,-0.0032170681895752964,0.0982330282043743,0.0,0.0001280689696854733,0.0,True,0,long_short,1.4659987390560751,1.1751226775935515
2023-08-07,1.7230941695717206,0.00021234106961198762,1.7205849827082627,0.0,0.8900020692786398,0.8885458593350583,0.0014562099435815796,0.10999793072136022,0.001745161152788828,0.00038442123475330065,1.0132558841922112,True,0,long_short,1.4592860877976435,1.1807788643912973
2023-08-08,1.7279520849167553,0.0028192976511796086,1.7204591431310339,0.0,0.8855004112866661,0.8811640978835764,0.004336313403089714,0.11449958871333388,0.0,0.00012583957722882188,0.0,True,0,long_short,1.4576402092515923,1.1854448539149118
2023-08-09,1.7268099798797507,-0.0006609587424177832,1.7203339971578757,0.0,0.8829285420659782,0.8791782841931772,0.0037502578728008944,0.11707145793402185,0.0,0.00012514597315822337,0.0,True,0,long_short,1.454625831518928,1.1871162621088658
2023-08-10,1.7383151319703662,0.006662662495972249,1.7202092157467601,0.0,0.8849212263857468,0.8745054416464842,0.010415784739262543,0.11507877361425323,0.0,0.0001247814111154795,0.0,True,0,long_short,1.4561655700039697,1.1937620060372856
2023-08-11,1.7326736379815533,-0.0032453804750686155,1.7200842705926065,0.0,0.8815265601482329,0.8742606982380738,0.007265861910159083,0.11847343985176706,0.0,0.00012494515415379545,0.0,True,0,long_short,1.4505412081710867,1.1945014924230888
2023-08-14,1.7392678649608193,0.003805810185320224,1.7313327888317016,0.0,0.9932459373281975,0.9886836290782854,0.004562308249912099,0.006754062671802452,0.0014294395923251093,0.00037351441591901665,0.8249484948810356,True,0,long_short,1.4465425582726625,1.2023620425227615
2023-08-15,1.7362585955637955,-0.001730193179353412,1.7311914530236465,0.0,0.9909418689195547,0.9880234427397819,0.0029184261797727947,0.009058131080445286,0.0,0.00014133580805496197,0.0,True,0,long_short,1.444350412212617,1.20210343756125
2023-08-16,1.741964168696897,0.003286130964407885,1.7310504559665172,0.0,0.9880019429355957,0.9817367665751979,0.006265176360397784,0.011998057064404266,0.0,0.00014099705712949148,0.0,True,0,long_short,1.4428230567346931,1.2073304211253744
2023-08-17,1.74584082561188,0.002225451581982396,1.7309098956703144,0.0,0.99323826615964,0.9846859802223854,0.008552285937254631,0.006761733840360051,0.0,0.00014056029620271323,0.0,True,0,long_short,1.4474737604079175,1.2061295156879932
2023-08-18,1.7595949920850746,0.007878247702435281,1.7307685993702038,0.0,0.9899363739847682,0.9735539718726137,0.01638240211215442,0.010063626015231808,0.0,0.0001412963001106761,0.0,True,0,long_short,1.4455483797012088,1.2172508487393403
2023-08-21,1.7465816615304837,-0.007395639685908839,1.755707035948629,0.0,0.9918623505910763,0.9970870558648904,-0.005224705273814081,0.008137649408923697,0.0018073042367605567,0.000422398527147514,1.0283297242228562,True,0,long_short,1.4408134715795835,1.212219135913327
2023-08-22,1.7689184304071603,0.012788848851821522,1.7555638994582135,0.0,0.980096869306841,0.9725473233699643,0.007549545936876717,0.019903130693158966,0.0,0.0001431364904155922,0.0,True,0,long_short,1.4363382528072277,1.2315472535455536
2023-08-23,1.766760842922082,-0.0012197212986140293,1.7554225002622064,0.0,0.9734717488808623,0.9670541611777509,0.006417587703111419,0.026528251119137702,0.0,0.0001413991960070369,0.0,True,0,long_short,1.4285486337297546,1.2367523241468505
2023-08-24,1.7594218897787925,-0.004153902987317326,1.591025471489593,0.0,0.9776544828776079,0.8819432613295054,0.09571122154810252,0.022345517122392078,0.00016409250721677028,0.00014042904862633234,0.09300894334332586,True,0,long_short,1.4319115046627329,1.2287225041838046
2023-08-25,1.7618203637439829,0.0013632170766568752,1.590897933658399,0.0,0.9723901862339724,0.8753755111836952,0.09701467505027728,0.027609813766027558,0.0,0.00012753783119392027,0.0,True,0,long_short,1.427209146159817,1.2344514246454363
2023-08-28,1.7687218518297065,0.003917248448109367,1.7744491921184216,0.0,0.985301034909657,0.9885391586897134,-0.003238123780056422,0.014698965090342964,0.0022188691159948006,0.00038028190722564644,1.248893456469941,True,0,long_short,1.4302313074969555,1.2366683924190853
2023-08-29,1.7675799046548815,-0.0006456341191486414,1.774305483832556,0.0,0.9973396688811189,1.0011446336015046,-0.0038049647203857347,0.0026603311188810874,0.0,0.00014370828586552194,0.0,True,0,long_short,1.4389355001001256,1.2283941181045903
2023-08-30,1.766008502944329,-0.0008890131113248323,1.7741600369994597,0.0,0.9995318895009423,1.0041476849750524,-0.004615795474110195,0.00046811049905770563,0.0,0.00014544683309647346,0.0,True,0,long_short,1.4392624114880341,1.2270232925200044
2023-08-31,1.777289012311935,0.0063875736435010655,1.7740142835734423,0.0,0.9958191110700637,0.9939765695836723,0.0018425414863914107,0.004180888929936288,0.0,0.00014575342601735395,0.0,True,0,long_short,1.438262218313123,1.2357197385025118
2023-09-01,1.7848950392945255,0.004279566761455689,1.7738690849184602,0.0,0.9962702452043005,0.9900928767129727,0.00617736849132786,0.0037297547956994803,0.0,0.00014519865498218386,0.0,True,0,long_short,1.4422817424235455,1.2375494931352788
2023-09-04,1.770245220507108,-0.008207664016595562,1.7805746111744964,0.0,1.005358199269316,1.0111932048085088,-0.00583500553919274,0.0,0.003549653047002285,0.00043575087059650634,1.9895772498510207,True,0,long_short,1.4494504421441141,1.221321660289713
2023-09-05,1.7702858806211454,2.2968633704767427e-05,1.7804274829604287,0.0,1.0054844819034365,1.0112132754561056,-0.005728793552668972,0.0,0.0,0.00014712821406752283,0.0,True,0,long_short,1.4465715698893384,1.2237803628040131
2023-09-06,1.7633671953605745,-0.003908230493338993,1.780280348446689,0.0,1.0077781300874007,1.0173695260998779,-0.009591396012477157,0.0,0.0,0.00014713451373999493,0.0,True,0,long_short,1.4449854835776559,1.2203355780396035
2023-09-07,1.7594803897544635,-0.002204195255722796,1.7801328967167258,0.0,0.9961824887286047,1.0079203330845425,-0.011737844355937738,0.003817511271395291,0.0,0.0001474517299630733,0.0,True,0,long_short,1.4293139035696316,1.2309964839495786
2023-09-08,1.7649450153456694,0.003105817844305969,1.7799871364925752,0.0,0.990799898192088,0.9993226119401759,-0.008522713748087874,0.009200101807911976,0.0,0.00014576022415044158,0.0,True,0,long_short,1.4254836625680094,1.2381376663174941
2023-09-11,1.7711961450828257,0.003541826902710765,1.7590611731601504,0.0,0.9970184882966074,0.9901672019744436,0.0068512863221637625,0.0029815117033925587,0.0024167861309157754,0.0004348971277806645,1.3720217832804726,True,0,long_short,1.4283172483967543,1.2400579402586809
2023-09-12,1.7725427433778111,0.0007602762114877759,1.7589170268315648,0.0,0.9976825877613263,0.9899954859426809,0.007687101818645421,0.002317412238673655,0.0,0.0001441463285855821,0.0,True,0,long_short,1.4282655935670632,1.2410456089969395
2023-09-13,1.7779689775698184,0.0030612712795106134,1.758772795928996,0.0,0.9898277914389422,0.9790311004488325,0.010796690990109733,0.010172208561057827,0.0,0.0001442309025685881,0.0,True,0,long_short,1.4219414149319252,1.2503813159242836
2023-09-14,1.778719825077032,0.0004223063038140129,1.7586297257708037,0.0,0.9868107509488594,0.9755160551665385,0.01129469578232089,0.013189249051140606,0.0,0.0001430701581923889,0.0,True,0,long_short,1.4195327431474207,1.253031910439215
2023-09-15,1.7776614228843204,-0.000595035922909215,1.758487109079269,0.0,0.9901747908790148,0.9793885334071388,0.010786257471875938,0.009825209120985168,0.0,0.00014261669153471193,0.0,True,0,long_short,1.4207388480406897,1.251223210610349
2023-09-18,1.781051690374299,0.0019071502853889033,1.774632432364637,0.0,0.9977330786286955,0.9941288833971059,0.003604195231589624,0.0022669213713044645,0.0016265075811161787,0.00042929290204597525,0.9156928331439399,True,0,long_short,1.4226306177280792,1.2519424706454112
2023-09-19,1.7805705194197345,-0.0002701611397158965,1.774486904014372,0.0,0.9952513149444551,0.991834648578809,0.0034166663656461853,0.004748685055544932,0.0,0.0001455283502650134,0.0,True,0,long_short,1.4196636492226655,1.2542199840044386
2023-09-20,1.7811734609538832,0.00033862266479900427,1.77434175073749,0.0,0.9945119264250373,0.9906764155294646,0.003835510895572648,0.005488073574962726,0.0,0.0001451532768820652,0.0,True,0,long_short,1.4179310896267905,1.2561777324613854
2023-09-21,1.7726451779899657,-0.004788013717288431,1.7741967178712104,0.0,0.9920505324711761,0.9929258006300323,-0.0008752681588561641,0.007949467528823861,0.0,0.00014503286627950716,0.0,True,0,long_short,1.414250506111191,1.2534166827800994
2023-09-22,1.7710447565796088,-0.0009028436317817246,1.774052051695929,0.0,1.0007422252489862,1.0024402597594908,-0.001698034510504651,0.0,0.0,0.00014466617528125913,0.0,True,0,long_short,1.4227551553996634,1.244799394933212
2023-09-25,1.7730304670566783,0.00112120852377795,1.76988464370338,0.0,0.9967458424707587,0.9949715789080344,0.001774263562724166,0.003254157529241297,0.00144129305355092,0.00043776161897211293,0.8136803191567,True,0,long_short,1.4214443256461984,1.2473442927500142
2023-09-26,1.7851649495019,0.006843922126936519,1.7697396479562626,0.0,0.9982480553792372,0.989607228350933,0.00864082702830426,0.0017519446207627798,0.0,0.0001449957471172137,0.0,True,0,long_short,1.421535252298463,1.2558006891601798
2023-09-27,1.7947022264665649,0.005342518610017555,1.769594446958633,0.0,1.0002837189425169,0.9862937772476406,0.013989941694876353,0.0,0.0,0.0001452009976295185,0.0,True,0,long_short,1.4236576997184458,1.2606276261642808
2023-09-28,1.768030098360077,-0.014861589690564059,1.7694489589883886,0.0,1.0108962043812486,1.0116987136991769,-0.0008025093179280958,0.0,0.0,0.00014548797024464046,0.0,True,0,long_short,1.4286360223799857,1.2375651115213304
2023-10-09,1.7781438710941884,0.005720362308024196,1.7693956563327782,0.0,0.9944759051670351,0.9895560474976852,0.004919857669349962,0.005524094832964899,0.0015192307237215789,0.0016171932771957952,0.8578790176905372,True,0,long_short,1.4254288235364878,1.2474448683327553
2023-10-10,1.7805133920998681,0.0013325811506026408,1.7692510338926992,0.0,0.9910936541345893,0.984768310973937,0.006325343160652316,0.008906345865410725,0.0,0.0001446224400790848,0.0,True,0,long_short,1.4216375005572353,1.2524383968500867
2023-10-11,1.7805880966963532,4.1956773151330395e-05,1.7691069193859208,0.0,0.9894804536947316,0.9830324844357355,0.0064479692589960134,0.010519546305268412,0.0,0.0001441145067784654,0.0,True,0,long_short,1.4179342738286207,1.2557620826024019
2023-10-12,1.7735457211735235,-0.0039550840174075175,1.7689630528702671,0.0,0.9903085017941746,0.9877245998126547,0.0025839019815198897,0.009691498205825377,0.0,0.00014386651565359841,0.0,True,0,long_short,1.4212783933508206,1.247852447114315
2023-10-13,1.7741348677940545,0.0003321857528100214,1.7688190713849772,0.0,0.9881848912141425,0.9851886159559446,0.002996275258197871,0.011815108785857453,0.0,0.0001439814852900464,0.0,True,0,long_short,1.4182243899953795,1.250954983082638
2023-10-16,1.797641392582939,0.013249570376863362,1.7699094473463797,0.0,0.9868402833594467,0.9714134327367469,0.015426850622699917,0.013159716640553265,0.001670338504142556,0.0004309785554600238,0.9428525418292906,True,0,long_short,1.4109983746418657,1.2740208811645226
2023-10-17,1.7863207722510162,-0.006297485348652709,1.769765919702873,0.0,0.9839961177008925,0.9747285478414872,0.009267569859405175,0.01600388229910754,0.0,0.00014352764350673906,0.0,True,0,long_short,1.4078191260144335,1.2688567297051354
2023-10-18,1.7808972773859297,-0.003036125957518787,1.7696228091944635,0.0,0.9758519319832462,0.9695211523618547,0.006330779621391543,0.024148068016753843,0.0,0.00014311050840947812,0.0,True,0,long_short,1.396977980182943,1.2748212947155475
2023-10-19,1.7711036777925824,-0.00549925013514696,1.7694808954207148,0.0,0.9677106544963539,0.966794399625329,0.0009162548710248319,0.03228934550364615,0.0,0.00014191377374870928,0.0,True,0,long_short,1.3843423597199884,1.2793827085886647
2023-10-20,1.768602546767538,-0.0014121878105757268,1.769340159000152,0.0,0.9606197604914357,0.9610368198437262,-0.00041705935229056245,0.039380239508564285,0.0,0.0001407364205626596,0.0,True,0,long_short,1.3802166955485566,1.2813948363844565
2023-10-23,1.7652902968762227,-0.0018728062431940806,1.7673215884850448,0.0,0.9849834442975259,0.9861341284724837,-0.0011506841749578227,0.015016555702474066,0.0015332311148618524,0.00041910217819224403,0.8667930787042487,True,0,long_short,1.3652820813641404,1.2929857653389902
2023-10-24,1.771136955001399,0.0033120094386300813,1.887398645455772,0.0,0.9286926114482127,0.9943350170939587,-0.06564240564574596,0.07130738855178731,0.00012034047796993628,0.00014308052123925748,0.0682054819132058,True,0,long_short,1.379923748980171,1.2835034952549755
2023-10-25,1.773346966628464,0.0012477926231646563,1.8872538972233535,0.0,0.9298957862746308,0.9941285239951302,-0.06423273772049946,0.07010421372536924,0.0,0.00014474823241866227,0.0,True,0,long_short,1.3864633919391578,1.2790434835413842
2023-10-26,1.7712563543637185,-0.0011789076272649135,1.8871089984724658,0.0,0.9340446069090982,0.9994516519273584,-0.06540704501826017,0.06595539309090181,0.0,0.00014489875088758325,0.0,True,0,long_short,1.3889520225696226,1.2752466072131246
2023-10-27,1.7702125474800163,-0.0005893031130873583,1.8869634955884091,0.0,0.9447667433392425,1.0107198111076263,-0.06595306776838376,0.05523325666075751,0.0,0.00014550288405662867,0.0,True,0,long_short,1.4001381235993935,1.264312797175508
2023-10-30,1.7765148177720806,0.003560177166880951,1.7750609764736183,0.0,1.002234127412742,1.0014157603020832,0.0008183671106587482,0.0,0.0014725901885930736,0.0004411698636844977,0.8289121107685047,True,0,long_short,1.401814428962934,1.2672967127941115
2023-10-31,1.7746802942864266,-0.0010326530729164451,1.7749147548349666,0.0,0.9928179021431935,0.9929500163889509,-0.00013211424575723484,0.0071820978568064575,0.0,0.00014622163865154615,0.0,True,0,long_short,1.3943046658463218,1.2728066811776912
2023-11-01,1.77470109573426,1.1721236720996231e-05,1.7747699190409423,0.0,0.9889323907142856,0.9889711709386558,-3.878022437014659e-05,0.011067609285714375,0.0,0.00014483579402439905,0.0,True,0,long_short,1.3897034942015685,1.2770357872302003
2023-11-02,1.7802132558645298,0.003105965361445362,1.774625661926911,0.0,0.9860928691526797,0.9829541474746945,0.003138721677985225,0.013907130847320315,0.0,0.00014425711403132273,0.0,True,0,long_short,1.3874554477093912,1.2830777801215592
2023-11-03,1.7737991891837233,-0.0036029765870335684,1.7744818371595212,0.0,0.9978977791220454,0.9982826298875438,-0.00038485076549838186,0.0021022208779546414,0.0,0.0001438247673897098,0.0,True,0,long_short,1.3920990753785485,1.2741903364179596
2023-11-06,1.7716624023973297,-0.0012046384953963152,1.7764799557041044,0.0,1.0060728562284227,1.008792083830846,-0.002719227602423342,0.0,0.0015941478572549415,0.00043662400754072546,0.8965587283803155,True,0,long_short,1.4020567821022383,1.2636167272347603
2023-11-07,1.7684364468764946,-0.001820863566597053,1.7763330593473843,0.0,1.008520632373834,1.0129859398406853,-0.004465307466851358,0.0,0.0,0.00014689635671993136,0.0,True,0,long_short,1.4039174173717315,1.2596442105456445
2023-11-08,1.7722208028310755,0.002139944560215934,1.7761858208879717,0.0,1.00583305522509,1.008070371281059,-0.0022373160559690255,0.0,0.0,0.00014723845941268834,0.0,True,0,long_short,1.4023217784545583,1.2637761390143765
2023-11-09,1.7794086387170736,0.0040558354097386395,1.7760389833578865,0.0,1.0033064189166196,1.0014127249747848,0.001893693941834744,0.0,0.0,0.00014683753008509087,0.0,True,0,long_short,1.4017362391179902,1.2694318581908997
2023-11-10,1.7774852193700337,-0.0010809317799124196,1.775892523978127,0.0,1.0041753386379002,1.0032793000241607,0.0008960386137394338,0.0,0.0,0.00014645937975956195,0.0,True,0,long_short,1.3995504614616052,1.2700401081028092
2023-11-13,1.7780822120756985,0.00033586366804017054,1.775642481834738,0.0,0.9946184198914163,0.9932463065974465,0.0013721132939698436,0.0053815801085836945,0.001281147636137411,0.00043972129151330776,0.7209919519832748,True,0,long_short,1.399560721667503,1.2704573546171023
2023-11-14,1.782299098191691,0.00237159231859696,1.7754973251013157,0.0,0.9957109657948048,0.9918946741873655,0.0038162916074391713,0.004289034205195219,0.0,0.00014515673342225792,0.0,True,0,long_short,1.4031436563269737,1.2702185482969273
2023-11-15,1.7798104623298858,-0.0013963065258407736,1.7753520221163865,0.0,1.0020539211878567,0.9995489127569799,0.002505008430876945,0.0,0.0,0.00014530298492920133,0.0,True,0,long_short,1.4075056590342527,1.2645138944244718
2023-11-16,1.778815485413092,-0.0005590353230598977,1.7752058023126165,0.0,0.9964010015635167,0.9943717393212683,0.0020292622422484843,0.0035989984364832583,0.0,0.00014621980377002754,0.0,True,0,long_short,1.4002548776665038,1.270351215185518
2023-11-17,1.7798988794379869,0.000609053627978362,1.7750604211744114,0.0,0.9944075396067587,0.9916891501974101,0.0027183894093485445,0.00559246039324135,0.0,0.00014538113820508129,0.0,True,0,long_short,1.3981487050558756,1.2730397510662894
2023-11-20,1.7800638598036707,9.269086440233387e-05,1.7795358197521356,0.0,1.000942255368488,1.0006456142965248,0.00029664107196313965,0.0,0.0010731998429667066,0.00043523171684067445,0.6027150436487984,True,0,long_short,1.4021618607626376,1.2695138197779048
2023-11-21,1.7747458500881101,-0.002987538725799932,1.779389418675877,0.0,0.9973517619792277,0.9999682315923478,-0.0026164696131202054,0.0026482380207722978,0.0,0.0001464010762586537,0.0,True,0,long_short,1.4000174777300463,1.267659781623326
2023-11-22,1.7767190591874793,0.0011118262929146194,1.7792435537879943,0.0,0.9892375861330621,0.9906584605180474,-0.0014208743849852877,0.010762413866937881,0.0,0.0001458648878826136,0.0,True,0,long_short,1.3891692558944881,1.2789795423765316
2023-11-23,1.7828509364908214,0.003451236295143989,1.7790988862454233,0.0,0.9881659906228265,0.9860614679346967,0.002104522688129685,0.011834009377173493,0.0,0.00014466754257104727,0.0,True,0,long_short,1.3885840703581236,1.2839344585243688
2023-11-24,1.7817676846944492,-0.0006075952701376508,1.7789543930444742,0.0,0.9839423460716694,0.9823634131534549,0.0015789329182144905,0.016057653928330584,0.0,0.00014449320094889493,0.0,True,0,long_short,1.3836153003020746,1.2877623457224339
2023-11-27,1.7765204251048292,-0.0029449740472309305,1.7741816751944068,0.0,0.9998739402064163,0.9985574622884749,0.0013164779179415263,0.00012605979358371044,0.002106605489883894,0.0004315915193875811,1.1859592346532584,True,0,long_short,1.3840876235735662,1.2835317611742265
2023-11-28,1.7692703165521937,-0.004081072443739453,1.7740358704496895,0.0,1.005919504693159,1.008613018427557,-0.002693513734398028,0.0,0.0,0.0001458047447175058,0.0,True,0,long_short,1.3865076169645782,1.2760624571436407
2023-11-29,1.767192655615607,-0.0011743038455737098,1.7738891984709722,0.0,1.0037118678904748,1.0075012356394215,-0.0037893677489468022,0.0,0.0,0.00014667197871714963,0.0,True,0,long_short,1.382664992955838,1.2781061678850583
2023-11-30,1.7648151823290854,-0.0013453390488958883,1.7737428602147411,0.0,1.0013759916912597,1.0064346958405936,-0.005058704149333997,0.0,0.0,0.00014633825623114804,0.0,True,0,long_short,1.3801572571143914,1.278705867198735
2023-12-01,1.7600501078378372,-0.0027000416468310195,1.7735968735382008,0.0,1.0039315175927197,1.0116283244279554,-0.0076968068352355435,0.0,0.0,0.00014598667654045766,0.0,True,0,long_short,1.383318461931452,1.272339057327678
2023-12-04,1.7626104755252332,0.0014547129516337964,1.7568852317203127,0.0,0.9965283420957342,0.9932801804148532,0.00324816168088098,0.0034716579042658458,0.0015883889993143414,0.0004390314759866055,0.9032771265936411,True,0,long_short,1.3823101313518635,1.2751194073948122
2023-12-05,1.767228364789274,0.0026199147957886026,1.7567413331407677,0.0,0.989967487077301,0.9840333181507193,0.005934168926581632,0.010032512922699022,0.0,0.00014389857954499836,0.0,True,0,long_short,1.3756307373125478,1.2846676923210927
2023-12-06,1.7671373076902395,-5.1525372073313314e-05,1.7565984006811732,0.0,0.9889158041998012,0.982951973905911,0.00596383029389016,0.011084195800198815,0.0,0.0001429324595945473,0.0,True,0,long_short,1.3772858146638862,1.2830578002587596
2023-12-07,1.7701523340014413,0.001706164143601585,1.7564556326451657,0.0,0.9879189027777072,0.9801813193544128,0.007737583423294548,0.01208109722229278,0.0,0.00014276803600741627,0.0,True,0,long_short,1.3780680669135248,1.284517344608436
2023-12-08,1.7634908439504253,-0.003763229820993752,1.7563130241314509,0.0,0.9907620300833606,0.9866917964081491,0.00407023367521154,0.009237969916639388,0.0,0.00014260851371505415,0.0,True,0,long_short,1.3803861658459682,1.2775344230356525
2023-12-11,1.7605708509378615,-0.0016558027633546413,1.762960587609005,0.0,1.000087020961273,1.001444385630733,-0.0013573646694598459,0.0,0.0020364212742276814,0.00042904650791509343,1.1537817140643134,True,0,long_short,1.382700019175971,1.2732847519500903
2023-12-12,1.7598989750950846,-0.0003816238593402632,1.7628156741464702,0.0,1.0003548091092518,1.0020121196098322,-0.0016573105005803874,0.0,0.0,0.00014491346253508303,0.0,True,0,long_short,1.3830124247555418,1.2725113264301733
2023-12-13,1.7606792973048948,0.00044339034277118827,1.7626707338640863,0.0,0.9966238368674777,0.9977548983630267,-0.0011310614955490387,0.003376163132522314,0.0,0.00014494028238363262,0.0,True,0,long_short,1.378097432330404,1.2776159769251825
2023-12-14,1.7617498193100716,0.000608016466607797,1.7625263453934015,0.0,0.9943728410160642,0.9948136107977998,-0.000440769781735671,0.005627158983935843,0.0,0.00014438847068484908,0.0,True,0,long_short,1.375893964663851,1.2804401098892022
2023-12-15,1.7593124728514318,-0.0013834804646635224,1.7623822950345738,0.0,0.9913667773602043,0.9931116761377174,-0.0017448987775131974,0.008633222639795712,0.0,0.00014405035882768963,0.0,True,0,long_short,1.3725930087664615,1.2817437227314104
2023-12-18,1.7709892297292547,0.00663711367821862,1.7590233455721724,0.0,0.98768921842253,0.9809326080737976,0.006756610348732529,0.012310781577470009,0.0010252617795497637,0.00043081489942113155,0.5825190141154314,True,0,long_short,1.3665621304999127,1.2959449045184614
2023-12-19,1.7749367833116905,0.0022290104966020685,1.7588805602775979,0.0,0.9812098179462877,0.9721637363139408,0.009046081632346855,0.0187901820537123,0.0,0.00014278529457443208,0.0,True,0,long_short,1.3624576943406828,1.3027463463154454
2023-12-20,1.778976234551407,0.002275828231008914,1.7587387359618458,0.0,0.97788726676234,0.9665113426794281,0.011375924082911791,0.022112733237660054,0.0,0.00014182431575221978,0.0,True,0,long_short,1.3591156976197032,1.3089218509263263
2023-12-21,1.7760700795365976,-0.001633610926535245,1.7585974153556225,0.0,0.9847750715591946,0.9749372479382179,0.00983782362097674,0.015224928440805363,0.0,0.00014132060622337592,0.0,True,0,long_short,1.3629445234205122,1.3031125251373294
2023-12-22,1.7745150624647048,-0.0008755381275824536,1.7584550956124316,0.0,0.9852853447153376,0.976235003474522,0.009050341240815642,0.014714655284662426,0.0,0.00014231974319086209,0.0,True,0,long_short,1.362950184223766,1.3019661928989248
2023-12-25,1.7791287385227246,0.0025999644385164,1.7739431373563204,0.0,0.992998851426887,0.9900841656854211,0.0029146857414658546,0.007001148573112959,0.0020265175166018783,0.0004271532455763672,1.1410766569358326,True,0,long_short,1.3609253856599115,1.3072933735158645
2023-12-26,1.7796368418486481,0.00028559109575487795,1.773798357587055,0.0,0.9849471451586757,0.9816664284841836,0.0032807166744919665,0.015052854841324348,0.0,0.00014477976926525156,0.0,True,0,long_short,1.355072468895655,1.3133148836674402
2023-12-27,1.7798313593536488,0.00010930179710055832,1.7736547677452028,0.0,0.9907099343686363,0.987239610297771,0.003470324070865291,0.009290065631363698,0.0,0.00014358984185230966,0.0,True,0,long_short,1.3603550597320884,1.3083579515660957
2023-12-28,1.768524665559922,-0.006352677029936471,1.773510346921838,0.0,1.0061782020046501,1.0089973209341208,-0.002819118929470678,0.0,0.0,0.00014442082336471625,0.0,True,0,long_short,1.3747518976073907,1.2864318780994963
2023-12-29,1.7745976321759733,0.0034339168315351554,1.7733636808958473,0.0,1.0128293403967563,1.0121339989527285,0.000695341444027984,0.0,0.0,0.0001466660259908937,0.0,True,0,long_short,1.3826306743361116,1.2834936075955856
2024-01-02,1.7808793081408665,0.003539774792323369,1.7733295475018136,0.0,0.997392727172803,0.9931533828194036,0.004239344353399415,0.0026072728271969714,0.0011072464130782668,0.0005905086897489242,0.6239987904192287,True,0,long_short,1.384412765960458,1.2863788545790775
2024-01-03,1.781428954159646,0.0003086374333549635,1.7731841760243392,0.0,0.9914655088987778,0.9868373264971979,0.00462818240157996,0.008534491101222175,0.0,0.000145371477474508,0.0,True,0,long_short,1.3778819680065553,1.2928748583138225
2024-01-04,1.7849989066251757,0.0020039825092061925,1.773039684469287,0.0,0.9874674988186601,0.9807676503697333,0.006699848448926846,0.012532501181339861,0.0,0.00014449155505213184,0.0,True,0,long_short,1.3747840934258968,1.298384899244101
2024-01-05,1.7865216637659656,0.0008530857554802651,1.7728957938514598,0.0,0.9808627071062436,0.9732356683801738,0.007627038726069778,0.01913729289375643,0.0,0.0001438906178271219,0.0,True,0,long_short,1.3715935231919572,1.3025153834267111
2024-01-08,1.7892240913771862,0.0015126755337093734,1.7830685640777906,0.0,0.9828483818385705,0.9794080484957206,0.0034403333428499262,0.017151618161429516,0.0015184059107329795,0.00042872217670132505,0.8508444453916102,True,0,long_short,1.361612111854642,1.3140483077372873
2024-01-09,1.7919316555072125,0.0015132616104795993,1.7829245328058188,0.0,0.9855959389193266,0.9805694510654445,0.005026487853882133,0.01440406108067338,0.0,0.00014403127197182947,0.0,True,0,long_short,1.3642312947601483,1.3135101521199601
2024-01-10,1.7913822245733324,-0.00030661377747953633,1.7827801125230966,0.0,0.9815365100032065,0.9767345688360809,0.004801941167125609,0.01846348999679348,0.0,0.00014442028272226032,0.0,True,0,long_short,1.3629140966030229,1.3143764739378947
2024-01-11,1.7862962006725835,-0.002839161755085584,1.7826363011577755,0.0,0.9909033807463623,0.9888545046901797,0.0020488760561826456,0.009096619253637694,0.0,0.00014381136532103453,0.0,True,0,long_short,1.3681690910235935,1.3056106970931267
2024-01-12,1.7890785546196404,0.0015576106280745794,1.7824911186609471,0.0,0.9910738230567252,0.9873917958245033,0.003682027232221783,0.0089261769432748,0.0,0.00014518249682844142,0.0,True,0,long_short,1.371527362553928,1.304442480307639
2024-01-15,1.790683555115827,0.0008971101308226093,1.7820215494991016,0.0,0.9948811489339765,0.9900438868772725,0.004837262056704022,0.0051188510660235,0.001992750131195881,0.0004355806406096696,1.1170034520512748,True,0,long_short,1.3693992543306914,1.3076416899255892
2024-01-16,1.797236460480534,0.003659443538187368,1.7818758353642739,0.0,0.987754021031455,0.9792072185076774,0.00854680252377766,0.012245978968544957,0.0,0.00014571413482800704,0.0,True,0,long_short,1.3662805055380347,1.3154227504496163
2024-01-17,1.7922124149671903,-0.002795428216496587,1.781731188768482,0.0,0.9770921755817035,0.9712439702511428,0.005848205330560692,0.02290782441829653,0.0,0.00014464659579186795,0.0,True,0,long_short,1.3543758362952307,1.3232755391366262
2024-01-18,1.7933571586104944,0.000638732124464747,1.7815881195491847,0.0,0.975397610660069,0.9688350366603489,0.006562573999720188,0.024602389339930975,0.0,0.0001430692192969416,0.0,True,0,long_short,1.3525169700267543,1.3259405969412863
2024-01-19,1.7968528596523006,0.0019492497771691486,1.7814453140219102,0.0,0.971323755973581,0.9627490162292418,0.008574739744339161,0.028676244026418996,0.0,0.0001428055272745888,0.0,True,0,long_short,1.351256026101964,1.3297649186703515
2024-01-22,1.7810129819193536,-0.008815344922573187,1.7960409752688864,0.0,0.9781534506440825,0.9865913416095586,-0.008437890965476156,0.021846549355917455,0.0023525469862758705,0.000426555202916454,1.308138044962376,True,0,long_short,1.3325106299271101,1.336584445871758
2024-01-23,1.791515460906458,0.005896913213842003,1.7958965534617146,0.0,0.9788104129433107,0.9812558802869414,-0.002445467343630746,0.021189587056689274,0.0,0.00014442180717171417,0.0,True,0,long_short,1.334365250593146,1.3425975085233235
2024-01-24,1.798494370458718,0.003895534090857744,1.7957520656468675,0.0,0.9732733591358728,0.9717485810454354,0.0015247780904373807,0.026726640864127238,0.0,0.00014448781484707661,0.0,True,0,long_short,1.3343472067827746,1.3478458689886583
2024-01-25,1.7975752934201967,-0.0005110258078188101,1.79560842035762,0.0,0.9912903404409762,0.9901961592571468,0.0010941811838293299,0.008709659559023808,0.0,0.00014364528924751746,0.0,True,0,long_short,1.3507992700394205,1.3307493817106801
2024-01-26,1.787507007571404,-0.005601037066790271,1.7954621229205088,0.0,0.995076698311182,0.9995270950455215,-0.004450396734339564,0.004923301688818049,0.0,0.00014629743711125077,0.0,True,0,long_short,1.353743949132022,1.3204173571505136
2024-01-29,1.7792207134901523,-0.004635670823192939,1.7857714472483113,0.0,0.9858155280423959,0.989497327443949,-0.0036817994015531335,0.014184471957604083,0.0016088843956830535,0.0004405467172564993,0.9001354480628274,True,0,long_short,1.3440777737759044,1.3237483337677738
2024-01-30,1.7758675800104053,-0.0018846079378029845,1.7856267458120703,0.0,0.9760029649709858,0.9814984005043086,-0.005495435533322741,0.02399703502901418,0.0,0.00014470143624093875,0.0,True,0,long_short,1.3352087102779666,1.330029954373726
2024-01-31,1.7819206998209147,0.0034085423252525615,1.7854834846184302,0.0,0.9652287687961224,0.9672281758392494,-0.001999407043126864,0.034771231203877595,0.0,0.00014326119364008243,0.0,True,0,long_short,1.3276947015589144,1.3421162995744957
2024-02-01,1.7837378925218705,0.001019794371959648,1.7853418251191442,0.0,0.9664804711465695,0.9673796686149857,-0.0008991974684162079,0.03351952885343046,0.0,0.00014165949928586152,0.0,True,0,long_short,1.3282880244999566,1.3428848710680585
2024-02-02,1.7778281477461897,-0.0033131239743556806,1.7851999989461553,0.0,0.9601739574976422,0.9643205063130106,-0.004146548815368343,0.03982604250235777,0.0,0.0001418261729888055,0.0,True,0,long_short,1.3237317854810304,1.3430425764839857
2024-02-05,1.784739080982615,0.003887289806490335,1.774516509227017,0.0,0.9862195194436778,0.9804917512424177,0.005727768201260045,0.013780480556322194,0.0024503717478257412,0.00042272781523696297,1.378963093831815,True,0,long_short,1.3121009575956306,1.3602147537892768
2024-02-06,1.8108360031439052,0.014622261841726436,1.7743726800258917,0.0,1.0074191965631707,0.9872830146810413,0.02013618188212933,0.0,0.0,0.00014382920112521319,0.0,True,0,long_short,1.3310717245000272,1.360434580506235
2024-02-07,1.8055201107674423,-0.0029356012180196123,1.7742257369331567,0.0,1.0136314699152114,0.9962988610743251,0.017332608840886228,0.0,0.0,0.0001469430927350862,0.0,True,0,long_short,1.3333264931960684,1.3541470299892533
2024-02-08,1.8084716934879903,0.0016347548293402792,1.7740778872649372,0.0,1.021883958439982,1.0028657972230275,0.01901816121695459,0.0,0.0,0.00014784966821953908,0.0,True,0,long_short,1.3418608617016234,1.3477341392867321
2024-02-19,1.814491002981487,0.0033283957471776926,1.8024207498349847,0.0,0.9956441394039882,0.9889919966671716,0.0066521427368165026,0.004355860596011785,0.003009562228974297,0.0016397423402544848,1.666950094315067,True,0,long_short,1.3467528571135423,1.3473080776456896
2024-02-20,1.8305847478055666,0.008869564410975306,1.8022732552804666,0.0,0.998751644512484,0.9832858254297898,0.01546581908269418,0.0012483554875160063,0.0,0.00014749455451835175,0.0,True,0,long_short,1.356997142001957,1.348996759937853
2024-02-21,1.8362898011472815,0.0031165196522882077,1.802125311058431,0.0,1.0023294136463725,0.983724240286751,0.018605173359621606,0.0,0.0,0.00014794422203549424,0.0,True,0,long_short,1.3651897395110624,1.3450802829831858
2024-02-22,1.8426111752962215,0.003442470869789105,1.8019768395962736,0.0,1.00303074209492,0.9809781591926071,0.022052582902312837,0.0,0.0,0.00014847146215725356,0.0,True,0,long_short,1.368086301776006,1.346853025941567
2024-02-23,1.8407190959132165,-0.0010268467967481376,1.8018282729125326,0.0,1.0050842046955701,0.9839561449677008,0.021128059727869245,0.0,0.0,0.00014856668374108059,0.0,True,0,long_short,1.3702006117913117,1.3433938651558324
2024-02-26,1.834656021455386,-0.0032938618778345363,1.8405539547704943,0.0,0.9955686269199653,0.9987833621325254,-0.003214735212560109,0.004431373080034717,0.00145283278749513,0.00044659402165065206,0.7887228197574667,True,0,long_short,1.3669268985095813,1.3421756667864169
2024-02-27,1.835280248379197,0.00034024193991188945,1.8404033445861547,0.0,0.9986449669151065,1.0014364186356173,-0.0027914517205107326,0.0013550330848934866,0.0,0.00015061018433966243,0.0,True,0,long_short,1.3704542865371239,1.3391765536496658
2024-02-28,1.829509578285467,-0.003144299132966988,1.8402522829577332,0.0,0.9799934866759189,0.985865390709531,-0.00587190403361215,0.0200065133240811,0.0,0.00015106162842160677,0.0,True,0,long_short,1.3550890975052132,1.3501027951989912
2024-02-29,1.8220250475389497,-0.00409100385991501,1.8401040377378532,0.0,0.9961042538420409,1.006026724569501,-0.009922470727459894,0.003895746157959068,0.0,0.00014824521987971762,0.0,True,0,long_short,1.3638909389645117,1.3359023038324904
2024-03-01,1.8103219130930799,-0.006423146850630612,1.839953379719443,0.0,1.0062170888685713,1.0225851538033517,-0.016368064934780362,0.0,0.0,0.00015065801841034507,0.0,True,0,long_short,1.3672230292797973,1.3240867615042227
2024-03-04,1.7967516857552062,-0.007496029982141494,1.7892552267550057,0.0,0.991992012459378,0.9878197837314837,0.0041722287278942345,0.008007987540622041,0.002001311110918433,0.00045646232349054195,1.1172666050965343,True,0,long_short,1.364829217103834,1.3164663118568865
2024-03-05,1.7919710960482238,-0.0026606846927615946,1.7891093472869257,0.0,0.9867407783619171,0.9851437945893501,0.0015969837725670114,0.013259221638082908,0.0,0.00014587946808015506,0.0,True,0,long_short,1.3592239604819325,1.318378095257278
2024-03-06,1.7926165381295631,0.0003601855424804068,1.788964250091965,0.0,0.9887902925242505,0.9867528863306153,0.002037406193635239,0.011209707475749453,0.0,0.00014509719496071647,0.0,True,0,long_short,1.3603150803091082,1.31779509326782
2024-03-07,1.7915646909234695,-0.0005867664298084829,1.8745211619854025,0.0,0.938362938760447,0.9846668604006823,-0.04630392164023538,0.06163706123955304,8.578808651774306e-05,0.00014538653778767196,0.04787728749117105,True,0,long_short,1.3586182545337728,1.318666729925742
2024-03-08,1.7869673708452112,-0.00256609214367165,1.8743761679268203,0.0,0.9429483749731866,0.9918629766092902,-0.04891460163610353,0.05705162502681338,0.0,0.0001449940585821642,0.0,True,0,long_short,1.3609593504794346,1.313020385374261
2024-03-11,1.7866066350940686,-0.0002018703626200935,1.7859683396374806,0.0,1.0024704780674385,1.0021132111436233,0.0003572669238151548,0.0,0.0012815527216586374,0.0004370367391767637,0.7170529018563878,True,0,long_short,1.3662182367022426,1.3077022302136394
2024-03-12,1.7853824551825845,-0.0006851983460922639,1.7858211849433319,0.0,1.0039312689962137,1.004177003325838,-0.00024573432962436925,0.0,0.0,0.0001471546941488729,0.0,True,0,long_short,1.3655074520936836,1.3074864237797617
2024-03-13,1.790419674366032,0.0028213670235335275,1.785673828230704,0.0,1.0022785283680906,0.9996278391451807,0.002650689222909862,0.0,0.0,0.00014735671262759795,0.0,True,0,long_short,1.3658453312878964,1.3108509677869542
2024-03-14,1.7890371950701323,-0.0007721537669035383,1.7855267252156153,0.0,1.0002822282280301,0.9983200164505499,0.0019622117774802856,0.0,0.0,0.00014710301508900285,0.0,True,0,long_short,1.364264905779468,1.3113561651341987
2024-03-15,1.7962254079259388,0.0040179225315237765,1.785379928094354,0.0,1.0005349914556128,0.9944970633739098,0.006037928081703025,0.0,0.0,0.0001467971212613474,0.0,True,0,long_short,1.368710405334741,1.3123487634235103
2024-03-18,1.796498937117757,0.00015227999259526115,1.7932127820441617,0.0,1.002249637267684,1.0004204377030754,0.0018291995646085178,0.0,0.0019987697794037634,0.0004404676175358779,1.1133895486431244,True,0,long_short,1.3751371860288546,1.306414338416459
2024-03-19,1.7980987805643645,0.0008905340345897184,1.7930650625165174,0.0,1.0028347710590415,1.0000353041430652,0.002799466915976303,0.0,0.0,0.0001477195276442019,0.0,True,0,long_short,1.3764303257721513,1.3063492912768142
2024-03-20,1.7972510044709817,-0.0004714847162716751,1.7929172683580872,0.0,1.0088063377793792,1.0063950239995492,0.0024113137798301688,0.0,0.0,0.00014779415843021578,0.0,True,0,long_short,1.3813173679812232,1.301113738327666
2024-03-21,1.7971631766974976,-4.886783942015249e-05,1.7927686044292288,0.0,1.0071284380497,1.0046831552143682,0.002445282835331817,0.0,0.0,0.00014866392885844827,0.0,True,0,long_short,1.3826975425745476,1.2997514795254683
2024-03-22,1.8028105631910487,0.003142389387216893,1.792620200628889,0.0,1.0018351939345713,0.9961827073282568,0.005652486606314539,0.0,0.0,0.0001484038003396865,0.0,True,0,long_short,1.3781487333598919,1.3081393318091596
2024-03-25,1.8088701217624426,0.0033611732120473192,1.8017820148896722,0.0,0.9915469734351121,0.9876284461801735,0.0039185272549386,0.008453026564887889,0.0021410632672539255,0.00044283173613032177,1.1868927745197744,True,0,long_short,1.374606485723808,1.3159185123515331
2024-03-26,1.8018622065047074,-0.003874194821078203,1.8016351799646557,0.0,0.9893398061089709,0.9892138106031925,0.00012599550577847526,0.010660193891029124,0.0,0.00014683492501627255,0.0,True,0,long_short,1.3714392663032902,1.3138476130712087
2024-03-27,1.784029612699363,-0.00989675777702026,1.8014886791170275,0.0,0.9828010972053731,0.992587406969171,-0.009786309763797858,0.01719890279462688,0.0,0.00014650084762836147,0.0,True,0,long_short,1.3636167438069045,1.3083072064066643
2024-03-28,1.793893755048931,0.005529135996034551,1.8013431334736938,0.0,0.9861312914681817,0.9902839222490163,-0.004152630780834633,0.013868708531818319,0.0,0.0001455456433336007,0.0,True,0,long_short,1.3672934355202668,1.3120034869225705
2024-03-29,1.803545360169955,0.005380254596382583,1.8011971227221446,0.0,0.9861352486878584,0.9848332368285123,0.0013020118593460885,0.013864751312141599,0.0,0.0001460107515491401,0.0,True,0,long_short,1.3713833658711587,1.3151285082302784
2024-04-01,1.813363294873901,0.005443686042374329,1.8035782657239883,0.0,1.000760736022933,0.9953646694004458,0.0053960666224872325,0.0,0.001927139093060106,0.00043796500639476694,1.0673682216173612,True,0,long_short,1.379445057305019,1.3145600002486617
2024-04-02,1.8016063463796506,-0.0064835041756307055,1.8034299130316727,0.0,0.9996805285192204,1.0006927178111191,-0.0010121892918987443,0.0003194714807795984,0.0,0.00014835269231548468,0.0,True,0,long_short,1.3800850818729051,1.3054313607496586
2024-04-03,1.799007253196237,-0.001442653212582412,1.8032817332219861,0.0,1.0014693283280238,1.0038453498911135,-0.0023760215630896577,0.0,0.0,0.0001481798096863901,0.0,True,0,long_short,1.3819159979253155,1.3018209904922622
2024-04-08,1.7984085863525872,-0.0003327762256579714,1.793993152005805,0.0,0.9905574446979459,0.988102254937238,0.002455189760707901,0.009442555302054068,0.0015513187131036403,0.0007421609858389427,0.8639823398428649,True,0,long_short,1.3780015524752924,1.3050845865319392
2024-04-09,1.8048394385850792,0.003575857166882468,1.793847096259547,0.0,0.9952733499616284,0.9891828678441998,0.0060904821174286245,0.004726650038371583,0.0,0.00014605574625809438,0.0,True,0,long_short,1.383392406173955,1.3046474959167365
2024-04-10,1.8076450776705573,0.0015545089637876153,1.7937003579374764,0.0,0.991514874938323,0.9838005731069862,0.007714301831336742,0.008485125061676979,0.0,0.0001467383220705127,0.0,True,0,long_short,1.3810672312374446,1.3088755107533008
2024-04-11,1.8127534888069805,0.002826003400516086,1.793554191176102,0.0,0.9941310919527938,0.9835398572651068,0.010591234687687025,0.005868908047206189,0.0,0.00014616676137421783,0.0,True,0,long_short,1.384373140337681,1.3094399450460352
2024-04-12,1.8086808425215033,-0.0022466630518843678,1.7934076501919127,0.0,0.997684003730563,0.9892396215208757,0.00844438220968722,0.002315996269437015,0.0,0.00014654098418942808,0.0,True,0,long_short,1.3865755466036243,1.304422861741514
2024-04-15,1.795084992263752,-0.007516997989980956,1.8072056042787672,0.0,0.9962688292846167,1.0030209396678305,-0.006752110383213727,0.003731170715383314,0.0015511522625273966,0.00044117722654718564,0.8575792499006394,True,0,long_short,1.380947292968504,1.2998939216608416
2024-04-16,1.774509792799304,-0.011461963947735465,1.8070576173333655,0.0,0.9881750857774642,1.0065169538618983,-0.018341868084434124,0.011824914222535843,0.0,0.0001479869454019733,0.0,True,0,long_short,1.3706693970607695,1.294630052005626
2024-04-17,1.7974625100754986,0.012934680535060084,1.8069108167149068,0.0,0.9946867189033594,0.9999431882797424,-0.005256469376383046,0.005313281096640643,0.0,0.00014680061845861344,0.0,True,0,long_short,1.3834613972136112,1.2992502094353444
2024-04-18,1.7971175323289208,-0.000191924863324755,1.806763088463416,0.0,0.9940392038827929,0.999406441117408,-0.005367237234615116,0.005960796117207123,0.0,0.00014772825149081116,0.0,True,0,long_short,1.3866884088684974,1.2959779001796974
2024-04-19,1.7923929806944654,-0.002628960849507145,1.8066154678466555,0.0,0.9918734353041143,0.9998083509757211,-0.007934915671606731,0.008126564695885685,0.0,0.00014762061676064754,0.0,True,0,long_short,1.3839262906808318,1.2951506108122894
2024-04-22,1.7770659896771681,-0.008551133140098921,1.7889123695135802,0.0,0.9980778141119451,1.004744071811562,-0.006666257699616692,0.001922185888054928,0.0019646969758840872,0.00044187521186184425,1.0970585377673916,True,0,long_short,1.3786497144478558,1.28899021343422
2024-04-23,1.78226630475311,0.0029263488841440033,1.788765616375086,0.0,0.9961831078777449,0.9998297636017763,-0.0036466557240314545,0.003816892122255111,0.0,0.0001467531384941984,0.0,True,0,long_short,1.3773643583090331,1.293968653974151
2024-04-24,1.7979029163805296,0.008773442883209137,1.8761050244076825,0.0,0.950664726492873,0.9941610172628921,-0.04349629077001903,0.049335273507126964,8.757344418073527e-05,0.00014646270395808603,0.04907877829242576,True,0,long_short,1.3810820908459858,1.3018074220911944
2024-04-25,1.7932492008441905,-0.0025884131417438505,1.6972994977695708,0.0,0.9015246856868336,0.848018623601625,0.05350606208520855,0.09847531431316636,0.00035874251092108945,0.00014690999936620174,0.199700261579682,True,0,long_short,1.3830205621602192,1.2966178883437651
2024-04-26,1.810450523379165,0.009592265551757517,1.6971745080118383,0.0,0.9089989828668883,0.8464311225997656,0.06256786026712272,0.0910010171331117,0.0,0.00012498975773215926,0.0,True,0,long_short,1.3903997730017894,1.3021078962567085
2024-04-29,1.7969179236986095,-0.007474713893477314,1.807677981408367,0.0,1.0072933897404046,1.0132814527275051,-0.005988062987100564,0.0,0.00225264840108424,0.0003778573978146969,1.2446048284852769,True,0,long_short,1.3936664102794527,1.289345793544883
2024-04-30,1.8004235176193728,0.0019508926226010637,1.8050653988171477,0.0,0.897057974351607,0.899636190617029,-0.002578216265422124,0.10294202564839305,0.0004014303192513946,0.00014965344691704815,0.22371243428176568,True,0,long_short,1.3969673661768423,1.2888085729208487
2024-05-06,1.803772240679045,0.001859964073397613,1.8023075198612026,0.0,1.0054159923416703,1.0046039603207702,0.0008120320209002006,0.0,0.0023689486046967268,0.0007987690626846925,1.3126721858962882,True,0,long_short,1.4093121628726313,1.2798954612031286
2024-05-07,1.803600139559338,-9.541177972793857e-05,1.8047286760568069,0.0,0.8733621049231526,0.8739878181689636,-0.0006257132458111188,0.12663789507684742,0.0004856783120249772,0.00014893781395913737,0.26913446796763635,True,0,long_short,1.4146170431218763,1.2749741340448058
2024-05-08,1.8019169674955733,-0.0009332290605033045,1.8045991151348215,0.0,0.8683951729890755,0.869883669788668,-0.0014884967995924647,0.13160482701092446,0.0,0.00012956092198542773,0.0,True,0,long_short,1.4119635415966436,1.2761781125438776
2024-05-09,1.7952164217274198,-0.003718565221940473,1.8044702829585744,0.0,0.880095649838995,0.8852503827832549,-0.005154732944259802,0.11990435016100498,0.0,0.0001288321762470836,0.0,True,0,long_short,1.4231995284550891,1.2613947558542
2024-05-10,1.7947936556875403,-0.00023549586265081413,1.804339662463409,0.0,0.8813771614472159,0.8866958824854915,-0.005318721038275561,0.1186228385527841,0.0,0.00013062049516545068,0.0,True,0,long_short,1.4239591374917122,1.26042497177907
2024-05-13,1.7809689753262612,-0.007702657248352729,1.7847797438927113,0.0,0.9995408451962735,1.0016805616198863,-0.0021397164236127307,0.0004591548037264914,0.002591144942298797,0.00039240891232008283,1.4496962877065085,True,0,long_short,1.4220716134067635,1.2523764334622438
2024-05-14,1.7795042152124074,-0.0008224512241070681,1.7846331168787306,0.0,1.0013132636674622,1.0041954718816812,-0.002882208214219236,0.0,0.0,0.0001466270139807454,0.0,True,0,long_short,1.4241215317850566,1.2495451936478332
2024-05-15,1.7871564039786445,0.004300180185481395,1.7844862426259818,0.0,0.9944490394223542,0.9929549556663279,0.0014940837560262813,0.005550960577645814,0.0,0.00014687425274882173,0.0,True,0,long_short,1.4209132715409485,1.2577519260134107
2024-05-16,1.7978687543002991,0.005994075447345537,1.7843403879020463,0.0,0.9901948377326332,0.9826701692239367,0.007524668508696452,0.00980516226736683,0.0,0.00014585472393545824,0.0,True,0,long_short,1.4219909469603964,1.2643320677556826
2024-05-17,1.794048259612795,-0.0021250131180966525,1.7841951786971397,0.0,0.9909361293206846,0.985444035748028,0.005492093572656629,0.009063870679315356,0.0,0.00014520920490663315,0.0,True,0,long_short,1.423662652921293,1.2601638849846113
2024-05-20,1.7954006111753993,0.0007537988765675685,1.793352001520798,0.0,1.0009231384794783,0.9997821064213127,0.0011410320581655754,0.0,0.0015519404365648744,0.0004359289702881103,0.8646370428450147,True,0,long_short,1.429536443897548,1.2559320322609921
2024-05-21,1.7971593662546914,0.0009795892172170806,1.7932044665012163,0.0,0.9977285467614658,0.9955279073369738,0.00220063942449198,0.0022714532385341712,0.0,0.00014753501958173038,0.0,True,0,long_short,1.4269646702192924,1.2594280739820338
2024-05-22,1.7860376904909725,-0.00618847497475794,1.7930574153530214,0.0,0.9981663516557079,1.0020966857687128,-0.003930334113004869,0.0018336483442921159,0.0,0.00014705114819495136,0.0,True,0,long_short,1.4286494667877134,1.2501580912684191
2024-05-23,1.785560397193572,-0.0002672358483483128,1.7929103099461474,0.0,0.9910260195044119,0.9951423253790983,-0.004116305874686377,0.008973980495588063,0.0,0.00014710540687389118,0.0,True,0,long_short,1.4203882320391559,1.2570932065736444
2024-05-24,1.7788848226435257,-0.0037386439352813383,1.7927642644618378,0.0,0.9910186043388284,0.9988209317529699,-0.007802327414141625,0.00898139566117162,0.0,0.00014604548430970172,0.0,True,0,long_short,1.418731031886597,1.2538562861192963
2024-05-27,1.7720525430422593,-0.003840765582064587,1.777886118642065,0.0,1.0043802981263406,1.0076722860658123,-0.003291987939471801,0.0,0.0015410059737512019,0.0004381119606659235,0.8660124106425038,True,0,long_short,1.4232901013071504,1.2450396032508098
2024-05-28,1.7656176529572067,-0.003631320137948646,1.7777393530335381,0.0,1.0044002571422213,1.0112656733641472,-0.006865416221925906,0.0,0.0,0.00014676560852680518,0.0,True,0,long_short,1.42187985369654,1.2417488357873785
2024-05-29,1.7646761601749799,-0.0005332370689939969,1.7775925989082186,0.0,1.0045228272470894,1.011842265807396,-0.007319438560306577,0.0,0.0,0.0001467541253195667,0.0,True,0,long_short,1.420696392016286,1.2421205333466847
2024-05-30,1.7621772261930437,-0.0014160864402953388,1.7774458394075887,0.0,1.0067210238214166,1.0153856535689767,-0.008664629747560097,0.0,0.0,0.00014675950062967782,0.0,True,0,long_short,1.4207607836532985,1.2403053677071787
2024-05-31,1.762508111697398,0.00018777084361087937,1.7772987745192719,0.0,1.0073905999169055,1.0157824267253677,-0.008391826808462167,0.0,0.0,0.00014706488831690877,0.0,True,0,long_short,1.4196448978118874,1.241513363245956
2024-06-03,1.7544702279414535,-0.004560480432741709,1.7654409887013252,0.0,0.992096560567694,0.9983495938680904,-0.00625303330039637,0.007903439432305981,0.001765865150579431,0.00044144994250433294,0.9992407774621578,True,0,long_short,1.4075905710830603,1.2464350529085237
2024-06-04,1.7397718658168226,-0.00837766403245066,1.7652970236624606,0.0,0.999306609846983,1.0139781644037373,-0.014671554556754314,0.0006933901530169484,0.0,0.00014396503886457583,0.0,True,0,long_short,1.4107846793190337,1.233194470652025
2024-06-05,1.7385251958178984,-0.0007165709616409055,1.7651520299076948,0.0,0.9978967513221534,1.013212510998141,-0.015315759675987644,0.002103248677846614,0.0,0.00014499375476566086,0.0,True,0,long_short,1.4076712375294274,1.2350363845390104
2024-06-06,1.7380270006196312,-0.0002865619661225338,1.7650072494573588,0.0,0.9934670221107318,1.0089905144546991,-0.015523492343967334,0.00653297788926821,0.0,0.00014478045033601545,0.0,True,0,long_short,1.4027636749085604,1.2390020013406216
2024-06-07,1.7347804440670875,-0.001867955187914938,1.7648631136142774,0.0,0.9972256858509482,1.014566594696256,-0.017340908845307805,0.0027743141490518264,0.0,0.0001441358430814816,0.0,True,0,long_short,1.4048114704856332,1.2348848799386487
2024-06-11,1.741044874372062,0.0036110796189792183,1.7333977553370488,0.0,0.9990084094277967,0.9946161509928892,0.004392258434907421,0.000991590572203327,0.0011261657258146783,0.0005786466699231136,0.6492650300980558,True,0,long_short,1.4067326055899017,1.2376516101593942
2024-06-12,1.7533957200141095,0.007093927229476105,1.733255426184858,0.0,0.9988347195798505,0.9873482686895237,0.011486450890326825,0.001165280420149517,0.0,0.00014232915219072645,0.0,True,0,long_short,1.410483949146174,1.2431163935438716
2024-06-13,1.7569348507377915,0.002018443802094705,1.7331131347688182,0.0,0.9951502564683443,0.9815915772953687,0.01355867917297559,0.004849743531655681,0.0,0.00014229141603974398,0.0,True,0,long_short,1.4054564482563663,1.2500813190742948
2024-06-14,1.7540877335050367,-0.0016205024515048017,1.7329713874440504,0.0,0.9966735765796519,0.9846352129005497,0.012038363679102314,0.003326423420348057,0.0,0.00014174732476774615,0.0,True,0,long_short,1.4062517911135295,1.2473496884338728
2024-06-17,1.7589938581831521,0.0027969665281861733,1.7512683072902693,0.0,0.9917809372707025,0.987388908920551,0.004392028350151487,0.00821906272929751,0.0005735868785153454,0.0004258692860365416,0.32741931816141495,True,0,long_short,1.4020436914947139,1.2545927554567824
2024-06-18,1.7613326392709818,0.0013296129926487765,1.751125555699056,0.0,0.9902499871133292,0.9844548957465158,0.005795091366813437,0.009750012886670767,0.0,0.0001427515912133764,0.0,True,0,long_short,1.4036563128216488,1.2548175954342606
2024-06-19,1.754695233677811,-0.0037683998156747833,1.7509830390519519,0.0,0.986897485195137,0.9847819071992484,0.0021155779958886,0.013102514804863019,0.0,0.00014251664710425614,0.0,True,0,long_short,1.397390511220066,1.2556942526722763
2024-06-20,1.7389595097513086,-0.008967781768871919,1.7508410123024634,0.0,0.9763888980062921,0.9832214334877272,-0.00683253548143504,0.02361110199370786,0.0,0.00014202674948832867,0.0,True,0,long_short,1.3832597310976933,1.2571460519358486
2024-06-21,1.7332187751510595,-0.0033012468479327595,1.7507004822535357,0.0,0.9722325582433593,0.9823188251088637,-0.010086266865504344,0.0277674417566407,0.0,0.00014053004892779152,0.0,True,0,long_short,1.3752818903120307,1.2602643773327213
2024-06-24,1.7175242991146156,-0.009055103868855774,1.7317186920339362,0.0,0.9884702319378675,0.9967346814869293,-0.008264449549061748,0.011529768062132462,0.001661759706735303,0.00041981262678814004,0.9586814626105615,True,0,long_short,1.3557514114859115,1.2668430838896925
2024-06-25,1.7123495613124908,-0.0030129051477131297,1.7315779866063836,0.0,0.993247695146035,1.0044769591516591,-0.011229264005624266,0.006752304853965052,0.0,0.00014070542755266312,0.0,True,0,long_short,1.3613350862954077,1.2578457563833874
2024-06-26,1.747833944375073,0.02072262805696279,1.731436615454574,0.0,1.003126000108217,0.9937444859356209,0.00938151417259604,0.0,0.0,0.000141371151809741,0.0,True,0,long_short,1.3804095166593902,1.2661705988559504
2024-06-27,1.7393779172945547,-0.004838003694648374,1.7312938565221447,0.0,0.9971937270008644,0.9925460534320383,0.004647673568826217,0.002806272999135606,0.0,0.00014275893242908237,0.0,True,0,long_short,1.376698152526098,1.2634417458198641
2024-06-28,1.7514084514656658,0.006916572903158169,1.7311519595889473,0.0,0.99761249362491,0.9860466639295199,0.011565829695390118,0.0023875063750899983,0.0,0.00014189693319760673,0.0,True,0,long_short,1.3816651535811304,1.267607022530893
2024-07-01,1.7562597556750223,0.0027699445011222235,1.7488079113815123,0.0,0.9963153617910316,0.9920723423461967,0.0042430194448348805,0.0036846382089683605,0.0010762946921849756,0.0004258283327866075,0.6150662360682204,True,0,long_short,1.388584424158327,1.264784283274355
2024-07-02,1.7677765176433957,0.006557550459810546,1.7486647056229165,0.0,0.9930211350850767,0.9822099200758646,0.010811215009212113,0.006978864914923277,0.0,0.00014320575859568866,0.0,True,0,long_short,1.3892240949260097,1.2724919788679219
2024-07-03,1.7739500572080507,0.003492262456843198,1.7485219937627434,0.0,0.9839322018434405,0.9695980534033611,0.014334148440079403,0.016067798156559454,0.0,0.0001427118601731378,0.0,True,0,long_short,1.3821275704469276,1.2834922731730347
2024-07-04,1.769217638260149,-0.0026677295274873947,1.7483806223773486,0.0,0.9771209615563703,0.9653434303854221,0.01177753117094824,0.022879038443629707,0.0,0.00014137138539482524,0.0,True,0,long_short,1.3727359440486206,1.2888258997882593
2024-07-05,1.769048755095261,-9.545641035668684e-05,1.7482402468192102,0.0,0.983079710686211,0.9713171698200437,0.011762540866167329,0.016920289313788972,0.0,0.0001403755581383381,0.0,True,0,long_short,1.375505492040557,1.2861081001362518
2024-07-08,1.7472042204455078,-0.01234818123968362,1.756456388280305,0.0,0.9875277546446178,0.9928231675829166,-0.005295412938298665,0.012472245355382161,0.0009238147969979651,0.0004236922430316494,0.5256772526402066,True,0,long_short,1.3633839432730905,1.2815203149972383
2024-07-09,1.7673042431572217,0.01150410608932062,1.7563138130889169,0.0,0.9931496180871296,0.9869308642359701,0.0062187538511595175,0.006850381912870351,0.0,0.00014257519138824242,0.0,True,0,long_short,1.3708926449890924,1.2891631227413023
2024-07-10,1.7766131324475731,0.005267281695494397,1.7561704536009115,0.0,0.9915455835979247,0.9800390386595235,0.011506544938401187,0.008454416402075338,0.0,0.0001433594880055113,0.0,True,0,long_short,1.367791586206604,1.298891695462745
2024-07-11,1.7827581198900335,0.0034588213552122493,1.7560273453631257,0.0,0.9981911352988093,0.9831970796113466,0.014994055687462773,0.0018088647011906822,0.0,0.00014310823778579211,0.0,True,0,long_short,1.3763723025387995,1.2952586423031265
2024-07-12,1.771905111467192,-0.006087762721008416,1.755883279397882,0.0,0.9946727052256991,0.9856305550757719,0.00904215014992723,0.005327294774300939,0.0,0.00014406596524350377,0.0,True,0,long_short,1.3728544671167477,1.290672211737436
2024-07-15,1.769001194957238,-0.001638866828229557,1.769414679435593,0.0,0.990222530201739,0.9904562691497587,-0.00023373894801971283,0.009777469798260996,0.0006351615605903888,0.00043062998265789177,0.35883823487869704,True,0,long_short,1.3670050883545248,1.2940706732018088
2024-07-16,1.7697516962750692,0.00042425144763647005,1.769270669710359,0.0,0.9885306019793922,0.988258797428662,0.00027180455073034317,0.011469398020607757,0.0,0.00014400972523387486,0.0,True,0,long_short,1.3652870345669876,1.2962488117645978
2024-07-17,1.7280231057429039,-0.02357878261679003,1.7691269185309255,0.0,0.9834909047283759,1.007277515365362,-0.023786610636986005,0.01650909527162414,0.0,0.00014375117943354527,0.0,True,0,long_short,1.3559527238016258,1.274397753999948
2024-07-18,1.71791996931336,-0.0058466442931041085,1.7689838556141766,0.0,0.9837547558799534,1.0134790080063352,-0.02972425212638182,0.016245244120046576,0.0,0.00014306291674903956,0.0,True,0,long_short,1.3548987529958032,1.2679323569490961
2024-07-19,1.7128151086532835,-0.0029715357823781874,1.768840753491464,0.0,0.9856338932943216,1.018343579561762,-0.032709686267440335,0.014366106705678394,0.0,0.00014310212271238175,0.0,True,0,long_short,1.355912390578442,1.2632196007314191
2024-07-22,1.7127559764224018,-3.452341737464337e-05,1.706199924908856,0.0,0.988764507762632,0.9849367286722097,0.0038277790904224056,0.011235492237367972,0.0006412254565414103,0.0004300851621879747,0.37567963275559535,True,0,long_short,1.348619860786696,1.270006490504517
2024-07-23,1.7044217665036498,-0.004865964581925231,1.7060612709689849,0.0,0.9775816533231162,0.9785435657426566,-0.0009619124195403809,0.022418346676883805,0.0,0.0001386539398710622,0.0,True,0,long_short,1.335236306693829,1.2764944736441137
2024-07-24,1.7047326395682967,0.00018239209962955805,1.7059241873290185,0.0,0.9646487362612438,0.9653477008572543,-0.0006989645960104964,0.03535126373875619,0.0,0.00013708363996634622,0.0,True,0,long_short,1.3213142686914416,1.2901795431730045
2024-07-25,1.6990092970218926,-0.003357325608462247,1.705788927624839,0.0,0.9623679854352741,0.966358328875319,-0.00399034344004484,0.03763201456472587,0.0,0.0001352597041794718,0.0,True,0,long_short,1.3204534727966561,1.2866862271364046
2024-07-26,1.702233272246349,0.0018975618497836244,1.705653980902783,0.0,0.9760554977024253,0.978065039351156,-0.0020095416487307116,0.02394450229757472,0.0,0.0001349467220559211,0.0,True,0,long_short,1.3349794477461867,1.2751007329140445
2024-07-29,1.703056086836918,0.0004833735798639438,1.7027736208198898,0.0,0.9938121602590012,0.9936463019415848,0.00016585831741641177,0.006187839740998791,0.0008855066026195032,0.0004105220184011027,0.5197674748229707,True,0,long_short,1.33433305477464,1.2763350804680118
2024-07-30,1.7048510368751462,0.0010539582648518842,1.7026345329802168,0.0,0.9914416135640358,0.9901414976905738,0.0013001158734620084,0.008558386435964183,0.0,0.00013908783967270767,0.0,True,0,long_short,1.332212376355674,1.2797141560408272
2024-07-31,1.7043728039318944,-0.000280513037742125,1.70249578965756,0.0,1.0059006873058494,1.0047993940500524,0.0011012932557970302,0.0,0.0,0.00013874332265678503,0.0,True,0,long_short,1.3465625126041323,1.2657212628292978
2024-08-01,1.7045238954631472,8.864934414831716e-05,1.702355031896413,0.0,1.006260762513209,1.0049883464605462,0.001272416052662639,0.0,0.0,0.0001407577611473553,0.0,True,0,long_short,1.347300186028147,1.2651403993998538
2024-08-02,1.6992872262410716,-0.003072218134350435,1.7022142351853549,0.0,1.0010317599959273,1.0027542521673998,-0.0017224921714725043,0.0,0.0,0.00014079671105786282,0.0,True,0,long_short,1.3434285504027308,1.264888427249564
2024-08-05,1.6793963418317224,-0.011705428077246949,1.6932150365469167,0.0,0.9932866874235893,1.0015150575652811,-0.008228370141691834,0.006713312576410724,0.00143594643388129,0.0004201563678329541,0.8473405133578236,True,0,long_short,1.3326514424080491,1.2601917413582044
2024-08-06,1.6868244706551294,0.004423094559861562,1.693076794843577,0.0,0.9966011952142612,1.0003077600034351,-0.0037065647891739704,0.0033988047857388404,0.0,0.00013824170333954957,0.0,True,0,long_short,1.334718696996307,1.263805230608676
2024-08-07,1.690090676361814,0.0019363044368307936,1.6929381090675968,0.0,0.9965951125045779,0.9982798935317783,-0.0016847810272003474,0.0034048874954221153,0.0,0.00013868577598027504,0.0,True,0,long_short,1.3359934391290287,1.2650441438272564
2024-08-08,1.6889533649923327,-0.0006729292016032229,1.6927994364478332,0.0,0.998792884543094,1.0010700767588294,-0.0022771922157353436,0.0012071154569059939,0.0,0.00013867261976363202,0.0,True,0,long_short,1.3347066677893926,1.2654116486805758
2024-08-09,1.685888472052001,-0.0018146699629835172,1.692660469817033,0.0,0.9954346020123238,0.9994514737552034,-0.004016871742879577,0.00456539798767619,0.0,0.00013896663080013348,0.0,True,0,long_short,1.3338458718946071,1.2639304942012148
2024-08-12,1.682223230145504,-0.0021740713975201276,1.6852064346655888,0.0,0.9951457095673546,0.9969190797518972,-0.0017733701845426874,0.004854290432645403,0.0008840043758846911,0.0004154705058031103,0.5242923839762942,True,0,long_short,1.32950509719953,1.265300323924248
2024-08-13,1.6877409762589899,0.0032800320519938975,1.6850685957257643,0.0,0.9924697243245577,0.9908863175276516,0.0015834067969062067,0.007530275675442288,0.0,0.00013783893982470573,0.0,True,0,long_short,1.3284521877943176,1.2704566952170209
2024-08-14,1.6836993585316349,-0.0023946907636939185,1.6849311415251418,0.0,0.9884476725447071,0.9891792657399324,-0.0007315931952253946,0.011552327455292888,0.0,0.00013745420062239404,0.0,True,0,long_short,1.323544978973654,1.2721134417639992
2024-08-15,1.6791663011850346,-0.002692319934452847,1.6847942527173174,0.0,0.9836811565614193,0.9870327909577925,-0.0033516343963732663,0.0163188434385807,0.0,0.00013688880782458502,0.0,True,0,long_short,1.3182050725042758,1.2738278255863622
2024-08-16,1.6617281808740512,-0.01038498706094626,1.6846580287008182,0.0,0.9703100947340257,0.9841088905242652,-0.013798795790239389,0.02968990526597426,0.0,0.0001362240164992552,0.0,True,0,long_short,1.3029148891154783,1.2753927326766246
2024-08-19,1.6521989631746645,-0.0057345225344703765,1.672601366706943,0.0,1.0002702282871987,1.0126188642487393,-0.012348635961540582,0.0,0.0014689138484677785,0.00040322995309303593,0.8774505261394595,True,0,long_short,1.3083301550281732,1.2628303007653956
2024-08-20,1.6468351302259547,-0.003246481246061972,1.6724638559257703,0.0,0.9902822843908016,1.005844695727205,-0.015562411336403337,0.00971771560919843,0.0,0.0001375107811728389,0.0,True,0,long_short,1.2962599072901946,1.2704513353873843
2024-08-21,1.648687925670195,0.001125064318967972,1.672327708497238,0.0,0.9890131976477167,1.0033517407151886,-0.014338543067472025,0.010986802352283331,0.0,0.0001361474285321916,0.0,True,0,long_short,1.2950520333959088,1.2730669372001802
2024-08-22,1.639881179419548,-0.005341669647436098,1.672191745710927,0.0,0.9844781109956509,1.004181103320263,-0.019702992324612152,0.015521889004349143,0.0,0.00013596278631101125,0.0,True,0,long_short,1.2890713947582377,1.2721414702768297
2024-08-23,1.6393227026912967,-0.00034055926445175633,1.6720563974074698,0.0,0.9898284138843659,1.0097962302651395,-0.019967816380773683,0.010171586115634068,0.0,0.00013534830345728678,0.0,True,0,long_short,1.2898511704064528,1.2709394233248785
2024-08-26,1.664381449221297,0.01528603641544235,1.6434060573483456,0.0,1.0007681567715183,0.9881656419557202,0.012602514815798193,0.0,0.0008180852013954202,0.0004081763552956598,0.49755089967648475,True,0,long_short,1.300172583739201,1.2801234774807033
2024-08-27,1.6696014425971124,0.003136296296896157,1.6432708777952036,0.0,0.9985652498034479,0.9827946807741406,0.01577056902930729,0.001434750196552148,0.0,0.00013517955314210588,0.0,True,0,long_short,1.2963993045703202,1.28787591655681
2024-08-28,1.67282948194839,0.0019334191196289652,1.6431360113225901,0.0,0.996987895645507,0.979237448904686,0.017750446740821,0.0030121043544929504,0.0,0.0001348664726134745,0.0,True,0,long_short,1.2958742650685275,1.2908887282053776
2024-08-29,1.679614850067639,0.004056222222569961,1.6430013731904511,0.0,1.0039609401621983,0.9821622064371938,0.021798733725004515,0.0,0.0,0.00013463813213882375,0.0,True,0,long_short,1.3014989807016142,1.290523369570516
2024-08-30,1.7039044008373805,0.014461381291528408,1.6440999040812145,0.0,0.9336458103971521,0.8985473056179081,0.03509850477924404,0.06635418960284789,0.0002519673389942332,0.0001355880186663377,0.14994366063563966,True,0,long_short,1.313627959273351,1.2970981538638349
2024-09-02,1.6950938075879902,-0.005170826042271037,1.6993916465188554,0.0,0.9913936261629481,0.9939290840306048,-0.002535457867656658,0.008606373837051873,0.0023229977542017894,0.00037751639385277575,1.3650924154761173,True,0,long_short,1.3060308075065081,1.2978972608037376
2024-09-03,1.6988853647547149,0.0022367830911491637,1.8971899499134472,0.0,0.8750398488231871,0.9917661384674348,-0.11672628964424771,0.12496015117681292,0.00019813491527168717,0.00013847696182371627,0.11696445786656107,True,0,long_short,1.3078341271430562,1.2990067543702228
2024-09-04,1.69765909273663,-0.000721809748630009,1.897051465230332,0.0,0.8784674978605014,0.995918859766313,-0.11745136190581162,0.12153250213949862,0.0,0.00013848468311520188,0.0,True,0,long_short,1.3084628301044348,1.2974454097416979
2024-09-05,1.7102746546021443,0.0074311514717468885,1.8969125010625585,0.0,0.8840609046704231,0.9931883164333198,-0.10912741176289682,0.11593909532957691,0.0,0.00013896416777343926,0.0,True,0,long_short,1.3167523688692615,1.298858232600571
2024-09-06,1.712701935004789,0.001419234271006209,1.8967728880649002,0.0,0.8812012249164389,0.9886752396869055,-0.10747401477046652,0.11879877508356107,0.0,0.00013961299765831903,0.0,True,0,long_short,1.312987934705465,1.3044308250928365
2024-09-09,1.7093642339748458,-0.0019487927010100048,1.7077559313972097,0.0,0.9906323714840032,0.9896914938491083,0.0009408776348949113,0.009367628515996818,0.0010293578938904136,0.0004175275058884323,0.6023915938072296,True,0,long_short,1.306150038175042,1.3087043479041476
2024-09-10,1.704743704919587,-0.0027030687570398504,1.7076168840074353,0.0,0.98557034021437,0.987255742588672,-0.001685402374302045,0.014429659785630045,0.0,0.00013904738977436727,0.0,True,0,long_short,1.2998661927630877,1.3114762999535075
2024-09-11,1.7055120809218431,0.00045072816520086434,1.7074785537598471,0.0,0.9832608486794212,0.9844138588867374,-0.0011530102073161466,0.016739151320578793,0.0,0.0001383302475882535,0.0,True,0,long_short,1.2961063580019347,1.3158735549689335
2024-09-12,1.7003849844852834,-0.0030061918023990275,1.707340559535549,0.0,0.9821222377090277,0.9862128260838545,-0.004090588374826788,0.017877762290972266,0.0,0.000137994224297936,0.0,True,0,long_short,1.2948376304726699,1.313203249943062
2024-09-13,1.6900372134004618,-0.006085546025892508,1.7072027287288931,0.0,0.9817878503409826,0.9919447363505476,-0.010156886009564941,0.018212149659017407,0.0,0.00013783080665587252,0.0,True,0,long_short,1.2901030761512482,1.3100016926107432
2024-09-18,1.6831635714915307,-0.004067154175321885,1.6852692889701684,0.0,0.992114781460616,0.993365828901461,-0.0012510474408448853,0.007885218539383954,0.0007262055976532601,0.0006889411718092335,0.43072807726536155,True,0,long_short,1.2853975334465022,1.3094498220939548
2024-09-19,1.689338876148259,0.0036688678161305166,1.685131864544713,0.0,0.9968661252112592,0.9943757950217721,0.0024903301894870274,0.0031338747887408314,0.0,0.00013742442545518584,0.0,True,0,long_short,1.2920648982789034,1.3074721543774968
2024-09-20,1.6820345585817644,-0.004323772849618379,1.6849937956936423,0.0,0.9946764552964051,0.9964357753393732,-0.0017593200429680904,0.005323544703594862,0.0,0.0001380688510710503,0.0,True,0,long_short,1.2885845656784083,1.3053350190456567
2024-09-23,1.6849768274812702,0.0017492321334864336,1.6839029231761538,0.0,0.9959673465331522,0.9953300058364721,0.000637340696680101,0.00403265346684778,0.000751012869109977,0.0004132699913904758,0.44579652416506654,True,0,long_short,1.28833549033524,1.30787115632654
2024-09-24,1.711986846029288,0.01602990504527746,1.6837650786833704,0.0,1.0093102875896331,0.9928254837423527,0.016484803847280478,0.0,0.0,0.00013784449278339065,0.0,True,0,long_short,1.3136672310959245,1.3032119592425746
2024-09-25,1.7237938762603537,0.0068966827977974265,1.6836253769708853,0.0,1.0105228629812284,0.9872204833622619,0.02330237961896656,0.0,0.0,0.00013970171248517033,0.0,True,0,long_short,1.3195852470976,1.3063149046655396
2024-09-26,1.7496387005815683,0.014992989983978244,1.6834855059059204,0.0,1.0186932808324347,0.9808836492475486,0.037809631584886205,0.0,0.0,0.0001398710649648208,0.0,True,0,long_short,1.340057188264872,1.305644800761846
2024-09-27,1.7853859988851848,0.020431245771903805,1.683344449029743,0.0,1.024905310914871,0.9677515358101273,0.05715377510474369,0.0,0.0,0.00014105687617735788,0.0,True,0,long_short,1.3558713497548518,1.316781270736336
2024-09-30,1.8483760942009877,0.03528093944678323,1.8084356083637638,0.0,1.00305761484217,0.9814491954503961,0.021608419391773784,0.0,0.0007622263437267999,0.00042603535292918697,0.42130624363146874,True,0,long_short,1.3896192897531678,1.3301312869147828
2024-10-08,1.9552876465621087,0.05784080020107418,1.940120950191726,0.0,0.9554110244518598,0.9476542647766018,0.007756759675257971,0.04458897554814023,0.0019875266930328623,0.0011928244803572415,1.0233860346570118,True,0,long_short,1.4209596193675893,1.3760332242462505
2024-10-09,1.9260886932509873,-0.01493332879306053,1.9399686540264824,0.0,0.9295062967039209,0.9367125903829869,-0.0072062936790659796,0.07049370329607907,0.0,0.0001522961652435277,0.0,True,0,long_short,1.3677204723657275,1.4082473225829968
2024-10-10,1.92168316356176,-0.0022872932615534136,1.9398203643117569,0.0,0.9290409511490744,0.9384791359101773,-0.009438184761102884,0.07095904885092563,0.0,0.00014828971472568615,0.0,True,0,long_short,1.3712333545849322,1.4014267937228284
2024-10-11,1.8881010835059355,-0.017475346973213624,1.9396721347593049,0.0,0.9219230272897084,0.9492367403657102,-0.027313713076001715,0.07807697271029157,0.0,0.00014822955245199257,0.0,True,0,long_short,1.355148182139175,1.3932801655133134
2024-10-14,1.9000644837314347,0.006336207489105794,1.8809948723577041,0.0,1.0077984889981089,0.9977621920529226,0.010036296945186136,0.0,0.001787429392422211,0.0004419258701888564,0.9493553188601355,True,0,long_short,1.3758932570634441,1.380967944989224
2024-10-15,1.894446575647169,-0.002956693381917841,1.8808390521518688,0.0,1.005455195856231,0.9982723469597655,0.007182848896465427,0.0,0.0,0.00015582020583532446,0.0,True,0,long_short,1.3732156971243827,1.3795695604225053
2024-10-16,1.9019117770251792,0.0039405710744100375,1.8806836132234364,0.0,1.0073191111180673,0.9961576239985405,0.011161487119526844,0.0,0.0,0.00015543892843242657,0.0,True,0,long_short,1.3808188634946827,1.3773796312513247
2024-10-17,1.901057123385909,-0.0004493655539622443,1.8805278923535578,0.0,1.0074535793221502,0.9966547291562029,0.010798850165947324,0.0,0.0,0.00015572086987859543,0.0,True,0,long_short,1.3800114914306052,1.3775661544782904
2024-10-18,1.931911301132924,0.016230010854203947,1.8803721637859616,0.0,1.0126115029260911,0.985933706012362,0.02667779691372931,0.0,0.0,0.0001557285675960537,0.0,True,0,long_short,1.3945059781620361,1.3853732657920836
2024-10-21,1.946917787054146,0.007767688874961154,1.9408904059247825,0.0,1.0006942747752126,0.9975984167120513,0.0030958580631613264,0.0,0.0009219507957124365,0.00046966104710461184,0.4747888190749332,True,0,long_short,1.4041013934774809,1.386593444104698
2024-10-22,1.938704180431379,-0.004218774247881862,1.9407307695876452,0.0,1.0021901407223157,1.0032354725355557,-0.0010453318132400001,0.0,0.0,0.0001596363371370203,0.0,True,0,long_short,1.4067538336021037,1.37814032144286
2024-10-23,1.9495732396086642,0.005606352576630336,1.940570908480421,0.0,1.0023101250080464,0.997692534375724,0.004617590632322377,0.0,0.0,0.00015986110722425193,0.0,True,0,long_short,1.4121177984853106,1.3806024127022887
2024-10-24,1.9398370004500274,-0.004994036110482991,1.9404110393297598,0.0,0.9960635398407945,0.9963594610339666,-0.0002959211931720015,0.003936460159205457,0.0,0.00015986915066106239,0.0,True,0,long_short,1.4029165165964137,1.3827173445475038
2024-10-25,1.9520490632411043,0.006295406669861281,1.940252181114834,0.0,1.0004541818469073,0.9944108490493784,0.006043332797528796,0.0,0.0,0.00015885821492565497,0.0,True,0,long_short,1.4154396285946986,1.3791114956836212
2024-10-28,1.9664678567317142,0.007386491334735901,1.9472478570569647,0.0,0.9987629119388423,0.9889890427098311,0.009773869229011125,0.0012370880611577428,0.0015003960804446093,0.0004786369560896623,0.7699281207970444,True,0,long_short,1.4200121424229795,1.3848246771864305
2024-10-29,1.957049070745806,-0.004789697402713844,2.064690533237206,0.0,0.9344390303409664,0.9894409534406152,-0.05500192309964885,0.06556096965903357,0.00011772024424611624,0.00015984782162866448,0.05987002218090961,True,0,long_short,1.4095990948375596,1.3883728202672645
2024-10-30,1.9573132395132231,0.00013498321087901388,2.0645313783469192,0.0,0.9289146291454509,0.9836928509799697,-0.05477822183451883,0.07108537085454913,0.0,0.0001591548902867507,0.0,True,0,long_short,1.405285916558345,1.3928220701925458
2024-10-31,1.9660522014647717,0.004464774352480161,2.0643731266997274,0.0,0.9307375938640087,0.9807469095687001,-0.0500093157046915,0.06926240613599133,0.0,0.00015825164719213171,0.0,True,0,long_short,1.4107875097206606,1.3935849218384808
2024-11-01,1.9523222675874121,-0.006983504236118598,2.177190095500802,0.0,0.8737419763005425,0.988921642919451,-0.11517966661890847,0.1262580236994575,0.00011308853950117606,0.00015848216060032722,0.05749609199693943,True,0,long_short,1.4077784389910468,1.3868107462894794
2024-11-04,1.943328247157265,-0.004606831863502525,1.9410480788456912,0.0,1.003179123554353,1.0020057920212426,0.0011733315331102893,0.0,0.002279556351335606,0.00047606147121471076,1.1730169993205968,True,0,long_short,1.4164851081956402,1.3719369415981597
2024-11-05,1.9588472935930974,0.00798580808905247,1.940888032859983,0.0,1.007724566695234,0.9985562865583112,0.009168280136922788,0.0,0.0,0.0001600459857082248,0.0,True,0,long_short,1.4293400847846807,1.3704557190027893
2024-11-06,1.9569871839963802,-0.0009495939794803565,1.940727264152085,0.0,1.0069386617745237,0.9986300126544563,0.0083086491200675,0.0,0.0,0.00016076870789795517,0.0,True,0,long_short,1.4287563144491295,1.3697137602859275
2024-11-07,1.9571736291170958,9.527150828603226e-05,1.9405666362504697,0.0,1.0145762053384157,1.0060910139279235,0.008485191410492208,0.0,0.0,0.0001606279016152532,0.0,True,0,long_short,1.4403418559084988,1.3588257684024632
2024-11-08,1.9569265369387587,-0.00012624949297346255,1.9404047928421724,0.0,1.0133953704801435,1.0049526702638996,0.008442700216243881,0.0,0.0,0.0001618434082973764,0.0,True,0,long_short,1.4381702302602484,1.360705774437173
2024-11-11,1.9598690209679668,0.001503625186569879,1.9493854345970671,0.0,1.005513499116488,1.0001643730990146,0.005349126017473367,0.0,0.0013365487391334505,0.00048491964217156234,0.6851559322910957,True,0,long_short,1.4523901680338684,1.3494094521591835
2024-11-12,1.947837582411081,-0.006138899297945755,2.0495400516436137,0.0,0.9520440236183528,1.0042570367314085,-0.05221301311305579,0.04795597638164717,0.00010041614479441354,0.00016111160307226899,0.051150527395890384,True,0,long_short,1.4464070527947739,1.3466731779601282
2024-11-13,1.9515549898116553,0.0019084791433034987,2.0493792738683907,0.0,0.9504528980644115,1.0005792253098336,-0.050126327245421994,0.04954710193558853,0.0,0.00016077777522297725,0.0,True,0,long_short,1.446473213432803,1.3491815622220757
2024-11-14,1.9430948527647112,-0.004335074897254376,2.0492187791796357,0.0,0.9419455883041961,0.9965615151921331,-0.05461592688793702,0.05805441169580394,0.0,0.000160494688755229,0.0,True,0,long_short,1.433258422036941,1.3557184265508746
2024-11-15,1.9274721565252275,-0.008040109939695061,2.0490596219015016,0.0,0.9375440831662379,1.0006253914822383,-0.06308130831600023,0.06245591683376206,0.0,0.0001591572781342385,0.0,True,0,long_short,1.4250711315308864,1.3525445248860213
2024-11-18,1.9125710334691746,-0.007730914817942747,1.924116738167625,0.0,0.9923514752464364,0.9983882208085126,-0.006036745562076252,0.00764852475356359,0.0009458862801426837,0.0004755643350889733,0.4913535113768185,True,0,long_short,1.4161500594030543,1.3505426354855186
2024-11-19,1.9312002539343764,0.009740407095578885,1.9239597939162871,0.0,0.9954203632866649,0.9916711612019313,0.0037492020847337136,0.004579636713335056,0.0,0.00015694425133768665,0.0,True,0,long_short,1.4252034528069448,1.355034784774671
2024-11-20,1.9329860438405397,0.0009247046765477052,1.9238023871547802,0.0,1.0004893175069203,0.9957382968179593,0.004751020688961018,0.0,0.0,0.00015740676150678638,0.0,True,0,long_short,1.4337855843399538,1.3481695345196218
2024-11-21,1.9299157766210226,-0.0015883545715709158,1.9236441886700353,0.0,1.001413453246369,0.9981637839981243,0.00324966924824476,0.0,0.0,0.00015819848474520526,0.0,True,0,long_short,1.435767573079201,1.3441700542672466
2024-11-22,1.916782943813044,-0.006804873542705758,1.923485856722003,0.0,0.9965030120264491,0.9999999718312067,-0.0034969598047576225,0.0034969879735509135,0.0,0.0001583319480320317,0.0,True,0,long_short,1.4236852961343083,1.3463529819529847
2024-11-25,1.9160564965160634,-0.00037899298891685973,1.9167046715354186,0.0,0.9942432276753509,0.9945815136395351,-0.0003382859641841589,0.0057567723246491065,0.0010333529038180588,0.0004726313974897597,0.5388394507744199,True,0,long_short,1.4235282088440144,1.345991238257238
2024-11-26,1.911061145437245,-0.0026071000974664527,1.9165480407652384,0.0,0.9946616305039165,0.9975327554499153,-0.002871124945998671,0.0053383694960834616,0.0,0.00015663077018003926,0.0,True,0,long_short,1.4217004769934343,1.344207993429597
2024-11-27,1.9180306054973155,0.0036469058442794022,1.9163913547852185,0.0,0.9992923256127272,0.9984376725600601,0.0008546530526670739,0.0007076743872728164,0.0,0.00015668598001983172,0.0,True,0,long_short,1.432123430984548,1.3392914074303768
2024-11-28,1.9182051701095835,9.101242272557819e-05,1.9162339547293021,0.0,1.0016465264084395,1.0006188910902796,0.0010276353181598561,0.0,0.0,0.0001574000559165783,0.0,True,0,long_short,1.4352046769556484,1.336537708460144
2024-11-29,1.9243588713112347,0.003208051619055796,1.9160761964555872,0.0,1.005352528283861,1.0010484065427827,0.004304121741078313,0.0,0.0,0.00015775827371496105,0.0,True,0,long_short,1.4451061294470033,1.3316384396263174
2024-12-02,1.9247026007719943,0.00017862024900039408,1.9228042610796148,0.0,0.9993181659577175,0.9983318630911769,0.0009863028665404866,0.0006818340422825031,0.0008451367078311111,0.0004749969160461154,0.4393403022417574,True,0,long_short,1.4520781162545013,1.3254814456790955
2024-12-03,1.921224272265027,-0.0018072031001423738,1.9226463302357797,0.0,1.0013063918897458,1.0020465751110812,-0.0007401832213354273,0.0,0.0,0.00015793084383494292,0.0,True,0,long_short,1.4538924036973535,1.3214349750911516
2024-12-04,1.913423245104335,-0.004060445869494944,1.9224880982191734,0.0,0.9974277575984465,1.0021652630813718,-0.004737505482925285,0.002572242401553515,0.0,0.00015823201660631093,0.0,True,0,long_short,1.4467074291674302,1.3226055293056014
2024-12-05,1.92705441939993,0.007123972351894103,1.9223304900293257,0.0,0.9982060111594329,0.9957546380570192,0.0024513731024135886,0.00179398884056714,0.0,0.00015760818984789023,0.0,True,0,long_short,1.452305255985061,1.3268935104781803
2024-12-06,1.9328673345335852,0.00301647689610407,1.9221727744093882,0.0,1.0021630244789737,0.9966300218082147,0.005533002670758942,0.0,0.0,0.00015771561993745944,0.0,True,0,long_short,1.459926819965936,1.323948096644107
2024-12-09,1.9266467055531975,-0.0032183424435018315,1.9349490071235078,0.0,0.996878707753289,1.001187905462646,-0.004309197709357108,0.0031212922467109827,0.0010548565773940515,0.0004749913020251325,0.5448628472143477,True,0,long_short,1.4616144469359842,1.318163425103023
2024-12-10,1.917386823573136,-0.004806216912198624,1.93479046448956,0.0,1.0082943693102493,1.01737111934444,-0.009076750034190497,0.0,0.0,0.00015854263394788877,0.0,True,0,long_short,1.4715169608279492,1.3030001519617673
2024-12-11,1.9286455965830949,0.005871936153695634,1.9346301334775942,0.0,1.0154028473317722,1.0185058212037486,-0.0031029738719762154,0.0,0.0,0.00016033101196560667,0.0,True,0,long_short,1.4837881670814383,1.2998119538698547
2024-12-12,1.9294805296963076,0.00043291163223146967,1.9344686811405674,0.0,1.0220736575821556,1.0246588878384282,-0.0025852302562726108,0.0,0.0,0.0001614523370267555,0.0,True,0,long_short,1.4942238578798737,1.29129281367118
2024-12-13,1.9104564529903514,-0.009859688352984008,1.9343061831098554,0.0,1.0200923934501995,1.0325761797632416,-0.012483786313041922,0.0,0.0,0.0001624980307121523,0.0,True,0,long_short,1.4858409158613584,1.285774562132608
2024-12-16,1.90449815659509,-0.003118781580148222,1.910319461936393,0.0,0.9865666941909358,0.9896233027369429,-0.003056608546007115,0.013433305809064211,0.00151898895289098,0.00048641716253411757,0.7945174197037566,True,0,long_short,1.4734331427293703,1.2925582446633581
2024-12-17,1.8990230925955969,-0.0028748066678528916,1.9101645521482462,0.0,0.9826327977663138,0.9884997404043949,-0.005866942638081048,0.017367202233686152,0.0,0.00015490978814679883,0.0,True,0,long_short,1.463282614894847,1.2977828570266057
2024-12-18,1.9099818849125474,0.00577075253043513,1.9100102630659954,0.0,0.9842048574047358,0.9842197152176148,-1.4857812878955804e-05,0.015795142595264156,0.0,0.00015428908225090671,0.0,True,0,long_short,1.4696779073708612,1.2995921591618367
2024-12-19,1.90787284041631,-0.0011042222509529687,1.909855755518584,0.0,0.9832414526898202,0.9842807856371047,-0.001039332947284617,0.016758547310179783,0.0,0.00015450754741146006,0.0,True,0,long_short,1.4673619312396382,1.3002060362875332
2024-12-20,1.9177042823915387,0.005153090796703008,1.9097014090053022,0.0,0.9851326014212963,0.9809594484176142,0.004173153003682151,0.014867398578703672,0.0,0.0001543465132816981,0.0,True,0,long_short,1.473974457040518,1.3010430901509327
2024-12-23,1.9069599845335112,-0.005602687524182914,1.9167608225096835,0.0,0.9930452738029686,0.9981847827888215,-0.005139508985852889,0.006954726197031413,0.0010387171635654836,0.0004638551018012631,0.5416192579452062,True,0,long_short,1.4662640892085985,1.300556972354669
2024-12-24,1.912323540358905,0.0028126210664591866,1.9166043705832767,0.0,0.9962192187730391,0.9984577679170653,-0.0022385491440261667,0.0037807812269609054,0.0,0.00015645192640673073,0.0,True,0,long_short,1.4724941569896415,1.2986968615674837
2024-12-25,1.9136460148396057,0.0006915537317773168,1.9164474357098267,0.0,0.9946329620305403,0.9960968800428044,-0.0014639180122640349,0.005367037969459698,0.0,0.00015693487345002838,0.0,True,0,long_short,1.4688118044730252,1.3028531014061235
2024-12-26,1.9395890497683101,0.013556861994081348,1.9162907636420277,0.0,0.997064156636332,0.9850521863021701,0.012011970334161947,0.0029358433636680337,0.0,0.00015667206779902007,0.0,True,0,long_short,1.4727319107263024,1.317000762760528
2024-12-27,1.9252545738671953,-0.007390470627181123,1.9161337283186852,0.0,1.0010422098184608,0.9963047347477281,0.004737475070732773,0.0,0.0,0.00015703532334263194,0.0,True,0,long_short,1.4762387783420499,1.3041620380880599
2024-12-30,1.9281417650516204,0.0014996412545202897,1.925677974042862,0.0,0.9973769145472702,0.9960991086030105,0.0012778059442595836,0.002623085452729823,0.0012549243276386557,0.0004729660884341768,0.6512548146849718,True,0,long_short,1.4775977249231722,1.304916576771174
2024-12-31,1.9034888592688175,-0.012785836720954347,1.9255201148406624,0.0,0.994091044427558,1.0056651891694965,-0.011574144741938408,0.005908955572441976,0.0,0.00015785920219957433,0.0,True,0,long_short,1.4667045704617871,1.2977997734537026
2025-01-02,1.8902525666134036,-0.006953701142489721,1.9252054399118286,0.0,0.9893063133441701,1.0077974260747016,-0.0184911127305314,0.010693686655829926,0.0,0.0003146749288337432,0.0,True,0,long_short,1.456047400736046,1.2982081254070867
2025-01-03,1.8814899740116813,-0.004635672902389754,1.9250488652539164,0.0,0.9891179914276372,1.0122692661322055,-0.02315127470456826,0.010882008572362767,0.0,0.00015657465791211667,0.0,True,0,long_short,1.4511493907206698,1.2965515377278254
2025-01-06,1.8818476953768088,0.00019012663903006377,1.881343135892861,0.0,0.9959304342603057,0.995662315068095,0.00026811919221066463,0.004069565739694303,0.002014155430612574,0.00046962110348085375,1.0694494559750731,True,0,long_short,1.4475059562264236,1.3000621429446084
2025-01-07,1.9031966553698476,0.011344680042645106,1.8811891343997391,0.0,1.000930732476988,0.9893672816333694,0.011563450843618666,0.0,0.0,0.00015400149312200814,0.0,True,0,long_short,1.4589121209826872,1.304531388832318
2025-01-08,1.9033978552807356,0.00010571682664539672,1.8810343705229169,0.0,1.0005411133101023,0.9887918698738054,0.011749243436296884,0.0,0.0,0.00015476387682221806,0.0,True,0,long_short,1.4581595879501312,1.3053426188806374
2025-01-09,1.9065979266708994,0.0016812414605205106,1.88087968030447,0.0,1.0025942329038837,0.9891051558380465,0.0134890770658373,0.0,0.0,0.00015469021844686267,0.0,True,0,long_short,1.4616933443813342,1.304376142916538
2025-01-10,1.897432763217179,-0.004807077216182343,1.8807246809204115,0.0,1.0013026521323365,0.9924970266468576,0.008805625485478844,0.0,0.0,0.00015499938405865612,0.0,True,0,long_short,1.457644808654236,1.3017113304639525
2025-01-13,1.8950150512072774,-0.001274201677535225,1.891698273581912,0.0,0.9963270719988839,0.9945768074702448,0.0017502645286391581,0.0036729280011160714,0.0012204911262123888,0.00046434979128214877,0.6447667744477037,True,0,long_short,1.4553981773628724,1.3020595193000548
2025-01-14,1.924517416973834,0.015568407094054937,1.8915433636076866,0.0,1.001820816457147,0.984687142801963,0.017133673655183933,0.0,0.0,0.00015490997422502433,0.0,True,0,long_short,1.470621492513234,1.30864224871684
2025-01-15,1.9168797328951883,-0.003968622996748605,1.891387606274268,0.0,1.002660417734103,0.9893616561146571,0.01329876161944585,0.0,0.0,0.00015575733341856808,0.0,True,0,long_short,1.4737869429327348,1.300649148838793
2025-01-16,1.913648480569876,-0.0016856833894487444,1.8912317306051907,0.0,1.0009513148180396,0.9892371728571243,0.01171414196091519,0.0,0.0,0.00015587566907751822,0.0,True,0,long_short,1.4721088685681776,1.2999367923319112
2025-01-17,1.9269708368853091,0.006961757318912687,1.891076137272635,0.0,1.0024662553072758,0.9838387291789131,0.018627526128362718,0.0,0.0,0.00015559333255572125,0.0,True,0,long_short,1.4767355138275733,1.304885552518991
2025-01-20,1.9430610651337235,0.00835001129255386,1.9261769375136786,0.0,0.9971744603777672,0.9884850126177283,0.008689447760038932,0.0028255396222327533,0.0010456890512513019,0.0004674645713406746,0.542588612668549,True,0,long_short,1.4830628766645415,1.3101676912739757
2025-01-21,1.9701933194085108,0.013963665250489754,1.9260190728499949,0.0,0.9977148945386347,0.9752936193656084,0.022421275173026285,0.002285105461365289,0.0,0.00015786466368375822,0.0,True,0,long_short,1.4873923297531113,1.3245955892051282
2025-01-22,1.973839802233036,0.0018508248853568166,1.9258611399480767,0.0,0.9974807377630169,0.9731734650903917,0.024307272672625252,0.0025192622369830664,0.0,0.0001579329019180166,0.0,True,0,long_short,1.4850618478135502,1.3291296959376548
2025-01-23,1.9521123868753791,-0.011007689343925597,1.9257032586998681,0.0,0.99995651442786,0.9864280268504708,0.013528487577389137,4.34855721399563e-05,0.0,0.0001578812482086951,0.0,True,0,long_short,1.484825863077906,1.3147079636859447
2025-01-24,1.9728682739972474,0.010632526724084324,1.9255449886968565,0.0,1.0036715009921875,0.9796844533397313,0.02398704765245622,0.0,0.0,0.00015827000301171313,0.0,True,0,long_short,1.4923830354217689,1.3219583894825544
2025-01-27,1.9572822623294848,-0.007900178574104078,1.9715286985214366,0.0,0.9948792653339072,1.002157947855148,-0.007278682521240588,0.005120734666092752,0.0020760389590740004,0.00047657795585481186,1.0519020955149598,True,0,long_short,1.4863150081338667,1.3168690698931567
2025-02-05,1.9660641621038262,0.00448678248577683,1.960900473303425,0.0,0.996437180584371,0.99381077148749,0.0026264090968810393,0.0035628194156289705,0.0011173016926987551,0.0014509770228907874,0.5694656322371809,True,0,long_short,1.4907576772875129,1.3188355103299891
2025-02-06,1.9917390175361,0.01305901197283399,1.9607398791328712,0.0,1.00049889539703,0.984935039826446,0.015563855570583991,0.0,0.0,0.00016059417055350485,0.0,True,0,long_short,1.5024656336172464,1.3256469718651123
2025-02-07,1.9912037066465553,-0.0002687655786383081,1.960578640759017,0.0,1.005429332064937,0.9900491548458441,0.015380177219092794,0.0,0.0,0.00016123837385431276,0.0,True,0,long_short,1.5106362955137427,1.3181225107327237
2025-02-10,1.9861864564331622,-0.002519707148317285,1.9903744364003766,0.0,0.998395550355831,1.0005041036357358,-0.002108553279904681,0.0016044496441689482,0.001764000792769624,0.00048609605265813717,0.8854810287456926,True,0,long_short,1.5136959596724378,1.312143593792092
2025-02-11,1.9854622522314664,-0.0003646204510910911,1.9902111059044658,0.0,0.9948887100160136,0.9972805226368086,-0.002391812620794951,0.005111289983986356,0.0,0.00016333049591072047,0.0,True,0,long_short,1.5092628431242823,1.3155178776689533
2025-02-12,1.9959216986874235,0.005268015770232726,1.9900483610141166,0.0,0.9982705840757451,0.9953279146928885,0.0029426693828566407,0.0017294159242549068,0.0,0.00016274489034912753,0.0,True,0,long_short,1.5160352866170828,1.3165403973816274
2025-02-13,1.9683876187342133,-0.013795170407394974,1.989885079103247,0.0,1.0005031315996706,1.011424486806557,-0.01092135520688646,0.0,0.0,0.00016328191086943897,0.0,True,0,long_short,1.5130789321177702,1.3009153567283984
2025-02-14,1.9854805391065826,0.008683716667228891,1.9897214455056758,0.0,0.9996478650951086,1.0017838247862583,-0.0021359596911495653,0.000352134904891388,0.0,0.00016363359757106568,0.0,True,0,long_short,1.5144895335285837,1.310989937633075
2025-02-17,2.0184607291272205,0.01661068409941624,2.0092750680614815,0.0,0.995338446672306,0.9907876219110479,0.004550824761258156,0.0046615533276940235,0.0017286915833335267,0.000490443851960106,0.8596162861668888,True,0,long_short,1.5156910390192093,1.3317098783095986
2025-02-18,1.9954170820645296,-0.011416445576652334,2.0091106955212843,0.0,0.988776779888688,0.9956393118274176,-0.0068625319387297275,0.011223220111312049,0.0,0.00016437254019721634,0.0,True,0,long_short,1.5070982934800992,1.3240125681894541
2025-02-19,2.023390381854722,0.014018773338980495,2.008947403820704,0.0,0.9942680667930989,0.9871300581500119,0.007138008643086982,0.00573193320690113,0.0,0.000163291700580444,0.0,True,0,long_short,1.5213621024789363,1.329986055625923
2025-02-20,2.0151023417128426,-0.004096115221365437,2.0087832381112274,0.0,0.9999501837661081,0.9968143114727716,0.0031358722933365704,4.9816233891886164e-05,0.0,0.0001641657094767474,0.0,True,0,long_short,1.5250016451709456,1.321377159227234
2025-02-21,2.0430082021542333,0.013848358896586088,2.008618140890408,0.0,1.0032092265204324,0.9863761755186976,0.016833051001734843,0.0,0.0,0.00016509722081931423,0.0,True,0,long_short,1.5345231162438873,1.3313635881582448
2025-02-24,2.042997285677982,-5.343334520069298e-06,2.0425842379496686,0.0,0.9970582616926036,0.9968560843665695,0.00020217732603413293,0.002941738307396413,0.002443927273394894,0.0004968923713136439,1.195058002112318,True,0,long_short,1.5327006913963575,1.3329394950665299
2025-02-25,2.0447178629014706,0.0008421828240059437,2.042416848283265,0.0,0.9955477014758324,0.994422355695882,0.0011253457799504007,0.004452298524167619,0.0,0.00016738966640321776,0.0,True,0,long_short,1.5331139300338872,1.3337024880181443
2025-02-26,2.0715590687302634,0.013127095095019525,2.042249726654173,0.0,0.9982008176086865,0.9840523713883933,0.014148446220293232,0.0017991823913134919,0.0,0.00016712162909259697,0.0,True,0,long_short,1.545583972001667,1.3403083276332197
2025-02-27,2.057514693877104,-0.006779615925587734,2.0420821768502777,0.0,0.9953987309170347,0.9878981686742709,0.007500562242763775,0.00460126908296532,0.0,0.0001675498038949436,0.0,True,0,long_short,1.5414625534326758,1.3347808477703427
2025-02-28,2.0373794792146556,-0.009786182680672106,2.041915112603858,0.0,0.9857360110010833,0.9879622204213092,-0.00222620942022592,0.014263988998916677,0.0,0.0001670642464193091,0.0,True,0,long_short,1.520896501411309,1.339591140701605
2025-03-03,2.039293731746257,0.0009395660215147927,2.035076808921031,0.0,0.9918470268694044,0.9897791919324457,0.0020678349369587334,0.008152973130595598,0.002113734007290135,0.0004963201530720959,1.0375730510960397,True,0,long_short,1.5137228484878933,1.3472041687045773
2025-03-04,2.0513872292636046,0.005930238164853163,2.034910908879777,0.0,0.993132797940252,0.985101003577497,0.00803179436275509,0.006867202059748001,0.0,0.00016590004125375716,0.0,True,0,long_short,1.519739928546511,1.3498278164116966
2025-03-05,2.062578357351835,0.0054553952216265245,2.0347448137878645,0.0,0.9959692102922866,0.9824746715443351,0.01349453874795155,0.0040307897077134225,0.0,0.00016609509191290172,0.0,True,0,long_short,1.5254948426544357,1.352071668602201
2025-03-06,2.089022433695978,0.012820883264815564,2.034578257815741,0.0,0.9999926026846518,0.9739305676379948,0.026062035046657096,7.3973153481565745e-06,0.0,0.00016655597212386563,0.0,True,0,long_short,1.5399316599527182,1.356568273789578
2025-03-07,2.096376245826151,0.0035202169261350225,2.034411033475632,0.0,0.999391458236046,0.9698332086260865,0.02955824960995948,0.0006085417639539736,0.0,0.00016722434010887913,0.0,True,0,long_short,1.5420388939639562,1.3594833788123322
2025-03-10,2.0952359067798847,-0.0005439572445720131,2.1103114486154224,0.0,0.9980172006825789,1.005212353164815,-0.007195152482236062,0.001982799317421069,0.0010806480685280502,0.0005013210331176374,0.5118178050515884,True,0,long_short,1.544897245806937,1.3562299450443338
2025-03-11,2.0801952426748263,-0.0071785062753025874,2.1101383398195632,0.0,0.995735534323302,1.0101299029529671,-0.014394368629665122,0.004264465676698026,0.0,0.00017310879585942106,0.0,True,0,long_short,1.5397954468744228,1.3509555745844957
2025-03-12,2.0807516639812875,0.0002674851355519703,2.1099656329084446,0.0,0.9988573700669736,1.0128974736664869,-0.014040103599513258,0.0011426299330263845,0.0,0.0001727069111183298,0.0,True,0,long_short,1.5410164113762332,1.3502462716299262
2025-03-13,2.0644629268838406,-0.007828294639582567,2.1097924064889564,0.0,0.99832462408551,1.020281656597369,-0.02195703251185894,0.0016753759144899627,0.0,0.00017322641948827274,0.0,True,0,long_short,1.5329794859566086,1.3466996432738148
2025-03-14,2.061352845117331,-0.0015064846774477392,2.109619283174845,0.0,1.0075733734412562,1.0309883061015435,-0.023414932660287283,0.0,0.0,0.0001731233141116354,0.0,True,0,long_short,1.544283756254303,1.3348277716248156
2025-03-17,2.060995292487956,-0.00017345532581747314,2.0582425231173187,0.0,0.9978348319336766,0.9964991814444828,0.0013356504891937726,0.0021651680663233863,0.0011357484572911945,0.0005240294822626308,0.5515006509332532,True,0,long_short,1.5488155830591972,1.3306912165857148
2025-03-18,2.0650496415289106,0.0019671801559819624,2.0580737192716807,0.0,0.9983912152043611,0.9950131258272628,0.0033780893770984067,0.0016087847956388623,0.0,0.0001688038456376861,0.0,True,0,long_short,1.5495235372661293,1.3326997569668024
2025-03-19,2.0605150238860093,-0.0021958879591601477,2.0579048355868474,0.0,0.9912288312512116,0.9899620662585259,0.0012667649926857544,0.00877116874878836,0.0,0.00016888368483338218,0.0,True,0,long_short,1.541558079487584,1.3366444322168693
2025-03-20,2.056254265770335,-0.0020678122053381376,2.057737178185976,0.0,0.9877785397088589,0.988499711424014,-0.000721171715155138,0.012221460291141129,0.0,0.00016765740087147367,0.0,True,0,long_short,1.5376843210609477,1.3372408352005518
2025-03-21,2.0462332990202943,-0.004873408370188459,2.0575701146176204,0.0,0.9800073289878101,0.9855476628308542,-0.005540333843044156,0.019992671012189933,0.0,0.00016706356835575678,0.0,True,0,long_short,1.5230514984500012,1.3435089365676285
2025-03-24,2.0340919854270028,-0.005933494288801189,2.0442735430563226,0.0,0.9933237099432335,0.9983291657939348,-0.005005455850701345,0.0066762900567665096,0.0020762863121992145,0.0004972587399754815,1.0146292107053518,True,0,long_short,1.5164032388285817,1.3413925355358212
2025-03-25,2.036514636196511,0.0011910232117648967,2.0441066367531753,0.0,0.9959950505786602,0.9997229887047733,-0.0037279381261130927,0.004004949421339776,0.0,0.00016690630314735352,0.0,True,0,long_short,1.5206955428957982,1.3391994510080956
2025-03-26,2.0400786705839917,0.0017500656877855736,2.043939298356027,0.0,0.9986211963975471,1.0005135880134695,-0.0018923916159223097,0.001378803602452905,0.0,0.00016733839714844301,0.0,True,0,long_short,1.526217656469909,1.3366892080796826
2025-03-27,2.0351766291212767,-0.002402868837068639,2.0437715345398186,0.0,0.998963336791989,1.003186510985107,-0.004223174193117946,0.0010366632080109905,0.0,0.00016776381620841683,0.0,True,0,long_short,1.5258705784704085,1.3337806350269996
2025-03-28,2.0285922824352394,-0.0032352703897157165,2.0436037267254235,0.0,0.9946220853298962,1.0020220170067355,-0.00739993167683926,0.005377914670103845,0.0,0.0001678078143950634,0.0,True,0,long_short,1.5200438429212009,1.3345616916790484
2025-03-31,2.024745269317685,-0.0018963954220196921,2.026600598347964,0.0,0.9937498352335921,0.9946661623678713,-0.0009163271342792306,0.00625016476640794,0.0014352837499334587,0.0005012122513635754,0.7077210825524113,True,0,long_short,1.5125744130277727,1.338608700423989
2025-04-01,2.0310353389207956,0.0031065979994759907,2.0264350685720625,0.0,0.9975335574836475,0.9952685696419402,0.002264987841707213,0.0024664425163525294,0.0,0.00016552977590175808,0.0,True,0,long_short,1.517717252783877,1.338217204288456
2025-04-02,2.0340841376438967,0.0015011056994809202,2.026268923999186,0.0,0.9981506000488721,0.9943084710532824,0.003842128995589773,0.0018493999511278725,0.0,0.0001661445728761589,0.0,True,0,long_short,1.5207104025043394,1.337588099807907
2025-04-03,2.0106066451300872,-0.01154204591605712,2.026102690539825,0.0,0.9967330854386917,1.004440234645261,-0.007707149206569336,0.003266914561308343,0.0,0.00016623345936118663,0.0,True,0,long_short,1.5150046666246824,1.327129011166394
2025-04-07,1.947871927226736,-0.031201885289348752,1.9797392201337618,0.0,0.9732956961635651,0.9896557516998634,-0.01636005553629835,0.02670430383643485,0.0013439176021152988,0.0006639564527387789,0.6783751658454998,True,0,long_short,1.4536404979525583,1.339995638516056
2025-04-08,1.9346123295008348,-0.006807222559431447,1.9795807771757055,0.0,0.9856236153743482,1.0088677801039676,-0.023244164729619585,0.014376384625651828,0.0,0.0001584429580565455,0.0,True,0,long_short,1.4676700912167684,1.3181520432135734
2025-04-09,1.9504936367669163,0.008209038588200768,1.9794203578842346,0.0,0.9917386089921963,1.006569070662026,-0.014830461669829762,0.008261391007803653,0.0,0.0001604192914705704,0.0,True,0,long_short,1.4799282068627333,1.3179650389269384
2025-04-10,1.9842540319425777,0.017308641535289215,1.9792589902211695,0.0,0.9958614026035197,0.9933440627664839,0.002517339837035833,0.004138597396480259,0.0,0.000161367663065151,0.0,True,0,long_short,1.4935045820664339,1.3285891826305185
2025-04-11,1.9885450857845985,0.002162552663592221,1.9790969863613077,0.0,0.9922362747308889,0.9874850123678518,0.004751262363037076,0.007763725269111066,0.0,0.00016200385986169452,0.0,True,0,long_short,1.4891832663825415,1.3353259673774638
2025-04-14,1.9901476313532784,0.0008058884760200336,1.9963798303440101,0.0,0.9972017027968676,1.0003332287663727,-0.003131525969505039,0.002798297203132405,0.002688443705595681,0.00048418975938822786,1.344848367859682,True,0,long_short,1.4918817005336014,1.3339848800621807
2025-04-15,1.9820692536402886,-0.0040591851507501,1.9962162020586023,0.0,0.9921296464641881,0.9992671107038109,-0.007137464239622795,0.007870353535811891,0.0,0.00016362828540767454,0.0,True,0,long_short,1.4859544857266385,1.3338694237805324
2025-04-16,1.973035331167683,-0.004557823827807228,1.9960534116517832,0.0,0.9877661027342769,0.9994324323333915,-0.011666329599114584,0.012233897265723104,0.0,0.00016279040681917728,0.0,True,0,long_short,1.4777463210085853,1.3351651113034442
2025-04-17,1.974453636955631,0.0007188445972270419,1.995891336405199,0.0,0.9898778926530197,1.0007354276431155,-0.010857534990095757,0.01012210734698027,0.0,0.00016207524658427144,0.0,True,0,long_short,1.4805710618322465,1.3335757315911547
2025-04-18,1.9771645090501775,0.0013729732842582276,1.99572893319659,0.0,0.9881578935506801,0.9975473116094388,-0.009389418058758764,0.011842106449319934,0.0,0.0001624032086087916,0.0,True,0,long_short,1.480510561997471,1.3354612657289202
2025-04-21,1.9920052460937945,0.0075060709291947525,1.9738734478368893,0.0,0.9989617500422011,0.9898594656519064,0.00910228439029476,0.0010382499577988868,0.0024761060183668684,0.0004863242812469425,1.2528684581817717,True,0,long_short,1.4865361332609695,1.3400315011004762
2025-04-22,1.9945594369549442,0.0012822209510534588,1.8699897531455718,0.0,1.0000077648560783,0.9375530284860503,0.06245473637002792,0.0,0.00010361801049601532,0.00016206618480609842,0.0520186352908527,True,0,long_short,1.4902446669926346,1.3384107194827506
2025-04-23,2.010365985303419,0.007924831948155298,1.8698360540846997,0.0,1.0034431933096457,0.9335405326766815,0.0699026606329643,0.0,0.0,0.00015369906087226348,0.0,True,0,long_short,1.4957837629765072,1.3440217998508879
2025-04-24,1.9999527205971401,-0.00517978556263099,1.9762541958347015,0.0,0.94828714683785,0.936437604336984,0.01184954250086599,0.05171285316215002,0.0001066790749180262,0.0001542540931064577,0.05298438364869776,True,0,long_short,1.4912480443693759,1.3411268019083218
2025-04-25,2.0050743191609492,0.0025608598198660903,1.9761002645250196,0.0,0.9493900473273196,0.9349396828899283,0.01445036443739126,0.050609952672680425,0.0,0.00015393130968190843,0.0,True,0,long_short,1.4937667480171268,1.3422941177546952
2025-04-28,1.9908456960700442,-0.0070963070819535234,2.0006340686644846,0.0,0.9922648990584471,0.9971815897963393,-0.004916690737892193,0.0077351009415529415,0.0019014752764516874,0.0004622359433737998,0.9495338458310875,True,0,long_short,1.4856597701572358,1.3400414657922262
2025-04-29,1.9929956534078337,0.0010799216343253537,2.108477844199156,0.0,0.7743223867159577,0.8322664121300917,-0.057944025414134015,0.22567761328404234,0.0007697208178121239,0.00016316997339010903,0.3867784266423382,True,0,long_short,1.4905620257750525,1.337076632132453
2025-04-30,1.9909041898282023,-0.0010494069949702478,2.108341512417634,0.0,0.7744716919184131,0.833458620164099,-0.05898692824568581,0.22552830808158686,0.0,0.00013633178152213196,0.0,True,1,long_short,1.4927527566342844,1.333713289746054
2025-05-06,2.0040594714809368,0.006607691982339681,1.988912739803917,0.0,1.0048007595694273,0.9972427345244784,0.0075580250449488965,0.0,0.002535857932312396,0.0008183028126245608,1.2733735308031657,True,1,long_short,1.5050236090875704,1.3315800890963496
2025-05-07,1.9985273049289491,-0.0027604802306089304,1.9690774623509735,0.0,0.8594381085955806,0.8447023366572418,0.014735771938338716,0.14056189140441944,0.0006015929730265289,0.00016426304773884906,0.2987520762674444,True,0,long_short,1.5050816323209224,1.3278530958132186
2025-05-08,2.0108401417502564,0.0061609550146950465,1.9689387094180135,0.0,0.8615728609353029,0.8407350869808945,0.02083777395440851,0.13842713906469706,0.0,0.00013875293296000958,0.0,True,0,long_short,1.5140225172601431,1.3281441450350298
2025-05-09,2.0000434132284224,-0.0053692624777405,1.9687997573198097,0.0,0.8603621696197683,0.8447406807550942,0.015621488864674078,0.1396378303802317,0.0,0.00013895209820375965,0.0,True,0,long_short,1.5123837147181591,1.3224444258189736
2025-05-12,2.0099537245926515,0.004955048124796635,1.999542063349042,0.0,0.9996333006135253,0.9944532503883791,0.005180050225146205,0.00036669938647471145,0.0017519091881184037,0.00041659348794172266,0.8753882298947832,True,0,long_short,1.5215135289659765,1.3210225780631868
2025-05-13,2.0061997906634734,-0.0018676718191306119,1.99937777800538,0.0,1.000433516160476,0.9970330509177611,0.0034004652427150534,0.0,0.0,0.0001642853436617582,0.0,True,0,long_short,1.5232931439888993,1.3170149150740833
2025-05-14,2.0100713935095307,0.001929819185544357,1.999213374101432,0.0,0.9988629486792847,0.9934611408414342,0.005401807837850514,0.0011370513207152877,0.0,0.000164403903948146,0.0,True,0,long_short,1.5231611765130444,1.3196708427870807
2025-05-15,1.9982487915547529,-0.00588168260737032,1.9990492430477524,0.0,0.9969840287130349,0.9973846052060034,-0.00040057649296845066,0.003015971286965069,0.0,0.00016413105367961997,0.0,True,0,long_short,1.516529545501183,1.3176458035272707
2025-05-16,2.0036784042978923,0.0027171855507115428,1.9988854329725139,0.0,0.9993670727493432,0.9969749866166099,0.0023920861327334122,0.0006329272506567785,0.0,0.00016381007523848305,0.0,True,0,long_short,1.5171893828804572,1.3206514802349936
2025-05-19,2.0058178362444092,0.0010677521611890395,2.000784675671087,0.0,0.9975309688497844,0.9950216878560795,0.0025092809937049872,0.0024690311502155726,0.0018441094469111065,0.0004925631576104091,0.9208443724643907,True,0,long_short,1.5192676052750196,1.3202531465029914
2025-05-20,2.008378274014938,0.0012765056348897907,2.000620634664324,0.0,1.0011941484017872,0.9973315098485898,0.0038626385531973476,0.0,0.0,0.00016404100676315682,0.0,True,0,long_short,1.523162945514061,1.3185577287905457
2025-05-21,2.0044396559922615,-0.0019610937210561286,2.0004560029709233,0.0,1.002272804801286,1.0002853900096116,0.001987414791674598,0.0,0.0,0.0001646316934003087,0.0,True,0,long_short,1.5250773584144657,1.3143199883815473
2025-05-22,1.9921776756982634,-0.006117410547801128,2.0002912074884813,0.0,0.9989940913078331,1.0030667861729505,-0.004072694865117408,0.0010059086921668792,0.0,0.00016479548244205074,0.0,True,0,long_short,1.5201804097996996,1.3104876650533568
2025-05-23,1.9885794057617785,-0.0018061993066073034,2.000126964700099,0.0,0.9973801987038102,1.0031871375189576,-0.005806938815147351,0.002619801296189772,0.0,0.00016424278838204017,0.0,True,0,long_short,1.515451870081735,1.3122022843619083
2025-05-26,1.9833044479251485,-0.002652626202074848,1.9931258451421732,0.0,0.9966661980518701,1.0016182351570655,-0.004952037105195368,0.003333801948129933,0.0018519557704119642,0.0004918974119495279,0.9283089614154127,True,0,long_short,1.5118922862356863,1.311802742815221
2025-05-27,1.9722267387390815,-0.005585480936956544,1.99296257002703,0.0,0.9960283758880826,1.006542294435402,-0.010513918547319569,0.003971624111917427,0.0,0.0001632751151432832,0.0,True,0,long_short,1.508220547725171,1.3076514185632633
2025-05-28,1.9794329781818534,0.003653859518900626,1.9927994086878444,0.0,0.996925214773538,1.0036778710409244,-0.006752656267386381,0.0030747852264619846,0.0,0.0001631613391855303,0.0,True,0,long_short,1.5092444455137073,1.3115390181264548
2025-05-29,1.9972278044562326,0.008989860465356214,1.9926361172020297,0.0,1.0001645347538481,0.9978655044459596,0.0022990303078885333,0.0,0.0,0.00016329148581450072,0.0,True,0,long_short,1.5179935707427046,1.315702413337004
2025-05-30,1.9928482608911093,-0.002192811233326375,1.9924723118817076,0.0,0.9994414759367437,0.9992528268475084,0.00018864908923541622,0.0005585240632562938,0.0,0.0001638053203222368,0.0,True,0,long_short,1.518883732054369,1.3120479328563739
2025-06-03,1.9917248780539043,-0.0005637071618802558,1.9880036056700179,0.0,0.9998666416347856,0.997998274961813,0.0018683666729725126,0.0001333583652144421,0.0014689051042999206,0.0006546934547419995,0.7383389799782718,True,0,long_short,1.523323924606592,1.307486113676236
2025-06-04,2.0141145198984503,0.01124133262141247,1.9878402299446072,0.0,1.001993300253714,0.9889482178146243,0.013045082439089768,0.0,0.0,0.00016337572541065673,0.0,True,0,long_short,1.5308326263225935,1.3156987153695627
2025-06-05,2.019814871430565,0.0028302022927684245,1.9876765158379008,0.0,1.003128838429345,0.9872173031459647,0.015911535283380508,0.0,0.0,0.00016371410670642164,0.0,True,0,long_short,1.5334553472301335,1.317165755806935
2025-06-06,2.0115883423874545,-0.00407291240374108,1.987512625740074,0.0,1.0047482305097741,0.9927797197861506,0.011968510723623612,0.0,0.0,0.0001638900978269421,0.0,True,0,long_short,1.5352119652398375,1.3103000679604497
2025-06-09,2.0138949941964692,0.0011466818336585138,2.0098933158971493,0.0,0.9999764878708762,0.9979894536357985,0.0019870342350777857,2.3512129123770542e-05,0.00222105755981064,0.0004924267670664257,1.1038425991633374,True,0,long_short,1.5413663197773606,1.306564810944722
2025-06-10,2.006620519730506,-0.003612141887698428,2.009728123078113,0.0,0.9973566017545259,0.9989052769111142,-0.0015486751565883096,0.0026433982454741045,0.0,0.0001651928190360003,0.0,True,0,long_short,1.5370389894900112,1.305510487015233
2025-06-11,2.0178982273403925,0.00562024931918903,2.009563375914339,0.0,0.997602721974123,0.9934722602327305,0.004130461741392545,0.00239727802587697,0.0,0.00016474716377399382,0.0,True,0,long_short,1.5418729616685782,1.3087318329758315
2025-06-12,2.020585674558058,0.001331805133308217,2.0093986039215035,0.0,0.9965800855961279,0.9910435370709081,0.005536548525219775,0.0034199144038721263,0.0,0.00016477199283579288,0.0,True,0,long_short,1.5425409364525302,1.3099073268064538
2025-06-13,2.0147963561635263,-0.0028651684842800895,2.00923401583598,0.0,0.9942684756128378,0.9915077299372113,0.002760745675626606,0.005731524387162179,0.0,0.00016458808552346504,0.0,True,0,long_short,1.5349250332749091,1.3126350228745478
2025-06-16,2.0156354731286785,0.0004164773092751872,2.0091709424125903,0.0,0.997867846707627,0.9946606543346656,0.003207192372961446,0.00213215329237304,0.002572215229106974,0.0004925801493827169,1.2786002126247074,True,0,long_short,1.538757397077752,1.3099111510083161
2025-06-17,2.0126210093633414,-0.0014955401438029314,2.009006158305856,0.0,0.9982492669909725,0.9964531757047003,0.001796091286272226,0.0017507330090275053,0.0,0.00016478410673443847,0.0,True,0,long_short,1.5398095988825575,1.3070583602179802
2025-06-18,2.014519262635424,0.0009431747275077118,2.008841324119861,0.0,0.9985965606985325,0.9957780527691843,0.002818507929348282,0.0014034393014674684,0.0,0.00016483418599480283,0.0,True,0,long_short,1.5399642095714277,1.308159793659143
2025-06-19,2.009970984226676,-0.0022577487806184626,2.008676446251208,0.0,0.9965976829765006,0.9959536249350525,0.0006440580414481645,0.003402317023499357,0.0,0.00016487786865313276,0.0,True,0,long_short,1.532434279843224,1.3116196959730675
2025-06-20,1.9982096717643254,-0.005851483705311411,2.0085119116302965,0.0,0.9978584672709108,1.0030142024330144,-0.005155735162103703,0.002141532729089235,0.0,0.0001645346209113562,0.0,True,0,long_short,1.5322839147567944,1.304072732553277
2025-06-23,2.0067409833950793,0.004269477698614743,1.994924515016829,0.0,0.9993457672914865,0.9934573798632998,0.005888387428186643,0.0006542327085135025,0.0021662136258329143,0.0004941943595059637,1.0846846338850098,True,0,long_short,1.538923683173333,1.3039899283745409
2025-06-24,2.0221579970891566,0.007682612664836164,1.9947606565259173,0.0,1.0027265277857134,0.9891779620442249,0.01354856574148846,0.0,0.0,0.00016385849091188855,0.0,True,0,long_short,1.549486388244776,1.305050507336055
2025-06-25,2.03322700305614,0.005473858117376107,1.994596250433329,0.0,1.0086913204239227,0.9896915960622332,0.018999724361689493,0.0,0.0,0.0001644060925883904,0.0,True,0,long_short,1.5618789479680193,1.3017827058245053
2025-06-26,2.021694976174664,-0.005671785228182569,1.9944308585693993,0.0,1.0069806207329681,0.9934948486820069,0.013485772050961221,0.0,0.0,0.0001653918639297092,0.0,True,0,long_short,1.560910596811411,1.295202287885374
2025-06-27,2.031403065484758,0.004801955499965205,1.9942657727986237,0.0,1.0075342467687423,0.9892526495234059,0.01828159724533642,0.0,0.0,0.00016508577077554697,0.0,True,0,long_short,1.5641768802888707,1.2987041881795367
2025-06-30,2.041811701646721,0.00512386553846178,2.0308661732819413,0.0,0.9989837380590787,0.9936230437521787,0.005360694306900024,0.0010162619409213036,0.0011106337814675185,0.0004955106241925176,0.5465779814055037,True,0,long_short,1.569633187025156,1.3008209297080806
2025-07-01,2.0434215012878907,0.0007884172864085492,2.030699423323769,0.0,1.0021864424028974,0.9959605717462057,0.006225870656691731,0.0,0.0,0.00016674995817197508,0.0,True,0,long_short,1.5771726693588504,1.2956232002920638
2025-07-02,2.034708250627594,-0.00426404961228255,2.0305321493034896,0.0,0.9994137150576717,0.9973612825662733,0.0020524324913983993,0.0005862849423282634,0.0,0.00016727402028009677,0.0,True,0,long_short,1.5720715780267431,1.2942847380916016
2025-07-03,2.0418975422484054,0.003533327993629598,2.0303653542982434,0.0,1.0058941022681507,1.0002463223421,0.005647779926050412,0.0,0.0,0.00016679500524609167,0.0,True,0,long_short,1.5808040746461822,1.2916828688624336
2025-07-04,2.0283123206327245,-0.006653233737047293,2.030197485763402,0.0,1.0045203269948457,1.0054497524642378,-0.0009294254693919932,0.0,0.0,0.0001678685348410965,0.0,True,0,long_short,1.5831005917662202,1.2812276940467784
2025-07-07,2.022754186477391,-0.002740275301192363,2.028803027817927,0.0,0.9945427753750121,0.9975331740012883,-0.002990398626276116,0.0054572246249878775,0.0015281841809644291,0.0005028573996247405,0.752677283358073,True,0,long_short,1.5800334978032546,1.2801970270185143
2025-07-08,2.030498261266897,0.0038284804160968466,2.028637184168294,0.0,1.000152231148272,0.9992356693692722,0.000916561778999738,0.0,0.0,0.00016584364963242619,0.0,True,0,long_short,1.5921246197532315,1.2753387744117735
2025-07-09,2.04222887661126,0.005777210238556929,2.028470421459589,0.0,0.9973467033786401,0.9906097233519444,0.006736980026695727,0.002653296621359935,0.0,0.00016676270870549353,0.0,True,0,long_short,1.5881815164867357,1.2858913514677695
2025-07-10,2.038626517111244,-0.0017639352480383064,2.028304143230892,0.0,1.0016299196505951,0.99656652339154,0.005063396259055245,0.0,0.0,0.0001662782286970876,0.0,True,0,long_short,1.5946121889830862,1.278446591087024
2025-07-11,2.039685035073264,0.0005192309396231387,2.0281371601946736,0.0,1.0035226766064507,0.9978610795068893,0.005661597099561488,0.0,0.0,0.00016698303621791964,0.0,True,0,long_short,1.5951011408641358,1.2787183099676536
2025-07-14,2.0426902916404632,0.0014733924677206023,2.037714396739396,0.0,0.9913623590710641,0.9889264073649092,0.0024359517061548256,0.00863764092893593,0.001510281552537178,0.0005018602958512408,0.7406155724842436,True,0,long_short,1.588360539389638,1.286036917301793
2025-07-15,2.0443572985389666,0.0008160840169093575,2.037548363558179,0.0,0.9867885699218142,0.98345797062508,0.0033305992967342128,0.013211430078185815,0.0,0.00016603318121680946,0.0,True,0,long_short,1.5826250842928986,1.2917508504247963
2025-07-16,2.0479640338365823,0.001764239206225593,2.0373831137379006,0.0,0.989319406521807,0.9841528508968727,0.005166555624934382,0.010680593478192946,0.0,0.00016524982027838652,0.0,True,0,long_short,1.5886892197785636,1.2890904075764005
2025-07-17,2.057415489655753,0.004615049709376207,2.037217455411125,0.0,0.9954144696081364,0.9855972818081128,0.009817187800023545,0.0045855303918636015,0.0,0.000165658326775441,0.0,True,0,long_short,1.6020342096492637,1.284251907520868
2025-07-18,2.0599969816065626,0.0012547256321286948,2.037050788305852,0.0,0.9982640833644195,0.9871251382564441,0.01113894510797552,0.0017359166355804811,0.0,0.00016666710527298226,0.0,True,0,long_short,1.605740620579709,1.282895229282334
2025-07-21,2.0586284225689027,-0.0006643500208395325,2.0574345480594944,0.0,1.0039108055894874,1.003330868726516,0.0005799368629716264,0.0,0.001874774703566587,0.000501404746506469,0.9103900433234209,True,0,long_short,1.6183153874076848,1.2720811027240728
2025-07-22,2.06607253241136,0.0036160531744569013,2.057264782132623,0.0,1.0080426245484708,1.003779584340266,0.004263040208204809,0.0,0.0,0.00016976592687132773,0.0,True,0,long_short,1.626031416042858,1.270622764128011
2025-07-23,2.062371086341683,-0.0017915373306653937,2.0570943261248584,0.0,1.0061810752745184,1.0036224861574723,0.0025585891170460382,0.0,0.0,0.0001704560077644424,0.0,True,0,long_short,1.6254409235034428,1.2688071627337212
2025-07-24,2.0802468921765014,0.008667599130536274,2.0569242021251006,0.0,1.012092993411567,1.000881492440642,0.011211500970925117,0.0,0.0,0.00017012399975782413,0.0,True,0,long_short,1.6382534440680796,1.2697955250506736
2025-07-25,2.0900927021031976,0.00473300066627913,2.056753072211614,0.0,1.0144528012148735,0.998501532709876,0.01595126850499753,0.0,0.0,0.0001711299134865718,0.0,True,0,long_short,1.6401031115312685,1.2743666464676116
2025-07-28,2.090348442853591,0.00012235856818021418,2.0850197034239764,0.0,0.9872859014859184,0.9847366903972922,0.0025492110886262418,0.012714098514081562,0.0017152943219854073,0.0005145930657260801,0.8219991152869075,True,0,long_short,1.6286916397719546,1.2834525528394536
2025-07-29,2.1216455427603313,0.014972192800553286,2.0848505163439164,0.0,0.9862128177386726,0.968870134583152,0.017342683155520674,0.013787182261327358,0.0,0.0001691870800596804,0.0,True,0,long_short,1.6310125691060247,1.300814955658636
2025-07-30,2.133832878081618,0.0057442843659127885,2.084681563001241,0.0,0.985743495809704,0.9627092106108718,0.023034285198832143,0.014256504190296004,0.0,0.00016895334267550246,0.0,True,0,long_short,1.6296939557480858,1.309345764310769
2025-07-31,2.148688566579696,0.006961973756554718,2.0845127196670794,0.0,0.9771422340869385,0.9472747847456073,0.0298674493413311,0.022857765913061545,0.0,0.0001688433341616558,0.0,True,0,long_short,1.6147069791335715,1.33069875484941
2025-08-01,2.1935026157548365,0.020856465600538998,2.0843454266397323,0.0,0.9799570416436078,0.9301931670390903,0.04976387460451746,0.02004295835639225,0.0,0.00016729302734729828,0.0,True,0,long_short,1.6176799622424423,1.3559558546513637
2025-08-04,2.2128495967406563,0.008820131258043373,2.190713584700053,0.0,1.001846473838081,0.9918430772795409,0.010003396558540182,0.0,0.0022033367444481157,0.0005031076796032241,1.0047515812850547,True,0,long_short,1.632209121393803,1.3557390212664804
2025-08-05,2.2140206746625695,0.0005292171341597651,2.190533190216197,0.0,1.0057484978999747,0.9951399770694486,0.010608520830526092,0.0,0.0,0.0001803944838565515,0.0,True,0,long_short,1.6455901988852464,1.3454265078647092
2025-08-06,2.2210568503167027,0.0031780081074472832,2.1903521003134503,0.0,1.0106753982004217,0.9968510109503278,0.013824387250094007,0.0,0.0,0.0001810899027464379,0.0,True,0,long_short,1.6552156872179768,1.3418534318326636
2025-08-07,2.2005801286778435,-0.009219359529648918,2.1901701225518106,0.0,1.014502816766483,1.009772243228001,0.0047305735384819796,0.0,0.0,0.00018197776163970047,0.0,True,0,long_short,1.6536126184965332,1.3307712483946899
2025-08-08,2.1956827288084506,-0.0022255039957738143,2.189987485450473,0.0,1.0167844825406225,1.0141906454241516,0.0025938371164708524,0.0,0.0,0.00018263710133736898,0.0,True,0,long_short,1.6549733340786725,1.3267178894038145
2025-08-11,2.211181682579794,0.007058831209076466,2.207261129716955,0.0,0.998358861142158,0.9965858033723122,0.001773057769845813,0.001641138857842006,0.001297876103264318,0.0005490840535586888,0.5876574272383139,True,0,long_short,1.6660731078588225,1.327181665768272
2025-08-12,2.199979185065214,-0.005066294462746201,2.2070800092561162,0.0,0.997046373425828,1.0002740513234676,-0.003227677897639549,0.0029536265741719747,0.0,0.00018112046083856916,0.0,True,0,long_short,1.6618908356548523,1.3237808030864635
2025-08-13,2.2156177994078634,0.007108528321001284,2.2068991394951074,0.0,0.9991480877973126,0.9952129957814032,0.0039350920159094025,0.0008519122026874326,0.0,0.0001808697610086972,0.0,True,0,long_short,1.6732386233775607,1.324149328405693
2025-08-14,2.200311360541328,-0.006908429274501415,2.206717905662697,0.0,0.9974163403852374,1.0003279942703465,-0.002911653885109117,0.00258365961476259,0.0,0.00018123383241002463,0.0,True,0,long_short,1.666443536671745,1.3203635839566668
2025-08-15,2.208680347114757,0.00380354649960557,2.2065369988366648,0.0,1.0024659517332966,1.001495531418337,0.0009704203149596177,0.0,0.0,0.00018090682603237512,0.0,True,0,long_short,1.6814209606807682,1.3135796441008527
2025-08-18,2.224888167030237,0.007338237032195494,2.207916714094834,0.0,1.0055160569418267,0.9978880542462769,0.00762800269554967,0.0,0.002022890685516475,0.0005454205885397912,0.9153601669207303,True,0,long_short,1.6969092721834498,1.3111414991370902
2025-08-19,2.2456719182597626,0.009341481310167321,2.4353968021525167,0.0,0.9040328945726849,0.9885175792454922,-0.0844846846728074,0.09596710542731512,0.00022789045983180882,0.00018248131429424947,0.10260830362842219,True,0,long_short,1.6996038145322727,1.3212914086555911
2025-08-20,2.2515615164111513,0.0026226440752541436,2.4352143457551123,0.0,0.9097267583050769,0.9912936300096047,-0.08156687170452788,0.09027324169492312,0.0,0.0001824563974041963,0.0,True,0,long_short,1.705687762829326,1.3200314650064393
2025-08-21,2.2146717755229774,-0.016384069730847828,2.435030897103979,0.0,0.9168405809975813,1.0163402558552541,-0.0994996748576728,0.08315941900241874,0.0,0.00018344865113368276,0.0,True,0,long_short,1.7128362959383028,1.292985080229028
2025-08-22,2.220741749460875,0.002740800693350698,2.4348458949057075,0.0,0.925369779763732,1.0217808755144244,-0.09641109575069237,0.07463022023626797,0.0,0.0001850021982715424,0.0,True,0,long_short,1.729087400679438,1.2843432602587026
2025-08-25,2.1937271009581454,-0.012164696101781391,2.2112704411423794,0.0,1.0021225272204377,1.0101195748826428,-0.007997047662205242,0.0,0.002130532052178212,0.0005595069326438384,0.9625603665942449,True,0,long_short,1.7370992062846238,1.2628680578642226
2025-08-26,2.1893353626059207,-0.002001952909414517,2.4294457838211208,0.0,0.902452750188212,1.0121254962262618,-0.10967274603804969,0.09754724981178797,0.0002185760496889749,0.00018213096054479788,0.0996936792852375,True,0,long_short,1.736307755229698,1.2609143488599412
2025-08-27,2.2064308211732824,0.0078085152504974165,2.4292636565219197,0.0,0.8725642025222756,0.9735566438942398,-0.1009924413719641,0.12743579747772438,0.0,0.00018212729920136055,0.0,True,0,long_short,1.6874182279279974,1.3075779226840445
2025-08-28,2.193198418318306,-0.005997198157311701,2.4290871015587485,0.0,0.8740797246799157,0.9816343723899555,-0.10755464771003988,0.12592027532008432,0.0,0.00017655496317092647,0.0,True,0,long_short,1.690606675360717,1.2972848447143115
2025-08-29,2.2036851563437536,0.004781481665251386,2.428910149316045,0.0,0.8727383014857325,0.9749420996662193,-0.10220379818048683,0.1272616985142675,0.0,0.0001769522427034959,0.0,True,0,long_short,1.6844887622441405,1.3082219399361976
2025-09-01,2.214587971170227,0.004947537444306649,2.204306918874268,0.0,0.9848042010121102,0.9801617788415762,0.004642422170534023,0.015195798987889808,0.002975276484250745,0.0005297585999989462,1.3479366120504064,True,0,long_short,1.6723176814482035,1.3242627257593935
2025-09-02,2.2164355240416107,0.0008342648363648397,2.5763664773018684,0.0,0.8110447052405325,0.973436504756511,-0.16239179951597854,0.18895529475946748,0.00037261057896425474,0.0001784099576895918,0.16826274237203495,True,0,long_short,1.6576505402175306,1.337094562615563
2025-09-03,2.235165605243533,0.008450541871738437,2.5761891436649202,0.0,0.8165899257433067,0.9691618593939371,-0.15257193365063046,0.1834100742566933,0.0,0.00017733363694859435,0.0,True,0,long_short,1.66194107528373,1.3449126677743017
2025-09-04,2.2269862513037544,-0.003659395044640301,2.5760110967673286,0.0,0.8183780862119887,0.9751032771552389,-0.15672519094325024,0.1816219137880113,0.0,0.00017804689759160525,0.0,True,0,long_short,1.6587681950599587,1.3425542266460304
2025-09-05,2.2316791143374037,0.002107270770487224,2.5758326138967678,0.0,0.8392617017229436,0.9934745082811771,-0.15421280655823355,0.16073829827705644,0.0,0.0001784828705610371,0.0,True,0,long_short,1.694711111519947,1.3168492843218942
2025-09-08,2.2518203219587343,0.009025136047531745,2.241098400241591,0.0,1.0026893343116203,0.997927887933067,0.004761446378553305,0.0,0.0020427995134360264,0.000546686213611494,0.9106869927132185,True,0,long_short,1.7054648687012066,1.320355736013257
2025-09-09,2.2413255627358604,-0.004660566884726047,2.2409137026280654,0.0,0.9943512698367498,0.9941675124591327,0.00018375737761705156,0.005648730163250182,0.0,0.00018469761352578397,0.0,True,0,long_short,1.6890927642905211,1.3269404795995894
2025-09-10,2.236475641048352,-0.0021638631032200317,2.2407305585409985,0.0,0.9864689821859149,0.9883714922846394,-0.0019025100987244787,0.013531017814085056,0.0,0.00018314408706708295,0.0,True,0,long_short,1.6784278109603057,1.3324824734456477
2025-09-11,2.2373777425478383,0.000403358517718333,2.240548876176604,0.0,0.9956234696676991,0.9970408135379185,-0.0014173438702194399,0.004376530332300899,0.0,0.0001816823643946196,0.0,True,0,long_short,1.69911769305285,1.3167879727789087
2025-09-12,2.2449491736367353,0.003384064722247171,2.240365526292389,0.0,0.9944687530653004,0.992426993101122,0.0020417599641782904,0.005531246934699641,0.0,0.00018334988421546812,0.0,True,0,long_short,1.7019371268734604,1.3190552918725111
2025-09-15,2.2482954886648123,0.0014905972337253548,2.2412124526538606,0.0,0.989542638902345,0.9863922362765947,0.0031504026257503097,0.010457361097655049,0.0017566336513826102,0.0005493570800688874,0.7831733669928755,True,0,long_short,1.6896280639982113,1.330645209185631
2025-09-16,2.266333862283906,0.008023132951178846,2.2410301758416793,0.0,0.9810449989762947,0.9698799685880859,0.011165030388208893,0.018955001023705287,0.0,0.00018227681218147918,0.0,True,0,long_short,1.686657557490764,1.343683459762588
2025-09-17,2.277184567943653,0.004787778994226555,2.2408495124048167,0.0,0.9836220957816176,0.9676659646667615,0.01595613111485613,0.016377904218382366,0.0,0.0001806634368626326,0.0,True,0,long_short,1.6962681862149536,1.3424672975945826
2025-09-18,2.2710229592638393,-0.0027058011750790145,2.2406683983772826,0.0,0.9778635656057848,0.9644975356575907,0.013366029948194049,0.0221364343942152,0.0,0.0001811140275339828,0.0,True,0,long_short,1.684813550830829,1.3479372587809102
2025-09-19,2.274455335967393,0.0015113791296352819,2.2404883658254224,0.0,0.9741630503225727,0.9592289385794978,0.014934111743074933,0.025836949677427334,0.0,0.00018003255186014647,0.0,True,0,long_short,1.6756221753476264,1.3573795867767937
2025-09-22,2.2770165535414084,0.0011260795204517393,2.2705981144571816,0.0,0.9894764554163008,0.9866576620815557,0.002818793334745078,0.010523544583699196,0.002147726993228619,0.0005379591890383094,0.9449921562095971,True,0,long_short,1.6685005310541052,1.3647083181345243
2025-09-23,2.2796292386380426,0.001147415943274721,2.2704134594575183,0.0,0.9893028661696187,0.9852602003604934,0.004042665809125322,0.010697133830381289,0.0,0.000184654999663411,0.0,True,0,long_short,1.665444404897444,1.368781348650554
2025-09-24,2.300247549180046,0.009044589441361106,2.2702288544196763,0.0,0.9966698566227996,0.9836196547994914,0.013050201823308176,0.0033301433772003897,0.0,0.00018460503784176633,0.0,True,0,long_short,1.6870219717002295,1.3634959044794124
2025-09-25,2.2928077006581717,-0.003234368633291851,2.270042889868968,0.0,1.0036633012685947,0.9937345092540403,0.009928792014554419,0.0,0.0,0.00018596455070776877,0.0,True,0,long_short,1.6947440149388597,1.3528932277957553
2025-09-26,2.2980343669224745,0.002279592075167036,2.2698556206523746,0.0,1.0015195657647131,0.9892574574709031,0.012262108293810043,0.0,0.0,0.0001872692165940356,0.0,True,0,long_short,1.691346471585952,1.3587011328126282
2025-09-29,2.331991265926694,0.014776497468005578,2.3079098201633887,0.0,1.0045522392725457,0.9942256801146426,0.010326559157903079,0.0,0.0017549656353053516,0.0005605514716444481,0.7598356463223627,True,0,long_short,1.7059828321989319,1.3669488472641114
2025-09-30,2.3597518667424646,0.01190424733633777,2.3077192564152473,0.0,1.004446073614766,0.9823960390070822,0.02205003460768377,0.0,0.0,0.00019056374814142797,0.0,True,0,long_short,1.7176741599191072,1.3738064656300095
2025-10-09,2.3559665536861183,-0.0016041148688958895,2.3613109297334645,0.0,0.999817994563943,1.0020864376532495,-0.0022684430893063936,0.0001820054360569534,0.0020329134121172673,0.0017148409300558592,0.8601852066568032,True,0,long_short,1.7258826784373635,1.36507920446785
2025-10-10,2.3438533294062682,-0.0051415094415909746,2.3611168846268056,0.0,1.0017569540221019,1.0091224128603093,-0.007365458838207448,0.0,0.0,0.0001940451066586459,0.0,True,0,long_short,1.7181241937777865,1.364193192724117
2025-10-13,2.3344367897359604,-0.004017546470236444,2.302552742142219,0.0,0.9980462208154405,0.9843880880555693,0.013658132759871173,0.001953779184559523,0.0016162878009726355,0.0005832086121767151,0.7014623406393432,True,0,long_short,1.7109830904730803,1.3643833201709186
2025-10-14,2.2936121560251785,-0.017488001341599446,2.3023638661064822,0.0,0.992969224997082,0.9967849137386651,-0.0038156887415831337,0.007030775002918044,0.0,0.0001888760357371038,0.0,True,0,long_short,1.697651545010108,1.3510500212878034
2025-10-15,2.3104995610589993,0.007362798888843836,2.302175956134283,0.0,0.993138006804552,0.9895354937095475,0.00360251309500441,0.006861993195448002,0.0,0.0001879099721994667,0.0,True,0,long_short,1.7059325925700541,1.354390889254388
2025-10-16,2.2804651048163507,-0.012999117917548042,2.301988039313143,0.0,0.992657554102471,1.0020955123730608,-0.009437958270589823,0.007342445897528971,0.0,0.00018791682113985286,0.0,True,0,long_short,1.693702073339952,1.3464381609448655
2025-10-17,2.260477431109263,-0.008764735608045027,2.3018002110516917,0.0,0.9912962155713565,1.009576769658619,-0.018280554087262542,0.008703784428643502,0.0,0.0001878282614514926,0.0,True,0,long_short,1.6777884939928265,1.347295823760088
2025-10-20,2.266025581747459,0.0024544154088166348,2.2784707060101046,0.0,0.9976002366658642,1.0030922859890883,-0.005492049323224223,0.0023997633341358293,0.0019557198873242916,0.000562715877399165,0.8576114822711922,True,0,long_short,1.6788092075795324,1.3497814829206003
2025-10-21,2.2845912781969253,0.008193065691318946,2.2782838813979756,0.0,1.0035299433115743,1.0007691007665007,0.002760842545073399,0.0,0.0,0.0001868246121291627,0.0,True,0,long_short,1.695416235325252,1.3475105585258507
2025-10-22,2.258944180526855,-0.011226120801052786,2.278095962354762,0.0,1.0043581014325362,1.0128363019976518,-0.008478200565115673,0.0,0.0,0.00018791904321370913,0.0,True,0,long_short,1.6887216278771917,1.3376652156498177
2025-10-23,2.2497042215945697,-0.004090388338028883,2.2779079124366612,0.0,1.0079490084948257,1.0204856302299714,-0.012536621735145722,0.0,0.0,0.00018804991810059747,0.0,True,0,long_short,1.6910422034110586,1.3303655089486324
2025-10-24,2.2741822342970597,0.010880547081491443,2.2777192172999157,0.0,1.0092902494586409,1.0108455263179508,-0.0015552768593099027,0.0,0.0,0.0001886951367456133,0.0,True,0,long_short,1.70250073059742,1.3357892853878732
2025-10-27,2.2993888197583257,0.011083801940374283,2.3171922124104394,0.0,1.0023047208781264,1.0100473838410544,-0.007742662962928176,0.0,0.001234686585564544,0.0005668389709079042,0.5325535974842366,True,0,long_short,1.7165787944894912,1.339518364749555
2025-10-28,2.291868760628933,-0.0032704599869208817,2.3170013226848094,0.0,0.9993808707956172,1.0103468399154982,-0.010965969119881054,0.0006191292043827845,0.0,0.00019088972562988492,0.0,True,0,long_short,1.7125097383505976,1.3383099139841066
2025-10-29,2.3178864838820696,0.011352187219479726,2.3168110008470175,0.0,1.0028464429842778,1.0023824500137288,0.0004639929705489617,0.0,0.0,0.00019032183779198563,0.0,True,0,long_short,1.7288715825553858,1.340693263322705
2025-10-30,2.3334301404744733,0.006705961098824265,2.3166200357457107,0.0,0.9984718280888405,0.9912677963772485,0.007204031711591934,0.0015281719111595038,0.0,0.00019096510130691097,0.0,True,0,long_short,1.7139663337878488,1.3614212219195785
2025-10-31,2.2912651953486485,-0.018069941068495465,2.3164299217057094,0.0,1.0015996293771008,1.0125825249442075,-0.01098289556710688,0.0,0.0,0.00019011404000123707,0.0,True,0,long_short,1.7158655332795085,1.3353407658753929
2025-11-03,2.2866565828007612,-0.0020113832991670577,2.292013541097545,0.0,0.9982834276937801,1.0006261311574645,-0.0023427034636842496,0.00171657230621991,0.0021854256512195917,0.0005720782430522262,0.9525876712936883,True,0,long_short,1.7191357085592054,1.3301198802491228
2025-11-04,2.259427227111299,-0.011907934009098509,2.463939279218928,0.0,0.9171929252179173,1.0077079237333153,-0.09051499851539793,0.08280707478208271,0.0001722860862621434,0.00018806205449865815,0.07548740654071064,True,0,long_short,1.7075660881089874,1.3231858156737348
2025-11-05,2.27176403780102,0.005460149608577547,2.628869619846869,0.0,0.8488663546243015,1.0060594328242334,-0.15719307819993195,0.1511336453756985,0.00016528276114688434,0.0001871377577966177,0.07343847518712601,True,0,long_short,1.7202109073772296,1.3206311086962774
2025-11-06,2.259385786154358,-0.005448740027878873,2.628681768095687,0.0,0.852030441261618,1.0154801647238063,-0.16344972346218833,0.14796955873838202,0.0,0.0001878517511819659,0.0,True,0,long_short,1.7292766837882378,1.3065496154177232
2025-11-07,2.2602289711938837,0.00037319215013775775,2.628493190442238,0.0,0.8544092256001016,1.0173414877477864,-0.1629322621476849,0.14559077439989843,0.0,0.00018857765344920446,0.0,True,0,long_short,1.7305772533358053,1.3060549402444408
2025-11-10,2.242537686488589,-0.007827209070747188,2.2631440268227285,0.0,1.0062954589474125,1.0154843080170595,-0.009188849069647129,0.0,0.0018371847152437698,0.00056698143391357,0.8111258079691887,True,0,long_short,1.7403654897620835,1.288544101615779
2025-11-11,2.2345387061934954,-0.0035669323834724986,2.2629568546174603,0.0,1.0053957522999872,1.0181134323944057,-0.012717680094418472,0.0,0.0,0.00018717220526844188,0.0,True,0,long_short,1.7375244741290676,1.2860473273699098
2025-11-12,2.229370122990392,-0.0023130425929869247,2.2627698671759275,0.0,1.0047035297384928,1.0196852251694577,-0.01498169543096509,0.0,0.0,0.00018698744153266964,0.0,True,0,long_short,1.7301675527003093,1.2885284546638078
2025-11-13,2.2785756058003157,0.022071473149519516,2.2625830242354468,0.0,1.0084281732096214,1.001409498242612,0.007018674967009537,0.0,0.0,0.00018684294048061808,0.0,True,0,long_short,1.7498473352122483,1.302156799595283
2025-11-14,2.264179121282125,-0.006318194788684117,2.4529507430034605,0.0,0.922435065446992,1.005808160776323,-0.08337309532933096,0.07756493455300795,0.00019074600893482108,0.00018754415787224793,0.08403963771182776,True,0,long_short,1.7396557665541346,1.3015098531630502
2025-11-17,2.2472454451988035,-0.00747894719289377,2.263319737307146,0.0,0.9935834567317992,1.000736343454825,-0.007152886723025914,0.006416543268200847,0.0022574860737516636,0.0005615333846247762,0.9964286586456939,True,0,long_short,1.7362543313989898,1.2943066027591026
2025-11-18,2.232893791433889,-0.006386331228561026,2.263134896195666,0.0,0.9906561603405281,1.0041996190029112,-0.013543458662383205,0.009343839659471942,0.0,0.00018484111148003518,0.0,True,0,long_short,1.7267293223240145,1.2931348084299772
2025-11-19,2.2134977161691576,-0.008686519412226867,2.2629505999413126,0.0,0.9969286984292575,1.0192702095186579,-0.02234151108940042,0.003071301570742535,0.0,0.00018429625435330496,0.0,True,0,long_short,1.7308288052803973,1.278865771944769
2025-11-20,2.21516993022313,0.0007554622901833064,2.434029641828948,0.0,0.9183020380835334,1.0171024545300371,-0.09880041644650368,0.08169796191646661,0.00017143591497638679,0.00018543717377497048,0.07734798153931291,True,0,long_short,1.7267643485441475,1.2828443742718931
2025-11-21,2.2026363843521763,-0.005658051646489803,2.4338444592448467,0.0,0.9131628353884732,1.0181316248515018,-0.1049687894630287,0.0868371646115268,0.0,0.00018518258410118435,0.0,True,0,long_short,1.7086462401298588,1.2891120072840672
2025-11-24,2.218830408725396,0.007352109720997868,2.2022542626076516,0.0,0.9950575454636652,0.9875868771094911,0.007470668354174117,0.004942454536334795,0.0021071606011510377,0.0005529633931128128,0.9559052245088401,True,0,long_short,1.7123830778777933,1.29575586058422
2025-11-25,2.2248100455661977,0.002694949923746748,2.389839264386419,0.0,0.9094343018004716,0.9836110699021381,-0.07417676810166642,0.09056569819952842,0.00018795306068555042,0.00018010584609770049,0.08454475449845145,True,0,long_short,1.7162310088895838,1.2963348372348014
2025-11-26,2.219707775214535,-0.002293351003979427,2.389659400184563,0.0,0.9033221305179988,0.9798869949869726,-0.07656486446897379,0.09667786948200119,0.0,0.00017986420185603223,0.0,True,0,long_short,1.7015638676589113,1.3045104079863363
2025-11-27,2.2242185903377805,0.0020321662038642607,2.3894806279011434,0.0,0.8987897201817551,0.9730908874686744,-0.07430116728691934,0.10121027981824493,0.0,0.00017877228341952236,0.0,True,0,long_short,1.6924775708361077,1.3141790642690676
2025-11-28,2.2381901020286454,0.00628153714367774,2.389302734736048,0.0,0.9035569222869029,0.9710724709306205,-0.06751554864371763,0.09644307771309713,0.0,0.00017789316509557104,0.0,True,0,long_short,1.703998013058058,1.31349337550688
2025-12-01,2.240921667137616,0.0012204348086850558,2.2331996610356657,0.0,0.9977609611134045,0.994315054808338,0.0034459063050664837,0.0022390388865954902,0.002086717736952386,0.0005359178941124582,0.9335348511800935,True,0,long_short,1.7056368156000417,1.3138328433355617
2025-12-02,2.2340286790313684,-0.0030759612026296512,2.233016522776739,0.0,0.9960275060015696,0.9955744427691549,0.00045306323241472003,0.00397249399843036,0.0,0.00018313825892721624,0.0,True,0,long_short,1.696754307694376,1.3166483025271138
2025-12-03,2.228062785774364,-0.002670464042382581,2.23283371659669,0.0,0.9975352420358207,0.9996765330500542,-0.0021412910142335436,0.0024647579641793316,0.0,0.00018280618004851772,0.0,True,0,long_short,1.6931823408412094,1.3159024471442422
2025-12-04,2.233241336424508,0.0023242391027791243,2.2326506473845447,0.0,0.9951560124313344,0.9948915139061063,0.00026449852522815307,0.004843987568665553,0.0,0.00018306921214526807,0.0,True,0,long_short,1.6893796962554495,1.3219297836800932
2025-12-05,2.25116628223195,0.00802642576737389,2.2324680309855767,0.0,0.9998237259812657,0.9915176975044023,0.00830602847686335,0.0001762740187343237,0.0,0.0001826163989681979,0.0,True,0,long_short,1.7053180416168103,1.3200858885522735
2025-12-08,2.252624076604339,0.0006475729420323262,2.249817365034841,0.0,0.9977598205247581,0.9965138462858035,0.0012459742389545679,0.00224017947524191,0.001908256101938036,0.000550373722732151,0.8474638668341203,True,0,long_short,1.7121301107323876,1.315685100381038
2025-12-09,2.2440760225361838,-0.003794709537616514,2.249632863302007,0.0,0.9929080834839644,0.9953843100957276,-0.0024762266117631096,0.007091916516035579,0.0,0.00018450173283394487,0.0,True,0,long_short,1.7016452417056849,1.3187684292448527
2025-12-10,2.2425443019558475,-0.0006825618049272064,2.249449270036514,0.0,0.9951322087081729,0.9982112863766248,-0.0030790776684519344,0.004867791291827128,0.0,0.00018359326549270222,0.0,True,0,long_short,1.7091801246367357,1.3120584949655154
2025-12-11,2.235811761769925,-0.003002188264486394,2.2492652810201514,0.0,0.9921558274534048,0.9981731136490799,-0.006017286195675106,0.007844172546595196,0.0,0.0001839890163626233,0.0,True,0,long_short,1.7028449781952937,1.3129860852862127
2025-12-12,2.231175798217952,-0.002073503517265096,2.2490818513882793,0.0,0.9925409028325558,1.000566291591536,-0.00802538875898023,0.007459097167444195,0.0,0.00018342963187225646,0.0,True,0,long_short,1.7087442427861907,1.3057400530461547
2025-12-15,2.2335983397172665,0.001085768992855396,2.2265511880378295,0.0,0.9960704245747771,0.9929153579031531,0.0031550666716240123,0.003929575425222875,0.0011486152039389698,0.0005504644835289177,0.5156059188349772,True,0,long_short,1.7056495524073627,1.3095294614094402
2025-12-16,2.2236251254965893,-0.004465088482264901,2.2263689052355096,0.0,0.9926609304326517,0.9938948523322826,-0.0012339218996309268,0.007339069567348311,0.0,0.00018228280231991163,0.0,True,0,long_short,1.6934395535890554,1.3130820765251792
2025-12-17,2.2462792740192707,0.01018793512581051,2.2261872573259955,0.0,0.998602970164881,0.9896583937154334,0.008944576449447572,0.0013970298351190236,0.0,0.00018164790951351664,0.0,True,0,long_short,1.7094238929768537,1.3140563222779795
2025-12-18,2.225164115724161,-0.009400059262145266,2.2260045409584754,0.0,1.001510671169281,1.0018883625172474,-0.0003776913479664895,0.0,0.0,0.00018271636752017928,0.0,True,0,long_short,1.7103805687267508,1.3009760262773726
2025-12-19,2.227522871899148,0.001060036946632037,2.2258213053941818,0.0,1.0052930226367442,1.0045291397934153,0.0007638828433288952,0.0,0.0,0.00018323556429328917,0.0,True,0,long_short,1.7169141970822805,1.297399063788158
2025-12-22,2.244827712348894,0.007768647706406062,2.228424613929291,0.0,0.9978668193846382,0.9905597559831268,0.0073070634015113085,0.0021331806153618293,0.0011555929844667755,0.0005517398550523585,0.5183007011290155,True,0,long_short,1.7264126711420034,1.3002845437087558
2025-12-23,2.2423029812305075,-0.001124688146220687,2.228241849327293,0.0,0.9946089517006635,0.988338107831251,0.006270843869412564,0.005391048299336454,0.0,0.00018276460199740944,0.0,True,0,long_short,1.7227568536406395,1.3015783257468574
2025-12-24,2.2605469198862,0.008136250456965755,2.2280596997257325,0.0,1.0018029636559076,0.9874315653563743,0.014371398299533203,0.0,0.0,0.00018214960156058077,0.0,True,0,long_short,1.73496508345793,1.3029351088615233
2025-12-25,2.263387032276129,0.0012563828536116262,2.227876236543514,0.0,1.0088318848449767,0.9931426566103757,0.01568922823460081,0.0,0.0,0.00018346318221902142,0.0,True,0,long_short,1.745876281729687,1.2964189135061337
2025-12-26,2.2540950123751546,-0.004105360580612061,2.2276914804166505,0.0,1.0080249142202045,0.9963113299153964,0.01171358430480802,0.0,0.0,0.00018475612686346765,0.0,True,0,long_short,1.745117026493267,1.2916583691264854
2025-12-29,2.23474039279591,-0.008586425804141373,2.2584406158392327,0.0,0.9948439027464501,1.0054492612568722,-0.010605358510422085,0.005156097253549929,0.001529965290523962,0.0005537540711182566,0.6769846047107103,True,0,long_short,1.737671301213464,1.2860547280923205
2025-12-30,2.250892669057528,0.007227808793221602,2.25825593764112,0.0,0.9930790568294959,0.9963503227964666,-0.0032712659669706236,0.006920943170504068,0.0,0.00018467819811267456,0.0,True,0,long_short,1.7400859876014256,1.2935525514806367
2025-12-31,2.2549217224683797,0.0017899802448326785,2.258071607972293,0.0,0.9934893320088978,0.9948862255119082,-0.0013968935030104779,0.006510667991102226,0.0,0.00018432966882704123,0.0,True,0,long_short,1.7403492149527289,1.2956719853087804
2026-01-05,2.2479524334239844,-0.0030907010983807215,2.2493797450159185,0.0,1.005689301977348,1.0063242404977155,-0.0006349385203675591,0.0,0.0014948169365073735,0.0009219413265581001,0.6641049491495246,True,0,long_short,1.7654856580011562,1.273277085676848
2026-01-06,2.270930405031518,0.010221733905879216,2.2491938133152143,0.0,1.0139957464220797,1.0044240784977156,0.009571667924364159,0.0,0.0,0.00018593170070468898,0.0,True,0,long_short,1.7894067973510273,1.2690967802253355
2026-01-07,2.259965993432648,-0.004828158350681733,2.249006335738825,0.0,1.016320537471307,1.011471058441237,0.004849479030069968,0.0,0.0,0.00018747757638955283,0.0,True,0,long_short,1.794744227218982,1.2592134072132066
2026-01-08,2.2693976101927356,0.004173344549208036,2.2488184543528997,0.0,1.017074617790069,1.0080065039666442,0.00906811382342492,0.0,0.0,0.00018788138592481005,0.0,True,0,long_short,1.8017519478470196,1.2595505240910232
2026-01-09,2.273948858262896,0.0020054872930679313,2.2486304351021196,0.0,1.023833668253733,1.012699546627041,0.011134121626692,0.0,0.0,0.00018801925078032626,0.0,True,0,long_short,1.8177861730634923,1.2509440835005574
2026-01-12,2.2829772588401247,0.003970362193688626,2.266321905615379,0.0,0.9953626332629835,0.9880671802924151,0.007295452970568282,0.004637366737016535,0.002985841570417726,0.0005678203506943346,1.315749956840589,True,0,long_short,1.8426756635699715,1.2389468770739174
2026-01-13,2.2519908849254175,-0.013572791316567745,2.2661365027466545,0.0,0.9908186483606612,0.9971000316095571,-0.0062813832488958265,0.009181351639338753,0.0,0.0001854028687244276,0.0,True,0,long_short,1.822334982278148,1.2357721861378885
2026-01-14,2.255732061296514,0.0016612750949125399,2.2659519443754865,0.0,0.9880689238597572,0.9925995519668465,-0.004530628107089243,0.011931076140242802,0.0,0.00018455837116796453,0.0,True,0,long_short,1.825156892700182,1.2359113182644417
2026-01-15,2.235903032656385,-0.008790507073225817,2.2657679138028786,0.0,0.9924795051927101,1.0058364713537213,-0.01335696616101128,0.00752049480728989,0.0,0.0001840305726082332,0.0,True,0,long_short,1.8288003271944282,1.2226064264142469
2026-01-16,2.24346266691742,0.003381020621477271,2.265583068365893,0.0,0.993073417424933,1.0029333548220045,-0.009859937397071517,0.006926582575066953,0.0,0.00018484543698543966,0.0,True,0,long_short,1.8373354033003897,1.2210414401679233
2026-01-19,2.25227060229025,0.003926044994068123,2.2423815023352445,0.0,1.001105699255508,0.9967149746485496,0.004390724606958528,0.0,0.002040231294494187,0.0005548052561793065,0.9090231412055836,True,0,long_short,1.8456037140530148,1.2203435575799635
2026-01-20,2.237634908154855,-0.00649819525260964,2.242196992321305,0.0,1.0033359553643113,1.0053747527346166,-0.002038797370305524,0.0,0.0,0.0001845100139394575,0.0,True,0,long_short,1.8337192114218026,1.2202712902919692
2026-01-21,2.237582999133133,-2.319816406737285e-05,2.2420120886246613,0.0,1.0074293180183458,1.0094087259300277,-0.0019794079116818497,0.0,0.0,0.00018490369664355075,0.0,True,0,long_short,1.8501935640912608,1.2093777875787508
2026-01-22,2.256902632932814,0.008634152926244809,2.241826447325676,0.0,1.014222804896055,1.0075427712131018,0.006680033682953289,0.0,0.0,0.0001856412989850136,0.0,True,0,long_short,1.8671214886214316,1.2087604618589511
2026-01-23,2.266537908014079,0.00426924712686616,2.241639549303774,0.0,1.022984270744723,1.0119990767083606,0.01098519403636228,0.0,0.0,0.00018689802190218684,0.0,True,0,long_short,1.891001233347509,1.1985914488282925
2026-01-26,2.2460328106909926,-0.009046880376712085,2.255871421410406,0.0,0.9891605590795942,0.993540998524905,-0.0043804394453107656,0.010839440920405785,0.0016160445956704976,0.0005655783132085679,0.7158598308984575,True,0,long_short,1.8685536718446507,1.202016749389752
2026-01-27,2.245987074033319,-2.0363307898119132e-05,2.4818948292111114,0.0,0.8854141791115451,0.9904494030027279,-0.10503522389118278,0.11458582088845493,0.00022643325412453856,0.00018341306970851733,0.10084603806490376,True,0,long_short,1.87143820490268,1.2001395868425784
2026-01-28,2.2656465898653035,0.00875317407623366,2.4817119905900187,0.0,0.8952572658555411,0.9906231546447368,-0.09536588878919573,0.1047427341444589,0.0,0.00018283862109272418,0.0,True,0,long_short,1.88736593625794,1.2004278271321227
2026-01-29,2.239054285429826,-0.011737181144857445,2.4815275191950463,0.0,0.8937833772037743,1.002076077091876,-0.10829269988810175,0.10621662279622568,0.0,0.00018447139497225674,0.0,True,0,long_short,1.8741415922565872,1.1947092443180136
2026-01-30,2.233577277403293,-0.0024461256085541727,2.703080711856998,0.0,0.780834384746828,0.9910368430201941,-0.2102024582733662,0.21916561525317202,0.00022195956615150673,0.00018441392340322798,0.09933015514961709,True,0,long_short,1.8416836077997378,1.21279098534832
2026-02-02,2.220143126391794,-0.0060146345270477575,2.2293750449601784,0.0,0.9851207019362087,0.9892789557256336,-0.00415825378942492,0.01487929806379129,0.0018170627891193633,0.0005458086674727287,0.8143910077524954,True,0,long_short,1.7977175641280558,1.2349788257582202
2026-02-03,2.2414734582179427,0.009607638161966081,2.229194523792482,0.0,0.9999700976876299,0.9944920339700152,0.005478063717614751,2.9902312370100326e-05,0.0,0.00018052116769630007,0.0,True,0,long_short,1.8449300784658091,1.214936806755239
2026-02-04,2.228517819634998,-0.005779965198983272,2.2290113078336966,0.0,1.0035980364750972,1.0038194788141939,-0.00022144233909663112,0.0,0.0,0.00018321595878517522,0.0,True,0,long_short,1.8442514896757563,1.2083589641165484
2026-02-05,2.219752526211972,-0.003933239099906283,2.228827442387431,0.0,1.0020847900348717,1.0061730458509133,-0.004088255816041563,0.0,0.0,0.00018386544626582035,0.0,True,0,long_short,1.8287465495635167,1.2138109169593676
2026-02-06,2.2235641106302224,0.0017171213336808488,2.2286438707304175,0.0,1.007856329517143,1.0101408420598263,-0.0022845125426833018,0.0,0.0,0.00018357165701375004,0.0,True,0,long_short,1.842538389091066,1.2067939120265052
2026-02-09,2.229070453497795,0.0024763589415965903,2.2212380669105563,0.0,1.002463312303819,0.9989495666638153,0.0035137456400036655,0.0,0.0014023416757001164,0.0005538360632266904,0.6309350222747443,True,0,long_short,1.865629159363641,1.194808969569345
2026-02-10,2.2251383834747123,-0.0017639953985808532,2.448415047042762,0.0,0.8990536260756818,0.9993964475497276,-0.10034282147404569,0.10094637392431816,0.00022758758653766844,0.00018301881892477282,0.10220627310804584,True,0,long_short,1.8613014752760881,1.1954744639874397
2026-02-11,2.2265491414076752,0.0006340090771161933,2.4482322693390017,0.0,0.9006546731000455,1.0002182191312703,-0.09956354603122479,0.09934532689995446,0.0,0.0001827777037603702,0.0,True,0,long_short,1.8622634580290356,1.1956144721672135
2026-02-12,2.2296037040866596,0.0013718819954062766,2.6667784998082853,0.0,0.8042030242838836,1.0002803787125314,-0.1960773544286479,0.19579697571611643,0.0002189482226659522,0.00018304397400222276,0.09842306492517947,True,0,long_short,1.8706601982554822,1.1918806559127717
2026-02-13,2.2136144547901107,-0.007171341376605134,2.6665951933284906,0.0,0.8035244480313056,1.0081584291467436,-0.20463398111543796,0.19647555196869437,0.0,0.00018330647979473974,0.0,True,0,long_short,1.8625284543813558,1.1884996707475104
2026-02-24,2.22013522006763,0.002945754742163409,2.2151927006741783,0.0,0.9004825930824805,0.8982563685945407,0.002226224487939711,0.09951740691751954,0.0009410870371054602,0.002017677927637394,0.4246526280696119,True,0,long_short,1.8778161611687292,1.1822963642435826
2026-02-25,2.2112340400460715,-0.0040092963442502905,2.2150287896659124,0.0,0.9043483053856307,0.9060644283970879,-0.001716123011457144,0.09565169461436929,0.0,0.00016391100826576363,0.0,True,0,long_short,1.8801385057036133,1.176101671944935
2026-02-26,2.1921379619185126,-0.008635937120053061,2.2148641167475662,0.0,0.9033527700412306,0.9137198889105027,-0.01036711886927215,0.0966472299587694,0.0,0.0001646729183462899,0.0,True,0,long_short,1.8607460089568058,1.178096285772767
2026-02-27,2.185806629872939,-0.0028881996277426714,2.214699486606056,0.0,0.9022189167584577,0.9154373123558743,-0.013218395597416744,0.09778108324154233,0.0,0.00016463014151019283,0.0,True,0,long_short,1.8581664516740763,1.1763244503223498
2026-03-02,2.1961832203605933,0.004747259133465853,2.187355906744315,0.0,0.9970539947063876,0.9930346061897822,0.004019388516605284,0.0029460052936124415,0.000958250985046658,0.0004933896032664332,0.4378946147480752,True,0,long_short,1.8549748200395269,1.183942335300161
2026-03-03,2.1698806848299723,-0.011976475954634802,2.1871766558451897,0.0,0.9904899858433125,0.998460917672024,-0.007970931828711584,0.009510014156687507,0.0,0.00017925089912477173,0.0,True,0,long_short,1.8214437595658732,1.1912971089193258
2026-03-04,2.166892383106087,-0.0013771732910370371,2.1869985839772603,0.0,0.9896293429055861,0.9989081612852749,-0.00927881837968877,0.010370657094413871,0.0,0.00017807186792992882,0.0,True,0,long_short,1.8172169085362793,1.1924236302926887
2026-03-05,2.184209777811576,0.007991811148768457,2.382004994248304,0.0,0.8981789009121054,0.9887357780243874,-0.090556877112282,0.1018210990878946,0.0001953796962538275,0.00017790628652971803,0.08974953396559701,True,0,long_short,1.8149090698097332,1.203481658748093
2026-03-06,2.1821227447598264,-0.0009555094354722904,2.3818274923561917,0.0,0.9018953852405212,0.993413952688635,-0.0915185674481138,0.09810461475947885,0.0,0.00017750189211230161,0.0,True,0,long_short,1.8196715743472212,1.1991849383824271
2026-03-09,2.1860531311189653,0.0018011756527340772,2.1754493888079414,0.0,0.8947116906424045,0.889861057251991,0.004850633390413504,0.10528830935759548,0.0006872895337171354,0.0005345139898661011,0.31583013169967317,True,0,long_short,1.814176703388769,1.2049835757650036
2026-03-10,2.2016022922984835,0.007112892618286626,2.175289502488725,0.0,0.8984307068177756,0.8864790523787315,0.011951654439044071,0.10156929318222441,0.0,0.0001598863192164286,0.0,True,0,long_short,1.831556076978433,1.2020392495601475
2026-03-11,2.191343934791716,-0.004659496196317114,2.17512909090129,0.0,0.902969065733495,0.8955695682684988,0.007399497464996146,0.097030934266505,0.0,0.00016041158743492628,0.0,True,0,long_short,1.8378721182088935,1.1923266657569733
2026-03-12,2.165687153264956,-0.011708240372225398,2.1749677894540347,0.0,0.8980801664121123,0.9023654742762177,-0.004285307864105443,0.1019198335878877,0.0,0.00016130144725555153,0.0,True,0,long_short,1.8185061564773386,1.1909154915703712
2026-03-13,2.1857292443159797,0.009254379618408137,2.1748071668801834,0.0,0.8960685302562565,0.8910715355625181,0.004996994693738457,0.10393146974374345,0.0,0.00016062257385122004,0.0,True,0,long_short,1.7996698336502204,1.2145167982744511
2026-03-16,2.1879004833332782,0.0009933705297420214,2.175243065562932,0.0,0.9913372447680894,0.9855520557858815,0.005785188982207932,0.008662755231910624,0.0022139600315002296,0.0004802402746988734,1.0167640534241233,True,0,long_short,1.793176184717671,1.2201257756932318
2026-03-17,2.1810797260485257,-0.0031174897289483194,2.1750658362627235,0.0,0.9825430832006588,0.9797857838163314,0.0027572993843273464,0.01745691679934125,0.0,0.0001772293002085509,0.0,True,0,long_short,1.7657230579376137,1.2352331903033842
2026-03-18,2.191898469266474,0.004960269488886615,2.1748901931743165,0.0,0.9877604650564855,0.9800008555989137,0.007759609457571778,0.012239534943514485,0.0,0.00017564308840704363,0.0,True,0,long_short,1.7823421148902476,1.2297854889668283
2026-03-19,2.1950939059751406,0.0014578397464442006,2.1747136401023766,0.0,0.976892665689493,0.9676082037276205,0.009284461961872536,0.023107334310507044,0.0,0.00017655307193976112,0.0,True,0,long_short,1.753085314673439,1.2521318201698803
2026-03-20,2.1972474620375952,0.0009810769628546545,2.174539065510209,0.0,0.9681313076276392,0.9577963786222701,0.010334929005369229,0.031868692372360785,0.0,0.00017457459216773028,0.0,True,0,long_short,1.7429015296197994,1.260683650049299
2026-03-23,2.1871629668622377,-0.004589603742678139,2.1920261222431465,0.0,0.9930548643068496,0.9952783636320444,-0.002223499325194628,0.006945135693150362,0.0009799332232541588,0.0005189216701010752,0.4468447411768546,True,0,long_short,1.7260896515563318,1.267120143435295
2026-03-24,2.226456962126845,0.017965737286133487,2.1918472042175035,0.0,1.0095070101521477,0.9939622417159861,0.015544768436161642,0.0,0.0,0.0001789180256428977,0.0,True,0,long_short,1.7638121830392428,1.2622982103969904
2026-03-25,2.2498394375748507,0.010502100802195491,2.191665312643271,0.0,1.0180685880555749,0.9922115762350837,0.02585701182049108,0.0,0.0,0.00018189157423230927,0.0,True,0,long_short,1.781930645253735,1.2625852995835811
2026-03-26,2.2235003384657763,-0.011707101702095657,2.1914818345554927,0.0,1.0064053616600095,0.9920053171192581,0.014400044540751444,0.0,0.0,0.00018347808777797236,0.0,True,0,long_short,1.7573673585347576,1.265245042629941
2026-03-27,2.215129483671409,-0.003764719370424552,2.191300542158914,0.0,1.0087277612986014,0.99797040300955,0.010757358289051418,0.0,0.0,0.00018129239657872767,0.0,True,0,long_short,1.765238705459208,1.2548611566361312
2026-03-30,2.2009503604844483,-0.00640103582724183,2.199633037465845,0.0,0.9889127429908555,0.9883142183524748,0.0005985246383807914,0.01108725700914448,0.0018222932048660913,0.0005450877526531789,0.8277675133707556,True,0,long_short,1.7488719080515729,1.258497177724433
2026-03-31,2.1843345462279387,-0.007549381646595799,2.199454251394463,0.0,0.9853939021294211,0.9923157837581463,-0.006921881628725098,0.014606097870578871,0.0,0.00017878607138258504,0.0,True,0,long_short,1.7204610441210082,1.269621624791816
2026-04-01,2.200554060344118,0.007425380028983408,2.199276096628937,0.0,0.9989542701746358,0.998373523835243,0.0005807463393927751,0.0010457298253642167,0.0,0.0001781547655257675,0.0,True,0,long_short,1.7530361364451712,1.2552816308775183
2026-04-02,2.1876813038276297,-0.0058497797206923385,2.19909552334853,0.0,0.9929678827265987,0.9981853792152005,-0.005217496488601769,0.0070321172734012505,0.0,0.00018057328040677065,0.0,True,0,long_short,1.7348865398127833,1.2609938769043125
2026-04-03,2.1891318047572104,0.0006630311860520433,2.1989160402122128,0.0,0.9953708095507909,0.9998402688285466,-0.004469459277755689,0.004629190449209064,0.0,0.0001794831363175222,0.0,True,0,long_short,1.7373992288570768,1.2600050514568832
2026-04-07,2.1981166081753662,0.004104277046558247,2.1908678136977024,0.0,1.0001307359232878,0.9968330061983477,0.003297729724940093,0.0,0.002656013284044806,0.0007195996050968452,1.2108431426064956,True,0,long_short,1.7440195382624306,1.26037384326861
2026-04-08,2.2080417325053667,0.004515285628199361,2.1906877187508664,0.0,1.0221576459486825,1.0142981868184384,0.007859459130244238,0.0,0.0,0.000180094946835778,0.0,True,0,long_short,1.7951709102642393,1.2299897017495427
2026-04-09,2.245792986308015,0.01709716498873126,2.1905036409925898,0.0,1.0144204446860117,0.9898013699749814,0.024619074711030236,0.0,0.0,0.00018407775827668246,0.0,True,0,long_short,1.7915582563876857,1.2535417022029758
2026-04-10,2.240037492987888,-0.002562788892483292,2.190320937789204,0.0,1.0102487035683234,0.988054184345179,0.0221945192231444,0.0,0.0,0.000182703203385853,0.0,True,0,long_short,1.7862105663138335,1.2540724678449349
2026-04-13,2.2536356710893655,0.006070513615975104,2.251352040945726,0.0,0.894084118147321,0.8930708087766297,0.00101330937069136,0.10591588185267897,0.0018707403871681765,0.0005457398838994768,0.8302509643815779,True,0,long_short,1.7783703538072793,1.2672476609074144
2026-04-14,2.2620995818290464,0.00375566949363626,2.251186617145879,0.0,0.9007769972295635,0.8959527336247122,0.004824263604851281,0.0992230027704365,0.0,0.00016542379984665553,0.0,True,0,long_short,1.7950106387721152,1.2602151391015963
2026-04-15,2.257318625761254,-0.0021135038024835406,2.251020036244175,0.0,0.9011804076778558,0.8983901106213402,0.0027902970565155233,0.09881959232214421,0.0,0.00016658090170447006,0.0,True,0,long_short,1.7959156596923214,1.2569179479998414
2026-04-16,2.291704770188194,0.015233181543143015,2.2508533551978815,0.0,0.9072891052838458,0.8894633296770874,0.017825775606758333,0.09271089471615424,0.0,0.0001666810462935834,0.0,True,0,long_short,1.8209477316807563,1.2585230922981645
2026-04-17,2.2925275958638593,0.00035904523408469835,2.2506858165111256,0.0,0.9098641341298478,0.8916127597829376,0.01825137434691022,0.09013586587015221,0.0,0.00016753868675576343,0.0,True,0,long_short,1.8248798671409476,1.2562621995800627
2026-04-20,2.29336137638053,0.0003636948659526684,2.2855505938702305,0.0,0.99277014154436,0.9893643187243097,0.0034058228200502987,0.007229858455639948,0.0014249254783279316,0.0005040115536887798,0.6230610980627458,True,0,long_short,1.8265894297236043,1.255542892705536
2026-04-21,2.294624447359545,0.0005507509597151294,2.285364103192225,0.0,0.9905618986596751,0.986526229913107,0.004035668746568119,0.009438101340324856,0.0,0.00018649067800531794,0.0,True,0,long_short,1.8201000263934952,1.2607133751359336
2026-04-22,2.3030442359844763,0.00366935366465726,2.285178045065777,0.0,0.9927246770998407,0.9849670358702263,0.007757641229614373,0.007275322900159309,0.0,0.000186058126448224,0.0,True,0,long_short,1.8330413302321564,1.2564060602456757
2026-04-23,2.3316076262595185,0.012402449691910622,2.284991599368139,0.0,0.9908184193089163,0.9708253354099057,0.01999308389901065,0.009181580691083657,0.0,0.00018644569763799773,0.0,True,0,long_short,1.8250242176239204,1.2775762665194335
2026-04-24,2.290925435669042,-0.017448128978605593,2.2848055513882093,0.0,0.9890718643990496,0.9864005053990805,0.002671358999969038,0.010928135600950406,0.0,0.0001860479799293992,0.0,True,0,long_short,1.8186441385566507,1.2596886807592895
2026-04-27,2.281418298913343,-0.0041499110393011795,2.272724254556172,0.0,0.894562602679978,0.8907517958843489,0.0038108067956290855,0.105437397320022,0.0019062782144766525,0.0005572035635117798,0.8380605935833806,True,0,long_short,1.8249371827738927,1.2501352487353028
2026-04-28,2.27878512383267,-0.0011541833787899192,2.9577631002304643,0.0,0.5893789122042855,0.8873350333394924,-0.29795612113520686,0.4106210877957145,0.0006858917657233246,0.00016702828330853234,0.3009190514479028,True,0,long_short,1.8121193552062054,1.2575248519286202
2026-04-29,2.2734631846447746,-0.002335428264927719,2.9575969046791903,0.0,0.594093858065854,0.8950152561580383,-0.3009213980921843,0.405906141934146,0.0,0.00016619555127366588,0.0,True,0,long_short,1.827298091530943,1.2441665621945823
2026-04-30,2.2696959495625335,-0.0016570468823448037,3.183250916964341,0.0,0.49297416666706717,0.8954752010359607,-0.40250103436889356,0.5070258333329328,0.00022604730212710556,0.0001672425398277298,0.09944147414751264,True,0,long_short,1.8258768761140283,1.2430717422705277
2026-05-06,2.2682528212908886,-0.0006358244909072663,2.2682112365375025,0.0,0.7044575816542596,0.704439248268759,1.8333385500686222e-05,0.29554241834574035,0.0018214688880181314,0.001002307283864391,0.8023976410845117,True,0,long_short,1.8474250774999346,1.227791507713237
2026-05-07,2.264697760722829,-0.001567312309584623,2.2680799067036137,0.0,0.7102154911238684,0.711708911587933,-0.0014934204640646683,0.2897845088761316,0.0,0.00013132983388879272,0.0,True,0,long_short,1.8530427171289539,1.2221508655945508
2026-05-08,2.2935921373374213,0.012758601662311797,2.2679474295327897,0.0,0.7122937574604601,0.7011127338655666,0.011181023594893393,0.2877062425395399,0.0,0.00013247717082408278,0.0,True,0,long_short,1.852719343743079,1.2379598372971268
2026-05-11,2.285774086100813,-0.0034086493013897323,2.2991701425686584,0.0,0.5991049642974844,0.6049655856726691,-0.005860621375184746,0.4008950357025156,0.0018938519112674315,0.00039650958586385935,0.8230331341547369,True,0,long_short,1.8582513637228837,1.2300672184205563
2026-05-12,2.2899236955270004,0.001815406628074001,2.2990564865693126,0.0,0.5925151390842455,0.5965033903347791,-0.003988251250533585,0.40748486091575453,0.0,0.00011365599934630588,0.0,True,0,long_short,1.83528371592108,1.2477219056987865
2026-05-13,2.297852576405876,0.003462508770210926,2.298944216932491,0.0,0.5942571598544851,0.5947322297252958,-0.00047506987081066056,0.40574284014551487,0.0,0.00011226963682107963,0.0,True,0,long_short,1.8428801600875162,1.246881173378498
2026-05-14,2.2934110321575494,-0.0019329108811995122,2.2988318930706,0.0,0.5838902043189992,0.5862538717283913,-0.002363667409392084,0.4161097956810008,0.0,0.00011232386189144239,0.0,True,0,long_short,1.8142877966526256,1.2640833700082807
2026-05-15,2.2874629107602646,-0.002593569715101829,2.2987213844872794,0.0,0.5820513406996115,0.5869731576497595,-0.004921816950148041,0.4179486593003885,0.0,0.00011050858332057281,0.0,True,0,long_short,1.8001110225038157,1.2707343503616682
2026-05-18,2.2973682215610687,0.004330260724320079,2.2881128090347476,0.0,0.5983279565124038,0.5942992542610805,0.004028702251323161,0.4016720434875962,0.0009599803478546884,0.00033107161505810856,0.41937519519141636,True,0,long_short,1.7977295933349704,1.2779275760261686
2026-05-19,2.294573950356353,-0.001216292268035657,2.2880005906056375,0.0,0.6039276369478358,0.6010628960883422,0.0028647408594935273,0.3960723630521642,0.0,0.00011221842910987792,0.0,True,0,long_short,1.8266184413402802,1.2561867867011738
2026-05-20,2.288218969276108,-0.0027695690867832745,2.2878872330770985,0.0,0.6004601830750526,0.6003152073522464,0.00014497572280611408,0.39953981692494744,0.0,0.00011335752853890883,0.0,True,0,long_short,1.8208097496014441,1.2567040404836225
2026-05-21,2.300733617314159,0.005469165410340926,2.5267800337586483,0.0,0.4948894917475585,0.5931392042494223,-0.0982497125018638,0.5051105082524415,0.00023924494858726085,0.00011290295712397235,0.10439039116428439,True,0,long_short,1.798841233573941,1.279008716485255
2026-05-22,2.313491980016231,0.00554534545244989,2.5266678703087604,0.0,0.4947879718504412,0.5869326138608424,-0.09214464201040115,0.5052120281495588,0.0,0.00011216344988742041,0.0,True,0,long_short,1.8023413789858247,1.2836036541079858
2026-05-25,2.3097195903545353,-0.0016306041664638782,2.3166310324989734,0.0,0.5951386434590863,0.5981309729926368,-0.002992329533550552,0.4048613565409137,0.001665710636018892,0.000334815754925841,0.7185062227048558,True,0,long_short,1.8039345413015744,1.280378826100878
2026-05-26,2.3117600390090125,0.0008834183435071363,2.543154657447658,0.0,0.4933517501793352,0.5934463164552702,-0.10009456627593503,0.5066482498206648,0.00022686403815060918,0.00011354916377415722,0.09840947301943496,True,0,long_short,1.7972625770665294,1.2862672758602918
2026-05-27,2.3002222990534302,-0.004990889954360478,2.543041898093164,0.0,0.48919680284008943,0.5947603386512401,-0.10556353581115067,0.5108031971599105,0.0,0.00011275935449411426,0.0,True,0,long_short,1.7826088802435844,1.2903684731667648
2026-05-28,2.298035168589094,-0.0009508343890224369,2.542929453079995,0.0,0.49121801400718496,0.5977848271866617,-0.10656681317947674,0.5087819859928151,0.0,0.00011244501316916319,0.0,True,0,long_short,1.7993369076588546,1.2771566896713653
2026-05-29,2.3019158295549804,0.001688686500071812,2.542816543719218,0.0,0.4904064092114105,0.5950586780177853,-0.10465226880637478,0.5095935907885896,0.0,0.00011290936077730705,0.0,True,0,long_short,1.7810224401316987,1.2924687402505517
2026-06-01,2.3097239808686925,0.0033920229460437934,2.301224127291182,0.0,0.6038192747182374,0.6001392447025669,0.0036800300156704753,0.3961807252817626,0.0011721869900891437,0.0003377527373695562,0.5091160817181293,True,0,long_short,1.79141779770695,1.289327360610788
2026-06-02,2.3023342050265887,-0.0031994194558798705,2.301110196660605,0.0,0.6017448771122121,0.6012132391061784,0.0005316380060336377,0.39825512288778786,0.0,0.00011393063057670767,0.0,True,0,long_short,1.7985465180045386,1.2801082329418954
2026-06-03,2.2976366858389636,-0.0020403289745550834,2.300996427306777,0.0,0.599874326929231,0.6013365866017548,-0.0014622596725237752,0.40012567307076896,0.0,0.00011376935382813566,0.0,True,0,long_short,1.7912115321883886,1.2827277206237373
2026-06-04,2.2913478199484936,-0.0027371019662205676,2.300882866786072,0.0,0.5977711622650951,0.6019324889543766,-0.004161326689281549,0.4022288377349049,0.0,0.00011356052070520857,0.0,True,0,long_short,1.7820498759222687,1.2857933163978628
2026-06-05,2.285862562211484,-0.0023939000832851054,2.3007695048658268,0.0,0.5977800386350038,0.6043014029990631,-0.006521364364059227,0.40221996136499616,0.0,0.00011336192024562586,0.0,True,0,long_short,1.7760766670888684,1.2870292170203415
2026-06-08,2.2805133897396233,-0.0023401111511643924,2.2828737046896204,0.0,0.5964213616437585,0.5974563544487191,-0.0010349928049606806,0.4035786383562415,0.0009590197235140385,0.0003406068378264903,0.4199167974355359,True,0,long_short,1.7591229151438517,1.2963922930610765
2026-06-09,2.300176152810787,0.00862207744959087,2.2827617177951463,0.0,0.5993774061283007,0.5918064924857256,0.007570913642575124,0.4006225938716993,0.0,0.00011198689447441039,0.0,True,0,long_short,1.7780540564254717,1.2936480443316605
2026-06-10,2.283784006168552,-0.007126474475532718,2.282649833478892,0.0,0.5922372603979144,0.5917406404519838,0.0004966199459305374,0.40776273960208564,0.0,0.00011188431625432293,0.0,True,0,long_short,1.7595906390126992,1.2979064309241701
2026-06-11,2.2848254472652543,0.0004560155837369795,2.282538758864333,0.0,0.5930781174398853,0.5920773020805946,0.0010008153592906428,0.40692188256011474,0.0,0.00011107461455869942,0.0,True,0,long_short,1.7645265056498354,1.2948660391042437
2026-06-12,2.2947611850800866,0.004348576311037133,2.282427570375028,0.0,0.5987506271429571,0.5933759438054278,0.00537468333752932,0.4012493728570429,0.0,0.00011118848930481366,0.0,True,0,long_short,1.7808313880218818,1.2885898128901858
2026-06-15,2.284992266346173,-0.004257052453836452,2.290432429061196,0.0,0.5996349840306299,0.6020158072811705,-0.0023808232505407125,0.40036501596937013,0.0009510163218796128,0.0003357508152340993,0.4150402342287243,True,0,long_short,1.8080856790876483,1.2637632678442372
2026-06-16,2.289582554018722,0.00200888543044786,2.2903193659271803,0.0,0.5998122773638531,0.6001340879520605,-0.0003218105882072811,0.4001877226361469,0.0,0.00011306313401553063,0.0,True,0,long_short,1.8172268149419732,1.2599321863362618
2026-06-17,2.286337264013704,-0.0014174155892836549,2.290206429773385,0.0,0.5973888778549181,0.5990811766336593,-0.0016922987787411584,0.4026111221450819,0.0,0.00011293615379564175,0.0,True,0,long_short,1.8119116744868307,1.2618370399656704
2026-06-18,2.269521276508226,-0.0073549899090378235,2.2900938515581815,0.0,0.5891929337452826,0.5982576538088933,-0.009064720063610764,0.4108070662547174,0.0,0.00011257821520329132,0.0,True,0,long_short,1.7960292295576012,1.263632706616504
2026-06-22,2.2843161244922663,0.006518928964086568,2.2718984619713054,0.0,0.5949347718789931,0.5894987193169945,0.005436052561998706,0.40506522812100687,0.001383710505323845,0.0004463863476667976,0.6086840085568264,True,0,long_short,1.7947109699998656,1.2728044585878011
2026-06-23,2.2720286287092577,-0.005379069758017718,2.271787782401724,0.0,0.58985015999939,0.5897441550377931,0.00010600496159687591,0.41014984000061006,0.0,0.00011067956958109734,0.0,True,0,long_short,1.7801581062348795,1.2763072115626337
2026-06-24,2.274353525136797,0.001023268984449377,2.271677652352092,0.0,0.5837624723421418,0.5825859301928541,0.0011765421492877723,0.41623752765785815,0.0,0.00011013004963231373,0.0,True,0,long_short,1.7847394650682444,1.2743336322480159
2026-06-25,2.3053325181134903,0.013621010381325904,2.271568747719432,0.0,0.5825724620428149,0.5679265182890314,0.014645943753783475,0.4174275379571851,0.0,0.00010890463265993567,0.0,True,0,long_short,1.7724151887842505,1.3006729646086945
2026-06-26,2.307946047745536,0.001133688789582532,2.2714611373519924,0.0,0.5772564956881692,0.5614481060470065,0.015808389641162768,0.42274350431183083,0.0,0.00010761036743923397,0.0,True,0,long_short,1.7591006257310398,1.3120034260612061
2026-06-29,2.3027317804173997,-0.0022592674266496138,2.3119928423546385,0.0,0.5000790109393985,0.5041007828261617,-0.004021771886763064,0.49992098906060145,0.0014312895610647113,0.0003195103407202368,0.6186887831413285,True,0,long_short,1.7613836984433497,1.3073425071734652
2026-06-30,2.2980522286593192,-0.0020321740455729875,2.311897433404517,0.0,0.5024299356620513,0.508454692006808,-0.00602475634475677,0.4975700643379487,0.0,9.54089501216788e-05,0.0,True,0,long_short,1.784109700706256,1.288066663025045
2026-07-01,2.290580555693204,-0.0032513068558386315,2.311801395971245,0.0,0.5082962618902017,0.5175606556812419,-0.009264393791040106,0.4917037381097983,0.0,9.603743327166024e-05,0.0,True,0,long_short,1.7939223493465664,1.2768560225182237
2026-07-02,2.2899365551187407,-0.00028115168133369117,2.311703956433632,0.0,0.5085581641845992,0.5180638429625697,-0.009505678777970539,0.4914418358154008,0.0,9.743953761331052e-05,0.0,True,0,long_short,1.7853915188430451,1.2825962994394904
2026-07-03,2.279878112305907,-0.004392454799828194,2.3116064495844357,0.0,0.5144464987688016,0.5283631801507014,-0.013916681381899856,0.48555350123119845,0.0,9.750684919605066e-05,0.0,True,0,long_short,1.793451795076092,1.2712235246942765
2026-07-06,2.2785489114273405,-0.0005830140091227509,2.280131005333066,0.0,0.49929897659444356,0.4999933193394207,-0.0006943427449771036,0.5007010234055564,0.0005605227897354856,0.00029702555747850257,0.2457687867139325,True,0,long_short,1.794199728706004,1.2699527677839157
2026-07-07,2.280735273782974,0.0009595415506196137,2.280037367587847,0.0,0.495230929687764,0.494924929161026,0.0003060005267380488,0.5047690703122361,0.0,9.363774521932434e-05,0.0,True,0,long_short,1.7769310945799932,1.283524882163235
2026-07-08,2.279906619285034,-0.0003633277862036266,2.279944590102054,0.0,0.49603560407458114,0.4960522586238064,-1.6654549225282546e-05,0.5039643959254189,0.0,9.277748579277464e-05,0.0,True,0,long_short,1.7705641061202482,1.2876724493646736
2026-07-09,2.2769993351473463,-0.0012751768485146364,2.2798516350750995,0.0,0.49488196905452847,0.4961346263933888,-0.0012526573388603518,0.5051180309454715,0.0,9.295502695460613e-05,0.0,True,0,long_short,1.7803597723507973,1.2789546082254954
2026-07-10,2.2778471803535436,0.0003723519779343931,2.2797587831670634,0.0,0.4959092686104823,0.49674848329968857,-0.0008392146892062667,0.5040907313895178,0.0,9.285190803627316e-05,0.0,True,0,long_short,1.7709437337384581,1.2862335132155855
2026-07-13,2.280911481319135,0.0013452618735887434,2.2774739037628806,0.0,0.4957167534269631,0.49420964647239324,0.0015071069545698741,0.5042832465730369,0.001369829019466267,0.0002790042243359412,0.6011070437874118,True,0,long_short,1.749801341185811,1.3035259647094564
2026-07-14,2.2798229497456863,-0.00047723534313537375,2.277381253204786,0.0,0.501480175606507,0.5004091729037874,0.001071002702719705,0.49851982439349296,0.0,9.265055809459336e-05,0.0,True,0,long_short,1.7700174848060504,1.2880228411955479
2026-07-15,2.281143671912615,0.0005793090937504797,2.27728748517876,0.0,0.5044449128505102,0.5027544508329984,0.0016904620175116796,0.4955550871494898,0.0,9.376802602597081e-05,0.0,True,0,long_short,1.765017580332105,1.2924198021208355
2026-07-16,2.271360192739503,-0.004288848306038262,2.277193223112948,0.0,0.5069168253880378,0.5094849034903532,-0.002568078102315419,0.49308317461196216,0.0,9.426206581180245e-05,0.0,True,0,long_short,1.7570963475789807,1.2926782278439666
2026-07-17,2.2835838187142143,0.0053816325626312445,2.2770981088338864,0.0,0.505333505847961,0.5024933605346265,0.0028401453133345567,0.494666494152039,0.0,9.511427906216842e-05,0.0,True,0,long_short,1.7437948751332943,1.3095484172355185
2026-07-20,2.278893577712464,-0.00205389483114804,2.2820392359007715,0.0,0.5037415374758617,0.5051218819636744,-0.001380344487812713,0.4962584625241383,0.0009350283914182838,0.0002829416812096934,0.4095658921972906,True,0,long_short,1.7429142664271204,1.3075190338444314
2026-07-21,2.277586637411871,-0.0005734977330117408,2.281944623379174,0.0,0.5047926828101966,0.5067061055075895,-0.001913422697392921,0.4952073171898034,0.0,9.461252159745623e-05,0.0,True,0,long_short,1.7671421505533083,1.2888530991684728
2026-07-22,2.2745428044055953,-0.0013364290764080744,2.2818497685527355,0.0,0.5049109045591184,0.5081234025314524,-0.003212497972334077,0.49508909544088164,0.0,9.485482643828183e-05,0.0,True,0,long_short,1.7605766801794758,1.2919305532172136
2026-07-23,2.2802357713535186,0.0025029060507881784,2.2817547755311756,0.0,0.5062866724824112,0.5069528334981886,-0.0006661610157774583,0.4937133275175888,0.0,9.499302155983586e-05,0.0,True,0,long_short,1.7630592962064835,1.293340375028694
2026-07-24,2.2734385566555577,-0.0029809262635706046,2.281659764135121,0.0,0.5039151767462514,0.5075313762936265,-0.003616199547375165,0.4960848232537486,0.0,9.501139605465156e-05,0.0,True,0,long_short,1.7505669648258912,1.298686998175857
2026-07-27,2.26890146794589,-0.001995694449883123,2.273920149127122,0.0,0.5022815217968893,0.5044934650003002,-0.0022119432034109236,0.49771847820311066,0.0013906195227979872,0.00028450883825220603,0.611177840828805,True,0,long_short,1.7718721054720863,1.2805108568156947
2026-07-28,2.2707178573528544,0.0008005589632804622,2.273826068636987,0.0,0.4998073024516085,0.5011761256517556,-0.0013688232001471032,0.5001926975483915,0.0,9.408049013492792e-05,0.0,True,0,long_short,1.749553681043456,1.2978840729245698
2026-07-29,2.264985348609371,-0.002524535897280522,2.273732531959327,0.0,0.5060712094105873,0.5099331254955306,-0.003861916084943369,0.49392879058941275,0.0,9.353667765997473e-05,0.0,True,0,long_short,1.7634509530316078,1.2844050721771187
2026-07-30,2.260363406922834,-0.002040605555958641,2.273637601187435,0.0,0.5064807503609928,0.512353343336063,-0.005872592975070085,0.4935192496390072,0.0,9.493077189188717e-05,0.0,True,0,long_short,1.7554844338524527,1.2876009398513506
2026-07-31,2.248256738517947,-0.005356071668744855,2.2735424144957617,0.0,0.50925887140907,0.5205056634433655,-0.011246792034295447,0.49074112859093,0.0,9.518669167326638e-05,0.0,True,0,long_short,1.7678815929783398,1.2717235970143916
2026-08-03,2.248874307634862,0.0002746879866228902,2.244859007988332,0.0,0.4985269306339802,0.4967414597284264,0.0017854709055537456,0.5014730693660199,0.0009741519517681176,0.0002885499530810879,0.43375971516695383,True,0,long_short,1.7616490485958733,1.2765733954940301
2026-08-04,2.24263953564595,-0.0027723968243779096,2.2447671908015114,0.0,0.49700410251683574,0.49795283062126067,-0.0009487281044249645,0.5029958974831643,0.0,9.18171868208462e-05,0.0,True,0,long_short,1.7770039774218862,1.2620340551514224
2026-08-05,2.241612329284711,-0.00045803453694259755,2.244675404880566,0.0,0.4981532330515584,0.4995196939492965,-0.0013664608977381303,0.5018467669484417,0.0,9.178592094559316e-05,0.0,True,0,long_short,1.7918879981772216,1.2509779247168162
2026-08-06,2.245958860728789,0.0019390201362183834,2.2445833723185378,0.0,0.495085330487623,0.4944729023464392,0.0006124281411838136,0.504914669512377,0.0,9.203256202826864e-05,0.0,True,0,long_short,1.7874329460164573,1.2565276172928448
2026-08-07,2.2374778917651614,-0.003776101651690844,2.2444920929380108,0.0,0.4936443134487673,0.49677918293671364,-0.003134869487946365,0.5063556865512326,0.0,9.127938052728216e-05,0.0,True,0,long_short,1.7894963088024782,1.250339484221943
2026-08-10,2.2385056378860506,0.0004593324138182364,2.235429951968529,0.0,0.4995845274168766,0.49821053672171506,0.0013739906951615304,0.5004154725831234,0.0013425708103077625,0.0002740764917860416,0.6002267984943908,True,0,long_short,1.7857290442370546,1.2535527968871911
2026-08-11,2.237346291662088,-0.0005179107902796298,2.2353382878237094,0.0,0.49816039694965436,0.4972629034119479,0.0008974935377064606,0.5018396030503456,0.0,9.166414481965434e-05,0.0,True,0,long_short,1.7740186113058978,1.261174080927552
2026-08-12,2.2360514596526,-0.0005787356272530797,2.235246845414427,0.0,0.4943551685051412,0.49399533142057866,0.00035983708456255407,0.5056448314948587,0.0,9.144240928190504e-05,0.0,True,0,long_short,1.7659172942492607,1.2662266046854738
2026-08-13,2.238227844318816,0.0009733160016602849,2.235156056457012,0.0,0.4910008028668179,0.4896283832225887,0.0013724196442291379,0.5089991971331821,0.0,9.07889574151689e-05,0.0,True,0,long_short,1.7466174931557352,1.2814642319165452
2026-08-14,2.2428064412165245,0.002045634857653189,2.235065982494215,0.0,0.4881198264114086,0.48466858845343697,0.0034512379579716024,0.5118801735885914,0.0,9.007396279706317e-05,0.0,True,0,long_short,1.7459438575685293,1.2845810771601476
2026-08-17,2.252024871875392,0.004110221234190359,2.241589710370558,0.0,0.4999229702613688,0.4952892907513624,0.004633679510006371,0.5000770297386312,0.002228438380551766,0.00026803179420132066,0.9931457153923526,True,0,long_short,1.7642399274851104,1.2764844717496047
2026-08-18,2.250221364953353,-0.0008008379234891727,2.2414980333457737,0.0,0.5000653439474421,0.4961886890798619,0.0038766548675801447,0.49993465605255794,0.0,9.167702478456909e-05,0.0,True,0,long_short,1.75898917866698,1.2792695897416748
2026-08-19,2.244879201640577,-0.00237406123503181,2.2414062633959753,0.0,0.4968587070784167,0.49531165802470195,0.001547049053714735,0.5031412929215833,0.0,9.176994979855083e-05,0.0,True,0,long_short,1.7389846075683526,1.2909137849009626
2026-08-20,2.2431672586895153,-0.000762599141107767,2.2413148731352,0.0,0.49776198577345626,0.4969361955667122,0.0008257902067441057,0.5022380142265437,0.0,9.139026077504905e-05,0.0,True,0,long_short,1.7391795514804063,1.2897847475150623
2026-08-21,2.2431248979592855,-1.8884338680358326e-05,2.2412232530527167,0.0,0.49605616920016354,0.49520840325173193,0.0008477659484316222,0.5039438307998365,0.0,9.162008248380647e-05,0.0,True,0,long_short,1.7383109719811467,1.2904048436182878
2026-08-24,2.2456812592081277,0.0011396428487633337,2.2426653764958413,0.0,0.5955153412700576,0.5941723712025468,0.0013429700675107793,0.40448465872994244,0.0013516918227958073,0.0002738994161948931,0.6023536281783195,True,0,long_short,1.7332265092585977,1.2956651927558718
2026-08-25,2.2459732103275174,0.0001300055910393727,2.2425557062143002,0.0,0.598303876268183,0.5967822623426464,0.0015216139255366705,0.40169612373181696,0.0,0.00010967028154099843,0.0,True,0,long_short,1.7434417825303365,1.2882410143158518
2026-08-26,2.2489579442082617,0.0013289267507821112,2.2424455398877017,0.0,0.5993474246542252,0.5964516816113946,0.002895743042830607,0.4006525753457748,0.0,0.0001101663265989232,0.0,True,0,long_short,1.7491903282346006,1.2857136858732003
2026-08-27,2.239308890265776,-0.004290455482875877,2.2423352882646035,0.0,0.601434902747698,0.6027863902588597,-0.0013514875111617806,0.39856509725230205,0.0,0.00011025162309832788,0.0,True,0,long_short,1.7611056114835055,1.2715358327542012
2026-08-28,2.2373687306646985,-0.000866409993507955,2.242224343750414,0.0,0.6009781603273356,0.6031483940573266,-0.00217023372999095,0.39902183967266436,0.0,0.0001109445141894148,0.0,True,0,long_short,1.7543890684228365,1.2752979204755601
2026-08-31,2.233257562391237,-0.0018375014440465964,2.2321652946757293,0.0,0.596635952469885,0.5961468607798344,0.0004890916900505574,0.403364047530115,0.0022444392585335097,0.0003327448825022035,1.004488668504673,True,0,long_short,1.750987987067895,1.2754271182242223
2026-09-01,2.2291530721079846,-0.001837893824865322,2.23205586869065,0.0,0.595787736736748,0.5970899337993842,-0.0013021970626362217,0.404212263263252,0.0,0.00010942598507937216,0.0,True,0,long_short,1.745706457632072,1.276934654370056
2026-09-02,2.2236118212733245,-0.002485809926646265,2.231946471030903,0.0,0.5933721963294823,0.5971204448672176,-0.0037482485377353316,0.40662780367051765,0.0,0.00010939765974687537,0.0,True,0,long_short,1.7308447262895488,1.2846974587027986
2026-09-03,2.2300960513851424,0.002916080068374738,2.2318373397366624,0.0,0.5903846242322277,0.5911654373951577,-0.0007808131629299977,0.4096153757677723,0.0,0.00010913129424088205,0.0,True,0,long_short,1.7200439136812418,1.2965343696442528
2026-09-04,2.230725205597355,0.00028211978216008404,2.2317289817332937,0.0,0.5896774134630378,0.5901273909561957,-0.00044997749315784123,0.4103225865369622,0.0,0.00010835800336851878,0.0,True,0,long_short,1.7119861140496184,1.3030042634637293
2026-09-07,2.2301885232696947,-0.00024058648116476178,2.2312435829677773,0.0,0.6968818361844444,0.6973549171312227,-0.00047308094677829136,0.30311816381555556,0.0009226989094588458,0.00032459475094998665,0.41336477347147393,True,0,long_short,1.7205969033991002,1.296171415201247
2026-09-08,2.2359923862749578,0.002602409143758644,2.231115755603435,0.0,0.6958939461975886,0.6937129769324623,0.002180969265126412,0.3041060538024114,0.0,0.00012782736434233496,0.0,True,0,long_short,1.7169771735184793,1.3022842823780223
2026-09-09,2.2393941599025666,0.001521370845665615,2.230988264896475,0.0,0.6929236717655223,0.6891700248387761,0.0037536469267461597,0.3070763282344777,0.0,0.00012749070696009213,0.0,True,0,long_short,1.7063189423921281,1.312412412630846
2026-09-10,2.2431949858573237,0.0016972563485306846,2.2308614164036964,0.0,0.6895702904227438,0.6840720749170087,0.0054982155057350275,0.31042970957725624,0.0,0.0001268484927783996,0.0,True,0,long_short,1.6963891858845042,1.3223351130287433
2026-09-11,2.24255980789853,-0.00028315771156695035,2.230735292536703,0.0,0.6884830471844084,0.6832102712610284,0.005272775923380024,0.31151695281559155,0.0,0.0001261238669933301,0.0,True,0,long_short,1.6898516657267375,1.3270749459149094
