date,nav,return,cash,receivables,long_exposure,short_exposure,net_exposure,idle_cash_weight,cost,borrow_cost,turnover,marked_prices_verified,stale_mark_count,mode,benchmark_nav,excess_nav
2019-01-07,1.0074837956397178,0.007483795639717794,0.9,0.0,0.10668538402790802,0.0,0.10668538402790802,0.8933146159720919,4.9975012493753125e-05,0.0,0.09995002498750626,True,0,long_only,1.0077485782538829,0.9997372532992069
2019-01-08,1.006953530241886,-0.0005263264780303034,0.9,0.0,0.106214961296371,0.0,0.106214961296371,0.893785038703629,0.0,0.0,0.0,True,0,long_only,1.0095193482717215,0.9974583765687818
2019-01-09,1.0177289233261246,0.010700983472047731,0.9,0.0,0.11567807559341542,0.0,0.11567807559341542,0.8843219244065845,0.0,0.0,0.0,True,0,long_only,1.0155958667645042,1.0021003005540146
2019-01-10,1.015447781614698,-0.0022414040312143113,0.9,0.0,0.11369150014894977,0.0,0.11369150014894977,0.8863084998510502,0.0,0.0,0.0,True,0,long_only,1.0187351359689563,0.996773102018189
2019-01-11,1.0160080620350485,0.0005517569987296689,0.9,0.0,0.11418025739154686,0.0,0.11418025739154686,0.8858197426084531,0.0,0.0,0.0,True,0,long_only,1.0227596132822259,0.9933986919707257
2019-01-14,1.0168490599960156,0.0008277473303535121,0.915354052703378,0.0,0.09981324789053286,0.0,0.09981324789053286,0.9001867521094671,0.00010938689806752029,0.0,0.21509172312032185,True,0,long_only,1.0186622531270633,0.9982200252090606
2019-01-15,1.0174470316328792,0.0005880633226587051,0.915354052703378,0.0,0.10034230358474219,0.0,0.10034230358474219,0.8996576964152578,0.0,0.0,0.0,True,0,long_only,1.0241323580712793,0.9934722046562512
2019-01-16,1.0179382226203029,0.00048276811681824405,0.915354052703378,0.0,0.10077642005902873,0.0,0.10077642005902873,0.8992235799409712,0.0,0.0,0.0,True,0,long_only,1.0246885319909682,0.9934123305180849
2019-01-17,1.017756695516255,-0.00017832821286600797,0.915354052703378,0.0,0.10061603452378505,0.0,0.10061603452378505,0.8993839654762149,0.0,0.0,0.0,True,0,long_only,1.0216812302623712,0.9961587483161373
2019-01-18,1.017639236801871,-0.000115409424375712,0.915354052703378,0.0,0.10051222515745763,0.0,0.10051222515745763,0.8994877748425424,0.0,0.0,0.0,True,0,long_only,1.0265438602574108,0.9913256278662005
2019-01-21,1.019136720437748,0.0014715270222707133,0.8140790135485866,0.0,0.201207259808167,0.0,0.201207259808167,0.798792740191833,0.0001528569532642006,0.0,0.3004116661950603,True,0,long_only,1.028735652517253,0.9906691946993214
2019-01-22,1.0184112018583094,-0.0007118952392638489,0.8140790135485866,0.0,0.20063819794683613,0.0,0.20063819794683613,0.7993618020531639,0.0,0.0,0.0,True,0,long_only,1.0259024204887115,0.9926979228425706
2019-01-23,1.018455529942384,4.352670512064449e-05,0.8140790135485866,0.0,0.20067299001789451,0.0,0.20067299001789451,0.7993270099821055,0.0,0.0,0.0,True,0,long_only,1.0267646315843104,0.9919074913701446
2019-01-24,1.0202081097314482,0.0017208211232975223,0.8140790135485866,0.0,0.20204612589986315,0.0,0.20204612589986315,0.7979538741001369,0.0,0.0,0.0,True,0,long_only,1.0338746004711203,0.9867812878530485
2019-01-25,1.0191153321399484,-0.0010711320377442268,0.8140790135485866,0.0,0.2011904954474823,0.0,0.2011904954474823,0.7988095045525176,0.0,0.0,0.0,True,0,long_only,1.0438461054027415,0.9763080274622941
2019-01-28,1.017169881664264,-0.0019089600699061515,0.9174931655297759,0.0,0.09799416786839973,0.0,0.09799416786839973,0.9020058321316002,0.00015367665300661723,0.0,0.3014628483087119,True,0,long_only,1.0404220270345812,0.9776512369345057
2019-01-29,1.016376824348129,-0.0007796704664883025,0.9174931655297759,0.0,0.0972903518158966,0.0,0.0972903518158966,0.9027096481841034,0.0,0.0,0.0,True,0,long_only,1.0385334415490222,0.9786654754536883
2019-01-30,1.0161996289804913,-0.0001743402283413964,0.9174931655297759,0.0,0.09713294576749976,0.0,0.09713294576749976,0.9028670542325002,0.0,0.0,0.0,True,0,long_only,1.0396549881936872,0.977439285648071
2019-01-31,1.0159986635025606,-0.00019776180998243298,0.9174931655297759,0.0,0.09695435782680684,0.0,0.09695435782680684,0.9030456421731932,0.0,0.0,0.0,True,0,long_only,1.041038346988842,0.975947395637531
2019-02-01,1.0179748240355455,0.0019450424532765354,0.9174931655297759,0.0,0.09870741017683653,0.0,0.09870741017683653,0.9012925898231635,0.0,0.0,0.0,True,0,long_only,1.0516767653038046,0.9679540878146876
2019-02-11,1.0192577635132485,0.0012602860575834374,0.8144410132394625,0.0,0.20094696121598266,0.0,0.20094696121598266,0.7990530387840173,5.150032598216557e-05,0.0,0.10118181728026009,True,0,long_only,1.059515916409749,0.9620032580228541
2019-02-12,1.0201454293229137,0.0008708943325637097,0.8144410132394625,0.0,0.20164224645889986,0.0,0.20164224645889986,0.7983577535411002,0.0,0.0,0.0,True,0,long_only,1.0636337969767065,0.9591134018330323
2019-02-13,1.0206160826975392,0.0004613590975335313,0.8144410132394625,0.0,0.2020104062177285,0.0,0.2020104062177285,0.7979895937822715,0.0,0.0,0.0,True,0,long_only,1.0720609640206422,0.9520131008873182
2019-02-14,1.0217754844438018,0.001135982242410405,0.8144410132394625,0.0,0.2029158796241826,0.0,0.2029158796241826,0.7970841203758174,0.0,0.0,0.0,True,0,long_only,1.075848748997861,0.9497389715753003
2019-02-15,1.0269114554386618,0.0050265161701894545,0.8144410132394625,0.0,0.2069023975474489,0.0,0.2069023975474489,0.7930976024525511,0.0,0.0,0.0,True,0,long_only,1.0688965750017514,0.9607210645585418
2019-02-18,1.035613839215329,0.00847432729528741,0.7190321543970356,0.0,0.30569472213519583,0.0,0.30569472213519583,0.6943052778648042,5.496128609401053e-05,0.0,0.1070324998605627,True,0,long_only,1.0868377833143579,0.9528688228496994
2019-02-19,1.0348061375803237,-0.0007799254938666289,0.7190321543970356,0.0,0.30515279308418003,0.0,0.30515279308418003,0.69484720691582,0.0,0.0,0.0,True,0,long_only,1.0816754845470684,0.9566696780722821
2019-02-20,1.0352525980555427,0.00043144359025837353,0.7190321543970356,0.0,0.3054524511722515,0.0,0.3054524511722515,0.6945475488277485,0.0,0.0,0.0,True,0,long_only,1.082307017910074,0.9565239630937689
2019-02-21,1.0351576197342836,-9.174410326284743e-05,0.7190321543970356,0.0,0.3053887246836813,0.0,0.3053887246836813,0.6946112753163187,0.0,0.0,0.0,True,0,long_only,1.0861560103224748,0.9530469010864746
2019-02-22,1.0392902674532125,0.003992288362800078,0.7190321543970356,0.0,0.30815078624855347,0.0,0.30815078624855347,0.6918492137514465,0.0,0.0,0.0,True,0,long_only,1.102543328141905,0.94262986399338
2019-02-25,1.048531770425666,0.008892128851644143,0.7298710022797888,0.0,0.30391140939536093,0.0,0.30391140939536093,0.696088590604639,0.00010965967984364788,0.0,0.21037082835303503,True,0,long_only,1.1418172735165688,0.9183008479074747
2019-02-26,1.0578921942878412,0.0089271723816009,0.7298710022797888,0.0,0.3100705287166543,0.0,0.3100705287166543,0.6899294712833457,0.0,0.0,0.0,True,0,long_only,1.1285851459107419,0.937361437124132
2019-02-27,1.0557511928929453,-0.0020238370284385576,0.7298710022797888,0.0,0.3086713922815348,0.0,0.3086713922815348,0.6913286077184653,0.0,0.0,0.0,True,0,long_only,1.1219860645175899,0.9409664043794314
2019-02-28,1.05527529052917,-0.00045077132470128234,0.7298710022797888,0.0,0.3083596206315098,0.0,0.3083596206315098,0.6916403793684902,0.0,0.0,0.0,True,0,long_only,1.1222761806843489,0.9402991070216579
2019-03-01,1.0547637957709477,-0.0004847026769346785,0.7298710022797888,0.0,0.30802421811765757,0.0,0.30802421811765757,0.6919757818823424,0.0,0.0,0.0,True,0,long_only,1.134866868521476,0.929416326291305
2019-03-04,1.0694654218028001,0.013938311203701259,0.5274363080220534,0.0,0.5068224766603927,0.0,0.5068224766603927,0.4931775233396073,0.00010958014917768737,0.0,0.20785256711531339,True,0,long_only,1.148732298491325,0.930996214877366
2019-03-05,1.0883377771372147,0.017646531575187696,0.5274363080220534,0.0,0.5153744369607087,0.0,0.5153744369607087,0.4846255630392913,0.0,0.0,0.0,True,0,long_only,1.1597422070198207,0.9384307741406659
2019-03-06,1.0979633021718533,0.008844244164672554,0.5274363080220534,0.0,0.5196230083658122,0.0,0.5196230083658122,0.4803769916341878,0.0,0.0,0.0,True,0,long_only,1.1656453634129549,0.941935975241276
2019-03-07,1.0985688290226325,0.0005515000816340709,0.5274363080220534,0.0,0.5198877902886618,0.0,0.5198877902886618,0.48011220971133817,0.0,0.0,0.0,True,0,long_only,1.1577269610614573,0.9489014819309504
2019-03-08,1.0859445065589408,-0.01149160810881844,0.5274363080220534,0.0,0.5143063896576502,0.0,0.5143063896576502,0.4856936103423498,0.0,0.0,0.0,True,0,long_only,1.1300824283713797,0.9609427412511419
2019-03-11,1.1172296010284084,0.028809109747791384,0.4364242295298998,0.0,0.6093692566611448,0.0,0.6093692566611448,0.39063074333885517,0.00017265491674438088,0.0,0.31672448917354856,True,0,long_only,1.150183586925526,0.9713489339687028
2019-03-12,1.1205201333830679,0.002945260626491253,0.4364242295298998,0.0,0.6105163874099697,0.0,0.6105163874099697,0.3894836125900303,0.0,0.0,0.0,True,0,long_only,1.1607558446024595,0.9653366283646224
2019-03-13,1.1053433645867488,-0.013544396342524911,0.4364242295298998,0.0,0.6051686349127682,0.0,0.6051686349127682,0.3948313650872318,0.0,0.0,0.0,True,0,long_only,1.1487100090785132,0.9622475262259159
2019-03-14,1.0862179394549858,-0.01730270044993054,0.4364242295298998,0.0,0.5982166988064317,0.0,0.5982166988064317,0.4017833011935683,0.0,0.0,0.0,True,0,long_only,1.13688954428411,0.955429614878698
2019-03-15,1.0975458592133716,0.010428772483788595,0.4364242295298998,0.0,0.6023635587831456,0.0,0.6023635587831456,0.3976364412168544,0.0,0.0,0.0,True,0,long_only,1.145301497919301,0.95830299812522
2019-03-18,1.1096648596960301,0.011041908072382922,0.44096935669045495,0.0,0.6026103261382456,0.0,0.6026103261382456,0.3973896738617544,0.00023112878743439526,0.0,0.41959459034743934,True,0,long_only,1.1673722622055764,0.950566409381257
2019-03-19,1.1250806783353293,0.013892319383279395,0.44096935669045495,0.0,0.6080553464459867,0.0,0.6080553464459867,0.3919446535540133,0.0,0.0,0.0,True,0,long_only,1.172762054503629,0.9593426680329619
2019-03-20,1.1216816030848178,-0.0030211835612898863,0.44096935669045495,0.0,0.6068676213662476,0.0,0.6068676213662476,0.3931323786337524,0.0,0.0,0.0,True,0,long_only,1.1704170667557299,0.9583606006310199
2019-03-21,1.1362751095162735,0.013010382261170239,0.44096935669045495,0.0,0.6119167330188364,0.0,0.6119167330188364,0.3880832669811636,0.0,0.0,0.0,True,0,long_only,1.180053522894765,0.9629013324149064
2019-03-22,1.1294364262499907,-0.006018510138089739,0.44096935669045495,0.0,0.6095669074933393,0.0,0.6095669074933393,0.3904330925066607,0.0,0.0,0.0,True,0,long_only,1.1788421109984455,0.9580896506092664
2019-03-25,1.1257507619819982,-0.0032632773145363503,0.4493798004523377,0.0,0.6008176804063103,0.0,0.6008176804063103,0.39918231959368966,0.0005657918905620929,0.0,1.0071861048309287,True,0,long_only,1.1634687845618574,0.9675814056377429
2019-03-26,1.1009596901867376,-0.022021812138606323,0.4493798004523377,0.0,0.5918290156689415,0.0,0.5918290156689415,0.4081709843310585,0.0,0.0,0.0,True,0,long_only,1.1412306727793908,0.9647126706693082
2019-03-27,1.1016123854704727,0.0005928421263310391,0.4493798004523377,0.0,0.5920708532516923,0.0,0.5920708532516923,0.4079291467483077,0.0,0.0,0.0,True,0,long_only,1.14270495822681,0.9640392102436461
2019-03-28,1.0970975329779786,-0.004098403896000025,0.4493798004523377,0.0,0.5903921146987414,0.0,0.5903921146987414,0.4096078853012586,0.0,0.0,0.0,True,0,long_only,1.138167470618662,0.9639157341068978
2019-03-29,1.1106730448273536,0.012374024588794219,0.4493798004523377,0.0,0.5953986616086548,0.0,0.5953986616086548,0.40460133839134516,0.0,0.0,0.0,True,0,long_only,1.1621271741906998,0.955724183629749
2019-04-01,1.1390677780336584,0.02556533926752369,0.3345105887753245,0.0,0.7063295132860478,0.0,0.7063295132860478,0.29367048671395224,0.00039038714892831707,0.0,0.7007098231545955,True,0,long_only,1.1923441881594394,0.9553179269418665
2019-04-02,1.1421950121809583,0.002745432894869948,0.3345105887753245,0.0,0.7071335584484868,0.0,0.7071335584484868,0.2928664415515132,0.0,0.0,0.0,True,0,long_only,1.1967157434722093,0.9544413687305041
2019-04-03,1.1415607246414985,-0.0005553233315639394,0.3345105887753245,0.0,0.7069708325149536,0.0,0.7069708325149536,0.29302916748504637,0.0,0.0,0.0,True,0,long_only,1.2002891255261894,0.951071454672269
2019-04-04,1.1516060388400142,0.008799631926431628,0.3345105887753245,0.0,0.7095268889764861,0.0,0.7095268889764861,0.2904731110235139,0.0,0.0,0.0,True,0,long_only,1.2072200715100971,0.9539321504151965
2019-04-08,1.1695340444418034,0.015567828751443136,0.5861813170882666,0.0,0.49879071936889186,0.0,0.49879071936889186,0.5012092806311081,0.00048155005096166715,0.0,0.8215326362838271,True,0,long_only,1.2029497030554892,0.9722218987802981
2019-04-09,1.1657136621316424,-0.0032665849517738987,0.5861813170882666,0.0,0.4971481109551669,0.0,0.4971481109551669,0.502851889044833,0.0,0.0,0.0,True,0,long_only,1.1934671500049177,0.9767454949445732
2019-04-10,1.1628006591596556,-0.0024989009450743227,0.5861813170882666,0.0,0.49588838596643553,0.0,0.49588838596643553,0.5041116140335644,0.0,0.0,0.0,True,0,long_only,1.1856938057367996,0.9806921934934811
2019-04-11,1.1535513813598528,-0.007954310764226036,0.5861813170882666,0.0,0.4918463741101395,0.0,0.4918463741101395,0.5081536258898605,0.0,0.0,0.0,True,0,long_only,1.1735160027369984,0.9829873462904792
2019-04-12,1.1531834799592215,-0.00031892935726673954,0.5861813170882666,0.0,0.49168425729703064,0.0,0.49168425729703064,0.5083157427029694,0.0,0.0,0.0,True,0,long_only,1.1727312738859363,0.9833313953827276
2019-04-15,1.1470876356507052,-0.005286100966978902,0.34741778431782033,0.0,0.6971305648144819,0.0,0.6971305648144819,0.3028694351855181,0.00023428670837558345,0.0,0.40505095211293063,True,0,long_only,1.1701177517836838,0.9803181208917885
2019-04-16,1.1502598536243391,0.0027654538982408994,0.34741778431782033,0.0,0.6979658263972736,0.0,0.6979658263972736,0.30203417360272644,0.0,0.0,0.0,True,0,long_only,1.1784798195902004,0.9760539251527663
2019-04-17,1.1505550282396635,0.00025661559376710663,0.34741778431782033,0.0,0.6980433131917508,0.0,0.6980433131917508,0.30195668680824916,0.0,0.0,0.0,True,0,long_only,1.1827600944505023,0.9727712607468373
2019-04-18,1.1647547762821573,0.012341650502557311,0.34741778431782033,0.0,0.70172452485942,0.0,0.70172452485942,0.29827547514057995,0.0,0.0,0.0,True,0,long_only,1.1804434107188726,0.9867095412670726
2019-04-19,1.1584290602434744,-0.005430942347259049,0.34741778431782033,0.0,0.7000957622344165,0.0,0.7000957622344165,0.2999042377655835,0.0,0.0,0.0,True,0,long_only,1.1830629474245822,0.9791778727964277
2019-04-22,1.1488161887147086,-0.008298196116338197,0.4650026666151704,0.0,0.5952331877082846,0.0,0.5952331877082846,0.4047668122917154,0.0001794412125187468,0.0,0.3089886758030232,True,0,long_only,1.169815960210214,0.9820486536260525
2019-04-23,1.1423961271678207,-0.005588414935265407,0.5795153265012472,0.0,0.49271945805877637,0.0,0.49271945805877637,0.5072805419412236,5.7284972429252975e-05,0.0,0.09982230803404762,True,0,long_only,1.1569018989872115,0.9874615368579742
2019-04-24,1.1399958436728295,-0.0021010956164058125,0.5795153265012472,0.0,0.4916513689785313,0.0,0.4916513689785313,0.5083486310214687,0.0,0.0,0.0,True,0,long_only,1.1542590114680797,0.9876430093648485
2019-04-25,1.123691248733418,-0.014302328407515441,0.5795153265012472,0.0,0.484275305023106,0.0,0.484275305023106,0.515724694976894,0.0,0.0,0.0,True,0,long_only,1.1383648911321396,0.9871098955062396
2019-04-26,1.1176249559366056,-0.0053985405721102,0.5795153265012472,0.0,0.48147603234611497,0.0,0.48147603234611497,0.5185239676538851,0.0,0.0,0.0,True,0,long_only,1.1270188724104477,0.9916648099656481
2019-04-29,1.100997721264686,-0.01487729366063184,0.33306786253206666,0.0,0.6974854206333138,0.0,0.6974854206333138,0.30251457936668624,0.0001231621509091357,0.0,0.22216862364139092,True,0,long_only,1.1256786772401035,0.9780745993733049
2019-04-30,1.10996329381144,0.008143134516623185,0.44133564692837024,0.0,0.6023871695676594,0.0,0.6023871695676594,0.39761283043234064,5.4160972684494035e-05,0.0,0.09808565116391511,True,0,long_only,1.1340732946653298,0.9787403504100635
2019-05-06,1.0828154041650864,-0.02445836704485249,0.550370729746341,0.0,0.49172247861517193,0.0,0.49172247861517193,0.5082775213848281,0.0002758986241562797,0.0,0.5014451590498817,True,0,long_only,1.1029923005999744,0.9817071284868327
2019-05-07,1.083432774490439,0.0005701528838415459,0.550370729746341,0.0,0.49201210937596773,0.0,0.49201210937596773,0.5079878906240323,0.0,0.0,0.0,True,0,long_only,1.1082497716219686,0.9776070360969181
2019-05-08,1.0878240601387255,0.0040531224010198486,0.550370729746341,0.0,0.49406273503809556,0.0,0.49406273503809556,0.5059372649619045,0.0,0.0,0.0,True,0,long_only,1.1098351503332444,0.9801672435875636
2019-05-09,1.089337077884567,0.0013908662267025917,0.550370729746341,0.0,0.49476544871204514,0.0,0.49476544871204514,0.5052345512879548,0.0,0.0,0.0,True,0,long_only,1.110300043800465,0.9811195486905111
2019-05-10,1.0996226274712655,0.009442026527429315,0.550370729746341,0.0,0.4994912654607747,0.0,0.4994912654607747,0.5005087345392253,0.0,0.0,0.0,True,0,long_only,1.129800803409502,0.9732889409821934
2019-05-13,1.0965477225792544,-0.0027963274083239176,0.6575819861796047,0.0,0.40031612611180506,0.0,0.40031612611180506,0.5996838738881949,5.731894768689233e-05,0.0,0.10464255443112838,True,0,long_only,1.1231695261978438,0.9762976086889487
2019-05-14,1.0996788456330933,0.002855437104437142,0.6575819861796047,0.0,0.40202361008315124,0.0,0.40202361008315124,0.5979763899168488,0.0,0.0,0.0,True,0,long_only,1.1251465617342435,0.9773649789571452
2019-05-15,1.1082637155849957,0.00780670646343129,0.6575819861796047,0.0,0.40665567505970285,0.0,0.40665567505970285,0.5933443249402972,0.0,0.0,0.0,True,0,long_only,1.135827082273407,0.9757327791187705
2019-05-16,1.1092947684388599,0.0009303316885367341,0.6575819861796047,0.0,0.40720716901510545,0.0,0.40720716901510545,0.5927928309848945,0.0,0.0,0.0,True,0,long_only,1.1363680427843512,0.9761756109586153
2019-05-17,1.100034110956607,-0.008348238669948604,0.6575819861796047,0.0,0.4022167316177485,0.0,0.4022167316177485,0.5977832683822515,0.0,0.0,0.0,True,0,long_only,1.1250987987067895,0.9777222340126996
2019-05-20,1.098022676726752,-0.001828519870266332,0.5500894647600795,0.0,0.49901812009937957,0.0,0.49901812009937957,0.5009818799006205,0.0001676938475713992,0.0,0.3049689486495039,True,0,long_only,1.1193640512104568,0.9809343756746283
2019-05-21,1.101573972589772,0.003234264590606273,0.5500894647600795,0.0,0.5006332044439709,0.0,0.5006332044439709,0.49936679555602914,0.0,0.0,0.0,True,0,long_only,1.122840845808918,0.9810597616763531
2019-05-22,1.100740890429816,-0.0007562652901079714,0.5500894647600795,0.0,0.5002552648468603,0.0,0.5002552648468603,0.49974473515313966,0.0,0.0,0.0,True,0,long_only,1.123105842161238,0.9800865146526312
2019-05-23,1.0945789988063248,-0.005597949233161592,0.5500894647600795,0.0,0.4974419705110634,0.0,0.4974419705110634,0.5025580294889366,0.0,0.0,0.0,True,0,long_only,1.1163252612637602,0.9805197793044501
2019-05-24,1.0931182644126878,-0.0013345171022191016,0.5500894647600795,0.0,0.496770402006198,0.0,0.496770402006198,0.503229597993802,0.0,0.0,0.0,True,0,long_only,1.1154046731346061,0.9800194411421218
2019-05-27,1.0986773221936639,0.005085504434383159,0.5470554113406331,0.0,0.5020781804721699,0.0,0.5020781804721699,0.4979218195278301,0.0002200643624920632,0.0,0.40240978075170575,True,0,long_only,1.1148290402037322,0.9855119328367006
2019-05-28,1.0976117918047328,-0.0009698301470385529,0.5470554113406331,0.0,0.5015948120954996,0.0,0.5015948120954996,0.4984051879045004,0.0,0.0,0.0,True,0,long_only,1.1156767454909933,0.9838080754490313
2019-05-29,1.0953674412105863,-0.0020447580928919518,0.5470554113406331,0.0,0.5005736059344303,0.0,0.5005736059344303,0.49942639406556966,0.0,0.0,0.0,True,0,long_only,1.11461109927846,0.9827350920152051
2019-05-30,1.0904644466653308,-0.004476118570620358,0.5470554113406331,0.0,0.49832806286024006,0.0,0.49832806286024006,0.50167193713976,0.0,0.0,0.0,True,0,long_only,1.108500615966154,0.9837292203170289
2019-05-31,1.0901081729214694,-0.0003267174321462951,0.5470554113406331,0.0,0.49816410432504626,0.0,0.49816410432504626,0.5018358956749538,0.0,0.0,0.0,True,0,long_only,1.1068724274302713,0.9848543932495257
2019-06-03,1.0861106593859293,-0.0036670796851534515,0.8720478354451157,0.0,0.19709117306871987,0.0,0.19709117306871987,0.8029088269312801,0.00027461042685574373,0.0,0.5037803721776779,True,0,long_only,1.0969359487187833,0.9901313387117107
2019-06-04,1.0837798779422698,-0.0021459889225073914,0.8720478354451157,0.0,0.19536443405755183,0.0,0.19536443405755183,0.8046355659424482,0.0,0.0,0.0,True,0,long_only,1.088804204844657,0.9953854633550906
2019-06-05,1.0831778897993558,-0.0005554524079715017,0.8720478354451157,0.0,0.1949172489048398,0.0,0.1949172489048398,0.8050827510951601,0.0,0.0,0.0,True,0,long_only,1.087490544689565,0.9960343058509623
2019-06-06,1.0822029822605517,-0.0009000437951928175,0.8720478354451157,0.0,0.19419198640208418,0.0,0.19419198640208418,0.8058080135979158,0.0,0.0,0.0,True,0,long_only,1.0828854812425748,0.9993697403891315
2019-06-10,1.0844440628355903,0.002070850489024778,0.7578417291496637,0.0,0.30117029073120744,0.0,0.30117029073120744,0.6988297092687925,0.00016002979658932652,0.0,0.29564447493826407,True,0,long_only,1.0891300548319556,0.9956974908776268
2019-06-11,1.0892940529787996,0.004472328550102933,0.7578417291496637,0.0,0.304281771228569,0.0,0.304281771228569,0.695718228771431,0.0,0.0,0.0,True,0,long_only,1.1051511894409038,0.9856516134501684
2019-06-12,1.0862873161926117,-0.0027602618209157104,0.7578417291496637,0.0,0.3023560913830193,0.0,0.3023560913830193,0.6976439086169808,0.0,0.0,0.0,True,0,long_only,1.1014631761210338,0.9862220905270149
2019-06-13,1.0861796549197154,-9.910938965351779e-05,0.7578417291496637,0.0,0.30228694146763474,0.0,0.30228694146763474,0.6977130585323652,0.0,0.0,0.0,True,0,long_only,1.099131986581066,0.9882158541290024
2019-06-14,1.0855833523219247,-0.000548990763258983,0.7578417291496637,0.0,0.30190369304325015,0.0,0.30190369304325015,0.6980963069567498,0.0,0.0,0.0,True,0,long_only,1.0933010054294179,0.9929409622151936
2019-06-17,1.0858185986227957,0.00021670035780108066,0.6514000797272669,0.0,0.4000838809047165,0.0,0.4000838809047165,0.5999161190952835,0.0001638136482169125,0.0,0.30183016623409453,True,0,long_only,1.0924487007395132,0.9939309716673842
2019-06-18,1.0849876251689932,-0.0007652967584608206,0.6514000797272669,0.0,0.3996244154159752,0.0,0.3996244154159752,0.6003755845840248,0.0,0.0,0.0,True,0,long_only,1.0920053890846977,0.9935735079827888
2019-06-19,1.0886321927016651,0.0033590867288504356,0.6514000797272669,0.0,0.4016343774377247,0.0,0.4016343774377247,0.5983656225622753,0.0,0.0,0.0,True,0,long_only,1.09902726172087,0.9905415730971694
2019-06-20,1.0976687881676312,0.008300871062373982,0.6514000797272669,0.0,0.406560442686298,0.0,0.406560442686298,0.593439557313702,0.0,0.0,0.0,True,0,long_only,1.1160301918941544,0.9835475743757794
2019-06-21,1.0996442424176405,0.001799681535362696,0.6514000797272669,0.0,0.4076265262889742,0.0,0.4076265262889742,0.5923734737110258,0.0,0.0,0.0,True,0,long_only,1.1223023618993977,0.9798110382273362
2019-06-24,1.096769008644747,-0.002614694518448979,0.6588118738310285,0.0,0.39931574594261426,0.0,0.39931574594261426,0.6006842540573858,0.00022323862338473173,0.0,0.40667316465506137,True,0,long_only,1.1205287614799322,0.9787959455821512
2019-06-25,1.0940458746875685,-0.0024828691690910176,0.6588118738310285,0.0,0.39782061330913726,0.0,0.39782061330913726,0.6021793866908627,0.0,0.0,0.0,True,0,long_only,1.1147398825524846,0.9814360209150033
2019-06-26,1.0967740623238509,0.002493668409527583,0.6588118738310285,0.0,0.39931851375557303,0.0,0.39931851375557303,0.600681486244427,0.0,0.0,0.0,True,0,long_only,1.1163549804808428,0.982459953599564
2019-06-27,1.100033099007294,0.0029714749786642347,0.6588118738310285,0.0,0.4010981356601344,0.0,0.4010981356601344,0.5989018643398656,0.0,0.0,0.0,True,0,long_only,1.1235240340016148,0.9790917378859676
2019-06-28,1.0983242579004135,-0.0015534451721703757,0.6588118738310285,0.0,0.40016632693660886,0.0,0.40016632693660886,0.5998336730633911,0.0,0.0,0.0,True,0,long_only,1.1208206466477078,0.9799286453059379
2019-07-01,1.105364165760815,0.006409680756627623,0.6619095595090521,0.0,0.4011841707809807,0.0,0.4011841707809807,0.5988158292190193,0.00022358786524308977,0.0,0.4054030976671744,True,0,long_only,1.1310812063454776,0.9772633119174933
2019-07-02,1.1052390146430224,-0.00011322161661231345,0.6619095595090521,0.0,0.4011163642075735,0.0,0.4011163642075735,0.5988836357924265,0.0,0.0,0.0,True,0,long_only,1.1335245505499116,0.9750463844006141
2019-07-03,1.094736215045549,-0.00950274054600364,0.6619095595090521,0.0,0.3953707291198803,0.0,0.3953707291198803,0.6046292708801198,0.0,0.0,0.0,True,0,long_only,1.130002823325623,0.9687906901185579
2019-07-04,1.0925997669591765,-0.0019515642736672723,0.6619095595090521,0.0,0.3941884489402573,0.0,0.3941884489402573,0.6058115510597427,0.0,0.0,0.0,True,0,long_only,1.1282087024943621,0.9684376344053564
2019-07-05,1.0944992242007439,0.0017384748734241562,0.6619095595090521,0.0,0.3952398093361736,0.0,0.3952398093361736,0.6047601906638265,0.0,0.0,0.0,True,0,long_only,1.1284669766428184,0.9698992056080113
2019-07-08,1.0884679963781105,-0.0055104907242284895,0.7657844095849682,0.0,0.29645666006430643,0.0,0.29645666006430643,0.7035433399356936,0.0001627585955345117,0.0,0.2975794137479751,True,0,long_only,1.1178352805317193,0.9737284332807605
2019-07-09,1.0873546777658247,-0.0010228308190872726,0.7657844095849682,0.0,0.29573631746504586,0.0,0.29573631746504586,0.7042636825349542,0.0,0.0,0.0,True,0,long_only,1.117608848401566,0.9729295534130643
2019-07-10,1.0869387134091373,-0.00038254707980134306,0.7657844095849682,0.0,0.2954668003468955,0.0,0.2954668003468955,0.7045331996531046,0.0,0.0,0.0,True,0,long_only,1.1164805795530373,0.9735401880830507
2019-07-11,1.0852014434312527,-0.0015983145659019815,0.7657844095849682,0.0,0.29433893198329447,0.0,0.29433893198329447,0.7056610680167055,0.0,0.0,0.0,True,0,long_only,1.1159817212662935,0.9724186541334076
2019-07-12,1.083217907460008,-0.001827804398207511,0.7657844095849682,0.0,0.29304675974142275,0.0,0.29304675974142275,0.7069532402585772,0.0,0.0,0.0,True,0,long_only,1.122122277595885,0.965329651756644
2019-07-15,1.0881433611029916,0.004547057068631011,0.6497049901132375,0.0,0.4029233524389039,0.0,0.4029233524389039,0.597076647561096,0.0002696178232507417,0.0,0.49798982600430336,True,0,long_only,1.124207929794718,0.9679200192989993
2019-07-16,1.0902577882990887,0.0019431513086234364,0.6497049901132375,0.0,0.4040813126161269,0.0,0.4040813126161269,0.5959186873838731,0.0,0.0,0.0,True,0,long_only,1.1235958554428978,0.9703291294798627
2019-07-17,1.08924314354075,-0.0009306466500198507,0.6497049901132375,0.0,0.40352620627817515,0.0,0.40352620627817515,0.5964737937218249,0.0,0.0,0.0,True,0,long_only,1.1258545159411757,0.9674812581181327
2019-07-18,1.0878095420815352,-0.0013161445795789595,0.6497049901132375,0.0,0.40274012593232084,0.0,0.40274012593232084,0.5972598740676791,0.0,0.0,0.0,True,0,long_only,1.122765840165805,0.9688659052192864
2019-07-19,1.090133858374502,0.002136694157434116,0.6497049901132375,0.0,0.4040135666623436,0.0,0.4040135666623436,0.5959864333376563,0.0,0.0,0.0,True,0,long_only,1.125783755900503,0.968333263524943
2019-07-22,1.0866731103671388,-0.0031746083114265744,0.7635579125228104,0.0,0.29734351090657063,0.0,0.29734351090657063,0.7026564890934294,0.00016813513770674269,0.0,0.30830425801407496,True,0,long_only,1.1227877757784135,0.9678348248971299
2019-07-23,1.087265167807669,0.0005448349047028067,0.7635579125228104,0.0,0.29772613422130767,0.0,0.29772613422130767,0.7022738657786923,0.0,0.0,0.0,True,0,long_only,1.123532171406292,0.9677205472868403
2019-07-24,1.0912372885206225,0.0036533136814846934,0.7635579125228104,0.0,0.3002824220221097,0.0,0.3002824220221097,0.6997175779778904,0.0,0.0,0.0,True,0,long_only,1.1262118541465738,0.9689449498358775
2019-07-25,1.0969626995518298,0.005246714982558132,0.7635579125228104,0.0,0.30393447941779045,0.0,0.30393447941779045,0.6960655205822095,0.0,0.0,0.0,True,0,long_only,1.1333547264522967,0.9678899941465072
2019-07-26,1.1002277774900737,0.0029764712506432645,0.7635579125228104,0.0,0.3060001500192088,0.0,0.3060001500192088,0.6939998499807911,0.0,0.0,0.0,True,0,long_only,1.1414181868871738,0.9639129550673862
2019-07-29,1.10124204915679,0.0009218742586467599,0.770694668351021,0.0,0.30015869904247294,0.0,0.30015869904247294,0.6998413009575271,0.00011363799661993382,0.0,0.20645562375807167,True,0,long_only,1.1438275662720851,0.9627692858862564
2019-07-30,1.102991386080348,0.0015885126479662226,0.770694668351021,0.0,0.3012686426411679,0.0,0.3012686426411679,0.6987313573588321,0.0,0.0,0.0,True,0,long_only,1.1490330286641848,0.9599300964939512
2019-07-31,1.1038178908653113,0.0007493302263223978,0.770694668351021,0.0,0.3017918311263703,0.0,0.3017918311263703,0.6982081688736297,0.0,0.0,0.0,True,0,long_only,1.1486866582650912,0.9609390715240421
2019-08-01,1.1044242359860297,0.0005493162646994509,0.770694668351021,0.0,0.3021751576621777,0.0,0.3021751576621777,0.6978248423378224,0.0,0.0,0.0,True,0,long_only,1.145909326668681,0.9637972309700503
2019-08-02,1.1035320534200912,-0.0008078259575152735,0.770694668351021,0.0,0.30161098088409233,0.0,0.30161098088409233,0.6983890191159077,0.0,0.0,0.0,True,0,long_only,1.1417917999019265,0.9664914860265054
2019-08-05,1.1021086373506934,-0.001289872881341747,0.7727809611106129,0.0,0.29881598336052934,0.0,0.29881598336052934,0.7011840166394707,2.976849083063087e-06,0.0,0.005394458163519116,True,0,long_only,1.1318224177715257,0.9737469589272348
2019-08-06,1.0988981160429945,-0.0029130715420364606,0.7727809611106129,0.0,0.29676741653420247,0.0,0.29676741653420247,0.7032325834657975,0.0,0.0,0.0,True,0,long_only,1.128684209967684,0.9736098957869338
2019-08-07,1.1014853023537505,0.002354345933426538,0.7727809611106129,0.0,0.29841918048360094,0.0,0.29841918048360094,0.7015808195163991,0.0,0.0,0.0,True,0,long_only,1.1335348107558092,0.9717260483772096
2019-08-08,1.1020806743199187,0.0005405173949175612,0.7727809611106129,0.0,0.2987981922580332,0.0,0.2987981922580332,0.7012018077419668,0.0,0.0,0.0,True,0,long_only,1.138515963818976,0.9679975594045773
2019-08-09,1.1018854624847103,-0.00017713025893395518,0.7727809611106129,0.0,0.29867396619606823,0.0,0.29867396619606823,0.7013260338039318,0.0,0.0,0.0,True,0,long_only,1.1386298874844594,0.9677292635617291
2019-08-12,1.106891207216294,0.004542890256756582,0.7713310394263677,0.0,0.30315550941435526,0.0,0.30315550941435526,0.6968444905856448,0.00010990927651415933,0.0,0.1995172593252506,True,0,long_only,1.1454649536132553,0.9663248131029376
2019-08-13,1.1118070394868655,0.004441116018017999,0.7713310394263677,0.0,0.3062365931930405,0.0,0.3062365931930405,0.6937634068069596,0.0,0.0,0.0,True,0,long_only,1.142757320656908,0.972916138351885
2019-08-14,1.1111009199062782,-0.0006351098306710545,0.7713310394263677,0.0,0.30579569721584804,0.0,0.30579569721584804,0.694204302784152,0.0,0.0,0.0,True,0,long_only,1.1438969111119446,0.9713295919526643
2019-08-15,1.1173867821063324,0.005657327869537099,0.7713310394263677,0.0,0.3097009452963381,0.0,0.3097009452963381,0.6902990547036618,0.0,0.0,0.0,True,0,long_only,1.1456506987200217,0.975329376881394
2019-08-16,1.1215227946421005,0.0037015047985189398,0.7713310394263677,0.0,0.3122466675565749,0.0,0.3122466675565749,0.6877533324434251,0.0,0.0,0.0,True,0,long_only,1.1486134216229948,0.9764144955379198
2019-08-19,1.1276640947857184,0.005475858513939169,0.6775366404680206,0.0,0.3991680292021998,0.0,0.3991680292021998,0.6008319707978003,0.00018568572757735697,0.0,0.3289262017523999,True,0,long_only,1.1579516241905936,0.9738438732912991
2019-08-20,1.1249132962270587,-0.0024393776226266928,0.6775366404680206,0.0,0.39769878910626466,0.0,0.39769878910626466,0.6023012108937353,0.0,0.0,0.0,True,0,long_only,1.1570904744956048,0.972191303119514
2019-08-21,1.1376574446376515,0.011329005047177043,0.6775366404680206,0.0,0.4044458253566664,0.0,0.4044458253566664,0.5955541746433336,0.0,0.0,0.0,True,0,long_only,1.156591616208861,0.9836293370055086
2019-08-22,1.1331863024485846,-0.003930130471295756,0.6775366404680206,0.0,0.4020959845667018,0.0,0.4020959845667018,0.5979040154332982,0.0,0.0,0.0,True,0,long_only,1.154288376884959,0.9817185420394496
2019-08-23,1.136930892173211,0.003304478457368587,0.6775366404680206,0.0,0.4040652381492346,0.0,0.4040652381492346,0.5959347618507653,0.0,0.0,0.0,True,0,long_only,1.1591411004743046,0.9808390813749892
2019-08-26,1.1339865465377579,-0.0025897314038368924,0.7930904842676401,0.0,0.3006173779670738,0.0,0.3006173779670738,0.6993826220329262,0.000285357369956083,0.0,0.5036960549163298,True,0,long_only,1.1515347499021742,0.9847610301244429
2019-08-27,1.1408906667501446,0.006088361659550623,0.7930904842676401,0.0,0.304849704374585,0.0,0.304849704374585,0.695150295625415,0.0,0.0,0.0,True,0,long_only,1.1576017157894662,0.9855640771680051
2019-08-28,1.1431596799028063,0.0019888085850725545,0.7930904842676401,0.0,0.3062294811385668,0.0,0.3062294811385668,0.6937705188614331,0.0,0.0,0.0,True,0,long_only,1.1584320848667624,0.9868163139095784
2019-08-29,1.142658498390416,-0.00043841776542807853,0.7930904842676401,0.0,0.3059251864097525,0.0,0.3059251864097525,0.6940748135902475,0.0,0.0,0.0,True,0,long_only,1.1565537595871012,0.9879856331091381
2019-08-30,1.1389983942223105,-0.003203147898747649,0.7930904842676401,0.0,0.30369481792891434,0.0,0.30369481792891434,0.6963051820710857,0.0,0.0,0.0,True,0,long_only,1.1563814588880625,0.984967707211021
2019-09-02,1.145472210208416,0.005683779730458527,0.6845113937158027,0.0,0.4024199036733878,0.0,0.4024199036733878,0.5975800963266122,5.971157153479085e-05,0.0,0.10471524322417924,True,0,long_only,1.16357740122429,0.9844400630359234
2019-09-03,1.1444893003998622,-0.0008580826315942591,0.7986856394482695,0.0,0.30214669619958506,0.0,0.30214669619958506,0.6978533038004149,5.711568070658668e-05,0.0,0.0996282392509182,True,0,long_only,1.1644233375105344,0.9828807646939729
2019-09-04,1.142597117397141,-0.0016532989885184035,0.7986856394482695,0.0,0.300991025368862,0.0,0.300991025368862,0.699008974631138,0.0,0.0,0.0,True,0,long_only,1.1667467434460281,0.9793017412008708
2019-09-05,1.1442283561502764,0.0014276587331600865,0.7986856394482695,0.0,0.3019875489404716,0.0,0.3019875489404716,0.6980124510595285,0.0,0.0,0.0,True,0,long_only,1.177302726313607,0.9719066562710733
2019-09-06,1.14161481292834,-0.002284109817667468,0.7986856394482695,0.0,0.3003895618701967,0.0,0.3003895618701967,0.6996104381298033,0.0,0.0,0.0,True,0,long_only,1.1826415713823752,0.9653092200994766
2019-09-09,1.1509917065445099,0.00821371053526998,0.6860897051996254,0.0,0.4039142929540355,0.0,0.4039142929540355,0.5960857070459644,0.0002868846699505402,0.0,0.5017812218957467,True,0,long_only,1.1905419299235014,0.966779646827279
2019-09-10,1.151567108613429,0.0004999185186542743,0.6860897051996254,0.0,0.4042121383392691,0.0,0.4042121383392691,0.5957878616607308,0.0,0.0,0.0,True,0,long_only,1.188351906664676,0.9690455345382579
2019-09-11,1.1447282451141667,-0.005938745078866159,0.6860897051996254,0.0,0.4006527679141875,0.0,0.4006527679141875,0.5993472320858124,0.0,0.0,0.0,True,0,long_only,1.1846274519238593,0.9663191944903053
2019-09-12,1.1465502633661442,0.0015916600815555348,0.6860897051996254,0.0,0.4016052090160074,0.0,0.4016052090160074,0.5983947909839926,0.0,0.0,0.0,True,0,long_only,1.1858714134388886,0.9668419782894355
2019-09-16,1.1445430624698973,-0.0017506436136117687,0.6880973611280636,0.0,0.39880168454023435,0.0,0.39880168454023435,0.6011983154597657,0.00023149952910306464,0.0,0.4037738071977249,True,0,long_only,1.181569202965978,0.9686635870305883
2019-09-17,1.1345411359206232,-0.00873879443879555,0.6880973611280636,0.0,0.3935016198688054,0.0,0.3935016198688054,0.6064983801311946,0.0,0.0,0.0,True,0,long_only,1.168079862612305,0.9712872999824896
2019-09-18,1.1352240489463932,0.0006019288363798836,0.6880973611280636,0.0,0.3938664691197388,0.0,0.3938664691197388,0.6061335308802611,0.0,0.0,0.0,True,0,long_only,1.1687319163871055,0.9713297232916381
2019-09-19,1.1377566893293714,0.002230960826921091,0.6880973611280636,0.0,0.39521571915903275,0.0,0.39521571915903275,0.6047842808409672,0.0,0.0,0.0,True,0,long_only,1.172499888552936,0.9703682707667941
2019-09-20,1.138739889856322,0.0008641571050926888,0.6880973611280636,0.0,0.39573789654906805,0.0,0.39573789654906805,0.6042621034509319,0.0,0.0,0.0,True,0,long_only,1.1749542005636744,0.9691781086531042
2019-09-23,1.1368389868294815,-0.0016693039769426488,0.6826541656931902,0.0,0.3995155218972236,0.0,0.3995155218972236,0.6004844781027764,0.00011602147098792767,0.0,0.20400784506157346,True,0,long_only,1.1689441965091243,0.9725348654148588
2019-09-24,1.1411282442465984,0.0037729682627081207,0.6826541656931902,0.0,0.40177261483533283,0.0,0.40177261483533283,0.5982273851646671,0.0,0.0,0.0,True,0,long_only,1.1691578918319563,0.9760257807938685
2019-09-25,1.1359140880853962,-0.004569299013928663,0.6826541656931902,0.0,0.3990265876147233,0.0,0.3990265876147233,0.6009734123852767,0.0,0.0,0.0,True,0,long_only,1.1654412206956137,0.974664417144441
2019-09-26,1.1244690423326147,-0.010075626205210853,0.6826541656931902,0.0,0.392909773418855,0.0,0.392909773418855,0.607090226581145,0.0,0.0,0.0,True,0,long_only,1.1611475014275838,0.9684118864744794
2019-09-27,1.1298381429491513,0.004774787401348846,0.6826541656931902,0.0,0.3957947251530229,0.0,0.3957947251530229,0.6042052748469771,0.0,0.0,0.0,True,0,long_only,1.1628142541856334,0.971641118847845
2019-09-30,1.1234388645303937,-0.005663889521426491,0.6786863902896492,0.0,0.3958848926119843,0.0,0.3958848926119843,0.6041151073880158,0.00011649046240843392,0.0,0.20602974633366616,True,0,long_only,1.1614110825790902,0.967305100994582
2019-10-08,1.124347242846319,0.0008085694242963015,0.6751096270200857,0.0,0.3995541579209771,0.0,0.3995541579209771,0.6004458420790229,0.00011254383903576228,0.0,0.20010517218335963,True,0,long_only,1.1623260099049904,0.967325202451784
2019-10-09,1.124209783907269,-0.00012225666040865946,0.6751096270200857,0.0,0.3994807404417924,0.0,0.3994807404417924,0.6005192595582076,0.0,0.0,0.0,True,0,long_only,1.1661580199076298,0.9640286862635618
2019-10-10,1.131914588484588,0.006853529196784391,0.6751096270200857,0.0,0.4035684018138459,0.0,0.4035684018138459,0.5964315981861541,0.0,0.0,0.0,True,0,long_only,1.172643531435502,0.9652674134474138
2019-10-11,1.1327403741175028,0.0007295476543158763,0.6751096270200857,0.0,0.40400320987406224,0.0,0.40400320987406224,0.5959967901259378,0.0,0.0,0.0,True,0,long_only,1.178656365891679,0.9610437841741601
2019-10-14,1.1306982463768145,-0.0018028206527725965,0.7930807554560154,0.0,0.29859203549899666,0.0,0.29859203549899666,0.7014079645010034,5.988002264088579e-05,0.0,0.10572808484169739,True,0,long_only,1.189058091870591,0.9509192646744731
2019-10-15,1.129776060042733,-0.0008155901338281479,0.7930807554560154,0.0,0.29801950713487607,0.0,0.29801950713487607,0.7019804928651239,0.0,0.0,0.0,True,0,long_only,1.184342642760151,0.9539266925403878
2019-10-16,1.1291744563711505,-0.0005324981585816957,0.7930807554560154,0.0,0.2976455046594357,0.0,0.2976455046594357,0.7023544953405643,0.0,0.0,0.0,True,0,long_only,1.1818373835201281,0.9554397856394423
2019-10-17,1.1298366339452386,0.0005864262783770169,0.7930807554560154,0.0,0.29805714239705305,0.0,0.29805714239705305,0.701942857602947,0.0,0.0,0.0,True,0,long_only,1.1803606214712852,0.9571961427660388
2019-10-18,1.1280743358392897,-0.001559781346259892,0.7930807554560154,0.0,0.29696055458440884,0.0,0.29696055458440884,0.7030394454155912,0.0,0.0,0.0,True,0,long_only,1.1762494631081915,0.959043443776288
2019-10-21,1.1311120349997612,0.0026928182513890064,0.7906177293589396,0.0,0.30102615400152966,0.0,0.30102615400152966,0.6989738459984703,0.0001136473585496059,0.0,0.2012700260184542,True,0,long_only,1.1733819124599234,0.9639760277439883
2019-10-22,1.1287947835916994,-0.002048648883894555,0.7906177293589396,0.0,0.2995912624230226,0.0,0.2995912624230226,0.7004087375769774,0.0,0.0,0.0,True,0,long_only,1.1757774936369034,0.9600411554911826
2019-10-23,1.1262946105365883,-0.002214904862649747,0.7906177293589396,0.0,0.29803648000919225,0.0,0.29803648000919225,0.7019635199908077,0.0,0.0,0.0,True,0,long_only,1.1725363299738825,0.9605626552839313
2019-10-24,1.126949295908247,0.0005812736432668775,0.7906177293589396,0.0,0.29844427586091726,0.0,0.29844427586091726,0.7015557241390827,0.0,0.0,0.0,True,0,long_only,1.1724400963185673,0.961199893663514
2019-10-25,1.1326454048895738,0.005054450099936547,0.7906177293589396,0.0,0.30197242142520303,0.0,0.30197242142520303,0.6980275785747969,0.0,0.0,0.0,True,0,long_only,1.176631567327825,0.962616877143501
2019-10-28,1.1441010686976645,0.010114077855820636,0.7969170815675515,0.0,0.30345569690387064,0.0,0.30345569690387064,0.6965443030961294,0.00023284569044124175,0.0,0.40905117950738423,True,0,long_only,1.1821002570712278,0.9678545130615993
2019-10-29,1.1387940194954635,-0.004638619215907247,0.7969170815675515,0.0,0.30020963587372773,0.0,0.30020963587372773,0.6997903641262723,0.0,0.0,0.0,True,0,long_only,1.180772091107798,0.9644486248206031
2019-10-30,1.1365118632544333,-0.002004011438382247,0.7969170815675515,0.0,0.29880443193478223,0.0,0.29880443193478223,0.7011955680652178,0.0,0.0,0.0,True,0,long_only,1.1725451749789666,0.9692691484358548
2019-10-31,1.1354918788130755,-0.0008974692428085351,0.7969170815675515,0.0,0.2981745651932225,0.0,0.2981745651932225,0.7018254348067775,0.0,0.0,0.0,True,0,long_only,1.1675074138832615,0.9725778742905805
2019-11-01,1.13928030925529,0.003336378280551333,0.7969170815675515,0.0,0.30050833399510773,0.0,0.30050833399510773,0.6994916660048922,0.0,0.0,0.0,True,0,long_only,1.1732648045926097,0.9710342497241105
2019-11-04,1.1427997605887437,0.003089188240034124,0.6846129921347944,0.0,0.40093355306436385,0.0,0.40093355306436385,0.5990664469356362,0.0001735235910365874,0.0,0.30420954886191165,True,0,long_only,1.1772022470558516,0.9707760611626867
2019-11-05,1.1509582896964177,0.007139071418313048,0.6846129921347944,0.0,0.4051800154153534,0.0,0.4051800154153534,0.5948199845846466,0.0,0.0,0.0,True,0,long_only,1.186484902991522,0.9700572563498027
2019-11-06,1.1468493479478024,-0.0035700179453932446,0.6846129921347944,0.0,0.4030488892374084,0.0,0.4030488892374084,0.5969511107625916,0.0,0.0,0.0,True,0,long_only,1.185970123695627,0.9670136920263054
2019-11-07,1.1526356790966137,0.005045415214444349,0.6846129921347944,0.0,0.40604563562411616,0.0,0.40604563562411616,0.5939543643758838,0.0,0.0,0.0,True,0,long_only,1.1888528877526399,0.9695360048083916
2019-11-08,1.1514745184090398,-0.0010073960997667442,0.6846129921347944,0.0,0.4054466849334147,0.0,0.4054466849334147,0.5945533150665854,0.0,0.0,0.0,True,0,long_only,1.18737329530217,0.969766225133104
2019-11-11,1.1482513856457426,-0.002799135119160634,0.6904245721502352,0.0,0.39871653474037744,0.0,0.39871653474037744,0.6012834652596226,0.00011960220786473763,0.0,0.20793720611204008,True,0,long_only,1.1794166825287091,0.9735756689347932
2019-11-12,1.153911217909325,0.004929088119845382,0.6904245721502352,0.0,0.40166577685139615,0.0,0.40166577685139615,0.5983342231486038,0.0,0.0,0.0,True,0,long_only,1.1767483213949352,0.980593043499277
2019-11-13,1.1512608643675148,-0.0022968435531912634,0.6904245721502352,0.0,0.40028833297521677,0.0,0.40028833297521677,0.5997116670247833,0.0,0.0,0.0,True,0,long_only,1.176172334663858,0.9788198807588323
2019-11-14,1.1543723718646244,0.0027026954475855014,0.6904245721502352,0.0,0.4019048021436858,0.0,0.4019048021436858,0.5980951978563143,0.0,0.0,0.0,True,0,long_only,1.1773911763644482,0.9804493145847233
2019-11-15,1.1521652651349001,-0.0019119538751253273,0.6904245721502352,0.0,0.40075908114675074,0.0,0.40075908114675074,0.5992409188532493,0.0,0.0,0.0,True,0,long_only,1.1729647820201567,0.9822675691511945
2019-11-18,1.1530846310381233,0.0007979462070621945,0.6906557990266722,0.0,0.40103633294906194,0.0,0.40103633294906194,0.5989636670509381,0.00023288786612072764,0.0,0.4046900870781705,True,0,long_only,1.1775096994325753,0.979257012994269
2019-11-19,1.1597122417268604,0.005747722682566847,0.6906557990266722,0.0,0.40445933553460073,0.0,0.40445933553460073,0.5955406644653993,0.0,0.0,0.0,True,0,long_only,1.1833028239624632,0.9800637826954505
2019-11-20,1.1610493395349812,0.0011529565352605964,0.6906557990266722,0.0,0.4051451772899755,0.0,0.4051451772899755,0.5948548227100245,0.0,0.0,0.0,True,0,long_only,1.180855587955792,0.9832272052376041
2019-11-21,1.1620793159222909,0.0008871081979360262,0.6906557990266722,0.0,0.40567241016717587,0.0,0.40567241016717587,0.5943275898328242,0.0,0.0,0.0,True,0,long_only,1.1775323426455906,0.9868767708846272
2019-11-22,1.1558272688878337,-0.005380051902477145,0.6906557990266722,0.0,0.40245760104687733,0.0,0.40245760104687733,0.5975423989531227,0.0,0.0,0.0,True,0,long_only,1.1747419204416558,0.9838988877261561
2019-11-25,1.1525533197836908,-0.0028325591481269674,0.6930263925383672,0.0,0.3987033999707423,0.0,0.3987033999707423,0.6012966000292577,0.0002351788907761099,0.0,0.4072726669473125,True,0,long_only,1.1772139224625626,0.9790517235582082
2019-11-26,1.1523030311845945,-0.00021716010426586774,0.6930263925383672,0.0,0.3985727939759737,0.0,0.3985727939759737,0.6014272060240262,0.0,0.0,0.0,True,0,long_only,1.1778107834056384,0.9783430814351282
2019-11-27,1.1518189370561935,-0.00042011008849240916,0.6930263925383672,0.0,0.3983200221472338,0.0,0.3983200221472338,0.6016799778527662,0.0,0.0,0.0,True,0,long_only,1.1757806778387336,0.9796205693509222
2019-11-28,1.1518714597592852,4.5599791253625455e-05,0.6930263925383672,0.0,0.3983474573775847,0.0,0.3983474573775847,0.6016525426224153,0.0,0.0,0.0,True,0,long_only,1.1736391252077691,0.9814528461253962
2019-11-29,1.1498385848980328,-0.001764845238614865,0.6930263925383672,0.0,0.3972837564849814,0.0,0.3972837564849814,0.6027162435150186,0.0,0.0,0.0,True,0,long_only,1.1726849260592955,0.9805179203266168
2019-12-02,1.1516127152016744,0.0015429385715031163,0.8038476980741381,0.0,0.3019808765020751,0.0,0.3019808765020751,0.6980191234979249,0.00028507641121023496,0.0,0.4964682011293914,True,0,long_only,1.1728108789316931,0.981925335012813
2019-12-03,1.1528241808951418,0.0010519731828899648,0.8038476980741381,0.0,0.3027144022517218,0.0,0.3027144022517218,0.6972855977482781,0.0,0.0,0.0,True,0,long_only,1.1740877438656352,0.981889289721666
2019-12-04,1.151820391211744,-0.0008707222662682756,0.8038476980741381,0.0,0.30210673104296215,0.0,0.30210673104296215,0.6978932689570378,0.0,0.0,0.0,True,0,long_only,1.1734930057237796,0.9815315349931135
2019-12-05,1.1547175778141776,0.00251531108889802,0.8038476980741381,0.0,0.3038577453754696,0.0,0.3038577453754696,0.6961422546245304,0.0,0.0,0.0,True,0,long_only,1.1785466878286361,0.979780936758338
2019-12-06,1.1575378810686348,0.002442418222987408,0.8038476980741381,0.0,0.30555387325032596,0.0,0.30555387325032596,0.694446126749674,0.0,0.0,0.0,True,0,long_only,1.1818214625109766,0.9794524112036793
2019-12-09,1.1585443628955376,0.0008695022801099572,0.8111918502538844,0.0,0.2998180507939453,0.0,0.2998180507939453,0.7001819492060547,0.00011952540816857524,0.0,0.2063109083787616,True,0,long_only,1.1814482032964273,0.9806137583205219
2019-12-10,1.165377726947457,0.0058982325327974205,0.8111918502538844,0.0,0.303923670843884,0.0,0.303923670843884,0.6960763291561161,0.0,0.0,0.0,True,0,long_only,1.184083307211085,0.9842024795470802
2019-12-11,1.1605722122249107,-0.004123568360220542,0.8111918502538844,0.0,0.30104146755438504,0.0,0.30104146755438504,0.6989585324456149,0.0,0.0,0.0,True,0,long_only,1.1865853822492778,0.9780772876410656
2019-12-12,1.1576241743605469,-0.0025401589261836444,0.8111918502538844,0.0,0.29926148034877226,0.0,0.29926148034877226,0.7007385196512277,0.0,0.0,0.0,True,0,long_only,1.1868999106300686,0.9753342838706757
2019-12-13,1.1661363789117571,0.007353167582140552,0.8111918502538844,0.0,0.30437651639777186,0.0,0.30437651639777186,0.6956234836022281,0.0,0.0,0.0,True,0,long_only,1.1960927013140847,0.9749548489264953
2019-12-16,1.1704783877596925,0.0037234142819446703,0.8167774463390965,0.0,0.30218494003770807,0.0,0.30218494003770807,0.6978150599622919,0.00023870304353605103,0.0,0.40914448525028424,True,0,long_only,1.2069126191333737,0.9698120387540211
2019-12-17,1.174103718561799,0.003097306913155018,0.8167774463390965,0.0,0.30433961376121355,0.0,0.30433961376121355,0.6956603862387865,0.0,0.0,0.0,True,0,long_only,1.2165780868890845,0.9650870184289635
2019-12-18,1.1885701919773535,0.01232129085944389,0.8167774463390965,0.0,0.31280672201591014,0.0,0.31280672201591014,0.6871932779840899,0.0,0.0,0.0,True,0,long_only,1.2186814290980854,0.9752919537446169
2019-12-19,1.1872246189657627,-0.0011320938558557758,0.8167774463390965,0.0,0.3120278729979311,0.0,0.3120278729979311,0.6879721270020689,0.0,0.0,0.0,True,0,long_only,1.2177035253359862,0.9749701748117927
2019-12-20,1.1930588188751687,0.004914150040527643,0.8167774463390965,0.0,0.3153921387470528,0.0,0.3153921387470528,0.6846078612529471,0.0,0.0,0.0,True,0,long_only,1.217102064990267,0.9802454972292808
2019-12-23,1.1905540399668408,-0.0020994596986336767,0.8351850155455564,0.0,0.2984904611563724,0.0,0.2984904611563724,0.7015095388436277,0.00024779867131716134,0.0,0.4153725760211756,True,0,long_only,1.2117727725269898,0.9824895120263347
2019-12-24,1.1927362565457647,0.0018329420636669091,0.8351850155455564,0.0,0.29977393496505095,0.0,0.29977393496505095,0.700226065034949,0.0,0.0,0.0,True,0,long_only,1.2171194012002318,0.9799665138601666
2019-12-25,1.1935657990196524,0.0006954953111681927,0.8351850155455564,0.0,0.3002606004364869,0.0,0.3002606004364869,0.699739399563513,0.0,0.0,0.0,True,0,long_only,1.218302155280079,0.9796960416156041
2019-12-26,1.197008326933652,0.002884238067835998,0.8351850155455564,0.0,0.30227301117860217,0.0,0.30227301117860217,0.6977269888213978,0.0,0.0,0.0,True,0,long_only,1.2256116674815865,0.9766619873922143
2019-12-27,1.195481602650528,-0.0012754500104732447,0.8351850155455564,0.0,0.30138195879062496,0.0,0.30138195879062496,0.698618041209375,0.0,0.0,0.0,True,0,long_only,1.2248478128425229,0.9760246049475777
2019-12-30,1.1965509545487465,0.0008944946503968154,0.7169515104954803,0.0,0.4008182369752376,0.0,0.4008182369752376,0.5991817630247624,0.0001815663359644467,0.0,0.3039520067036901,True,0,long_only,1.2307821036535533,0.972187482249545
2019-12-31,1.1971792455027999,0.0005250849967273208,0.8377550898519167,0.0,0.30022584922104095,0.0,0.30022584922104095,0.699774150778959,6.043200568105873e-05,0.0,0.1010152702703248,True,0,long_only,1.2379967974005592,0.9670293558242924
2020-01-02,1.2065100182209894,0.007793964649187357,0.8377550898519167,0.0,0.305637684561298,0.0,0.305637684561298,0.694362315438702,0.0,0.0,0.0,True,0,long_only,1.2518781483795598,0.9637599472302514
2020-01-03,1.2096282510774827,0.0025845063939802237,0.8377550898519167,0.0,0.3074276422482014,0.0,0.3074276422482014,0.6925723577517986,0.0,0.0,0.0,True,0,long_only,1.254332460390298,0.9643601591089294
2020-01-06,1.2133686537803532,0.0030921919189128566,0.48350639570366954,0.0,0.6015173177605468,0.0,0.6015173177605468,0.39848268223945316,0.00030605205128285596,0.0,0.5065629708330598,True,0,long_only,1.2543851766205996,0.9673014927115547
2020-01-07,1.2231104589959008,0.00802872662417653,0.48350639570366954,0.0,0.6046911444935245,0.0,0.6046911444935245,0.39530885550647554,0.0,0.0,0.0,True,0,long_only,1.2573111043024228,0.9727985816799916
2020-01-08,1.2153676178151946,-0.0063304512881547925,0.48350639570366954,0.0,0.6021727182654046,0.0,0.6021727182654046,0.39782728173459536,0.0,0.0,0.0,True,0,long_only,1.2506557686769357,0.9717842816980149
2020-01-09,1.2169625662609256,0.0013123177072942305,0.48350639570366954,0.0,0.6026941098202998,0.0,0.6026941098202998,0.3973058901797002,0.0,0.0,0.0,True,0,long_only,1.2554578988372003,0.9693376156923073
2020-01-10,1.2121135275880346,-0.003984542176830863,0.48350639570366954,0.0,0.6011046946520007,0.0,0.6011046946520007,0.39889530534799933,0.0,0.0,0.0,True,0,long_only,1.249604274472537,0.9699979044163182
2020-01-13,1.2172111598715574,0.004205573296147014,0.36347042781776495,0.0,0.7013908187827336,0.0,0.7013908187827336,0.29860918121726643,0.0004248714030644669,0.0,0.7018465280941426,True,0,long_only,1.2530265838396804,0.9714168682212847
2020-01-14,1.2223975283338804,0.004260861741417488,0.36347042781776495,0.0,0.7026577529871378,0.0,0.7026577529871378,0.29734224701286216,0.0,0.0,0.0,True,0,long_only,1.2530598410587968,0.9755300491483251
2020-01-15,1.2219832840201534,-0.00033887855965464286,0.36347042781776495,0.0,0.7025569559167797,0.0,0.7025569559167797,0.2974430440832203,0.0,0.0,0.0,True,0,long_only,1.2476810165670482,0.9794036038012334
2020-01-16,1.222071112183958,7.18734576432567e-05,0.36347042781776495,0.0,0.7025783326403907,0.0,0.7025783326403907,0.2974216673596093,0.0,0.0,0.0,True,0,long_only,1.2453363826193529,0.9813180834029274
2020-01-17,1.2224227299583414,0.0002877228427033973,0.36347042781776495,0.0,0.7026638830332027,0.0,0.7026638830332027,0.2973361169667973,0.0,0.0,0.0,True,0,long_only,1.2487395867755144,0.9789252642457439
2020-01-20,1.2399135652057833,0.01430833607620996,0.3671312421539886,0.0,0.7039057782281322,0.0,0.7039057782281322,0.29609422177186784,0.000493122062797582,0.0,0.8064229546923035,True,0,long_only,1.2591246841448684,0.9847424808829538
2020-01-21,1.2419220214841409,0.0016198357165517763,0.3671312421539886,0.0,0.7043846265683785,0.0,0.7043846265683785,0.2956153734316215,0.0,0.0,0.0,True,0,long_only,1.2552813525357216,0.9893575005917244
2020-01-22,1.257855438159462,0.012829643407305413,0.3671312421539886,0.0,0.7081292245385623,0.0,0.7081292245385623,0.2918707754614377,0.0,0.0,0.0,True,0,long_only,1.2558162984432084,1.0016237563716774
2020-01-23,1.2578617842840574,5.045193909314349e-06,0.3671312421539886,0.0,0.7081306970757918,0.0,0.7081306970757918,0.2918693029242082,0.0,0.0,0.0,True,0,long_only,1.2398018860381241,1.0145667613909226
2020-02-03,1.238536192685842,-0.015363843499876184,0.3618522397126669,0.0,0.7078387843249311,0.0,0.7078387843249311,0.2921612156750689,0.0004982073799224248,0.0,0.8265904228596208,True,0,long_only,1.1960159266699548,1.0355515884594242
2020-02-04,1.2538188995500448,0.01233933005305321,0.3618522397126669,0.0,0.7113999160145664,0.0,0.7113999160145664,0.2886000839854336,0.0,0.0,0.0,True,0,long_only,1.2200750480991376,1.0276571933041985
2020-02-05,1.2866476425823357,0.02618300222151082,0.3618522397126669,0.0,0.7187635311044289,0.0,0.7187635311044289,0.2812364688955711,0.0,0.0,0.0,True,0,long_only,1.22937574784518,1.046586159550927
2020-02-06,1.3209698118695885,0.02667565551852813,0.3618522397126669,0.0,0.7260707728055253,0.0,0.7260707728055253,0.27392922719447466,0.0,0.0,0.0,True,0,long_only,1.2391183440452243,1.066056215064295
2020-02-07,1.3334170623184645,0.00942281219224772,0.3618522397126669,0.0,0.7286278615008118,0.0,0.7286278615008118,0.2713721384991882,0.0,0.0,0.0,True,0,long_only,1.2370224316404936,1.0779247232809965
2020-02-10,1.344836250818359,0.008563853592843174,0.4033847719849351,0.0,0.7000491533898884,0.0,0.7000491533898884,0.2999508466101116,0.00044867449603821683,0.0,0.6679683804823278,True,0,long_only,1.2419452076701054,1.0828466847915759
2020-02-11,1.3571990528067632,0.009192793532209809,0.4033847719849351,0.0,0.7027814224076322,0.0,0.7027814224076322,0.2972185775923678,0.0,0.0,0.0,True,0,long_only,1.2469773079625566,1.088391139229549
2020-02-12,1.371091882526758,0.01023639803701859,0.4033847719849351,0.0,0.7057930419356394,0.0,0.7057930419356394,0.2942069580643606,0.0,0.0,0.0,True,0,long_only,1.2607776386949867,1.0874969863408712
2020-02-13,1.3623812907175858,-0.006353032878525511,0.4033847719849351,0.0,0.7039119850416717,0.0,0.7039119850416717,0.29608801495832826,0.0,0.0,0.0,True,0,long_only,1.2568497488372357,1.0839651215095376
2020-02-14,1.3629269333011576,0.0004005065155321397,0.4033847719849351,0.0,0.7040305227457109,0.0,0.7040305227457109,0.2959694772542891,0.0,0.0,0.0,True,0,long_only,1.256206540067519,1.0849544958012258
2020-02-17,1.3842094587498721,0.015615309176674641,0.27273896365556566,0.0,0.8029640948257313,0.0,0.8029640948257313,0.19703590517426872,0.00034390757831905547,0.0,0.5054564251103647,True,0,long_only,1.270542524307843,1.0894633058456282
2020-02-18,1.3963003056665109,0.008734839109941106,0.27273896365556566,0.0,0.8046702686028732,0.0,0.8046702686028732,0.19532973139712684,0.0,0.0,0.0,True,0,long_only,1.2751270673430384,1.0950283633896654
2020-02-19,1.3940692786485018,-0.001597813170243656,0.27273896365556566,0.0,0.8043576687092797,0.0,0.8043576687092797,0.19564233129072028,0.0,0.0,0.0,True,0,long_only,1.2744399873481047,1.093868124421712
2020-02-20,1.404685906210056,0.007615566689660236,0.27273896365556566,0.0,0.8058363350484272,0.0,0.8058363350484272,0.19416366495157278,0.0,0.0,0.0,True,0,long_only,1.2839052041887113,1.0940729125696356
2020-02-21,1.4121735018615027,0.005330441217032522,0.27273896365556566,0.0,0.8068658254130631,0.0,0.8068658254130631,0.19313417458693694,0.0,0.0,0.0,True,0,long_only,1.290687554087206,1.0941249858570252
2020-02-24,1.4286087031883477,0.011638230929259308,0.2837330616790311,0.0,0.801392038949644,0.0,0.801392038949644,0.19860796105035605,0.0005742813078040809,0.0,0.8108918014255269,True,0,long_only,1.2956821515581007,1.1025919446913723
2020-02-25,1.4250597228383548,-0.0024842214261135975,0.2837330616790311,0.0,0.8008974240645105,0.0,0.8008974240645105,0.19910257593548952,0.0,0.0,0.0,True,0,long_only,1.2940872202413343,1.101208404308788
2020-02-26,1.4033980584155779,-0.015200530950122193,0.2837330616790311,0.0,0.7978242452470237,0.0,0.7978242452470237,0.20217575475297633,0.0,0.0,0.0,True,0,long_only,1.285576910149608,1.0916484632975079
2020-02-27,1.3949054562662868,-0.006051456390697152,0.2837330616790311,0.0,0.7965933387066295,0.0,0.7965933387066295,0.20340666129337048,0.0,0.0,0.0,True,0,long_only,1.2841482649284226,1.0862495354802646
2020-02-28,1.370269841709589,-0.017661135703518793,0.2837330616790311,0.0,0.792936359655236,0.0,0.792936359655236,0.207063640344764,0.0,0.0,0.0,True,0,long_only,1.2647058823529411,1.0834691771657217
2020-03-02,1.3998288834366621,0.021571694003127417,0.0006750250235182339,0.0,0.9995177803290779,0.0,0.9995177803290779,0.0004822196709221016,0.0005596850750103105,0.0,0.812790473009877,True,0,long_only,1.2734429783750238,1.0992474003216954
2020-03-03,1.4377210051229636,0.027069109756668208,0.14116145029391974,0.0,0.9018158253298617,0.0,0.9018158253298617,0.09818417467013829,7.027835181110631e-05,0.0,0.0982696958300363,True,0,long_only,1.2785858181311283,1.124461873997976
2020-03-04,1.4220296975218492,-0.010914014294291063,0.14116145029391974,0.0,0.900732417515668,0.0,0.900732417515668,0.09926758248433198,0.0,0.0,0.0,True,0,long_only,1.278405733827616,1.1123461510644317
2020-03-05,1.4352267154748952,0.009280409527342881,0.14116145029391974,0.0,0.9016451904274848,0.0,0.9016451904274848,0.09835480957251519,0.0,0.0,0.0,True,0,long_only,1.2941247230628907,1.1090327616012536
2020-03-06,1.4456794874376067,0.00728301100446882,0.14116145029391974,0.0,0.9023563303480765,0.0,0.9023563303480765,0.0976436696519235,0.0,0.0,0.0,True,0,long_only,1.293082781463983,1.1180100053616515
2020-03-09,1.400624062234221,-0.031165569958555572,0.28826636296257574,0.0,0.7941871978818182,0.0,0.7941871978818182,0.20581280211818176,0.00038274172653619544,0.0,0.5324067240863815,True,0,long_only,1.2702722209524726,1.1026172493829773
2020-03-10,1.4108265923381602,0.007284274473811747,0.28826636296257574,0.0,0.7956755532337731,0.0,0.7956755532337731,0.20432444676622685,0.0,0.0,0.0,True,0,long_only,1.280100436801731,1.1021217958983298
2020-03-11,1.4126163530093487,0.0012685901165376823,0.28826636296257574,0.0,0.7959344288005225,0.0,0.7959344288005225,0.20406557119947755,0.0,0.0,0.0,True,0,long_only,1.2783409883904002,1.1050387696541115
2020-03-12,1.4016291451980514,-0.007777913506304079,0.28826636296257574,0.0,0.794334782527768,0.0,0.794334782527768,0.205665217472232,0.0,0.0,0.0,True,0,long_only,1.2686072371954398,1.1048566523210828
2020-03-13,1.4007425984996376,-0.0006325116036942635,0.28826636296257574,0.0,0.7942046145584897,0.0,0.7942046145584897,0.20579538544151033,0.0,0.0,0.0,True,0,long_only,1.2609474627926016,1.1108651548395472
2020-03-16,1.358216638619253,-0.030359582071634694,0.0009816364644239385,0.0,0.9992772607575903,0.0,0.9992772607575903,0.0007227392424097312,0.0002882538928674453,0.0,0.40752435465870773,True,0,long_only,1.2412199172532086,1.0942594617921984
2020-03-17,1.3621684383629595,0.0029095503849252413,0.14739065431417453,0.0,0.8917970420080301,0.0,0.8917970420080301,0.10820295799196988,7.32411294896201e-05,0.0,0.10675151071717356,True,0,long_only,1.236861452547963,1.1013104463372685
2020-03-18,1.360139322840786,-0.0014896215952646674,0.14739065431417453,0.0,0.891635620087555,0.0,0.891635620087555,0.10836437991244496,0.0,0.0,0.0,True,0,long_only,1.2349856038697251,1.1013402250025444
2020-03-19,1.3636768328168631,0.0026008438375921816,0.14739065431417453,0.0,0.8919167278000032,0.0,0.8919167278000032,0.1080832721999968,0.0,0.0,0.0,True,0,long_only,1.2315381746881429,1.107295624970928
2020-03-20,1.3859529690083603,0.016335348416444573,0.14739065431417453,0.0,0.8936539279398265,0.0,0.8936539279398265,0.10634607206017355,0.0,0.0,0.0,True,0,long_only,1.2492724098817811,1.1094081307210757
2020-03-23,1.35040219648935,-0.02565077842752972,0.000868178105131894,0.0,0.9993570966432157,0.0,0.9993570966432157,0.0006429033567842968,0.00042305206228778446,0.0,0.6195972649024855,True,0,long_only,1.2258359768105196,1.1016173631997137
2020-03-24,1.3593530577897412,0.006628292906854627,0.000868178105131894,0.0,0.9993613299354742,0.0,0.9993613299354742,0.0006386700645257815,0.0,0.0,0.0,True,0,long_only,1.2326982855549744,1.1027459628352978
2020-03-25,1.3796350859643698,0.01492035351552179,0.000868178105131894,0.0,0.9993707190300071,0.0,0.9993707190300071,0.0006292809699929292,0.0,0.0,0.0,True,0,long_only,1.2527934295056633,1.1012470639383514
2020-03-26,1.3745589728930747,-0.0036793157284391587,0.000868178105131894,0.0,0.9993683951563718,0.0,0.9993683951563718,0.0006316048436282307,0.0,0.0,0.0,True,0,long_only,1.2473891313992729,1.1019488131591684
2020-03-27,1.3699658873917955,-0.003341497594397169,0.000868178105131894,0.0,0.9993662775744111,0.0,0.9993662775744111,0.0006337224255889007,0.0,0.0,0.0,True,0,long_only,1.2435893172151395,1.1016224314789549
2020-03-30,1.3539891740034253,-0.011662124973627841,0.0009119426113200407,0.0,0.9993264771766058,0.0,0.9993264771766058,0.0006735228233941681,0.0004562212985623584,0.0,0.6663656888957193,True,0,long_only,1.2388873125124271,1.092907450361708
2020-03-31,1.3568097060699829,0.0020831274878054806,0.0009119426113200407,0.0,0.99932787729389,0.0,0.99932787729389,0.0006721227061099455,0.0,0.0,0.0,True,0,long_only,1.2382058933207476,1.0957868262370738
2020-04-01,1.359023083496808,0.0016313101365086347,0.0009119426113200407,0.0,0.9993289719487519,0.0,0.9993289719487519,0.0006710280512480793,0.0,0.0,0.0,True,0,long_only,1.2391034844366828,1.0967793251865825
2020-04-02,1.3656575621571083,0.004881799831706557,0.0009119426113200407,0.0,0.9993322318591495,0.0,0.9993322318591495,0.0006677681408504554,0.0,0.0,0.0,True,0,long_only,1.2412963380971351,1.1001865712829015
2020-04-03,1.355606044826381,-0.007360203325678882,0.0009119426113200407,0.0,0.9993272805068992,0.0,0.9993272805068992,0.0006727194931007707,0.0,0.0,0.0,True,0,long_only,1.2361329779292356,1.0966506589746405
2020-04-07,1.3742021797151143,0.013717949222566972,0.0011561472764815425,0.0,0.9991586774540546,0.0,0.9991586774540546,0.0008413225459453777,0.00021043591601453693,0.0,0.3077172787271025,True,0,long_only,1.2491521178126372,1.10010795332233
2020-04-08,1.3729178125490538,-0.0009346275133450543,0.0011561472764815425,0.0,0.9991578903952487,0.0,0.9991578903952487,0.0008421096047512844,0.0,0.0,0.0,True,0,long_only,1.2478947118898804,1.1001872188959207
2020-04-09,1.3803287203793866,0.005397925325605124,0.0011561472764815425,0.0,0.9991624116346982,0.0,0.9991624116346982,0.000837588365301789,0.0,0.0,0.0,True,0,long_only,1.2502266090302547,1.1040628238188326
2020-04-10,1.3588819594665178,-0.01553743003114072,0.0011561472764815425,0.0,0.9991491922691096,0.0,0.9991491922691096,0.0008508077308904127,0.0,0.0,0.0,True,0,long_only,1.2402593497010743,1.0956433908714607
2020-04-13,1.335424771583459,-0.017262123262176354,0.0011363012741841085,0.0,0.9991491087342668,0.0,0.9991491087342668,0.0008508912657332335,0.00021899838174074332,0.0,0.3228742225606805,True,0,long_only,1.2288821965614867,1.0866987700856008
2020-04-14,1.3468409895955245,0.008548754115538015,0.10351826796689072,0.0,0.9231399483928844,0.0,0.9231399483928844,0.07686005160711562,5.12165916421744e-05,0.0,0.07646616930251916,True,0,long_only,1.2335449294416254,1.0918459129049993
2020-04-15,1.3467804849695773,-4.492336245676132e-05,0.10351826796689072,0.0,0.9231364954258087,0.0,0.9231364954258087,0.07686350457419133,0.0,0.0,0.0,True,0,long_only,1.2329954777258005,1.0922833938155618
2020-04-16,1.3583119041289624,0.008562211353727589,0.10351826796689072,0.0,0.9237890298596232,0.0,0.9237890298596232,0.07621097014037681,0.0,0.0,0.0,True,0,long_only,1.2380760486461129,1.0971150807854917
2020-04-17,1.3617032366418778,0.0024967259011765552,0.10351826796689072,0.0,0.9239788338741273,0.0,0.9239788338741273,0.07602116612587273,0.0,0.0,0.0,True,0,long_only,1.2412453908678507,1.0970459561503836
2020-04-20,1.3742636573379619,0.009224051436537373,0.0010518903288177625,0.0,0.9992345789520074,0.0,0.9992345789520074,0.0007654210479925982,0.00026225521045380106,0.0,0.38381757899586677,True,0,long_only,1.245489224307206,1.1033926512711385
2020-04-21,1.3667972009707268,-0.005433059607861668,0.0010518903288177625,0.0,0.9992303976566014,0.0,0.9992303976566014,0.0007696023433986232,0.0,0.0,0.0,True,0,long_only,1.2423633995104821,1.1001589402177125
2020-04-22,1.3756220686100324,0.006456603534919614,0.0010518903288177625,0.0,0.9992353347966563,0.0,0.9992353347966563,0.0007646652033437285,0.0,0.0,0.0,True,0,long_only,1.2464480228583235,1.1036337202858169
2020-04-23,1.406525829481815,0.022465298846948922,0.0010518903288177625,0.0,0.999252135789639,0.0,0.999252135789639,0.0007478642103609934,0.0,0.0,0.0,True,0,long_only,1.2451474533107563,1.1296058356317282
2020-04-24,1.385085610092234,-0.0152433883119516,0.0010518903288177625,0.0,0.9992405593407705,0.0,0.9992405593407705,0.0007594406592295044,0.0,0.0,0.0,True,0,long_only,1.2388119530691106,1.1180757552917824
2020-04-27,1.3791322392796428,-0.004298196998952841,0.0009148217674526622,0.0,0.9993366685649155,0.0,0.9993366685649155,0.0006633314350844577,0.00047766801090392836,0.0,0.6854615899565368,True,0,long_only,1.2422356776370673,1.110201762923904
2020-04-28,1.3754466164704795,-0.0026724216171528647,0.0009148217674526622,0.0,0.9993348911135496,0.0,0.9993348911135496,0.0006651088864504384,0.0,0.0,0.0,True,0,long_only,1.2418051027895731,1.1076187506241486
2020-04-29,1.3563880554658072,-0.013856270956977057,0.0009148217674526622,0.0,0.9993255456919086,0.0,0.9993255456919086,0.0006744543080914323,0.0,0.0,0.0,True,0,long_only,1.2425654194266031,1.0916029323363343
2020-04-30,1.372180913820027,0.011643318658387969,0.0009148217674526622,0.0,0.9993333081970176,0.0,0.9993333081970176,0.0006666918029823998,0.0,0.0,0.0,True,0,long_only,1.2502573896479476,1.097518739086526
2020-05-06,1.3929304583679964,0.015121580790833589,0.27484195744202605,0.0,0.8026879548861039,0.0,0.8026879548861039,0.1973120451138961,0.0005656617253284226,0.0,0.8248464424888473,True,0,long_only,1.2530103090303257,1.1116671972523127
2020-05-07,1.3868349221485916,-0.004376052072654457,0.5526134243725048,0.0,0.6015290532802898,0.0,0.6015290532802898,0.3984709467197102,0.00013895521107077475,0.0,0.20012787925785602,True,0,long_only,1.2475617858985144,1.1116362634895638
2020-05-08,1.390552492034804,0.002680614561142436,0.5526134243725048,0.0,0.6025943446666568,0.0,0.6025943446666568,0.39740565533334316,0.0,0.0,0.0,True,0,long_only,1.2497235051410707,1.1126881156627013
2020-05-11,1.3840628208762116,-0.004666973160499688,0.696945637523356,0.0,0.4964494190501128,0.0,0.4964494190501128,0.5035505809498872,0.0003543322084913425,0.0,0.5085560811670091,True,0,long_only,1.247131918651427,1.109796646350655
2020-05-12,1.37651792916801,-0.005451263912591098,0.696945637523356,0.0,0.49368938627294057,0.0,0.49368938627294057,0.5063106137270594,0.0,0.0,0.0,True,0,long_only,1.243321490461193,1.1071295234005887
2020-05-13,1.3755968810899206,-0.0006691144797846826,0.696945637523356,0.0,0.49335037967580436,0.0,0.49335037967580436,0.5066496203241957,0.0,0.0,0.0,True,0,long_only,1.2414513025862086,1.1080554494761559
2020-05-14,1.369502682051127,-0.004430221616935626,0.696945637523356,0.0,0.4910958213827453,0.0,0.4910958213827453,0.5089041786172547,0.0,0.0,0.0,True,0,long_only,1.2322478978960918,1.111385691458172
2020-05-15,1.3660480500429772,-0.0025225449014640855,0.696945637523356,0.0,0.48980884127653534,0.0,0.48980884127653534,0.5101911587234647,0.0,0.0,0.0,True,0,long_only,1.2304711132747959,1.1101829496893711
2020-05-18,1.3554632089397742,-0.007748513021097692,0.6833169632905918,0.0,0.4958793726130911,0.0,0.4958793726130911,0.5041206273869089,0.0001434695244657143,0.0,0.210072641204983,True,0,long_only,1.2214021526619574,1.109759963977172
2020-05-19,1.361878293288509,0.004732761690929621,0.6833169632905918,0.0,0.4982540167810475,0.0,0.4982540167810475,0.5017459832189525,0.0,0.0,0.0,True,0,long_only,1.2199887208495168,1.1163040034830731
2020-05-20,1.3548978819145954,-0.0051255764985121965,0.6833169632905918,0.0,0.49566902981278416,0.0,0.49566902981278416,0.5043309701872158,0.0,0.0,0.0,True,0,long_only,1.209810596599131,1.1199256195335994
2020-05-21,1.3509834789238495,-0.0028890760277922034,0.6833169632905918,0.0,0.49420775757013674,0.0,0.49420775757013674,0.5057922424298633,0.0,0.0,0.0,True,0,long_only,1.2067378418329113,1.1195335325457632
2020-05-22,1.346881660426062,-0.003036172212153798,0.6833169632905918,0.0,0.4926674084533629,0.0,0.4926674084533629,0.5073325915466371,0.0,0.0,0.0,True,0,long_only,1.2001589270513513,1.1222527534209084
2020-05-25,1.340000295666199,-0.005109108663404305,0.537473295330255,0.0,0.5989006143740864,0.0,0.5989006143740864,0.40109938562591363,0.00020487493368004332,0.0,0.3051698135165574,True,0,long_only,1.1899054433576488,1.1261401510064664
2020-05-26,1.3573526978576431,0.012949551016939953,0.537473295330255,0.0,0.6040282704866851,0.0,0.6040282704866851,0.39597172951331494,0.0,0.0,0.0,True,0,long_only,1.197260949585594,1.1337150003326022
2020-05-27,1.3531052376016057,-0.0031292237181546056,0.537473295330255,0.0,0.6027852968162827,0.0,0.6027852968162827,0.3972147031837173,0.0,0.0,0.0,True,0,long_only,1.1972821775977958,1.1301473144087473
2020-05-28,1.345359811495897,-0.005724186035550138,0.537473295330255,0.0,0.600498475770105,0.0,0.600498475770105,0.39950152422989504,0.0,0.0,0.0,True,0,long_only,1.1982229323385414,1.1227959131696739
2020-05-29,1.3536745781212214,0.0061803292727165005,0.537473295330255,0.0,0.6029523609165951,0.0,0.6029523609165951,0.3970476390834049,0.0,0.0,0.0,True,0,long_only,1.2096520941080238,1.11906107939192
2020-06-01,1.3793562092658374,0.01897179097524293,0.4065330437988305,0.0,0.7052733434134408,0.0,0.7052733434134408,0.29472665658655917,7.210731685440618e-05,0.0,0.10660279672912912,True,0,long_only,1.2242718261114458,1.1266747954553307
2020-06-02,1.3883049729778683,0.006487637966116067,0.4065330437988305,0.0,0.7071730983381623,0.0,0.7071730983381623,0.29282690166183767,0.0,0.0,0.0,True,0,long_only,1.2254457351862087,1.1328979595876703
2020-06-03,1.3883659874709686,4.394891200987239e-05,0.4065330437988305,0.0,0.7071859671963253,0.0,0.7071859671963253,0.2928140328036747,0.0,0.0,0.0,True,0,long_only,1.2222010335211542,1.13595550109387
2020-06-04,1.3901352624334569,0.001274357754694977,0.4065330437988305,0.0,0.7075586421085478,0.0,0.7075586421085478,0.2924413578914522,0.0,0.0,0.0,True,0,long_only,1.2176051688794511,1.141696255866574
2020-06-05,1.3868711853206084,-0.002348028426481852,0.4065330437988305,0.0,0.7068703653938482,0.0,0.7068703653938482,0.2931296346061518,0.0,0.0,0.0,True,0,long_only,1.2146622587878664,1.14177515213537
2020-06-08,1.382725981812053,-0.002988888623853825,0.5555101332123197,0.0,0.5982500216822949,0.0,0.5982500216822949,0.4017499783177051,0.0006322048736122555,0.0,0.9105783400553685,True,0,long_only,1.2148274834828376,1.1382076884265577
2020-06-09,1.3856572155004843,0.0021198948504532744,0.5555101332123197,0.0,0.5990998877657665,0.0,0.5990998877657665,0.4009001122342335,0.0,0.0,0.0,True,0,long_only,1.2147510626389109,1.1406923262864235
2020-06-10,1.3892977226029322,0.00262727827757403,0.5555101332123197,0.0,0.6001504039238341,0.0,0.6001504039238341,0.3998495960761659,0.0,0.0,0.0,True,0,long_only,1.2126261386175046,1.1456933661242434
2020-06-11,1.3839731077809583,-0.0038325945082512414,0.5555101332123197,0.0,0.598612046658178,0.0,0.598612046658178,0.401387953341822,0.0,0.0,0.0,True,0,long_only,1.208607322107489,1.1450974046456033
2020-06-12,1.384971354679776,0.0007212906762459337,0.5555101332123197,0.0,0.598901355370804,0.0,0.598901355370804,0.401098644629196,0.0,0.0,0.0,True,0,long_only,1.2104665421761684,1.1441632679825118
2020-06-15,1.3904746300910746,0.003973566234928505,0.5545424590912172,0.0,0.6011847702284973,0.0,0.6011847702284973,0.39881522977150274,0.00041913157933751394,0.0,0.6049197175557922,True,0,long_only,1.2118845733912527,1.147365566507764
2020-06-16,1.401373268655094,0.007838070776814865,0.5545424590912172,0.0,0.6042864014215035,0.0,0.6042864014215035,0.39571359857849653,0.0,0.0,0.0,True,0,long_only,1.218111103170262,1.150447824511141
2020-06-17,1.4013160303107175,-4.08444671071706e-05,0.5545424590912172,0.0,0.6042702380502581,0.0,0.6042702380502581,0.39572976194974185,0.0,0.0,0.0,True,0,long_only,1.2177894987854039,1.150704642886442
2020-06-18,1.4033847278802893,0.0014762534109549197,0.5545424590912172,0.0,0.6048535743090113,0.0,0.6048535743090113,0.3951464256909887,0.0,0.0,0.0,True,0,long_only,1.2182359946420498,1.1519810070073009
2020-06-19,1.4082072032783104,0.0034363174275846564,0.5545424590912172,0.0,0.6062067728383714,0.0,0.6062067728383714,0.39379322716162857,0.0,0.0,0.0,True,0,long_only,1.2210207560427306,1.1533032475567753
2020-06-22,1.4120599731226442,0.0027359395942334608,0.8466638104639967,0.0,0.40040520475084673,0.0,0.40040520475084673,0.5995947952491533,0.0002871739280623417,0.0,0.4070993671963881,True,0,long_only,1.2184486285642717,1.1588998830311865
2020-06-23,1.4282459068316558,0.011462638993454233,0.8466638104639967,0.0,0.40720025423199674,0.0,0.40720025423199674,0.5927997457680032,0.0,0.0,0.0,True,0,long_only,1.212598542201642,1.1778390432817738
2020-06-24,1.4292715173530341,0.0007180909929254131,0.8466638104639967,0.0,0.4076256329294301,0.0,0.4076256329294301,0.5923743670705699,0.0,0.0,0.0,True,0,long_only,1.2147606152444017,1.1765869747641384
2020-06-29,1.4228765148636735,-0.004474309053050907,0.7149945678298969,0.0,0.4975006190903355,0.0,0.4975006190903355,0.5024993809096645,0.0002210838660061625,0.0,0.30933243202688937,True,0,long_only,1.2083670917694043,1.1775200802433012
2020-06-30,1.4246068460437165,0.0012160796541142993,0.7149945678298969,0.0,0.4981109561451903,0.0,0.4981109561451903,0.5018890438548097,0.0,0.0,0.0,True,0,long_only,1.2151671316780674,1.1723546571543837
2020-07-01,1.4293356554143526,0.0033193785245162477,0.7149945678298969,0.0,0.4997714042034263,0.0,0.4997714042034263,0.5002285957965737,0.0,0.0,0.0,True,0,long_only,1.2278370707607484,1.16410856900481
2020-07-02,1.441401550642592,0.008441610745896888,0.7149945678298969,0.0,0.5039587910036971,0.0,0.5039587910036971,0.4960412089963029,0.0,0.0,0.0,True,0,long_only,1.248743832377955,1.1542812170673653
2020-07-03,1.450655586398175,0.0064201649786330695,0.7149945678298969,0.0,0.5071231417478265,0.0,0.5071231417478265,0.49287685825217353,0.0,0.0,0.0,True,0,long_only,1.2665958830393136,1.1453184127815046
2020-07-06,1.468559280533114,0.012341795187506888,0.8734518458731176,0.0,0.40523215000484103,0.0,0.40523215000484103,0.594767849995159,7.967217141131245e-05,0.0,0.10950338775632462,True,0,long_only,1.3096094965635388,1.1213718932144774
2020-07-07,1.4700343493230148,0.0010044325819555944,0.8734518458731176,0.0,0.4058289547619328,0.0,0.4058289547619328,0.5941710452380672,0.0,0.0,0.0,True,0,long_only,1.3096477069855021,1.1224654855515952
2020-07-08,1.4708101808313452,0.0005277642040730779,0.8734518458731176,0.0,0.40614237156053884,0.0,0.40614237156053884,0.5938576284394612,0.0,0.0,0.0,True,0,long_only,1.323238941797744,1.1115227449647997
2020-07-09,1.4780453321983793,0.004919160515291399,0.8734518458731176,0.0,0.40904935265146164,0.0,0.40904935265146164,0.5909506473485384,0.0,0.0,0.0,True,0,long_only,1.3356902323547457,1.1065779298188545
2020-07-10,1.4665243343155834,-0.0077947527263322325,0.8734518458731176,0.0,0.4044068513320977,0.0,0.4044068513320977,0.5955931486679023,0.0,0.0,0.0,True,0,long_only,1.3171641923059776,1.113395234156889
2020-07-13,1.4860220709411358,0.013295201565579173,0.8816218135326258,0.0,0.40672360742645486,0.0,0.40672360742645486,0.5932763925735451,0.00015095063789206096,0.0,0.20552413030987524,True,0,long_only,1.3366865337274194,1.1117206865227307
2020-07-14,1.4769613451940344,-0.006097302270458793,0.8816218135326258,0.0,0.4030840303293087,0.0,0.4030840303293087,0.5969159696706914,0.0,0.0,0.0,True,0,long_only,1.3247118120443495,1.1149303054184496
2020-07-15,1.461450664356657,-0.010501751374772716,0.8816218135326258,0.0,0.39674883659468363,0.0,0.39674883659468363,0.6032511634053164,0.0,0.0,0.0,True,0,long_only,1.3064330783377334,1.1186571195948003
2020-07-16,1.441098652968947,-0.013925896976254792,0.8816218135326258,0.0,0.3882293819952497,0.0,0.3882293819952497,0.6117706180047503,0.0,0.0,0.0,True,0,long_only,1.2700981512524172,1.134635659100763
2020-07-17,1.4424322218243848,0.0009253834584401766,0.8816218135326258,0.0,0.38879498100953913,0.0,0.38879498100953913,0.6112050189904609,0.0,0.0,0.0,True,0,long_only,1.2712618001212828,1.1346460828814111
2020-07-20,1.4654614678039108,0.015965565404798543,0.7217022415165169,0.0,0.5075256106200904,0.0,0.5075256106200904,0.4924743893799096,0.0005058087986495596,0.0,0.7008506210190897,True,0,long_only,1.2963211147253768,1.1304772028760528
2020-07-21,1.4632152055496312,-0.0015328019901101886,0.7217022415165169,0.0,0.5067695860600205,0.0,0.5067695860600205,0.49323041393997946,0.0,0.0,0.0,True,0,long_only,1.2974239099592635,1.1277849855530822
2020-07-22,1.4799511541978014,0.01143779027493319,0.7217022415165169,0.0,0.5123472558743255,0.0,0.5123472558743255,0.4876527441256745,0.0,0.0,0.0,True,0,long_only,1.3048625592349992,1.1341816375400113
2020-07-23,1.483147864545451,0.002160010712909166,0.7217022415165169,0.0,0.513398320714502,0.0,0.513398320714502,0.486601679285498,0.0,0.0,0.0,True,0,long_only,1.3032637361159956,1.1380258833607606
2020-07-24,1.4592548948558248,-0.016109634285822794,0.7217022415165169,0.0,0.5054309949134546,0.0,0.5054309949134546,0.49456900508654544,0.0,0.0,0.0,True,0,long_only,1.2769374629836538,1.142777103152862
2020-07-27,1.4799380120672043,0.014173752155495212,0.7322515228366578,0.0,0.5052147340861691,0.0,0.5052147340861691,0.4947852659138309,0.00015708228487492452,0.0,0.21463508382687185,True,0,long_only,1.2726310069083029,1.1628963965466532
2020-07-28,1.4833410550902215,0.002299449703480283,0.7322515228366578,0.0,0.5063498577593674,0.0,0.5063498577593674,0.49365014224063264,0.0,0.0,0.0,True,0,long_only,1.281316094300491,1.1576698846509237
2020-07-29,1.5000799850571547,0.011284613143748734,0.7322515228366578,0.0,0.5118583474675463,0.0,0.5118583474675463,0.4881416525324537,0.0,0.0,0.0,True,0,long_only,1.2971751884162983,1.1564205039171154
2020-07-30,1.5050289260473106,0.003299118073338825,0.7322515228366578,0.0,0.5134634888647718,0.0,0.5134634888647718,0.4865365111352282,0.0,0.0,0.0,True,0,long_only,1.2986554884671748,1.1589131524202172
2020-07-31,1.5257189351540594,0.013747250134977351,0.7322515228366578,0.0,0.5200613258675205,0.0,0.5200613258675205,0.4799386741324795,0.0,0.0,0.0,True,0,long_only,1.3059688924709194,1.1682659088972391
2020-08-03,1.5335200375846056,0.005113066535913813,0.7642600026304603,0.0,0.5016302468181507,0.0,0.5016302468181507,0.4983697531818493,0.00047677090222691075,0.0,0.6239183104208269,True,0,long_only,1.323341190056516,1.1588243826364337
2020-08-04,1.5304969595819125,-0.0019713325738179854,0.7642600026304603,0.0,0.5006458537237252,0.0,0.5006458537237252,0.49935414627627484,0.0,0.0,0.0,True,0,long_only,1.3228462235720095,1.1569726944143175
2020-08-05,1.5315491964834398,0.0006875132256485283,0.7642600026304603,0.0,0.5009889304337969,0.0,0.5009889304337969,0.4990110695662031,0.0,0.0,0.0,True,0,long_only,1.3311385927384631,1.1505557759637073
2020-08-06,1.5304544347708742,-0.0007148067558516713,0.7642600026304603,0.0,0.5006319787985858,0.0,0.5006319787985858,0.4993680212014142,0.0,0.0,0.0,True,0,long_only,1.332520182532601,1.1485412790236897
2020-08-07,1.5209468184753903,-0.0062122831490291075,0.7642600026304603,0.0,0.49751037094343575,0.0,0.49751037094343575,0.5024896290565642,0.0,0.0,0.0,True,0,long_only,1.320352993538901,1.1519243913696473
2020-08-10,1.5224480345467069,0.0009870273260581541,0.910357636303122,0.0,0.40204354063607056,0.0,0.40204354063607056,0.5979564593639295,8.079010837641646e-05,0.0,0.10653818049510137,True,0,long_only,1.3216429490803672,1.1519359563837306
2020-08-11,1.516331483951877,-0.004017575940876705,0.910357636303122,0.0,0.39963151465368274,0.0,0.39963151465368274,0.6003684853463173,0.0,0.0,0.0,True,0,long_only,1.3116541079387813,1.1560452369068084
2020-08-12,1.51171827071201,-0.003042351417675393,0.910357636303122,0.0,0.39779940883141596,0.0,0.39779940883141596,0.602200591168584,0.0,0.0,0.0,True,0,long_only,1.303640179532375,1.1596131313275984
2020-08-13,1.5108103509022663,-0.000600587971537947,0.910357636303122,0.0,0.3974375170520573,0.0,0.3974375170520573,0.6025624829479427,0.0,0.0,0.0,True,0,long_only,1.3095755317440159,1.1536641562707404
2020-08-14,1.5109582458171025,9.789111833113928e-05,0.910357636303122,0.0,0.3974964967937846,0.0,0.3974964967937846,0.6025035032062154,0.0,0.0,0.0,True,0,long_only,1.314790192941403,1.1492010314108285
2020-08-17,1.5177324900880456,0.004483409313061237,0.908123372901753,0.0,0.4016578159639504,0.0,0.4016578159639504,0.5983421840360497,0.0003035015788094546,0.0,0.4011017199335905,True,0,long_only,1.3276851489534236,1.1431418746262476
2020-08-18,1.5197106399251368,0.001303358694638268,0.908123372901753,0.0,0.402436655344804,0.0,0.402436655344804,0.597563344655196,0.0,0.0,0.0,True,0,long_only,1.3329305907685036,1.1401273633077509
2020-08-19,1.5149761364098173,-0.0031153980178441065,0.908123372901753,0.0,0.40056918978683104,0.0,0.40056918978683104,0.5994308102131689,0.0,0.0,0.0,True,0,long_only,1.3249226769655547,1.1434449441831116
2020-08-20,1.5099331574523973,-0.0033287514147719577,0.908123372901753,0.0,0.3985671694010846,0.0,0.3985671694010846,0.6014328305989154,0.0,0.0,0.0,True,0,long_only,1.31316094300491,1.1498462282903517
2020-08-21,1.5135846073928527,0.0024182858177750344,0.908123372901753,0.0,0.40001809712772224,0.0,0.40001809712772224,0.5999819028722777,0.0,0.0,0.0,True,0,long_only,1.3162259141666555,1.149942871586107
2020-08-24,1.5126884891845611,-0.0005920502916814119,0.7575979297858387,0.0,0.4991712205106857,0.0,0.4991712205106857,0.5008287794893143,0.00023025806001066902,0.0,0.3040520424028239,True,0,long_only,1.319059853795604,1.1467929107475976
2020-08-25,1.5140084394565887,0.0008725856522773245,0.7575979297858387,0.0,0.49960785551647413,0.0,0.49960785551647413,0.5003921444835259,0.0,0.0,0.0,True,0,long_only,1.3172876685769521,1.149337745712105
2020-08-26,1.5058786213826256,-0.005369731014763013,0.7575979297858387,0.0,0.4969063780915831,0.0,0.4969063780915831,0.5030936219084169,0.0,0.0,0.0,True,0,long_only,1.3043141689197841,1.1545367345275215
2020-08-27,1.5035303923787227,-0.0015593746870162795,0.7575979297858387,0.0,0.4961206413744324,0.0,0.4961206413744324,0.5038793586255677,0.0,0.0,0.0,True,0,long_only,1.3061882485970053,1.1510824676256928
2020-08-28,1.5084389586593363,0.003264693753777692,0.7575979297858387,0.0,0.4977603001853166,0.0,0.4977603001853166,0.5022396998146834,0.0,0.0,0.0,True,0,long_only,1.3148404325702807,1.147241080585425
2020-08-31,1.503245514066957,-0.003442926584841799,0.7548221552662943,0.0,0.49787167285524775,0.0,0.49787167285524775,0.5021283271447523,0.00045350879771910413,0.0,0.6009042094173048,True,0,long_only,1.3171744525118754,1.1412653131862986
2020-09-01,1.5034116297433777,0.00011050468793438739,0.9059488874466664,0.0,0.397404629894139,0.0,0.397404629894139,0.6025953701058611,7.560116667352281e-05,0.0,0.10061918607891608,True,0,long_only,1.3215382242201714,1.1376225085207265
2020-09-02,1.5058111012247266,0.001596017640064673,0.9059488874466664,0.0,0.3983648502060931,0.0,0.3983648502060931,0.601635149793907,0.0,0.0,0.0,True,0,long_only,1.325803639471932,1.1357723394276484
2020-09-03,1.5010445916243997,-0.0031654100547207076,0.9059488874466664,0.0,0.39645438083470463,0.0,0.39645438083470463,0.6035456191652954,0.0,0.0,0.0,True,0,long_only,1.321823387184083,1.1355863469945986
2020-09-04,1.4999289600872547,-0.0007432367721585953,0.9059488874466664,0.0,0.39600546988974394,0.0,0.39600546988974394,0.6039945301102561,0.0,0.0,0.0,True,0,long_only,1.318268402740678,1.137802405768738
2020-09-07,1.4994452916797427,-0.00032246087673626356,0.7498441623423046,0.0,0.4999189590289773,0.0,0.4999189590289773,0.5000810409710227,0.00037343573075965844,0.0,0.49811710635222994,True,0,long_only,1.3020042073920184,1.1516439679432442
2020-09-08,1.4968684186680308,-0.0017185508707858732,0.7498441623423046,0.0,0.4990580648300778,0.0,0.4990580648300778,0.5009419351699222,0.0,0.0,0.0,True,0,long_only,1.3000261104550082,1.1514141190165235
2020-09-09,1.4815270630309056,-0.010248967408088228,0.7498441623423046,0.0,0.4938707627734625,0.0,0.4938707627734625,0.5061292372265376,0.0,0.0,0.0,True,0,long_only,1.2854460040743632,1.1525393196875184
2020-09-10,1.4724942355006068,-0.006096970994117101,0.7498441623423046,0.0,0.4907659777103449,0.0,0.4907659777103449,0.5092340222896551,0.0,0.0,0.0,True,0,long_only,1.2790567262018062,1.1512345037840648
2020-09-11,1.473090531791313,0.0004049566214454625,0.7498441623423046,0.0,0.49097211192412166,0.0,0.49097211192412166,0.5090278880758783,0.0,0.0,0.0,True,0,long_only,1.2841068703046292,1.1471712875750373
2020-09-14,1.4784207250812262,0.0036183745498870046,0.4425243935088415,0.0,0.7006776312037098,0.0,0.7006776312037098,0.29932236879629015,0.000297841845169572,0.0,0.40426116739995743,True,0,long_only,1.2869015381110043,1.1488219427038264
2020-09-15,1.4726349541633266,-0.003913480661996149,0.4425243935088415,0.0,0.6995016366698559,0.0,0.6995016366698559,0.3004983633301441,0.0,0.0,0.0,True,0,long_only,1.286888801303683,1.144337376058812
2020-09-16,1.4632090907897517,-0.0064006788287395144,0.4425243935088415,0.0,0.6975658528269575,0.0,0.6975658528269575,0.3024341471730425,0.0,0.0,0.0,True,0,long_only,1.2824846963722036,1.1409173886665218
2020-09-17,1.4633859801206044,0.00012089135583304156,0.4425243935088415,0.0,0.6976024100816033,0.0,0.6976024100816033,0.3023975899183967,0.0,0.0,0.0,True,0,long_only,1.2794084036039504,1.1437989433228746
2020-09-18,1.4680556753331448,0.003191020876225359,0.4425243935088415,0.0,0.6985642977004809,0.0,0.6985642977004809,0.3014357022995191,0.0,0.0,0.0,True,0,long_only,1.2856398865858067,1.1418871572441396
2020-09-21,1.4712745314101503,0.002192598094942877,0.5889702547701394,0.0,0.5996870453499673,0.0,0.5996870453499673,0.4003129546500327,0.0003757439255832843,0.0,0.5106983731897808,True,0,long_only,1.2826637192751058,1.1470461893485515
2020-09-22,1.46890519265786,-0.0016103988084530396,0.5889702547701394,0.0,0.5990413420048932,0.0,0.5990413420048932,0.40095865799510677,0.0,0.0,0.0,True,0,long_only,1.2767343816669225,1.1505174559018585
2020-09-23,1.4705076946597642,0.0010909499196505301,0.5889702547701394,0.0,0.599478291131002,0.0,0.599478291131002,0.40052170886899796,0.0,0.0,0.0,True,0,long_only,1.2768341533242713,1.1516826134633529
2020-09-24,1.455025999314009,-0.010528129435825262,0.5889702547701394,0.0,0.5952166799439892,0.0,0.5952166799439892,0.4047833200560108,0.0,0.0,0.0,True,0,long_only,1.2619692377799179,1.1529805606622556
2020-09-25,1.4444637274714855,-0.007259163648968059,0.5889702547701394,0.0,0.5922568053673981,0.0,0.5922568053673981,0.4077431946326019,0.0,0.0,0.0,True,0,long_only,1.258596106641042,1.1476785283616437
2020-09-28,1.4203092621958222,-0.01672209887744658,0.5764282913095498,0.0,0.594152973121937,0.0,0.594152973121937,0.40584702687806296,0.00029384668608190646,0.0,0.4080955149155165,True,0,long_only,1.2544987464858794,1.1321727233083443
2020-09-29,1.4230111216354482,0.001902303611995615,0.5764282913095498,0.0,0.5949235515130282,0.0,0.5949235515130282,0.4050764484869718,0.0,0.0,0.0,True,0,long_only,1.2662887844627935,1.1237650835225095
2020-09-30,1.4301345872766724,0.005005910026224747,0.5764282913095498,0.0,0.5969412274636258,0.0,0.5969412274636258,0.40305877253637423,0.0,0.0,0.0,True,0,long_only,1.2708942017099871,1.1252979086319124
2020-10-09,1.4375865663937157,0.0052106837939174255,0.5732262037402102,0.0,0.601257957509865,0.0,0.601257957509865,0.398742042490135,0.00030848740827095435,0.0,0.43081171537307955,True,0,long_only,1.2833419542649553,1.1201897994654941
2020-10-12,1.4559202793485104,0.012753119278782643,0.7199557278174318,0.0,0.5054978366400701,0.0,0.5054978366400701,0.4945021633599299,7.491098490837363e-05,0.0,0.10412188110563986,True,0,long_only,1.3006721496263518,1.1193599246103312
2020-10-13,1.457537490198223,0.0011107825563334561,0.7199557278174318,0.0,0.5060465115586709,0.0,0.5060465115586709,0.49395348844132914,0.0,0.0,0.0,True,0,long_only,1.3057456445425966,1.116249168657039
2020-10-14,1.4622183112951093,0.0032114584553497583,0.7199557278174318,0.0,0.5076277446014502,0.0,0.5076277446014502,0.4923722553985498,0.0,0.0,0.0,True,0,long_only,1.3043909435639143,1.1209969821623968
2020-10-15,1.4689959034026607,0.004635143777913964,0.7199557278174318,0.0,0.5098994312034596,0.0,0.5098994312034596,0.4901005687965404,0.0,0.0,0.0,True,0,long_only,1.303561282087025,1.1269097384135036
2020-10-16,1.492662794612275,0.0161109307076992,0.7199557278174318,0.0,0.5176702129803917,0.0,0.5176702129803917,0.48232978701960827,0.0,0.0,0.0,True,0,long_only,1.303799035823686,1.1448564952107614
2020-10-19,1.4735971856450207,-0.012772884161158848,0.8937783662290727,0.0,0.39347172013100085,0.0,0.39347172013100085,0.6065282798689992,0.00024180118645865094,0.0,0.3247220195691113,True,0,long_only,1.2983200858743853,1.1350029947758151
2020-10-20,1.4858971397119425,0.008346890308112087,0.8937783662290727,0.0,0.39849243777241433,0.0,0.39849243777241433,0.6015075622275856,0.0,0.0,0.0,True,0,long_only,1.3040074241434676,1.1394851840570988
2020-10-21,1.4886831603549437,0.0018749754397813234,0.8937783662290727,0.0,0.39961813901624915,0.0,0.39961813901624915,0.6003818609837508,0.0,0.0,0.0,True,0,long_only,1.303705986370201,1.141885652070801
2020-10-22,1.49904406596095,0.00695977887164112,0.8937783662290727,0.0,0.4037677833999341,0.0,0.4037677833999341,0.596232216600066,0.0,0.0,0.0,True,0,long_only,1.3087441012661094,1.1454065500740291
2020-10-23,1.486440131974552,-0.008407980974407536,0.8937783662290727,0.0,0.39871216673772203,0.0,0.39871216673772203,0.601287833262278,0.0,0.0,0.0,True,0,long_only,1.2979255986476341,1.1452429426797186
2020-10-26,1.5005440994242722,0.009488419443429041,0.5993857915401586,0.0,0.600554364400133,0.0,0.600554364400133,0.399445635599867,0.00031966922986864004,0.0,0.4268835410577691,True,0,long_only,1.2992445658057765,1.1549358288011404
2020-10-27,1.4977128981984185,-0.0018867830855088252,0.5993857915401586,0.0,0.599799272436558,0.0,0.599799272436558,0.40020072756344205,0.0,0.0,0.0,True,0,long_only,1.3053076398908314,1.1474022310354965
2020-10-28,1.501690815460402,0.0026559945279021058,0.5993857915401586,0.0,0.6008593877186408,0.0,0.6008593877186408,0.3991406122813592,0.0,0.0,0.0,True,0,long_only,1.3050157547230559,1.1507070393790637
2020-10-29,1.5033225466599496,0.0010865959775130385,0.5993857915401586,0.0,0.6012926215522668,0.0,0.6012926215522668,0.3987073784477332,0.0,0.0,0.0,True,0,long_only,1.3073855084851902,1.1498693666887765
2020-10-30,1.4935887302974105,-0.006474868872395678,0.5993857915401586,0.0,0.5986942192441381,0.0,0.5986942192441381,0.4013057807558619,0.0,0.0,0.0,True,0,long_only,1.2943557545956879,1.1539244330581713
2020-11-02,1.4854508151435972,-0.005448564915318199,0.1503036716159563,0.0,0.898816123641612,0.0,0.898816123641612,0.10118387635838799,0.0002371200880543041,0.0,0.3172899657455446,True,0,long_only,1.2900068424959332,1.1515061519127407
2020-11-03,1.4859042329485508,0.0003052391909115215,0.1503036716159563,0.0,0.8988469995016425,0.0,0.8988469995016425,0.10115300049835751,0.0,0.0,0.0,True,0,long_only,1.293965512971377,1.1483337214578606
2020-11-04,1.490102059988297,0.0028250993211160758,0.1503036716159563,0.0,0.8991319617280867,0.0,0.8991319617280867,0.10086803827191326,0.0,0.0,0.0,True,0,long_only,1.2949982557649975,1.1506595112037779
2020-11-05,1.5109957370903342,0.014021641646614125,0.1503036716159563,0.0,0.900526740131385,0.0,0.900526740131385,0.099473259868615,0.0,0.0,0.0,True,0,long_only,1.3053607099213362,1.1575311908854602
2020-11-06,1.5027595972005396,-0.005450802863054216,0.1503036716159563,0.0,0.8999815593286151,0.0,0.8999815593286151,0.10001844067138488,0.0,0.0,0.0,True,0,long_only,1.2999610112175892,1.1560035910561672
2020-11-09,1.5209915392525886,0.012132307846187018,0.3013816518576279,0.0,0.8018518551354165,0.0,0.8018518551354165,0.19814814486458354,0.00038427224599008785,0.0,0.5112992876251189,True,0,long_only,1.3113643455722257,1.1598542726803283
2020-11-10,1.5097099974391717,-0.007417228513289853,0.3013816518576279,0.0,0.8003711624293122,0.0,0.8003711624293122,0.19962883757068783,0.0,0.0,0.0,True,0,long_only,1.3068176591587906,1.155256807909211
2020-11-11,1.5057303930190882,-0.002636005873203451,0.3013816518576279,0.0,0.7998435488485173,0.0,0.7998435488485173,0.20015645115148273,0.0,0.0,0.0,True,0,long_only,1.3044705486096715,1.1542846978215975
2020-11-12,1.5025838994969631,-0.002089679225917629,0.3013816518576279,0.0,0.7994244102052971,0.0,0.7994244102052971,0.2005755897947029,0.0,0.0,0.0,True,0,long_only,1.303310791543043,1.1528976121788974
2020-11-13,1.5019473333344193,-0.0004236476663679323,0.3013816518576279,0.0,0.7993394008107187,0.0,0.7993394008107187,0.20066059918928125,0.0,0.0,0.0,True,0,long_only,1.2953524097685651,1.159489357496749
2020-11-16,1.5223252657398028,0.013567674413817787,0.3017328885735306,0.0,0.8017947311497207,0.0,0.8017947311497207,0.19820526885027934,0.0003087002828029625,0.0,0.41028902837655173,True,0,long_only,1.2984757579638657,1.1723940600377125
2020-11-17,1.5114415580586036,-0.0071493969955953585,0.3017328885735306,0.0,0.8003674790038879,0.0,0.8003674790038879,0.19963252099611206,0.0,0.0,0.0,True,0,long_only,1.2908036005539096,1.1709306957386962
2020-11-18,1.5106946097357148,-0.000494195967357336,0.3017328885735306,0.0,0.8002687726367697,0.0,0.8002687726367697,0.19973122736323035,0.0,0.0,0.0,True,0,long_only,1.292578969974392,1.1687445369513045
2020-11-19,1.5228049790746365,0.008016424538007882,0.3017328885735306,0.0,0.8018571696837472,0.0,0.8018571696837472,0.1981428303162528,0.0,0.0,0.0,True,0,long_only,1.293444011471618,1.1773257795225809
2020-11-20,1.5287505373723853,0.003904346504935763,0.3017328885735306,0.0,0.802627779224105,0.0,0.802627779224105,0.197372220775895,0.0,0.0,0.0,True,0,long_only,1.2949664137466947,1.1805329629741428
2020-11-23,1.5438747028225777,0.009893154625598921,0.3085214925459422,0.0,0.8001641635931399,0.0,0.8001641635931399,0.1998358364068601,0.0006257772304811748,0.0,0.8126017387007706,True,0,long_only,1.3052842890774092,1.1827880835935036
2020-11-24,1.5528797259034965,0.00583274216777796,0.3085214925459422,0.0,0.8013229953360116,0.0,0.8013229953360116,0.1986770046639884,0.0,0.0,0.0,True,0,long_only,1.3079887378319266,1.1872271381154949
2020-11-25,1.5390291278080823,-0.008919298683840893,0.3085214925459422,0.0,0.7995349880184888,0.0,0.7995349880184888,0.20046501198151123,0.0,0.0,0.0,True,0,long_only,1.3026714745755636,1.1814407222738401
2020-11-26,1.526709356163532,-0.008004898297211849,0.3085214925459422,0.0,0.7979173368523622,0.0,0.7979173368523622,0.2020826631476378,0.0,0.0,0.0,True,0,long_only,1.2997593451016716,1.1746092551033804
2020-11-27,1.5278984930580095,0.0007788888498501123,0.3085214925459422,0.0,0.798074614283798,0.0,0.798074614283798,0.201925385716202,0.0,0.0,0.0,True,0,long_only,1.303365276774361,1.1722719028078876
2020-11-30,1.5235670122729457,-0.002834927061414083,0.46105123629393135,0.0,0.6973869658636752,0.0,0.6973869658636752,0.3026130341363248,0.000242152549479285,0.0,0.31562626360695295,True,0,long_only,1.3033663381749712,1.168947645530196
2020-12-01,1.524686020709835,0.0007344661756754078,0.46105123629393135,0.0,0.6976090617796289,0.0,0.6976090617796289,0.3023909382203711,0.0,0.0,0.0,True,0,long_only,1.3127176313500943,1.1614729506921735
2020-12-02,1.5206668143266253,-0.0026360879083409117,0.46105123629393135,0.0,0.6968098258275649,0.0,0.6968098258275649,0.3031901741724351,0.0,0.0,0.0,True,0,long_only,1.3126974647385028,1.158429002245046
2020-12-03,1.5198524185213382,-0.0005355517708511837,0.46105123629393135,0.0,0.6966473647865842,0.0,0.6966473647865842,0.3033526352134158,0.0,0.0,0.0,True,0,long_only,1.3065080839808467,1.163293543420294
2020-12-04,1.516569079882996,-0.002160300959705208,0.46105123629393135,0.0,0.6959906130161234,0.0,0.6959906130161234,0.3040093869838766,0.0,0.0,0.0,True,0,long_only,1.3055308878191543,1.1616493290452699
2020-12-07,1.5251456656940747,0.005655255619309019,0.3045056998008996,0.0,0.8003432021935275,0.0,0.8003432021935275,0.1996567978064725,0.00038485930511636537,0.0,0.5066270465588311,True,0,long_only,1.3028034420514185,1.1706644428975042
2020-12-08,1.5329985791819347,0.005148959646609441,0.3045056998008996,0.0,0.8013659608455767,0.0,0.8013659608455767,0.19863403915442335,0.0,0.0,0.0,True,0,long_only,1.3002090251601477,1.1790401001047615
2020-12-09,1.5178096887460886,-0.009907961195861903,0.3045056998008996,0.0,0.7993782079145497,0.0,0.7993782079145497,0.20062179208545028,0.0,0.0,0.0,True,0,long_only,1.2955102046592657,1.171592229291077
2020-12-10,1.5125215215432863,-0.0034840779064805316,0.3045056998008996,0.0,0.7986767821391393,0.0,0.7986767821391393,0.20132321786086071,0.0,0.0,0.0,True,0,long_only,1.2924293124883688,1.1702934210236726
2020-12-11,1.4966032360309325,-0.01052433653711693,0.3045056998008996,0.0,0.7965354527707261,0.0,0.7965354527707261,0.20346454722927387,0.0,0.0,0.0,True,0,long_only,1.2833872406909859,1.1661353553937075
2020-12-14,1.492243401674932,-0.0029131530996573396,0.29953576553035083,0.0,0.79927150946411,0.0,0.79927150946411,0.20072849053589004,0.0003040887782949484,0.0,0.4071248185006618,True,0,long_only,1.284022312056025,1.162163139739757
2020-12-15,1.4890883135928294,-0.002114325369816372,0.29953576553035083,0.0,0.7988462048918781,0.0,0.7988462048918781,0.20115379510812192,0.0,0.0,0.0,True,0,long_only,1.27704537204568,1.16604182293655
2020-12-16,1.478200755965451,-0.007311559380322685,0.44833156095220666,0.0,0.6967045517038788,0.0,0.6967045517038788,0.3032954482961212,7.44351152685622e-05,0.0,0.10016594764137422,True,0,long_only,1.2748001559551296,1.1595548910628473
2020-12-17,1.4886242753001548,0.0070514910052903446,0.44833156095220666,0.0,0.6988282615088965,0.0,0.6988282615088965,0.30117173849110346,0.0,0.0,0.0,True,0,long_only,1.2811590070101972,1.1619356123281785
2020-12-18,1.4944081496713484,0.0038853822735271937,0.44833156095220666,0.0,0.6999938998922053,0.0,0.6999938998922053,0.3000061001077947,0.0,0.0,0.0,True,0,long_only,1.2854283140641949,1.1625760326893786
2020-12-21,1.5054619300099537,0.007396761280401343,0.1503264691025809,0.0,0.9001459511489693,0.0,0.9001459511489693,0.09985404885103066,0.00045297293572815636,0.0,0.6054369504541378,True,0,long_only,1.2958371160471744,1.1617678729578447
2020-12-22,1.5001647245471565,-0.0035186578665340473,0.1503264691025809,0.0,0.8997933582607344,0.0,0.8997933582607344,0.10020664173926563,0.0,0.0,0.0,True,0,long_only,1.2881936164536907,1.1645491061172992
2020-12-23,1.4956837505924347,-0.00298698794965635,0.1503264691025809,0.0,0.8994931454974775,0.0,0.8994931454974775,0.1005068545025225,0.0,0.0,0.0,True,0,long_only,1.2907784807394709,1.1587454957690155
2020-12-24,1.4670830901506176,-0.019122130885281474,0.1503264691025809,0.0,0.8975337728913856,0.0,0.8975337728913856,0.10246622710861442,0.0,0.0,0.0,True,0,long_only,1.2805713448724092,1.1456472894111118
2020-12-25,1.4707719587579937,0.0025144237788177204,0.1503264691025809,0.0,0.8977907702091863,0.0,0.8977907702091863,0.1022092297908137,0.0,0.0,0.0,True,0,long_only,1.2876926353657268,1.142176260362217
2020-12-28,1.4693337106703306,-0.000977886530334593,0.0008741492709756712,0.0,0.9994050709756214,0.0,0.9994050709756214,0.000594929024378632,0.0005183969844400906,0.0,0.7060677606541431,True,0,long_only,1.285190560327534,1.1432808145555218
2020-12-29,1.4641541443210337,-0.0035251123088531067,0.0008741492709756712,0.0,0.9994029663650058,0.0,0.9994029663650058,0.0005970336349941929,0.0,0.0,0.0,True,0,long_only,1.2791518984565113,1.1446288326568215
2020-12-30,1.4744619592802324,0.007040115959907167,0.0008741492709756712,0.0,0.9994071401669783,0.0,0.9994071401669783,0.0005928598330217083,0.0,0.0,0.0,True,0,long_only,1.2897131883271407,1.1432479504941138
2020-12-31,1.4876201336393868,0.008924051432006808,0.0008741492709756712,0.0,0.9994123840816559,0.0,0.9994123840816559,0.0005876159183441088,0.0,0.0,0.0,True,0,long_only,1.3030518097941803,1.1416431199879606
2021-01-04,1.4974574832836602,0.006612810234160271,0.14985369931222733,0.0,0.8999279104848943,0.0,0.8999279104848943,0.10007208951510571,0.0006827438748651275,0.0,0.9152384434200199,True,0,long_only,1.3160033738387393,1.1378827083973388
2021-01-05,1.4962757306778243,-0.0007891727271244209,0.14985369931222733,0.0,0.899848873947623,0.0,0.899848873947623,0.10015112605237697,0.0,0.0,0.0,True,0,long_only,1.3238959487753914,1.130206442630091
2021-01-06,1.5010603764477861,0.003197703252056705,0.14985369931222733,0.0,0.9001681067174316,0.0,0.9001681067174316,0.09983189328256836,0.0,0.0,0.0,True,0,long_only,1.3251795359131973,1.1327222732981514
2021-01-07,1.4842040876743667,-0.01122958745557534,0.14985369931222733,0.0,0.8990343035996913,0.0,0.8990343035996913,0.10096569640030872,0.0,0.0,0.0,True,0,long_only,1.3243739328501365,1.1206835553462349
2021-01-08,1.4879691014580023,0.0025367224190409043,0.14985369931222733,0.0,0.8992897774789869,0.0,0.8992897774789869,0.10071022252101314,0.0,0.0,0.0,True,0,long_only,1.323351804062617,1.124394206355422
2021-01-11,1.4741917024091669,-0.00925919700572786,0.14933292435913256,0.0,0.8987018281848362,0.0,0.8987018281848362,0.10129817181516376,0.0006108069330133941,0.0,0.8216742863495022,True,0,long_only,1.3175816765459476,1.1188617211752472
2021-01-12,1.4746557332595325,0.00031476967995902605,0.14933292435913256,0.0,0.8987337037444992,0.0,0.8987337037444992,0.10126629625550077,0.0,0.0,0.0,True,0,long_only,1.3264564008471393,1.111725747124252
2021-01-13,1.4641287104761895,-0.007138630763720122,0.14933292435913256,0.0,0.8980056034072552,0.0,0.8980056034072552,0.10199439659274478,0.0,0.0,0.0,True,0,long_only,1.3203926191616775,1.108858599501844
2021-01-14,1.4691720814619142,0.0034446226958315673,0.14933292435913256,0.0,0.8983557295680862,0.0,0.8983557295680862,0.10164427043191382,0.0,0.0,0.0,True,0,long_only,1.3188270532617903,1.1139990477358521
2021-01-15,1.4784909157155766,0.006342915422398621,0.14933292435913256,0.0,0.898996386943063,0.0,0.898996386943063,0.10100361305693695,0.0,0.0,0.0,True,0,long_only,1.3227920921408947,1.1177046827689214
2021-01-18,1.494839904958121,0.011057889547215538,0.0008809188238327261,0.0,0.9994106935325242,0.0,0.9994106935325242,0.000589306467475792,0.00052212923781308,0.0,0.706335998679351,True,0,long_only,1.3297467427384277,1.124153838406633
2021-01-19,1.5003704756339473,0.00369977457618198,0.0008809188238327261,0.0,0.9994128657967224,0.0,0.9994128657967224,0.0005871342032776061,0.0,0.0,0.0,True,0,long_only,1.3245278359386001,1.1327587347915113
2021-01-20,1.5001773555088143,-0.0001287149595845527,0.0008809188238327261,0.0,0.9994127902140385,0.0,0.9994127902140385,0.0005872097859614955,0.0,0.0,0.0,True,0,long_only,1.326591198724621,1.1308512802972597
2021-01-21,1.505778128123911,0.0037334069832011263,0.0008809188238327261,0.0,0.9994149743528749,0.0,0.9994149743528749,0.000585025647125148,0.0,0.0,0.0,True,0,long_only,1.3348835678910749,1.1280220719945075
2021-01-22,1.4996328982025677,-0.004081099204834238,0.0008809188238327261,0.0,0.999412577021424,0.0,0.999412577021424,0.0005874229785759466,0.0,0.0,0.0,True,0,long_only,1.3349387607227996,1.1233720544533405
2021-01-25,1.4904303223127315,-0.006136552419506391,0.0010390343775875878,0.0,0.9993028628295919,0.0,0.9993028628295919,0.0006971371704080909,0.0004622781178167103,0.0,0.6153437694427866,True,0,long_only,1.3323751244492215,1.1186266502302398
2021-01-26,1.4778007396697774,-0.008473782674628172,0.0010390343775875878,0.0,0.9992969049549808,0.0,0.9992969049549808,0.0007030950450191975,0.0,0.0,0.0,True,0,long_only,1.3234370699116278,1.1166384660575188
2021-01-27,1.476286955151107,-0.0010243495472932462,0.0010390343775875878,0.0,0.9992961840013813,0.0,0.9992961840013813,0.0007038159986186843,0.0,0.0,0.0,True,0,long_only,1.3218686736101135,1.1168181715958716
2021-01-28,1.4647237834625322,-0.007832604391868725,0.0010390343775875878,0.0,0.9992906277693319,0.0,0.9992906277693319,0.0007093722306681371,0.0,0.0,0.0,True,0,long_only,1.3004835741179583,1.1262916445953333
2021-01-29,1.4443585747435463,-0.013903787832845516,0.0010390343775875878,0.0,0.9992806257422802,0.0,0.9992806257422802,0.0007193742577198403,0.0,0.0,0.0,True,0,long_only,1.2842041653605543,1.124711018468023
2021-02-01,1.4219272020619547,-0.015530335107799997,0.0007812128737272724,0.0,0.9994505957319092,0.0,0.9994505957319092,0.0005494042680908029,0.0006512074210640966,0.0,0.9084569952812076,True,0,long_only,1.286630527155227,1.1051558097302978
2021-02-02,1.4048402717985407,-0.012016740546658133,0.0007812128737272724,0.0,0.999443913383315,0.0,0.999443913383315,0.0005560866166850476,0.0,0.0,0.0,True,0,long_only,1.2848275613188822,1.0934076401322406
2021-02-03,1.3923793992267879,-0.008869956835590775,0.0007812128737272724,0.0,0.9994389367767427,0.0,0.9994389367767427,0.0005610632232573298,0.0,0.0,0.0,True,0,long_only,1.2784856926735761,1.089084850308365
2021-02-04,1.3582162152537678,-0.02453582981189728,0.0007812128737272724,0.0,0.9994248243652566,0.0,0.9994248243652566,0.0005751756347434078,0.0,0.0,0.0,True,0,long_only,1.2605356393558855,1.0774913242023014
2021-02-05,1.3439603172839487,-0.010496044598580778,0.0007812128737272724,0.0,0.9994187232586553,0.0,0.9994187232586553,0.0005812767413446718,0.0,0.0,0.0,True,0,long_only,1.2551359406521387,1.070768730107162
2021-02-08,1.3413947891379163,-0.001908931471441777,0.0009533211481424078,0.0,0.9992893060597356,0.0,0.9992893060597356,0.0007106939402643508,0.00039135691737610573,0.0,0.5816229336558361,True,0,long_only,1.2634116812090346,1.061724225831326
2021-02-09,1.3618705772338946,0.01526455019937667,0.0009533211481424078,0.0,0.9992999913765089,0.0,0.9992999913765089,0.0007000086234910663,0.0,0.0,0.0,True,0,long_only,1.282003528095628,1.0622986188321233
2021-02-10,1.3792131217100887,0.01273435579423321,0.0009533211481424078,0.0,0.9993087934466861,0.0,0.9993087934466861,0.0006912065533138945,0.0,0.0,0.0,True,0,long_only,1.2910576290999252,1.0682816092970397
2021-02-18,1.4052642629514611,0.01888840878273501,0.001121395210900333,0.0,0.9992020040354936,0.0,0.9992020040354936,0.0007979959645063595,0.00027009235387086527,0.0,0.3878798268898121,True,0,long_only,1.3018403978978608,1.0794443506443674
2021-02-19,1.4472081236121819,0.029847667635571007,0.001121395210900333,0.0,0.9992251320369171,0.0,0.9992251320369171,0.0007748679630829036,0.0,0.0,0.0,True,0,long_only,1.3125994620821708,1.1025512088177165
2021-02-22,1.4811773650223137,0.02347225727654556,0.001047747790237423,0.0,0.9992926250326397,0.0,0.9992926250326397,0.0007073749673602858,0.0004082683921236184,0.0,0.5603060766066413,True,0,long_only,1.3190626841972308,1.122901422932561
2021-02-23,1.464142996245866,-0.011500559743019667,0.001047747790237423,0.0,0.999284395176616,0.0,0.999284395176616,0.0007156048233839529,0.0,0.0,0.0,True,0,long_only,1.3142050074050382,1.1140902583660732
2021-02-24,1.4528948750475335,-0.007682392517106118,0.001047747790237423,0.0,0.9992788550581106,0.0,0.9992788550581106,0.0007211449418893512,0.0,0.0,0.0,True,0,long_only,1.3009406839807052,1.116803320042132
2021-02-25,1.4363104701854876,-0.011414731476359186,0.001047747790237423,0.0,0.9992705283349343,0.0,0.9992705283349343,0.0007294716650656508,0.0,0.0,0.0,True,0,long_only,1.3007584768759723,1.1042099634323124
2021-02-26,1.4253182253173182,-0.007653111981248517,0.001047747790237423,0.0,0.9992649025518465,0.0,0.9992649025518465,0.0007350974481534767,0.0,0.0,0.0,True,0,long_only,1.2929380771808068,1.1023870751994251
2021-03-01,1.4519301412731633,0.018670859239115156,0.0008812889235413022,0.0,0.9993930225026058,0.0,0.9993930225026058,0.0006069774973942454,0.000550997846703327,0.0,0.7687304506596279,True,0,long_only,1.3029959093620487,1.1143013810258493
2021-03-02,1.4499132867186268,-0.001389085120010014,0.0008812889235413022,0.0,0.9993921781863688,0.0,0.9993921781863688,0.0006078218136311708,0.0,0.0,0.0,True,0,long_only,1.298835218970484,1.1163181176037822
2021-03-03,1.4685879359938097,0.012879838709145552,0.0008812889235413022,0.0,0.9993999072837644,0.0,0.9993999072837644,0.0006000927162356229,0.0,0.0,0.0,True,0,long_only,1.3109047591080556,1.1202857612577761
2021-03-04,1.4605642698592871,-0.005463524476723158,0.0008812889235413022,0.0,0.9993966106512887,0.0,0.9993966106512887,0.0006033893487112918,0.0,0.0,0.0,True,0,long_only,1.2997773889120432,1.123703398996522
2021-03-05,1.4673162701372022,0.004622871048711508,0.0008812889235413022,0.0,0.999399387206782,0.0,0.999399387206782,0.0006006127932179917,0.0,0.0,0.0,True,0,long_only,1.2990471452922991,1.1295327313213415
2021-03-08,1.469027893576718,0.0011664993255720013,0.0010507663662574504,0.0,0.9992847199356445,0.0,0.9992847199356445,0.0007152800643555057,0.00042060158601712956,0.0,0.5712583200741201,True,0,long_only,1.2884299549895382,1.1401690001756024
2021-03-09,1.456975148867465,-0.008204571718449571,0.0010507663662574504,0.0,0.9992788028216718,0.0,0.9992788028216718,0.0007211971783281923,0.0,0.0,0.0,True,0,long_only,1.282581283827722,1.135971004129488
2021-03-10,1.4626967708963785,0.003927055333346807,0.0010507663662574504,0.0,0.9992816239242713,0.0,0.9992816239242713,0.0007183760757286661,0.0,0.0,0.0,True,0,long_only,1.2846389858104892,1.1386053101708968
2021-03-11,1.4736876650016244,0.00751413028587633,0.0010507663662574504,0.0,0.999286981637146,0.0,0.999286981637146,0.0007130183628539788,0.0,0.0,0.0,True,0,long_only,1.2982394194280182,1.1351432123751917
2021-03-12,1.480477926428813,0.004607666596151416,0.0010507663662574504,0.0,0.9992902519196675,0.0,0.9992902519196675,0.0007097480803325285,0.0,0.0,0.0,True,0,long_only,1.303184484870442,1.136046310876696
2021-03-15,1.484130918039416,0.0024674407807041554,0.001165200665400429,0.0,0.9992148936113132,0.0,0.9992148936113132,0.0007851063886867848,0.0003170081127512574,0.0,0.4273857745739303,True,0,long_only,1.301410530650773,1.140401804876493
2021-03-16,1.4932719761800033,0.006159199319601072,0.001165200665400429,0.0,0.9992196996367795,0.0,0.9992196996367795,0.0007803003632205208,0.0,0.0,0.0,True,0,long_only,1.3036239047230205,1.1454775957773473
2021-03-17,1.4979616378306626,0.0031405274628244495,0.001165200665400429,0.0,0.9992221425195589,0.0,0.9992221425195589,0.0007778574804411242,0.0,0.0,0.0,True,0,long_only,1.3045614752619359,1.1482491750953285
2021-03-18,1.5053273393201854,0.004917149614184879,0.001165200665400429,0.0,0.9992259486458762,0.0,0.9992259486458762,0.0007740513541237837,0.0,0.0,0.0,True,0,long_only,1.308685370432351,1.1502591633792543
2021-03-19,1.506139371115709,0.0005394386817489938,0.001165200665400429,0.0,0.9992263659739954,0.0,0.9992263659739954,0.0007736340260046104,0.0,0.0,0.0,True,0,long_only,1.3033847357855461,1.1555600811973321
2021-03-22,1.5243792327671748,0.012110341181742035,0.000920364737130134,0.0,0.9993962363712738,0.0,0.9993962363712738,0.0006037636287261616,0.0005848228141979823,0.0,0.7763876330039118,True,0,long_only,1.3120503641665495,1.1618298156835636
2021-03-23,1.5056448415218942,-0.012289849430231703,0.000920364737130134,0.0,0.9993887238797963,0.0,0.9993887238797963,0.0006112761202037298,0.0,0.0,0.0,True,0,long_only,1.3032287098958626,1.1553189628873402
2021-03-24,1.4922425084430464,-0.008901390759125327,0.000920364737130134,0.0,0.9993832338028686,0.0,0.9993832338028686,0.0006167661971313576,0.0,0.0,0.0,True,0,long_only,1.2906097180424658,1.1562306463230476
2021-03-25,1.4756960093676659,-0.011088344543035755,0.000920364737130134,0.0,0.9993763182042319,0.0,0.9993763182042319,0.0006236817957681051,0.0,0.0,0.0,True,0,long_only,1.287599585912242,1.1460830102101662
2021-03-26,1.4847324298903344,0.006123497295720481,0.000920364737130134,0.0,0.9993801140740233,0.0,0.9993801140740233,0.0006198859259767264,0.0,0.0,0.0,True,0,long_only,1.2959464403100138,1.1456742221037772
2021-03-29,1.492250421004362,0.005063532635697143,0.0011418524428680567,0.0,0.999234811780385,0.0,0.999234811780385,0.0007651882196150206,0.00034283789566104975,0.0,0.46145708548769215,True,0,long_only,1.2987467689196428,1.1489925955663276
2021-03-30,1.4864627743979855,-0.0038784687374930904,0.0011418524428680567,0.0,0.9992318324666216,0.0,0.9992318324666216,0.0007681675333783833,0.0,0.0,0.0,True,0,long_only,1.2991822969699842,1.1441525780214108
2021-03-31,1.4838366465513413,-0.0017666960060320758,0.0011418524428680567,0.0,0.9992304729462492,0.0,0.9992304729462492,0.0007695270537507737,0.0,0.0,0.0,True,0,long_only,1.2978569614081814,1.1432975209697769
2021-04-01,1.4948576438919723,0.007427365651229589,0.0011418524428680567,0.0,0.9992361463664894,0.0,0.9992361463664894,0.0007638536335106139,0.0,0.0,0.0,True,0,long_only,1.3026852727834948,1.1475201839795546
2021-04-02,1.4926858459951307,-0.0014528459654439274,0.0011418524428680567,0.0,0.9992350349901611,0.0,0.9992350349901611,0.0007649650098389138,0.0,0.0,0.0,True,0,long_only,1.3035404078750266,1.1451013232711678
2021-04-06,1.5186580084352457,0.017399617280352775,0.0011550489007089199,0.0,0.9992394279065507,0.0,0.9992394279065507,0.0007605720934492632,0.00034466881452762814,0.0,0.459240471787065,True,0,long_only,1.3054675575827521,1.1633058206725904
2021-04-07,1.5183547609503312,-0.0001996812206764842,0.0011550489007089199,0.0,0.9992392760042547,0.0,0.9992392760042547,0.0007607239957453382,0.0,0.0,0.0,True,0,long_only,1.3075730225929734,1.16120073962628
2021-04-08,1.5226528270753938,0.002830739057565479,0.0011550489007089199,0.0,0.9992414233368433,0.0,0.9992414233368433,0.000758576663156707,0.0,0.0,0.0,True,0,long_only,1.309759507849765,1.1625438242285686
2021-04-09,1.540330469786664,0.011609765796201987,0.0011550489007089199,0.0,0.9992501291616539,0.0,0.9992501291616539,0.0007498708383461006,0.0,0.0,0.0,True,0,long_only,1.3084161284775906,1.1772481523740599
2021-04-12,1.5257418262425537,-0.009471112745131127,0.0011323221704183906,0.0,0.9992578546704673,0.0,0.9992578546704673,0.0007421453295326508,0.00040364162989471754,0.0,0.525127413390596,True,0,long_only,1.3009849090061256,1.172759050224594
2021-04-13,1.5078990612822532,-0.011694485038954539,0.0011323221704183906,0.0,0.999249072965497,0.0,0.999249072965497,0.0007509270345029684,0.0,0.0,0.0,True,0,long_only,1.2967555813751082,1.16282442346093
2021-04-14,1.5090602546658636,0.0007700736829312493,0.0011323221704183906,0.0,0.999249650789677,0.0,0.999249650789677,0.0007503492103230203,0.0,0.0,0.0,True,0,long_only,1.3000353092602959,1.1607840524920052
2021-04-15,1.5199451793020644,0.007213048387263443,0.0011323221704183906,0.0,0.9992550243351945,0.0,0.9992550243351945,0.0007449756648054695,0.0,0.0,0.0,True,0,long_only,1.299480196741217,1.1696562849620336
2021-04-16,1.5234988573324284,0.0023380303965934157,0.0011323221704183906,0.0,0.9992567620481179,0.0,0.9992567620481179,0.0007432379518821364,0.0,0.0,0.0,True,0,long_only,1.304711840348366,1.167689914522156
2021-04-19,1.5359115033026165,0.008147459980325733,0.0012543824990092348,0.0,0.9991832976728725,0.0,0.9991832976728725,0.0008167023271274942,0.0002679927671808604,0.0,0.35176518640671783,True,0,long_only,1.3167544916704819,1.1664372614777294
2021-04-20,1.5372430966124817,0.0008669726784400478,0.0012543824990092348,0.0,0.9991840051181409,0.0,0.9991840051181409,0.0008159948818591278,0.0,0.0,0.0,True,0,long_only,1.3179864239785966,1.1663573073628608
2021-04-21,1.5376621740280036,0.00027261622865348833,0.0012543824990092348,0.0,0.9991842275109603,0.0,0.9991842275109603,0.0008157724890397455,0.0,0.0,0.0,True,0,long_only,1.3152603934116742,1.1690933458730846
2021-04-22,1.538410181940702,0.0004864579003973635,0.0012543824990092348,0.0,0.9991846241569808,0.0,0.9991846241569808,0.0008153758430191616,0.0,0.0,0.0,True,0,long_only,1.3157730499063491,1.1692063323915922
2021-04-23,1.5375116329096774,-0.0005840763676504546,0.0012543824990092348,0.0,0.9991841476368961,0.0,0.9991841476368961,0.0008158523631038861,0.0,0.0,0.0,True,0,long_only,1.314122218157451,1.1699913536698616
2021-04-26,1.52988811414321,-0.004958348674110713,0.0008876131000086898,0.0,0.9994198182914142,0.0,0.9994198182914142,0.0005801817085857586,0.0006505073714911008,0.0,0.8450799679912971,True,0,long_only,1.3126054766856279,1.1655353732076663
2021-04-27,1.527650992610128,-0.0014622778701269823,0.0008876131000086898,0.0,0.9994189686621471,0.0,0.9994189686621471,0.0005810313378529219,0.0,0.0,0.0,True,0,long_only,1.308363058447086,1.1676048041461198
2021-04-28,1.5320104384312923,0.0028536922649562424,0.0008876131000086898,0.0,0.9994206220285825,0.0,0.9994206220285825,0.000579377971417494,0.0,0.0,0.0,True,0,long_only,1.3103910412127704,1.169124627877044
2021-04-29,1.5472469260916804,0.009945420264883653,0.0008876131000086898,0.0,0.9994263274432538,0.0,0.9994263274432538,0.0005736725567462297,0.0,0.0,0.0,True,0,long_only,1.3162736771941097,1.175475095262814
2021-04-30,1.544734385065806,-0.0016238785054309979,0.13240443556371986,0.0,0.9142866004383793,0.0,0.9142866004383793,0.08571339956162072,6.579130688529824e-05,0.0,0.08497141705118116,True,0,long_only,1.3140974521432156,1.1755097634094298
2021-05-06,1.5760734780514343,0.02028769042018408,0.1562845684230416,0.0,0.9008392878888726,0.0,0.9008392878888726,0.09916071211112742,0.0005090929153409511,0.0,0.6549721872480996,True,0,long_only,1.3191189384295658,1.1947925483715496
2021-05-07,1.5956792134591151,0.012439607467997105,0.326360909056663,0.0,0.7954721059822685,0.0,0.7954721059822685,0.20452789401773153,8.508071067214677e-05,0.0,0.10749549104495851,True,0,long_only,1.317816953681185,1.2108504212225764
2021-05-10,1.6061515825732893,0.006562953898153756,0.16108988885819955,0.0,0.899704429764898,0.0,0.899704429764898,0.10029557023510205,0.0004131666040453242,0.0,0.515785519634039,True,0,long_only,1.3225539846040304,1.2144317746350197
2021-05-11,1.5983979191746045,-0.0048274792260032395,0.16108988885819955,0.0,0.899217906301214,0.0,0.899217906301214,0.10078209369878599,0.0,0.0,0.0,True,0,long_only,1.322308801063099,1.2087932243130632
2021-05-12,1.6162969279731414,0.01119809315553888,0.16108988885819955,0.0,0.9003339757254822,0.0,0.9003339757254822,0.09966602427451776,0.0,0.0,0.0,True,0,long_only,1.327930332494355,1.2171549127408852
2021-05-13,1.6066071277828982,-0.005995061936048041,0.16108988885819955,0.0,0.8997328680593482,0.0,0.8997328680593482,0.10026713194065184,0.0,0.0,0.0,True,0,long_only,1.3224885315664079,1.2148363403045688
2021-05-14,1.6072883466150436,0.0004240108364796935,0.16108988885819955,0.0,0.8997753643909286,0.0,0.8997753643909286,0.10022463560907136,0.0,0.0,0.0,True,0,long_only,1.3294580417724824,1.2089801228116592
2021-05-17,1.5947226259655025,-0.007817962891353392,0.32268642709103096,0.0,0.7976535719522603,0.0,0.7976535719522603,0.20234642804773972,0.0004089474851336459,0.0,0.5082098517457142,True,0,long_only,1.331661863239239,1.1975432127239671
2021-05-18,1.6025610265056296,0.0049152124717495305,0.32268642709103096,0.0,0.7986432829989346,0.0,0.7986432829989346,0.2013567170010654,0.0,0.0,0.0,True,0,long_only,1.3348471264701285,1.2005577228483415
2021-05-19,1.6011110356829805,-0.0009047960100532215,0.32268642709103096,0.0,0.7984609312536629,0.0,0.7984609312536629,0.2015390687463371,0.0,0.0,0.0,True,0,long_only,1.3341925960939043,1.200059901674263
2021-05-20,1.604161056996299,0.0019049405352562498,0.32268642709103096,0.0,0.798844121241016,0.0,0.798844121241016,0.201155878758984,0.0,0.0,0.0,True,0,long_only,1.3316225914166655,1.2046664477881
2021-05-21,1.6005678713162765,-0.0022399157892228905,0.32268642709103096,0.0,0.7983925375025429,0.0,0.7983925375025429,0.2016074624974571,0.0,0.0,0.0,True,0,long_only,1.332422179876269,1.201246793613799
2021-05-24,1.6045598835094272,0.0024941224078600666,0.32139413260669997,0.0,0.7996995089371423,0.0,0.7996995089371423,0.20030049106285774,0.0004868604925130739,0.0,0.6071947535098967,True,0,long_only,1.3342920139510497,1.202555262815425
2021-05-25,1.615039396407791,0.006531082451995074,0.32139413260669997,0.0,0.8009991995727457,0.0,0.8009991995727457,0.19900080042725432,0.0,0.0,0.0,True,0,long_only,1.3443459543300547,1.2013569804750404
2021-05-26,1.6315310140114798,0.01021127883342654,0.32139413260669997,0.0,0.803010712118502,0.0,0.803010712118502,0.19698928788149805,0.0,0.0,0.0,True,0,long_only,1.3503835548004675,1.2081982250239671
2021-05-27,1.6500202306245095,0.01133243343475887,0.32139413260669997,0.0,0.8052180654263512,0.0,0.8052180654263512,0.19478193457364879,0.0,0.0,0.0,True,0,long_only,1.3551340301310406,1.217606667633425
2021-05-28,1.6554092175218873,0.003266012620547043,0.32139413260669997,0.0,0.805852154739225,0.0,0.805852154739225,0.194147845260775,0.0,0.0,0.0,True,0,long_only,1.3544115701157704,1.2222349941830375
2021-05-31,1.665178583347821,0.005901480868010456,0.3339039805311619,0.0,0.7994785761297434,0.0,0.7994785761297434,0.20052142387025662,0.0005240473700290894,0.0,0.6290626287982121,True,0,long_only,1.3559134519790523,1.228086188626106
2021-06-01,1.6559928813158087,-0.005516346489122137,0.3339039805311619,0.0,0.7983662947476861,0.0,0.7983662947476861,0.20163370525231394,0.0,0.0,0.0,True,0,long_only,1.357364032812846,1.2200064546311267
2021-06-02,1.648961963414674,-0.004245741621514809,0.3339039805311619,0.0,0.7975065599210592,0.0,0.7975065599210592,0.20249344007894077,0.0,0.0,0.0,True,0,long_only,1.3537213059190067,1.2180955978196975
2021-06-03,1.668391810714453,0.011783077918634088,0.3339039805311619,0.0,0.7998647689428692,0.0,0.7998647689428692,0.20013523105713082,0.0,0.0,0.0,True,0,long_only,1.3552667052073022,1.2310431624299774
2021-06-04,1.666855249606528,-0.0009209833673703427,0.3339039805311619,0.0,0.7996802778105765,0.0,0.7996802778105765,0.2003197221894235,0.0,0.0,0.0,True,0,long_only,1.35547155552505,1.229723517850481
2021-06-07,1.6660439489426202,-0.0004867253254889903,0.33427897245298094,0.0,0.7993576503998372,0.0,0.7993576503998372,0.2006423496001628,0.00034809670621761065,0.0,0.4175980503997801,True,0,long_only,1.3541805385829737,1.2302967746722924
2021-06-08,1.654806929507632,-0.006744731699376838,0.33427897245298094,0.0,0.7979951821011279,0.0,0.7979951821011279,0.20200481789887215,0.0,0.0,0.0,True,0,long_only,1.3505954811222824,1.2252424598167349
2021-06-09,1.6611615385812866,0.0038400909256195437,0.33427897245298094,0.0,0.7987679315411603,0.0,0.7987679315411603,0.20123206845883967,0.0,0.0,0.0,True,0,long_only,1.3511283042285493,1.2294624673189392
2021-06-10,1.6570494433312464,-0.002475433697768037,0.33427897245298094,0.0,0.7982685587335501,0.0,0.7982685587335501,0.20173144126644993,0.0,0.0,0.0,True,0,long_only,1.3547006248819191,1.2231849700930648
2021-06-11,1.6479790599520059,-0.005473815772814583,0.33427897245298094,0.0,0.7971582403099733,0.0,0.7971582403099733,0.2028417596900267,0.0,0.0,0.0,True,0,long_only,1.3532387224416176,1.2178036532819538
2021-06-15,1.642075641528704,-0.003582216890227752,0.49456246859580966,0.0,0.6988187047611323,0.0,0.6988187047611323,0.3011812952388677,0.0005760733161057338,0.0,0.699538122220899,True,0,long_only,1.3436765643452893,1.2220765659694384
2021-06-16,1.660001846990814,0.010916796406176044,0.49456246859580966,0.0,0.7020711335398011,0.0,0.7020711335398011,0.2979288664601989,0.0,0.0,0.0,True,0,long_only,1.329793444365272,1.2483155591003496
2021-06-17,1.6529544661263804,-0.0042454054356678705,0.49456246859580966,0.0,0.7008009121057079,0.0,0.7008009121057079,0.29919908789429206,0.0,0.0,0.0,True,0,long_only,1.3288590580281865,1.2438899792571678
2021-06-18,1.6452044335681797,-0.004688594100454968,0.49456246859580966,0.0,0.6993914807759273,0.0,0.6993914807759273,0.3006085192240727,0.0,0.0,0.0,True,0,long_only,1.3309910580536604,1.236074745666587
2021-06-21,1.6684914637776151,0.01415449030788829,0.32887355246457795,0.0,0.8028916781390186,0.0,0.8028916781390186,0.19710832186098137,0.0007398783123082643,0.0,0.9009232477393334,True,0,long_only,1.3357592233944016,1.2490959707077163
2021-06-22,1.6699531115594306,0.0008760295234031545,0.32887355246457795,0.0,0.803064199714284,0.0,0.803064199714284,0.196935800285716,0.0,0.0,0.0,True,0,long_only,1.3445157784276696,1.242047983633439
2021-06-23,1.6666031051810486,-0.002006048166977359,0.32887355246457795,0.0,0.8026683429052827,0.0,0.8026683429052827,0.19733165709471734,0.0,0.0,0.0,True,0,long_only,1.3500485060078813,1.2344764634488765
2021-06-24,1.6636167587570538,-0.0017918761909845315,0.32887355246457795,0.0,0.8023141142733553,0.0,0.8023141142733553,0.1976858857266447,0.0,0.0,0.0,True,0,long_only,1.3523690815417482,1.2301499505301263
2021-06-25,1.6677999006919242,0.002514486532340321,0.32887355246457795,0.0,0.8028099460084287,0.0,0.8028099460084287,0.1971900539915713,0.0,0.0,0.0,True,0,long_only,1.3575848041397454,1.228505133238252
2021-06-28,1.6666773862420325,-0.0006730510353345487,0.6678869461377572,0.0,0.5992704097079723,0.0,0.5992704097079723,0.4007295902920277,0.0005082947418619262,0.0,0.6091984842321017,True,0,long_only,1.3601233205988845,1.2253869638145511
2021-06-29,1.6604253634454673,-0.00375118955124365,0.6678869461377572,0.0,0.597761536988415,0.0,0.597761536988415,0.40223846301158495,0.0,0.0,0.0,True,0,long_only,1.354207073598226,1.2261236821290538
2021-06-30,1.6542901499088234,-0.0036949649600106493,0.6678869461377572,0.0,0.5962697679276104,0.0,0.5962697679276104,0.40373023207238956,0.0,0.0,0.0,True,0,long_only,1.355672514040561,1.220272693276223
2021-07-01,1.649579158936835,-0.0028477416565940716,0.6678869461377572,0.0,0.5951167650734537,0.0,0.5951167650734537,0.4048832349265463,0.0,0.0,0.0,True,0,long_only,1.3503014731532867,1.2216376799802056
2021-07-02,1.6465047278685427,-0.0018637669199661477,0.6678869461377572,0.0,0.5943607480542373,0.0,0.5943607480542373,0.40563925194576267,0.0,0.0,0.0,True,0,long_only,1.3445150708272628,1.2246086069198685
2021-07-05,1.6533663788192743,0.00416740434120344,0.4943341252342942,0.0,0.7010135614422526,0.0,0.7010135614422526,0.2989864385577474,0.0005815096376958862,0.0,0.7062910206182803,True,0,long_only,1.3470422656798944,1.2274049752884097
2021-07-06,1.654168319347584,0.0004850349798950493,0.4943341252342942,0.0,0.7011585100183376,0.0,0.7011585100183376,0.2988414899816624,0.0,0.0,0.0,True,0,long_only,1.3492156603291616,1.226022175686891
2021-07-07,1.664868811541141,0.006468804938651873,0.4943341252342942,0.0,0.7030792325452373,0.0,0.7030792325452373,0.2969207674547627,0.0,0.0,0.0,True,0,long_only,1.3589239379094795,1.2251375997558158
2021-07-08,1.6784023966533772,0.008128919839460735,0.4943341252342942,0.0,0.7054734155408956,0.0,0.7054734155408956,0.2945265844591044,0.0,0.0,0.0,True,0,long_only,1.363242423191745,1.2311841005679323
2021-07-09,1.6850946579528774,0.003987280590664222,0.4943341252342942,0.0,0.7066431117674827,0.0,0.7066431117674827,0.29335688823251727,0.0,0.0,0.0,True,0,long_only,1.3699476446459062,1.2300431075148335
2021-07-12,1.6856914745683549,0.00035417394071046715,0.507174539796474,0.0,0.6991296761903936,0.0,0.6991296761903936,0.30087032380960643,0.0005198839614951671,0.0,0.6156289592117682,True,0,long_only,1.3794312590970879,1.2220191933824458
2021-07-13,1.6982350015604948,0.0074411760285801876,0.507174539796474,0.0,0.7013519687614287,0.0,0.7013519687614287,0.2986480312385713,0.0,0.0,0.0,True,0,long_only,1.3887326664435367,1.2228667493719836
2021-07-14,1.691900470384945,-0.003730067493444178,0.507174539796474,0.0,0.7002338206803144,0.0,0.7002338206803144,0.29976617931968563,0.0,0.0,0.0,True,0,long_only,1.3841919946335586,1.2223018749886985
2021-07-15,1.6974524155382678,0.0032814844906683405,0.507174539796474,0.0,0.7012142813819925,0.0,0.7012142813819925,0.2987857186180075,0.0,0.0,0.0,True,0,long_only,1.387935554585357,1.2230052108185805
2021-07-16,1.6953129992938998,-0.0012603689062408163,0.507174539796474,0.0,0.700837225923642,0.0,0.700837225923642,0.29916277407635805,0.0,0.0,0.0,True,0,long_only,1.3884832373001648,1.2209819706504703
2021-07-19,1.6914148109319969,-0.002299391536268902,0.6794652907277609,0.0,0.5982858336487166,0.0,0.5982858336487166,0.40171416635128343,0.00026052396090604795,0.0,0.3070134269711774,True,0,long_only,1.3835484320636389,1.2225194085971811
2021-07-20,1.6932901592233431,0.0011087453410161263,0.6794652907277609,0.0,0.598730739072263,0.0,0.598730739072263,0.40126926092773696,0.0,0.0,0.0,True,0,long_only,1.3831185648165512,1.224255246294038
2021-07-21,1.6992509231303559,0.0035202259190749707,0.6794652907277609,0.0,0.6001383424432387,0.0,0.6001383424432387,0.3998616575567613,0.0,0.0,0.0,True,0,long_only,1.396453648281557,1.21683302931065
2021-07-22,1.7006058739264784,0.0007973812329180596,0.6794652907277609,0.0,0.6004569305885298,0.0,0.6004569305885298,0.3995430694114702,0.0,0.0,0.0,True,0,long_only,1.4052399225319074,1.2101889838586368
2021-07-23,1.6991895288978078,-0.0008328473107059864,0.6794652907277609,0.0,0.6001238948497397,0.0,0.6001238948497397,0.3998761051502603,0.0,0.0,0.0,True,0,long_only,1.4079935495146922,1.206816273756002
2021-07-26,1.6780939397876127,-0.012415088930002427,0.6815207729856246,0.0,0.5938720968911425,0.0,0.5938720968911425,0.4061279031088575,9.330836920073776e-06,0.0,0.010965952530332562,True,0,long_only,1.397357607801153,1.2009051444091106
2021-07-27,1.6727825220453427,-0.003165149230526576,0.6815207729856246,0.0,0.5925825598940883,0.0,0.5925825598940883,0.40741744010591174,0.0,0.0,0.0,True,0,long_only,1.3820691934133724,1.2103464356324878
2021-07-28,1.672482752996641,-0.00017920383836578235,0.6815207729856246,0.0,0.5925095360388488,0.0,0.5925095360388488,0.4074904639611512,0.0,0.0,0.0,True,0,long_only,1.3736866051950607,1.2175140579165449
2021-07-29,1.682859272795579,0.006204261168221814,0.6815207729856246,0.0,0.5950221245455202,0.0,0.5950221245455202,0.40497787545447983,0.0,0.0,0.0,True,0,long_only,1.3921249027933942,1.2088421587881995
2021-07-30,1.6967113900051156,0.008231298619833849,0.6815207729856246,0.0,0.5983284034042055,0.0,0.5983284034042055,0.40167159659579454,0.0,0.0,0.0,True,0,long_only,1.3955503963623679,1.215800872851136
2021-08-02,1.7023720628299197,0.0033362614632928,0.68164718643475,0.0,0.5995897716380394,0.0,0.5995897716380394,0.4004102283619606,0.00018387757910089862,0.0,0.21600433379456047,True,0,long_only,1.4103392448629979,1.2070656539060503
2021-08-03,1.7000718007021705,-0.0013512099839827485,0.68164718643475,0.0,0.5990480012942905,0.0,0.5990480012942905,0.4009519987057095,0.0,0.0,0.0,True,0,long_only,1.4031560393340914,1.2116056611273178
2021-08-04,1.7034472570272914,0.0019854786860924456,0.68164718643475,0.0,0.5998425054707585,0.0,0.5998425054707585,0.40015749452924154,0.0,0.0,0.0,True,0,long_only,1.4148544430583339,1.2039735008677914
2021-08-05,1.6961908455943053,-0.004259839219001971,0.68164718643475,0.0,0.5981306064672711,0.0,0.5981306064672711,0.4018693935327289,0.0,0.0,0.0,True,0,long_only,1.4111299883175172,1.202008928756921
2021-08-06,1.700900608823824,0.002776670586185581,0.68164718643475,0.0,0.599243375598466,0.0,0.599243375598466,0.40075662440153403,0.0,0.0,0.0,True,0,long_only,1.4131883979006912,1.2035908385255165
2021-08-09,1.695863274258913,-0.0029615690292418284,0.5108943243677041,0.0,0.6987408524481649,0.0,0.6987408524481649,0.30125914755183514,0.00042898611072319473,0.0,0.5043221818078071,True,0,long_only,1.412982486182333,1.200201199125179
2021-08-10,1.7082997672891331,0.007333429067655661,0.5108943243677041,0.0,0.7009340315146023,0.0,0.7009340315146023,0.2990659684853977,0.0,0.0,0.0,True,0,long_only,1.417899601408691,1.2048101047436137
2021-08-11,1.7146571669344606,0.0037214777915799413,0.5108943243677041,0.0,0.7020428723480021,0.0,0.7020428723480021,0.2979571276519979,0.0,0.0,0.0,True,0,long_only,1.4244664869833368,1.2037188537623478
2021-08-12,1.718255246078325,0.0020984248124056304,0.5108943243677041,0.0,0.7026668037046602,0.0,0.7026668037046602,0.29733319629533983,0.0,0.0,0.0,True,0,long_only,1.426694366863922,1.2043611343719645
2021-08-13,1.7196002374135846,0.000782765737703528,0.5108943243677041,0.0,0.7028993639032466,0.0,0.7028993639032466,0.2971006360967534,0.0,0.0,0.0,True,0,long_only,1.428930737949388,1.2034174867574945
2021-08-16,1.7218882770318915,0.0013305648420638416,0.34681687354959234,0.0,0.7985834051048778,0.0,0.7985834051048778,0.2014165948951222,0.0004407112637531129,0.0,0.5093776367468014,True,0,long_only,1.4272077309590039,1.2064734794246657
2021-08-17,1.7051463546778238,-0.009723001531160125,0.34681687354959234,0.0,0.7966058030161751,0.0,0.7966058030161751,0.20339419698382488,0.0,0.0,0.0,True,0,long_only,1.4122971751884164,1.2073566276519232
2021-08-18,1.7026471169798294,-0.0014657027481177476,0.34681687354959234,0.0,0.7963072499927177,0.0,0.7963072499927177,0.20369275000728226,0.0,0.0,0.0,True,0,long_only,1.4179760222526177,1.2007587506839354
2021-08-19,1.7098421690974344,0.004225803483206336,0.34681687354959234,0.0,0.7971643934055826,0.0,0.7971643934055826,0.20283560659441735,0.0,0.0,0.0,True,0,long_only,1.4168070663807018,1.2068278099891923
2021-08-20,1.7006062916546223,-0.005401596480502868,0.34681687354959234,0.0,0.7960628069815304,0.0,0.7960628069815304,0.20393719301846958,0.0,0.0,0.0,True,0,long_only,1.4133313331828503,1.2032608714793176
2021-08-23,1.7201544718206716,0.011494829968569542,0.17122368651402883,0.0,0.900460284631996,0.0,0.900460284631996,0.09953971536800399,0.00026270035229842827,0.0,0.30885551618185303,True,0,long_only,1.423030411957881,1.2087967041083765
2021-08-24,1.7668235833677202,0.02713076779532031,0.17122368651402883,0.0,0.9030895398239696,0.0,0.9030895398239696,0.09691046017603044,0.0,0.0,0.0,True,0,long_only,1.4315460290526574,1.2342066182370235
2021-08-25,1.784567998315959,0.010043116423891219,0.17122368651402883,0.0,0.9040531452566631,0.0,0.9040531452566631,0.09594685474333686,0.0,0.0,0.0,True,0,long_only,1.436104744673007,1.2426447339133992
2021-08-26,1.7756845799342682,-0.004977909718247631,0.17122368651402883,0.0,0.9035731410584378,0.0,0.9035731410584378,0.09642685894156222,0.0,0.0,0.0,True,0,long_only,1.4345579301838984,1.2377921745597547
2021-08-27,1.7993684725716101,0.013337893962124037,0.17122368651402883,0.0,0.9048423437866951,0.0,0.9048423437866951,0.09515765621330485,0.0,0.0,0.0,True,0,long_only,1.4390879879877756,1.250353340164837
2021-08-30,1.8028778925549824,0.0019503620502789865,0.18060262035093855,0.0,0.8998253730345575,0.0,0.8998253730345575,0.10017462696544255,0.0009297333126526982,0.0,1.033092898640105,True,0,long_only,1.4458558320779322,1.246927842013094
2021-08-31,1.8098431031072806,0.0038633845259632427,0.18060262035093855,0.0,0.9002108967120599,0.0,0.9002108967120599,0.0997891032879401,0.0,0.0,0.0,True,0,long_only,1.4491847381913874,1.2488698337839261
2021-09-01,1.8109924695207875,0.0006350641177312877,0.18060262035093855,0.0,0.9002742289708535,0.0,0.9002742289708535,0.09972577102914648,0.0,0.0,0.0,True,0,long_only,1.4523462968086516,1.2469426014306753
2021-09-02,1.8466703834079978,0.019700752205033423,0.18060262035093855,0.0,0.9022009439401744,0.0,0.9022009439401744,0.09779905605982564,0.0,0.0,0.0,True,0,long_only,1.4732286462118258,1.253485253736016
2021-09-03,1.8661699415179005,0.01055930624387691,0.18060262035093855,0.0,0.903222843572306,0.0,0.903222843572306,0.09677715642769402,0.0,0.0,0.0,True,0,long_only,1.4706575801339772,1.2689357242138528
2021-09-06,1.8753726175440948,0.004931317251155143,0.3763283204644747,0.0,0.7993314411525867,0.0,0.7993314411525867,0.2006685588474133,0.0004948770034980798,0.0,0.5273139646393447,True,0,long_only,1.479333822521081,1.267714283952546
2021-09-07,1.9091669456689617,0.01802006055155192,0.3763283204644747,0.0,0.8028834925525011,0.0,0.8028834925525011,0.19711650744749887,0.0,0.0,0.0,True,0,long_only,1.498188896758978,1.2743165763670052
2021-09-08,1.9115205004396632,0.0012327653042814024,0.3763283204644747,0.0,0.8031261917526302,0.0,0.8031261917526302,0.19687380824736977,0.0,0.0,0.0,True,0,long_only,1.5022947481190212,1.2724004412802623
2021-09-09,1.9231023418781492,0.006058967945058447,0.3763283204644747,0.0,0.8043118599205994,0.0,0.8043118599205994,0.1956881400794006,0.0,0.0,0.0,True,0,long_only,1.5023474643493224,1.2800649566850095
2021-09-10,1.9076774576282387,-0.008020833792363957,0.3763283204644747,0.0,0.8027295867235581,0.0,0.8027295867235581,0.1972704132764419,0.0,0.0,0.0,True,0,long_only,1.5016122675267316,1.2704194677167409
2021-09-13,1.9087690344118093,0.000572201961713148,0.3828694727979617,0.0,0.7994155050215682,0.0,0.7994155050215682,0.20058449497843178,0.00039421713894394883,0.0,0.4129145714109664,True,0,long_only,1.5044419615532394,1.2687555141317173
2021-09-14,1.885744767773433,-0.012062363870792514,0.3828694727979617,0.0,0.7969664403470521,0.0,0.7969664403470521,0.2030335596529479,0.0,0.0,0.0,True,0,long_only,1.4895112391710603,1.2660158031589501
2021-09-15,1.8718971889523233,-0.007343294308836845,0.3828694727979617,0.0,0.7954644757962115,0.0,0.7954644757962115,0.2045355242037885,0.0,0.0,0.0,True,0,long_only,1.4884257801471386,1.2576355596093456
2021-09-16,1.8534252177173536,-0.009868047959037951,0.3828694727979617,0.0,0.7934259935939055,0.0,0.7934259935939055,0.20657400640609447,0.0,0.0,0.0,True,0,long_only,1.4628385956396248,1.2670059589909475
2021-09-17,1.8486930200956213,-0.0025532174573303923,0.3828694727979617,0.0,0.79289721514816,0.0,0.79289721514816,0.20710278485183997,0.0,0.0,0.0,True,0,long_only,1.4624196961988414,1.2641330152354973
2021-09-22,1.8610560045900717,0.006687418819708135,0.18501286514200044,0.0,0.9005871587498236,0.0,0.9005871587498236,0.09941284125017635,0.0006575960404274306,0.0,0.7140571755086024,True,0,long_only,1.4686441031766306,1.267193325166163
2021-09-23,1.882382169505348,0.011459174179969667,0.18501286514200044,0.0,0.9017134415427351,0.0,0.9017134415427351,0.09828655845726486,0.0,0.0,0.0,True,0,long_only,1.4760371122261322,1.2752946073736409
2021-09-24,1.8613045027105082,-0.011197336617557618,0.18501286514200044,0.0,0.9006004311102364,0.0,0.9006004311102364,0.09939956888976365,0.0,0.0,0.0,True,0,long_only,1.4653201502660225,1.270237430620603
2021-09-27,1.8279773430922066,-0.01790526997047992,0.1873936434159773,0.0,0.8974857953660508,0.0,0.8974857953660508,0.10251420463394922,0.00038436450254391495,0.0,0.4128814344484138,True,0,long_only,1.4420864447112884,1.267592071055196
2021-09-28,1.837593033875449,0.005260289915287597,0.1873936434159773,0.0,0.8980222280116248,0.0,0.8980222280116248,0.10197777198837521,0.0,0.0,0.0,True,0,long_only,1.4475852074719773,1.2694195991989794
2021-09-29,1.815500454100866,-0.012022563955845111,0.1873936434159773,0.0,0.8967812742802178,0.0,0.8967812742802178,0.10321872571978219,0.0,0.0,0.0,True,0,long_only,1.4249398716554382,1.2740891669988081
2021-09-30,1.8335496831501394,0.00994173755699368,0.1873936434159773,0.0,0.897797346241513,0.0,0.897797346241513,0.10220265375848703,0.0,0.0,0.0,True,0,long_only,1.4422750202196817,1.2712899117332424
2021-10-08,1.8495135156438127,0.008706517549198045,0.0012842258461592633,0.0,0.9993056412752344,0.0,0.9993056412752344,0.0006943587247656424,0.00046773548739948264,0.0,0.5066090881259956,True,0,long_only,1.44267446064928,1.2820033667272612
2021-10-11,1.836914901105681,-0.006811853188186223,0.0014806144716857767,0.0,0.9991939667587243,0.0,0.9991939667587243,0.0008060332412757054,0.00038302514758155364,0.0,0.4107038008284201,True,0,long_only,1.4404405661652373,1.2752451883495226
2021-10-12,1.8144955761091541,-0.012204879487357934,0.0014806144716857767,0.0,0.9991840076706824,0.0,0.9991840076706824,0.0008159923293176163,0.0,0.0,0.0,True,0,long_only,1.4198108301072652,1.27798403676923
2021-10-13,1.7888909878232884,-0.014111132935782589,0.0014806144716857767,0.0,0.9991723282850861,0.0,0.9991723282850861,0.0008276717149139357,0.0,0.0,0.0,True,0,long_only,1.4190098264468483,1.260661451726948
2021-10-14,1.7996990856532802,0.006041786729074516,0.0014806144716857767,0.0,0.9991772988698562,0.0,0.9991772988698562,0.0008227011301438214,0.0,0.0,0.0,True,0,long_only,1.4242545606615216,1.2636077393477865
2021-10-15,1.8025709706279074,0.0015957584229058241,0.0014806144716857767,0.0,0.9991786096104887,0.0,0.9991786096104887,0.000821390389511345,0.0,0.0,0.0,True,0,long_only,1.4309629663175132,1.2596908606703514
2021-10-18,1.8241862430009943,0.011991357192198349,0.0015907406007482367,0.0,0.9991279724826061,0.0,0.9991279724826061,0.0008720275173939029,0.00021529302964675212,0.0,0.23819856652728674,True,0,long_only,1.4387108369709891,1.2679311200863486
2021-10-19,1.836483470029607,0.006741212458867496,0.0015907406007482367,0.0,0.9991338116423544,0.0,0.9991338116423544,0.0008661883576456253,0.0,0.0,0.0,True,0,long_only,1.4465478652757129,1.2695628773262697
2021-10-20,1.82759501172419,-0.00483993373775049,0.0015907406007482367,0.0,0.9991295989589907,0.0,0.9991295989589907,0.0008704010410093277,0.0,0.0,0.0,True,0,long_only,1.4475668098614023,1.2625289549842424
2021-10-21,1.827588482607161,-3.5725185213442145e-06,0.0015907406007482367,0.0,0.9991295958494557,0.0,0.9991295958494557,0.0008704041505442905,0.0,0.0,0.0,True,0,long_only,1.446740332586343,1.2632456851050624
2021-10-22,1.8077100615194823,-0.010876858372034004,0.0015907406007482367,0.0,0.9991200244803577,0.0,0.9991200244803577,0.000879975519642251,0.0,0.0,0.0,True,0,long_only,1.4405173408093674,1.2549033672193106
2021-10-25,1.8106777318491247,0.0016416738462736724,0.18266937748662176,0.0,0.8991154669472443,0.0,0.8991154669472443,0.10088453305275569,0.0001033666700089299,0.0,0.11412653164343835,True,0,long_only,1.4480610687455024,1.2504153111565715
2021-10-26,1.8086415736279096,-0.0011245282279667146,0.18266937748662176,0.0,0.8990018917235162,0.0,0.8990018917235162,0.10099810827648381,0.0,0.0,0.0,True,0,long_only,1.4496545848614555,1.2476362248740536
2021-10-27,1.7960703363038002,-0.006950651531742236,0.18266937748662176,0.0,0.8982949755394637,0.0,0.8982949755394637,0.10170502446053631,0.0,0.0,0.0,True,0,long_only,1.4461841586666544,1.2419374984439964
2021-10-28,1.7811629117974812,-0.008300022668932594,0.36130321629041434,0.0,0.7971531891342825,0.0,0.7971531891342825,0.20284681086571754,8.936160020199729e-05,0.0,0.09987047722123683,True,0,long_only,1.4348186809337777,1.2413853649008133
2021-10-29,1.7842829587731022,0.0017516909626600352,0.36130321629041434,0.0,0.7975078927285998,0.0,0.7975078927285998,0.2024921072714002,0.0,0.0,0.0,True,0,long_only,1.4439339893732572,1.2357095074322435
2021-11-01,1.7953782819361945,0.006218365259017977,0.17990552754951575,0.0,0.8997951967228323,0.0,0.8997951967228323,0.10020480327716774,0.00010687549578444655,0.0,0.11970245535350799,True,0,long_only,1.4549679563155813,1.2339641393083565
2021-11-02,1.783291817825165,-0.006731987477310297,0.17990552754951575,0.0,0.899116047216029,0.0,0.899116047216029,0.100883952783971,0.0,0.0,0.0,True,0,long_only,1.4485857544470917,1.2310571275125004
2021-11-03,1.7892134710145118,0.0033206304936499453,0.17990552754951575,0.0,0.8994499368219565,0.0,0.8994499368219565,0.10055006317804349,0.0,0.0,0.0,True,0,long_only,1.4522688145641147,1.2320125951003966
2021-11-04,1.8001109181301753,0.006090635517898457,0.17990552754951575,0.0,0.9000586431993932,0.0,0.9000586431993932,0.09994135680060678,0.0,0.0,0.0,True,0,long_only,1.4637676749736594,1.2297791165271965
2021-11-05,1.786950427292369,-0.007310933290419874,0.17990552754951575,0.0,0.899322597425317,0.0,0.899322597425317,0.10067740257468305,0.0,0.0,0.0,True,0,long_only,1.4532884667502108,1.2295910056234607
2021-11-08,1.8472413333243487,0.03373955153492081,0.1817233040822594,0.0,0.9016244922609951,0.0,0.9016244922609951,0.09837550773900494,0.00020431522874403096,0.0,0.22653129461873472,True,0,long_only,1.4596653616156499,1.265523853549354
2021-11-09,1.832979639695579,-0.007720536224199659,0.1817233040822594,0.0,0.9008590711283406,0.0,0.9008590711283406,0.09914092887165937,0.0,0.0,0.0,True,0,long_only,1.468011508413015,1.2486139442306625
2021-11-10,1.8329899928030227,5.648239194355753e-06,0.1817233040822594,0.0,0.900859631096858,0.0,0.900859631096858,0.09914036890314204,0.0,0.0,0.0,True,0,long_only,1.4683384198009237,1.2483430032781804
2021-11-11,1.846349746601268,0.007288503401928326,0.1817233040822594,0.0,0.9015769875578705,0.0,0.9015769875578705,0.09842301244212948,0.0,0.0,0.0,True,0,long_only,1.4827288892725656,1.2452375885837745
2021-11-12,1.8529458528749216,0.0035725118092038155,0.1817233040822594,0.0,0.901927353246557,0.0,0.901927353246557,0.09807264675344296,0.0,0.0,0.0,True,0,long_only,1.4920596620358937,1.241871153025211
2021-11-15,1.860579107141361,0.0041195236518090095,0.3718448380464426,0.0,0.8001456446440731,0.0,0.8001456446440731,0.19985435535592688,0.00047262574600641426,0.0,0.509696990140054,True,0,long_only,1.4892395206148765,1.2493484636864634
2021-11-16,1.8392349156919605,-0.011471800025850132,0.3718448380464426,0.0,0.797826348948717,0.0,0.797826348948717,0.20217365105128304,0.0,0.0,0.0,True,0,long_only,1.480174451804275,1.2425798279723075
2021-11-17,1.8453478566926285,0.0033236325324805804,0.3718448380464426,0.0,0.79849607395275,0.0,0.79849607395275,0.20150392604724998,0.0,0.0,0.0,True,0,long_only,1.4861494296386921,1.241697382437016
2021-11-18,1.8508963950478463,0.003006770964669059,0.3718448380464426,0.0,0.7991001338371344,0.0,0.7991001338371344,0.2008998661628656,0.0,0.0,0.0,True,0,long_only,1.4866447499234023,1.245015929423093
2021-11-19,1.8640610115342844,0.007112562605697814,0.3718448380464426,0.0,0.8005189552565224,0.0,0.8005189552565224,0.1994810447434776,0.0,0.0,0.0,True,0,long_only,1.4994102150609916,1.24319615326781
2021-11-22,1.871923888041026,0.00421814332153736,0.18751159978863088,0.0,0.8998294743784362,0.0,0.8998294743784362,0.10017052562156381,0.0002883171877039221,0.0,0.3095335803879329,True,0,long_only,1.512271913853896,1.2378222929966263
2021-11-23,1.8946856264947523,0.012159542703173987,0.18751159978863088,0.0,0.901032869428827,0.0,0.901032869428827,0.09896713057117301,0.0,0.0,0.0,True,0,long_only,1.510709532155839,1.254169372844934
2021-11-24,1.9283556686859573,0.01777078039774649,0.18751159978863088,0.0,0.9027608843982566,0.0,0.9027608843982566,0.09723911560174336,0.0,0.0,0.0,True,0,long_only,1.5102573754959394,1.2768391003902382
2021-11-25,1.9257639191234317,-0.001344020506492849,0.18751159978863088,0.0,0.9026300171445821,0.0,0.9026300171445821,0.09736998285541787,0.0,0.0,0.0,True,0,long_only,1.5087077306052037,1.276432724548266
2021-11-26,1.925980307176851,0.00011236478743348322,0.18751159978863088,0.0,0.9026409568727679,0.0,0.9026409568727679,0.09735904312723209,0.0,0.0,0.0,True,0,long_only,1.5096958945732002,1.275740574045435
2021-11-29,1.9134771619483446,-0.006491834408646646,0.1927453683176871,0.0,0.8992695747037662,0.0,0.8992695747037662,0.10073042529623377,0.0006000435009837766,0.0,0.6260062829576214,True,0,long_only,1.5159096875448885,1.2622632981832458
2021-11-30,1.9077516065908946,-0.0029922256044175866,0.1927453683176871,0.0,0.8989672619581128,0.0,0.8989672619581128,0.10103273804188717,0.0,0.0,0.0,True,0,long_only,1.5178916762841357,1.2568430517131188
2021-12-01,1.9339200439778874,0.013716899672151284,0.1927453683176871,0.0,0.900334365467753,0.0,0.900334365467753,0.09966563453224697,0.0,0.0,0.0,True,0,long_only,1.5256689123544909,1.2675882875488118
2021-12-02,1.9356560373996867,0.000897655219617377,0.1927453683176871,0.0,0.9004237506077698,0.0,0.9004237506077698,0.0995762493922302,0.0,0.0,0.0,True,0,long_only,1.5273200979035924,1.2673545251297214
2021-12-03,1.957733308781211,0.011405575657533973,0.1927453683176871,0.0,0.9015466675398801,0.0,0.9015466675398801,0.09845333246011989,0.0,0.0,0.0,True,0,long_only,1.5353665759287078,1.2750917855542239
2021-12-06,1.9433788543712605,-0.007332180714076486,0.19702903755761242,0.0,0.8986152200254556,0.0,0.8986152200254556,0.10138477997454443,0.00040557370022029,0.0,0.41435737053041904,True,0,long_only,1.5210627875068903,1.277645387378499
2021-12-07,1.915199273219795,-0.014500302443900992,0.19702903755761242,0.0,0.8971234793618258,0.0,0.8971234793618258,0.10287652063817421,0.0,0.0,0.0,True,0,long_only,1.4998874915353302,1.2768952898322654
2021-12-08,1.9199245292611096,0.0024672398885001723,0.19702903755761242,0.0,0.8973766757209776,0.0,0.8973766757209776,0.10262332427902243,0.0,0.0,0.0,True,0,long_only,1.5113909513475188,1.2703030460446731
2021-12-09,1.9315572988557457,0.006058972327997125,0.19702903755761242,0.0,0.8979947228724033,0.0,0.8979947228724033,0.10200527712759666,0.0,0.0,0.0,True,0,long_only,1.521723686286775,1.2693219644684797
2021-12-10,1.9337599101349523,0.0011403292465159698,0.19702903755761242,0.0,0.8981109099816521,0.0,0.8981109099816521,0.1018890900183479,0.0,0.0,0.0,True,0,long_only,1.5253522611724797,1.2677464473999898
2021-12-13,1.9397573188076498,0.00310142362620347,0.0015378791603708232,0.0,0.9992071796067169,0.0,0.9992071796067169,0.0007928203932831002,0.000299635750516334,0.0,0.3093895360842293,True,0,long_only,1.5316070949677583,1.2664849393691817
2021-12-14,1.9237414948515543,-0.008256612206489988,0.0015378791603708232,0.0,0.9992005790983421,0.0,0.9992005790983421,0.0007994209016578546,0.0,0.0,0.0,True,0,long_only,1.5249192097235618,1.2615366654081899
2021-12-15,1.9254336684957691,0.0008796263160844031,0.0015378791603708232,0.0,0.9992012816720026,0.0,0.9992012816720026,0.0007987183279973831,0.0,0.0,0.0,True,0,long_only,1.5260697679849027,1.261694392280771
2021-12-16,1.9641264601858237,0.020095624338117624,0.0015378791603708232,0.0,0.9992170162199101,0.0,0.9992170162199101,0.0007829837800898964,0.0,0.0,0.0,True,0,long_only,1.5312239293475147,1.2827166703323252
2021-12-17,1.9680336315318159,0.0019892666919332225,0.0015378791603708232,0.0,0.9992185706912061,0.0,0.9992185706912061,0.0007814293087938795,0.0,0.0,0.0,True,0,long_only,1.5281083647566882,1.287888789120773
2021-12-20,1.9452990726299504,-0.011551915850223637,0.001938686381730051,0.0,0.999003399318384,0.0,0.999003399318384,0.000996600681616,2.178171883054134e-05,0.0,0.0222011284041125,True,0,long_only,1.5159970761951194,1.2831812825868385
2021-12-21,1.9779458893347124,0.016782415189570354,0.001938686381730051,0.0,0.9990198486256961,0.0,0.9990198486256961,0.0009801513743038504,0.0,0.0,0.0,True,0,long_only,1.5268679412436927,1.2954269559969929
2021-12-22,1.9732036178067007,-0.0023975739445565303,0.001938686381730051,0.0,0.9990174929924946,0.0,0.9990174929924946,0.000982507007505351,0.0,0.0,0.0,True,0,long_only,1.5340001995433148,1.2863124909593497
2021-12-23,1.9790259075358874,0.002950678620617042,0.001938686381730051,0.0,0.9990203835258812,0.0,0.9990203835258812,0.0009796164741188162,0.0,0.0,0.0,True,0,long_only,1.5434364047672455,1.282220570554917
2021-12-24,1.9605946229612203,-0.009313311414713143,0.001938686381730051,0.0,0.9990111742840537,0.0,0.9990111742840537,0.0009888257159462732,0.0,0.0,0.0,True,0,long_only,1.538823557715781,1.2740866963796118
2021-12-27,1.9578758838116666,-0.0013866911179463148,0.0017516476703059156,0.0,0.9991053326286978,0.0,0.9991053326286978,0.0008946673713021713,0.0002061027226370746,0.0,0.21034124476630608,True,0,long_only,1.5319407285595308,1.2780363151860572
2021-12-28,1.9541077501900683,-0.0019246029090783656,0.0017516476703059156,0.0,0.9991036074289479,0.0,0.9991036074289479,0.0008963925710521181,0.0,0.0,0.0,True,0,long_only,1.5331432954507662,1.2745760660392365
2021-12-29,1.9554382502600258,0.0006808734420238327,0.0017516476703059156,0.0,0.9991042173435685,0.0,0.9991042173435685,0.0008957826564315319,0.0,0.0,0.0,True,0,long_only,1.5282856186585736,1.2794979069268335
2021-12-30,1.9606683445669089,0.002674640483373736,0.0017516476703059156,0.0,0.9991066068490575,0.0,0.9991066068490575,0.0008933931509425008,0.0,0.0,0.0,True,0,long_only,1.5346536685189287,1.2775966231254772
2021-12-31,1.9655265149321548,0.0024778134347445135,0.0017516476703059156,0.0,0.9991088150391264,0.0,0.9991088150391264,0.0008911849608735922,0.0,0.0,0.0,True,0,long_only,1.5438698100163668,1.2731167499876936
2022-01-04,1.9871912749093839,0.011022369737900384,0.0017686052047177394,0.0,0.9991099974989582,0.0,0.9991099974989582,0.0008900025010417645,0.0002088020640973489,0.0,0.21098877323404572,True,0,long_only,1.5485325428965058,1.2832738220614814
2022-01-05,1.986957369702814,-0.00011770643798780789,0.0017686052047177394,0.0,0.9991098927276018,0.0,0.9991098927276018,0.0008901072723982439,0.0,0.0,0.0,True,0,long_only,1.5377342068896223,1.2921331663173679
2022-01-06,1.994321413330865,0.0037061910538889187,0.0017686052047177394,0.0,0.9991131794539758,0.0,0.9991131794539758,0.0008868205460241807,0.0,0.0,0.0,True,0,long_only,1.5413542905704463,1.2938760579131865
2022-01-07,2.003000050129513,0.004351674078529433,0.0017686052047177394,0.0,0.9991170218869424,0.0,0.9991170218869424,0.0008829781130575975,0.0,0.0,0.0,True,0,long_only,1.5379387034071668,1.3023926413270206
2022-01-10,2.0069716673491005,0.0019828343086314426,0.0017879901494644583,0.0,0.9991091104181724,0.0,0.9991091104181724,0.0008908895818275919,0.00021193949258641696,0.0,0.21174744723607755,True,0,long_only,1.5431728236157392,1.3005488670067784
2022-01-11,2.005417889359106,-0.0007741902963915859,0.0017879901494644583,0.0,0.9991084201657162,0.0,0.9991084201657162,0.0008915798342837844,0.0,0.0,0.0,True,0,long_only,1.5341502108295413,1.3071848344463886
2022-01-12,2.0079511003066677,0.0012631835793444068,0.0017879901494644583,0.0,0.9991095449738834,0.0,0.9991095449738834,0.0008904550261166211,0.0,0.0,0.0,True,0,long_only,1.5440838591394024,1.3004158345556456
2022-01-13,2.0057495843579902,-0.001096399184393082,0.0017879901494644583,0.0,0.999108567608136,0.0,0.999108567608136,0.0008914323918639555,0.0,0.0,0.0,True,0,long_only,1.5321639764878536,1.3090959030088454
2022-01-14,1.979102290848958,-0.013285453835734762,0.0017879901494644583,0.0,0.9990965650650137,0.0,0.9990965650650137,0.0009034349349863469,0.0,0.0,0.0,True,0,long_only,1.5188094340116627,1.303061626119555
2022-01-17,1.987360234394135,0.0041725703534174485,0.0017714644638639001,0.0,0.9991086344422082,0.0,0.9991086344422082,0.00089136555779179,0.00020397703261199854,0.0,0.20631632840125752,True,0,long_only,1.529745398297655,1.2991444436477646
2022-01-18,1.987604887434896,0.00012310452656083548,0.0017714644638639001,0.0,0.9991087441598364,0.0,0.9991087441598364,0.0008912558401635851,0.0,0.0,0.0,True,0,long_only,1.5347421185697698,1.2950741778606754
2022-01-19,2.0130142242215725,0.01278389731646734,0.0017714644638639001,0.0,0.999119994065343,0.0,0.999119994065343,0.00088000593465698,0.0,0.0,0.0,True,0,long_only,1.536155196582007,1.3104237310791198
2022-01-20,2.00979547197068,-0.0015989714390304277,0.19375697357951796,0.0,0.9035936858841004,0.0,0.9035936858841004,0.09640631411589962,9.604077494529968e-05,0.0,0.09442255430557055,True,0,long_only,1.5384382692943173,1.3063868158275693
2022-01-21,1.9953267105242085,-0.0071991213276464405,0.19375697357951796,0.0,0.9028946124173246,0.0,0.9028946124173246,0.0971053875826754,0.0,0.0,0.0,True,0,long_only,1.5315257209209843,1.302835912755234
2022-01-24,1.9877193109931879,-0.003812608477045898,0.39962572939790525,0.0,0.798952635219795,0.0,0.798952635219795,0.20104736478020502,0.00011415366002477427,0.0,0.11466240501924892,True,0,long_only,1.5346427007126244,1.2952326362808577
2022-01-25,1.959419679565449,-0.014237237255394275,0.39962572939790525,0.0,0.796048935526394,0.0,0.796048935526394,0.203951064473606,0.0,0.0,0.0,True,0,long_only,1.5148376729286945,1.293484915632727
2022-01-26,1.97174537335603,0.0062904817784184,0.39962572939790525,0.0,0.7973238660539023,0.0,0.7973238660539023,0.20267613394609774,0.0,0.0,0.0,True,0,long_only,1.5216617712511862,1.295784260739338
2022-01-27,1.9513723853686578,-0.010332463949285775,0.39962572939790525,0.0,0.7952078586361634,0.0,0.7952078586361634,0.2047921413638366,0.0,0.0,0.0,True,0,long_only,1.5080482470261325,1.2939721187413993
2022-01-28,1.9598535308140972,0.004346246523232011,0.39962572939790525,0.0,0.7960940840145814,0.0,0.7960940840145814,0.20390591598541863,0.0,0.0,0.0,True,0,long_only,1.5074344036732952,1.300125249920231
2022-02-07,1.982831425205371,0.011724291652411845,0.5901878454748997,0.0,0.702350972466673,0.0,0.702350972466673,0.297649027533327,0.0005012624732696911,0.0,0.5102304527028003,True,0,long_only,1.5224670205140436,1.3023805432158988
2022-02-08,1.9917508334855507,0.004498319003218398,0.5901878454748997,0.0,0.7036838968245467,0.0,0.7036838968245467,0.2963161031754533,0.0,0.0,0.0,True,0,long_only,1.5259965313428063,1.3052132115483266
2022-02-09,2.000088281485488,0.004185989462018647,0.5901878454748997,0.0,0.704919102352542,0.0,0.704919102352542,0.29508089764745804,0.0,0.0,0.0,True,0,long_only,1.5404513924514605,1.298378054177072
2022-02-10,2.0061942321646433,0.0030528405849266083,0.5901878454748997,0.0,0.705817195557332,0.0,0.705817195557332,0.294182804442668,0.0,0.0,0.0,True,0,long_only,1.5448533745817197,1.298630837834584
2022-02-11,2.0032135930293467,-0.0014857181261459518,0.5901878454748997,0.0,0.7053794724992897,0.0,0.7053794724992897,0.2946205275007103,0.0,0.0,0.0,True,0,long_only,1.5348142938112561,1.305183044689374
2022-02-14,1.9748264231860735,-0.014170815304994422,1.0013215438114884,0.0,0.4929571875000474,0.0,0.4929571875000474,0.5070428124999526,0.0006112387174448179,0.0,0.6105794892001439,True,0,long_only,1.4885481950175024,1.3266795323095693
2022-02-15,1.9570409992291968,-0.009006069469225886,1.0013215438114884,0.0,0.48834922507710865,0.0,0.48834922507710865,0.5116507749228913,0.0,0.0,0.0,True,0,long_only,1.4658642949787968,1.335076518292237
2022-02-16,1.962708623555421,0.00289601716492216,1.0013215438114884,0.0,0.4898266957233787,0.0,0.4898266957233787,0.5101733042766212,0.0,0.0,0.0,True,0,long_only,1.473924925012047,1.3316204850388693
2022-02-17,1.9671737231204007,0.002274968128937793,1.0013215438114884,0.0,0.490984689332289,0.0,0.490984689332289,0.509015310667711,0.0,0.0,0.0,True,0,long_only,1.4769608845571165,1.331906446331028
2022-02-18,1.974015228127841,0.0034778346858903575,1.0013215438114884,0.0,0.4927488250629439,0.0,0.4927488250629439,0.5072511749370561,0.0,0.0,0.0,True,0,long_only,1.4885786218349917,1.326107468676693
2022-02-21,1.992985286798083,0.009609884665496393,0.0004926979584114743,0.0,0.9997527839459353,0.0,0.9997527839459353,0.0002472160540647472,0.0009781685365768179,0.0,0.9919251999305341,True,0,long_only,1.494434015200672,1.3336054094904055
2022-02-22,1.9769521064251405,-0.008044806190567133,0.0004926979584114743,0.0,0.9997507790113832,0.0,0.9997507790113832,0.000249220988616794,0.0,0.0,0.0,True,0,long_only,1.4859750061384336,1.3304073744568536
2022-02-23,1.9989690471987442,0.011136810397200936,0.0004926979584114743,0.0,0.9997535239682166,0.0,0.9997535239682166,0.0002464760317834047,0.0,0.0,0.0,True,0,long_only,1.4978255439501227,1.3345806895020542
2022-02-24,1.9797401756230169,-0.009619394358643896,0.0004926979584114743,0.0,0.9997511299894409,0.0,0.9997511299894409,0.00024887001055906577,0.0,0.0,0.0,True,0,long_only,1.4893233712630738,1.3292883290645117
2022-02-25,1.9937458143979714,0.0070744832819018555,0.0004926979584114743,0.0,0.9997528782481431,0.0,0.9997528782481431,0.00024712175185692686,0.0,0.0,0.0,True,0,long_only,1.49460100889666,1.3339652539575018
2022-02-28,1.9948989987522414,0.000578400890395514,0.0011725990014335838,0.0,0.9994122013183789,0.0,0.9994122013183789,0.0005877986816210656,0.0008264679369256042,0.0,0.8263386889577031,True,0,long_only,1.4967807719495878,1.3327930423330094
2022-03-01,2.0071324068595153,0.006132344602371109,0.0011725990014335838,0.0,0.9994157839326263,0.0,0.9994157839326263,0.0005842160673736885,0.0,0.0,0.0,True,0,long_only,1.5012789877351622,1.3369483109115423
2022-03-02,2.0116306868516625,0.002241147607788152,0.0011725990014335838,0.0,0.999417090319263,0.0,0.999417090319263,0.0005829096807370426,0.0,0.0,0.0,True,0,long_only,1.4970263092907226,1.3437510579254648
2022-03-03,2.0082513793945584,-0.0016798846225561936,0.0011725990014335838,0.0,0.9994161094505076,0.0,0.9994161094505076,0.0005838905494923718,0.0,0.0,0.0,True,0,long_only,1.488737124326099,1.3489630550481677
2022-03-04,1.9855071188709075,-0.01132540515446212,0.0011725990014335838,0.0,0.9994094209029579,0.0,0.9994094209029579,0.0005905790970420766,0.0,0.0,0.0,True,0,long_only,1.4720136963134727,1.3488373945456034
2022-03-07,1.9514871714107613,-0.017134135222588442,0.0010754498447930964,0.0,0.999448907550842,0.0,0.999448907550842,0.0005510924491579638,0.0009222266914473762,0.0,0.922567269143766,True,0,long_only,1.4418041121490037,1.353503679845993
2022-03-08,1.8957865959154312,-0.02854262959620857,0.0010754498447930964,0.0,0.9994327157671068,0.0,0.9994327157671068,0.000567284232893206,0.0,0.0,0.0,True,0,long_only,1.4143226813526772,1.3404201324850955
2022-03-09,1.8696685175615717,-0.013776908440080837,0.0010754498447930964,0.0,0.9994247911676901,0.0,0.9994247911676901,0.0005752088323098814,0.0,0.0,0.0,True,0,long_only,1.4044590854830825,1.3312374400130527
2022-03-10,1.9055191343031221,0.019174851801166737,0.0010754498447930964,0.0,0.999435613200921,0.0,0.999435613200921,0.0005643867990789975,0.0,0.0,0.0,True,0,long_only,1.4236944949395955,1.338432606908387
2022-03-11,1.8961954076333731,-0.0048930113069469705,0.0010754498447930964,0.0,0.9994328380711904,0.0,0.9994328380711904,0.0005671619288095675,0.0,0.0,0.0,True,0,long_only,1.4251542745786772,1.3305193981149523
2022-03-14,1.8837911996179815,-0.00654162960497473,0.0013462851311041905,0.0,0.9992853320838438,0.0,0.9992853320838438,0.0007146679161561531,0.000538918929549627,0.0,0.571286785526739,True,0,long_only,1.41613803019614,1.3302313471216292
2022-03-15,1.842350776306998,-0.021998416448376745,0.0013462851311041905,0.0,0.9992692568926516,0.0,0.9992692568926516,0.0007307431073484416,0.0,0.0,0.0,True,0,long_only,1.392922014651574,1.3226517758554088
2022-03-16,1.8610811038408812,0.0101665371083286,0.0013462851311041905,0.0,0.9992766112512099,0.0,0.9992766112512099,0.000723388748790077,0.0,0.0,0.0,True,0,long_only,1.4176862598860622,1.3127594986992779
2022-03-17,1.8928224814177428,0.017055343537341727,0.0013462851311041905,0.0,0.9992887420007311,0.0,0.9992887420007311,0.000711257999268855,0.0,0.0,0.0,True,0,long_only,1.4279344365767142,1.3255667998003724
2022-03-18,1.9221804789066228,0.015510169483453407,0.0013462851311041905,0.0,0.999299605242131,0.0,0.999299605242131,0.0007003947578689829,0.0,0.0,0.0,True,0,long_only,1.4384090453975193,1.3363239650480703
2022-03-21,1.9278229778785663,0.0029354678365858256,0.001639733176663489,0.0,0.9991494378916118,0.0,0.9991494378916118,0.0008505621083881865,0.0002872925526255412,0.0,0.29791896695005665,True,0,long_only,1.4394697384072057,1.3392591219123027
2022-03-22,1.9272701761113755,-0.0002867492365918878,0.001639733176663489,0.0,0.999149193923619,0.0,0.999149193923619,0.0008508060763809944,0.0,0.0,0.0,True,0,long_only,1.437375595003492,1.340825726282554
2022-03-23,1.9225774330565302,-0.00243491707235044,0.001639733176663489,0.0,0.9991471172247889,0.0,0.9991471172247889,0.0008528827752111168,0.0,0.0,0.0,True,0,long_only,1.432200913229085,1.3423936650911827
2022-03-24,1.9018096761610637,-0.010802039251261664,0.001639733176663489,0.0,0.9991378037470219,0.0,0.9991378037470219,0.0008621962529781202,0.0,0.0,0.0,True,0,long_only,1.4179735456511942,1.3412166129570995
2022-03-25,1.8769649932826007,-0.013063706210925119,0.001639733176663489,0.0,0.9991263911780284,0.0,0.9991263911780284,0.0008736088219716276,0.0,0.0,0.0,True,0,long_only,1.4060207595807326,1.334948279029892
2022-03-28,1.864971833438006,-0.006389655580960052,0.0010521451653861878,0.0,0.999435838575939,0.0,0.999435838575939,0.000564161424061016,0.000818450559907856,0.0,0.8742491211349849,True,0,long_only,1.3999552088942542,1.3321653589981943
2022-03-29,1.8615283502484485,-0.0018463995690538582,0.0010521451653861878,0.0,0.9994347949816366,0.0,0.9994347949816366,0.000565205018363435,0.0,0.0,0.0,True,0,long_only,1.39831003794861,1.3312701044322064
2022-03-30,1.8841764570505384,0.012166404448832102,0.0010521451653861878,0.0,0.9994415888376861,0.0,0.9994415888376861,0.000558411162313921,0.0,0.0,0.0,True,0,long_only,1.4158861244513443,1.3307401100357958
2022-03-31,1.8712930133230128,-0.006837705502218849,0.0010521451653861878,0.0,0.9994377442987842,0.0,0.9994377442987842,0.0005622557012158191,0.0,0.0,0.0,True,0,long_only,1.4148356916475555,1.3226221421824038
2022-04-01,1.889176344194222,0.009556670571570391,0.0010521451653861878,0.0,0.9994430667266083,0.0,0.9994430667266083,0.0005569332733916799,0.0,0.0,0.0,True,0,long_only,1.429513093084126,1.3215523196911672
2022-04-06,1.8979239182865482,0.0046303639780420625,0.0014029756989013076,0.0,0.9992607840148998,0.0,0.9992607840148998,0.0007392159851001834,0.00048541857558138235,0.0,0.5137072676137742,True,0,long_only,1.4328628734095796,1.3245677262684106
2022-04-07,1.8772400218930692,-0.01089816941247701,0.0014029756989013076,0.0,0.9992526391497415,0.0,0.9992526391497415,0.000747360850258505,0.0,0.0,0.0,True,0,long_only,1.4217110909995352,1.3204089310249905
2022-04-08,1.8773104887449286,3.753747578238986e-05,0.0014029756989013076,0.0,0.9992526672027282,0.0,0.9992526672027282,0.0007473327972717936,0.0,0.0,0.0,True,0,long_only,1.422331302756033,1.3198827060244602
2022-04-11,1.851389355501513,-0.013807589846656088,0.005305757124424868,0.0,0.9971341754187694,0.0,0.9971341754187694,0.002865824581230636,0.00048220384977323643,0.0,0.5136640585032267,True,0,long_only,1.4084630423845568,1.3144749274834169
2022-04-12,1.8651357414271545,0.007424902754676221,0.005305757124424868,0.0,0.997155297061454,0.0,0.997155297061454,0.0028447029385459954,0.0,0.0,0.0,True,0,long_only,1.412450370676473,1.3204964791321299
2022-04-13,1.8444208039432854,-0.011106396721569656,0.005305757124424868,0.0,0.9971233478211255,0.0,0.9971233478211255,0.0028766521788744503,0.0,0.0,0.0,True,0,long_only,1.4071967914567158,1.3107056633024012
2022-04-14,1.8515636113526759,0.003872656063149682,0.11366769177365738,0.0,0.9386098910797795,0.0,0.9386098910797795,0.061390108920220454,5.42080713602964e-05,0.0,0.05878948427820686,True,0,long_only,1.4129057115382029,1.310465090651318
2022-04-15,1.848438396879389,-0.0016878785336484903,0.11366769177365738,0.0,0.9385060968406868,0.0,0.9385060968406868,0.061493903159313246,0.0,0.0,0.0,True,0,long_only,1.4115457035564705,1.3095136715886295
2022-04-18,1.8647408902421954,0.00881960328801279,0.001139163473470282,0.0,0.9993891036125011,0.0,0.9993891036125011,0.0006108963874988937,0.0005935520658752036,0.0,0.6427039332566775,True,0,long_only,1.413718390605331,1.3190327738777905
2022-04-19,1.8740216368849962,0.004976963121989142,0.001139163473470282,0.0,0.9993921289642291,0.0,0.9993921289642291,0.0006078710357708683,0.0,0.0,0.0,True,0,long_only,1.4165109356104857,1.3229842352592451
2022-04-20,1.8658844458413564,-0.00434210090400311,0.10799662660131909,0.0,0.94212041005968,0.0,0.94212041005968,0.05787958994032005,5.3455459293571195e-05,0.0,0.05690065312563952,True,0,long_only,1.4072753351018628,1.3258844231120543
2022-04-21,1.8375229012638457,-0.015200054130212859,0.10799662660131909,0.0,0.9412270581623559,0.0,0.9412270581623559,0.058772941837644144,0.0,0.0,0.0,True,0,long_only,1.393842602780728,1.3183144908886926
2022-04-22,1.8304513139737224,-0.00384843491488418,0.10799662660131909,0.0,0.9410000005043185,0.0,0.9410000005043185,0.058999999495681466,0.0,0.0,0.0,True,0,long_only,1.3945321593770852,1.3125916829278108
2022-04-25,1.7691168888508184,-0.03350781561611349,0.001182228974478683,0.0,0.999331740609154,0.0,0.999331740609154,0.0006682593908460266,0.0006023027500157233,0.0,0.6548825126435661,True,0,long_only,1.3665950339188255,1.2945436248057538
2022-04-26,1.7539368745747559,-0.008580560375478163,0.001182228974478683,0.0,0.9993259569419992,0.0,0.9993259569419992,0.0006740430580007839,0.0,0.0,0.0,True,0,long_only,1.3600164729374686,1.2896438458472987
2022-04-27,1.7923884197869284,0.02192299265131492,0.001182228974478683,0.0,0.9993404169757918,0.0,0.9993404169757918,0.0006595830242082101,0.0,0.0,0.0,True,0,long_only,1.3770954701544762,1.3015716474514774
2022-04-28,1.7931809447650207,0.00044216140282049565,0.001182228974478683,0.0,0.9993407084890512,0.0,0.9993407084890512,0.0006592915109487896,0.0,0.0,0.0,True,0,long_only,1.3785743550045393,1.3007502556937642
2022-04-29,1.833182665263899,0.022307687696357936,0.001182228974478683,0.0,0.9993550948321298,0.0,0.9993550948321298,0.0006449051678701911,0.0,0.0,0.0,True,0,long_only,1.3950391550685064,1.3140725538803077
2022-05-05,1.8493259215432947,0.00880613622705817,0.0012259403798533604,0.0,0.9993370879813168,0.0,0.9993370879813168,0.0006629120186831816,0.0006087481363032873,0.0,0.6630531959521854,True,0,long_only,1.4006553794967123,1.320329003561033
2022-05-06,1.8342429803452869,-0.00815591293146456,0.262575094687131,0.0,0.8568482488412181,0.0,0.8568482488412181,0.14315175115878187,0.0001307399471272024,0.0,0.14235909965503135,True,0,long_only,1.3910019409479157,1.3186487569494827
2022-05-09,1.8385719959795432,0.0023601102365629067,0.001049517396811163,0.0,0.9994291670932081,0.0,0.9994291670932081,0.0005708329067919404,0.0006526490685817208,0.0,0.7116036149230268,True,0,long_only,1.390717839384614,1.3220309281378764
2022-05-10,1.8494736113953874,0.005929392724181026,0.001049517396811163,0.0,0.999432531834818,0.0,0.999432531834818,0.0005674681651820501,0.0,0.0,0.0,True,0,long_only,1.3973452247940352,1.3235624086152329
2022-05-11,1.8760363207845963,0.014362307861839563,0.001049517396811163,0.0,0.999440566589685,0.0,0.999440566589685,0.0005594334103149468,0.0,0.0,0.0,True,0,long_only,1.406786383220813,1.3335616147274925
2022-05-12,1.8808676523285808,0.002575286784407327,0.001049517396811163,0.0,0.9994420035904643,0.0,0.9994420035904643,0.0005579964095356882,0.0,0.0,0.0,True,0,long_only,1.4063858813906047,1.3373766597178993
2022-05-13,1.889418334803426,0.004546137238448988,0.001049517396811163,0.0,0.999444528838596,0.0,0.999444528838596,0.0005554711614039753,0.0,0.0,0.0,True,0,long_only,1.4129796557807062,1.3371872178580488
2022-05-16,1.8891444081177873,-0.00014497937306579,0.0014058631100015773,0.0,0.9992558201988369,0.0,0.9992558201988369,0.0007441798011631473,0.0004912388427032043,0.0,0.5174815583423089,True,0,long_only,1.413895290707013,1.3361275198626115
2022-05-17,1.8952613323335181,0.003237933632519674,0.0014058631100015773,0.0,0.9992582220266845,0.0,0.9992582220266845,0.0007417779733155383,0.0,0.0,0.0,True,0,long_only,1.419911663165224,1.3347741141224652
2022-05-18,1.8892704161605784,-0.003160997415360911,0.0014058631100015773,0.0,0.9992558698331504,0.0,0.9992558698331504,0.0007441301668495992,0.0,0.0,0.0,True,0,long_only,1.41941068207726,1.3310245160306209
2022-05-19,1.9010124472313648,0.006215114030446056,0.0014058631100015773,0.0,0.9992604661205405,0.0,0.9992604661205405,0.0007395338794594641,0.0,0.0,0.0,True,0,long_only,1.4203125187956358,1.3384465897993647
2022-05-20,1.9146623801352938,0.00718034904180076,0.0014058631100015773,0.0,0.999265738375294,0.0,0.999265738375294,0.000734261624706023,0.0,0.0,0.0,True,0,long_only,1.4269027551837037,1.3418310204950123
2022-05-23,1.9303550139867083,0.008196031850955299,0.0015530596821261861,0.0,0.9991954538564807,0.0,0.9991954538564807,0.0008045461435193246,0.00036242597101207385,0.0,0.3780890021899695,True,0,long_only,1.4300621909997473,1.349839906359044
2022-05-24,1.8828547743484203,-0.024606996792878588,0.0015530596821261861,0.0,0.9991751569460987,0.0,0.9991751569460987,0.0008248430539012919,0.0,0.0,0.0,True,0,long_only,1.412577384949481,1.3329215053345613
2022-05-25,1.9076377332940897,0.013162437848795783,0.0015530596821261861,0.0,0.9991858728441881,0.0,0.9991858728441881,0.0008141271558118612,0.0,0.0,0.0,True,0,long_only,1.4192574865892031,1.344109685042828
2022-05-26,1.9123888387464358,0.0024905700749282556,0.0015530596821261861,0.0,0.9991878954474843,0.0,0.9991878954474843,0.00081210455251568,0.0,0.0,0.0,True,0,long_only,1.4230438563656085,1.3438720319067277
2022-05-27,1.9180667203842032,0.0029689995688790827,0.0015530596821261861,0.0,0.9991902994480739,0.0,0.9991902994480739,0.0008097005519260847,0.0,0.0,0.0,True,0,long_only,1.4234379897921565,1.347488780079749
2022-05-30,1.9216266063385208,0.001855976080751054,0.0013806014818926633,0.0,0.9992815453963123,0.0,0.9992815453963123,0.0007184546036876904,0.0005373546765954618,0.0,0.559834358817433,True,0,long_only,1.422967435521682,1.3504361086338021
2022-05-31,1.9439617307088157,0.011623030351797903,0.0013806014818926633,0.0,0.9992898000716356,0.0,0.9992898000716356,0.0007101999283644078,0.0,0.0,0.0,True,0,long_only,1.4265093293575626,1.3627402854661252
2022-06-01,1.935089195381811,-0.0045641512313976396,0.0013806014818926633,0.0,0.9992865437494108,0.0,0.9992865437494108,0.0007134562505891617,0.0,0.0,0.0,True,0,long_only,1.4250898829416647,1.357871681319783
2022-06-02,1.930538427087787,-0.0023517098358487587,0.0013806014818926633,0.0,0.99928486195223,0.0,0.99928486195223,0.0007151380477700142,0.0,0.0,0.0,True,0,long_only,1.4276478584119892,1.3522511281144471
2022-06-06,1.954680308114888,0.012505257957242,0.0012136287450074741,0.0,0.9993791165031084,0.0,0.9993791165031084,0.0006208834968915999,0.0007171372626064084,0.0,0.7422161175413704,True,0,long_only,1.4375613401102585,1.3597195845326275
2022-06-07,1.9774883127675533,0.011668406622800553,0.0012136287450074741,0.0,0.9993862776648682,0.0,0.9993862776648682,0.0006137223351317944,0.0,0.0,0.0,True,0,long_only,1.4395182090350667,1.3737153864091078
2022-06-08,1.987492120488835,0.005058845433721482,0.0012136287450074741,0.0,0.9993893667640257,0.0,0.9993893667640257,0.0006106332359743227,0.0,0.0,0.0,True,0,long_only,1.4417726239309043,1.378505936026209
2022-06-09,1.9817892067236966,-0.00286940194949592,0.20732205364215475,0.0,0.895386425085592,0.0,0.895386425085592,0.10461357491440804,0.00010310576533123927,0.0,0.10364957873943552,True,0,long_only,1.439805140999995,1.37642876128868
2022-06-10,2.008747412048124,0.013602963036111637,0.20732205364215475,0.0,0.8967903817081867,0.0,0.8967903817081867,0.1032096182918133,0.0,0.0,0.0,True,0,long_only,1.4486059210586835,1.3866762401330466
2022-06-13,2.025600647803308,0.008389922821605778,0.2022238629311317,0.0,0.9001659763732618,0.0,0.9001659763732618,0.09983402362673821,0.0008243509124003037,0.0,0.8189035897546248,True,0,long_only,1.4473580677414173,1.3995159131314552
2022-06-14,2.016224167669922,-0.004628987527010464,0.2022238629311317,0.0,0.89970169677867,0.0,0.89970169677867,0.10029830322133004,0.0,0.0,0.0,True,0,long_only,1.446542912072866,1.3938225757718552
2022-06-15,2.0248787303675835,0.0042924605489989,0.2022238629311317,0.0,0.9001303831689609,0.0,0.9001303831689609,0.09986961683103912,0.0,0.0,0.0,True,0,long_only,1.4554073761681598,1.3912796949667419
2022-06-16,2.0176842578996954,-0.0035530386881894582,0.2022238629311317,0.0,0.8997742772986512,0.0,0.8997742772986512,0.10022572270134877,0.0,0.0,0.0,True,0,long_only,1.4571827455886421,1.38464737110556
2022-06-17,2.0289215697767204,0.005569410492760829,0.2022238629311317,0.0,0.9003293838739237,0.0,0.9003293838739237,0.0996706161260763,0.0,0.0,0.0,True,0,long_only,1.4625732454871014,1.387227324195309
2022-06-20,2.025305140881994,-0.0017824389806868624,0.20325231981875064,0.0,0.89964360642948,0.0,0.89964360642948,0.10035639357051995,0.00061319985308158,0.0,0.6067136568659446,True,0,long_only,1.45780508014636,1.3892839093952523
2022-06-21,2.011460262097183,-0.0068359470903143205,0.4029210443804744,0.0,0.7996872958552103,0.0,0.7996872958552103,0.20031270414478974,9.988430443307839e-05,0.0,0.09858753262269576,True,0,long_only,1.4534933170679587,1.3838799521657081
2022-06-22,2.0091791946018067,-0.0011340355752283982,0.4029210443804744,0.0,0.7994598762205837,0.0,0.7994598762205837,0.20054012377941632,0.0,0.0,0.0,True,0,long_only,1.451339027629673,1.3843624104033077
2022-06-23,2.021138861947079,0.005952514030308942,0.4029210443804744,0.0,0.8006465305445083,0.0,0.8006465305445083,0.1993534694554917,0.0,0.0,0.0,True,0,long_only,1.458503127947598,1.3857624459065925
2022-06-24,2.0274164290489436,0.0031059553700416576,0.4029210443804744,0.0,0.8012637963235388,0.0,0.8012637963235388,0.19873620367646117,0.0,0.0,0.0,True,0,long_only,1.4661968671699592,1.382772310080191
2022-06-27,2.0491555791573357,0.010722587524157445,0.20393426211020588,0.0,0.9004788781366866,0.0,0.9004788781366866,0.09952112186331341,0.0007204242956443681,0.0,0.7097435923998887,True,0,long_only,1.4769714985632174,1.3874036033537094
2022-06-28,2.054889434665647,0.002798155282416115,0.20393426211020588,0.0,0.9007565766459896,0.0,0.9007565766459896,0.09924342335401037,0.0,0.0,0.0,True,0,long_only,1.4853409961740045,1.3834462523815787
2022-06-29,2.0298396928663327,-0.012190311253116204,0.20393426211020588,0.0,0.899531838486107,0.0,0.899531838486107,0.10046816151389304,0.0,0.0,0.0,True,0,long_only,1.4735573266007513,1.3775098234887346
2022-06-30,2.042739307772297,0.0063549919490186735,0.20393426211020588,0.0,0.9001662809668035,0.0,0.9001662809668035,0.09983371903319649,0.0,0.0,0.0,True,0,long_only,1.48106779731777,1.3792341656956693
2022-07-01,2.0431436174848834,0.00019792526194994942,0.20393426211020588,0.0,0.9001860366716415,0.0,0.9001860366716415,0.09981396332835846,0.0,0.0,0.0,True,0,long_only,1.4811512941657639,1.3794293841100502
2022-07-04,2.049718971540238,0.0032182534791405093,0.20550053756615108,0.0,0.8997420912722831,0.0,0.8997420912722831,0.1002579087277169,0.0006165945440342313,0.0,0.6034087300623154,True,0,long_only,1.48901591888635,1.3765594749807935
2022-07-05,2.0373757588105126,-0.0060219049055539875,0.20550053756615108,0.0,0.8991346899669951,0.0,0.8991346899669951,0.10086531003300492,0.0,0.0,0.0,True,0,long_only,1.4879584100784942,1.3692424096067544
2022-07-06,2.0149635803373718,-0.011000512976666599,0.20550053756615108,0.0,0.8980127782102427,0.0,0.8980127782102427,0.10198722178975728,0.0,0.0,0.0,True,0,long_only,1.4771646734742543,1.3640751207502329
2022-07-07,2.016432474317799,0.0007289928189080364,0.20550053756615108,0.0,0.8980870720029065,0.0,0.8980870720029065,0.1019129279970935,0.0,0.0,0.0,True,0,long_only,1.484483030680846,1.3583398615159503
2022-07-08,2.0223899982019753,0.0029544871747773094,0.20550053756615108,0.0,0.8983872854647951,0.0,0.8983872854647951,0.10161271453520493,0.0,0.0,0.0,True,0,long_only,1.483789582282252,1.3629897543095626
2022-07-11,2.0087061526754426,-0.006766175435350408,0.40596307392447517,0.0,0.7978982274815242,0.0,0.7978982274815242,0.20210177251847583,0.0003090560203100941,0.0,0.3054394993989306,True,0,long_only,1.4734235901238795,1.3632917011370496
2022-07-12,1.9937780501138873,-0.007431700521090323,0.40596307392447517,0.0,0.7963850219429961,0.0,0.7963850219429961,0.2036149780570039,0.0,0.0,0.0,True,0,long_only,1.4666030298034214,1.3594531100765057
2022-07-13,2.0032473822268857,0.004749441449843239,0.40596307392447517,0.0,0.797347508087997,0.0,0.797347508087997,0.20265249191200296,0.0,0.0,0.0,True,0,long_only,1.4690799850271754,1.3636067488795234
2022-07-14,2.0031634698575447,-4.188817121908439e-05,0.40596307392447517,0.0,0.797339018990125,0.0,0.797339018990125,0.20266098100987495,0.0,0.0,0.0,True,0,long_only,1.475054255261186,1.3580269761011923
2022-07-15,1.9935650136774414,-0.004791648971507079,0.40596307392447517,0.0,0.7963632632298192,0.0,0.7963632632298192,0.2036367367701808,0.0,0.0,0.0,True,0,long_only,1.4722744470633522,1.3540715983041565
2022-07-18,2.016357072907522,0.011432814617887477,0.0011880147263715916,0.0,0.9994108113377664,0.0,0.9994108113377664,0.000589188662233564,0.0006012928715038014,0.0,0.6033491491672155,True,0,long_only,1.4817838889293793,1.3607632583752705
2022-07-19,2.023211102880744,0.0033992143878260883,0.0011880147263715916,0.0,0.9994128073315336,0.0,0.9994128073315336,0.0005871926684664075,0.0,0.0,0.0,True,0,long_only,1.483134344305621,1.3641455412644885
2022-07-20,2.0326431513550425,0.004661920083805837,0.0011880147263715916,0.0,0.9994155320742947,0.0,0.9994155320742947,0.0005844679257053231,0.0,0.0,0.0,True,0,long_only,1.4880489829305554,1.365978657068107
2022-07-21,2.0248820227444337,-0.0038182445381200747,0.0011880147263715916,0.0,0.9994132918792171,0.0,0.9994132918792171,0.000586708120782875,0.0,0.0,0.0,True,0,long_only,1.4842127273254757,1.3642801907468036
2022-07-22,2.0166210418138135,-0.004079734442712923,0.0011880147263715916,0.0,0.9994108884605791,0.0,0.9994108884605791,0.0005891115394208724,0.0,0.0,0.0,True,0,long_only,1.4804903953858792,1.3621304454921477
2022-07-25,2.0158490906774316,-0.0003827943477606732,0.0016068424776561417,0.0,0.9992028954522999,0.0,0.9992028954522999,0.0007971045477001004,0.0004082603845222204,0.0,0.40487875196437323,True,0,long_only,1.4751706555280928,1.3665192451620336
2022-07-26,2.029069716632373,0.006558341106029042,0.0016068424776561417,0.0,0.9992080890742764,0.0,0.9992080890742764,0.0007919109257236157,0.0,0.0,0.0,True,0,long_only,1.4844794926788125,1.3668560102307792
2022-07-27,2.043269906083951,0.006998374346222969,0.0016068424776561417,0.0,0.999213592647319,0.0,0.999213592647319,0.0007864073526809845,0.0,0.0,0.0,True,0,long_only,1.491232477160428,1.3701887112696878
2022-07-28,2.0555146517063365,0.005992720582790323,0.0016068424776561417,0.0,0.9992182772930749,0.0,0.9992182772930749,0.0007817227069251143,0.0,0.0,0.0,True,0,long_only,1.494970022508769,1.3749537587763099
2022-07-29,2.052053927416188,-0.0016836291034340034,0.0016068424776561417,0.0,0.9992169589423611,0.0,0.9992169589423611,0.0007830410576389335,0.0,0.0,0.0,True,0,long_only,1.4963084486780962,1.3714110411052358
2022-08-01,2.0686658766549644,0.008095279084449958,0.20661052112392822,0.0,0.9001237834221842,0.0,0.9001237834221842,0.09987621657781576,0.000727696417253113,0.0,0.7082532698334855,True,0,long_only,1.5016702907600832,1.3775766154419233
2022-08-02,2.0487030029022786,-0.009650119904798582,0.20661052112392822,0.0,0.8991505743725493,0.0,0.8991505743725493,0.1008494256274507,0.0,0.0,0.0,True,0,long_only,1.4918158936957757,1.3732947956646908
2022-08-03,2.0318549405005393,-0.0082237700525023,0.20661052112392822,0.0,0.8983143348446762,0.0,0.8983143348446762,0.10168566515532385,0.0,0.0,0.0,True,0,long_only,1.4847582872390634,1.368475231263947
2022-08-04,2.0325716355276664,0.00035272942612252223,0.20661052112392822,0.0,0.8983501897239203,0.0,0.8983501897239203,0.10164981027607967,0.0,0.0,0.0,True,0,long_only,1.4875211130271357,1.3664153185640113
2022-08-05,2.038993273914925,0.0031593663293405516,0.20661052112392822,0.0,0.8986703272800748,0.0,0.8986703272800748,0.10132967271992521,0.0,0.0,0.0,True,0,long_only,1.4912816553886954,1.3672757701719809
2022-08-08,2.046107087917457,0.0034888854679118175,0.40881579532329876,0.0,0.8001982409731083,0.0,0.8001982409731083,0.19980175902689168,0.0005146372284968465,0.0,0.5048151415811607,True,0,long_only,1.4995733169547427,1.3644595197736562
2022-08-09,2.052764280271227,0.0032535894103891128,0.40881579532329876,0.0,0.8008462056494461,0.0,0.8008462056494461,0.19915379435055391,0.0,0.0,0.0,True,0,long_only,1.5014328908236259,1.3672034846293815
2022-08-10,2.0524471698662055,-0.0001544796974837226,0.40881579532329876,0.0,0.8008154356782062,0.0,0.8008154356782062,0.19918456432179377,0.0,0.0,0.0,True,0,long_only,1.4996267407854507,1.3686386845777418
2022-08-11,2.0641747055190174,0.005713928146358294,0.40881579532329876,0.0,0.8019470957423123,0.0,0.8019470957423123,0.19805290425768773,0.0,0.0,0.0,True,0,long_only,1.507938215162886,1.3688722022977893
2022-08-12,2.076980330120837,0.006203750374220496,0.40881579532329876,0.0,0.8031681911501232,0.0,0.8031681911501232,0.19683180884987683,0.0,0.0,0.0,True,0,long_only,1.5086613827785629,1.376704112552797
2022-08-15,2.0862896672226983,0.004482149862882645,0.4168548669750832,0.0,0.8001931977499525,0.0,0.8001931977499525,0.19980680225004754,0.0004261302045870476,0.0,0.4099552714140479,True,0,long_only,1.5158668777202815,1.3763013744058303
2022-08-16,2.0872564568710885,0.0004634014459157232,0.4168548669750832,0.0,0.8002857456242002,0.0,0.8002857456242002,0.19971425437579982,0.0,0.0,0.0,True,0,long_only,1.5205126281906587,1.3727320761254245
2022-08-17,2.088039310436528,0.0003750634297297051,0.4168548669750832,0.0,0.8003606230536268,0.0,0.8003606230536268,0.19963937694637324,0.0,0.0,0.0,True,0,long_only,1.5237523766528662,1.37032718861
2022-08-18,2.074712599496005,-0.006382404236314976,0.4168548669750832,0.0,0.7990782592845165,0.0,0.7990782592845165,0.20092174071548352,0.0,0.0,0.0,True,0,long_only,1.513468112341471,1.3708333744053838
2022-08-19,2.061718648732937,-0.006263012412526359,0.4168548669750832,0.0,0.7978119530367209,0.0,0.7978119530367209,0.20218804696327908,0.0,0.0,0.0,True,0,long_only,1.5042289738308143,1.3706149027846246
2022-08-22,2.0795430925435605,0.008645429783340042,0.41300443571045314,0.0,0.8013965485056175,0.0,0.8013965485056175,0.19860345149438252,0.00041578468849766664,0.0,0.4037333071016226,True,0,long_only,1.510043326372904,1.3771413417246672
2022-08-23,2.087987715574832,0.004060806944347739,0.41300443571045314,0.0,0.8021997770246693,0.0,0.8021997770246693,0.19780022297533073,0.0,0.0,0.0,True,0,long_only,1.510840438231084,1.3820041234926708
2022-08-24,2.061405148818225,-0.012731189249017283,0.41300443571045314,0.0,0.7996490714369163,0.0,0.7996490714369163,0.20035092856308367,0.0,0.0,0.0,True,0,long_only,1.489419604918389,1.384032506360877
2022-08-25,2.060395148501342,-0.0004899572107220918,0.41300443571045314,0.0,0.7995508599353586,0.0,0.7995508599353586,0.20044914006464143,0.0,0.0,0.0,True,0,long_only,1.4841412596843961,1.3882742865995699
2022-08-26,2.059123640174951,-0.0006171186761511072,0.41300443571045314,0.0,0.7994270826421269,0.0,0.7994270826421269,0.20057291735787308,0.0,0.0,0.0,True,0,long_only,1.4828912835659098,1.388587054894122
2022-08-29,2.049762339556891,-0.004546254744209777,0.20610107459997148,0.0,0.8994512336271503,0.0,0.8994512336271503,0.10054876637284971,0.0009242286170662843,0.0,0.9000895098626122,True,0,long_only,1.4778000986394968,1.3870362719856077
2022-08-30,2.0545290403448964,0.002325489495058175,0.41126887577543375,0.0,0.7998232842177819,0.0,0.7998232842177819,0.20017671578221807,0.00010263521819682956,0.0,0.10001472366604576,True,0,long_only,1.474438642907332,1.3934313579124111
2022-08-31,2.0321672709964567,-0.010884133983662725,0.41126887577543375,0.0,0.7976205592693305,0.0,0.7976205592693305,0.2023794407306695,0.0,0.0,0.0,True,0,long_only,1.4584472275154665,1.393377307493223
2022-09-01,2.034590076595041,0.001192227447594174,0.41126887577543375,0.0,0.7978615542725409,0.0,0.7978615542725409,0.2021384457274591,0.0,0.0,0.0,True,0,long_only,1.4568696324086647,1.396549170450634
2022-09-02,2.041294625421859,0.0032952823784722085,0.41126887577543375,0.0,0.7985254697418115,0.0,0.7985254697418115,0.2014745302581885,0.0,0.0,0.0,True,0,long_only,1.4635762690636394,1.394730611974072
2022-09-05,2.062943460328271,0.010605443543916682,0.0006279213151824079,0.0,0.999695618747068,0.0,0.999695618747068,0.0003043812529319734,0.0012081065351979116,0.0,1.182921948185536,True,0,long_only,1.4701148506220163,1.4032532624613814
2022-09-06,2.099168348576488,0.01755980662817236,0.0006279213151824079,0.0,0.9997008713876577,0.0,0.9997008713876577,0.00029912861234226984,0.0,0.0,0.0,True,0,long_only,1.483743942056018,1.4147780415990638
2022-09-07,2.1047398660892807,0.002654154687770083,0.0006279213151824079,0.0,0.999701663219622,0.0,0.999701663219622,0.0002983367803780501,0.0,0.0,0.0,True,0,long_only,1.4877666503682707,1.4146975707301201
2022-09-08,2.0835172672748903,-0.01008324076353595,0.0006279213151824079,0.0,0.9996986243766515,0.0,0.9996986243766515,0.0003013756233485321,0.0,0.0,0.0,True,0,long_only,1.4802041710213576,1.407587755841304
2022-09-09,2.0811043720151687,-0.0011580874791007334,0.0006279213151824079,0.0,0.999698274952652,0.0,0.999698274952652,0.00030172504734804484,0.0,0.0,0.0,True,0,long_only,1.4808693154036825,1.4053261488829372
2022-09-13,2.0753963391576145,-0.002742790286883734,0.0012621241586006945,0.0,0.9993918635516563,0.0,0.9993918635516563,0.0006081364483436769,0.0008196706734504653,0.0,0.7869532154468175,True,0,long_only,1.4813055510544306,1.4010589089336059
2022-09-14,2.067411740748724,-0.0038472643794540407,0.0012621241586006945,0.0,0.9993895148538995,0.0,0.9993895148538995,0.0006104851461005145,0.0,0.0,0.0,True,0,long_only,1.475187284137651,1.4014571322428861
2022-09-15,2.053599420813224,-0.006680971991819051,0.0012621241586006945,0.0,0.9993854087872205,0.0,0.9993854087872205,0.0006145912127795139,0.0,0.0,0.0,True,0,long_only,1.4635193072308978,1.403192571950969
2022-09-16,2.0202190669512605,-0.01625455944506682,0.0012621241586006945,0.0,0.999375253813189,0.0,0.999375253813189,0.0006247461868109649,0.0,0.0,0.0,True,0,long_only,1.4511500983210766,1.392150315317881
2022-09-19,2.0090150087661103,-0.005545962004040672,0.0014422015638332851,0.0,0.9992821349977276,0.0,0.9992821349977276,0.0007178650022724442,0.0005772592938829113,0.0,0.5712323215596838,True,0,long_only,1.447825791610265,1.387608247074873
2022-09-20,2.0270797543153884,0.008991842007379125,0.0014422015638332851,0.0,0.9992885324019625,0.0,0.9992885324019625,0.0007114675980375296,0.0,0.0,0.0,True,0,long_only,1.452912023333831,1.395184100455085
2022-09-21,2.0434361267929204,0.008068933865434502,0.0014422015638332851,0.0,0.9992942272357215,0.0,0.9992942272357215,0.0007057727642785228,0.0,0.0,0.0,True,0,long_only,1.4565777472408892,1.4029022004926843
2022-09-22,2.0481880825129823,0.00232547308807729,0.0014422015638332851,0.0,0.9992958646834504,0.0,0.9992958646834504,0.000704135316549559,0.0,0.0,0.0,True,0,long_only,1.4531830342896082,1.4094494872177226
2022-09-23,2.0256782028251177,-0.010990142887779442,0.0014422015638332851,0.0,0.9992880401428904,0.0,0.9992880401428904,0.0007119598571095898,0.0,0.0,0.0,True,0,long_only,1.4457695048283115,1.4011072968824805
2022-09-26,2.0088064761079254,-0.008328927414859022,0.0012960263611510162,0.0,0.9993548276667935,0.0,0.9993548276667935,0.0006451723332064896,0.0007273771132812551,0.0,0.7183488060134846,True,0,long_only,1.4387614304000702,1.3962053983816798
2022-09-27,2.017317980624999,0.004237095319189255,0.0012960263611510162,0.0,0.9993575497895728,0.0,0.9993575497895728,0.0006424502104271923,0.0,0.0,0.0,True,0,long_only,1.44408046265745,1.3969567713094435
2022-09-28,1.9869899949524408,-0.01503381517630753,0.0012960263611510162,0.0,0.9993477438917944,0.0,0.9993477438917944,0.0006522561082056288,0.0,0.0,0.0,True,0,long_only,1.432489260394827,1.387088929661351
2022-09-29,1.9884017391652773,0.0007104938708411002,0.0012960263611510162,0.0,0.9993482069867355,0.0,0.9993482069867355,0.0006517930132644567,0.0,0.0,0.0,True,0,long_only,1.4268765739686546,1.393534504273779
2022-09-30,1.9922533718642155,0.0019370495524486664,0.0012960263611510162,0.0,0.999349467101196,0.0,0.999349467101196,0.0006505328988040127,0.0,0.0,0.0,True,0,long_only,1.4245577674358048,1.3985065522827196
2022-10-10,1.9656365852611934,-0.013360141324853636,0.0014091393935174565,0.0,0.9992831129599014,0.0,0.9992831129599014,0.000716887040098646,0.0005791466295440313,0.0,0.5820779217885452,True,0,long_only,1.4174591201555022,1.3867324689022096
2022-10-11,1.9902975012245239,0.01254602002640981,0.0014091393935174565,0.0,0.9992919955973162,0.0,0.9992919955973162,0.000708004402683815,0.0,0.0,0.0,True,0,long_only,1.423598615084484,1.398074906884065
2022-10-12,2.0358548539727543,0.02288972011480772,0.0014091393935174565,0.0,0.999307838969577,0.0,0.999307838969577,0.0006921610304230219,0.0,0.0,0.0,True,0,long_only,1.4393848263583984,1.4143923269799972
2022-10-13,2.0459567343959284,0.004961984595051705,0.0014091393935174565,0.0,0.9993112565041931,0.0,0.9993112565041931,0.0006887434958069427,0.0,0.0,0.0,True,0,long_only,1.4423988502908593,1.418440353015646
2022-10-14,2.0707151644567867,0.012101150354075552,0.0014091393935174565,0.0,0.9993194914405877,0.0,0.9993194914405877,0.0006805085594122628,0.0,0.0,0.0,True,0,long_only,1.4543866625814537,1.4237721080179497
2022-10-17,2.0723140694418682,0.0007721510966482992,0.001306943251048244,0.0,0.9993693314781189,0.0,0.9993693314781189,0.0006306685218810948,0.0007569242654014093,0.0,0.7328841908783768,True,0,long_only,1.4540279091752424,1.4252230348297317
2022-10-18,2.066961008463603,-0.002583132092379703,0.001306943251048244,0.0,0.9993676981589412,0.0,0.9993676981589412,0.00063230184105878,0.0,0.0,0.0,True,0,long_only,1.453559831506191,1.4219992625427744
2022-10-19,2.063909102949213,-0.0014765181838909403,0.001306943251048244,0.0,0.9993667631732518,0.0,0.9993667631732518,0.0006332368267482069,0.0,0.0,0.0,True,0,long_only,1.4478250840098583,1.4255237913360808
2022-10-20,2.038575885064732,-0.012274386429267259,0.001306943251048244,0.0,0.9993588939903473,0.0,0.9993588939903473,0.0006411060096527255,0.0,0.0,0.0,True,0,long_only,1.4393062827132515,1.4163600267357905
2022-10-21,2.0354200101410225,-0.0015480782181475083,0.001306943251048244,0.0,0.9993578999692758,0.0,0.9993578999692758,0.0006421000307241798,0.0,0.0,0.0,True,0,long_only,1.438605050710183,1.4148567107672916
2022-10-24,2.0128523292056952,-0.011087481120795273,0.0013562075088443817,0.0,0.9993262260280269,0.0,0.9993262260280269,0.0006737739719731017,0.0006784676203613108,0.0,0.6663579184347848,True,0,long_only,1.424922889245677,1.4126043903128367
2022-10-25,2.008409344222992,-0.002207307967026062,0.0013562075088443817,0.0,0.9993247355113412,0.0,0.9993247355113412,0.0006752644886588444,0.0,0.0,0.0,True,0,long_only,1.4198002161011642,1.4145717978112269
2022-10-26,2.0299161373523633,0.010708371374208658,0.0013562075088443817,0.0,0.9993318898825972,0.0,0.9993318898825972,0.0006681101174027537,0.0,0.0,0.0,True,0,long_only,1.4263490578654385,1.4231552411091963
2022-10-27,2.0360676962567976,0.003030449776342925,0.0013562075088443817,0.0,0.9993339084396173,0.0,0.9993339084396173,0.0006660915603826645,0.0,0.0,0.0,True,0,long_only,1.4272402805777133,1.426576676656467
2022-10-28,1.9963292980446177,-0.01951722837371117,0.0013562075088443817,0.0,0.9993206493987877,0.0,0.9993206493987877,0.0006793506012122696,0.0,0.0,0.0,True,0,long_only,1.4135248618940905,1.4123057555348426
2022-10-31,1.9764964061625512,-0.009934679564885807,0.0014894516513602012,0.0,0.9992464182344495,0.0,0.9992464182344495,0.000753581765550515,0.0004967989053105957,0.0,0.4998173558773187,True,0,long_only,1.405426021438877,1.406332582442875
2022-11-01,2.0024753015541057,0.013143912283652082,0.12489312138829063,0.0,0.9376306308041044,0.0,0.9376306308041044,0.06236936919589564,6.173270121907476e-05,0.0,0.06247844025692933,True,0,long_only,1.417957978442246,1.4122247146942988
2022-11-02,2.021337873825297,0.009419627925773888,0.12489312138829063,0.0,0.9382126447015334,0.0,0.9382126447015334,0.06178735529846657,0.0,0.0,0.0,True,0,long_only,1.428409236449629,1.4150971740069511
2022-11-03,2.0282395896191465,0.003414429563320942,0.12489312138829063,0.0,0.9384228953879445,0.0,0.9384228953879445,0.061577104612055455,0.0,0.0,0.0,True,0,long_only,1.4283229092000083,1.4200147435534354
2022-11-04,2.063998554002424,0.01763054254847307,0.12489312138829063,0.0,0.9394897243769368,0.0,0.9394897243769368,0.060510275623063214,0.0,0.0,0.0,True,0,long_only,1.446380871579725,1.4270090226982484
2022-11-07,2.077394324137338,0.006490203255684168,0.0012859496246330673,0.0,0.9993809795233907,0.0,0.9993809795233907,0.0006190204766093332,0.0007124723837280566,0.0,0.6910941531928851,True,0,long_only,1.4432012691520895,1.4394349343649413
2022-11-08,2.0749581458111956,-0.0011727086657724595,0.0012859496246330673,0.0,0.9993802527404088,0.0,0.9993802527404088,0.0006197472595912412,0.0,0.0,0.0,True,0,long_only,1.438811670028948,1.4421332472021504
2022-11-09,2.066200666253137,-0.004220557207738174,0.0012859496246330673,0.0,0.9993776259752326,0.0,0.9993776259752326,0.0006223740247673915,0.0,0.0,0.0,True,0,long_only,1.4369443125555907,1.4379128322505554
2022-11-10,2.064229055363256,-0.0009542204308046198,0.0012859496246330673,0.0,0.999377031525987,0.0,0.999377031525987,0.000622968474012997,0.0,0.0,0.0,True,0,long_only,1.4321623490069182,1.4413373293849134
2022-11-11,2.093010120643962,0.013942767255372024,0.0012859496246330673,0.0,0.9993855979902107,0.0,0.9993855979902107,0.0006144020097893499,0.0,0.0,0.0,True,0,long_only,1.4446723703976785,1.4487783967708983
2022-11-14,2.0750392084195908,-0.008586156391275468,0.0014843215670976937,0.0,0.999284677821472,0.0,0.999284677821472,0.0007153221785279884,0.0006143652787948419,0.0,0.5850041642837239,True,0,long_only,1.4378196142587143,1.4431846581042802
2022-11-15,2.0795615149454063,0.0021793836509045317,0.0014843215670976937,0.0,0.9992862333927465,0.0,0.9992862333927465,0.0007137666072535298,0.0,0.0,0.0,True,0,long_only,1.4415716654153934,1.44256547547095
2022-11-16,2.0544420312483855,-0.012079221276452778,0.0014843215670976937,0.0,0.9992775062306354,0.0,0.9992775062306354,0.0007224937693646183,0.0,0.0,0.0,True,0,long_only,1.4272519559844243,1.4394389320218985
2022-11-17,2.022816896300856,-0.015393539689368962,0.0014843215670976937,0.0,0.9992662106146077,0.0,0.9992662106146077,0.0007337893853922584,0.0,0.0,0.0,True,0,long_only,1.4140983720237443,1.430464058455822
2022-11-18,2.01106466309657,-0.00580983539626212,0.0014843215670976937,0.0,0.9992619225058571,0.0,0.9992619225058571,0.0007380774941428969,0.0,0.0,0.0,True,0,long_only,1.4089937426896033,1.427305602690388
2022-11-21,2.01640214372962,0.002654057192189807,0.001254725721766241,0.0,0.9993777403353453,0.0,0.9993777403353453,0.0006222596646546785,0.0007530971837291307,0.0,0.7495111559485592,True,0,long_only,1.409081838940241,1.4310042809480388
2022-11-22,2.0071892071968613,-0.0045689975888033585,0.001254725721766241,0.0,0.9993748841826833,0.0,0.9993748841826833,0.0006251158173167237,0.0,0.0,0.0,True,0,long_only,1.4077119245528142,1.4258522444742963
2022-11-23,2.0108862543644084,0.00184190267379436,0.001254725721766241,0.0,0.9993760334683063,0.0,0.9993760334683063,0.0006239665316937204,0.0,0.0,0.0,True,0,long_only,1.4093510808950014,1.4268171228757316
2022-11-24,2.0218333379948303,0.005443909921141632,0.001254725721766241,0.0,0.9993794118940532,0.0,0.9993794118940532,0.0006205881059467844,0.0,0.0,0.0,True,0,long_only,1.414598999311505,1.4292625252660793
2022-11-25,2.0170415718672396,-0.0023700104442551106,0.001254725721766241,0.0,0.9993779375996674,0.0,0.9993779375996674,0.0006220624003325792,0.0,0.0,0.0,True,0,long_only,1.4175167895886507,1.4229401631655911
2022-11-28,2.014127085274347,-0.001444931345760292,0.0014965714570822602,0.0,0.9992569627467781,0.0,0.9992569627467781,0.0007430372532218898,0.0005140523012973297,0.0,0.5109212651395382,True,0,long_only,1.411763998281946,1.4266740671425606
2022-11-29,2.0399513652503796,0.012821574251614454,0.0014965714570822602,0.0,0.9992663690504707,0.0,0.9992663690504707,0.0007336309495292737,0.0,0.0,0.0,True,0,long_only,1.4280037814165736,1.428533587793974
2022-11-30,2.055271579336323,0.007510087910386654,0.0014965714570822602,0.0,0.9992718376140026,0.0,0.9992718376140026,0.0007281623859973774,0.0,0.0,0.0,True,0,long_only,1.4303933479900965,1.436857618377678
2022-12-01,2.0691066007051524,0.006731480894265562,0.0014965714570822602,0.0,0.9992767064507105,0.0,0.9992767064507105,0.000723293549289461,0.0,0.0,0.0,True,0,long_only,1.4382470049043783,1.4386309122491214
2022-12-02,2.071761892560056,0.001283303554296733,0.0014965714570822602,0.0,0.9992776334662509,0.0,0.9992776334662509,0.0007223665337491303,0.0,0.0,0.0,True,0,long_only,1.4384189518032136,1.4403049194832136
2022-12-05,2.0787769702612295,0.0033860443742910196,0.0012800821762768671,0.0,0.9993842137975407,0.0,0.9993842137975407,0.0006157862024592786,0.0007971594604823134,0.0,0.7668576394001942,True,0,long_only,1.4462060942792632,1.4374002284212588
2022-12-06,2.0668990733272157,-0.005713887109554339,0.0012800821762768671,0.0,0.9993806750446618,0.0,0.9993806750446618,0.0006193249553382296,0.0,0.0,0.0,True,0,long_only,1.4440861234607039,1.4312851842755483
2022-12-07,2.0609955217110603,-0.002856236036069326,0.0012800821762768671,0.0,0.9993789010394286,0.0,0.9993789010394286,0.0006210989605713868,0.0,0.0,0.0,True,0,long_only,1.4362544021590302,1.434979428862252
2022-12-08,2.0528750686457378,-0.003940063420701079,0.0012800821762768671,0.0,0.9993764441899908,0.0,0.9993764441899908,0.0006235558100091687,0.0,0.0,0.0,True,0,long_only,1.431529046642896,1.4340436007637924
2022-12-09,2.053701716886565,0.0004026782990611544,0.0012800821762768671,0.0,0.999376695181315,0.0,0.999376695181315,0.0006233048186849999,0.0,0.0,0.0,True,0,long_only,1.4324634329799815,1.4336852652595882
2022-12-12,2.047077812879667,-0.0032253486241128337,0.0015311307081437118,0.0,0.9992520407878438,0.0,0.9992520407878438,0.0007479592121562018,0.0005260722558860922,0.0,0.5110296865523672,True,0,long_only,1.4266929516631086,1.434841190245855
2022-12-13,2.037095987158096,-0.004876133998799492,0.0015311307081437118,0.0,0.9992483757673688,0.0,0.9992483757673688,0.0007516242326311984,0.0,0.0,0.0,True,0,long_only,1.416352786919582,1.4382687745392622
2022-12-14,2.0269177849942968,-0.004996427378956669,0.0015311307081437118,0.0,0.9992446014734889,0.0,0.9992446014734889,0.0007553985265110752,0.0,0.0,0.0,True,0,long_only,1.4104432621227871,1.437078569146897
2022-12-15,2.0269703481655093,2.5932562041530716e-05,0.0015311307081437118,0.0,0.9992446210624001,0.0,0.9992446210624001,0.0007553789375999154,0.0,0.0,0.0,True,0,long_only,1.4107110888767338,1.4368429965199085
2022-12-16,2.0092984253644275,-0.008718392361819927,0.0015311307081437118,0.0,0.9992379774508279,0.0,0.9992379774508279,0.0007620225491721255,0.0,0.0,0.0,True,0,long_only,1.402424380513534,1.432732098274469
2022-12-19,1.978483195926106,-0.015336312938548424,0.001294814780986315,0.0,0.999345551792579,0.0,0.999345551792579,0.000654448207420999,0.0007064976986963461,0.0,0.7054118225571285,True,0,long_only,1.3901521128594345,1.4232134581707898
2022-12-20,1.978635588406393,7.702490503880277e-05,0.001294814780986315,0.0,0.9993456021975076,0.0,0.9993456021975076,0.0006543978024924346,0.0,0.0,0.0,True,0,long_only,1.3841845648292879,1.4294593645106997
2022-12-21,1.9819508625177027,0.0016755354703690273,0.001294814780986315,0.0,0.9993466968301417,0.0,0.9993466968301417,0.0006533031698583436,0.0,0.0,0.0,True,0,long_only,1.383785478199893,1.4322674242079323
2022-12-22,1.9731275652227516,-0.004451824443186592,0.001294814780986315,0.0,0.9993437754335766,0.0,0.9993437754335766,0.0006562245664234467,0.0,0.0,0.0,True,0,long_only,1.3777726437437157,1.4321140532020753
2022-12-23,1.946177274967009,-0.013658665932580027,0.001294814780986315,0.0,0.9993346881614326,0.0,0.9993346881614326,0.0006653118385674395,0.0,0.0,0.0,True,0,long_only,1.3743751003908078,1.4160452080466297
2022-12-26,1.9715718866405296,0.013048457609778241,0.0012966383978554167,0.0,0.9993423326805168,0.0,0.9993423326805168,0.0006576673194832461,0.0006486444329524378,0.0,0.6663346587491243,True,0,long_only,1.3845666690489216,1.4239631291968269
2022-12-27,1.9919590505468119,0.010340563306074024,0.0012966383978554167,0.0,0.9993490637282431,0.0,0.9993490637282431,0.0006509362717569411,0.0,0.0,0.0,True,0,long_only,1.3970933190492398,1.4257881155014
2022-12-28,1.9850940761199725,-0.0034463431489493157,0.0012966383978554167,0.0,0.9993468126203924,0.0,0.9993468126203924,0.0006531873796076226,0.0,0.0,0.0,True,0,long_only,1.3928045529840571,1.4252495598660604
2022-12-29,1.9726484393062567,-0.006269545087778328,0.11476030853950918,0.0,0.9418242469094654,0.0,0.9418242469094654,0.05817575309053458,5.676021517841609e-05,0.0,0.05721757235970196,True,0,long_only,1.386975340833426,1.4222664103897498
2022-12-30,1.9710279901559191,-0.0008214586634135435,0.11476030853950918,0.0,0.9417764186441457,0.0,0.9417764186441457,0.05822358135585426,0.0,0.0,0.0,True,0,long_only,1.3892255101268234,1.4187962831002021
2023-01-03,1.9858944127195637,0.007542471561993613,0.0014168818873841473,0.0,0.9992865270790284,0.0,0.9992865270790284,0.0007134729209715696,0.0004982646846994186,0.0,0.5049593602447386,True,0,long_only,1.3960920644737187,1.4224666576470952
2023-01-04,1.993798679267268,0.00398020483721484,0.0014168818873841473,0.0,0.9992893555893492,0.0,0.9992893555893492,0.0007106444106508292,0.0,0.0,0.0,True,0,long_only,1.4014991929817362,1.4226184997120084
2023-01-05,2.018194157571458,0.01223567783340851,0.0014168818873841473,0.0,0.9992979456995905,0.0,0.9992979456995905,0.0007020543004094826,0.0,0.0,0.0,True,0,long_only,1.4133380553867143,1.4279627933879162
2023-01-06,2.03237773924205,0.007027857858661113,0.0014168818873841473,0.0,0.9993028452043995,0.0,0.9993028452043995,0.0006971547956005075,0.0,0.0,0.0,True,0,long_only,1.4186068480152163,1.4326574992116845
2023-01-09,2.0399576085552584,0.0037295573390974113,0.0011906105316576896,0.0,0.9994163552582346,0.0,0.9994163552582346,0.0005836447417654211,0.0008400034279957722,0.0,0.8266376447811473,True,0,long_only,1.4218600408851516,1.4347105551157637
2023-01-10,2.0329071455061505,-0.0034561811576572232,0.0011906105316576896,0.0,0.9994143310803498,0.0,0.9994143310803498,0.000585668919650173,0.0,0.0,0.0,True,0,long_only,1.4181168347335567,1.4335258532405082
2023-01-11,2.0344357252988208,0.0007519181562469779,0.0011906105316576896,0.0,0.9994147711245668,0.0,0.9994147711245668,0.0005852288754332191,0.0,0.0,0.0,True,0,long_only,1.4165802804503453,1.436159851563127
2023-01-12,2.0379881131449498,0.0017461293084630736,0.0011906105316576896,0.0,0.9994157912286248,0.0,0.9994157912286248,0.0005842087713752164,0.0,0.0,0.0,True,0,long_only,1.4189082857884827,1.4363071479369411
2023-01-13,2.0444184096583,0.003155217869954985,0.0011906105316576896,0.0,0.9994176287368413,0.0,0.9994176287368413,0.000582371263158743,0.0,0.0,0.0,True,0,long_only,1.4212115251123847,1.4385039619606477
2023-01-16,2.065628674449334,0.010374718154968487,0.0014426054608695886,0.0,0.9993016143323755,0.0,0.9993016143323755,0.0006983856676244793,0.0006015123623412152,0.0,0.5880647368727283,True,0,long_only,1.4310549543703879,1.443430713922608
2023-01-17,2.0791590262882265,0.006550234321519133,0.0014426054608695886,0.0,0.9993061591525084,0.0,0.9993061591525084,0.000693840847491578,0.0,0.0,0.0,True,0,long_only,1.4362091157329997,1.4476715149012849
2023-01-18,2.08724169335666,0.003887469388459186,0.0014426054608695886,0.0,0.9993088459925551,0.0,0.9993088459925551,0.0006911540074449052,0.0,0.0,0.0,True,0,long_only,1.4398391058195181,1.4496353689245423
2023-01-19,2.100222803819032,0.006219265599996415,0.0014426054608695886,0.0,0.9993131178948031,0.0,0.9993131178948031,0.000686882105196851,0.0,0.0,0.0,True,0,long_only,1.4434708649070533,1.454981084051369
2023-01-20,2.1135382351688325,0.006340008938855224,0.0014426054608695886,0.0,0.9993174452977169,0.0,0.9993174452977169,0.0006825547022830669,0.0,0.0,0.0,True,0,long_only,1.4510390050572202,1.456568863967573
2023-01-30,2.1205751738143768,0.0033294588801144887,0.014751734686906399,0.0,0.9930435219326029,0.0,0.9930435219326029,0.006956478067397076,0.0006270533232456688,0.0,0.5907771235712124,True,0,long_only,1.4526725005961534,1.459775119955893
2023-01-31,2.116128571949289,-0.002096884807478605,0.014751734686906399,0.0,0.9930289043480388,0.0,0.9930289043480388,0.00697109565196119,0.0,0.0,0.0,True,0,long_only,1.4480447939361476,1.4613695521097263
2023-02-01,2.1292254578652,0.006189078532145453,0.014751734686906399,0.0,0.9930717836232821,0.0,0.9930717836232821,0.006928216376717922,0.0,0.0,0.0,True,0,long_only,1.4564613469739822,1.4619169003619537
2023-02-02,2.1313816524518816,0.0010126661686844507,0.014751734686906399,0.0,0.9930787924959679,0.0,0.9930787924959679,0.006921207504032134,0.0,0.0,0.0,True,0,long_only,1.4588724953599104,1.4609787073448528
2023-02-03,2.1180795427325663,-0.006241073579672185,0.014751734686906399,0.0,0.9930353254496406,0.0,0.9930353254496406,0.006964674550359429,0.0,0.0,0.0,True,0,long_only,1.4536688019688273,1.4570578524240674
2023-02-06,2.102761580308347,-0.007232005274200981,0.0013907331327148713,0.0,0.9993386158726987,0.0,0.9993386158726987,0.0006613841273013232,0.0007169450207534475,0.0,0.6776072565520034,True,0,long_only,1.4413126836665306,1.458921165502525
2023-02-07,2.10562984181422,0.001364045040927797,0.0013907331327148713,0.0,0.9993395168015302,0.0,0.9993395168015302,0.0006604831984697856,0.0,0.0,0.0,True,0,long_only,1.44453580351918,1.4576515422355625
2023-02-08,2.0964512978473713,-0.0043590491474704285,0.0013907331327148713,0.0,0.9993366251178156,0.0,0.9993366251178156,0.0006633748821843755,0.0,0.0,0.0,True,0,long_only,1.4418497523752376,1.4540012191934513
2023-02-09,2.1108753771295414,0.006880235804657353,0.0013907331327148713,0.0,0.9993411581054084,0.0,0.9993411581054084,0.0006588418945916441,0.0,0.0,0.0,True,0,long_only,1.450569865987559,1.4552042108584968
2023-02-10,2.107723067776695,-0.0014933659215510264,0.0013907331327148713,0.0,0.9993401727418669,0.0,0.9993401727418669,0.0006598272581330722,0.0,0.0,0.0,True,0,long_only,1.4492271942157913,1.4543772544354099
2023-02-13,2.1139095014613374,0.0029351264306121116,0.0014477795913891169,0.0,0.9993151175154905,0.0,0.9993151175154905,0.0006848824845094859,0.0006584393753665278,0.0,0.624714938187384,True,0,long_only,1.4516248981939914,1.4562367344975369
2023-02-14,2.1190206891772347,0.0024178838840376304,0.0014477795913891169,0.0,0.9993167694875357,0.0,0.9993167694875357,0.0006832305124643279,0.0,0.0,0.0,True,0,long_only,1.4513772380516365,1.4600068360048548
2023-02-15,2.1087349677013703,-0.004853997664297505,0.0014477795913891169,0.0,0.9993134369119098,0.0,0.9993134369119098,0.0006865630880902307,0.0,0.0,0.0,True,0,long_only,1.4459835539513468,1.4583395239447676
2023-02-16,2.0823581428847633,-0.012508364123804072,0.0014477795913891169,0.0,0.9993047403510602,0.0,0.9993047403510602,0.0006952596489397944,0.0,0.0,0.0,True,0,long_only,1.436203454929746,1.4499047023853768
2023-02-17,2.0695625023043758,-0.006144783799131415,0.0014477795913891169,0.0,0.9993004417166541,0.0,0.9993004417166541,0.0006995582833458913,0.0,0.0,0.0,True,0,long_only,1.425620229446508,1.4516927156034227
2023-02-20,2.0846070815658284,0.00726944909598104,0.0013779228017974092,0.0,0.9993390011892493,0.0,0.9993390011892493,0.000660998810750657,0.0006892711080577045,0.0,0.666299951935709,True,0,long_only,1.4381769524641124,1.4494788544581734
2023-02-21,2.092807382103954,0.003933739173507034,0.0013779228017974092,0.0,0.9993415911977469,0.0,0.9993415911977469,0.0006584088022530965,0.0,0.0,0.0,True,0,long_only,1.4414602183513336,1.4518662086266916
2023-02-22,2.1024752657722456,0.004619576436400319,0.0013779228017974092,0.0,0.9993446187813814,0.0,0.9993446187813814,0.0006553812186186336,0.0,0.0,0.0,True,0,long_only,1.4397916965922672,1.4602635025250066
2023-02-23,2.09213187594308,-0.004919624976119197,0.0013779228017974092,0.0,0.9993413786111469,0.0,0.9993413786111469,0.0006586213888530867,0.0,0.0,0.0,True,0,long_only,1.4390073215414083,1.4538715992786404
2023-02-24,2.086367037912704,-0.002755485013475556,0.0013779228017974092,0.0,0.9993395587752498,0.0,0.9993395587752498,0.0006604412247501745,0.0,0.0,0.0,True,0,long_only,1.4348427393476066,1.4540736630561564
2023-02-27,2.076453184858159,-0.004751730100406193,0.0012779191011380898,0.0,0.9993845663796049,0.0,0.9993845663796049,0.0006154336203950672,0.0008049210289871022,0.0,0.7722655813381053,True,0,long_only,1.4306601133434331,1.451395174501312
2023-02-28,2.081560966697959,0.002459858896433076,0.0012779191011380898,0.0,0.9993860765446783,0.0,0.9993860765446783,0.000613923455321741,0.0,0.0,0.0,True,0,long_only,1.4323838279342243,1.4532145128306666
2023-03-01,2.094367038372134,0.006152148257511536,0.0012779191011380898,0.0,0.9993898303985287,0.0,0.9993898303985287,0.0006101696014713109,0.0,0.0,0.0,True,0,long_only,1.4410575937199048,1.453354152880035
2023-03-02,2.0918975661682047,-0.0011791019237243905,0.0012779191011380898,0.0,0.999389110097069,0.0,0.999389110097069,0.0006108899029310111,0.0,0.0,0.0,True,0,long_only,1.44028206367413,1.452422146278637
2023-03-03,2.1047695748889708,0.006153269131788486,0.0012779191011380898,0.0,0.999392846078552,0.0,0.999392846078552,0.0006071539214479449,0.0,0.0,0.0,True,0,long_only,1.4428290713381504,1.4587795718150482
2023-03-06,2.1075993750867323,0.001344470307592216,0.0013495030976683484,0.0,0.9993596965753452,0.0,0.9993596965753452,0.00064030342465482,0.0007539864655477449,0.0,0.7163153456932663,True,0,long_only,1.4433495114372992,1.4602141465984686
2023-03-07,2.091011344236909,-0.007870580645404024,0.0013495030976683484,0.0,0.9993546170366853,0.0,0.9993546170366853,0.0006453829633147334,0.0,0.0,0.0,True,0,long_only,1.4348045289256433,1.4573492779553896
2023-03-08,2.081540369072355,-0.0045293753143221815,0.0013495030976683484,0.0,0.9993516805545934,0.0,0.9993516805545934,0.0006483194454065533,0.0,0.0,0.0,True,0,long_only,1.4322762726724017,1.4533092593850827
2023-03-09,2.084889315778763,0.001608879057148016,0.0013495030976683484,0.0,0.9993527219466976,0.0,0.9993527219466976,0.0006472780533024469,0.0,0.0,0.0,True,0,long_only,1.4325617894365166,1.4553573403621445
2023-03-10,2.0679957103053246,-0.008102878817395798,0.0013495030976683484,0.0,0.999347434285795,0.0,0.999347434285795,0.0006525657142050223,0.0,0.0,0.0,True,0,long_only,1.4254436831450292,1.4507733520152828
2023-03-13,2.077289818176655,0.004494258776754245,0.0014486175616514427,0.0,0.999302640609425,0.0,0.999302640609425,0.0006973593905750253,0.0006170212710848093,0.0,0.5969210287934079,True,0,long_only,1.4287297794338771,1.4539417096770844
2023-03-14,2.067146784569189,-0.004882820643856478,0.0014486175616514427,0.0,0.9992992188206155,0.0,0.9992992188206155,0.0007007811793845464,0.0,0.0,0.0,True,0,long_only,1.426864190961537,1.4487340825171158
2023-03-15,2.0758831258967225,0.004226280103932778,0.0014486175616514427,0.0,0.9993021680538852,0.0,0.9993021680538852,0.0006978319461148352,0.0,0.0,0.0,True,0,long_only,1.4304110380002648,1.4512493757031104
2023-03-16,2.061259664554606,-0.007044453109950055,0.0014486175616514427,0.0,0.9992972173343505,0.0,0.9992972173343505,0.0007027826656494929,0.0,0.0,0.0,True,0,long_only,1.4225775476975744,1.4489611957469255
2023-03-17,2.068472617682456,0.0034992937822846404,0.0014486175616514427,0.0,0.9992996680017575,0.0,0.9992996680017575,0.0007003319982424872,0.0,0.0,0.0,True,0,long_only,1.4261144883306078,1.4504253582780615
2023-03-20,2.068799199226546,0.00015788536009520016,0.0016901632811265536,0.0,0.9991830220730178,0.0,0.9991830220730178,0.0008169779269822097,0.0003747643698164528,0.0,0.36267208050358396,True,0,long_only,1.4267315158852754,1.4500269855908194
2023-03-21,2.0903384167579926,0.010411458753222247,0.0016901632811265536,0.0,0.999191440358376,0.0,0.999191440358376,0.0008085596416239627,0.0,0.0,0.0,True,0,long_only,1.432838107395344,1.4588796919687406
2023-03-22,2.1048929571856796,0.006962767516974777,0.0016901632811265536,0.0,0.9991970312431535,0.0,0.9991970312431535,0.0008029687568464894,0.0,0.0,0.0,True,0,long_only,1.4375967201305948,1.4641748466109925
2023-03-23,2.1023672543723864,-0.0011999198366221542,0.0016901632811265536,0.0,0.9991960665875045,0.0,0.9991960665875045,0.0008039334124955166,0.0,0.0,0.0,True,0,long_only,1.4387207433766833,1.4612754171029203
2023-03-24,2.103164199532198,0.0003790703827573072,0.0016901632811265536,0.0,0.999196371219374,0.0,0.999196371219374,0.000803628780626009,0.0,0.0,0.0,True,0,long_only,1.4379091257101655,1.4626544625992768
2023-03-27,2.1109240782832015,0.0036896209781098754,0.0015991087980632146,0.0,0.9992424602975944,0.0,0.9992424602975944,0.0007575397024055519,0.0005006436388473907,0.0,0.4764297189844904,True,0,long_only,1.4368866431224423,1.4690957622767198
2023-03-28,2.103353899970007,-0.0035861916546762185,0.0015991087980632146,0.0,0.9992397338374269,0.0,0.9992397338374269,0.0007602661625730756,0.0,0.0,0.0,True,0,long_only,1.4336143450415255,1.467168564017879
2023-03-29,2.099596509387097,-0.001786380590999892,0.0015991087980632146,0.0,0.9992383732822407,0.0,0.9992383732822407,0.0007616267177592562,0.0,0.0,0.0,True,0,long_only,1.4312042580562077,1.467013878395434
2023-03-30,2.09797480733604,-0.0007723874772159744,0.0015991087980632146,0.0,0.9992377845565773,0.0,0.9992377845565773,0.000762215443422698,0.0,0.0,0.0,True,0,long_only,1.4331501591747116,1.463890433186828
2023-03-31,2.1063338623817756,0.003984344815059826,0.0015991087980632146,0.0,0.9992408094335743,0.0,0.9992408094335743,0.0007591905664257048,0.0,0.0,0.0,True,0,long_only,1.4382547885088524,1.4645067613962692
2023-04-03,2.1137693414944865,0.0035300572456749,0.0015771583379758703,0.0,0.9992538645030868,0.0,0.9992538645030868,0.0007461354969131584,0.0005252905063343089,0.0,0.49925447931470734,True,0,long_only,1.4459046565059965,1.4619009157923133
2023-04-04,2.1167080061288153,0.0013902484895778056,0.0015771583379758703,0.0,0.9992549003767127,0.0,0.9992549003767127,0.000745099623287282,0.0,0.0,0.0,True,0,long_only,1.4454747892589088,1.4643686779304161
2023-04-06,2.1182025299874194,0.0007060604742255006,0.0015771583379758703,0.0,0.99925542609092,0.0,0.99925542609092,0.0007445739090800041,0.0,0.0,0.0,True,0,long_only,1.446658604739366,1.4642034568819646
2023-04-07,2.12132160779596,0.0014725116056577559,0.0015771583379758703,0.0,0.9992565208725638,0.0,0.9992565208725638,0.0007434791274362196,0.0,0.0,0.0,True,0,long_only,1.4523194079931958,1.4606439851459303
2023-04-10,2.123432505622548,0.0009950861853433857,0.2132637626469247,0.0,0.8995664980722332,0.0,0.8995664980722332,0.10043350192776679,0.0011709620617621444,0.0,1.1019591596111171,True,0,long_only,1.4501042649199314,1.4643309153633826
2023-04-11,2.127599771223495,0.0019625138024930155,0.2132637626469247,0.0,0.8997632141479854,0.0,0.8997632141479854,0.10023678585201456,0.0,0.0,0.0,True,0,long_only,1.4463844095817586,1.4709780865508075
2023-04-12,2.135969764920257,0.003934007612695467,0.2132637626469247,0.0,0.9001560011993492,0.0,0.9001560011993492,0.09984399880065076,0.0,0.0,0.0,True,0,long_only,1.4490757677287511,1.4740221405179719
2023-04-13,2.132389250308767,-0.001676294613479068,0.2132637626469247,0.0,0.8999883522128785,0.0,0.8999883522128785,0.10001164778712146,0.0,0.0,0.0,True,0,long_only,1.4459004109035563,1.474782934030856
2023-04-14,2.137722899465661,0.0025012549449505705,0.2132637626469247,0.0,0.9002378827020885,0.0,0.9002378827020885,0.09976211729791151,0.0,0.0,0.0,True,0,long_only,1.452358326015566,1.4718977136519338
2023-04-17,2.1535615657765605,0.007409129740275633,0.0010680937827019371,0.0,0.999504033783071,0.0,0.999504033783071,0.0004959662169290446,0.0009624771868633305,0.0,0.9002609888022839,True,0,long_only,1.4582416695973117,1.4768207565836868
2023-04-18,2.155146357330503,0.0007358933123287059,0.0010680937827019371,0.0,0.9995043984929056,0.0,0.9995043984929056,0.0004956015070943787,0.0,0.0,0.0,True,0,long_only,1.460034375227759,1.4760928878775952
2023-04-19,2.1476989044187067,-0.003455659930688637,0.0010680937827019371,0.0,0.9995026799238457,0.0,0.9995026799238457,0.0004973200761543284,0.0,0.0,0.0,True,0,long_only,1.4549470821035828,1.4761354078345816
2023-04-20,2.1261215379017666,-0.010046737218399993,0.0010680937827019371,0.0,0.9994976327723221,0.0,0.9994976327723221,0.0005023672276779356,0.0,0.0,0.0,True,0,long_only,1.4470997935929613,1.4692293837060693
2023-04-21,2.11179603319507,-0.006737857855875107,0.0010680937827019371,0.0,0.9994942249318055,0.0,0.9994942249318055,0.0005057750681944917,0.0,0.0,0.0,True,0,long_only,1.434476909937328,1.4721715062582177
2023-04-24,2.087387417942013,-0.011558225732684724,0.001704316526333161,0.0,0.9991835169112913,0.0,0.9991835169112913,0.0008164830887087415,0.0004071004383040412,0.0,0.38532810563133596,True,0,long_only,1.4241031341744816,1.4657557924356521
2023-04-25,2.0844699375676425,-0.001397670767435688,0.001704316526333161,0.0,0.9991823741395274,0.0,0.9991823741395274,0.0008176258604726261,0.0,0.0,0.0,True,0,long_only,1.422921795295448,1.4649223481286504
2023-04-26,2.1080400992955983,0.011307508591589466,0.001704316526333161,0.0,0.9991915160784167,0.0,0.9991915160784167,0.0008084839215832806,0.0,0.0,0.0,True,0,long_only,1.432099018770516,1.4719932572158247
2023-04-27,2.1194634996338437,0.005418967287226684,0.001704316526333161,0.0,0.9991958736130027,0.0,0.9991958736130027,0.0008041263869973392,0.0,0.0,0.0,True,0,long_only,1.4392970839079637,1.472568466462184
2023-04-28,2.118712214454212,-0.00035446950596751403,0.13312893822698108,0.0,0.9371651622533946,0.0,0.9371651622533946,0.06283483774660537,6.574518344204499e-05,0.0,0.06201366721260834,True,0,long_only,1.4462793309213595,1.4649398419491177
2023-05-04,2.1260856598476354,0.003480154285759207,0.1713859927720833,0.0,0.9193889521909641,0.0,0.9193889521909641,0.08061104780903594,0.0005014188513624748,0.0,0.47335939483868983,True,0,long_only,1.4471096999986555,1.4691945329712122
2023-05-05,2.1100048804428306,-0.007563561388188367,1.0608398798368408,0.0,0.4972334473396099,0.0,0.4972334473396099,0.5027665526603902,0.0004449494182414995,0.0,0.41919153034647966,True,0,long_only,1.4387723982063745,1.4665313868081142
2023-05-08,2.1124926552987118,0.0011790374889364408,0.0010485485497506743,0.0,0.9995036439312011,0.0,0.9995036439312011,0.0004963560687989421,0.0005296308502184358,0.0,0.5021653127414367,True,0,long_only,1.4486105204613273,1.4582889088959283
2023-05-09,2.0965052525467334,-0.007568027615091344,0.0010485485497506743,0.0,0.9994998588491601,0.0,0.9994998588491601,0.0005001411508398501,0.0,0.0,0.0,True,0,long_only,1.4419990560610576,1.453888089409375
2023-05-10,2.10804101157189,0.005502375446540642,0.18311339879975497,0.0,0.9131357512521951,0.0,0.9131357512521951,0.08686424874780485,9.107796410705567e-05,0.0,0.08696817681837485,True,0,long_only,1.4381274204356413,1.4658235296934377
2023-05-11,2.117055541557891,0.0042762593026022255,0.18311339879975497,0.0,0.913505623633754,0.0,0.913505623633754,0.08649437636624602,0.0,0.0,0.0,True,0,long_only,1.440976219673131,1.4691814567475103
2023-05-12,2.093048341702898,-0.011339900812109671,0.18311339879975497,0.0,0.9125135358074079,0.0,0.9125135358074079,0.0874864641925921,0.0,0.0,0.0,True,0,long_only,1.4248199333864977,1.4689914793149768
2023-05-15,2.1117917385367955,0.00895507115647809,0.0015092998784450892,0.0,0.9992852989000276,0.0,0.9992852989000276,0.0007147010999724035,0.00048628525032629174,0.0,0.4657593251882226,True,0,long_only,1.432087343363805,1.4746249579836692
2023-05-16,2.106178447812023,-0.0026580702170290182,0.0015092998784450892,0.0,0.9992833941112573,0.0,0.9992833941112573,0.0007166058887426718,0.0,0.0,0.0,True,0,long_only,1.4330026244899088,1.4697659388877515
2023-05-17,2.110773129865886,0.0021815255296322444,0.0015092998784450892,0.0,0.9992849540023561,0.0,0.9992849540023561,0.0007150459976439372,0.0,0.0,0.0,True,0,long_only,1.4361058060736174,1.4697894270317322
2023-05-18,2.11689404144738,0.0028998434246141347,0.0015092998784450892,0.0,0.9992870215282892,0.0,0.9992870215282892,0.0007129784717108123,0.0,0.0,0.0,True,0,long_only,1.4387448017905122,1.4713478295893154
2023-05-19,2.1105993594000316,-0.0029735461124188456,0.0015092998784450892,0.0,0.999284895130986,0.0,0.999284895130986,0.0007151048690140493,0.0,0.0,0.0,True,0,long_only,1.4376069803364924,1.468133772490459
2023-05-22,2.1201161580180456,0.004509050273150406,0.0013281348262993615,0.0,0.9993735556321872,0.0,0.9993735556321872,0.000626444367812784,0.0007807793507241521,0.0,0.7398216115052028,True,0,long_only,1.439473984009646,1.472840899918507
2023-05-23,2.111279894941508,-0.0041678202598095515,0.0013281348262993615,0.0,0.9993709337973229,0.0,0.9993709337973229,0.0006290662026771088,0.0,0.0,0.0,True,0,long_only,1.4332276414192482,1.4730945970668143
2023-05-24,2.1025942710127308,-0.004113914005238084,0.0013281348262993615,0.0,0.9993683351825839,0.0,0.9993683351825839,0.0006316648174160555,0.0,0.0,0.0,True,0,long_only,1.427041798663626,1.4733936125639318
2023-05-25,2.107250058706924,0.0022143062779060863,0.0013281348262993615,0.0,0.9993697307916488,0.0,0.9993697307916488,0.0006302692083511863,0.0,0.0,0.0,True,0,long_only,1.4257291999091442,1.4780156419895238
2023-05-26,2.122169910830569,0.007080247577641696,0.0013281348262993615,0.0,0.9993741618804786,0.0,0.9993741618804786,0.000625838119521438,0.0,0.0,0.0,True,0,long_only,1.4302008806794664,1.4838264606733838
2023-05-29,2.1282584155134447,0.002868999627128277,0.0015357214269073553,0.0,0.9992784140235447,0.0,0.9992784140235447,0.0007215859764553301,0.0005851141525899919,0.0,0.5513287113244113,True,0,long_only,1.4272728301964228,1.4911363619389795
2023-05-30,2.131650217991174,0.0015936986096263261,0.0015357214269073553,0.0,0.9992795621842899,0.0,0.9992795621842899,0.0007204378157100733,0.0,0.0,0.0,True,0,long_only,1.4256499486635905,1.4952129167397585
2023-05-31,2.1274218543755214,-0.001983610434753813,0.0015357214269073553,0.0,0.9992781302759728,0.0,0.9992781302759728,0.0007218697240272132,0.0,0.0,0.0,True,0,long_only,1.4236824657326812,1.494309233682013
2023-06-01,2.131542470859921,0.00193690615517772,0.0015357214269073553,0.0,0.9992795257669495,0.0,0.9992795257669495,0.0007204742330505498,0.0,0.0,0.0,True,0,long_only,1.4260023336661414,1.4947678699654654
2023-06-02,2.1498355170255055,0.008582069752616661,0.0015357214269073553,0.0,0.9992856563142876,0.0,0.9992856563142876,0.0007143436857124374,0.0,0.0,0.0,True,0,long_only,1.4370858326369367,1.4959687641487152
2023-06-05,2.1516978949886587,0.0008662885827330769,0.21605692907975718,0.0,0.8995877025380945,0.0,0.8995877025380945,0.1004122974619055,0.0008787046502368409,0.0,0.8173910405314352,True,0,long_only,1.4351717735367355,1.4992615759757921
2023-06-06,2.1427336588720918,-0.004166122083144264,0.21605692907975718,0.0,0.8991676225436777,0.0,0.8991676225436777,0.10083237745632234,0.0,0.0,0.0,True,0,long_only,1.429504601879245,1.4989344252933685
2023-06-07,2.1393415662305473,-0.0015830677916965907,0.21605692907975718,0.0,0.8990077449575092,0.0,0.8990077449575092,0.10099225504249076,0.0,0.0,0.0,True,0,long_only,1.4278304193169251,1.498316282723553
2023-06-08,2.147505880570382,0.003816274347541615,0.21605692907975718,0.0,0.8993916938553985,0.0,0.8993916938553985,0.10060830614460148,0.0,0.0,0.0,True,0,long_only,1.43108042798503,1.5006185806021284
2023-06-09,2.1577176017251114,0.004755153989155492,0.21605692907975718,0.0,0.8998678377063718,0.0,0.8998678377063718,0.1001321622936282,0.0,0.0,0.0,True,0,long_only,1.4354640125047144,1.5031499103625385
2023-06-12,2.176445183192526,0.008679347775835788,0.001712143061796351,0.0,0.9992133304918414,0.0,0.9992133304918414,0.0007866695081586439,0.00033587782251236236,0.0,0.31141993485352226,True,0,long_only,1.4382908761295956,1.5132162897739327
2023-06-13,2.1777550615011516,0.0006018430047036727,0.001712143061796351,0.0,0.9992138036586098,0.0,0.9992138036586098,0.0007861963413902107,0.0,0.0,0.0,True,0,long_only,1.438880661068604,1.5135063806360511
2023-06-14,2.1816414896168457,0.0017846029539314578,0.001712143061796351,0.0,0.9992152042074993,0.0,0.9992152042074993,0.000784795792500681,0.0,0.0,0.0,True,0,long_only,1.4391820988418704,1.515889817815579
2023-06-15,2.1959770150784323,0.006570981313755775,0.001712143061796351,0.0,0.9992203274214438,0.0,0.9992203274214438,0.0007796725785561565,0.0,0.0,0.0,True,0,long_only,1.4440358838318261,1.5207219153386204
2023-06-16,2.2080945513819383,0.005518061537211905,0.001712143061796351,0.0,0.9992246060927397,0.0,0.9992246060927397,0.0007753939072603355,0.0,0.0,0.0,True,0,long_only,1.4466331311247238,1.5263680223231137
2023-06-19,2.201182353039367,-0.0031303905615117644,0.44243029605278644,0.0,0.7990033422529106,0.0,0.7990033422529106,0.2009966577470894,0.0004566856830635635,0.0,0.41411088889636755,True,0,long_only,1.4410929737402414,1.5274395151107942
2023-06-20,2.2050809286680697,0.0017711279682575132,0.44243029605278644,0.0,0.799358703664438,0.0,0.799358703664438,0.20064129633556205,0.0,0.0,0.0,True,0,long_only,1.43948176761412,1.531857490854433
2023-06-21,2.1947832458069416,-0.00466997955823234,0.44243029605278644,0.0,0.7984173166539182,0.0,0.7984173166539182,0.20158268334608176,0.0,0.0,0.0,True,0,long_only,1.432906744634797,1.5316999895665389
2023-06-26,2.18170714427263,-0.005957809983875628,0.44006560086878554,0.0,0.7982930009538467,0.0,0.7982930009538467,0.2017069990461533,0.00022477394456530702,0.0,0.20493926544644464,True,0,long_only,1.4251312775654583,1.53088152552488
2023-06-27,2.1936070934547875,0.00545442096268367,0.44006560086878554,0.0,0.7993872274657394,0.0,0.7993872274657394,0.20061277253426057,0.0,0.0,0.0,True,0,long_only,1.4324938597974708,1.5313204161063034
2023-06-28,2.2092549277090545,0.0071333805862301425,0.44006560086878554,0.0,0.8008081388212074,0.0,0.8008081388212074,0.19919186117879262,0.0,0.0,0.0,True,0,long_only,1.431736727362271,1.543059478385546
2023-06-29,2.207733126284893,-0.0006888301594689672,0.44006560086878554,0.0,0.8006708348806114,0.0,0.8006708348806114,0.19932916511938858,0.0,0.0,0.0,True,0,long_only,1.4323523397161249,1.5413338360046518
2023-06-30,2.2077796774515335,2.1085504441575864e-05,0.44006560086878554,0.0,0.8006750377479882,0.0,0.8006750377479882,0.1993249622520118,0.0,0.0,0.0,True,0,long_only,1.4361050984732107,1.537338513593974
2023-07-03,2.2064936791322594,-0.0005824848975682917,0.2221423403777009,0.0,0.8993233733327249,0.0,0.8993233733327249,0.10067662666727506,0.00033849886308115387,0.0,0.3067592215264135,True,0,long_only,1.441025751701602,1.5311965636469522
2023-07-04,2.2171635637551663,0.004835674230031284,0.2221423403777009,0.0,0.8998078698346175,0.0,0.8998078698346175,0.10019213016538253,0.0,0.0,0.0,True,0,long_only,1.4407947201688052,1.538847646176411
2023-07-05,2.2137012872616326,-0.0015615791952080516,0.2221423403777009,0.0,0.8996511671850302,0.0,0.8996511671850302,0.10034883281496976,0.0,0.0,0.0,True,0,long_only,1.4385420742739843,1.538850567425261
2023-07-06,2.2182451604763633,0.002052613530505454,0.2221423403777009,0.0,0.8998567226311467,0.0,0.8998567226311467,0.10014327736885331,0.0,0.0,0.0,True,0,long_only,1.437302712161599,1.5433388817170486
2023-07-07,2.2152251126465266,-0.0013614580947346466,0.2221423403777009,0.0,0.8997201958800892,0.0,0.8997201958800892,0.10027980411991078,0.0,0.0,0.0,True,0,long_only,1.4374909338697888,1.5410358844372278
2023-07-10,2.2081601511051048,-0.0031892747608757155,0.2231581403418581,0.0,0.8989393318097081,0.0,0.8989393318097081,0.10106066819029191,0.0004489492850193811,0.0,0.40498312684327636,True,0,long_only,1.436915300938915,1.5367364726802197
2023-07-11,2.22065314036268,0.005657646367417168,0.44038633127202664,0.0,0.8016861241102687,0.0,0.8016861241102687,0.19831387588973126,0.00010866842967992423,0.0,0.09839561164512341,True,0,long_only,1.4402328854458626,1.5418708757474437
2023-07-12,2.2148557179641615,-0.0026106834485513097,0.44038633127202664,0.0,0.8011670341773691,0.0,0.8011670341773691,0.19883296582263088,0.0,0.0,0.0,True,0,long_only,1.4380955784173384,1.5401310950428397
2023-07-13,2.218123225271293,0.0014752686961183592,0.44038633127202664,0.0,0.8014599341214851,0.0,0.8014599341214851,0.19854006587851492,0.0,0.0,0.0,True,0,long_only,1.4447102270194385,1.5353412634500914
2023-07-14,2.216495500179373,-0.0007338298762552542,0.44038633127202664,0.0,0.8013141324959209,0.0,0.8013141324959209,0.19868586750407913,0.0,0.0,0.0,True,0,long_only,1.4436421042054814,1.5353497197972326
2023-07-17,2.2213573077195825,0.0021934660096607494,0.8908741125293458,0.0,0.5989505562957333,0.0,0.5989505562957333,0.40104944370426665,0.0002282449125340733,0.0,0.2051869693792978,True,0,long_only,1.4403305343019912,1.5422552357373234
2023-07-18,2.226595667127914,0.0023581795644163073,0.8908741125293458,0.0,0.5998940779048203,0.0,0.5998940779048203,0.4001059220951797,0.0,0.0,0.0,True,0,long_only,1.4416505628607437,1.544476674506728
2023-07-19,2.2280537549477155,0.0006548507397763359,0.8908741125293458,0.0,0.6001559160989581,0.0,0.6001559160989581,0.39984408390104187,0.0,0.0,0.0,True,0,long_only,1.4427622030997143,1.544297286247751
2023-07-20,2.2234045178620083,-0.0020866808421398098,0.8908741125293458,0.0,0.5993198244528186,0.0,0.5993198244528186,0.4006801755471814,0.0,0.0,0.0,True,0,long_only,1.4406892877082027,1.5432921843952356
2023-07-21,2.2211758469379657,-0.0010023686225958395,0.8908741125293458,0.0,0.5989177922326712,0.0,0.5989177922326712,0.40108220776732884,0.0,0.0,0.0,True,0,long_only,1.4410855439359707,1.5413213020452416
2023-07-24,2.2196236031490395,-0.0006988387664425,0.8889565251641609,0.0,0.5995012289908189,0.0,0.5995012289908189,0.4004987710091811,0.0002247431171729189,0.0,0.20244462896078547,True,0,long_only,1.4369103477360679,1.5447196177869968
2023-07-25,2.228670054059284,0.004075668909543806,0.8889565251641609,0.0,0.6011269036683909,0.0,0.6011269036683909,0.39887309633160906,0.0,0.0,0.0,True,0,long_only,1.4492225948131476,1.5378383293469369
2023-07-26,2.2251331331836206,-0.001587009646951243,0.8889565251641609,0.0,0.6004928820181281,0.0,0.6004928820181281,0.3995071179818719,0.0,0.0,0.0,True,0,long_only,1.4485804474440411,1.5360783980687946
2023-07-27,2.225915636503648,0.00035166584343104823,0.8889565251641609,0.0,0.6006333256365063,0.0,0.6006333256365063,0.3993666743634937,0.0,0.0,0.0,True,0,long_only,1.4482694570652839,1.5369485461732761
2023-07-28,2.2339877198396603,0.003626410275230141,0.8889565251641609,0.0,0.6020763600133113,0.0,0.6020763600133113,0.39792363998668867,0.0,0.0,0.0,True,0,long_only,1.4604907774900988,1.5296143969350093
2023-07-31,2.237089689353746,0.001388534720463186,1.118119800681699,0.0,0.5001899986384977,0.0,0.5001899986384977,0.49981000136150233,0.00011739997899558805,0.0,0.10507071404874815,True,0,long_only,1.462473473829753,1.5296617199459486
2023-08-01,2.2382558253314753,0.0005212736812825192,1.118119800681699,0.0,0.5004504006971094,0.0,0.5004504006971094,0.49954959930289056,0.0,0.0,0.0,True,0,long_only,1.457579709416817,1.535597546309841
2023-08-02,2.234145065918097,-0.0018365905125119486,1.118119800681699,0.0,0.4995312445290027,0.0,0.4995312445290027,0.5004687554709972,0.0,0.0,0.0,True,0,long_only,1.4574891365647558,1.532872533913967
2023-08-03,2.23387842513394,-0.00011934801738011647,1.118119800681699,0.0,0.49947150744577423,0.0,0.49947150744577423,0.5005284925542257,0.0,0.0,0.0,True,0,long_only,1.4630880247829967,1.526824351846681
2023-08-04,2.2364228133171657,0.001139000294106518,1.118119800681699,0.0,0.5000409609383066,0.0,0.5000409609383066,0.49995903906169337,0.0,0.0,0.0,True,0,long_only,1.4659987390560751,1.5255284699338487
2023-08-07,2.231792665994657,-0.0020703362955061255,1.342041174331816,0.0,0.3986712140512837,0.0,0.3986712140512837,0.6013287859487163,0.00011467031085029299,0.0,0.10257611808578705,True,0,long_only,1.4592860877976435,1.529372947948049
2023-08-08,2.231402532726781,-0.00017480712873585436,1.342041174331816,0.0,0.3985660791144494,0.0,0.3985660791144494,0.6014339208855506,0.0,0.0,0.0,True,0,long_only,1.4576402092515923,1.530832175569901
2023-08-09,2.22853389483837,-0.001285576155058421,1.342041174331816,0.0,0.3977918947339365,0.0,0.3977918947339365,0.6022081052660635,0.0,0.0,0.0,True,0,long_only,1.454625831518928,1.5320323938640106
2023-08-10,2.2430757245993536,0.006525289920276345,1.342041174331816,0.0,0.4016960017827645,0.0,0.4016960017827645,0.5983039982172356,0.0,0.0,0.0,True,0,long_only,1.4561655700039697,1.540398819203807
2023-08-11,2.2335146341445054,-0.004262491163358195,1.342041174331816,0.0,0.3991348192594885,0.0,0.3991348192594885,0.6008651807405114,0.0,0.0,0.0,True,0,long_only,1.4505412081710867,1.5397802017363091
2023-08-14,2.2350988406486443,0.0007092886162107792,0.8934916872209754,0.0,0.6002451117724724,0.0,0.6002451117724724,0.3997548882275276,0.00044915153223925577,0.0,0.40237340452238163,True,0,long_only,1.4465425582726625,1.545131754241374
2023-08-15,2.230037556781462,-0.0022644563967978426,0.8934916872209754,0.0,0.5993378297581132,0.0,0.5993378297581132,0.4006621702418868,0.0,0.0,0.0,True,0,long_only,1.444350412212617,1.5439726661380198
2023-08-16,2.232653430274558,0.0011730176853486096,0.8934916872209754,0.0,0.5998072629162604,0.0,0.5998072629162604,0.4001927370837396,0.0,0.0,0.0,True,0,long_only,1.4428230567346931,1.547420121859821
2023-08-17,2.246174620678319,0.006056108046333719,0.8934916872209754,0.0,0.6022162840789504,0.0,0.6022162840789504,0.39778371592104955,0.0,0.0,0.0,True,0,long_only,1.4474737604079175,1.5517895260811614
2023-08-18,2.25527785339385,0.00405277160187234,0.8934916872209754,0.0,0.6038219034180615,0.0,0.6038219034180615,0.3961780965819385,0.0,0.0,0.0,True,0,long_only,1.4455483797012088,1.5601538385453486
2023-08-21,2.232931568880872,-0.00990843965383259,0.6769934425695241,0.0,0.6968140663133586,0.0,0.6968140663133586,0.3031859336866414,0.00035225921571294805,0.0,0.3126184037037742,True,0,long_only,1.4408134715795835,1.5497714401801634
2023-08-22,2.236889063409731,0.001772331308317776,0.6769934425695241,0.0,0.6973504615657737,0.0,0.6973504615657737,0.30264953843422626,0.0,0.0,0.0,True,0,long_only,1.4363382528072277,1.5573553506897695
2023-08-23,2.2201970475259265,-0.0074621563298987725,0.6769934425695241,0.0,0.6950750640246411,0.0,0.6950750640246411,0.30492493597535886,0.0,0.0,0.0,True,0,long_only,1.4285486337297546,1.554162732093538
2023-08-24,2.216268927409074,-0.001769266435711181,0.6769934425695241,0.0,0.6945346143705754,0.0,0.6945346143705754,0.3054653856294246,0.0,0.0,0.0,True,0,long_only,1.4319115046627329,1.547769481697883
2023-08-25,2.2090726221530748,-0.003247036118677049,0.6769934425695241,0.0,0.6935395261430148,0.0,0.6935395261430148,0.30646047385698516,0.0,0.0,0.0,True,0,long_only,1.427209146159817,1.5478268396030204
2023-08-28,2.2194305408131503,0.004688808577954395,0.6130131608943689,0.0,0.7237970958668639,0.0,0.7237970958668639,0.2762029041331361,0.0003758540860520773,0.0,0.3349836945289674,True,0,long_only,1.4302313074969555,1.5517983204390697
2023-08-29,2.2315599426659753,0.005465096397376357,0.6130131608943689,0.0,0.7252983667729663,0.0,0.7252983667729663,0.27470163322703367,0.0,0.0,0.0,True,0,long_only,1.4389355001001256,1.5508408420743642
2023-08-30,2.2343668965668146,0.0012578438280648196,0.6130131608943689,0.0,0.7256434644478998,0.0,0.7256434644478998,0.27435653555210016,0.0,0.0,0.0,True,0,long_only,1.4392624114880341,1.5524388594688112
2023-08-31,2.2420901506528086,0.0034565738052514394,0.6130131608943689,0.0,0.7265885313684272,0.0,0.7265885313684272,0.27341146863157284,0.0,0.0,0.0,True,0,long_only,1.438262218313123,1.5588883043054982
2023-09-01,2.250344552311369,0.0036815654607631476,0.6130131608943689,0.0,0.7275914213826803,0.0,0.7275914213826803,0.2724085786173197,0.0,0.0,0.0,True,0,long_only,1.4422817424235455,1.560266961800398
2023-09-04,2.247510265719182,-0.0012594900586562208,0.676085056172326,0.0,0.6991848862786018,0.0,0.6991848862786018,0.30081511372139824,0.0007918204390331882,0.0,0.7033028502392742,True,0,long_only,1.4494504421441141,1.5505947636226387
2023-09-05,2.247300980453517,-9.31187140084111e-05,0.676085056172326,0.0,0.6991568721534183,0.0,0.6991568721534183,0.30084312784658174,0.0,0.0,0.0,True,0,long_only,1.4465715698893384,1.5535359792985797
2023-09-06,2.2451638225846726,-0.0009509887137650885,0.676085056172326,0.0,0.6988705013988669,0.0,0.6988705013988669,0.30112949860113314,0.0,0.0,0.0,True,0,long_only,1.4449854835776559,1.5537621990678039
2023-09-07,2.2266471829694328,-0.008247344549638824,0.676085056172326,0.0,0.6963663299047197,0.0,0.6963663299047197,0.3036336700952803,0.0,0.0,0.0,True,0,long_only,1.4293139035696316,1.5578433662532114
2023-09-08,2.2212496419529133,-0.0024240665776791293,0.676085056172326,0.0,0.6956285131562632,0.0,0.6956285131562632,0.3043714868437368,0.0,0.0,0.0,True,0,long_only,1.4254836625680094,1.5582427917492447
2023-09-11,2.2329055398851456,0.005247450674650267,0.0011032235969542525,0.0,0.999505924645155,0.0,0.999505924645155,0.000494075354845025,0.0007781484075760852,0.0,0.7009224479497003,True,0,long_only,1.4283172483967543,1.563312031967351
2023-09-12,2.237389084739886,0.002007942017543396,0.0011032235969542525,0.0,0.9995069147317832,0.0,0.9995069147317832,0.0004930852682167863,0.0,0.0,0.0,True,0,long_only,1.4282655935670632,1.5665077243456198
2023-09-13,2.227251784184467,-0.004530861719385659,0.0011032235969542525,0.0,0.9995046704621416,0.0,0.9995046704621416,0.0004953295378583578,0.0,0.0,0.0,True,0,long_only,1.4219414149319252,1.5663456741578174
2023-09-14,2.2185789437256482,-0.0038939649842931745,0.0011032235969542525,0.0,0.9995027341262414,0.0,0.9995027341262414,0.0004972658737586455,0.0,0.0,0.0,True,0,long_only,1.4195327431474207,1.5628938144861413
2023-09-15,2.219774222150871,0.0005387585727354427,0.0011032235969542525,0.0,0.9995030018882347,0.0,0.9995030018882347,0.00049699811176529,0.0,0.0,0.0,True,0,long_only,1.4207388480406897,1.5624083378955351
2023-09-18,2.227612134933745,0.0035309504474194675,0.0012931148054239748,0.0,0.9994195063022214,0.0,0.9994195063022214,0.0005804936977785724,0.000924210483291717,0.0,0.8330027005458337,True,0,long_only,1.4226306177280792,1.5658401465386778
2023-09-19,2.223619798874377,-0.0017922043055698111,0.0012931148054239748,0.0,0.9994184640710256,0.0,0.9994184640710256,0.0005815359289743638,0.0,0.0,0.0,True,0,long_only,1.4196636492226655,1.5663004403133916
2023-09-20,2.2236910348258863,3.203603041534997e-05,0.0012931148054239748,0.0,0.9994184827005316,0.0,0.9994184827005316,0.0005815172994684259,0.0,0.0,0.0,True,0,long_only,1.4179310896267905,1.5682645306911054
2023-09-21,2.204999862089046,-0.008405472003130021,0.0012931148054239748,0.0,0.9994135533395457,0.0,0.9994135533395457,0.0005864466604542651,0.0,0.0,0.0,True,0,long_only,1.414250506111191,1.5591296255938443
2023-09-22,2.220025374300222,0.0068142916784315055,0.0012931148054239748,0.0,0.9994175225110516,0.0,0.9994175225110516,0.0005824774889483519,0.0,0.0,0.0,True,0,long_only,1.4227551553996634,1.560370641339619
2023-09-25,2.2237946579770176,0.0016978561238218948,0.013576790441233319,0.0,0.9938947643423228,0.0,0.9938947643423228,0.006105235657677177,0.0003636719178274731,0.0,0.3279072789185274,True,0,long_only,1.4214443256461984,1.564461314350856
2023-09-26,2.2482555472191392,0.010999616873067497,0.013576790441233319,0.0,0.9939611889502391,0.0,0.9939611889502391,0.006038811049760895,0.0,0.0,0.0,True,0,long_only,1.421535252298463,1.5815686199719368
2023-09-27,2.269886703021366,0.009621306540968044,0.013576790441233319,0.0,0.9940187365196855,0.0,0.9940187365196855,0.005981263480314469,0.0,0.0,0.0,True,0,long_only,1.4236576997184458,1.594404823203132
2023-09-28,2.2491781260169192,-0.009123176490210994,0.013576790441233319,0.0,0.9939636659790586,0.0,0.9939636659790586,0.006036334020941392,0.0,0.0,0.0,True,0,long_only,1.4286360223799857,1.5743535027697122
2023-10-09,2.2567581981911733,0.0033701520064477464,0.22656124524283686,0.0,0.8996076560508657,0.0,0.8996076560508657,0.10039234394913432,0.0002975284700298018,0.0,0.2646552324591974,True,0,long_only,1.4254288235364878,1.5832135290993752
2023-10-10,2.255402333414051,-0.0006008019725857183,0.22656124524283686,0.0,0.899547303872881,0.0,0.899547303872881,0.10045269612711905,0.0,0.0,0.0,True,0,long_only,1.4216375005572353,1.5864820198749734
2023-10-11,2.2526253329225057,-0.0012312661250739598,0.22656124524283686,0.0,0.8994234673953074,0.0,0.8994234673953074,0.10057653260469257,0.0,0.0,0.0,True,0,long_only,1.4179342738286207,1.5886669604509258
2023-10-12,2.2397143404577444,-0.005731531238712839,0.22656124524283686,0.0,0.8988436868263596,0.0,0.8988436868263596,0.10115631317364038,0.0,0.0,0.0,True,0,long_only,1.4212783933508206,1.5758449230888332
2023-10-13,2.2391020516173916,-0.0002733780952743903,0.22656124524283686,0.0,0.8988160253440961,0.0,0.8988160253440961,0.1011839746559039,0.0,0.0,0.0,True,0,long_only,1.4182243899953795,1.5788066172128703
2023-10-16,2.2557361528306346,0.007428916069827096,0.6721673745671369,0.0,0.7020186187450778,0.0,0.7020186187450778,0.29798138125492224,0.00046320290357687284,0.0,0.4141011293971344,True,0,long_only,1.4109983746418657,1.598680900963601
2023-10-17,2.2360486799183734,-0.008727737456154294,0.6721673745671369,0.0,0.6993950173787475,0.0,0.6993950173787475,0.30060498262125246,0.0,0.0,0.0,True,0,long_only,1.4078191260144335,1.5883067921151746
2023-10-18,2.2218575049854845,-0.006346541137649653,0.6721673745671369,0.0,0.6974750302128271,0.0,0.6974750302128271,0.3025249697871729,0.0,0.0,0.0,True,0,long_only,1.396977980182943,1.5904742497763054
2023-10-19,2.196095340514681,-0.011594876995035586,0.6721673745671369,0.0,0.6939261414717965,0.0,0.6939261414717965,0.30607385852820346,0.0,0.0,0.0,True,0,long_only,1.3843423597199884,1.5863816671469089
2023-10-20,2.172290501718288,-0.01083961991869331,0.6721673745671369,0.0,0.6905720602122735,0.0,0.6905720602122735,0.30942793978772654,0.0,0.0,0.0,True,0,long_only,1.3802166955485566,1.5738764128301808
2023-10-23,2.138065080786565,-0.015755453013605036,0.0009292147207728704,0.0,0.9995653945573859,0.0,0.9995653945573859,0.00043460544261408884,0.0009037857739949954,0.0,0.8329820182704681,True,0,long_only,1.3652820813641404,1.5660244208656777
2023-10-24,2.1701794104791827,0.015020276969681001,0.15951352300159594,0.0,0.9264975410644161,0.0,0.9264975410644161,0.07350245893558394,7.933182005043675e-05,0.0,0.07415480666850972,True,0,long_only,1.379923748980171,1.5726806731770855
2023-10-25,2.176424925575586,0.0028778796196504697,0.15951352300159594,0.0,0.926708465278484,0.0,0.926708465278484,0.07329153472151595,0.0,0.0,0.0,True,0,long_only,1.3864633919391578,1.5697673218270547
2023-10-26,2.1829410166628223,0.0029939425020657495,0.15951352300159594,0.0,0.9269272409176439,0.0,0.9269272409176439,0.07307275908235611,0.0,0.0,0.0,True,0,long_only,1.3889520225696226,1.5716460908594128
2023-10-27,2.2046026888075048,0.009923159617843513,0.15951352300159594,0.0,0.9276452288607709,0.0,0.9276452288607709,0.07235477113922906,0.0,0.0,0.0,True,0,long_only,1.4001381235993935,1.574560860567128
2023-10-30,2.22277125618992,0.008241198051084142,0.001575820762921736,0.0,0.9992910558121835,0.0,0.9992910558121835,0.0007089441878165292,0.000552254390165242,0.0,0.5000275269862122,True,0,long_only,1.401814428962934,1.5856387338189495
2023-10-31,2.1988174712735895,-0.010776540703243631,0.001575820762921736,0.0,0.9992833326169595,0.0,0.9992833326169595,0.0007166673830405479,0.0,0.0,0.0,True,0,long_only,1.3943046658463218,1.57699929228806
2023-11-01,2.1892643326475696,-0.004344671056523253,0.001575820762921736,0.0,0.9992802053459594,0.0,0.9992802053459594,0.0007197946540405953,0.0,0.0,0.0,True,0,long_only,1.3897034942015685,1.5753463539396049
2023-11-02,2.1932568298317463,0.001823670684548473,0.001575820762921736,0.0,0.9992815156248516,0.0,0.9992815156248516,0.0007184843751484316,0.0,0.0,0.0,True,0,long_only,1.3874554477093912,1.5807764014712593
2023-11-03,2.208333577355911,0.006874136817493159,0.001575820762921736,0.0,0.9992864208654526,0.0,0.9992864208654526,0.000713579134547393,0.0,0.0,0.0,True,0,long_only,1.3920990753785485,1.5863336284131981
2023-11-06,2.2203395942436868,0.005436686291819592,0.0010960690847591904,0.0,0.9995063507007662,0.0,0.9995063507007662,0.0004936492992337893,0.0011174033214755607,0.0,1.0087748845535247,True,0,long_only,1.4020567821022383,1.5836302941415243
2023-11-07,2.2233755767450543,0.0013673505211717618,0.0010960690847591904,0.0,0.999507024770703,0.0,0.999507024770703,0.0004929752292970324,0.0,0.0,0.0,True,0,long_only,1.4039174173717315,1.5836939902828666
2023-11-08,2.2188593342437817,-0.0020312548849187317,0.0010960690847591904,0.0,0.9995060213742063,0.0,0.9995060213742063,0.0004939786257937007,0.0,0.0,0.0,True,0,long_only,1.4023217784545583,1.5822754579830431
2023-11-09,2.221533206218787,0.001205066014658529,0.0010960690847591904,0.0,0.9995066159345757,0.0,0.9995066159345757,0.0004933840654243182,0.0,0.0,0.0,True,0,long_only,1.4017362391179902,1.584843955819131
2023-11-10,2.224173973100651,0.0011887136660715392,0.0010960690847591904,0.0,0.9995072017306131,0.0,0.9995072017306131,0.0004927982693868627,0.0,0.0,0.0,True,0,long_only,1.3995504614616052,1.5892059874553286
2023-11-13,2.226619582819836,0.001099558644585441,0.0016076070679175319,0.0,0.9992780055109901,0.0,0.9992780055109901,0.0007219944890098917,0.0006167979244049885,0.0,0.5541597939446608,True,0,long_only,1.399560721667503,1.5909417493275573
2023-11-14,2.2309291424264788,0.0019354718874722288,0.0016076070679175319,0.0,0.9992794002116226,0.0,0.9992794002116226,0.0007205997883773518,0.0,0.0,0.0,True,0,long_only,1.4031436563269737,1.5899506314744773
2023-11-15,2.2423880691286664,0.005136392045927751,0.0016076070679175319,0.0,0.9992830825805534,0.0,0.9992830825805534,0.0007169174194465722,0.0,0.0,0.0,True,0,long_only,1.4075056590342527,1.593164513929742
2023-11-16,2.2300242598339493,-0.005513679574437602,0.0016076070679175319,0.0,0.9992791078120212,0.0,0.9992791078120212,0.0007208921879787722,0.0,0.0,0.0,True,0,long_only,1.4002548776665038,1.5925845325746975
2023-11-17,2.2268259605898657,-0.0014341993052225943,0.0016076070679175319,0.0,0.9992780724239932,0.0,0.9992780724239932,0.0007219275760067534,0.0,0.0,0.0,True,0,long_only,1.3981487050558756,1.592696079134782
2023-11-20,2.2329242500947317,0.0027385568575151176,0.14048615736340123,0.0,0.937084226051358,0.0,0.937084226051358,0.062915773948642,0.0007649536538222562,0.0,0.6870902454157862,True,0,long_only,1.4021618607626376,1.5924867966956693
2023-11-21,2.2200115062230514,-0.005782884874456773,0.14048615736340123,0.0,0.93671827512173,0.0,0.93671827512173,0.06328172487827,0.0,0.0,0.0,True,0,long_only,1.4000174777300463,1.585702708385129
2023-11-22,2.2091134041898712,-0.0049090295264826445,0.14048615736340123,0.0,0.9364060907434851,0.0,0.9364060907434851,0.06359390925651487,0.0,0.0,0.0,True,0,long_only,1.3891692558944881,1.5902406382924303
2023-11-23,2.214535831500866,0.00245457173031971,0.14048615736340123,0.0,0.936561804345162,0.0,0.936561804345162,0.06343819565483799,0.0,0.0,0.0,True,0,long_only,1.3885840703581236,1.594815811857704
2023-11-24,2.204789052853084,-0.004401273851223353,0.14048615736340123,0.0,0.9362813611662275,0.0,0.9362813611662275,0.06371863883377249,0.0,0.0,0.0,True,0,long_only,1.3836153003020746,1.5934986064202445
2023-11-27,2.210385026483939,0.002538099335904098,0.0015535860163513571,0.0,0.9992971423540529,0.0,0.9992971423540529,0.0007028576459471303,0.0005781502962875806,0.0,0.5248646561395738,True,0,long_only,1.3840876235735662,1.5969978987146503
2023-11-28,2.2157837357747336,0.0024424293623550586,0.0015535860163513571,0.0,0.9992988548515507,0.0,0.9992988548515507,0.0007011451484493225,0.0,0.0,0.0,True,0,long_only,1.3865076169645782,1.598104264746597
2023-11-29,2.209248686016155,-0.002949317504712945,0.0015535860163513571,0.0,0.9992967808349575,0.0,0.9992967808349575,0.0007032191650424569,0.0,0.0,0.0,True,0,long_only,1.382664992955838,1.597819209476954
2023-11-30,2.2003211168484245,-0.004040997839781069,0.0015535860163513571,0.0,0.999293927597906,0.0,0.999293927597906,0.0007060724020939713,0.0,0.0,0.0,True,0,long_only,1.3801572571143914,1.594253919621317
2023-12-01,2.200410975778446,4.08390072399456e-05,0.0015535860163513571,0.0,0.9992939564320243,0.0,0.9992939564320243,0.000706043567975656,0.0,0.0,0.0,True,0,long_only,1.383318461931452,1.5906756371241746
2023-12-04,2.2064807884190576,0.002758490439934702,0.0020562370732653207,0.0,0.9990680920114701,0.0,0.9990680920114701,0.0009319079885299342,0.00014343192079790455,0.0,0.13030111153974624,True,0,long_only,1.3823101313518635,1.596227024872614
2023-12-05,2.1962103583558616,-0.004654665527613622,0.0020562370732653207,0.0,0.9990637340064251,0.0,0.9990637340064251,0.0009362659935748807,0.0,0.0,0.0,True,0,long_only,1.3756307373125478,1.5965115483290306
2023-12-06,2.1929215856904167,-0.0014974761652188917,0.0020562370732653207,0.0,0.9990623298677512,0.0,0.9990623298677512,0.000937670132248769,0.0,0.0,0.0,True,0,long_only,1.3772858146638862,1.5922051634762382
2023-12-07,2.1946217034400988,0.0007752752131109375,0.0020562370732653207,0.0,0.9990630562570113,0.0,0.9990630562570113,0.000936943742988694,0.0,0.0,0.0,True,0,long_only,1.3780680669135248,1.592535054059716
2023-12-08,2.196983346079291,0.001076104658716437,0.0020562370732653207,0.0,0.9990640634227224,0.0,0.9990640634227224,0.0009359365772776407,0.0,0.0,0.0,True,0,long_only,1.3803861658459682,1.5915715474682928
2023-12-11,2.2016072541521274,0.002104662323038742,0.0015861437856483371,0.0,0.9992795518898037,0.0,0.9992795518898037,0.0007204481101963367,0.0006101253181878402,0.0,0.5550642347073023,True,0,long_only,1.382700019175971,1.5922522771527763
2023-12-12,2.2010624454940633,-0.0002474595126069623,0.0015861437856483371,0.0,0.999279373563937,0.0,0.999279373563937,0.0007206264360629655,0.0,0.0,0.0,True,0,long_only,1.3830124247555418,1.5914986778828963
2023-12-13,2.1935137737942365,-0.0034295581732721736,0.0015861437856483371,0.0,0.9992768936285708,0.0,0.9992768936285708,0.0007231063714292496,0.0,0.0,0.0,True,0,long_only,1.378097432330404,1.591697163302118
2023-12-14,2.1901483043391483,-0.0015342823442895392,0.0015861437856483371,0.0,0.9992757824744077,0.0,0.9992757824744077,0.0007242175255922634,0.0,0.0,0.0,True,0,long_only,1.375893964663851,1.5918002117802954
2023-12-15,2.180091036252695,-0.004592048888437117,0.0015861437856483371,0.0,0.9992724414901614,0.0,0.9992724414901614,0.0007275585098386328,0.0,0.0,0.0,True,0,long_only,1.3725930087664615,1.5883011368474955
2023-12-18,2.173150092529027,-0.0031837861851856664,0.0018252370250234217,0.0,0.9991600961980038,0.0,0.9991600961980038,0.0008399038019961669,0.0003518709725224808,0.0,0.32296709331476486,True,0,long_only,1.3665621304999127,1.5902314604123047
2023-12-19,2.162478046050479,-0.004910864884683508,0.0018252370250234217,0.0,0.9991559511883337,0.0,0.9991559511883337,0.0008440488116663314,0.0,0.0,0.0,True,0,long_only,1.3624576943406828,1.587189132574821
2023-12-20,2.157738154600807,-0.0021918795699817917,0.0018252370250234217,0.0,0.9991540970709853,0.0,0.9991540970709853,0.0008459029290146525,0.0,0.0,0.0,True,0,long_only,1.3591156976197032,1.5876044683905697
2023-12-21,2.170258149126319,0.005802369717018863,0.0018252370250234217,0.0,0.9991589769973871,0.0,0.9991589769973871,0.0008410230026129062,0.0,0.0,0.0,True,0,long_only,1.3629445234205122,1.5923305107677699
2023-12-22,2.168767527647178,-0.0006868406321806075,0.0018252370250234217,0.0,0.9991583989515909,0.0,0.9991583989515909,0.0008416010484091352,0.0,0.0,0.0,True,0,long_only,1.362950184223766,1.5912302245164924
2023-12-25,2.168998072816696,0.00010630238906639278,0.0015668706084824516,0.0,0.9992776062698627,0.0,0.9992776062698627,0.0007223937301372718,0.0006028147658986042,0.0,0.5551591199434661,True,0,long_only,1.3609253856599115,1.5937670761905516
2023-12-26,2.15124313015277,-0.00818578074662335,0.0015668706084824516,0.0,0.9992716441082272,0.0,0.9992716441082272,0.0007283558917727806,0.0,0.0,0.0,True,0,long_only,1.355072468895655,1.5875484002017775
2023-12-27,2.164477013994218,0.006151737874699581,0.0015668706084824516,0.0,0.9992760973674694,0.0,0.9992760973674694,0.0007239026325306375,0.0,0.0,0.0,True,0,long_only,1.3603550597320884,1.591111819307303
2023-12-28,2.185443157033247,0.009686470636312894,0.0015668706084824516,0.0,0.999283042158548,0.0,0.999283042158548,0.0007169578414519817,0.0,0.0,0.0,True,0,long_only,1.3747518976073907,1.5897000475771506
2023-12-29,2.207317445920959,0.010009086174268989,0.0015668706084824516,0.0,0.9992901471370246,0.0,0.9992901471370246,0.0007098528629754242,0.0,0.0,0.0,True,0,long_only,1.3826306743361116,1.5964620826749931
2024-01-02,2.2138794611413046,0.002972846172385246,0.0387312263514064,0.0,0.9825052686782506,0.0,0.9825052686782506,0.01749473132174939,0.0007276991693608405,0.0,0.658986178498346,True,0,long_only,1.384412765960458,1.5991469564392462
2024-01-03,2.2054366797774567,-0.003813568675277046,0.0387312263514064,0.0,0.9824382959136625,0.0,0.9824382959136625,0.017561704086337504,0.0,0.0,0.0,True,0,long_only,1.3778819680065553,1.600599130394429
2024-01-04,2.2016754570958215,-0.001705432178635502,0.0387312263514064,0.0,0.9824082944529454,0.0,0.9824082944529454,0.01759170554705458,0.0,0.0,0.0,True,0,long_only,1.3747840934258968,1.601469981813181
2024-01-05,2.1880812581566893,-0.0061744790292861396,0.0387312263514064,0.0,0.9822989999996459,0.0,0.9822989999996459,0.017701000000354128,0.0,0.0,0.0,True,0,long_only,1.3715935231919572,1.5952840409049256
2024-01-08,2.1601175284472727,-0.012780023413286878,0.0014561975955929374,0.0,0.9993258711267253,0.0,0.9993258711267253,0.0006741288732746709,0.0007098161915144192,0.0,0.649282776767191,True,0,long_only,1.361612111854642,1.5864411822137747
2024-01-09,2.16962341892711,0.004400635777753292,0.0014561975955929374,0.0,0.9993288247246551,0.0,0.9993288247246551,0.0006711752753448819,0.0,0.0,0.0,True,0,long_only,1.3642312947601483,1.5903633256767955
2024-01-10,2.1594227080877357,-0.004701604320079822,0.0014561975955929374,0.0,0.9993256542176114,0.0,0.9993256542176114,0.0006743457823885635,0.0,0.0,0.0,True,0,long_only,1.3629140966030229,1.5844158582481171
2024-01-11,2.175223552925896,0.007317161563125563,0.0014561975955929374,0.0,0.9993305526718693,0.0,0.9993305526718693,0.000669447328130679,0.0,0.0,0.0,True,0,long_only,1.3681690910235935,1.5898791802835612
2024-01-12,2.179623146865163,0.002022593922978322,0.0014561975955929374,0.0,0.9993319039588622,0.0,0.9993319039588622,0.0006680960411378223,0.0,0.0,0.0,True,0,long_only,1.371527362553928,1.5891940666837852
2024-01-15,2.1765797510899,-0.0013962944831267254,0.0016779376902325603,0.0,0.999229094321312,0.0,0.999229094321312,0.0007709056786879831,0.0004940726961830079,0.0,0.4545653969429577,True,0,long_only,1.3693992543306914,1.5894413146542326
2024-01-16,2.1708117798051276,-0.0026500160547225926,0.0016779376902325603,0.0,0.9992270459807515,0.0,0.9992270459807515,0.0007729540192484841,0.0,0.0,0.0,True,0,long_only,1.3662805055380347,1.5888478032190558
2024-01-17,2.140382966538576,-0.014017250850409169,0.0016779376902325603,0.0,0.9992160572586942,0.0,0.9992160572586942,0.0007839427413057765,0.0,0.0,0.0,True,0,long_only,1.3543758362952307,1.5803463921753025
2024-01-18,2.137381927089948,-0.001402103967161339,0.0016779376902325603,0.0,0.9992149565461532,0.0,0.9992149565461532,0.0007850434538467788,0.0,0.0,0.0,True,0,long_only,1.3525169700267543,1.5802995263325
2024-01-19,2.1331439164355395,-0.001982804570720087,0.0016779376902325603,0.0,0.9992133968658635,0.0,0.9992133968658635,0.0007866031341364765,0.0,0.0,0.0,True,0,long_only,1.351256026101964,1.578637856357338
2024-01-22,2.0773390417865434,-0.0261608577925887,0.0014942636975720815,0.0,0.9992806837653776,0.0,0.9992806837653776,0.0007193162346224025,0.0006406272041361977,0.0,0.5996143848911744,True,0,long_only,1.3325106299271101,1.55896620644608
2024-01-23,2.0904937872941605,0.006332498086736749,0.0014942636975720815,0.0,0.9992852101706047,0.0,0.9992852101706047,0.0007147898293953237,0.0,0.0,0.0,True,0,long_only,1.334365250593146,1.5666578445181358
2024-01-24,2.0885891535064687,-0.000911092775911504,0.0014942636975720815,0.0,0.9992845583368738,0.0,0.9992845583368738,0.0007154416631262039,0.0,0.0,0.0,True,0,long_only,1.3343472067827746,1.5652516398203702
2024-01-25,2.1264150871951712,0.018110758463529164,0.0014942636975720815,0.0,0.9992972850378224,0.0,0.9992972850378224,0.000702714962177553,0.0,0.0,0.0,True,0,long_only,1.3507992700394205,1.5741902844921702
2024-01-26,2.122395185191969,-0.0018904596884253833,0.0014942636975720815,0.0,0.999295954067368,0.0,0.999295954067368,0.0007040459326319581,0.0,0.0,0.0,True,0,long_only,1.353743949132022,1.5677966180774303
2024-01-29,2.092657901457011,-0.014011190725665146,0.0016161146641174274,0.0,0.999227721519608,0.0,0.999227721519608,0.0007722784803919636,0.0005053494327364298,0.0,0.47601008450900517,True,0,long_only,1.3440777737759044,1.5569470325947936
2024-01-30,2.0687980937632244,-0.01140167615412635,0.0016161146641174274,0.0,0.9992188146977757,0.0,0.9992188146977757,0.0007811853022242632,0.0,0.0,0.0,True,0,long_only,1.3352087102779666,1.549419261452045
2024-01-31,2.0519167144014396,-0.008159993675882049,0.0016161146641174274,0.0,0.9992123877870994,0.0,0.9992123877870994,0.0007876122129005791,0.0,0.0,0.0,True,0,long_only,1.3276947015589144,1.5454733019512534
2024-02-01,2.0568205236220436,0.0023898675741498288,0.0016161146641174274,0.0,0.9992142655882919,0.0,0.9992142655882919,0.00078573441170815,0.0,0.0,0.0,True,0,long_only,1.3282880244999566,1.5484747928796152
2024-02-02,2.0367445863814293,-0.009760665556399872,0.0016161146641174274,0.0,0.9992065207022405,0.0,0.9992065207022405,0.0007934792977595251,0.0,0.0,0.0,True,0,long_only,1.3237317854810304,1.5386384226176886
2024-02-05,2.0226989849512997,-0.006896103480055649,0.0013855358006902387,0.0,0.9993150064290344,0.0,0.9993150064290344,0.0006849935709656307,0.0006467914799639724,0.0,0.635932455814223,True,0,long_only,1.3121009575956306,1.5415726764332296
2024-02-06,2.0979078257415225,0.03718241881257156,0.0013855358006902387,0.0,0.999339563071509,0.0,0.999339563071509,0.0006604369284910483,0.0,0.0,0.0,True,0,long_only,1.3310717245000272,1.5761042678068544
2024-02-07,2.105467194099677,0.003603289079434635,0.0013855358006902387,0.0,0.9993419342725581,0.0,0.9993419342725581,0.00065806572744187,0.0,0.0,0.0,True,0,long_only,1.3333264931960684,1.5791084965639124
2024-02-08,2.1246951845000845,0.00913241035257717,0.0013855358006902387,0.0,0.9993478896122145,0.0,0.9993478896122145,0.0006521103877854539,0.0,0.0,0.0,True,0,long_only,1.3418608617016234,1.5833945568736114
2024-02-19,2.1385184776958046,0.0065060123901830025,0.0013310788107868867,0.0,0.9993775696470852,0.0,0.9993775696470852,0.0006224303529147601,0.0007987099716446395,0.0,0.7494183142215063,True,0,long_only,1.3467528571135423,1.5879071400518365
2024-02-20,2.1636105155903715,0.011733374369345073,0.0013310788107868867,0.0,0.9993847881579446,0.0,0.9993847881579446,0.0006152118420553743,0.0,0.0,0.0,True,0,long_only,1.356997142001957,1.5944105176215995
2024-02-21,2.178497630896059,0.006880681711618042,0.0013310788107868867,0.0,0.9993889923074007,0.0,0.9993889923074007,0.0006110076925992525,0.0,0.0,0.0,True,0,long_only,1.3651897395110624,1.595747146236449
2024-02-22,2.1865033546715353,0.0036748829385615522,0.0013310788107868867,0.0,0.9993912294678429,0.0,0.9993912294678429,0.0006087705321571324,0.0,0.0,0.0,True,0,long_only,1.368086301776006,1.5982203402176356
2024-02-23,2.1889486035132233,0.0011183375669026052,0.0013310788107868867,0.0,0.9993919095182726,0.0,0.9993919095182726,0.0006080904817273858,0.0,0.0,0.0,True,0,long_only,1.3702006117913117,1.5975387725535557
2024-02-26,2.1864419282804217,-0.001145150337828138,0.001766013640629598,0.0,0.9991922887967949,0.0,0.9991922887967949,0.0008077112032051081,0.0004219038253222747,0.0,0.38535713919573755,True,0,long_only,1.3669268985095813,1.599530984915428
2024-02-27,2.1932744797355697,0.003124963607207043,0.001766013640629598,0.0,0.9991948050018608,0.0,0.9991948050018608,0.000805194998139247,0.0,0.0,0.0,True,0,long_only,1.3704542865371239,1.6003995910564484
2024-02-28,2.1417675505170912,-0.023484032525052823,0.001766013640629598,0.0,0.9991754410322431,0.0,0.9991754410322431,0.0008245589677569054,0.0,0.0,0.0,True,0,long_only,1.3550890975052132,1.580536331124051
2024-02-29,2.169779355540421,0.013078825952221873,0.001766013640629598,0.0,0.9991860860708623,0.0,0.9991860860708623,0.0008139139291376551,0.0,0.0,0.0,True,0,long_only,1.3638909389645117,1.59087452929906
2024-03-01,2.177278699852954,0.0034562704697986835,0.001766013640629598,0.0,0.9991888894881722,0.0,0.9991888894881722,0.0008111105118278061,0.0,0.0,0.0,True,0,long_only,1.3672230292797973,1.5924824649858804
2024-03-04,2.1747554001324727,-0.0011589236236279055,0.001568431714140679,0.0,0.9992788008646649,0.0,0.9992788008646649,0.0007211991353350822,0.0006087986568342312,0.0,0.5587354075436518,True,0,long_only,1.364829217103834,1.5934267620290992
2024-03-05,2.1541982447511763,-0.00945262873242847,0.001568431714140679,0.0,0.9992719185813272,0.0,0.9992719185813272,0.0007280814186727547,0.0,0.0,0.0,True,0,long_only,1.3592239604819325,1.5848736539248278
2024-03-06,2.1619484276199774,0.0035977110684612956,0.001568431714140679,0.0,0.999274528617749,0.0,0.999274528617749,0.0007254713822509862,0.0,0.0,0.0,True,0,long_only,1.3603150803091082,1.589299757765467
2024-03-07,2.155158562856187,-0.0031406229108179584,0.001568431714140679,0.0,0.9992722430074648,0.0,0.9992722430074648,0.0007277569925352445,0.0,0.0,0.0,True,0,long_only,1.3586182545337728,1.5862870645704354
2024-03-08,2.1600035413373964,0.0022480844633483432,0.001568431714140679,0.0,0.9992738753969034,0.0,0.9992738753969034,0.0007261246030966229,0.0,0.0,0.0,True,0,long_only,1.3609593504794346,1.587118337205646
2024-03-11,2.1746905473422133,0.006799528669162891,0.0017661878123700707,0.0,0.9991878440753197,0.0,0.9991878440753197,0.0008121559246803134,0.00039273382649771953,0.0,0.36351026978235135,True,0,long_only,1.3662182367022426,1.5917592730949406
2024-03-12,2.1761889437666873,0.0006890159274868246,0.0017661878123700707,0.0,0.9991884032783875,0.0,0.9991884032783875,0.000811596721612462,0.0,0.0,0.0,True,0,long_only,1.3655074520936836,1.5936851464486808
2024-03-13,2.178778423726377,0.001189915042582701,0.0017661878123700707,0.0,0.9991893678617628,0.0,0.9991893678617628,0.0008106321382371773,0.0,0.0,0.0,True,0,long_only,1.3658453312878964,1.5951867856603805
2024-03-14,2.1716998331697543,-0.0032488804182834174,0.0017661878123700707,0.0,0.9991867256305894,0.0,0.9991867256305894,0.0008132743694105882,0.0,0.0,0.0,True,0,long_only,1.364264905779468,1.5918461465729496
2024-03-15,2.1812891991927637,0.004415603794108769,0.0017661878123700707,0.0,0.9991903009408272,0.0,0.9991903009408272,0.0008096990591728304,0.0,0.0,0.0,True,0,long_only,1.368710405334741,1.5936820460273282
2024-03-18,2.194993615726297,0.0062827141575745316,0.0015445254867225157,0.0,0.9992963416951846,0.0,0.9992963416951846,0.0007036583048154466,0.0006349869223911398,0.0,0.5821601770684344,True,0,long_only,1.3751371860288546,1.5961997377621924
2024-03-19,2.198449370849072,0.0015743804893171287,0.0015445254867225157,0.0,0.999297447779693,0.0,0.999297447779693,0.0007025522203070178,0.0,0.0,0.0,True,0,long_only,1.3764303257721513,1.5972107920651804
2024-03-20,2.209404039847165,0.004982907108687318,0.0015445254867225157,0.0,0.999300931174712,0.0,0.999300931174712,0.0006990688252880295,0.0,0.0,0.0,True,0,long_only,1.3813173679812232,1.5994905233662406
2024-03-21,2.2066218522941194,-0.0012592479704336412,0.0015445254867225157,0.0,0.9993000497637976,0.0,0.9993000497637976,0.0006999502362023957,0.0,0.0,0.0,True,0,long_only,1.3826975425745476,1.5958818066498084
2024-03-22,2.2009693569091224,-0.002561605822547497,0.0015445254867225157,0.0,0.999298252162451,0.0,0.999298252162451,0.0007017478375489494,0.0,0.0,0.0,True,0,long_only,1.3781487333598919,1.5970477667843692
2024-03-25,2.1991998197625366,-0.0008039808191925291,0.0015724531307205324,0.0,0.9992849885141903,0.0,0.9992849885141903,0.0007150114858096579,0.0006295378213081218,0.0,0.5713036387459451,True,0,long_only,1.374606485723808,1.5998759227478354
2024-03-26,2.186380269021121,-0.005829188701370391,0.0015724531307205324,0.0,0.9992807961391709,0.0,0.9992807961391709,0.0007192038608291318,0.0,0.0,0.0,True,0,long_only,1.3714392663032902,1.5942231805237002
2024-03-27,2.1505505999258956,-0.01638766577017603,0.0015724531307205324,0.0,0.9992688137025119,0.0,0.9992688137025119,0.00073118629748814,0.0,0.0,0.0,True,0,long_only,1.3636167438069045,1.5770931309643887
2024-03-28,2.1686691809644074,0.008425089388334417,0.0015724531307205324,0.0,0.9992749225448847,0.0,0.9992749225448847,0.0007250774551152972,0.0,0.0,0.0,True,0,long_only,1.3672934355202668,1.586103702852351
2024-03-29,2.180382806026485,0.005401296410210588,0.0015724531307205324,0.0,0.9992788178633704,0.0,0.9992788178633704,0.0007211821366296389,0.0,0.0,0.0,True,0,long_only,1.3713833658711587,1.5899148701146866
2024-04-01,2.203413795760225,0.010562819368270304,0.0018391847182818164,0.0,0.9991653021680172,0.0,0.9991653021680172,0.0008346978319827558,0.00034280076216742806,0.0,0.31393984814702947,True,0,long_only,1.379445057305019,1.5973189972966153
2024-04-02,2.1873251206769324,-0.007301703889777911,0.0018391847182818164,0.0,0.9991591626224671,0.0,0.9991591626224671,0.0008408373775329325,0.0,0.0,0.0,True,0,long_only,1.3800850818729051,1.5849204874445326
2024-04-03,2.187686207537122,0.00016508147635496684,0.0018391847182818164,0.0,0.9991593014062321,0.0,0.9991593014062321,0.0008406985937678968,0.0,0.0,0.0,True,0,long_only,1.3819159979253155,1.5830819028229772
2024-04-08,2.1766150610745894,-0.005060664744509502,0.001625203256868277,0.0,0.9992533345533013,0.0,0.9992533345533013,0.0007466654466986578,0.0005577338492554236,0.0,0.5105236432331759,True,0,long_only,1.3780015524752924,1.5795447089045396
2024-04-09,2.193836746937552,0.007912141274286855,0.001625203256868277,0.0,0.9992591958999971,0.0,0.9992591958999971,0.0007408041000028787,0.0,0.0,0.0,True,0,long_only,1.383392406173955,1.585838361658382
2024-04-10,2.1893616061882017,-0.00203986953705515,0.001625203256868277,0.0,0.9992576816674438,0.0,0.9992576816674438,0.0007423183325562244,0.0,0.0,0.0,True,0,long_only,1.3810672312374446,1.5852679411027084
2024-04-11,2.201018602542492,0.005324381464140826,0.001625203256868277,0.0,0.9992616131208565,0.0,0.9992616131208565,0.0007383868791435155,0.0,0.0,0.0,True,0,long_only,1.384373140337681,1.5899027064376674
2024-04-12,2.203778796964363,0.0012540532000424598,0.001625203256868277,0.0,0.9992625379375158,0.0,0.9992625379375158,0.000737462062484151,0.0,0.0,0.0,True,0,long_only,1.3865755466036243,1.5893679953915631
2024-04-15,2.1897165282918767,-0.006380980111005963,0.11174538837849607,0.0,0.9489681029783043,0.0,0.9489681029783043,0.05103189702169575,0.0005073242399551352,0.0,0.4605278731501731,True,0,long_only,1.380947292968504,1.5856626385680737
2024-04-16,2.1516936190120526,-0.017364306652735806,0.11174538837849607,0.0,0.9480663104676568,0.0,0.9480663104676568,0.05193368953234323,0.0,0.0,0.0,True,0,long_only,1.3706693970607695,1.5698122564245562
2024-04-17,2.1901529903553465,0.017873999812739294,0.11174538837849607,0.0,0.9489782728098981,0.0,0.9489782728098981,0.051021727190101895,0.0,0.0,0.0,True,0,long_only,1.3834613972136112,1.5830965683368319
2024-04-18,2.1891283875657583,-0.00046782247363530427,0.11174538837849607,0.0,0.9489543925275422,0.0,0.9489543925275422,0.05104560747245779,0.0,0.0,0.0,True,0,long_only,1.3866884088684974,1.5786736036483002
2024-04-19,2.177761174839252,-0.0051925747210956885,0.11174538837849607,0.0,0.9486879508783856,0.0,0.9486879508783856,0.051312049121614356,0.0,0.0,0.0,True,0,long_only,1.3839262906808318,1.5736106680709763
2024-04-22,2.1604018379561363,-0.007971184849687174,0.00144474051278946,0.0,0.9993312630606922,0.0,0.9993312630606922,0.0006687369393078013,0.0006721557003715738,0.0,0.6184076197995402,True,0,long_only,1.3786497144478558,1.5670418782347257
2024-04-23,2.1613260465337394,0.00042779475621879115,0.00144474051278946,0.0,0.999331549020516,0.0,0.999331549020516,0.000668450979483981,0.0,0.0,0.0,True,0,long_only,1.3773643583090331,1.5691752392861122
2024-04-24,2.1861681526620846,0.011493918822745863,0.10293750740709007,0.0,0.9529141858178916,0.0,0.9529141858178916,0.04708581418210844,5.0771769331816215e-05,0.0,0.046928936078756214,True,0,long_only,1.3810820908459858,1.582938600936416
2024-04-25,2.18378169966999,-0.0010916145627628548,0.20749901372432408,0.0,0.9049817965982216,0.0,0.9049817965982216,0.09501820340177836,5.230690661192297e-05,0.0,0.04783011834670076,True,0,long_only,1.3830205621602192,1.5789943833221223
2024-04-26,2.217949514851602,0.015646167923641485,0.20749901372432408,0.0,0.9064455649982605,0.0,0.9064455649982605,0.09355443500173954,0.0,0.0,0.0,True,0,long_only,1.3903997730017894,1.595188346487703
2024-04-29,2.226306261958741,0.0037677805789453345,0.0014689885153291251,0.0,0.999340167819482,0.0,0.999340167819482,0.0006598321805180163,0.0006428723918558985,0.0,0.5800353250733298,True,0,long_only,1.3936664102794527,1.5974455906649359
2024-04-30,2.2319218872620774,0.002522395682611922,0.2336895834260257,0.0,0.8952967015737745,0.0,0.8952967015737745,0.1047032984262255,0.00011616838164617137,0.0,0.10437910746635397,True,0,long_only,1.3969673661768423,1.5976907845530433
2024-05-06,2.260419214671403,0.012768066647835807,0.0013053693734657718,0.0,0.9994225100525631,0.0,0.9994225100525631,0.0005774899474368933,0.000819830321590722,0.0,0.7309774254488609,True,0,long_only,1.4093121628726313,1.603916629842988
2024-05-07,2.2673545788685048,0.0030681760941011493,0.28672618676580214,0.0,0.8735415318635829,0.0,0.8735415318635829,0.12645846813641715,0.00014278179959596615,0.0,0.12622351363536108,True,0,long_only,1.4146170431218763,1.6028045115763254
2024-05-08,2.253345542361154,-0.006178582140576094,0.28672618676580214,0.0,0.8727553402815629,0.0,0.8727553402815629,0.12724465971843713,0.0,0.0,0.0,True,0,long_only,1.4119635415966436,1.5958949901872668
2024-05-09,2.2729852339951213,0.008715792258557897,0.28672618676580214,0.0,0.8738547956768568,0.0,0.8738547956768568,0.12614520432314325,0.0,0.0,0.0,True,0,long_only,1.4231995284550891,1.597095269180205
2024-05-10,2.2748939865255178,0.000839755798607511,0.28672618676580214,0.0,0.8739606379619809,0.0,0.8739606379619809,0.12603936203801913,0.0,0.0,0.0,True,0,long_only,1.4239591374917122,1.597583755481016
2024-05-13,2.267236728556221,-0.0033659845314337744,0.0012746374575646478,0.0,0.999437801336971,0.0,0.999437801336971,0.0005621986630289788,0.0008496444458216047,0.0,0.7490120092582595,True,0,long_only,1.4220716134067635,1.594319658153327
2024-05-14,2.269387858572545,0.0009487893298611993,0.0012746374575646478,0.0,0.9994383342394516,0.0,0.9994383342394516,0.000561665760548391,0.0,0.0,0.0,True,0,long_only,1.4241215317850566,1.5935352481666325
2024-05-15,2.2635258745130695,-0.002583068397643884,0.0012746374575646478,0.0,0.9994368796611001,0.0,0.9994368796611001,0.0005631203388999362,0.0,0.0,0.0,True,0,long_only,1.4209132715409485,1.5930077646880774
2024-05-16,2.2673501755921794,0.0016895327427757234,0.0012746374575646478,0.0,0.9994378294666233,0.0,0.9994378294666233,0.0005621705333767046,0.0,0.0,0.0,True,0,long_only,1.4219909469603964,1.5944898808524741
2024-05-17,2.264227587122359,-0.001377197269056385,0.0012746374575646478,0.0,0.9994370541791762,0.0,0.9994370541791762,0.0005629458208238347,0.0,0.0,0.0,True,0,long_only,1.423662652921293,1.5904242360198633
2024-05-20,2.2763611953468885,0.00535882889756234,0.0016598169953716024,0.0,0.9992708463846754,0.0,0.9992708463846754,0.0007291536153245515,0.0006040644384866209,0.0,0.5332370433554731,True,0,long_only,1.429536443897548,1.5923771688817685
2024-05-21,2.271877667970346,-0.0019696027966507046,0.0016598169953716024,0.0,0.9992694074074621,0.0,0.9992694074074621,0.0007305925925379375,0.0,0.0,0.0,True,0,long_only,1.4269646702192924,1.5921050572479902
2024-05-22,2.2594338984201574,-0.005477306162046114,0.0016598169953716024,0.0,0.9992653836890151,0.0,0.9992653836890151,0.0007346163109849257,0.0,0.0,0.0,True,0,long_only,1.4286494667877134,1.581517335739777
2024-05-23,2.243778240105347,-0.0069290180720743555,0.0016598169953716024,0.0,0.9992602580033517,0.0,0.9992602580033517,0.0007397419966482799,0.0,0.0,0.0,True,0,long_only,1.4203882320391559,1.5796936284695244
2024-05-24,2.2339591171114077,-0.004376155726279807,0.0016598169953716024,0.0,0.9992570065483034,0.0,0.9992570065483034,0.0007429934516965941,0.0,0.0,0.0,True,0,long_only,1.418731031886597,1.5746177865305013
2024-05-27,2.242101770906155,0.0036449430664944327,0.0016269844931440893,0.0,0.9992743485089498,0.0,0.9992743485089498,0.0007256514910501943,0.0006050348759912118,0.0,0.5416690039241016,True,0,long_only,1.4232901013071504,1.575294993513274
2024-05-28,2.235118690869703,-0.003114524116195616,0.0016269844931440893,0.0,0.999272081388881,0.0,0.999272081388881,0.0007279186111189828,0.0,0.0,0.0,True,0,long_only,1.42187985369654,1.5719462407874625
2024-05-29,2.234386493749867,-0.0003275875786045157,0.0016269844931440893,0.0,0.9992718428536447,0.0,0.9992718428536447,0.0007281571463553238,0.0,0.0,0.0,True,0,long_only,1.420696392016286,1.5727403168658525
2024-05-30,2.235709556485937,0.0005921369198080839,0.0016269844931440893,0.0,0.9992722737672144,0.0,0.9992722737672144,0.0007277262327856082,0.0,0.0,0.0,True,0,long_only,1.4207607836532985,1.573600272620916
2024-05-31,2.237028961822357,0.0005901506001046997,0.0016269844931440893,0.0,0.999272702981986,0.0,0.999272702981986,0.0007272970180139948,0.0,0.0,0.0,True,0,long_only,1.4196448978118874,1.5757665633640578
2024-06-03,2.2162032803162868,-0.009309526993832473,0.0014883508114149281,0.0,0.9993284231529508,0.0,0.9993284231529508,0.0006715768470492156,0.0007480533479149946,0.0,0.6684013453057596,True,0,long_only,1.4075905710830603,1.5744658467064363
2024-06-04,2.2163246362301434,5.4758475873661894e-05,0.0014883508114149281,0.0,0.9993284599254618,0.0,0.9993284599254618,0.0006715400745381794,0.0,0.0,0.0,True,0,long_only,1.4107846793190337,1.5709871738187096
2024-06-05,2.211148329231529,-0.0023355364615803564,0.0014883508114149281,0.0,0.9993268878474868,0.0,0.9993268878474868,0.0006731121525132,0.0,0.0,0.0,True,0,long_only,1.4076712375294274,1.570784619505522
2024-06-06,2.201868229459481,-0.004196959403114042,0.0014883508114149281,0.0,0.9993240509166254,0.0,0.9993240509166254,0.0006759490833746495,0.0,0.0,0.0,True,0,long_only,1.4027636749085604,1.5696644194917655
2024-06-07,2.2041201666489876,0.0010227393080919356,0.0014883508114149281,0.0,0.9993247415300057,0.0,0.9993247415300057,0.0006752584699942776,0.0,0.0,0.0,True,0,long_only,1.4048114704856332,1.5689793349188978
2024-06-11,2.2170655679655034,0.005873273840689475,0.0018685926575334516,0.0,0.9991571775392966,0.0,0.9991571775392966,0.0008428224607034407,0.00033335441650234775,0.0,0.3025279906395486,True,0,long_only,1.4067326055899017,1.5760390845819596
2024-06-12,2.235004372594734,0.008091237755179392,0.0018685926575334516,0.0,0.9991639422810774,0.0,0.9991639422810774,0.0008360577189225893,0.0,0.0,0.0,True,0,long_only,1.410483949146174,1.5845656194440763
2024-06-13,2.2315114613125187,-0.0015628207823864537,0.0018685926575334516,0.0,0.999162633627508,0.0,0.999162633627508,0.0008373663724919878,0.0,0.0,0.0,True,0,long_only,1.4054564482563663,1.587748566724334
2024-06-14,2.2286074847751967,-0.0013013495954055099,0.0018685926575334516,0.0,0.9991615425011812,0.0,0.9991615425011812,0.0008384574988188342,0.0,0.0,0.0,True,0,long_only,1.4062517911135295,1.5847855262182395
2024-06-17,2.224294303532261,-0.0019353705272917576,0.0018951732534116617,0.0,0.9991479665031726,0.0,0.9991479665031726,0.0008520334968273868,0.0003278654758634023,0.0,0.29469934219342353,True,0,long_only,1.4020436914947139,1.5864657549729773
2024-06-18,2.2270060443682897,0.001219146599315879,0.0018951732534116617,0.0,0.9991490039920617,0.0,0.9991490039920617,0.0008509960079382539,0.0,0.0,0.0,True,0,long_only,1.4036563128216488,1.586575021268228
2024-06-19,2.21024856049262,-0.007524669238346604,0.0018951732534116617,0.0,0.999142551979317,0.0,0.999142551979317,0.0008574480206829938,0.0,0.0,0.0,True,0,long_only,1.397390511220066,1.5816971295753577
2024-06-20,2.169541855554819,-0.018417252097984838,0.0018951732534116617,0.0,0.9991264638437098,0.0,0.9991264638437098,0.0008735361562901556,0.0,0.0,0.0,True,0,long_only,1.3832597310976933,1.5684269604473828
2024-06-21,2.156826842192446,-0.005860690509297051,0.0018951732534116617,0.0,0.9991213141378167,0.0,0.9991213141378167,0.0008786858621833149,0.0,0.0,0.0,True,0,long_only,1.3752818903120307,1.568279824947811
2024-06-24,2.122040570134803,-0.01612844915370326,0.0016541796504713601,0.0,0.9992204768967416,0.0,0.9992204768967416,0.0007795231032583505,0.0004993701274938719,0.0,0.46332911343433375,True,0,long_only,1.3557514114859115,1.5652136167123987
2024-06-25,2.126013696064681,0.0018723138406468998,0.0016541796504713601,0.0,0.9992219336810795,0.0,0.9992219336810795,0.0007780663189205228,0.0,0.0,0.0,True,0,long_only,1.3613350862954077,1.5617122613435228
2024-06-26,2.1873716787983857,0.028860577355301453,0.0016541796504713601,0.0,0.9992437592264245,0.0,0.9992437592264245,0.0007562407735755006,0.0,0.0,0.0,True,0,long_only,1.3804095166593902,1.5845817146290435
2024-06-27,2.164249637367901,-0.010570696171391836,0.0016541796504713601,0.0,0.9992356798301312,0.0,0.9992356798301312,0.0007643201698688262,0.0,0.0,0.0,True,0,long_only,1.376698152526098,1.572058212903626
2024-06-28,2.1803028585969693,0.007417453583862921,0.0016541796504713601,0.0,0.9992413073972962,0.0,0.9992413073972962,0.000758692602703781,0.0,0.0,0.0,True,0,long_only,1.3816651535811304,1.578025509976751
2024-07-01,2.1883633020790905,0.0036969375379840574,0.0017129763582439828,0.0,0.9992172340138328,0.0,0.9992172340138328,0.000782765986167222,0.0004644600004567473,0.0,0.426236757466125,True,0,long_only,1.388584424158327,1.5759670524934337
2024-07-02,2.194940761213366,0.0030056522735628644,0.0017129763582439828,0.0,0.9992195796859241,0.0,0.9992195796859241,0.0007804203140758803,0.0,0.0,0.0,True,0,long_only,1.3892240949260097,1.5799760234724902
2024-07-03,2.1849920402018963,-0.004532569255294994,0.0017129763582439828,0.0,0.9992160262707017,0.0,0.9992160262707017,0.0007839737292982818,0.0,0.0,0.0,True,0,long_only,1.3821275704469276,1.5808902788151118
2024-07-04,2.166516194698591,-0.008455795336260286,0.0017129763582439828,0.0,0.9992093406167765,0.0,0.9992093406167765,0.0007906593832235354,0.0,0.0,0.0,True,0,long_only,1.3727359440486206,1.5782468610160147
2024-07-05,2.179699127430177,0.006084853076032237,0.0017129763582439828,0.0,0.9992141225655011,0.0,0.9992141225655011,0.0007858774344988717,0.0,0.0,0.0,True,0,long_only,1.375505492040557,1.5846531620870534
2024-07-08,2.1455804138663392,-0.015652946378917343,0.0018054574721958114,0.0,0.9991585225794719,0.0,0.9991585225794719,0.0008414774205280917,0.0003589091217644212,0.0,0.33135599815114597,True,0,long_only,1.3633839432730905,1.5737169448507815
2024-07-09,2.180878863105178,0.016451701838212873,0.0018054574721958114,0.0,0.9991721422483663,0.0,0.9991721422483663,0.0008278577516337426,0.0,0.0,0.0,True,0,long_only,1.3708926449890924,1.5908458412675561
2024-07-10,2.1873064043642043,0.0029472252529767484,0.0018054574721958114,0.0,0.999174574961883,0.0,0.999174574961883,0.0008254250381170003,0.0,0.0,0.0,True,0,long_only,1.367791586206604,1.5991518199277863
2024-07-11,2.208651928481089,0.009758817545769904,0.0018054574721958114,0.0,0.999182552284987,0.0,0.999182552284987,0.0008174477150130199,0.0,0.0,0.0,True,0,long_only,1.3763723025387995,1.6046907689199361
2024-07-12,2.189434883500635,-0.008700802843872979,0.0018054574721958114,0.0,0.9991753774063793,0.0,0.9991753774063793,0.0008246225936207052,0.0,0.0,0.0,True,0,long_only,1.3728544671167477,1.5948047924547017
2024-07-15,2.175413067571739,-0.006404308269025494,0.00199695234477588,0.0,0.9990820353272012,0.0,0.9990820353272012,0.00091796467279881,0.0001888196054317895,0.0,0.17261395447991018,True,0,long_only,1.3670050883545248,1.5913715948126437
2024-07-16,2.1719430131594777,-0.0015951243761420653,0.00199695234477588,0.0,0.9990805687199542,0.0,0.9990805687199542,0.0009194312800457904,0.0,0.0,0.0,True,0,long_only,1.3652870345669876,1.5908325195868631
2024-07-17,2.1136771816595092,-0.026826593122814102,0.00199695234477588,0.0,0.9990552235875453,0.0,0.9990552235875453,0.0009447764124547176,0.0,0.0,0.0,True,0,long_only,1.3559527238016258,1.5588133306989378
2024-07-18,2.1048700194259142,-0.0041667489766249455,0.00199695234477588,0.0,0.999051270469746,0.0,0.999051270469746,0.0009487295302540444,0.0,0.0,0.0,True,0,long_only,1.3548987529958032,1.5535256894818577
2024-07-19,2.1048364907956367,-1.5929073989395803e-05,0.00199695234477588,0.0,0.9990512553571224,0.0,0.9990512553571224,0.0009487446428776414,0.0,0.0,0.0,True,0,long_only,1.355912390578442,1.552339594667837
2024-07-22,2.0923142030201602,-0.005949292417836705,0.0019089675237848717,0.0,0.9990876286548983,0.0,0.9990876286548983,0.0009123713451016924,0.0001879408627334177,0.0,0.17908038462909281,True,0,long_only,1.348619860786696,1.5514484576844672
2024-07-23,2.057769614924769,-0.016510229699501,0.0019089675237848717,0.0,0.9990723123181822,0.0,0.9990723123181822,0.0009276876818178348,0.0,0.0,0.0,True,0,long_only,1.335236306693829,1.5411276675212646
2024-07-24,2.029919035328125,-0.013534352628519208,0.0019089675237848717,0.0,0.9990595844018595,0.0,0.9990595844018595,0.0009404155981405093,0.0,0.0,0.0,True,0,long_only,1.3213142686914416,1.5362878335813683
2024-07-25,2.0180870432294378,-0.0058288000125948924,0.0019089675237848717,0.0,0.9990540707695491,0.0,0.9990540707695491,0.0009459292304508926,0.0,0.0,0.0,True,0,long_only,1.3204534727966561,1.5283287785636457
2024-07-26,2.053678804027817,0.01763638536691836,0.0019089675237848717,0.0,0.999070464417298,0.0,0.999070464417298,0.0009295355827020346,0.0,0.0,0.0,True,0,long_only,1.3349794477461867,1.5383598657604751
2024-07-29,2.0507880151186453,-0.0014076149120796355,0.0015754113297428633,0.0,0.9992318019619149,0.0,0.9992318019619149,0.0007681980380851439,0.0004810106345365145,0.0,0.467362559084866,True,0,long_only,1.33433305477464,1.5369386284633486
2024-07-30,2.0480519195928393,-0.0013341678933342926,0.0015754113297428633,0.0,0.9992307756875344,0.0,0.9992307756875344,0.0007692243124656217,0.0,0.0,0.0,True,0,long_only,1.332212376355674,1.5373314014657153
2024-07-31,2.079176936286972,0.015197376783455896,0.0015754113297428633,0.0,0.9992422908785453,0.0,0.9992422908785453,0.000757709121454675,0.0,0.0,0.0,True,0,long_only,1.3465625126041323,1.5440626906106485
2024-08-01,2.0833049354861086,0.0019854006299766525,0.0015754113297428633,0.0,0.9992437922538809,0.0,0.9992437922538809,0.0007562077461190642,0.0,0.0,0.0,True,0,long_only,1.347300186028147,1.546281190406208
2024-08-02,2.0677326802616984,-0.00747478439625382,0.0015754113297428633,0.0,0.9992380971946803,0.0,0.9992380971946803,0.0007619028053197363,0.0,0.0,0.0,True,0,long_only,1.3434285504027308,1.5391460004641386
2024-08-05,2.038286011886814,-0.014241042208201438,0.0017358764049571404,0.0,0.9991483646579362,0.0,0.9991483646579362,0.0008516353420637834,0.00032339097300876314,0.0,0.3138065798957635,True,0,long_only,1.3326514424080491,1.5294967213660242
2024-08-06,2.0524176172173814,0.006933082623417297,0.0017358764049571404,0.0,0.9991542284618904,0.0,0.9991542284618904,0.0008457715381096076,0.0,0.0,0.0,True,0,long_only,1.334718696996307,1.5377154915385591
2024-08-07,2.0558483549838398,0.0016715593053180378,0.0017358764049571404,0.0,0.9991556398599396,0.0,0.9991556398599396,0.0008443601400603962,0.0,0.0,0.0,True,0,long_only,1.3359934391290287,1.5388162058071966
2024-08-08,2.0584434667165383,0.001262306982130923,0.0017358764049571404,0.0,0.9991567043579166,0.0,0.9991567043579166,0.0008432956420834081,0.0,0.0,0.0,True,0,long_only,1.3347066677893926,1.542244087328817
2024-08-09,2.048479959972702,-0.004840311091821703,0.0017358764049571404,0.0,0.9991526026913242,0.0,0.9991526026913242,0.0008473973086757791,0.0,0.0,0.0,True,0,long_only,1.3338458718946071,1.5357696141181756
2024-08-12,2.039703052185054,-0.004284595387384349,0.001872788509037606,0.0,0.9990818327662787,0.0,0.9990818327662787,0.0009181672337212898,0.00017281280116308292,0.0,0.16880436848835983,True,0,long_only,1.32950509719953,1.534182197933265
2024-08-13,2.0404700508519737,0.0003760344752625766,0.001872788509037606,0.0,0.9990821778990309,0.0,0.9990821778990309,0.0009178221009691345,0.0,0.0,0.0,True,0,long_only,1.3284521877943176,1.5359755282121579
2024-08-14,2.0260784621442793,-0.007053075197886782,0.001872788509037606,0.0,0.9990756584485601,0.0,0.9990756584485601,0.0009243415514399445,0.0,0.0,0.0,True,0,long_only,1.323544978973654,1.5307968329987596
2024-08-15,2.0115508249743974,-0.007170323085368802,0.001872788509037606,0.0,0.9990689827541089,0.0,0.9990689827541089,0.0009310172458910637,0.0,0.0,0.0,True,0,long_only,1.3182050725042758,1.5259771540348648
2024-08-16,1.9627348916068088,-0.024267810070476292,0.001872788509037606,0.0,0.9990458270665865,0.0,0.9990458270665865,0.0009541729334134885,0.0,0.0,0.0,True,0,long_only,1.3029148891154783,1.5064183455139335
2024-08-19,1.9625194063188542,-0.00010978828005558938,0.001695821786311737,0.0,0.9991358955326243,0.0,0.9991358955326243,0.0008641044673757259,0.00028268982593687063,0.0,0.28548223295623765,True,0,long_only,1.3083301550281732,1.5000184768168046
2024-08-20,1.9345062783753595,-0.014274064171441614,0.001695821786311737,0.0,0.9991233826401763,0.0,0.9991233826401763,0.0008766173598236948,0.0,0.0,0.0,True,0,long_only,1.2962599072901946,1.4923753079885085
2024-08-21,1.933518092994684,-0.000510820456734451,0.001695821786311737,0.0,0.9991229346172369,0.0,0.9991229346172369,0.0008770653827631092,0.0,0.0,0.0,True,0,long_only,1.2950520333959088,1.493004175225746
2024-08-22,1.9142030198226314,-0.009989600429410439,0.001695821786311737,0.0,0.9991140846771474,0.0,0.9991140846771474,0.0008859153228526484,0.0,0.0,0.0,True,0,long_only,1.2890713947582377,1.484947247767945
2024-08-23,1.9246331739927607,0.00544882338086361,0.001695821786311737,0.0,0.9991188857132741,0.0,0.9991188857132741,0.0008811142867258814,0.0,0.0,0.0,True,0,long_only,1.2898511704064528,1.4921358511356608
2024-08-26,1.9616386749707269,0.01922730080620827,0.0017620502615744407,0.0,0.9991017457577397,0.0,0.9991017457577397,0.0008982542422603101,0.0001636328080804898,0.0,0.1697881530989757,True,0,long_only,1.300172583739201,1.5087525298596882
2024-08-27,1.9614290866555588,-0.00010684348643941188,0.0017620502615744407,0.0,0.9991016497748696,0.0,0.9991016497748696,0.0008983502251304065,0.0,0.0,0.0,True,0,long_only,1.2963993045703202,1.512982211376345
2024-08-28,1.9636293419442765,0.0011217613237648472,0.0017620502615744407,0.0,0.9991026563802364,0.0,0.9991026563802364,0.0008973436197635687,0.0,0.0,0.0,True,0,long_only,1.2958742650685275,1.5152931074222986
2024-08-29,1.98674053713448,0.01176963222973626,0.0017620502615744407,0.0,0.999113094926771,0.0,0.999113094926771,0.0008869050732289718,0.0,0.0,0.0,True,0,long_only,1.3014989807016142,1.5265018003037272
2024-08-30,2.0239421778487325,0.018724961825115516,0.14005452451365674,0.0,0.9308011236454778,0.0,0.9308011236454778,0.06919887635452215,6.918082753981106e-05,0.0,0.06963870798864827,True,0,long_only,1.313627959273351,1.5407270860528122
2024-09-02,2.0035682197181917,-0.01006647242867209,0.0013468209248875356,0.0,0.9993277888361212,0.0,0.9993277888361212,0.0006722111638788331,0.0006043587900440034,0.0,0.5977292059511121,True,0,long_only,1.3060308075065081,1.5340895545514974
2024-09-03,2.0084838659515496,0.002453445899660567,0.22424139827943385,0.0,0.888352900373837,0.0,0.888352900373837,0.11164709962616304,0.00011150304019737183,0.0,0.11146890967788357,True,0,long_only,1.3078341271430562,1.5357328764153386
2024-09-04,2.0134175430988024,0.0024564186105202612,0.22424139827943385,0.0,0.8886264803601992,0.0,0.8886264803601992,0.1113735196398008,0.0,0.0,0.0,True,0,long_only,1.3084628301044348,1.5387655627467092
2024-09-05,2.037016262064513,0.011720727797668085,0.22424139827943385,0.0,0.8899167363287687,0.0,0.8899167363287687,0.11008326367123134,0.0,0.0,0.0,True,0,long_only,1.3167523688692615,1.547000263848977
2024-09-06,2.0341906361307593,-0.0013871396053019014,0.22424139827943385,0.0,0.8897638233622174,0.0,0.8897638233622174,0.11023617663778262,0.0,0.0,0.0,True,0,long_only,1.312987934705465,1.5492835709774269
2024-09-09,2.0193207252345395,-0.007309988863435035,0.001601785152470754,0.0,0.9992067703102069,0.0,0.9992067703102069,0.0007932296897931179,0.0003159808912074833,0.0,0.31118159567339865,True,0,long_only,1.306150038175042,1.5460097739276129
2024-09-10,2.004797635447352,-0.007192066919186613,0.001601785152470754,0.0,0.9992010240215027,0.0,0.9992010240215027,0.0007989759784973183,0.0,0.0,0.0,True,0,long_only,1.2998661927630877,1.542310775223573
2024-09-11,2.0003297219924288,-0.00222861069662339,0.001601785152470754,0.0,0.9991992394379486,0.0,0.9991992394379486,0.0008007605620513614,0.0,0.0,0.0,True,0,long_only,1.2961063580019347,1.5433376355595678
2024-09-12,1.9922521015360855,-0.004038144495647322,0.001601785152470754,0.0,0.9991959927404591,0.0,0.9991959927404591,0.0008040072595408843,0.0,0.0,0.0,True,0,long_only,1.2948376304726699,1.538611525221761
2024-09-13,1.9814682395990302,-0.005412900269368803,0.001601785152470754,0.0,0.9991916170441395,0.0,0.9991916170441395,0.0008083829558604982,0.0,0.0,0.0,True,0,long_only,1.2901030761512482,1.5358991666854442
2024-09-18,1.966894819355632,-0.007354859367489697,0.001756235435191622,0.0,0.9991071025161544,0.0,0.9991071025161544,0.0008928974838455783,0.0002226928525800847,0.0,0.22486066175971245,True,0,long_only,1.2853975334465022,1.5301840622658185
2024-09-19,1.982716748630501,0.008044115587254597,0.001756235435191622,0.0,0.9991142277703536,0.0,0.9991142277703536,0.0008857722296463644,0.0,0.0,0.0,True,0,long_only,1.2920648982789034,1.5345334056142081
2024-09-20,1.9704770817571144,-0.006173179745337154,0.001756235435191622,0.0,0.9991087257743564,0.0,0.9991087257743564,0.0008912742256436124,0.0,0.0,0.0,True,0,long_only,1.2885845656784083,1.529179484405594
2024-09-23,1.9724582535227253,0.0010054274591431156,0.001748105318092522,0.0,0.999113742805471,0.0,0.999113742805471,0.0008862571945289499,0.0002226954045379167,0.0,0.22578135695090043,True,0,long_only,1.28833549033524,1.5310128986739848
2024-09-24,2.0330341788062123,0.030710878253215945,0.001748105318092522,0.0,0.9991401495674219,0.0,0.9991401495674219,0.0008598504325780798,0.0,0.0,0.0,True,0,long_only,1.3136672310959245,1.547602110094622
2024-09-25,2.0497943670287095,0.008243928408689483,0.001748105318092522,0.0,0.9991471801531846,0.0,0.9991471801531846,0.0008528198468154002,0.0,0.0,0.0,True,0,long_only,1.3195852470976,1.5533625974806775
2024-09-26,2.0963891127887364,0.022731424434329295,0.001748105318092522,0.0,0.9991661350903663,0.0,0.9991661350903663,0.0008338649096336637,0.0,0.0,0.0,True,0,long_only,1.340057188264872,1.5644027218742622
2024-09-27,2.1553698724377446,0.028134452372989394,0.001748105318092522,0.0,0.9991889534411486,0.0,0.9991889534411486,0.000811046558851447,0.0,0.0,0.0,True,0,long_only,1.3558713497548518,1.5896566240059915
2024-09-30,2.2527897057739645,0.04519866152997554,0.0016937977979008282,0.0,0.9992481331952293,0.0,0.9992481331952293,0.0007518668047706845,0.0004969544088995865,0.0,0.4532763309668167,True,0,long_only,1.3896192897531678,1.6211560406405396
2024-10-08,2.386376686038054,0.05929846888136181,0.1349040083740872,0.0,0.9434691056263798,0.0,0.9434691056263798,0.056530894373620244,0.0006183855514688076,0.0,0.501846517963211,True,0,long_only,1.4209596193675893,1.6794120350162607
2024-10-09,2.2906001916506518,-0.04013469245981183,0.1349040083740872,0.0,0.9411053885065501,0.0,0.9411053885065501,0.05889461149344988,0.0,0.0,0.0,True,0,long_only,1.3677204723657275,1.674757553119485
2024-10-10,2.2827424997021333,-0.0034304074439355237,0.1349040083740872,0.0,0.9409026605533957,0.0,0.9409026605533957,0.059097339446604336,0.0,0.0,0.0,True,0,long_only,1.3712333545849322,1.6647367073368136
2024-10-11,2.229474102698974,-0.0233352631801923,0.1349040083740872,0.0,0.9394906591600352,0.0,0.9394906591600352,0.06050934083996484,0.0,0.0,0.0,True,0,long_only,1.355148182139175,1.6451884244715054
2024-10-14,2.2679417728241846,0.017254145306573543,0.0015984153584653249,0.0,0.999295213229185,0.0,0.999295213229185,0.0007047867708149802,0.0005558607657392526,0.0,0.5001434665717607,True,0,long_only,1.3758932570634441,1.6483413674579896
2024-10-15,2.2552285122863367,-0.0056056379798571365,0.0015984153584653249,0.0,0.9992912401782094,0.0,0.9992912401782094,0.0007087598217906388,0.0,0.0,0.0,True,0,long_only,1.3732156971243827,1.6422973586807632
2024-10-16,2.2673802060549177,0.005388231703518764,0.0015984153584653249,0.0,0.9992950386731804,0.0,0.9992950386731804,0.0007049613268196309,0.0,0.0,0.0,True,0,long_only,1.3808188634946827,1.6420547734381736
2024-10-17,2.2669120405417607,-0.0002064786099422733,0.0015984153584653249,0.0,0.9992948930836844,0.0,0.9992948930836844,0.0007051069163156454,0.0,0.0,0.0,True,0,long_only,1.3800114914306052,1.6426762056827073
2024-10-18,2.3159690038872576,0.02164043530060078,0.0015984153584653249,0.0,0.999309828691238,0.0,0.999309828691238,0.0006901713087620331,0.0,0.0,0.0,True,0,long_only,1.3945059781620361,1.6607809791821135
2024-10-21,2.3446848859875775,0.012399078766650806,0.002060510001141156,0.0,0.9991211996062007,0.0,0.9991211996062007,0.0008788003937992839,0.0002657304432912359,0.0,0.22827087610149616,True,0,long_only,1.4041013934774809,1.6698828851530385
2024-10-22,2.339534100844919,-0.0021967920608183533,0.002060510001141156,0.0,0.9991192648141367,0.0,0.9991192648141367,0.0008807351858632906,0.0,0.0,0.0,True,0,long_only,1.4067538336021037,1.6630728454134425
2024-10-23,2.3533153380431897,0.005890590435631227,0.002060510001141156,0.0,0.9991244224826858,0.0,0.9991244224826858,0.0008755775173141522,0.0,0.0,0.0,True,0,long_only,1.4121177984853106,1.666514890306915
2024-10-24,2.3267144468836767,-0.01130358126235309,0.002060510001141156,0.0,0.9991144121686695,0.0,0.9991144121686695,0.0008855878313305254,0.0,0.0,0.0,True,0,long_only,1.4029165165964137,1.6584838936307271
2024-10-25,2.3503960180199766,0.010178116686393679,0.002060510001141156,0.0,0.9991233349676635,0.0,0.9991233349676635,0.000876665032336521,0.0,0.0,0.0,True,0,long_only,1.4154396285946986,1.6605413403279783
2024-10-28,2.3751314148037532,0.010523927284651569,0.0020757557558747797,0.0,0.9991260459345799,0.0,0.9991260459345799,0.0008739540654201239,0.000270473259141956,0.0,0.23034366322339658,True,0,long_only,1.4200121424229795,1.6726134543828937
2024-10-29,2.3531375924736966,-0.009260044388690769,0.12932458626392906,0.0,0.9450416385860468,0.0,0.9450416385860468,0.05495836141395316,6.3656243375715e-05,0.0,0.05360547099137703,True,0,long_only,1.4095990948375596,1.6693665603870647
2024-10-30,2.339719166216356,-0.00570235514500228,0.12932458626392906,0.0,0.9447264491690837,0.0,0.9447264491690837,0.05527355083091634,0.0,0.0,0.0,True,0,long_only,1.405285916558345,1.6649417308233694
2024-10-31,2.3530423331319485,0.005694344478588853,0.12932458626392906,0.0,0.9450394136803331,0.0,0.9450394136803331,0.05496058631966694,0.0,0.0,0.0,True,0,long_only,1.4107875097206606,1.6678928023667128
2024-11-01,2.3401366312846084,-0.005484687489732631,0.2515668096601255,0.0,0.892499093302074,0.0,0.892499093302074,0.107500906697926,6.115168754186918e-05,0.0,0.05195932022352557,True,0,long_only,1.4077784389910468,1.6622904332600672
2024-11-04,2.351013894051547,0.004648131490069263,0.0014839606763291085,0.0,0.9993687996995323,0.0,0.9993687996995323,0.0006312003004677047,0.00072329775371603,0.0,0.6197537941345627,True,0,long_only,1.4164851081956402,1.6597519313466957
2024-11-05,2.3797912130298995,0.012240386605610443,0.0014839606763291085,0.0,0.9993764324079338,0.0,0.9993764324079338,0.0006235675920661654,0.0,0.0,0.0,True,0,long_only,1.4293400847846807,1.664958002901316
2024-11-06,2.3759584807748007,-0.001610532988824298,0.0014839606763291085,0.0,0.9993754265117271,0.0,0.9993754265117271,0.0006245734882729392,0.0,0.0,0.0,True,0,long_only,1.4287563144491295,1.6629557166232884
2024-11-07,2.3947318754407805,0.00790139845367066,0.0014839606763291085,0.0,0.9993803228279758,0.0,0.9993803228279758,0.0006196771720241578,0.0,0.0,0.0,True,0,long_only,1.4403418559084988,1.662613542484536
2024-11-08,2.3902906748844797,-0.0018545711116337849,0.0014839606763291085,0.0,0.9993791714572953,0.0,0.9993791714572953,0.0006208285427047322,0.0,0.0,0.0,True,0,long_only,1.4381702302602484,1.6620359847470474
2024-11-11,2.4226210070255374,0.013525690611925434,0.0020608898144288267,0.0,0.9991493139833046,0.0,0.9991493139833046,0.0008506860166953567,0.0003250447895859102,0.0,0.2722466889874952,True,0,long_only,1.4523901680338684,1.6680235520356703
2024-11-12,2.4041886152229717,-0.007608450413462253,0.11355450100177177,0.0,0.9527680564316955,0.0,0.9527680564316955,0.04723194356830451,5.577469294014155e-05,0.0,0.04594977700570318,True,0,long_only,1.4464070527947739,1.6621798203884273
2024-11-13,2.407407662905964,0.0013389330864514992,0.11355450100177177,0.0,0.9528312122822187,0.0,0.9528312122822187,0.047168787717781324,0.0,0.0,0.0,True,0,long_only,1.446473213432803,1.6643292392485094
2024-11-14,2.3744137770036495,-0.013705151151046757,0.11355450100177177,0.0,0.9521757740367097,0.0,0.9521757740367097,0.04782422596329028,0.0,0.0,0.0,True,0,long_only,1.433258422036941,1.6566543342750026
2024-11-15,2.347298947902249,-0.011419588853471718,0.11355450100177177,0.0,0.9516233323824159,0.0,0.9516233323824159,0.04837666761758408,0.0,0.0,0.0,True,0,long_only,1.4250711315308864,1.6471451115430686
2024-11-18,2.322936406217861,-0.010378968433552349,0.001881105691783835,0.0,0.9991902035343073,0.0,0.9991902035343073,0.0008097964656926804,0.00040742750405233256,0.0,0.3472707159499438,True,0,long_only,1.4161500594030543,1.6403179809892758
2024-11-19,2.351017614211367,0.012088668427745253,0.001881105691783835,0.0,0.9991998759684261,0.0,0.9991998759684261,0.0008001240315739233,0.0,0.0,0.0,True,0,long_only,1.4252034528069448,1.6496014022285919
2024-11-20,2.3651814130146653,0.006024539636658277,0.001881105691783835,0.0,0.9992046674807129,0.0,0.9992046674807129,0.0007953325192870953,0.0,0.0,0.0,True,0,long_only,1.4337855843399538,1.649606076980807
2024-11-21,2.3626894015126694,-0.0010536238312559565,0.001881105691783835,0.0,0.9992038286155684,0.0,0.9992038286155684,0.0007961713844315543,0.0,0.0,0.0,True,0,long_only,1.435767573079201,1.6455932323680755
2024-11-22,2.335832341864944,-0.011367156271378964,0.001881105691783835,0.0,0.9991946743530907,0.0,0.9991946743530907,0.0008053256469092718,0.0,0.0,0.0,True,0,long_only,1.4236852961343083,1.6406942940320886
2024-11-25,2.3324446291701184,-0.0014503235673674064,0.001991924491578372,0.0,0.9991459928065743,0.0,0.9991459928065743,0.0008540071934256543,0.0003437466468943501,0.0,0.2940796109647279,True,0,long_only,1.4235282088440144,1.6384955455601373
2024-11-26,2.326648938819577,-0.0024848136920633257,0.001991924491578372,0.0,0.9991438654717764,0.0,0.9991438654717764,0.0008561345282236399,0.0,0.0,0.0,True,0,long_only,1.4217004769934343,1.6365253979093388
2024-11-27,2.3458597991124677,0.008256879657417171,0.001991924491578372,0.0,0.9991508765816559,0.0,0.9991508765816559,0.0008491234183440888,0.0,0.0,0.0,True,0,long_only,1.432123430984548,1.6380290611541417
2024-11-28,2.352433707410409,0.0028023449229270803,0.001991924491578372,0.0,0.9991532494687083,0.0,0.9991532494687083,0.0008467505312916845,0.0,0.0,0.0,True,0,long_only,1.4352046769556484,1.6390928382426846
2024-11-29,2.369512250603177,0.007259946641203552,0.001991924491578372,0.0,0.9991593525245244,0.0,0.9991593525245244,0.000840647475475631,0.0,0.0,0.0,True,0,long_only,1.4451061294470033,1.6396804375260072
2024-12-02,2.378743830725618,0.0038959832852061282,0.002019238549631512,0.0,0.9991511324071346,0.0,0.9991511324071346,0.0008488675928653988,0.00034917537303506173,0.0,0.29458891695715367,True,0,long_only,1.4520781162545013,1.6381651951765266
2024-12-03,2.3805903637628663,0.0007762639311543751,0.002019238549631512,0.0,0.9991517908413106,0.0,0.9991517908413106,0.0008482091586894391,0.0,0.0,0.0,True,0,long_only,1.4538924036973535,1.6373910185573932
2024-12-04,2.364391487200377,-0.006804562771095424,0.002019238549631512,0.0,0.9991459796059313,0.0,0.9991459796059313,0.0008540203940686775,0.0,0.0,0.0,True,0,long_only,1.4467074291674302,1.6343259456136665
2024-12-05,2.3849595500873537,0.008699093613862896,0.002019238549631512,0.0,0.9991533447393027,0.0,0.9991533447393027,0.000846655260697271,0.0,0.0,0.0,True,0,long_only,1.452305255985061,1.6421888857447515
2024-12-06,2.4004534573758716,0.006496507367578008,0.002019238549631512,0.0,0.999158809539328,0.0,0.999158809539328,0.0008411904606719922,0.0,0.0,0.0,True,0,long_only,1.459926819965936,1.6442286178644765
2024-12-09,2.3957149244752154,-0.00197401573694167,0.0020410199863408656,0.0,0.9991480539001159,0.0,0.9991480539001159,0.0008519460998841488,0.0003612553096531691,0.0,0.3004844292732995,True,0,long_only,1.4616144469359842,1.6390881531702204
2024-12-10,2.413740641231016,0.007524149293242521,0.0020410199863408656,0.0,0.9991544161988755,0.0,0.9991544161988755,0.0008455838011245387,0.0,0.0,0.0,True,0,long_only,1.4715169608279492,1.6403077269819062
2024-12-11,2.4466418820540836,0.013630810312033947,0.0020410199863408656,0.0,0.9991657871953752,0.0,0.9991657871953752,0.0008342128046248121,0.0,0.0,0.0,True,0,long_only,1.4837881670814383,1.6489158872769192
2024-12-12,2.464811995770366,0.007426552226363237,0.0020410199863408656,0.0,0.9991719368496084,0.0,0.9991719368496084,0.0008280631503916336,0.0,0.0,0.0,True,0,long_only,1.4942238578798737,1.6495600594061197
2024-12-13,2.435823216057582,-0.011761051050761084,0.0020410199863408656,0.0,0.9991620820538675,0.0,0.9991620820538675,0.000837917946132527,0.0,0.0,0.0,True,0,long_only,1.4858409158613584,1.639356670054754
2024-12-16,2.4016769496351955,-0.014018368080772725,0.002069572742707576,0.0,0.9991382801325458,0.0,0.9991382801325458,0.0008617198674542026,0.0003650423113797506,0.0,0.2996014372743463,True,0,long_only,1.4734331427293703,1.6299870553925218
2024-12-17,2.383820034237873,-0.0074351862351991205,0.002069572742707576,0.0,0.9991318250904082,0.0,0.9991318250904082,0.0008681749095917901,0.0,0.0,0.0,True,0,long_only,1.463282614894847,1.6290906554706637
2024-12-18,2.3996930219320407,0.006658635075714736,0.002069572742707576,0.0,0.9991375677122896,0.0,0.9991375677122896,0.0008624322877104351,0.0,0.0,0.0,True,0,long_only,1.4696779073708612,1.6328019968844083
2024-12-19,2.3954767857638197,-0.0017569898023149788,0.002069572742707576,0.0,0.9991360497605292,0.0,0.9991360497605292,0.0008639502394708343,0.0,0.0,0.0,True,0,long_only,1.4673619312396382,1.632505747058671
2024-12-20,2.4124519319710847,0.0070863330039963035,0.002069572742707576,0.0,0.9991421289206718,0.0,0.9991421289206718,0.0008578710793282207,0.0,0.0,0.0,True,0,long_only,1.473974457040518,1.6366986011513827
2024-12-23,2.392360978849166,-0.008328022148612724,0.0022832716952317345,0.0,0.9990455990064133,0.0,0.9990455990064133,0.0009544009935866793,0.00012815056259995376,0.0,0.10618762900234907,True,0,long_only,1.4662640892085985,1.6316030628155254
2024-12-24,2.4058942442191444,0.005656865953602264,0.0022832716952317345,0.0,0.9990509675557362,0.0,0.9990509675557362,0.0009490324442638087,0.0,0.0,0.0,True,0,long_only,1.4724941569896415,1.6338905202433813
2024-12-25,2.4037514798265742,-0.0008906311645737741,0.0022832716952317345,0.0,0.9990501215643989,0.0,0.9990501215643989,0.0009498784356011258,0.0,0.0,0.0,True,0,long_only,1.4688118044730252,1.6365278877160054
2024-12-26,2.4387671096890378,0.014567075738208146,0.0022832716952317345,0.0,0.9990637598456367,0.0,0.9990637598456367,0.0009362401543633325,0.0,0.0,0.0,True,0,long_only,1.4727319107263024,1.6559477607070516
2024-12-27,2.433210295902208,-0.0022785340038222746,0.0022832716952317345,0.0,0.9990616217188145,0.0,0.9990616217188145,0.0009383782811854813,0.0,0.0,0.0,True,0,long_only,1.4762387783420499,1.648249816764009
2024-12-30,2.438710751738372,0.0022605756047584524,0.0020643247017051915,0.0,0.9991535180216704,0.0,0.9991535180216704,0.000846481978329594,0.000368585812298539,0.0,0.3027064953126396,True,0,long_only,1.4775977249231722,1.6504564879897692
2024-12-31,2.4020810780756525,-0.015020097662918341,0.0020643247017051915,0.0,0.9991406098984141,0.0,0.9991406098984141,0.0008593901015858663,0.0,0.0,0.0,True,0,long_only,1.4667045704617871,1.6377402282992581
2025-01-02,2.37565322914509,-0.011002063657124639,0.0020643247017051915,0.0,0.9991310496513636,0.0,0.9991310496513636,0.0008689503486364325,0.0,0.0,0.0,True,0,long_only,1.456047400736046,1.6315768483527213
2025-01-03,2.3644761254393805,-0.004704854887315202,0.0020643247017051915,0.0,0.9991269420403551,0.0,0.9991269420403551,0.000873057959644874,0.0,0.0,0.0,True,0,long_only,1.4511493907206698,1.6293816064417284
2025-01-06,2.364391603763447,-3.5746470443798195e-05,0.001904412009258318,0.0,0.9991945445897258,0.0,0.9991945445897258,0.000805455410274214,0.0004599185133671193,0.0,0.38868353863745125,True,0,long_only,1.4475059562264236,1.6334244384923287
2025-01-07,2.402752486972625,0.016224420332113354,0.001904412009258318,0.0,0.9992074040003772,0.0,0.9992074040003772,0.0007925959996227805,0.0,0.0,0.0,True,0,long_only,1.4589121209826872,1.646948059732474
2025-01-08,2.4005198418521645,-0.0009292031254012345,0.001904412009258318,0.0,0.9992066668327186,0.0,0.9992066668327186,0.0007933331672813626,0.0,0.0,0.0,True,0,long_only,1.4581595879501312,1.6462668844270987
2025-01-09,2.4110148964524107,0.0043719924398328835,0.001904412009258318,0.0,0.9992101201813143,0.0,0.9992101201813143,0.0007898798186857237,0.0,0.0,0.0,True,0,long_only,1.4616933443813342,1.649466973165209
2025-01-10,2.400311577677426,-0.0044393416194703494,0.001904412009258318,0.0,0.9992065979987894,0.0,0.9992065979987894,0.0007934020012105858,0.0,0.0,0.0,True,0,long_only,1.457644808654236,1.6467053999893864
2025-01-13,2.3972462404168193,-0.0012770580657588404,0.001923042558248766,0.0,0.9991978118368373,0.0,0.9991978118368373,0.000802188163162687,0.0004693373313235703,0.0,0.39200817477190175,True,0,long_only,1.4553981773628724,1.6471411588274356
2025-01-14,2.4454365089478443,0.020102343980585857,0.001923042558248766,0.0,0.9992136199197108,0.0,0.9992136199197108,0.0007863800802891951,0.0,0.0,0.0,True,0,long_only,1.470621492513234,1.6628592206745803
2025-01-15,2.438108699059242,-0.002996524285864388,0.001923042558248766,0.0,0.9992112564304493,0.0,0.9992112564304493,0.0007887435695507206,0.0,0.0,0.0,True,0,long_only,1.4737869429327348,1.6543155784835313
2025-01-16,2.433559772718316,-0.0018657602684744035,0.001923042558248766,0.0,0.9992097820732381,0.0,0.9992097820732381,0.0007902179267619269,0.0,0.0,0.0,True,0,long_only,1.4721088685681776,1.6531112777584702
2025-01-17,2.4519117891757776,0.007541222805866221,0.001923042558248766,0.0,0.9992156966793266,0.0,0.9992156966793266,0.000784303320673363,0.0,0.0,0.0,True,0,long_only,1.4767355138275733,1.6603594660093397
2025-01-20,2.4794694793817165,0.011239266570516548,0.0019764072402360033,0.0,0.9992028910794543,0.0,0.9992028910794543,0.0007971089205457416,0.000478410739321297,0.0,0.3894256360517084,True,0,long_only,1.4830628766645415,1.6718572883154672
2025-01-21,2.5123824933229897,0.013274216204298916,0.0019764072402360033,0.0,0.9992133334611714,0.0,0.9992133334611714,0.0007866665388286398,0.0,0.0,0.0,True,0,long_only,1.4873923297531113,1.6891188982667498
2025-01-22,2.515462671367171,0.001225998848649601,0.0019764072402360033,0.0,0.9992142967324726,0.0,0.9992142967324726,0.0007857032675273601,0.0,0.0,0.0,True,0,long_only,1.4850618478135502,1.6938437110014477
2025-01-23,2.494095210852758,-0.008494445478214874,0.0019764072402360033,0.0,0.9992075654403103,0.0,0.9992075654403103,0.000792434559689692,0.0,0.0,0.0,True,0,long_only,1.484825863077906,1.6797223653437248
2025-01-24,2.5293424213742854,0.014132263422885094,0.0019764072402360033,0.0,0.9992186082740184,0.0,0.9992186082740184,0.0007813917259815728,0.0,0.0,0.0,True,0,long_only,1.4923830354217689,1.694834611048401
2025-01-27,2.5071907305212515,-0.00875788531668964,0.0019090346318296069,0.0,0.9992385762245408,0.0,0.9992385762245408,0.0007614237754591802,0.0006193436728697565,0.0,0.48947772070287854,True,0,long_only,1.4863150081338667,1.6868501742905353
2025-02-05,2.5240621144533777,0.006729198431831618,0.002157833052997288,0.0,0.9991450951065581,0.0,0.9991450951065581,0.0008549048934418657,0.0003582704621272363,0.0,0.2845317665843551,True,0,long_only,1.4907576772875129,1.6931404432181087
2025-02-06,2.564761276578823,0.016124469319670043,0.002157833052997288,0.0,0.9991586612474609,0.0,0.9991586612474609,0.0008413387525391114,0.0,0.0,0.0,True,0,long_only,1.5024656336172464,1.7070349026247322
2025-02-07,2.5773990230510746,0.004927455271435566,0.002157833052997288,0.0,0.9991627865791448,0.0,0.9991627865791448,0.0008372134208551874,0.0,0.0,0.0,True,0,long_only,1.5106362955137427,1.7061678120043735
2025-02-10,2.5784053188680405,0.00039043074353872775,0.001805564822621178,0.0,0.9992997358447065,0.0,0.9992997358447065,0.0007002641552934508,0.0007724118064211279,0.0,0.5986888931137226,True,0,long_only,1.5136959596724378,1.7033838944949056
2025-02-11,2.573011617608711,-0.0020918748576338464,0.001805564822621178,0.0,0.9992982679089886,0.0,0.9992982679089886,0.0007017320910114311,0.0,0.0,0.0,True,0,long_only,1.5092628431242823,1.7048134652824238
2025-02-12,2.5978362348554453,0.009648078180776176,0.001805564822621178,0.0,0.9993049735782434,0.0,0.9993049735782434,0.0006950264217565616,0.0,0.0,0.0,True,0,long_only,1.5160352866170828,1.713572406782377
2025-02-13,2.568591906394306,-0.011257187065437435,0.001805564822621178,0.0,0.9992970604563043,0.0,0.9992970604563043,0.0007029395436957131,0.0,0.0,0.0,True,0,long_only,1.5130789321177702,1.697592803568545
2025-02-14,2.5856467168639963,0.006639750918483234,0.001805564822621178,0.0,0.9993016970141957,0.0,0.9993016970141957,0.000698302985804311,0.0,0.0,0.0,True,0,long_only,1.5144895335285837,1.707272754034649
2025-02-17,2.6250604072577195,0.015243262018999282,0.0020191768665331184,0.0,0.9992308074660108,0.0,0.9992308074660108,0.0007691925339892158,0.0005951598609593846,0.0,0.45492011734588683,True,0,long_only,1.5156910390192093,1.7319231556296417
2025-02-18,2.5787450383296204,-0.017643544049518733,0.0020191768665331184,0.0,0.9992169924375923,0.0,0.9992169924375923,0.0007830075624076782,0.0,0.0,0.0,True,0,long_only,1.5070982934800992,1.711066258574907
2025-02-19,2.631465471319723,0.020444220815351688,0.0020191768665331184,0.0,0.9992326797031768,0.0,0.9992326797031768,0.0007673202968232484,0.0,0.0,0.0,True,0,long_only,1.5213621024789363,1.7296772852642794
2025-02-20,2.638362608305772,0.0026210250756546483,0.0020191768665331184,0.0,0.9992346856113801,0.0,0.9992346856113801,0.000765314388619931,0.0,0.0,0.0,True,0,long_only,1.5250016451709456,1.730071975109262
2025-02-21,2.6828790517538748,0.016872754074046536,0.0020191768665331184,0.0,0.999247384310816,0.0,0.999247384310816,0.0007526156891840552,0.0,0.0,0.0,True,0,long_only,1.5345231162438873,1.7483471075501709
2025-02-24,2.6847512208297784,0.0006978209005283897,0.0016710776982641255,0.0,0.9993775670217415,0.0,0.9993775670217415,0.0006224329782584803,0.0010131902538281282,0.0,0.75424911344515,True,0,long_only,1.5327006913963575,1.7516474259458006
2025-02-25,2.6814985602605486,-0.001211531461087989,0.0016710776982641255,0.0,0.9993768120098853,0.0,0.9993768120098853,0.0006231879901147375,0.0,0.0,0.0,True,0,long_only,1.5331139300338872,1.749053679396989
2025-02-26,2.7208834247485068,0.014687632158986164,0.0016710776982641255,0.0,0.9993858326736587,0.0,0.9993858326736587,0.0006141673263413416,0.0,0.0,0.0,True,0,long_only,1.545583972001667,1.7604241982560958
2025-02-27,2.6941494470151017,-0.009825477082273881,0.0016710776982641255,0.0,0.9993797383066052,0.0,0.9993797383066052,0.0006202616933947969,0.0,0.0,0.0,True,0,long_only,1.5414625534326758,1.7477878012771135
2025-02-28,2.6433976395374112,-0.018837784791010392,0.0016710776982641255,0.0,0.9993678296169786,0.0,0.9993678296169786,0.0006321703830214354,0.0,0.0,0.0,True,0,long_only,1.520896501411309,1.7380522850072195
2025-03-03,2.634942667307145,-0.0031985245442472943,0.001793560237148631,0.0,0.9993193171679209,0.0,0.9993193171679209,0.0006806828320791158,0.000849276241254435,0.0,0.6421764453995177,True,0,long_only,1.5137228484878933,1.7407035045677448
2025-03-04,2.6530738965407794,0.0068810716296017205,0.001793560237148631,0.0,0.9993239689857537,0.0,0.9993239689857537,0.0006760310142462922,0.0,0.0,0.0,True,0,long_only,1.519739928546511,1.745742048824233
2025-03-05,2.673405812541972,0.007663531734906748,0.001793560237148631,0.0,0.9993291103697259,0.0,0.9993291103697259,0.000670889630274063,0.0,0.0,0.0,True,0,long_only,1.5254948426544357,1.7524843334705185
2025-03-06,2.7204031837345095,0.017579587420680554,0.001793560237148631,0.0,0.99934070058149,0.0,0.99934070058149,0.000659299418509951,0.0,0.0,0.0,True,0,long_only,1.5399316599527182,1.7665739684954826
2025-03-07,2.7250962837626473,0.0017251487045002456,0.001793560237148631,0.0,0.9993418360122409,0.0,0.9993418360122409,0.0006581639877590861,0.0,0.0,0.0,True,0,long_only,1.5420388939639562,1.7672033399608558
2025-03-10,2.7286628360563827,0.0013087802860349829,0.006924083229805226,0.0,0.9974624628817049,0.0,0.9974624628817049,0.0025375371182950746,0.0004560218916708213,0.0,0.3323158308195909,True,0,long_only,1.544897245806937,1.7662422814606913
2025-03-11,2.7033722961390474,-0.009268473767864549,0.006924083229805226,0.0,0.9974387237600628,0.0,0.9974387237600628,0.0025612762399371825,0.0,0.0,0.0,True,0,long_only,1.5397954468744228,1.7556697557630325
2025-03-12,2.7125054474337107,0.0033784289746947582,0.006924083229805226,0.0,0.9974473477145065,0.0,0.9974473477145065,0.0025526522854935063,0.0,0.0,0.0,True,0,long_only,1.5410164113762332,1.7602054250747774
2025-03-13,2.686793894767183,-0.00947889438926397,0.006924083229805226,0.0,0.9974229198438739,0.0,0.9974229198438739,0.0025770801561261214,0.0,0.0,0.0,True,0,long_only,1.5329794859566086,1.7526613496008867
2025-03-14,2.7114900628617953,0.009191686843829094,0.006924083229805226,0.0,0.997446391810672,0.0,0.997446391810672,0.0025536081893280382,0.0,0.0,0.0,True,0,long_only,1.544283756254303,1.755823728560468
2025-03-17,2.719221239567953,0.0028512649970762194,0.0023919615874874517,0.0,0.99912035050599,0.0,0.99912035050599,0.0008796494940099819,0.0003154177522692241,0.0,0.23259223175872967,True,0,long_only,1.5488155830591972,1.7556778672106257
2025-03-18,2.7263051253962223,0.002605115657817736,0.0023919615874874517,0.0,0.9991226361403185,0.0,0.9991226361403185,0.0008773638596815125,0.0,0.0,0.0,True,0,long_only,1.5495235372661293,1.7594473783898268
2025-03-19,2.7010053304393837,-0.009279883869624417,0.0023919615874874517,0.0,0.9991144180425967,0.0,0.9991144180425967,0.0008855819574032919,0.0,0.0,0.0,True,0,long_only,1.541558079487584,1.752126868510333
2025-03-20,2.686824558071735,-0.005250183036603406,0.0023919615874874517,0.0,0.9991097440358354,0.0,0.9991097440358354,0.000890255964164588,0.0,0.0,0.0,True,0,long_only,1.5376843210609477,1.7473186929667863
2025-03-21,2.6548789084030795,-0.011889741580887736,0.0023919615874874517,0.0,0.9990990317562446,0.0,0.9990990317562446,0.0009009682437554067,0.0,0.0,0.0,True,0,long_only,1.5230514984500012,1.7431314115805874
2025-03-24,2.6320362785055043,-0.008604019499825477,0.0018978374034832523,0.0,0.9992789470954554,0.0,0.9992789470954554,0.0007210529045446057,0.000755342147014015,0.0,0.568845535064049,True,0,long_only,1.5164032388285817,1.7357100084663144
2025-03-25,2.641922686972034,0.00375618244598952,0.0018978374034832523,0.0,0.9992816453665196,0.0,0.9992816453665196,0.0007183546334803559,0.0,0.0,0.0,True,0,long_only,1.5206955428957982,1.7373120473156178
2025-03-26,2.653536686480959,0.004396040643504184,0.0018978374034832523,0.0,0.9992847894611172,0.0,0.9992847894611172,0.0007152105388827934,0.0,0.0,0.0,True,0,long_only,1.526217656469909,1.7386358198859406
2025-03-27,2.646552751488875,-0.002631934590414775,0.0018978374034832523,0.0,0.9992829021063663,0.0,0.9992829021063663,0.0007170978936337224,0.0,0.0,0.0,True,0,long_only,1.5258705784704085,1.7344542773358154
2025-03-28,2.6266914500191034,-0.0075045930819245266,0.0018978374034832523,0.0,0.9992774798869242,0.0,0.9992774798869242,0.0007225201130758307,0.0,0.0,0.0,True,0,long_only,1.5200438429212009,1.7280366367401359
2025-03-31,2.615869867320462,-0.004119853018352271,0.1332652761888803,0.0,0.9490550818854804,0.0,0.9490550818854804,0.05094491811451962,0.0005909039421717818,0.0,0.4498271597610638,True,0,long_only,1.5125744130277727,1.7294156537291838
2025-04-01,2.631986643817148,0.006161153770693817,0.1332652761888803,0.0,0.9493670393419601,0.0,0.9493670393419601,0.050632960658039905,0.0,0.0,0.0,True,0,long_only,1.517717252783877,1.7341745565515707
2025-04-02,2.636259810999145,0.0016235520009324489,0.1332652761888803,0.0,0.9494491113383955,0.0,0.9494491113383955,0.05055088866160451,0.0,0.0,0.0,True,0,long_only,1.5207104025043394,1.73357123529746
2025-04-03,2.610143689049369,-0.009906505360667839,0.1332652761888803,0.0,0.9489433180449095,0.0,0.9489433180449095,0.0510566819550905,0.0,0.0,0.0,True,0,long_only,1.5150046666246824,1.7228618145873933
2025-04-07,2.4616381098849454,-0.05689555704824456,0.002023884641870408,0.0,0.9991778301474359,0.0,0.9991778301474359,0.0008221698525641141,0.0004692471657198208,0.0,0.36645462561213793,True,0,long_only,1.4536404979525583,1.693429780851692
2025-04-08,2.4814873741566235,0.008063437185170219,0.002023884641870408,0.0,0.9991844066333168,0.0,0.9991844066333168,0.0008155933666832427,0.0,0.0,0.0,True,0,long_only,1.4676700912167684,1.6907664665288316
2025-04-09,2.5151534549482824,0.013566895863454054,0.002023884641870408,0.0,0.9991953235943164,0.0,0.9991953235943164,0.000804676405683602,0.0,0.0,0.0,True,0,long_only,1.4799282068627333,1.6995104514428439
2025-04-10,2.5639781673429187,0.01941222007690202,0.002023884641870408,0.0,0.9992106466944031,0.0,0.9992106466944031,0.0007893533055969293,0.0,0.0,0.0,True,0,long_only,1.4935045820664339,1.7167527961617384
2025-04-11,2.559980259184631,-0.0015592598288116655,0.002023884641870408,0.0,0.9992094139653581,0.0,0.9992094139653581,0.0007905860346418825,0.0,0.0,0.0,True,0,long_only,1.4891832663825415,1.7190498422690597
2025-04-14,2.5670578038716467,0.002764687212576389,0.001838920491284647,0.0,0.9992836466368186,0.0,0.9992836466368186,0.0007163533631814323,0.0007358436362565827,0.0,0.5710714151851702,True,0,long_only,1.4918817005336014,1.7206845575982916
2025-04-15,2.5436506453792513,-0.009118282594607896,0.001838920491284647,0.0,0.9992770546165114,0.0,0.9992770546165114,0.0007229453834886046,0.0,0.0,0.0,True,0,long_only,1.4859544857266385,1.7117957984664616
2025-04-16,2.519668741305216,-0.009428143804889322,0.001838920491284647,0.0,0.99927017370929,0.0,0.99927017370929,0.0007298262907099451,0.0,0.0,0.0,True,0,long_only,1.4777463210085853,1.7050752930215398
2025-04-17,2.526846578550337,0.0028487225830338136,0.001838920491284647,0.0,0.9992722468760491,0.0,0.9992722468760491,0.0007277531239509027,0.0,0.0,0.0,True,0,long_only,1.4805710618322465,1.706670246157112
2025-04-18,2.5253300338360454,-0.0006001728506848103,0.001838920491284647,0.0,0.9992718098360825,0.0,0.9992718098360825,0.0007281901639174526,0.0,0.0,0.0,True,0,long_only,1.480510561997471,1.705715648815722
2025-04-21,2.550521140944017,0.009975372236675772,0.0016649460179663147,0.0,0.9993472134022972,0.0,0.9993472134022972,0.000652786597702848,0.0008587221703430702,0.0,0.6799472227001576,True,0,long_only,1.4865361332609695,1.7157478273663056
2025-04-22,2.5578106677214625,0.0028580538543379053,0.0016649460179663147,0.0,0.9993490737844762,0.0,0.9993490737844762,0.0006509262155237616,0.0,0.0,0.0,True,0,long_only,1.4902446669926346,1.716369616596725
2025-04-23,2.585530909699408,0.010837487828072812,0.0016649460179663147,0.0,0.9993560525570512,0.0,0.9993560525570512,0.0006439474429488223,0.0,0.0,0.0,True,0,long_only,1.4957837629765072,1.72854591264875
2025-04-24,2.5679319443896316,-0.006806712402375736,0.12532723732006124,0.0,0.9511952652819037,0.0,0.9511952652819037,0.04880473471809632,6.186207668939217e-05,0.0,0.047815901417573,True,0,long_only,1.4912480443693759,1.7220018856591812
2025-04-25,2.576589263076167,0.003371319362824199,0.12532723732006124,0.0,0.951359248788286,0.0,0.951359248788286,0.04864075121171396,0.0,0.0,0.0,True,0,long_only,1.4937667480171268,1.7248939745756242
2025-04-28,2.548368245489055,-0.010952858490693052,0.0018315584947150001,0.0,0.9992812818563577,0.0,0.9992812818563577,0.0007187181436423273,0.0006775019501371755,0.0,0.5266285166825271,True,0,long_only,1.4856597701572358,1.7153107977200908
2025-04-29,2.560683117673365,0.004832453946210125,0.5109924316420831,0.0,0.800446830724463,0.0,0.800446830724463,0.199553169275537,0.00025470779046891847,0.0,0.19982378130059994,True,0,long_only,1.4905620257750525,1.7179312724956064
2025-04-30,2.561057312965899,0.0001461310421235762,0.5109924316420831,0.0,0.8004759873763562,0.0,0.8004759873763562,0.19952401262364383,0.0,0.0,0.0,True,1,long_only,1.4927527566342844,1.715660749299385
2025-05-06,2.601312258761982,0.015718096425364703,0.0012140817476416269,0.0,0.9995332810416926,0.0,0.9995332810416926,0.0004667189583074105,0.001028916225642266,0.0,0.8026053396902977,True,1,long_only,1.5050236090875704,1.7284195696697697
2025-05-07,2.5926950699728137,-0.0033126314459723805,0.32887543290314925,0.0,0.8731530611864057,0.0,0.8731530611864057,0.12684693881359432,0.00016391263189370064,0.0,0.12526037281633248,True,0,long_only,1.5050816323209224,1.7226275401253346
2025-05-08,2.614604293786969,0.008450366596479464,0.32887543290314925,0.0,0.8742159822483849,0.0,0.8742159822483849,0.12578401775161507,0.0,0.0,0.0,True,0,long_only,1.5140225172601431,1.7269256328621174
2025-05-09,2.596677664070444,-0.0068563452447177875,0.32887543290314925,0.0,0.873347609734657,0.0,0.873347609734657,0.12665239026534303,0.0,0.0,0.0,True,0,long_only,1.5123837147181591,1.7169436822151638
2025-05-12,2.6259392630869622,0.011268860752877918,0.0017833259469933692,0.0,0.999320880733206,0.0,0.999320880733206,0.0006791192667939816,0.0006547684854793121,0.0,0.5029424366274091,True,0,long_only,1.5215135289659765,1.7258730948462586
2025-05-13,2.62184891103352,-0.0015576719960512797,0.0017833259469933692,0.0,0.9993198212377958,0.0,0.9993198212377958,0.0006801787622041644,0.0,0.0,0.0,True,0,long_only,1.5232931439888993,1.7211716086162772
2025-05-14,2.6191361040895664,-0.0010346923243887973,0.0017833259469933692,0.0,0.9993191167331057,0.0,0.9993191167331057,0.0006808832668943055,0.0,0.0,0.0,True,0,long_only,1.5231611765130444,1.7195396944698427
2025-05-15,2.5976116923825265,-0.008218134091401819,0.0017833259469933692,0.0,0.999313474776764,0.0,0.999313474776764,0.0006865252232359786,0.0,0.0,0.0,True,0,long_only,1.516529545501183,1.7128658654151492
2025-05-16,2.6124403607759334,0.005708577782003399,0.0017833259469933692,0.0,0.9993173716140017,0.0,0.9993173716140017,0.0006826283859983073,0.0,0.0,0.0,True,0,long_only,1.5171893828804572,1.7218947023054494
2025-05-19,2.6187708960727503,0.0024232267238959437,0.0020108048878077806,0.0,0.999232157005096,0.0,0.999232157005096,0.0007678429949039556,0.0005980612652112207,0.0,0.4580980521814344,True,0,long_only,1.5192676052750196,1.723706137733844
2025-05-20,2.6317239605757776,0.004946238146472437,0.0020108048878077806,0.0,0.9992359362463805,0.0,0.9992359362463805,0.0007640637536194816,0.0,0.0,0.0,True,0,long_only,1.523162945514061,1.7278019848937318
2025-05-21,2.62886818215947,-0.001085136001757081,0.0020108048878077806,0.0,0.999235106232616,0.0,0.999235106232616,0.0007648937673839784,0.0,0.0,0.0,True,0,long_only,1.5250773584144657,1.723760547394495
2025-05-22,2.6048698825199725,-0.00912875731174323,0.0020108048878077806,0.0,0.999228059373982,0.0,0.999228059373982,0.0007719406260180417,0.0,0.0,0.0,True,0,long_only,1.5201804097996996,1.7135268062447881
2025-05-23,2.595177587401024,-0.003720836569991004,0.0020108048878077806,0.0,0.9992251763819285,0.0,0.9992251763819285,0.0007748236180714629,0.0,0.0,0.0,True,0,long_only,1.515451870081735,1.7124777359382946
2025-05-26,2.5790776065529997,-0.006203806986537774,0.0017099066742223281,0.0,0.9993370084444617,0.0,0.9993370084444617,0.0006629915555382837,0.0008826272462493734,0.0,0.6802953140406188,True,0,long_only,1.5118922862356863,1.705860682029402
2025-05-27,2.5642913499767777,-0.005733156900223801,0.0017099066742223281,0.0,0.9993331854922655,0.0,0.9993331854922655,0.0006668145077345367,0.0,0.0,0.0,True,0,long_only,1.508220547725171,1.700209796136556
2025-05-28,2.576236724574815,0.004658353115041258,0.0017099066742223281,0.0,0.9993362773467548,0.0,0.9993362773467548,0.0006637226532452134,0.0,0.0,0.0,True,0,long_only,1.5092444455137073,1.7069711485324908
2025-05-29,2.605097871078088,0.011202831722708417,0.0017099066742223281,0.0,0.9993436305433259,0.0,0.9993436305433259,0.0006563694566741329,0.0,0.0,0.0,True,0,long_only,1.5179935707427046,1.7161455234645684
2025-05-30,2.5979378611543886,-0.002748461009158265,0.0017099066742223281,0.0,0.9993418215655617,0.0,0.9993418215655617,0.0006581784344382724,0.0,0.0,0.0,True,0,long_only,1.518883732054369,1.7104257596073813
2025-06-03,2.6054359229644257,0.0028861590271853643,0.0019357950383633883,0.0,0.9992570168311179,0.0,0.9992570168311179,0.0007429831688821054,0.0006553366044928897,0.0,0.5054109530322681,True,0,long_only,1.523323924606592,1.71036237328006
2025-06-04,2.6374127977992328,0.012273138077571355,0.0019357950383633883,0.0,0.9992660250075458,0.0,0.9992660250075458,0.0007339749924542005,0.0,0.0,0.0,True,0,long_only,1.5308326263225935,1.7228616325841548
2025-06-05,2.6471425333131178,0.003689121218340974,0.0019357950383633883,0.0,0.9992687227778624,0.0,0.9992687227778624,0.0007312772221376163,0.0,0.0,0.0,True,0,long_only,1.5334553472301335,1.7262599384420467
2025-06-06,2.6418800227909878,-0.001987996662780156,0.0019357950383633883,0.0,0.9992672661053251,0.0,0.9992672661053251,0.0007327338946748752,0.0,0.0,0.0,True,0,long_only,1.5352119652398375,1.7208568475287136
2025-06-09,2.6536652842589445,0.004460937425729838,0.0017447154099557076,0.0,0.9993425261956341,0.0,0.9993425261956341,0.0006574738043658712,0.0008967988800042325,0.0,0.6784158265863801,True,0,long_only,1.5413663197773606,1.7216318082272926
2025-06-10,2.6372525550771093,-0.00618492817432259,0.0017447154099557076,0.0,0.9993384344602884,0.0,0.9993384344602884,0.0006615655397116393,0.0,0.0,0.0,True,0,long_only,1.5370389894900112,1.7158006876274157
2025-06-11,2.6544975426665545,0.006538997395697077,0.0017447154099557076,0.0,0.9993427323318587,0.0,0.9993427323318587,0.000657267668141337,0.0,0.0,0.0,True,0,long_only,1.5418729616685782,1.7216058706898396
2025-06-12,2.6539766040575214,-0.0001962475386244611,0.0017447154099557076,0.0,0.9993426033193782,0.0,0.9993426033193782,0.0006573966806218134,0.0,0.0,0.0,True,0,long_only,1.5425409364525302,1.7205226398470976
2025-06-13,2.638333817182611,-0.00589409373503702,0.0017447154099557076,0.0,0.9993387055881281,0.0,0.9993387055881281,0.0006612944118719044,0.0,0.0,0.0,True,0,long_only,1.5349250332749091,1.7188681922487603
2025-06-16,2.6431695862965756,0.0018328875150182,0.0018231246178516613,0.0,0.9993102506069592,0.0,0.9993102506069592,0.0006897493930407839,0.0008107221736250306,0.0,0.6151070404982754,True,0,long_only,1.538757397077752,1.7177298977189053
2025-06-17,2.6444832329756376,0.0004969967443151369,0.0018231246178516613,0.0,0.9993105932398746,0.0,0.9993105932398746,0.0006894067601254106,0.0,0.0,0.0,True,0,long_only,1.5398095988825575,1.7174092400091177
2025-06-18,2.6465914641725963,0.0007972185910161134,0.0018231246178516613,0.0,0.9993111424099519,0.0,0.9993111424099519,0.0006888575900481086,0.0,0.0,0.0,True,0,long_only,1.5399642095714277,1.7186058271504525
2025-06-19,2.6356883314555914,-0.004119688612542638,0.0018231246178516613,0.0,0.9993082927916425,0.0,0.9993082927916425,0.0006917072083575393,0.0,0.0,0.0,True,0,long_only,1.532434279843224,1.7199356384309257
2025-06-20,2.623417216072743,-0.004655753579206889,0.0018231246178516613,0.0,0.9993050573097249,0.0,0.9993050573097249,0.0006949426902751465,0.0,0.0,0.0,True,0,long_only,1.5322839147567944,1.7120960357331263
2025-06-23,2.6411917606657123,0.006775340378217587,0.0018161426391383574,0.0,0.9993123775917427,0.0,0.9993123775917427,0.0006876224082572602,0.0008024859922187973,0.0,0.6123861669851285,True,0,long_only,1.538923683173333,1.716259090391962
2025-06-24,2.672228446390754,0.01175101565409209,0.0018161426391383574,0.0,0.9993203640049595,0.0,0.9993203640049595,0.0006796359950405062,0.0,0.0,0.0,True,0,long_only,1.549486388244776,1.724589816770056
2025-06-25,2.7010058384710214,0.01076906134995137,0.0018161426391383574,0.0,0.9993276050672418,0.0,0.9993276050672418,0.0006723949327581691,0.0,0.0,0.0,True,0,long_only,1.5618789479680193,1.7293310995611977
2025-06-26,2.6834996446566484,-0.0064813609674694295,0.0018161426391383574,0.0,0.9993232186027099,0.0,0.9993232186027099,0.0006767813972901049,0.0,0.0,0.0,True,0,long_only,1.560910596811411,1.7191885622010858
2025-06-27,2.6972290689921943,0.005116238551729824,0.0018161426391383574,0.0,0.9993266635526004,0.0,0.9993266635526004,0.0006733364473996417,0.0,0.0,0.0,True,0,long_only,1.5641768802888707,1.7243759979971527
2025-06-30,2.716187128454947,0.007028716871213314,0.0024578421003736677,0.0,0.9990951131184501,0.0,0.9990951131184501,0.0009048868815498823,0.00023693131080037351,0.0,0.17569801606957508,True,0,long_only,1.569633187025156,1.7304597984467915
2025-07-01,2.72622967518113,0.0036972956027132575,0.0024578421003736677,0.0,0.9990984464285056,0.0,0.9990984464285056,0.0009015535714943512,0.0,0.0,0.0,True,0,long_only,1.5771726693588504,1.7285549820549404
2025-07-02,2.708161694073385,-0.006627461094797282,0.0024578421003736677,0.0,0.9990924315539385,0.0,0.9990924315539385,0.0009075684460615463,0.0,0.0,0.0,True,0,long_only,1.5720715780267431,1.722670730726305
2025-07-03,2.733446896306932,0.009336666377373959,0.0024578421003736677,0.0,0.9991008268338067,0.0,0.9991008268338067,0.0008991731661932567,0.0,0.0,0.0,True,0,long_only,1.5808040746461822,1.7291497030830567
2025-07-04,2.713586899680048,-0.007265550559520939,0.0024578421003736677,0.0,0.9990942460325618,0.0,0.9990942460325618,0.0009057539674381943,0.0,0.0,0.0,True,0,long_only,1.5831005917662202,1.714096320722473
2025-07-07,2.700793737809223,-0.004714483944602388,0.0024671172822610314,0.0,0.9990865214000895,0.0,0.9990865214000895,0.0009134785999105333,0.0002454116175766687,0.0,0.18077444251935867,True,0,long_only,1.5800334978032546,1.7093268855148824
2025-07-08,2.726401693259327,0.00948164056055445,0.0024671172822610314,0.0,0.9990951013240783,0.0,0.9990951013240783,0.0009048986759216948,0.0,0.0,0.0,True,0,long_only,1.5921246197532315,1.7124298308268737
2025-07-09,2.734453381921152,0.0029532290424156837,0.0024671172822610314,0.0,0.9990977658282374,0.0,0.9990977658282374,0.0009022341717626059,0.0,0.0,0.0,True,0,long_only,1.5881815164867357,1.7217511685755662
2025-07-10,2.7413464577909847,0.002520824057709925,0.0024671172822610314,0.0,0.9991000344829638,0.0,0.9991000344829638,0.0008999655170361942,0.0,0.0,0.0,True,0,long_only,1.5946121889830862,1.719130505040973
2025-07-11,2.747946853130179,0.0024077202355929916,0.0024671172822610314,0.0,0.9991021961434767,0.0,0.9991021961434767,0.0008978038565232715,0.0,0.0,0.0,True,0,long_only,1.5951011408641358,1.7227414505148537
2025-07-14,2.7416338818732955,-0.0022973411038471614,0.002289010917358508,0.0,0.9991650924171558,0.0,0.9991650924171558,0.0008349075828442132,0.0004579421013400596,0.0,0.3331020907864011,True,0,long_only,1.588360539389638,1.72607781034829
2025-07-15,2.732360211301077,-0.003382534274008142,0.002289010917358508,0.0,0.9991622587285925,0.0,0.9991622587285925,0.000837741271407455,0.0,0.0,0.0,True,0,long_only,1.5826250842928986,1.726473463879077
2025-07-16,2.7443044878570544,0.004371413588360573,0.002289010917358508,0.0,0.9991659049032325,0.0,0.9991659049032325,0.0008340950967674621,0.0,0.0,0.0,True,0,long_only,1.5886892197785636,1.727401718153261
2025-07-17,2.7751052665478335,0.011223528156975915,0.002289010917358508,0.0,0.9991751624902482,0.0,0.9991751624902482,0.000824837509751819,0.0,0.0,0.0,True,0,long_only,1.6020342096492637,1.732238456478025
2025-07-18,2.785265586405417,0.00366123764026538,0.002289010917358508,0.0,0.9991781714000522,0.0,0.9991781714000522,0.0008218285999478381,0.0,0.0,0.0,True,0,long_only,1.605740620579709,1.7345675576170407
2025-07-21,2.8048750777999683,0.007040438617510469,0.0023120392825868256,0.0,0.9991757068609272,0.0,0.9991757068609272,0.0008242931390728403,0.00047010292357858256,0.0,0.33763541799662755,True,0,long_only,1.6183153874076848,1.733206703480084
2025-07-22,2.825484621971509,0.007347758313609454,0.0023120392825868256,0.0,0.9991817193890888,0.0,0.9991817193890888,0.0008182806109111596,0.0,0.0,0.0,True,0,long_only,1.626031416042858,1.7376568460452406
2025-07-23,2.8155395716666,-0.0035197679815965888,0.0023120392825868256,0.0,0.9991788290578995,0.0,0.9991788290578995,0.0008211709421005464,0.0,0.0,0.0,True,0,long_only,1.6254409235034428,1.7321697337347963
2025-07-24,2.8538827845110766,0.013618424415104302,0.0023120392825868256,0.0,0.9991898618628855,0.0,0.9991898618628855,0.0008101381371145022,0.0,0.0,0.0,True,0,long_only,1.6382534440680796,1.7420276422092356
2025-07-25,2.8740736724447387,0.00707488339859097,0.0023120392825868256,0.0,0.9991955532299838,0.0,0.9991955532299838,0.0008044467700162317,0.0,0.0,0.0,True,0,long_only,1.6401031115312685,1.7523737698182793
2025-07-28,2.8481626880235127,-0.009015421097116616,0.002076722663947876,0.0,0.9992708553227383,0.0,0.9992708553227383,0.0007291446772617061,0.0007909031876161583,0.0,0.5511106304581365,True,0,long_only,1.6286916397719546,1.7487427444659231
2025-07-29,2.887697911279585,0.013880956808512757,0.002076722663947876,0.0,0.9992808379796806,0.0,0.9992808379796806,0.0007191620203194082,0.0,0.0,0.0,True,0,long_only,1.6310125691060247,1.7704939655139278
2025-07-30,2.8999060252815334,0.004227628504444025,0.002076722663947876,0.0,0.9992838655301782,0.0,0.9992838655301782,0.000716134469821772,0.0,0.0,0.0,True,0,long_only,1.6296939557480858,1.7794175495670759
2025-07-31,2.8948644242577295,-0.0017385394491583606,0.002076722663947876,0.0,0.9992826183338516,0.0,0.9992826183338516,0.0007173816661484311,0.0,0.0,0.0,True,0,long_only,1.6147069791335715,1.7928109939867058
2025-08-01,2.9596290806969776,0.02237225892050332,0.002076722663947876,0.0,0.9992983165770696,0.0,0.9992983165770696,0.0007016834229304214,0.0,0.0,0.0,True,0,long_only,1.6176799622424423,1.8295516726277017
2025-08-04,3.002494478057792,0.014483368081624537,0.0024636576232994556,0.0,0.9991794630626954,0.0,0.9991794630626954,0.0008205369373045501,0.0004931715779284089,0.0,0.3332976824843698,True,0,long_only,1.632209121393803,1.8395280596728023
2025-08-05,3.0213538496127255,0.0062812343845284335,0.0024636576232994556,0.0,0.9991845848762086,0.0,0.9991845848762086,0.0008154151237913521,0.0,0.0,0.0,True,0,long_only,1.6455901988852464,1.8360305327896624
2025-08-06,3.048250712545024,0.008902255171384876,0.0024636576232994556,0.0,0.9991917798581461,0.0,0.9991917798581461,0.0008082201418538881,0.0,0.0,0.0,True,0,long_only,1.6552156872179768,1.841603324620737
2025-08-07,3.0295127248776863,-0.006147128118504819,0.0024636576232994556,0.0,0.9991867808961261,0.0,0.9991867808961261,0.0008132191038738856,0.0,0.0,0.0,True,0,long_only,1.6536126184965332,1.832057091843024
2025-08-08,3.0272638503155727,-0.0007423222037149513,0.0024636576232994556,0.0,0.9991861767770779,0.0,0.9991861767770779,0.0008138232229221165,0.0,0.0,0.0,True,0,long_only,1.6549733340786725,1.829191919881209
2025-08-11,3.0549771331995466,0.009154564733789172,0.34383594140569795,0.0,0.8874505679047128,0.0,0.8874505679047128,0.11254943209528723,0.0005919382433725892,0.0,0.38870917786352766,True,0,long_only,1.6660731078588225,1.8336393035751557
2025-08-12,3.0321224746590016,-0.007481122621893044,0.34383594140569795,0.0,0.8866022252467337,0.0,0.8866022252467337,0.11339777475326629,0.0,0.0,0.0,True,0,long_only,1.6618908356548523,1.8245015915646605
2025-08-13,3.0639267431969883,0.010489110780910638,0.34383594140569795,0.0,0.8877793203871025,0.0,0.8877793203871025,0.1122206796128975,0.0,0.0,0.0,True,0,long_only,1.6732386233775607,1.8311355597399592
2025-08-14,3.035471050998232,-0.00928732785858477,0.34383594140569795,0.0,0.8867273198693082,0.0,0.8867273198693082,0.1132726801306918,0.0,0.0,0.0,True,0,long_only,1.666443536671745,1.821526492917208
2025-08-15,3.0638530562643327,0.009350115612786647,0.34383594140569795,0.0,0.8877766214333638,0.0,0.8877766214333638,0.11222337856663622,0.0,0.0,0.0,True,0,long_only,1.6814209606807682,1.8221808386543783
2025-08-18,3.1070846285066795,0.01411019766563415,1.2280928902797577,0.0,0.6047443062823812,0.0,0.6047443062823812,0.3952556937176188,0.0004592684085995828,0.0,0.2994864272743487,True,0,long_only,1.6969092721834498,1.83102578283913
2025-08-19,3.126724475126654,0.0063209886334552046,1.5451789664735263,0.0,0.5058154376039368,0.0,0.5058154376039368,0.49418456239606323,0.00015862234927152013,0.0,0.10224646517025222,True,0,long_only,1.6996038145322727,1.8396784288149657
2025-08-20,3.144303083250755,0.005622052171190717,1.5451789664735263,0.0,0.5085782363969714,0.0,0.5085782363969714,0.4914217636030286,0.0,0.0,0.0,True,0,long_only,1.705687762829326,1.84342243156808
2025-08-21,3.116117827496677,-0.008963911877393982,1.5451789664735263,0.0,0.5041333312755889,0.0,0.5041333312755889,0.4958666687244111,0.0,0.0,0.0,True,0,long_only,1.7128362959383028,1.819273584338454
2025-08-22,3.1428750334564013,0.008586711877072828,1.5451789664735263,0.0,0.5083549457026283,0.0,0.5083549457026283,0.4916450542973717,0.0,0.0,0.0,True,0,long_only,1.729087400679438,1.8176496065042296
2025-08-25,3.142990980991954,3.689218766833591e-05,1.8865844113935468,0.0,0.3997487034474005,0.0,0.3997487034474005,0.6002512965525995,0.00017203652456207648,0.0,0.10947230427563251,True,0,long_only,1.7370992062846238,1.8093330361449573
2025-08-26,3.136950486139721,-0.0019218937912212075,2.1978014318296912,0.0,0.2993828109367869,0.0,0.2993828109367869,0.7006171890632131,0.00015568635339476976,0.0,0.09913942618956234,True,0,long_only,1.736307755229698,1.8066788429017473
2025-08-27,3.1151779897312206,-0.0069406566997790575,2.1978014318296912,0.0,0.29448608102828844,0.0,0.29448608102828844,0.7055139189717116,0.0,0.0,0.0,True,0,long_only,1.6874182279279974,1.8461208597683503
2025-08-28,3.1143420174318392,-0.0002683545858813696,2.1978014318296912,0.0,0.29429670231208227,0.0,0.29429670231208227,0.7057032976879177,0.0,0.0,0.0,True,0,long_only,1.690606675360717,1.8421446353081188
2025-08-29,3.1276645395863802,0.00427779674806783,2.1978014318296912,0.0,0.29730269854313063,0.0,0.29730269854313063,0.7026973014568694,0.0,0.0,0.0,True,0,long_only,1.6844887622441405,1.8567440814621914
2025-09-01,3.0958259046670427,-0.01017968343994713,0.0008532741348798154,0.0,0.999724379160471,0.0,0.999724379160471,0.0002756208395290338,0.00117751237034932,0.0,0.7522352106742358,True,0,long_only,1.6723176814482035,1.8512187839729717
2025-09-02,3.0843672500889046,-0.003701323953929081,0.5789478165961802,0.0,0.812296082258203,0.0,0.812296082258203,0.18770391774179696,0.00028919186716423235,0.0,0.1867459041020151,True,0,long_only,1.6576505402175306,1.8606860585248255
2025-09-03,3.1228552107226877,0.012478397516597184,0.5789478165961802,0.0,0.8146094591230822,0.0,0.8146094591230822,0.18539054087691775,0.0,0.0,0.0,True,0,long_only,1.66194107528373,1.8790408740511737
2025-09-04,3.1156367964237033,-0.002311479019007634,0.5789478165961802,0.0,0.8141799399529728,0.0,0.8141799399529728,0.18582006004702722,0.0,0.0,0.0,True,0,long_only,1.6587681950599587,1.8782834188058952
2025-09-05,3.193808555165682,0.025090138501287607,0.5789478165961802,0.0,0.8187280775925698,0.0,0.8187280775925698,0.18127192240743017,0.0,0.0,0.0,True,0,long_only,1.694711111519947,1.8845740335656558
2025-09-08,3.234266975751909,0.0126677663633874,1.6076767368964306,0.0,0.5029239240453628,0.0,0.5029239240453628,0.4970760759546372,0.0009615081933683988,0.0,0.5982592276669839,True,0,long_only,1.7054648687012066,1.896413719864519
2025-09-09,3.2133878785514374,-0.006455588656411826,1.6076767368964306,0.0,0.49969415530964323,0.0,0.49969415530964323,0.5003058446903568,0.0,0.0,0.0,True,0,long_only,1.6890927642905211,1.9024342217824692
2025-09-10,3.1995141388721273,-0.004317480554374975,1.6076767368964306,0.0,0.4975247280941354,0.0,0.4975247280941354,0.5024752719058646,0.0,0.0,0.0,True,0,long_only,1.6784278109603057,1.9062566277673498
2025-09-11,3.216968000832282,0.005455160128252201,1.6076767368964306,0.0,0.5002509392445001,0.0,0.5002509392445001,0.49974906075549985,0.0,0.0,0.0,True,0,long_only,1.69911769305285,1.8933167572708103
2025-09-12,3.2196069839977475,0.0008203324263040823,1.6076767368964306,0.0,0.5006605635759314,0.0,0.5006605635759314,0.49933943642406864,0.0,0.0,0.0,True,0,long_only,1.7019371268734604,1.8917308595954534
2025-09-15,3.2072797575446246,-0.0038287985193199425,1.2885220291680328,0.0,0.5982508148417718,0.0,0.5982508148417718,0.4017491851582282,0.0011296430990909861,0.0,0.7015314377975406,True,0,long_only,1.6896280639982113,1.8982164334765808
2025-09-16,3.204323707853385,-0.000921668801820652,1.2885220291680328,0.0,0.5978801935615833,0.0,0.5978801935615833,0.4021198064384167,0.0,0.0,0.0,True,0,long_only,1.686657557490764,1.8998069250171021
2025-09-17,3.2176590254997612,0.004161663696365281,1.2885220291680328,0.0,0.5995467453336196,0.0,0.5995467453336196,0.4004532546663804,0.0,0.0,0.0,True,0,long_only,1.6962681862149536,1.8969046590914573
2025-09-18,3.2123735914748037,-0.0016426333502309598,1.2885220291680328,0.0,0.5988878651637554,0.0,0.5988878651637554,0.40111213483624464,0.0,0.0,0.0,True,0,long_only,1.684813550830829,1.9066641468373113
2025-09-19,3.206467938973389,-0.0018384077484285832,1.2885220291680328,0.0,0.5981490993542953,0.0,0.5981490993542953,0.4018509006457047,0.0,0.0,0.0,True,0,long_only,1.6756221753476264,1.9135984150533052
2025-09-22,3.1813142566666595,-0.007844669831560291,0.6456962237783052,0.0,0.7970347561781409,0.0,0.7970347561781409,0.2029652438218591,0.0006568077773070186,0.0,0.40985407253336814,True,0,long_only,1.6685005310541052,1.9066905868209745
2025-09-23,3.1795770640185936,-0.0005460613155161553,0.6456962237783052,0.0,0.796923864156252,0.0,0.796923864156252,0.20307613584374795,0.0,0.0,0.0,True,0,long_only,1.665444404897444,1.909146324349619
2025-09-24,3.216727912599567,0.01168421077173698,0.6456962237783052,0.0,0.7992692446105919,0.0,0.7992692446105919,0.2007307553894081,0.0,0.0,0.0,True,0,long_only,1.6870219717002295,1.9067492697547122
2025-09-25,3.232711753247401,0.004968975021240274,0.6456962237783052,0.0,0.8002617390400877,0.0,0.8002617390400877,0.19973826095991232,0.0,0.0,0.0,True,0,long_only,1.6947440149388597,1.907492650660888
2025-09-26,3.2296616704407626,-0.0009435059601508033,0.6456962237783052,0.0,0.8000731068247824,0.0,0.8000731068247824,0.1999268931752176,0.0,0.0,0.0,True,0,long_only,1.691346471585952,1.9095210382366858
2025-09-29,3.2803483827280058,0.015694124480947647,0.9760142095730858,0.0,0.7024662945216166,0.0,0.7024662945216166,0.2975337054783834,0.0005025374737914803,0.0,0.30942202842440386,True,0,long_only,1.7059828321989319,1.922849586065172
2025-09-30,3.292754162547848,0.003781848258911369,0.9760142095730858,0.0,0.7035872824414346,0.0,0.7035872824414346,0.29641271755856535,0.0,0.0,0.0,True,0,long_only,1.7176741599191072,1.9169841634591034
2025-10-09,3.29565109834369,0.0008797910967031086,1.651524772990778,0.0,0.4988775438574816,0.0,0.4988775438574816,0.5011224561425184,0.0003413670289987689,0.0,0.20696504208867134,True,0,long_only,1.7258826784373635,1.9095452660360523
2025-10-10,3.278250261478695,-0.0052799390304817395,1.651524772990778,0.0,0.4962176035194344,0.0,0.4962176035194344,0.5037823964805657,0.0,0.0,0.0,True,0,long_only,1.7181241937777865,1.908040334540966
2025-10-13,3.2778465352625,-0.00012315295782605595,0.6488692830165341,0.0,0.8020440322522389,0.0,0.8020440322522389,0.19795596774776114,0.0008228585382764964,0.0,0.508123473025858,True,0,long_only,1.7109830904730803,1.9157679310297495
2025-10-14,3.2087774045703696,-0.021071496163440506,0.6488692830165341,0.0,0.7977830178895152,0.0,0.7977830178895152,0.20221698211048478,0.0,0.0,0.0,True,0,long_only,1.697651545010108,1.8901272254614914
2025-10-15,3.2378047892677957,0.009046244421966332,0.6488692830165341,0.0,0.7995959221608073,0.0,0.7995959221608073,0.20040407783919267,0.0,0.0,0.0,True,0,long_only,1.7059325925700541,1.8979676004606467
2025-10-16,3.206918350759477,-0.009539314603121407,0.6488692830165341,0.0,0.7976657925004963,0.0,0.7976657925004963,0.2023342074995037,0.0,0.0,0.0,True,0,long_only,1.693702073339952,1.893437105166606
2025-10-17,3.1718106552884002,-0.010947486537274176,0.6488692830165341,0.0,0.7954262238401065,0.0,0.7954262238401065,0.20457377615989347,0.0,0.0,0.0,True,0,long_only,1.6777884939928265,1.8904710973074306
2025-10-20,3.1921753522051635,0.0064205273044306566,0.6421537044193962,0.0,0.7988350784126583,0.0,0.7988350784126583,0.20116492158734167,0.0009685596893168187,0.0,0.6045754916299371,True,0,long_only,1.6788092075795324,1.901452135116394
2025-10-21,3.23316207010658,0.01283974512023689,0.6421537044193962,0.0,0.8013852412915917,0.0,0.8013852412915917,0.19861475870840828,0.0,0.0,0.0,True,0,long_only,1.695416235325252,1.907001951934431
2025-10-22,3.208573618143979,-0.007605078690593126,0.6421537044193962,0.0,0.7998631850651273,0.0,0.7998631850651273,0.20013681493487268,0.0,0.0,0.0,True,0,long_only,1.6887216278771917,1.900001495318869
2025-10-23,3.2190408341108236,0.0032622645488493696,0.6421537044193962,0.0,0.8005139612971779,0.0,0.8005139612971779,0.1994860387028221,0.0,0.0,0.0,True,0,long_only,1.6910422034110586,1.9035839718355858
2025-10-24,3.248443549055152,0.009133998746695182,0.6421537044193962,0.0,0.8023195740599605,0.0,0.8023195740599605,0.19768042594003954,0.0,0.0,0.0,True,0,long_only,1.70250073059742,1.9080423818175098
2025-10-27,3.276446944635176,0.008620557863216805,0.9809517560932669,0.0,0.7006050234692589,0.0,0.7006050234692589,0.2993949765307411,0.0005064445948936998,0.0,0.3102584785567115,True,0,long_only,1.7165787944894912,1.908707572966138
2025-10-28,3.2494104437458664,-0.008251774359898767,0.9809517560932669,0.0,0.698113927718395,0.0,0.698113927718395,0.301886072281605,0.0,0.0,0.0,True,0,long_only,1.7125097383505976,1.8974551624305118
2025-10-29,3.292997665692125,0.013413886211312898,0.9809517560932669,0.0,0.7021097930577823,0.0,0.7021097930577823,0.2978902069422177,0.0,0.0,0.0,True,0,long_only,1.7288715825553858,1.9047092328424176
2025-10-30,3.3322654189104224,0.011924622245380156,0.9809517560932669,0.0,0.7056201614293928,0.0,0.7056201614293928,0.29437983857060723,0.0,0.0,0.0,True,0,long_only,1.7139663337878488,1.944183706074406
2025-10-31,3.2920650771695885,-0.012063967507719875,0.9809517560932669,0.0,0.7020254056044792,0.0,0.7020254056044792,0.29797459439552076,0.0,0.0,0.0,True,0,long_only,1.7158655332795085,1.91860318499289
2025-11-03,3.288585707480847,-0.0010568957803631651,0.0015787074518991866,0.0,0.9995199433457648,0.0,0.9995199433457648,0.00048005665423522803,0.0012256470524164675,0.0,0.7436653999679583,True,0,long_only,1.7191357085592054,1.912929672222902
2025-11-04,3.2328586897139755,-0.016945587776564297,0.324231413241296,0.0,0.8997075206927828,0.0,0.8997075206927828,0.10029247930721719,0.00016140705642290988,0.0,0.09845943165659847,True,0,long_only,1.7075660881089874,1.8932553839214183
2025-11-05,3.2605950350368778,0.008579510577171545,0.6337684818542639,0.0,0.8056279681947391,0.0,0.8056279681947391,0.19437203180526086,0.00015484595728512655,0.0,0.09630954196373125,True,0,long_only,1.7202109073772296,1.895462365140005
2025-11-06,3.2536026609868323,-0.0021445085865949842,0.6337684818542639,0.0,0.8052102398815845,0.0,0.8052102398815845,0.19478976011841553,0.0,0.0,0.0,True,0,long_only,1.7292766837882378,1.881481830807625
2025-11-07,3.261290299123451,0.002362807920216925,0.6337684818542639,0.0,0.8056694057488216,0.0,0.8056694057488216,0.19433059425117838,0.0,0.0,0.0,True,0,long_only,1.7305772533358053,1.8845100921308728
2025-11-10,3.2654363887001305,0.0012713034401732326,0.0020799806206727445,0.0,0.9993630313461715,0.0,0.9993630313461715,0.0006369686538284514,0.0008731526803938223,0.0,0.5337944385023157,True,0,long_only,1.7403654897620835,1.8762934612927378
2025-11-11,3.2465213651918394,-0.005792494863395614,0.0020799806206727445,0.0,0.9993593202117892,0.0,0.9993593202117892,0.0006406797882108073,0.0,0.0,0.0,True,0,long_only,1.7375244741290676,1.8684751861231508
2025-11-12,3.238421805670303,-0.0024948425130901786,0.0020799806206727445,0.0,0.9993577178188984,0.0,0.9993577178188984,0.0006422821811016277,0.0,0.0,0.0,True,0,long_only,1.7301675527003093,1.8717388385974696
2025-11-13,3.3197170784461405,0.025103361345175434,0.0020799806206727445,0.0,0.9993734464198236,0.0,0.9993734464198236,0.0006265535801763811,0.0,0.0,0.0,True,0,long_only,1.7498473352122483,1.8971466891101527
2025-11-14,3.293816649479969,-0.007801998891512452,0.3284864854432493,0.0,0.9002717757543939,0.0,0.9002717757543939,0.09972822424560612,0.00016328489485871765,0.0,0.09887488567570067,True,0,long_only,1.7396557665541346,1.8933726503860453
2025-11-17,3.2597023730401675,-0.010357066002804727,1.3188268110362789,0.0,0.595414961211237,0.0,0.595414961211237,0.40458503878876295,0.0007023751297131433,0.0,0.4264403816466499,True,0,long_only,1.7362543313989898,1.877433688193398
2025-11-18,3.2358143465647156,-0.007328284530827456,1.3188268110362789,0.0,0.5924281587921123,0.0,0.5924281587921123,0.4075718412078877,0.0,0.0,0.0,True,0,long_only,1.7267293223240145,1.8739557524914299
2025-11-19,3.225780055975338,-0.003101009364159135,1.3188268110362789,0.0,0.5911603431878985,0.0,0.5911603431878985,0.40883965681210155,0.0,0.0,0.0,True,0,long_only,1.7308288052803973,1.863719881558567
2025-11-20,3.2245735210123914,-0.00037402889906013037,1.6186882311532256,0.0,0.4980147853335284,0.0,0.4980147853335284,0.5019852146664716,0.0001500057129149308,0.0,0.09297148540486218,True,0,long_only,1.7267643485441475,1.8674079782403787
2025-11-21,3.214723494152896,-0.0030546758494757187,1.6186882311532256,0.0,0.4964766848230094,0.0,0.4964766848230094,0.5035233151769907,0.0,0.0,0.0,True,0,long_only,1.7086462401298588,1.8814447476901797
2025-11-24,3.233084080016913,0.00571140438591744,2.251450761905546,0.0,0.3036213391970406,0.0,0.3036213391970406,0.6963786608029594,0.0006722204974045321,0.0,0.4180102023502554,True,0,long_only,1.7123830778777933,1.8880612181847587
2025-11-25,3.2353624394855323,0.0007047015828327563,2.5814156327737896,0.0,0.20212474458216476,0.0,0.20212474458216476,0.7978752554178352,0.000165064967918081,0.0,0.10209356222528146,True,0,long_only,1.7162310088895838,1.885155566312043
2025-11-26,3.2261416678239434,-0.0028499965101452807,2.5814156327737896,0.0,0.19984430363996586,0.0,0.19984430363996586,0.8001556963600341,0.0,0.0,0.0,True,0,long_only,1.7015638676589113,1.8959862331013266
2025-11-27,3.224564731776329,-0.0004887993801828694,2.5814156327737896,0.0,0.1994529967609752,0.0,0.1994529967609752,0.8005470032390248,0.0,0.0,0.0,True,0,long_only,1.6924775708361077,1.9052333616352437
2025-11-28,3.2422940117609707,0.0054981932320754545,2.5814156327737896,0.0,0.203830490569312,0.0,0.203830490569312,0.796169509430688,0.0,0.0,0.0,True,0,long_only,1.703998013058058,1.9027569204392611
2025-12-01,3.2343100591858027,-0.0024624394167237496,2.592173369075814,0.0,0.1985390016291878,0.0,0.1985390016291878,0.8014609983708122,8.893508801085673e-06,0.0,0.0054902594454821745,True,0,long_only,1.7056368156000417,1.8962478000030594
2025-12-02,3.2263009141442645,-0.002476307124232413,2.592173369075814,0.0,0.1965494112122038,0.0,0.1965494112122038,0.8034505887877962,0.0,0.0,0.0,True,0,long_only,1.696754307694376,1.9014543823544512
2025-12-03,3.2256336228131377,-0.00020682860926002355,2.592173369075814,0.0,0.19638320026713707,0.0,0.19638320026713707,0.8036167997328629,0.0,0.0,0.0,True,0,long_only,1.6931823408412094,1.905071618695582
2025-12-04,3.229265725837867,0.0011260122659439986,2.592173369075814,0.0,0.1972870648781163,0.0,0.1972870648781163,0.8027129351218837,0.0,0.0,0.0,True,0,long_only,1.6893796962554495,1.9115097292785108
2025-12-05,3.233173134624398,0.0012099991509735286,2.592173369075814,0.0,0.19825717301806353,0.0,0.19825717301806353,0.8017428269819364,0.0,0.0,0.0,True,0,long_only,1.7053180416168103,1.8959355707977088
2025-12-08,3.2338341454645563,0.0002044464718202743,2.2642237095134794,0.0,0.29983307502363804,0.0,0.29983307502363804,0.700166924976362,0.00016389288333949756,0.0,0.10135585132303904,True,0,long_only,1.7121301107323876,1.8887782681896987
2025-12-09,3.221863700178102,-0.0037016262269488065,2.2642237095134794,0.0,0.29723168941370337,0.0,0.29723168941370337,0.7027683105862966,0.0,0.0,0.0,True,0,long_only,1.7016452417056849,1.8933815469954183
2025-12-10,3.2227271723812048,0.0002680039515807753,2.2642237095134794,0.0,0.297419983634391,0.0,0.297419983634391,0.7025800163656091,0.0,0.0,0.0,True,0,long_only,1.7091801246367357,1.8855398128773315
2025-12-11,3.212235766668707,-0.0032554433407856465,2.2642237095134794,0.0,0.295125303999207,0.0,0.295125303999207,0.704874696000793,0.0,0.0,0.0,True,0,long_only,1.7028449781952937,1.886393540105508
2025-12-12,3.214333267598002,0.0006529722852410824,2.2642237095134794,0.0,0.2955852672969775,0.0,0.2955852672969775,0.7044147327030226,0.0,0.0,0.0,True,0,long_only,1.7087442427861907,1.8811084696659313
2025-12-15,3.2217358264544504,0.0023029842397084277,1.928233693724489,0.0,0.4014923017923144,0.0,0.4014923017923144,0.5985076982076856,0.000486744543664076,0.0,0.30297056627509295,True,0,long_only,1.7056495524073627,1.8888615319057045
2025-12-16,3.208707336708949,-0.004043934837400842,1.928233693724489,0.0,0.3990621482786255,0.0,0.3990621482786255,0.6009378517213745,0.0,0.0,0.0,True,0,long_only,1.6934395535890554,1.8947870503605833
2025-12-17,3.255983294688158,0.014733645988324273,1.928233693724489,0.0,0.40778759618631083,0.0,0.40778759618631083,0.5922124038136891,0.0,0.0,0.0,True,0,long_only,1.7094238929768537,1.9047255090240192
2025-12-18,3.235593931292341,-0.006262121623621386,1.928233693724489,0.0,0.404055720627982,0.0,0.404055720627982,0.595944279372018,0.0,0.0,0.0,True,0,long_only,1.7103805687267508,1.891739178083037
2025-12-19,3.2399773122576474,0.0013547376643630038,1.928233693724489,0.0,0.4048619765238797,0.0,0.4048619765238797,0.5951380234761203,0.0,0.0,0.0,True,0,long_only,1.7169141970822805,1.8870933199595274
2025-12-22,3.265811319221202,0.00797351477302577,2.271861731117783,0.0,0.30434997339051617,0.0,0.30434997339051617,0.6956500266094838,0.00017189996868098757,0.0,0.1059545998032122,True,0,long_only,1.7264126711420034,1.8916747854155305
2025-12-23,3.257512593402455,-0.00254109163315841,2.271861731117783,0.0,0.30257775957058225,0.0,0.30257775957058225,0.6974222404294177,0.0,0.0,0.0,True,0,long_only,1.7227568536406395,1.890871939657922
2025-12-24,3.2982663244402097,0.012510690248840328,2.271861731117783,0.0,0.31119518327454365,0.0,0.31119518327454365,0.6888048167254563,0.0,0.0,0.0,True,0,long_only,1.73496508345793,1.9010563128258986
2025-12-25,3.2998372520531767,0.00047628889193274127,2.271861731117783,0.0,0.31152309717571114,0.0,0.31152309717571114,0.6884769028242889,0.0,0.0,0.0,True,0,long_only,1.745876281729687,1.8900750795376742
2025-12-26,3.2828146067819,-0.005158631766062127,2.271861731117783,0.0,0.30795308196070836,0.0,0.30795308196070836,0.6920469180392916,0.0,0.0,0.0,True,0,long_only,1.745117026493267,1.8811429588642352
2025-12-29,3.2703775957407326,-0.003788520684498531,2.3014366412848526,0.0,0.2962780064656165,0.0,0.2962780064656165,0.7037219935343835,0.00035027586435558156,0.0,0.21310560124197717,True,0,long_only,1.737671301213464,1.882046157669139
2025-12-30,3.2755932696995615,0.0015948231683158287,2.3014366412848526,0.0,0.29739853156556856,0.0,0.29739853156556856,0.7026014684344315,0.0,0.0,0.0,True,0,long_only,1.7400859876014256,1.8824318413222294
2025-12-31,3.2811716607332073,0.0017030170031329117,2.3014366412848526,0.0,0.2985930395453384,0.0,0.2985930395453384,0.7014069604546616,0.0,0.0,0.0,True,0,long_only,1.7403492149527289,1.885352452566441
2026-01-05,3.2797159468751373,-0.00044365672039980986,2.950877350845955,0.0,0.10026435257068347,0.0,0.10026435257068347,0.8997356474293166,0.0003248827961786406,0.0,0.19816709898321228,True,0,long_only,1.7654856580011562,1.8576848427012198
2026-01-06,3.285573973680391,0.0017861384644712874,2.950877350845955,0.0,0.10186853971804499,0.0,0.10186853971804499,0.898131460281955,0.0,0.0,0.0,True,0,long_only,1.7894067973510273,1.8361246746934432
2026-01-07,3.2852396114198172,-0.00010176677294504444,2.950877350845955,0.0,0.10177713047522796,0.0,0.10177713047522796,0.898222869524772,0.0,0.0,0.0,True,0,long_only,1.794744227218982,1.8304778818040324
2026-01-08,3.2860108737008744,0.00023476591429627547,2.950877350845955,0.0,0.10198795309446874,0.0,0.10198795309446874,0.8980120469055313,0.0,0.0,0.0,True,0,long_only,1.8017519478470196,1.8237864971520918
2026-01-09,3.3023366683438273,0.004968271643168931,2.950877350845955,0.0,0.10642746418527167,0.0,0.10642746418527167,0.8935725358147283,0.0,0.0,0.0,True,0,long_only,1.8177861730634923,1.8166804860103214
2026-01-12,3.300668200663564,-0.0005052385167924056,3.300668200663564,0.0,0.0,0.0,0.0,1.0,0.00017498291636698776,0.0,0.10602316234678555,True,0,long_only,1.8426756635699715,1.7912366597759803
2026-01-13,3.300668200663564,0.0,3.300668200663564,0.0,0.0,0.0,0.0,1.0,0.0,0.0,0.0,True,0,long_only,1.822334982278148,1.811230225376738
2026-01-14,3.300668200663564,0.0,3.300668200663564,0.0,0.0,0.0,0.0,1.0,0.0,0.0,0.0,True,0,long_only,1.825156892700182,1.808429847244789
2026-01-15,3.300668200663564,0.0,3.300668200663564,0.0,0.0,0.0,0.0,1.0,0.0,0.0,0.0,True,0,long_only,1.8288003271944282,1.8048269959176657
2026-01-16,3.300668200663564,0.0,3.300668200663564,0.0,0.0,0.0,0.0,1.0,0.0,0.0,0.0,True,0,long_only,1.8373354033003897,1.7964429329204685
2026-01-19,3.312555193651543,0.003601389859662296,2.310467740464494,0.0,0.3025119264752277,0.0,0.3025119264752277,0.6974880735247724,0.0004948528036976858,0.0,0.2998500749625188,True,0,long_only,1.8456037140530148,1.7948355697535132
2026-01-20,3.312151073244334,-0.00012199658076139652,2.310467740464494,0.0,0.3024268249330385,0.0,0.3024268249330385,0.6975731750669615,0.0,0.0,0.0,True,0,long_only,1.8337192114218026,1.806247681004665
2026-01-21,3.306283771359781,-0.001771447544150262,2.310467740464494,0.0,0.30118891775757517,0.0,0.30118891775757517,0.6988110822424248,0.0,0.0,0.0,True,0,long_only,1.8501935640912608,1.786993445187824
2026-01-22,3.314223229364393,0.002401323828700397,2.310467740464494,0.0,0.3028629695207346,0.0,0.3028629695207346,0.6971370304792655,0.0,0.0,0.0,True,0,long_only,1.8671214886214316,1.7750442322911792
2026-01-23,3.316707925769764,0.0007497070153139607,2.310467740464494,0.0,0.30338522650339644,0.0,0.30338522650339644,0.6966147734966035,0.0,0.0,0.0,True,0,long_only,1.891001233347509,1.7539427617920824
2026-01-26,3.30796037879192,-0.0026374185408001294,1.9884393530290108,0.0,0.3988926331230132,0.0,0.3988926331230132,0.6011073668769868,0.000176027428633011,0.0,0.10626719835174685,True,0,long_only,1.8685536718446507,1.7703320106006246
2026-01-27,3.2949625350461154,-0.003929262221257668,2.3216978016674146,0.0,0.2953796053905903,0.0,0.2953796053905903,0.7046203946094096,0.0001667125806095066,0.0,0.10082069722912375,True,0,long_only,1.87143820490268,1.760657940194965
2026-01-28,3.3310281862488176,0.010945693864223838,2.3216978016674146,0.0,0.3030086592326449,0.0,0.3030086592326449,0.6969913407673551,0.0,0.0,0.0,True,0,long_only,1.88736593625794,1.7649085014500214
2026-01-29,3.3061237706214692,-0.007476495014409945,2.3216978016674146,0.0,0.2977583530603897,0.0,0.2977583530603897,0.7022416469396102,0.0,0.0,0.0,True,0,long_only,1.8741415922565872,1.764073634714378
2026-01-30,3.289699745275944,-0.004967758766768138,2.6483719951823863,0.0,0.19495023854821814,0.0,0.19495023854821814,0.8050497614517819,0.0001634188061605661,0.0,0.09909298573739034,True,0,long_only,1.8416836077997378,1.7862458737992208
2026-02-02,3.278559851388996,-0.0033862950267559144,2.6256886909457533,0.0,0.19913351899513043,0.0,0.19913351899513043,0.8008664810048696,1.1335984126253308e-05,0.0,0.006908739675766836,True,0,long_only,1.7977175641280558,1.8237346715690521
2026-02-03,3.2868279599554695,0.0025218720844675246,2.6256886909457533,0.0,0.20114812124778012,0.0,0.20114812124778012,0.7988518787522199,0.0,0.0,0.0,True,0,long_only,1.8449300784658091,1.7815460858487933
2026-02-04,3.276005260703161,-0.0032927489312386538,2.6256886909457533,0.0,0.19850901265580498,0.0,0.19850901265580498,0.801490987344195,0.0,0.0,0.0,True,0,long_only,1.8442514896757563,1.7763332598848143
2026-02-05,3.275285354542123,-0.00021975122252493318,2.6256886909457533,0.0,0.19833284531850556,0.0,0.19833284531850556,0.8016671546814944,0.0,0.0,0.0,True,0,long_only,1.8287465495635167,1.7910001554473827
2026-02-06,3.2723920924762218,-0.0008833618304093793,2.6256886909457533,0.0,0.19762405703685332,0.0,0.19762405703685332,0.8023759429631467,0.0,0.0,0.0,True,0,long_only,1.842538389091066,1.7760238331264893
2026-02-09,3.27846805914064,0.0018567355294580867,2.617856009676955,0.0,0.2015002243568742,0.0,0.2015002243568742,0.7984997756431258,3.9143834426777695e-06,0.0,0.0023927752846061843,True,0,long_only,1.865629159363641,1.757298894416355
2026-02-10,3.269851426593774,-0.002628249655457937,2.953856473998921,0.0,0.0966389328961123,0.0,0.0966389328961123,0.9033610671038876,0.00016808427429813186,0.0,0.1026571429753855,True,0,long_only,1.8613014752760881,1.7567554047679217
2026-02-11,3.2768410595689264,0.0021375995613457377,2.953856473998921,0.0,0.09856583816503281,0.0,0.09856583816503281,0.9014341618349672,0.0,0.0,0.0,True,0,long_only,1.8622634580290356,1.7596012236834835
2026-02-12,3.277102155353571,7.967911165018826e-05,3.277102155353571,0.0,0.0,0.0,0.0,1.0,0.00016170369252358686,0.0,0.09868213209457817,True,0,long_only,1.8706601982554822,1.7518425625400549
2026-02-13,3.277102155353571,0.0,3.277102155353571,0.0,0.0,0.0,0.0,1.0,0.0,0.0,0.0,True,0,long_only,1.8625284543813558,1.7594910551001863
2026-02-24,3.277102155353571,0.0,3.277102155353571,0.0,0.0,0.0,0.0,1.0,0.0,0.0,0.0,True,0,long_only,1.8778161611687292,1.745166658547631
2026-02-25,3.277102155353571,0.0,3.277102155353571,0.0,0.0,0.0,0.0,1.0,0.0,0.0,0.0,True,0,long_only,1.8801385057036133,1.7430110310554836
2026-02-26,3.277102155353571,0.0,3.277102155353571,0.0,0.0,0.0,0.0,1.0,0.0,0.0,0.0,True,0,long_only,1.8607460089568058,1.7611765064006883
2026-02-27,3.277102155353571,0.0,3.277102155353571,0.0,0.0,0.0,0.0,1.0,0.0,0.0,0.0,True,0,long_only,1.8581664516740763,1.7636214195994844
2026-03-02,3.283185686467564,0.0018563751831948139,2.9493919398182142,0.0,0.10166764189584555,0.0,0.10166764189584555,0.8983323581041545,0.00016377322115710007,0.0,0.09995002498750627,True,0,long_only,1.8549748200395269,1.7699354465618051
2026-03-03,3.2764001386808586,-0.002066757239675421,2.9493919398182142,0.0,0.09980716183045463,0.0,0.09980716183045463,0.9001928381695454,0.0,0.0,0.0,True,0,long_only,1.8214437595658732,1.7987929198877723
2026-03-04,3.2752845486210105,-0.00034049261769875105,2.9493919398182142,0.0,0.0995005484149481,0.0,0.0995005484149481,0.900499451585052,0.0,0.0,0.0,True,0,long_only,1.8172169085362793,1.802363016344134
2026-03-05,3.282930365855929,0.002334397858084536,2.9493919398182142,0.0,0.10159777664085613,0.0,0.10159777664085613,0.8984022233591439,0.0,0.0,0.0,True,0,long_only,1.8149090698097332,1.8088676840433093
2026-03-06,3.2828774615850493,-1.6114953710122393e-05,2.9493919398182142,0.0,0.10158329869730222,0.0,0.10158329869730222,0.8984167013026978,0.0,0.0,0.0,True,0,long_only,1.8196715743472212,1.8041043822771867
2026-03-09,3.278154030269795,-0.0014388082925805845,3.278154030269795,0.0,0.0,0.0,0.0,1.0,0.00016446327686422266,0.0,0.10033392252032079,True,0,long_only,1.814176703388769,1.806965123158294
2026-03-10,3.278154030269795,0.0,3.278154030269795,0.0,0.0,0.0,0.0,1.0,0.0,0.0,0.0,True,0,long_only,1.831556076978433,1.7898190896114157
2026-03-11,3.278154030269795,0.0,3.278154030269795,0.0,0.0,0.0,0.0,1.0,0.0,0.0,0.0,True,0,long_only,1.8378721182088935,1.7836681876781146
2026-03-12,3.278154030269795,0.0,3.278154030269795,0.0,0.0,0.0,0.0,1.0,0.0,0.0,0.0,True,0,long_only,1.8185061564773386,1.802663146667574
2026-03-13,3.278154030269795,0.0,3.278154030269795,0.0,0.0,0.0,0.0,1.0,0.0,0.0,0.0,True,0,long_only,1.7996698336502204,1.821530799135976
2026-03-16,3.27689611629407,-0.0003837263179550243,1.6390770151348981,0.0,0.4998080631898168,0.0,0.4998080631898168,0.5001919368101833,0.0008191289430959009,0.0,0.4997501249375313,True,0,long_only,1.793176184717671,1.8274256284582573
2026-03-17,3.267596256130362,-0.002838008845463702,1.6390770151348981,0.0,0.498384473889694,0.0,0.498384473889694,0.501615526110306,0.0,0.0,0.0,True,0,long_only,1.7657230579376137,1.8505712101573588
2026-03-18,3.2816211761250123,0.004292121454215314,1.6390770151348981,0.0,0.5005282672296915,0.0,0.5005282672296915,0.49947173277030854,0.0,0.0,0.0,True,0,long_only,1.7823421148902476,1.8411847808057247
2026-03-19,3.273288585346017,-0.0025391690057395833,1.6390770151348981,0.0,0.49925679560525754,0.0,0.49925679560525754,0.5007432043947424,0.0,0.0,0.0,True,0,long_only,1.753085314673439,1.8671587503177265
2026-03-20,3.2598480161982626,-0.004106136320496057,1.6390770151348981,0.0,0.49719219822817345,0.0,0.49719219822817345,0.5028078017718265,0.0,0.0,0.0,True,0,long_only,1.7429015296197994,1.8703569655535122
2026-03-23,3.2464495686242283,-0.0041101448618025005,1.6261789777161824,0.0,0.4990900233188221,0.0,0.4990900233188221,0.500909976681178,0.0006521220607022028,0.0,0.40115384970809964,True,0,long_only,1.7260896515563318,1.880811674930709
2026-03-24,3.305438809992319,0.018170385869597627,1.6261789777161824,0.0,0.5080293204036165,0.0,0.5080293204036165,0.4919706795963835,0.0,0.0,0.0,True,0,long_only,1.7638121830392428,1.8740310571484338
2026-03-25,3.3540907522381533,0.014718754465748995,1.6261789777161824,0.0,0.5151654806504421,0.0,0.5151654806504421,0.4848345193495579,0.0,0.0,0.0,True,0,long_only,1.781930645253735,1.8822790669052967
2026-03-26,3.3009637498173303,-0.01583946480439502,1.6261789777161824,0.0,0.5073623641561734,0.0,0.5073623641561734,0.4926376358438266,0.0,0.0,0.0,True,0,long_only,1.7573673585347576,1.8783572676401472
2026-03-27,3.289200337348312,-0.0035636297034977726,1.6261789777161824,0.0,0.5056005074390892,0.0,0.5056005074390892,0.49439949256091076,0.0,0.0,0.0,True,0,long_only,1.765238705459208,1.8633175939186433
2026-03-30,3.2625633166043126,-0.008098327256488735,2.291854626618808,0.0,0.297529456377209,0.0,0.297529456377209,0.7024705436227909,0.00035505727198195924,0.0,0.2169261496889548,True,0,long_only,1.7488719080515729,1.8655244569850464
2026-03-31,3.249880766266058,-0.003887296308920374,2.291854626618808,0.0,0.2947880887174737,0.0,0.2947880887174737,0.7052119112825264,0.0,0.0,0.0,True,0,long_only,1.7204610441210082,1.8889592283250083
2026-04-01,3.262979241504671,0.004030447939683324,2.291854626618808,0.0,0.29761899877672665,0.0,0.29761899877672665,0.7023810012232734,0.0,0.0,0.0,True,0,long_only,1.7530361364451712,1.861330279318361
2026-04-02,3.2526827706969583,-0.0031555428476965908,2.291854626618808,0.0,0.29539558936830246,0.0,0.29539558936830246,0.7046044106316975,0.0,0.0,0.0,True,0,long_only,1.7348865398127833,1.8748677196192696
2026-04-03,3.2528808956179356,6.0911233878080395e-05,2.291854626618808,0.0,0.29543850507830116,0.0,0.29543850507830116,0.7045614949216988,0.0,0.0,0.0,True,0,long_only,1.7373992288570768,1.872270254061179
2026-04-07,3.253975449131269,0.0003364874240576743,2.927520867183739,0.0,0.10032484480935022,0.0,0.10032484480935022,0.8996751551906498,0.00032368916660064224,0.0,0.19901412112992892,True,0,long_only,1.7440195382624306,1.865790708040582
2026-04-08,3.262181070509804,0.0025217219695761184,2.927520867183739,0.0,0.10258786869662191,0.0,0.10258786869662191,0.897412131303378,0.0,0.0,0.0,True,0,long_only,1.7951709102642393,1.8171980460788713
2026-04-09,3.2622522742859794,2.182704596598306e-05,2.927520867183739,0.0,0.10260745612492657,0.0,0.10260745612492657,0.8973925438750734,0.0,0.0,0.0,True,0,long_only,1.7915582563876857,1.820902146304553
2026-04-10,3.2617489372474995,-0.00015429126755395206,2.927520867183739,0.0,0.10246897492539894,0.0,0.10246897492539894,0.897531025074601,0.0,0.0,0.0,True,0,long_only,1.7862105663138335,1.8260719081842096
2026-04-13,3.2623202040098698,0.00017514124273843024,2.6085645405010087,0.0,0.20039592149945898,0.0,0.20039592149945898,0.799604078500541,0.0001664719733949902,0.0,0.10211548530229408,True,0,long_only,1.7783703538072793,1.8344436506297075
2026-04-14,3.267612610295199,0.0016222829012382256,2.6085645405010087,0.0,0.2016910045327102,0.0,0.2016910045327102,0.7983089954672898,0.0,0.0,0.0,True,0,long_only,1.7950106387721152,1.820386208145498
2026-04-15,3.268955110877447,0.0004108505941060603,2.6085645405010087,0.0,0.2020188555599888,0.0,0.2020188555599888,0.7979811444400112,0.0,0.0,0.0,True,0,long_only,1.7959156596923214,1.8202163855720754
2026-04-16,3.278611073841177,0.0029538377359785706,2.6085645405010087,0.0,0.2043690203715291,0.0,0.2043690203715291,0.7956309796284708,0.0,0.0,0.0,True,0,long_only,1.8209477316807563,1.8004970800644453
2026-04-17,3.279874703360892,0.0003854161079968055,2.6085645405010087,0.0,0.20467555122517062,0.0,0.20467555122517062,0.7953244487748294,0.0,0.0,0.0,True,0,long_only,1.8248798671409476,1.7973099284061342
2026-04-20,3.2760098869579735,-0.0011783426967374444,1.9681705419807283,0.0,0.399217154436513,0.0,0.399217154436513,0.6007828455634869,0.00033548132990797046,0.0,0.2045912775936409,True,0,long_only,1.8265894297236043,1.793511904562862
2026-04-21,3.268680904907926,-0.002237167256187056,1.9681705419807283,0.0,0.39787008911591243,0.0,0.39787008911591243,0.6021299108840876,0.0,0.0,0.0,True,0,long_only,1.8201000263934952,1.795879818421175
2026-04-22,3.2695126357384114,0.0002544545811238308,1.9681705419807283,0.0,0.3980232648539002,0.0,0.3980232648539002,0.6019767351460998,0.0,0.0,0.0,True,0,long_only,1.8330413302321564,1.7836546191374334
2026-04-23,3.2925168503785525,0.007035976673919642,1.9681705419807283,0.0,0.40222916649479246,0.0,0.40222916649479246,0.5977708335052075,0.0,0.0,0.0,True,0,long_only,1.8250242176239204,1.8040948819107867
2026-04-24,3.2583153310294066,-0.010387652031367267,1.9681705419807283,0.0,0.3959545525758185,0.0,0.3959545525758185,0.6040454474241814,0.0,0.0,0.0,True,0,long_only,1.8186441385566507,1.7916178662722533
2026-04-27,3.260963449656787,0.0008127263196910928,2.605015496941029,0.0,0.20115158076512518,0.0,0.20115158076512518,0.7988484192348748,0.000356996653608904,0.0,0.2192754544294037,True,0,long_only,1.8249371827738927,1.7868907929752103
2026-04-28,3.2466656332078525,-0.004384537474788175,2.936471544446336,0.0,0.09554235754638851,0.0,0.09554235754638851,0.9044576424536115,0.00016581092921726215,0.0,0.1017740365015142,True,0,long_only,1.8121193552062054,1.791640061610846
2026-04-29,3.2513352791071983,0.0014382897492071223,2.936471544446336,0.0,0.09684136135825461,0.0,0.09684136135825461,0.9031586386417454,0.0,0.0,0.0,True,0,long_only,1.827298091530943,1.7793130164018132
2026-04-30,3.251112596899313,-6.848946318027682e-05,2.936471544446336,0.0,0.09677950027109485,0.0,0.09677950027109485,0.9032204997289052,0.0,0.0,0.0,True,0,long_only,1.8258768761140283,1.7805760286633243
2026-05-06,3.2464804962504084,-0.0014247739845498764,2.9267840206336557,0.0,0.098474787076649,0.0,0.098474787076649,0.901525212923351,4.841341235722507e-06,0.0,0.0029776473293080417,True,0,long_only,1.8474250774999346,1.7573002206096358
2026-05-07,3.2561455944191238,0.002977100333693139,2.9267840206336557,0.0,0.10115075147437437,0.0,0.10115075147437437,0.8988492485256256,0.0,0.0,0.0,True,0,long_only,1.8530427171289539,1.757188630526604
2026-05-08,3.2581332398748604,0.0006104289252739648,2.9267840206336557,0.0,0.10169910032713429,0.0,0.10169910032713429,0.8983008996728657,0.0,0.0,0.0,True,0,long_only,1.852719343743079,1.7585681559800639
2026-05-11,3.243384141196054,-0.004526855592735912,2.9316911399486196,0.0,0.09610116707683355,0.0,0.09610116707683355,0.9038988329231664,2.4547870510073615e-06,0.0,0.0015072813024160435,True,0,long_only,1.8582513637228837,1.7453958084002954
2026-05-12,3.240641423673289,-0.0008456344988335696,2.9316911399486196,0.0,0.09533615211721641,0.0,0.09533615211721641,0.9046638478827835,0.0,0.0,0.0,True,0,long_only,1.83528371592108,1.7657441165966525
2026-05-13,3.2371728921976737,-0.0010703225140175077,2.9316911399486196,0.0,0.09436683254865226,0.0,0.09436683254865226,0.9056331674513477,0.0,0.0,0.0,True,0,long_only,1.8428801600875162,1.7565835057033465
2026-05-14,3.232187160839309,-0.0015401498543317071,2.9316911399486196,0.0,0.09296987022640697,0.0,0.09296987022640697,0.907030129773593,0.0,0.0,0.0,True,0,long_only,1.8142877966526256,1.7815184375944755
2026-05-15,3.232689125629131,0.00015530189461276933,2.9316911399486196,0.0,0.09311071185106062,0.0,0.09311071185106062,0.9068892881489394,0.0,0.0,0.0,True,0,long_only,1.8001110225038157,1.795827637971301
2026-05-18,3.245853187724847,0.004072170748294246,2.5863318992947124,0.0,0.2031888844893876,0.0,0.2031888844893876,0.7968111155106123,0.0001725933236651209,0.0,0.10678003170597579,True,0,long_only,1.7977295933349704,1.805529151747155
2026-05-19,3.2401784022900624,-0.0017483185796095535,2.5863318992947124,0.0,0.20179336499904774,0.0,0.20179336499904774,0.7982066350009522,0.0,0.0,0.0,True,0,long_only,1.8266184413402802,1.7738671246046238
2026-05-20,3.237587224030289,-0.0007997023429149319,2.5863318992947124,0.0,0.20115452640218467,0.0,0.20115452640218467,0.7988454735978153,0.0,0.0,0.0,True,0,long_only,1.8208097496014441,1.7781029702520883
2026-05-21,3.2322243652566987,-0.0016564368471019275,2.9249167581413102,0.0,0.09507619904690076,0.0,0.09507619904690076,0.9049238009530992,0.00016937711798229005,0.0,0.10456337273457622,True,0,long_only,1.798841233573941,1.796836933093261
2026-05-22,3.242409412011684,0.003151095222369227,2.9249167581413102,0.0,0.09791874298606615,0.0,0.09791874298606615,0.9020812570139338,0.0,0.0,0.0,True,0,long_only,1.8023413789858247,1.79899848597838
2026-05-25,3.2321195975769377,-0.0031735086866659934,2.593693212489443,0.0,0.19752560690084348,0.0,0.19752560690084348,0.8024743930991565,0.000165529008321773,0.0,0.10211918386572527,True,0,long_only,1.8039345413015744,1.7917055877453845
2026-05-26,3.2287066769619854,-0.0010559388388693414,2.9115824301782776,0.0,0.0982202096729649,0.0,0.0982202096729649,0.9017797903270351,0.00015902412090486973,0.0,0.09857645523287123,True,0,long_only,1.7972625770665294,1.7964579678901689
2026-05-27,3.218850427910399,-0.0030526926220689754,2.9115824301782776,0.0,0.09545892380330089,0.0,0.09545892380330089,0.9045410761966991,0.0,0.0,0.0,True,0,long_only,1.7826088802435844,1.8056963945285402
2026-05-28,3.2200603674491455,0.00037589181785380177,2.9115824301782776,0.0,0.09579880563395667,0.0,0.09579880563395667,0.9042011943660433,0.0,0.0,0.0,True,0,long_only,1.7993369076588546,1.7895816807530593
2026-05-29,3.218052864768753,-0.000623436349419193,2.9115824301782776,0.0,0.0952347420844804,0.0,0.0952347420844804,0.9047652579155196,0.0,0.0,0.0,True,0,long_only,1.7810224401316987,1.8068570009318874
2026-06-01,3.225097916423339,0.002189228067604132,2.5746279880787433,0.0,0.20168997816536757,0.0,0.20168997816536757,0.7983100218346324,0.00016839302453749855,0.0,0.10465515207473025,True,0,long_only,1.79141779770695,1.8003047198434265
2026-06-02,3.218736096220848,-0.00197259753575052,2.5746279880787433,0.0,0.20011212130698103,0.0,0.20011212130698103,0.799887878693019,0.0,0.0,0.0,True,0,long_only,1.7985465180045386,1.7896318299245266
2026-06-03,3.2103633560200606,-0.0026012509104482717,2.5746279880787433,0.0,0.19802598567205457,0.0,0.19802598567205457,0.8019740143279455,0.0,0.0,0.0,True,0,long_only,1.7912115321883886,1.7922860021439468
2026-06-04,3.2052324262179415,-0.0015982395863377574,2.5746279880787433,0.0,0.19674218723766285,0.0,0.19674218723766285,0.8032578127623371,0.0,0.0,0.0,True,0,long_only,1.7820498759222687,1.7986210540595164
2026-06-05,3.202569534950286,-0.0008307950605622727,2.5746279880787433,0.0,0.19607428972851018,0.0,0.19607428972851018,0.8039257102714898,0.0,0.0,0.0,True,0,long_only,1.7760766670888684,1.8031707720137742
2026-06-08,3.2015230171497575,-0.00032677441944883867,2.559678829648059,0.0,0.2004808911457141,0.0,0.2004808911457141,0.7995191088542859,0.0006324415490174523,0.0,0.39528693998513503,True,0,long_only,1.7591229151438517,1.8199541314530339
2026-06-09,3.2155673859940763,0.004386777408466713,2.559678829648059,0.0,0.2039728849107147,0.0,0.2039728849107147,0.7960271150892853,0.0,0.0,0.0,True,0,long_only,1.7780540564254717,1.8084756053246906
2026-06-10,3.1907202406385027,-0.007727141861122,2.559678829648059,0.0,0.19777397057667598,0.0,0.19777397057667598,0.802226029423324,0.0,0.0,0.0,True,0,long_only,1.7595906390126992,1.813330992956865
2026-06-11,3.1954729836776083,0.0014895517878916742,2.559678829648059,0.0,0.19896715048982397,0.0,0.19896715048982397,0.8010328495101761,0.0,0.0,0.0,True,0,long_only,1.7645265056498354,1.8109521015672063
2026-06-12,3.221731041370107,0.008217267937054684,2.559678829648059,0.0,0.2054958043426545,0.0,0.2054958043426545,0.7945041956573455,0.0,0.0,0.0,True,0,long_only,1.7808313880218818,1.8091162717817733
2026-06-15,3.2131311803866067,-0.0026693292745638697,2.5807312247073795,0.0,0.19681734737115092,0.0,0.19681734737115092,0.803182652628849,0.0003330826482488355,0.0,0.2065088300759317,True,0,long_only,1.8080856790876483,1.7770901111323099
2026-06-16,3.2256766179542997,0.0039044274458110984,2.5807312247073795,0.0,0.1999411192235197,0.0,0.1999411192235197,0.8000588807764804,0.0,0.0,0.0,True,0,long_only,1.8172268149419732,1.7750544904089478
2026-06-17,3.2274163864279997,0.0005393499348371744,2.5807312247073795,0.0,0.2003723983183807,0.0,0.2003723983183807,0.7996276016816193,0.0,0.0,0.0,True,0,long_only,1.8119116744868307,1.781221696329137
2026-06-18,3.1987708691757506,-0.008875680675325737,2.5807312247073795,0.0,0.1932116021262961,0.0,0.1932116021262961,0.8067883978737039,0.0,0.0,0.0,True,0,long_only,1.7960292295576012,1.7810238366575322
2026-06-22,3.2011133337326005,0.0007323014534807992,2.8805084473595035,0.0,0.10015418167005705,0.0,0.10015418167005705,0.8998458183299429,0.00016694056545934075,0.0,0.10432030492142645,True,0,long_only,1.7947109699998656,1.7836372470230348
2026-06-23,3.1788969558436295,-0.006940203476977769,2.8805084473595035,0.0,0.0938654233304452,0.0,0.0938654233304452,0.9061345766695548,0.0,0.0,0.0,True,0,long_only,1.7801581062348795,1.7857385502499834
2026-06-24,3.1728457583227057,-0.0019035525860000568,2.8805084473595035,0.0,0.09213725886181838,0.0,0.09213725886181838,0.9078627411381817,0.0,0.0,0.0,True,0,long_only,1.7847394650682444,1.7777641053067559
2026-06-25,3.1945305356818006,0.006834488346057599,2.8805084473595035,0.0,0.09829991756684711,0.0,0.09829991756684711,0.9017000824331529,0.0,0.0,0.0,True,0,long_only,1.7724151887842505,1.8023601670176495
2026-06-26,3.1879002329027992,-0.002075517108051761,2.8805084473595035,0.0,0.09642453122298446,0.0,0.09642453122298446,0.9035754687770156,0.0,0.0,0.0,True,0,long_only,1.7591006257310398,1.8122330162767037
2026-06-29,3.1848631091354456,-0.0009527035181361443,2.869203861790974,0.0,0.09911234377359476,0.0,0.09911234377359476,0.9008876562264052,0.00031314538844357605,0.0,0.19644282189156143,True,0,long_only,1.7613836984433497,1.8081597507403515
2026-06-30,3.1846118411903497,-7.88944254386248e-05,2.869203861790974,0.0,0.09904126315170722,0.0,0.09904126315170722,0.9009587368482928,0.0,0.0,0.0,True,0,long_only,1.784109700706256,1.7849865621658199
2026-07-01,3.1985494295077053,0.004376542263984762,2.869203861790974,0.0,0.10296716526510642,0.0,0.10296716526510642,0.8970328347348936,0.0,0.0,0.0,True,0,long_only,1.7939223493465664,1.7829921293264295
2026-07-02,3.19360634418073,-0.0015454147062332613,2.869203861790974,0.0,0.10157873182487578,0.0,0.10157873182487578,0.8984212681751242,0.0,0.0,0.0,True,0,long_only,1.7853915188430451,1.7887428670268495
2026-07-03,3.1943468063552167,0.00023185768522648864,2.869203861790974,0.0,0.10178698941435045,0.0,0.10178698941435045,0.8982130105856495,0.0,0.0,0.0,True,0,long_only,1.793451795076092,1.7811166238899039
2026-07-06,3.1954666164184933,0.00035055995205302004,3.1954666164184933,0.0,0.0,0.0,0.0,1.0,0.00016321298380566265,0.0,0.10214761566184873,True,0,long_only,1.794199728706004,1.7809982719834083
2026-07-07,3.1954666164184933,0.0,3.1954666164184933,0.0,0.0,0.0,0.0,1.0,0.0,0.0,0.0,True,0,long_only,1.7769310945799932,1.7983064318956015
2026-07-08,3.1954666164184933,0.0,3.1954666164184933,0.0,0.0,0.0,0.0,1.0,0.0,0.0,0.0,True,0,long_only,1.7705641061202482,1.8047731823845483
2026-07-09,3.1954666164184933,0.0,3.1954666164184933,0.0,0.0,0.0,0.0,1.0,0.0,0.0,0.0,True,0,long_only,1.7803597723507973,1.7948431918337386
2026-07-10,3.1954666164184933,0.0,3.1954666164184933,0.0,0.0,0.0,0.0,1.0,0.0,0.0,0.0,True,0,long_only,1.7709437337384581,1.8043863029306249
2026-07-13,3.1954666164184933,0.0,3.1954666164184933,0.0,0.0,0.0,0.0,1.0,0.0,0.0,0.0,True,0,long_only,1.749801341185811,1.8261882313182929
2026-07-14,3.1954666164184933,0.0,3.1954666164184933,0.0,0.0,0.0,0.0,1.0,0.0,0.0,0.0,True,0,long_only,1.7700174848060504,1.8053305370419188
2026-07-15,3.1954666164184933,0.0,3.1954666164184933,0.0,0.0,0.0,0.0,1.0,0.0,0.0,0.0,True,0,long_only,1.765017580332105,1.8104446392070697
2026-07-16,3.1954666164184933,0.0,3.1954666164184933,0.0,0.0,0.0,0.0,1.0,0.0,0.0,0.0,True,0,long_only,1.7570963475789807,1.818606373419064
2026-07-17,3.1954666164184933,0.0,3.1954666164184933,0.0,0.0,0.0,0.0,1.0,0.0,0.0,0.0,True,0,long_only,1.7437948751332943,1.8324784996138002
2026-07-20,3.1954666164184933,0.0,3.1954666164184933,0.0,0.0,0.0,0.0,1.0,0.0,0.0,0.0,True,0,long_only,1.7429142664271204,1.8334043607142112
2026-07-21,3.1954666164184933,0.0,3.1954666164184933,0.0,0.0,0.0,0.0,1.0,0.0,0.0,0.0,True,0,long_only,1.7671421505533083,1.8082680079913003
2026-07-22,3.1954666164184933,0.0,3.1954666164184933,0.0,0.0,0.0,0.0,1.0,0.0,0.0,0.0,True,0,long_only,1.7605766801794758,1.8150113269095116
2026-07-23,3.1954666164184933,0.0,3.1954666164184933,0.0,0.0,0.0,0.0,1.0,0.0,0.0,0.0,True,0,long_only,1.7630592962064835,1.8124555556889512
2026-07-24,3.1954666164184933,0.0,3.1954666164184933,0.0,0.0,0.0,0.0,1.0,0.0,0.0,0.0,True,0,long_only,1.7505669648258912,1.8253895341480464
2026-07-27,3.1954666164184933,0.0,3.1954666164184933,0.0,0.0,0.0,0.0,1.0,0.0,0.0,0.0,True,0,long_only,1.7718721054720863,1.8034408953952765
2026-07-28,3.1954666164184933,0.0,3.1954666164184933,0.0,0.0,0.0,0.0,1.0,0.0,0.0,0.0,True,0,long_only,1.749553681043456,1.8264467395551285
2026-07-29,3.1954666164184933,0.0,3.1954666164184933,0.0,0.0,0.0,0.0,1.0,0.0,0.0,0.0,True,0,long_only,1.7634509530316078,1.8120530150980718
2026-07-30,3.1954666164184933,0.0,3.1954666164184933,0.0,0.0,0.0,0.0,1.0,0.0,0.0,0.0,True,0,long_only,1.7554844338524527,1.8202762467143985
2026-07-31,3.1954666164184933,0.0,3.1954666164184933,0.0,0.0,0.0,0.0,1.0,0.0,0.0,0.0,True,0,long_only,1.7678815929783398,1.8075116733554024
2026-08-03,3.1954666164184933,0.0,3.1954666164184933,0.0,0.0,0.0,0.0,1.0,0.0,0.0,0.0,True,0,long_only,1.7616490485958733,1.8139064752797658
2026-08-04,3.1954666164184933,0.0,3.1954666164184933,0.0,0.0,0.0,0.0,1.0,0.0,0.0,0.0,True,0,long_only,1.7770039774218862,1.7982326753452413
2026-08-05,3.1954666164184933,0.0,3.1954666164184933,0.0,0.0,0.0,0.0,1.0,0.0,0.0,0.0,True,0,long_only,1.7918879981772216,1.7832959535802722
2026-08-06,3.1954666164184933,0.0,3.1954666164184933,0.0,0.0,0.0,0.0,1.0,0.0,0.0,0.0,True,0,long_only,1.7874329460164573,1.787740694575444
2026-08-07,3.1954666164184933,0.0,3.1954666164184933,0.0,0.0,0.0,0.0,1.0,0.0,0.0,0.0,True,0,long_only,1.7894963088024782,1.7856793560847763
2026-08-10,3.1954666164184933,0.0,3.1954666164184933,0.0,0.0,0.0,0.0,1.0,0.0,0.0,0.0,True,0,long_only,1.7857290442370546,1.7894465158255537
2026-08-11,3.1954666164184933,0.0,3.1954666164184933,0.0,0.0,0.0,0.0,1.0,0.0,0.0,0.0,True,0,long_only,1.7740186113058978,1.801258789537858
2026-08-12,3.1954666164184933,0.0,3.1954666164184933,0.0,0.0,0.0,0.0,1.0,0.0,0.0,0.0,True,0,long_only,1.7659172942492607,1.8095222391357646
2026-08-13,3.1954666164184933,0.0,3.1954666164184933,0.0,0.0,0.0,0.0,1.0,0.0,0.0,0.0,True,0,long_only,1.7466174931557352,1.8295171260680676
2026-08-14,3.1954666164184933,0.0,3.1954666164184933,0.0,0.0,0.0,0.0,1.0,0.0,0.0,0.0,True,0,long_only,1.7459438575685293,1.83022300663701
2026-08-17,3.1954666164184933,0.0,3.1954666164184933,0.0,0.0,0.0,0.0,1.0,0.0,0.0,0.0,True,0,long_only,1.7642399274851104,1.811242658459481
2026-08-18,3.1954666164184933,0.0,3.1954666164184933,0.0,0.0,0.0,0.0,1.0,0.0,0.0,0.0,True,0,long_only,1.75898917866698,1.8166493888496364
2026-08-19,3.1954666164184933,0.0,3.1954666164184933,0.0,0.0,0.0,0.0,1.0,0.0,0.0,0.0,True,0,long_only,1.7389846075683526,1.8375473839798735
2026-08-20,3.1954666164184933,0.0,3.1954666164184933,0.0,0.0,0.0,0.0,1.0,0.0,0.0,0.0,True,0,long_only,1.7391795514804063,1.8373414140584172
2026-08-21,3.1954666164184933,0.0,3.1954666164184933,0.0,0.0,0.0,0.0,1.0,0.0,0.0,0.0,True,0,long_only,1.7383109719811467,1.838259475965127
2026-08-24,3.1955952350938275,4.025035801435983e-05,2.875919954776644,0.0,0.10003622386418934,0.0,0.10003622386418934,0.8999637761358107,0.00015969348407888527,0.0,0.09995002498750627,True,0,long_only,1.7332265092585977,1.8437262631418962
2026-08-25,3.19960539512929,0.0012549023704329088,2.875919954776644,0.0,0.10116417507152205,0.0,0.10116417507152205,0.8988358249284779,0.0,0.0,0.0,True,0,long_only,1.7434417825303365,1.835223537252593
2026-08-26,3.2011229654956517,0.0004742992272332991,2.875919954776644,0.0,0.1015902901026653,0.0,0.1015902901026653,0.8984097098973347,0.0,0.0,0.0,True,0,long_only,1.7491903282346006,1.8300598361565594
2026-08-27,3.2019485866794235,0.000257916110274925,2.875919954776644,0.0,0.10182194469302422,0.0,0.10182194469302422,0.8981780553069758,0.0,0.0,0.0,True,0,long_only,1.7611056114835055,1.8181468310592643
2026-08-28,3.1984128311971753,-0.0011042511728507343,2.875919954776644,0.0,0.10082903409933518,0.0,0.10082903409933518,0.8991709659006648,0.0,0.0,0.0,True,0,long_only,1.7543890684228365,1.8230920887306312
2026-08-31,3.19330351918569,-0.0015974523243681427,2.2390205782698707,0.0,0.29883878409377357,0.0,0.29883878409377357,0.7011612159062264,0.0003210200024944861,0.0,0.2007438098729652,True,0,long_only,1.750987987067895,1.82371526405102
2026-09-01,3.1916155094335523,-0.0005286092418075317,2.2390205782698707,0.0,0.2984679477675392,0.0,0.2984679477675392,0.7015320522324608,0.0,0.0,0.0,True,0,long_only,1.745706457632072,1.8282658550526039
2026-09-02,3.184710026634296,-0.0021636324234061144,2.2390205782698707,0.0,0.29694679906662036,0.0,0.29694679906662036,0.7030532009333796,0.0,0.0,0.0,True,0,long_only,1.7308447262895488,1.8399744230445394
2026-09-03,3.180477251934157,-0.0013290926535665104,2.2390205782698707,0.0,0.29601113263481266,0.0,0.29601113263481266,0.7039888673651873,0.0,0.0,0.0,True,0,long_only,1.7200439136812418,1.8490674724270804
2026-09-04,3.178034323451797,-0.0007681012278500932,2.2390205782698707,0.0,0.2954699822631318,0.0,0.2954699822631318,0.7045300177368682,0.0,0.0,0.0,True,0,long_only,1.7119861140496184,1.8563435166739257
2026-09-07,3.1768894878346337,-0.00036023387435279997,2.542686477669191,0.0,0.19963017681100237,0.0,0.19963017681100237,0.8003698231889976,0.00015809404247528027,0.0,0.09949149530056027,True,0,long_only,1.7205969033991002,1.8463880073005918
2026-09-08,3.1810148866856918,0.001298565425978948,2.542686477669191,0.0,0.2006681615003621,0.0,0.2006681615003621,0.799331838499638,0.0,0.0,0.0,True,0,long_only,1.7169771735184793,1.8526832713605994
2026-09-09,3.1769059391717342,-0.0012917096148011842,2.542686477669191,0.0,0.1996343214580326,0.0,0.1996343214580326,0.8003656785419674,0.0,0.0,0.0,True,0,long_only,1.7063189423921281,1.8618476653127674
2026-09-10,3.172808717096327,-0.001289689450634346,2.542686477669191,0.0,0.19860076531931847,0.0,0.19860076531931847,0.8013992346806815,0.0,0.0,0.0,True,0,long_only,1.6963891858845042,1.8703306667461523
2026-09-11,3.171415751744276,-0.0004390322506822031,2.542686477669191,0.0,0.19824877067261973,0.0,0.19824877067261973,0.8017512293273803,0.0,0.0,0.0,True,0,long_only,1.6898516657267375,1.8767420928513137
2026-09-14,3.1778544940081415,0.002030242253896919,2.2210109324827108,0.0,0.3010973483303165,0.0,0.3010973483303165,0.6989026516696835,0.00016075739389629203,0.0,0.10135106729207002,True,0,long_only,1.6983655138204974,1.8711251895709495
2026-09-15,3.1825920013624485,0.0014907880027985598,2.2210109324827108,0.0,0.30213771305529924,0.0,0.30213771305529924,0.6978622869447008,0.0,0.0,0.0,True,0,long_only,1.6907312130323013,1.8823760848742581
2026-09-16,3.1850662856237424,0.0007774431219065292,2.2210109324827108,0.0,0.3026798398175997,0.0,0.3026798398175997,0.6973201601824003,0.0,0.0,0.0,True,0,long_only,1.7006170983147082,1.8728885466223444
2026-09-17,3.18399166756397,-0.0003373926830416707,2.2210109324827108,0.0,0.30244448969240656,0.0,0.30244448969240656,0.6975555103075934,0.0,0.0,0.0,True,0,long_only,1.6970030292373413,1.8762439504865847
2026-09-18,3.182934505694437,-0.0003320240691276899,2.2210109324827108,0.0,0.302212807549384,0.0,0.302212807549384,0.697787192450616,0.0,0.0,0.0,True,0,long_only,1.7074341206331327,1.8641624102686754
2026-09-21,3.1799813516641593,-0.0009278086071183855,2.546537463131881,0.0,0.1991973595067725,0.0,0.1991973595067725,0.8008026404932275,0.0004811221853344146,0.0,0.3022831281286713,True,0,long_only,1.7091447446163992,1.8605687796078823
2026-09-22,3.1709533783116983,-0.002839001979598632,2.546537463131881,0.0,0.19691740643385713,0.0,0.19691740643385713,0.8030825935661429,0.0,0.0,0.0,True,0,long_only,1.7016243674936864,1.8634861129675635
2026-09-23,3.161632057146149,-0.002939595778766124,2.546537463131881,0.0,0.19454970815594644,0.0,0.19454970815594644,0.8054502918440536,0.0,0.0,0.0,True,0,long_only,1.6920975894176944,1.868469098306658
2026-09-24,3.1553416257199025,-0.001989615272285916,2.546537463131881,0.0,0.19294397716732825,0.0,0.19294397716732825,0.8070560228326717,0.0,0.0,0.0,True,0,long_only,1.6693408065370956,1.890172224487454
2026-09-28,3.1535912291822785,-0.0005547407365833479,1.5782099562713297,0.0,0.49955151394793895,0.0,0.49955151394793895,0.500448486052061,0.0004839217925340089,0.0,0.30671576738263767,True,0,long_only,1.6618950812572926,1.8975874378281785
2026-09-29,3.15837629459989,0.0015173385102456027,1.5782099562713297,0.0,0.5003097132632004,0.0,0.5003097132632004,0.4996902867367996,0.0,0.0,0.0,True,0,long_only,1.6615812604769087,1.9008256591034072
2026-09-30,3.1591167589669236,0.00023444463166089058,1.5782099562713297,0.0,0.500426835509737,0.0,0.500426835509737,0.499573164490263,0.0,0.0,0.0,True,0,long_only,1.6592376879298232,1.9039567278082086
