date,nav,return,cash,receivables,long_exposure,short_exposure,net_exposure,idle_cash_weight,cost,borrow_cost,turnover,marked_prices_verified,stale_mark_count,mode,benchmark_nav,excess_nav
2019-01-28,0.9977274144126379,-0.002272585587362097,0.9,0.0,0.097950014203198,0.0,0.097950014203198,0.902049985796802,9.990009990009993e-05,0.0,0.09990009990009993,True,0,long_only,0.9964512476034993,1.001280711737988
2019-01-29,0.9969498663152234,-0.0007793191669211996,0.9,0.0,0.09724648108290035,0.0,0.09724648108290035,0.9027535189170997,0.0,0.0,0.0,True,0,long_only,0.994642478359489,1.0023198164224194
2019-01-30,0.9967761362226131,-0.00017426161382860794,0.9,0.0,0.0970891383790109,0.0,0.0970891383790109,0.9029108616209891,0.0,0.0,0.0,True,0,long_only,0.9957166256999748,1.0010640683255574
2019-01-31,0.9965791008736771,-0.0001976726185306532,0.9,0.0,0.09691062233696092,0.0,0.09691062233696092,0.9030893776630391,0.0,0.0,0.0,True,0,long_only,0.9970415203691544,0.9995362083864812
2019-02-01,0.9985166151382152,0.0019441650570832802,0.9,0.0,0.09866297029476925,0.0,0.09866297029476925,0.9013370297052308,0.0,0.0,0.0,True,0,long_only,1.0072303331076609,0.991348832850813
2019-02-11,0.9997238627278056,0.0012090410628000647,0.7989323607838003,0.0,0.20084696327657306,0.0,0.20084696327657306,0.799153036723427,0.0001009666725436561,0.0,0.10111656020254747,True,0,long_only,1.0147381825155921,0.9852037500446024
2019-02-12,1.0005940833074642,0.0008704609463698887,0.7989323607838003,0.0,0.20154198979177543,0.0,0.20154198979177543,0.7984580102082246,0.0,0.0,0.0,True,0,long_only,1.0186820313786562,0.9822437742946027
2019-02-13,1.0010554869663921,0.0004611297094649913,0.7989323607838003,0.0,0.20191001279570187,0.0,0.20191001279570187,0.7980899872042981,0.0,0.0,0.0,True,0,long_only,1.0267530457329244,0.9749720160331362
2019-02-14,1.0021921030765364,0.0011354176915694403,0.7989323607838003,0.0,0.20281515057718763,0.0,0.20281515057718763,0.7971848494228124,0.0,0.0,0.0,True,0,long_only,1.0303807496531894,0.9726424949358372
2019-02-15,1.007227137216177,0.005024020967820508,0.7989323607838003,0.0,0.2068002029890418,0.0,0.2068002029890418,0.7931997970109582,0.0,0.0,0.0,True,0,long_only,1.0237223915331437,0.9838869849351803
2019-02-18,1.0157036753316748,0.008415716577023113,0.7053775804411706,0.0,0.3055281795541088,0.0,0.3055281795541088,0.6944718204458912,0.0001077732412058564,0.0,0.10699052780451182,True,0,long_only,1.0409053605035008,0.975788687302335
2019-02-19,1.0149119337172736,-0.0007795005902115903,0.7053775804411706,0.0,0.3049864160552188,0.0,0.3049864160552188,0.6950135839447812,0.0,0.0,0.0,True,0,long_only,1.035961233107593,0.979681383127458
2019-02-20,1.0153495722239902,0.0004312083562891811,0.7053775804411706,0.0,0.3052859825447768,0.0,0.3052859825447768,0.6947140174552232,0.0,0.0,0.0,True,0,long_only,1.0365660763261315,0.9795319328051538
2019-02-21,1.015256470655109,-9.169410361520303e-05,0.7053775804411706,0.0,0.3052222755241192,0.0,0.3052222755241192,0.6947777244758808,0.0,0.0,0.0,True,0,long_only,1.0402524009056724,0.9759712832877855
2019-02-22,1.0193074580927097,0.003990112404786528,0.7053775804411706,0.0,0.3079834991484838,0.0,0.3079834991484838,0.6920165008515162,0.0,0.0,0.0,True,0,long_only,1.0559471505954572,0.9653015849495062
2019-02-25,1.0295456286184914,0.010044241749137095,0.7161336963843732,0.0,0.30441771935321976,0.0,0.30441771935321976,0.6955822806467802,1.0766882826028705e-05,0.0,0.010530061972440436,True,0,long_only,1.0935612829859807,0.9414613013797509
2019-02-26,1.039935034838706,0.010091253783628629,0.7161336963843732,0.0,0.3113668908217468,0.0,0.3113668908217468,0.6886331091782532,0.0,0.0,0.0,True,0,long_only,1.0808883774546978,0.9621114044056707
2019-02-27,1.039349984002019,-0.0005625840240852664,0.7161336963843732,0.0,0.31097925876046195,0.0,0.31097925876046195,0.689020741239538,0.0,0.0,0.0,True,0,long_only,1.0745681893806474,0.9672257138014414
2019-02-28,1.0389899674858356,-0.00034638622381777395,0.7161336963843732,0.0,0.3107405087680636,0.0,0.3107405087680636,0.6892594912319364,0.0,0.0,0.0,True,0,long_only,1.0748460445286596,0.966640732200352
2019-03-01,1.0402806461873266,0.001242243661518927,0.7161336963843732,0.0,0.31159567467775734,0.0,0.31159567467775734,0.6884043253222427,0.0,0.0,0.0,True,0,long_only,1.0869046191046423,0.9571038966089563
2019-03-04,1.0553106283775346,0.014448007127012774,0.5207451626482433,0.0,0.5065479787227651,0.0,0.5065479787227651,0.49345202127723486,0.00022051361040570152,0.0,0.21191663680243242,True,0,long_only,1.1001840620931709,0.959212794238937
2019-03-05,1.0739231146116797,0.01763697411326226,0.5207451626482433,0.0,0.5151001449144338,0.0,0.5151001449144338,0.4848998550855662,0.0,0.0,0.0,True,0,long_only,1.1107286649602295,0.96686359908622
2019-03-06,1.0834160978153675,0.008839537090251204,0.5207451626482433,0.0,0.5193488783318899,0.0,0.5193488783318899,0.4806511216681101,0.0,0.0,0.0,True,0,long_only,1.1163823395267922,0.9704704736502744
2019-03-07,1.0840132866651337,0.0005512091346715486,0.5207451626482433,0.0,0.5196136716642399,0.0,0.5196136716642399,0.4803863283357601,0.0,0.0,0.0,True,0,long_only,1.10879858822477,0.9776467053413925
2019-03-08,1.0715627989593202,-0.011485548986319372,0.5207451626482433,0.0,0.5140320631194174,0.0,0.5140320631194174,0.4859679368805826,0.0,0.0,0.0,True,0,long_only,1.0823223810966334,0.9900588010326357
2019-03-11,1.0939393464026534,0.020882161516865727,0.4307469554951742,0.0,0.6062423781431239,0.0,0.6062423781431239,0.3937576218568761,0.0005553915249534543,0.0,0.5162533309440788,True,0,long_only,1.1015740155287144,0.9930693089901939
2019-03-12,1.1002902271647417,0.005805514522329469,0.4307469554951742,0.0,0.6085151491301208,0.0,0.6085151491301208,0.39148485086987916,0.0,0.0,0.0,True,0,long_only,1.1116994637395643,0.9897371214550703
2019-03-13,1.087611819285525,-0.011522785139959524,0.4307469554951742,0.0,0.603951568144836,0.0,0.603951568144836,0.39604843185516403,0.0,0.0,0.0,True,0,long_only,1.1001627146854578,0.9885917826223359
2019-03-14,1.0712083997586193,-0.015082053390778283,0.4307469554951742,0.0,0.5978868765477972,0.0,0.5978868765477972,0.40211312345220285,0.0,0.0,0.0,True,0,long_only,1.0888418116426728,0.98380535014774
2019-03-15,1.0793778066824415,0.007626346960743824,0.4307469554951742,0.0,0.6009303203860462,0.0,0.6009303203860462,0.3990696796139538,0.0,0.0,0.0,True,0,long_only,1.0968982555440574,0.9840272798565755
2019-03-18,1.0951538061920685,0.0146158272033734,0.43533608981796806,0.0,0.6024886300384926,0.0,0.6024886300384926,0.3975113699615074,0.00024043322454799383,0.0,0.22132592603127627,True,0,long_only,1.1180362553529473,0.979533356766096
2019-03-19,1.1101554196530798,0.013698179539888722,0.43533608981796806,0.0,0.6078602309989991,0.0,0.6078602309989991,0.3921397690010009,0.0,0.0,0.0,True,0,long_only,1.1231982618466254,0.988387764977394
2019-03-20,1.1066673710471273,-0.0031419462033906997,0.43533608981796806,0.0,0.6066242656038069,0.0,0.6066242656038069,0.3933757343961931,0.0,0.0,0.0,True,0,long_only,1.1209523790161082,0.9872563650014113
2019-03-21,1.1216666311963424,0.013553539700933648,0.43533608981796806,0.0,0.6118846030449804,0.0,0.6118846030449804,0.3881153969550196,0.0,0.0,0.0,True,0,long_only,1.1301815749507484,0.9924658621737156
2019-03-22,1.113409812853199,-0.007361205293534456,0.43533608981796806,0.0,0.6090064190269839,0.0,0.6090064190269839,0.39099358097301606,0.0,0.0,0.0,True,0,long_only,1.1290213602839274,0.9861724959510045
2019-03-25,1.1011747930566893,-0.010988783873887908,0.4432673683751754,0.0,0.5974595757457049,0.0,0.5974595757457049,0.40254042425429515,0.0008935900749698531,0.0,0.8066822708691551,True,0,long_only,1.1142977482212189,0.9882231161415537
2019-03-26,1.080922107947936,-0.01839188949515891,0.4432673683751754,0.0,0.5899173815431612,0.0,0.5899173815431612,0.4100826184568388,0.0,0.0,0.0,True,0,long_only,1.0929994734306099,0.9889502549852413
2019-03-27,1.0838505676722008,0.0027092236366819122,0.4432673683751754,0.0,0.591025385236282,0.0,0.591025385236282,0.408974614763718,0.0,0.0,0.0,True,0,long_only,1.0944114519693493,0.9903501701502259
2019-03-28,1.083317577764588,-0.0004917558965323865,0.4432673683751754,0.0,0.5908241706094607,0.0,0.5908241706094607,0.4091758293905393,0.0,0.0,0.0,True,0,long_only,1.090065729684892,0.9938094082434327
2019-03-29,1.096750299097355,0.012399615411470943,0.4432673683751754,0.0,0.5958356530743669,0.0,0.5958356530743669,0.4041643469256331,0.0,0.0,0.0,True,0,long_only,1.1130128375855337,0.9853887233471115
2019-04-01,1.1201283312097712,0.021315728960052738,0.33023322333231264,0.0,0.7051826883303173,0.0,0.7051826883303173,0.2948173116696827,0.0005510836305834389,0.0,0.5016572120571101,True,0,long_only,1.141952806641958,0.9808884611472132
2019-04-02,1.1234438044462558,0.002959904810999614,0.33023322333231264,0.0,0.7060527442268604,0.0,0.7060527442268604,0.2939472557731396,0.0,0.0,0.0,True,0,long_only,1.146139609335662,0.9801980450683828
2019-04-03,1.1247345128153619,0.0011488855641892393,0.33023322333231264,0.0,0.7063900684387338,0.0,0.7063900684387338,0.29360993156126625,0.0,0.0,0.0,True,0,long_only,1.1495619715245913,0.9784026791732661
2019-04-04,1.133525458560015,0.007816018486574539,0.33023322333231264,0.0,0.708667131524485,0.0,0.708667131524485,0.291332868475515,0.0,0.0,0.0,True,0,long_only,1.1561999987801481,0.9803887387614115
2019-04-08,1.143223010665673,0.008555213323551802,0.5720640399128122,0.0,0.4996041589648267,0.0,0.4996041589648267,0.5003958410351733,0.0007023259481122465,0.0,0.6141479573894253,True,0,long_only,1.1521101065405068,0.992286244323019
2019-04-09,1.1407645501811972,-0.002150464486403325,0.5720640399128122,0.0,0.4985257564131473,0.0,0.4985257564131473,0.5014742435868527,0.0,0.0,0.0,True,0,long_only,1.1430283093734095,0.9980195073265917
2019-04-10,1.1391375755857458,-0.0014262141957278596,0.5720640399128122,0.0,0.4978095252290698,0.0,0.4978095252290698,0.5021904747709303,0.0,0.0,0.0,True,0,long_only,1.1355834856453932,1.0031297478215198
2019-04-11,1.1266328968868273,-0.010977320884607233,0.5720640399128122,0.0,0.4922356328369513,0.0,0.4922356328369513,0.5077643671630487,0.0,0.0,0.0,True,0,long_only,1.1239203463837153,1.0024134721929716
2019-04-12,1.1267967730684516,0.00014545659200693173,0.5720640399128122,0.0,0.49230947976981826,0.0,0.49230947976981826,0.5076905202301818,0.0,0.0,0.0,True,0,long_only,1.1231687820931169,1.0032301387228495
2019-04-15,1.1192458170622568,-0.006701258103208985,0.3400525761147103,0.0,0.6961770408869928,0.0,0.6961770408869928,0.30382295911300716,0.00023232902982099117,0.0,0.20553782803497397,True,0,long_only,1.1206657138268177,0.9987329881274656
2019-04-16,1.1198083303136928,0.0005025824022397707,0.3400525761147103,0.0,0.6963296602558303,0.0,0.6963296602558303,0.3036703397441697,0.0,0.0,0.0,True,0,long_only,1.1286743801966537,0.9921447230144304
2019-04-17,1.1216712270907094,0.0016635853892019714,0.3400525761147103,0.0,0.6968340027793097,0.0,0.6968340027793097,0.30316599722069026,0.0,0.0,0.0,True,0,long_only,1.1327737601730563,0.9901988080297246
2019-04-18,1.1343544975123532,0.011307475947778922,0.3400525761147103,0.0,0.7002237159014685,0.0,0.7002237159014685,0.2997762840985315,0.0,0.0,0.0,True,0,long_only,1.1305549851618575,1.0033607497205912
2019-04-19,1.1291520871941816,-0.004586229727638558,0.3400525761147103,0.0,0.6988425385992924,0.0,0.6988425385992924,0.30115746140070765,0.0,0.0,0.0,True,0,long_only,1.1330638138397615,0.9965476554825948
2019-04-22,1.1184659340503063,-0.009463874056531374,0.4531818626089791,0.0,0.594818358957193,0.0,0.594818358957193,0.40518164104280696,0.00035116490270503914,0.0,0.31050362421419975,True,0,long_only,1.1203766767033367,0.9982945533473147
2019-04-23,1.1088691805139916,-0.008580282370837744,0.4531818626089791,0.0,0.5913116979237202,0.0,0.5913116979237202,0.4086883020762798,0.0,0.0,0.0,True,0,long_only,1.1080083952916429,1.0007768760832558
2019-04-24,1.1073827521967297,-0.0013404902430177446,0.4531818626089791,0.0,0.5907631198788348,0.0,0.5907631198788348,0.4092368801211652,0.0,0.0,0.0,True,0,long_only,1.105477202662801,1.0017237348082246
2019-04-25,1.0889941466068713,-0.01660546505115823,0.4531818626089791,0.0,0.5838528021284413,0.0,0.5838528021284413,0.41614719787155874,0.0,0.0,0.0,True,0,long_only,1.0902548067246367,0.998843701389813
2019-04-26,1.0829184273277475,-0.005579202880065859,0.4531818626089791,0.0,0.5815180061832831,0.0,0.5815180061832831,0.4184819938167169,0.0,0.0,0.0,True,0,long_only,1.079388298503174,1.0032704901743597
2019-04-29,1.061971254155836,-0.019343260437078125,0.3231218393429461,0.0,0.6957339117434054,0.0,0.6957339117434054,0.3042660882565946,0.0003421420726267322,0.0,0.31849051249801863,True,0,long_only,1.0781047432584547,0.9850353231413702
2019-04-30,1.0678769640224117,0.005561082603191991,0.4278836275244134,0.0,0.5993137393724758,0.0,0.5993137393724758,0.4006862606275242,0.00010486665483630367,0.0,0.09841372027142399,True,0,long_only,1.0861445836205068,0.9831812266308021
2019-05-06,1.0463961603310616,-0.020115429412801977,0.531303551894406,0.0,0.49225391678968805,0.0,0.49225391678968805,0.507746083210312,0.0005295623820412591,0.0,0.4986595225176539,True,0,long_only,1.056377148379393,0.9905516812213865
2019-05-07,1.048123932158302,0.0016511641505772001,0.531303551894406,0.0,0.49309090691179697,0.0,0.49309090691179697,0.506909093088203,0.0,0.0,0.0,True,0,long_only,1.0614124258177582,0.987480367351816
2019-05-08,1.0515637438664254,0.003281874979269128,0.531303551894406,0.0,0.4947490772733461,0.0,0.4947490772733461,0.505250922726654,0.0,0.0,0.0,True,0,long_only,1.0629308025473219,0.9893059278612913
2019-05-09,1.0530208937680419,0.0013856981187452266,0.531303551894406,0.0,0.4954482337067085,0.0,0.4954482337067085,0.5045517662932915,0.0,0.0,0.0,True,0,long_only,1.063376048479624,0.9902620011741025
2019-05-10,1.0629251127872943,0.009405529441882221,0.531303551894406,0.0,0.5001495914409475,0.0,0.5001495914409475,0.4998504085590525,0.0,0.0,0.0,True,0,long_only,1.0820526582944168,0.9823229069671413
2019-05-13,1.056409443224279,-0.006129942255225562,0.6365787640378751,0.0,0.39741284203692273,0.0,0.39741284203692273,0.6025871579630773,0.0003201623775860237,0.0,0.3019147832489777,True,0,long_only,1.075701635075892,0.9820654805918819
2019-05-14,1.0578104169392744,0.0013261654597855888,0.6365787640378751,0.0,0.39821091393693564,0.0,0.39821091393693564,0.6017890860630644,0.0,0.0,0.0,True,0,long_only,1.0775951162552717,0.9816399508335276
2019-05-15,1.0717960247836602,0.013221280127730717,0.6365787640378751,0.0,0.406063514588639,0.0,0.406063514588639,0.593936485411361,0.0,0.0,0.0,True,0,long_only,1.0878242518750139,0.9852657935657099
2019-05-16,1.0715112856176303,-0.00026566544328010533,0.6365787640378751,0.0,0.40590568425889745,0.0,0.40590568425889745,0.5940943157411025,0.0,0.0,0.0,True,0,long_only,1.0883423500717342,0.9845351378148663
2019-05-17,1.0605016241427618,-0.01027489082256594,0.6365787640378751,0.0,0.39973805834343473,0.0,0.39973805834343473,0.6002619416565653,0.0,0.0,0.0,True,0,long_only,1.077549371810172,0.9841791493611362
2019-05-20,1.0562435612842342,-0.004015140346408708,0.5313470155621852,0.0,0.49694650453902256,0.0,0.49694650453902256,0.5030534954609774,0.00011075662333618275,0.0,0.10434653764048453,True,0,long_only,1.072056988768553,0.9852494525477762
2019-05-21,1.057493683369804,0.0011835547513774358,0.5313470155621852,0.0,0.4975411920485451,0.0,0.4975411920485451,0.5024588079514549,0.0,0.0,0.0,True,0,long_only,1.0753868455240585,0.9833611855782607
2019-05-22,1.0563375721533868,-0.0010932559074333659,0.5313470155621852,0.0,0.4969912747882166,0.0,0.4969912747882166,0.5030087252117834,0.0,0.0,0.0,True,0,long_only,1.0756406424824256,0.9820543501550014
2019-05-23,1.0519615208298856,-0.004142663707947469,0.5313470155621852,0.0,0.49489881042130796,0.0,0.49489881042130796,0.5051011895786921,0.0,0.0,0.0,True,0,long_only,1.069146625516997,0.9839263350068552
2019-05-24,1.0516050097044614,-0.00033890129854075024,0.5313470155621852,0.0,0.49472757293966046,0.0,0.49472757293966046,0.5052724270603395,0.0,0.0,0.0,True,0,long_only,1.0682649436936709,0.984404679674683
2019-05-27,1.0536973201192994,0.001989635267547918,0.5265755188865117,0.0,0.5002592216644408,0.0,0.5002592216644408,0.4997407783355592,0.00041727401806492166,0.0,0.3964923936606089,True,0,long_only,1.067713638418286,0.9868725866237409
2019-05-28,1.051708569503034,-0.0018874021773541694,0.5265755188865117,0.0,0.49931422624488514,0.0,0.49931422624488514,0.5006857737551149,0.0,0.0,0.0,True,0,long_only,1.0685255176068675,0.9842615381413653
2019-05-29,1.0505701413918254,-0.0010824558667869022,0.5265755188865117,0.0,0.4987716686970663,0.0,0.4987716686970663,0.5012283313029338,0.0,0.0,0.0,True,0,long_only,1.0675049082095354,0.9841361227592726
2019-05-30,1.046416794597454,-0.003953421700019888,0.5265755188865117,0.0,0.49678223667168875,0.0,0.49678223667168875,0.5032177633283113,0.0,0.0,0.0,True,0,long_only,1.0616526688664663,0.985648908804346
2019-05-31,1.045546993069915,-0.000831219005686612,0.5265755188865117,0.0,0.4963636045278168,0.0,0.4963636045278168,0.5036363954721832,0.0,0.0,0.0,True,0,long_only,1.0600932915601837,0.9862782845565787
2019-06-03,1.043447821583667,-0.002007725621289036,0.8367414371535021,0.0,0.19809939716625333,0.0,0.19809939716625333,0.8019006028337466,0.0005196097320323568,0.0,0.4966708635740961,True,0,long_only,1.0505767527407701,0.9932142690779088
2019-06-04,1.0430103073511963,-0.00041929670408102915,0.8367414371535021,0.0,0.19776302184542124,0.0,0.19776302184542124,0.8022369781545787,0.0,0.0,0.0,True,0,long_only,1.0427886762506362,1.0002125369268076
2019-06-05,1.0455937422435937,0.0024769025523423416,0.8367414371535021,0.0,0.1997451750638299,0.0,0.1997451750638299,0.8002548249361701,0.0,0.0,0.0,True,0,long_only,1.0415305345865278,1.003901189184702
2019-06-06,1.0413233984451855,-0.004084132895865622,0.8367414371535021,0.0,0.19646342490445096,0.0,0.19646342490445096,0.803536575095549,0.0,0.0,0.0,True,0,long_only,1.0371200923834483,1.0040528633979864
2019-06-10,1.0442834895848303,0.0028426242453252204,0.7291953681009684,0.0,0.3017266141104362,0.0,0.3017266141104362,0.6982733858895638,0.00031076856652460176,0.0,0.2983517784455368,True,0,long_only,1.0431007550205376,1.001133864162786
2019-06-11,1.054625495705084,0.009903446931221138,0.7291953681009684,0.0,0.30857411368245447,0.0,0.30857411368245447,0.6914258863175455,0.0,0.0,0.0,True,0,long_only,1.0584447972978928,0.9963915911320467
2019-06-12,1.0530044267708545,-0.001537103873205381,0.7291953681009684,0.0,0.3075096841357824,0.0,0.3075096841357824,0.6924903158642176,0.0,0.0,0.0,True,0,long_only,1.0549126484407245,0.9981911093087276
2019-06-13,1.0554377745400798,0.0023108618609395393,0.7291953681009684,0.0,0.30910624416610016,0.0,0.30910624416610016,0.6908937558338999,0.0,0.0,0.0,True,0,long_only,1.052679980672125,1.0026197837126094
2019-06-14,1.0538415748159355,-0.0015123579642958296,0.7291953681009684,0.0,0.3080597828679039,0.0,0.3080597828679039,0.6919402171320961,0.0,0.0,0.0,True,0,long_only,1.0470954310448235,1.0064427210463334
2019-06-17,1.0518919242851263,-0.001850041388953172,0.6322374829122068,0.0,0.39895205171208054,0.0,0.39895205171208054,0.6010479482879194,0.0005349727096036052,0.0,0.5077073667163213,True,0,long_only,1.0462791468356025,1.0053645123927961
2019-06-18,1.0481380163592229,-0.003568720169094153,0.6322374829122068,0.0,0.39679939755612925,0.0,0.39679939755612925,0.6032006024438707,0.0,0.0,0.0,True,0,long_only,1.0458545706155307,1.002183330080346
2019-06-19,1.0504965703941993,0.0022502323149857784,0.6322374829122068,0.0,0.3981536915680177,0.0,0.3981536915680177,0.6018463084319823,0.0,0.0,0.0,True,0,long_only,1.0525796817406472,0.9980209466489006
2019-06-20,1.0566755318629657,0.005881943495015696,0.6322374829122068,0.0,0.4016730170731369,0.0,0.4016730170731369,0.5983269829268631,0.0,0.0,0.0,True,0,long_only,1.0688640265006042,0.9885967771994882
2019-06-21,1.0630567150359205,0.006038923946411812,0.6322374829122068,0.0,0.4052645790485001,0.0,0.4052645790485001,0.5947354209514999,0.0,0.0,0.0,True,0,long_only,1.0748711192615288,0.9890085387783745
2019-06-24,1.0624414055743288,-0.0005788115091968082,0.640378895642615,0.0,0.3972572112845674,0.0,0.3972572112845674,0.6027427887154326,0.00022588425733255298,0.0,0.2117648584015562,True,0,long_only,1.073172475533499,0.9900006101499802
2019-06-25,1.0613280254733795,-0.0010479449455824685,0.640378895642615,0.0,0.39662490740599315,0.0,0.39662490740599315,0.6033750925940069,0.0,0.0,0.0,True,0,long_only,1.0676282487874333,0.9940988604214909
2019-06-26,1.055512430399015,-0.005479545375964734,0.640378895642615,0.0,0.39330046980068956,0.0,0.39330046980068956,0.6066995301993104,0.0,0.0,0.0,True,0,long_only,1.069175088727281,0.987221308771298
2019-06-27,1.0576762911295896,0.0020500570796275763,0.640378895642615,0.0,0.3945416938875547,0.0,0.3945416938875547,0.6054583061124452,0.0,0.0,0.0,True,0,long_only,1.0760411605128528,0.9829329303959801
2019-06-28,1.0552796087927874,-0.0022659885230503773,0.640378895642615,0.0,0.3931666164049243,0.0,0.3931666164049243,0.6068333835950757,0.0,0.0,0.0,True,0,long_only,1.0734520249202184,0.9830710495620131
2019-07-01,1.058199731714457,0.0027671556403994213,0.6341012377267778,0.0,0.4007735791999966,0.0,0.4007735791999966,0.5992264208000033,0.00022036469372699874,0.0,0.20863477238867378,True,0,long_only,1.0832789482708263,0.9768487917203581
2019-07-02,1.0583588480593604,0.0001503651344210155,0.6341012377267778,0.0,0.40086366841503196,0.0,0.40086366841503196,0.599136331584968,0.0,0.0,0.0,True,0,long_only,1.085619030773474,0.9748897339293219
2019-07-03,1.049859702757464,-0.00803049487182983,0.6341012377267778,0.0,0.3960133567739514,0.0,0.3960133567739514,0.6039866432260486,0.0,0.0,0.0,True,0,long_only,1.0822461403548007,0.9700747950122334
2019-07-04,1.0496227122395234,-0.00022573541714021594,0.6341012377267778,0.0,0.39587698481311434,0.0,0.39587698481311434,0.6041230151868857,0.0,0.0,0.0,True,0,long_only,1.080527843457765,0.9713981167580624
2019-07-05,1.0519033885925269,0.002172853470498115,0.6341012377267778,0.0,0.3971868095460541,0.0,0.3971868095460541,0.6028131904539459,0.0,0.0,0.0,True,0,long_only,1.0807752023090442,0.9732860139140558
2019-07-08,1.0463191450310128,-0.00530870384302673,0.7362397801000238,0.0,0.29635256738210447,0.0,0.29635256738210447,0.7036474326178955,0.0005244656504288126,0.0,0.49859309765218685,True,0,long_only,1.0705928276776258,0.9773268772038494
2019-07-09,1.0452493133370797,-0.0010224716799016598,0.7362397801000238,0.0,0.2956323714296517,0.0,0.2956323714296517,0.7043676285703483,0.0,0.0,0.0,True,0,long_only,1.0703759651230798,0.9765253961180725
2019-07-10,1.04484959680722,-0.0003824126213329837,0.7362397801000238,0.0,0.2953629093127136,0.0,0.2953629093127136,0.7046370906872864,0.0,0.0,0.0,True,0,long_only,1.069295379675506,0.9771384190627435
2019-07-11,1.0431801856766147,-0.0015977525719553798,0.7362397801000238,0.0,0.2942352719032015,0.0,0.2942352719032015,0.7057647280967985,0.0,0.0,0.0,True,0,long_only,1.0688176043600217,0.9760132892845099
2019-07-12,1.04127412785572,-0.0018271606833275555,0.7362397801000238,0.0,0.2929433658203426,0.0,0.2929433658203426,0.7070566341796574,0.0,0.0,0.0,True,0,long_only,1.0746986457611163,0.9688987065934892
2019-07-15,1.0457466528056212,0.004295242559335888,0.6245573566717237,0.0,0.4027641828963963,0.0,0.4027641828963963,0.5972358171036036,0.0005180509401385775,0.0,0.4976970197606419,True,0,long_only,1.0766961531971302,0.9712551212339638
2019-07-16,1.0477778940504057,0.0019423836923930793,0.6245573566717237,0.0,0.4039219950925228,0.0,0.4039219950925228,0.5960780049074772,0.0,0.0,0.0,True,0,long_only,1.076109946604373,0.9736717863789214
2019-07-17,1.0468031675212794,-0.0009302797230795745,0.6245573566717237,0.0,0.40336695947280105,0.0,0.40336695947280105,0.5966330405271989,0.0,0.0,0.0,True,0,long_only,1.0782731505859695,0.9708144610226191
2019-07-18,1.0454259669168249,-0.0013156251788153384,0.6245573566717237,0.0,0.40258097996774345,0.0,0.40258097996774345,0.5974190200322566,0.0,0.0,0.0,True,0,long_only,1.0753150098028652,0.9722043841910848
2019-07-19,1.0476588397860889,0.0021358498257404435,0.6245573566717237,0.0,0.40385425774744954,0.0,0.40385425774744954,0.5961457422525505,0.0,0.0,0.0,True,0,long_only,1.078205381037674,0.9716690884790551
2019-07-22,1.0448811081807226,-0.0026513703697030877,0.7340740376808569,0.0,0.29745687625745504,0.0,0.29745687625745504,0.702543123742545,0.00011513013085218449,0.0,0.10983482910820702,True,0,long_only,1.0753360183628369,0.9716787035288924
2019-07-23,1.0454512351203253,0.0005456380971378127,0.7340740376808569,0.0,0.2978400015029211,0.0,0.2978400015029211,0.7021599984970789,0.0,0.0,0.0,True,0,long_only,1.0760489540109068,0.9715647519784947
2019-07-24,1.0481871653662351,0.002616985043395914,0.7340740376808569,0.0,0.29967274744833144,0.0,0.29967274744833144,0.7003272525516686,0.0,0.0,0.0,True,0,long_only,1.0786153868048625,0.9717895537085155
2019-07-25,1.0492369585187409,0.001001532156844398,0.7340740376808569,0.0,0.30037344594000476,0.0,0.30037344594000476,0.6996265540599953,0.0,0.0,0.0,True,0,long_only,1.0854563838575646,0.966632076721402
2019-07-26,1.050179536521248,0.0008983461694276329,0.7340740376808569,0.0,0.3010013886649328,0.0,0.3010013886649328,0.6989986113350672,0.0,0.0,0.0,True,0,long_only,1.0931790627335933,0.9606656149223888
2019-07-29,1.0499562233574158,-0.00021264284445310366,0.7353328768567146,0.0,0.29965377555898376,0.0,0.29965377555898376,0.7003462244410162,0.0002112355509375255,0.0,0.20113987272837014,True,0,long_only,1.0954866158530594,0.9584382028618498
2019-07-30,1.0542422439209538,0.004082094537077641,0.7353328768567146,0.0,0.3025010322847114,0.0,0.3025010322847114,0.6974989677152885,0.0,0.0,0.0,True,0,long_only,1.1004720826734273,0.9579909027404264
2019-07-31,1.0532917081440472,-0.0009016293763484118,0.7353328768567146,0.0,0.3018715791920472,0.0,0.3018715791920472,0.6981284208079528,0.0,0.0,0.0,True,0,long_only,1.1001403507345202,0.9574157583082976
2019-08-01,1.05381809308008,0.0004997522832117518,0.7353328768567146,0.0,0.3022202961922041,0.0,0.3022202961922041,0.697779703807796,0.0,0.0,0.0,True,0,long_only,1.097480395963917,0.9602158698739321
2019-08-02,1.0513571777925332,-0.0023352372707456936,0.7353328768567146,0.0,0.3005870008890361,0.0,0.3005870008890361,0.6994129991109639,0.0,0.0,0.0,True,0,long_only,1.093536885948594,0.9614281797916018
2019-08-05,1.0498897684401176,-0.0013957286671089086,0.7363066715968781,0.0,0.2986819247787777,0.0,0.2986819247787777,0.7013180752212222,0.0002146573404087661,0.0,0.20412690405025105,True,0,long_only,1.083988834289223,0.9685429731649733
2019-08-06,1.0468327365330408,-0.002911764643271919,0.7363066715968781,0.0,0.29663388820317205,0.0,0.29663388820317205,0.703366111796828,0.0,0.0,0.0,True,0,long_only,1.0809832548223117,0.9684079118368171
2019-08-07,1.0492962339976324,0.002353286612673422,0.7363066715968781,0.0,0.2982852241909986,0.0,0.2982852241909986,0.7017147758090014,0.0,0.0,0.0,True,0,long_only,1.085628857357977,0.9665331083324692
2019-08-08,1.0498631422728684,0.0005402747640448347,0.7363066715968781,0.0,0.2986641382582172,0.0,0.2986641382582172,0.7013358617417829,0.0,0.0,0.0,True,0,long_only,1.0903994947102478,0.9628243110584427
2019-08-09,1.0496772631735956,-0.0001770507905158869,0.7363066715968781,0.0,0.2985399442008225,0.0,0.2985399442008225,0.7014600557991775,0.0,0.0,0.0,True,0,long_only,1.090508603683004,0.9625575255697133
2019-08-12,1.0543380590457418,0.004440217994295503,0.7348843133780601,0.0,0.30298986451917737,0.0,0.30298986451917737,0.6970101354808227,0.0002092884533460602,0.0,0.1994077502891204,True,0,long_only,1.0970548032006202,0.9610623425281456
2019-08-13,1.0590179381930525,0.004438689381607297,0.7348843133780601,0.0,0.3060700042230114,0.0,0.3060700042230114,0.6939299957769887,0.0,0.0,0.0,True,0,long_only,1.0944616014350879,0.9676154346616083
2019-08-14,1.058345711371873,-0.0006347643386725998,0.7348843133780601,0.0,0.3056292424282877,0.0,0.3056292424282877,0.6943707575717123,0.0,0.0,0.0,True,0,long_only,1.095553030010389,0.9660378661559056
2019-08-15,1.0643298609143634,0.005654248397467088,0.7348843133780601,0.0,0.30953331258908534,0.0,0.30953331258908534,0.6904666874109147,0.0,0.0,0.0,True,0,long_only,1.0972326982648963,0.9700128902441901
2019-08-16,1.068267350591347,0.0036995012745397737,0.7348843133780601,0.0,0.3120782798694917,0.0,0.3120782798694917,0.6879217201305083,0.0,0.0,0.0,True,0,long_only,1.1000702092520345,0.9710901555253358
2019-08-19,1.0727592656200242,0.004204860352786,0.6454676155660151,0.0,0.39831084545053713,0.0,0.39831084545053713,0.6016891545494629,0.00035351991742433794,0.0,0.32872561550732116,True,0,long_only,1.1090137565406084,0.967309250487862
2019-08-20,1.0728123745817197,4.950687763560779e-05,0.6454676155660151,0.0,0.39834063172726053,0.0,0.39834063172726053,0.6016593682727395,0.0,0.0,0.0,True,0,long_only,1.1081890011378506,0.9680770820502573
2019-08-21,1.0704759441591358,-0.0021778555858799065,0.6454676155660151,0.0,0.3970274445793054,0.0,0.3970274445793054,0.6029725554206946,0.0,0.0,0.0,True,0,long_only,1.1077112258223667,0.9663853892646187
2019-08-22,1.0695901839446373,-0.0008274452306298308,0.6454676155660151,0.0,0.39652810463766874,0.0,0.39652810463766874,0.6034718953623313,0.0,0.0,0.0,True,0,long_only,1.1055053270253439,0.9675124649309961
2019-08-23,1.074230372097642,0.004338286030161287,0.6454676155660151,0.0,0.3991348296123719,0.0,0.3991348296123719,0.6008651703876281,0.0,0.0,0.0,True,0,long_only,1.1101529626474582,0.9676417649112523
2019-08-26,1.0713501459331607,-0.002681199712178284,0.7493680179378855,0.0,0.3005386513620385,0.0,0.3005386513620385,0.6994613486379615,0.00031807739471464465,0.0,0.2971741720494236,True,0,long_only,1.1028680750534194,0.9714218501440146
2019-08-27,1.078667996436951,0.006830493776071922,0.7493680179378855,0.0,0.3052839053228676,0.0,0.3052839053228676,0.6947160946771325,0.0,0.0,0.0,True,0,long_only,1.1086786361242869,0.9729311644425233
2019-08-28,1.0804515374418862,0.0016534661367786363,0.7493680179378855,0.0,0.3064306986761157,0.0,0.3064306986761157,0.6935693013238843,0.0,0.0,0.0,True,0,long_only,1.109473911773536,0.9738413188235707
2019-08-29,1.0824700598222825,0.0018682211190845788,0.7493680179378855,0.0,0.3077240232760663,0.0,0.3077240232760663,0.6922759767239337,0.0,0.0,0.0,True,0,long_only,1.1076749691140284,0.9772452118224663
2019-08-30,1.0798052832561538,-0.0024617554471355607,0.7493680179378855,0.0,0.3060156034075277,0.0,0.3060156034075277,0.6939843965924724,0.0,0.0,0.0,True,0,long_only,1.1075099502639285,0.9749847240639485
2019-09-02,1.0820543374107108,0.002082833071324508,0.6483870997412873,0.0,0.40078138654955375,0.0,0.40078138654955375,0.5992186134504462,0.0003308888057114676,0.0,0.3063056844146098,True,0,long_only,1.1144017744778525,0.9709732721106821
2019-09-03,1.0848599547159634,0.002592861752179987,0.7564098875144769,0.0,0.30275803413490454,0.0,0.30275803413490454,0.6972419658650955,0.00010813091869188144,0.0,0.09994776800934897,True,0,long_only,1.1152119594277268,0.97278364488905
2019-09-04,1.0838036204559194,-0.0009737056432511659,0.7564098875144769,0.0,0.3020784639967515,0.0,0.3020784639967515,0.6979215360032485,0.0,0.0,0.0,True,0,long_only,1.117437172546014,0.9699011694648904
2019-09-05,1.0861886889263366,0.002200646339798995,0.7564098875144769,0.0,0.3036109699667704,0.0,0.3036109699667704,0.6963890300332296,0.0,0.0,0.0,True,0,long_only,1.127547033760756,0.9633200712732353
2019-09-06,1.0858668326580676,-0.00029631708703126147,0.7564098875144769,0.0,0.3034045568342123,0.0,0.3034045568342123,0.6965954431657877,0.0,0.0,0.0,True,0,long_only,1.132660246179661,0.9586871582370595
2019-09-09,1.093975200688745,0.007467184544931005,0.652701309275009,0.0,0.4033673625653661,0.0,0.4033673625653661,0.5966326374346339,0.00033232303160730535,0.0,0.3055999427407219,True,0,long_only,1.1402267162468682,0.9594365621335702
2019-09-10,1.0949120171906461,0.0008563416257618695,0.652701309275009,0.0,0.40387784677920785,0.0,0.40387784677920785,0.5961221532207921,0.0,0.0,0.0,True,0,long_only,1.1381292487271186,0.9620278350768978
2019-09-11,1.0874281849505696,-0.006835099188406635,0.652701309275009,0.0,0.39977525108503753,0.0,0.39977525108503753,0.6002247489149625,0.0,0.0,0.0,True,0,long_only,1.134562198552578,0.9584562101027693
2019-09-12,1.0887952964113283,0.0012571970082058126,0.652701309275009,0.0,0.40052890435299093,0.0,0.40052890435299093,0.5994710956470091,0.0,0.0,0.0,True,0,long_only,1.1357535872116153,0.9586545080473184
2019-09-16,1.0867866273827815,-0.001844854616076308,0.652780730891373,0.0,0.3993478439614123,0.0,0.3993478439614123,0.6006521560385877,0.00043669719817174003,0.0,0.40149358993770146,True,0,long_only,1.131633198675241,0.9603700462791657
2019-09-17,1.07641683460965,-0.009541700745899107,0.652780730891373,0.0,0.3935613882069244,0.0,0.3935613882069244,0.6064386117930756,0.0,0.0,0.0,True,0,long_only,1.1187139508359036,0.9621913035100268
2019-09-18,1.0769947433067006,0.0005368818829929456,0.652780730891373,0.0,0.39388679940336735,0.0,0.39388679940336735,0.6061132005966327,0.0,0.0,0.0,True,0,long_only,1.1193384472234478,0.9621707768353871
2019-09-19,1.0798535856635094,0.002654462683848502,0.652780730891373,0.0,0.3954914448051993,0.0,0.3954914448051993,0.6045085551948006,0.0,0.0,0.0,True,0,long_only,1.12294717567019,0.9616245617422192
2019-09-20,1.0794600365723042,-0.0003644467142861485,0.652780730891373,0.0,0.3952710533275507,0.0,0.3952710533275507,0.6047289466724493,0.0,0.0,0.0,True,0,long_only,1.125297762452824,0.9592661361197352
2019-09-23,1.0761482038266337,-0.003068045720512891,0.6469430068409714,0.0,0.39883465442721394,0.0,0.39883465442721394,0.6011653455727861,0.00043337565819028884,0.0,0.4020333227330226,True,0,long_only,1.1195417558683347,0.9612398985439857
2019-09-24,1.0798465296976594,0.003436632480428692,0.6469430068409714,0.0,0.4008935630676095,0.0,0.4008935630676095,0.5991064369323905,0.0,0.0,0.0,True,0,long_only,1.1197464199041876,0.9643670303407246
2019-09-25,1.0760463223799002,-0.0035192105667305462,0.6469430068409714,0.0,0.39877773532079686,0.0,0.39877773532079686,0.6012222646792031,0.0,0.0,0.0,True,0,long_only,1.1161868243799595,0.9640378285038821
2019-09-26,1.0669088607390877,-0.0084916991497197,0.6469430068409714,0.0,0.3936286119202255,0.0,0.3936286119202255,0.6063713880797745,0.0,0.0,0.0,True,0,long_only,1.1120745681893807,0.9593860800864916
2019-09-27,1.0716136685528532,0.004409756059675418,0.6469430068409714,0.0,0.39629082212563865,0.0,0.39629082212563865,0.6037091778743613,0.0,0.0,0.0,True,0,long_only,1.1136708798994843,0.9622355113115403
2019-09-30,1.0654351435563871,-0.005765627275741703,0.6438977102578463,0.0,0.3956481404315826,0.0,0.3956481404315826,0.6043518595684174,0.00022197339104789075,0.0,0.20696143267638667,True,0,long_only,1.112327009756782,0.9578434526995366
2019-10-08,1.065254161911808,-0.0001698664115535875,0.6404394547795921,0.0,0.398791877395534,0.0,0.398791877395534,0.601208122604466,0.00021760343875281457,0.0,0.2039835276802239,True,0,long_only,1.1132032700162444,0.9569269068858047
2019-10-09,1.0654497619793062,0.00018361821478074525,0.6404394547795921,0.0,0.39890224989131745,0.0,0.39890224989131745,0.6010977501086825,0.0,0.0,0.0,True,0,long_only,1.1168733299041942,0.9539575647944794
2019-10-10,1.0733878784205078,0.007450484034512206,0.6404394547795921,0.0,0.4033475990785363,0.0,0.4033475990785363,0.5966524009214638,0.0,0.0,0.0,True,0,long_only,1.1230847478532302,0.9557496711377145
2019-10-11,1.0732563396040606,-0.00012254546477707962,0.6404394547795921,0.0,0.4032744730714946,0.0,0.4032744730714946,0.5967255269285054,0.0,0.0,0.0,True,0,long_only,1.1288434652196513,0.9507574545734077
2019-10-14,1.0750243274225764,0.001647311786826089,0.7532398727186229,0.0,0.29932760263709324,0.0,0.29932760263709324,0.7006723973629068,0.00011369204048243023,0.0,0.1057037364336919,True,0,long_only,1.1388055888191089,0.9439928447640735
2019-10-15,1.070693999535956,-0.004028120830532722,0.7532398727186229,0.0,0.29649379463686104,0.0,0.29649379463686104,0.7035062053631389,0.0,0.0,0.0,True,0,long_only,1.1342894261206882,0.9439336864822667
2019-10-16,1.0703082947191838,-0.00036023814174668267,0.7532398727186229,0.0,0.2962402735407651,0.0,0.2962402735407651,0.7037597264592349,0.0,0.0,0.0,True,0,long_only,1.1318900452632814,0.9455938756579721
2019-10-17,1.071373874510375,0.0009955821107325846,0.7532398727186229,0.0,0.29694022727326747,0.0,0.29694022727326747,0.7030597727267325,0.0,0.0,0.0,True,0,long_only,1.1304756947903516,0.9477195126331865
2019-10-18,1.0693039110485414,-0.001932064530488553,0.7532398727186229,0.0,0.29557924091009014,0.0,0.29557924091009014,0.7044207590899099,0.0,0.0,0.0,True,0,long_only,1.1265382840343754,0.949194471420123
2019-10-21,1.0720403182870428,0.002559054736663624,0.7493934031741873,0.0,0.3009652805114608,0.0,0.3009652805114608,0.6990347194885391,0.00021078251999361868,0.0,0.1969434679517815,True,0,long_only,1.123791923089695,0.9539491219510022
2019-10-22,1.0698972397945061,-0.0019990651993023745,0.7493934031741873,0.0,0.299565065409345,0.0,0.299565065409345,0.700434934590655,0.0,0.0,0.0,True,0,long_only,1.1260862611472438,0.9501023826580631
2019-10-23,1.0681208780381177,-0.0016603106264015954,0.7493934031741873,0.0,0.2984001917922963,0.0,0.2984001917922963,0.7015998082077037,0.0,0.0,0.0,True,0,long_only,1.1229820769875622,0.9511468614916708
2019-10-24,1.0685237330164095,0.000377162347984239,0.7493934031741873,0.0,0.29866470905735265,0.0,0.29866470905735265,0.7013352909426473,0.0,0.0,0.0,True,0,long_only,1.1228899104018801,0.9515836976698694
2019-10-25,1.0746180160728944,0.00570346064217131,0.7493934031741873,0.0,0.30264206260678056,0.0,0.30264206260678056,0.6973579373932195,0.0,0.0,0.0,True,0,long_only,1.1269042395951718,0.9536018929691304
2019-10-28,1.0822487683233506,0.007100897375927229,0.7559455834472103,0.0,0.3015047874636606,0.0,0.3015047874636606,0.6984952125363394,0.0004402566345376515,0.0,0.4076649231975043,True,0,long_only,1.1321418091351996,0.9559303963432281
2019-10-29,1.0790085397062874,-0.002993977643497958,0.7559455834472103,0.0,0.2994072283681989,0.0,0.2994072283681989,0.7005927716318011,0.0,0.0,0.0,True,0,long_only,1.1308697747136907,0.9541404004536833
2019-10-30,1.0765559310656339,-0.0022730206021549515,0.7559455834472103,0.0,0.2978111386196777,0.0,0.2978111386196777,0.7021888613803223,0.0,0.0,0.0,True,0,long_only,1.1229905481810991,0.9586509279257291
2019-10-31,1.075464823850961,-0.0010135165142723945,0.7559455834472103,0.0,0.29709873658129987,0.0,0.29709873658129987,0.7029012634187002,0.0,0.0,0.0,True,0,long_only,1.1181656951901917,0.9618116782486628
2019-11-01,1.0789621716250415,0.003251940646052276,0.7559455834472103,0.0,0.2993771206003737,0.0,0.2993771206003737,0.7006228793996263,0.0,0.0,0.0,True,0,long_only,1.1236797644872658,0.9602043266458314
2019-11-04,1.081931968137596,0.00275245656488754,0.6483649635808485,0.0,0.4007340732366715,0.0,0.4007340732366715,0.5992659267633285,0.00032686614320057297,0.0,0.3025928530662474,True,0,long_only,1.127450801002176,0.9596267679049775
2019-11-05,1.089652114746672,0.007135519456334505,0.6483649635808485,0.0,0.40497985108615714,0.0,0.40497985108615714,0.5950201489138429,0.0,0.0,0.0,True,0,long_only,1.1363411491953381,0.958912836623291
2019-11-06,1.0857639588929866,-0.0035682543089354812,0.6483649635808485,0.0,0.40284906468814596,0.0,0.40284906468814596,0.597150935311854,0.0,0.0,0.0,True,0,long_only,1.1358481257314876,0.9559059299356182
2019-11-07,1.0912393729299936,0.005042913786334813,0.6483649635808485,0.0,0.40584533543728435,0.0,0.40584533543728435,0.5941546645627156,0.0,0.0,0.0,True,0,long_only,1.1386090571290515,0.958396884424494
2019-11-08,1.0901406049258033,-0.001006899156543395,0.6483649635808485,0.0,0.4052464786182538,0.0,0.4052464786182538,0.5947535213817462,0.0,0.0,0.0,True,0,long_only,1.1371919958741898,0.9586249365814284
2019-11-11,1.0855737138110373,-0.00418926796610497,0.6538413869146061,0.0,0.39769968764330427,0.0,0.39769968764330427,0.6023003123566957,0.00022635123741029448,0.0,0.2078344297217357,True,0,long_only,1.1295716490160879,0.9610490089377023
2019-11-12,1.0902404085516035,0.004298828058560078,0.6538413869146061,0.0,0.40027779030567995,0.0,0.40027779030567995,0.59972220969432,0.0,0.0,0.0,True,0,long_only,1.1270160593498597,0.9673690090809612
2019-11-13,1.087995297179199,-0.002059281012512737,0.6538413869146061,0.0,0.3990402452935285,0.0,0.3990402452935285,0.6009597547064716,0.0,0.0,0.0,True,0,long_only,1.1264644152267334,0.9658496819539646
2019-11-14,1.093362889332076,0.004933469994579109,0.6538413869146061,0.0,0.4019905071828154,0.0,0.4019905071828154,0.5980094928171846,0.0,0.0,0.0,True,0,long_only,1.1276317456961253,0.9696098868315435
2019-11-15,1.0920976800925717,-0.0011571722909645699,0.6538413869146061,0.0,0.40129770547705673,0.0,0.40129770547705673,0.5987022945229432,0.0,0.0,0.0,True,0,long_only,1.1233924216024922,0.9721426449848404
2019-11-18,1.09358584418669,0.0013626657406615728,0.6552356359901691,0.0,0.4008374930296633,0.0,0.4008374930296633,0.5991625069703367,0.00044333843632251245,0.0,0.4060695746991075,True,0,long_only,1.1277452596895206,0.9697099897256628
2019-11-19,1.0998683558385183,0.005744872874155371,0.6552356359901691,0.0,0.40425994391789727,0.0,0.40425994391789727,0.5957400560821027,0.0,0.0,0.0,True,0,long_only,1.133293552608484,0.9705061440674118
2019-11-20,1.1011358310952393,0.0011523881471748876,0.6552356359901691,0.0,0.4049456774661104,0.0,0.4049456774661104,0.5950543225338896,0.0,0.0,0.0,True,0,long_only,1.1309497427806794,0.973638163962851
2019-11-21,1.1021121767133335,0.0008866713719803965,0.6552356359901691,0.0,0.4054728276896625,0.0,0.4054728276896625,0.5945271723103376,0.0,0.0,0.0,True,0,long_only,1.1277669459449753,0.9772517102723336
2019-11-22,1.0961856731532336,-0.005377405027656712,0.6552356359901691,0.0,0.40225852970204334,0.0,0.40225852970204334,0.5977414702979567,0.0,0.0,0.0,True,0,long_only,1.125094453807937,0.9743054633707772
2019-11-25,1.0927284261705168,-0.0031538881298929233,0.6573497406342069,0.0,0.39843265271509504,0.0,0.39843265271509504,0.601567347284905,0.0004458213801470585,0.0,0.40703004199349613,True,0,long_only,1.1274619829776449,0.9691931459051096
2019-11-26,1.0929896160661967,0.00023902544257525804,0.6573497406342069,0.0,0.39857640825528695,0.0,0.39857640825528695,0.601423591744713,0.0,0.0,0.0,True,0,long_only,1.1280336191175186,0.9689335473186185
2019-11-27,1.09544567478828,0.002247101606438706,0.6573497406342069,0.0,0.3999248381155414,0.0,0.3999248381155414,0.6000751618844586,0.0,0.0,0.0,True,0,long_only,1.126089310776917,0.9727875616122355
2019-11-28,1.0953434421530048,-9.332515306592626e-05,0.6573497406342069,0.0,0.39986883078231455,0.0,0.39986883078231455,0.6001311692176854,0.0,0.0,0.0,True,0,long_only,1.1240382653977496,0.9744716669102088
2019-11-29,1.0945533723601228,-0.0007212986926996567,0.6573497406342069,0.0,0.39943564449780905,0.0,0.39943564449780905,0.6005643555021909,0.0,0.0,0.0,True,0,long_only,1.1231243930389831,0.9745611253250835
2019-12-02,1.096904176120469,0.002147728762899037,0.7662001017432911,0.0,0.30148857263613665,0.0,0.30148857263613665,0.6985114273638633,0.0003286007227146615,0.0,0.30026053157424193,True,0,long_only,1.1232450228349493,0.9765493314646533
2019-12-03,1.0994242860561403,0.002297475012434047,0.7662001017432911,0.0,0.303089706621083,0.0,0.303089706621083,0.6969102933789171,0.0,0.0,0.0,True,0,long_only,1.124467924333944,0.9777284547332573
2019-12-04,1.0994393307919281,1.3684194517749049e-05,0.7662001017432911,0.0,0.3030992431465993,0.0,0.3030992431465993,0.6969007568534007,0.0,0.0,0.0,True,0,long_only,1.1238983212805191,0.9782373636249198
2019-12-05,1.1034101696003857,0.0036116943402391133,0.7662001017432911,0.0,0.3056071777725409,0.0,0.3056071777725409,0.6943928222274591,0.0,0.0,0.0,True,0,long_only,1.128738422419793,0.9775605646832608
2019-12-06,1.1064500634046905,0.002754998900731165,0.7662001017432911,0.0,0.3075149732599824,0.0,0.3075149732599824,0.6924850267400176,0.0,0.0,0.0,True,0,long_only,1.1318747971149148,0.9775375034632536
2019-12-09,1.1099244936208197,0.0031401599864686602,0.7773319252230592,0.0,0.29965332805006384,0.0,0.29965332805006384,0.7003466719499362,0.00023311131197704222,0.0,0.20997527032114588,True,0,long_only,1.1315173127476554,0.980916934382204
2019-12-10,1.1164674896208786,0.005894991990594178,0.7773319252230592,0.0,0.30375767100301376,0.0,0.30375767100301376,0.6962423289969862,0.0,0.0,0.0,True,0,long_only,1.1340410507261847,0.9845035935039099
2019-12-11,1.1118661741679114,-0.004121316111523776,0.7773319252230592,0.0,0.3008763614876658,0.0,0.3008763614876658,0.6991236385123343,0.0,0.0,0.0,True,0,long_only,1.1364373819539182,0.9783787402841672
2019-12-12,1.1090434063762356,-0.002538765777085006,0.7773319252230592,0.0,0.299096932767522,0.0,0.299096932767522,0.7009030672324781,0.0,0.0,0.0,True,0,long_only,1.136738617596092,0.9756362537604074
2019-12-13,1.1171939044189396,0.007349124475962254,0.7773319252230592,0.0,0.3042103773137261,0.0,0.3042103773137261,0.6957896226862739,0.0,0.0,0.0,True,0,long_only,1.145542898462919,0.9752527870566717
2019-12-16,1.121122490900455,0.003516476831797899,0.782487233314399,0.0,0.30205018660723976,0.0,0.30205018660723976,0.6979498133927602,0.000457084232646705,0.0,0.4088894633352431,True,0,long_only,1.1559055400928038,0.9699083982333399
2019-12-17,1.1245934028665787,0.003095925730056681,0.782487233314399,0.0,0.3042043183608886,0.0,0.3042043183608886,0.6957956816391113,0.0,0.0,0.0,True,0,long_only,1.1651625215422452,0.9651815794572864
2019-12-18,1.138443685344659,0.012315813379996543,0.782487233314399,0.0,0.31266935432339427,0.0,0.31266935432339427,0.6873306456766057,0.0,0.0,0.0,True,0,long_only,1.1671769713653328,0.9753822370338043
2019-12-19,1.137155426225102,-0.0011315967018313833,0.782487233314399,0.0,0.3118906921000752,0.0,0.3118906921000752,0.6881093078999247,0.0,0.0,0.0,True,0,long_only,1.166240396207887,0.9750609136183612
2019-12-20,1.1427411218163979,0.004911989568425312,0.782487233314399,0.0,0.31525415654017247,0.0,0.31525415654017247,0.6847458434598275,0.0,0.0,0.0,True,0,long_only,1.1656643550473744,0.9803346193681586
2019-12-23,1.140840853313707,-0.0016629037552007286,0.7997204876101505,0.0,0.2990078455840112,0.0,0.2990078455840112,0.7009921544159887,0.0007027258939417847,0.0,0.6149061260620624,True,0,long_only,1.160560291517489,0.9830086912779018
2019-12-24,1.1436929727008658,0.0025000151238223633,0.7997204876101505,0.0,0.30075596624364476,0.0,0.30075596624364476,0.6992440337563552,0.0,0.0,0.0,True,0,long_only,1.1656809585867067,0.9811372179292527
2019-12-25,1.144575010043628,0.0007712186433037616,0.7997204876101505,0.0,0.30129482070409047,0.0,0.30129482070409047,0.6987051792959096,0.0,0.0,0.0,True,0,long_only,1.1668137265864684,0.9809406454208419
2019-12-26,1.1478645853073266,0.002874058261653989,0.7997204876101505,0.0,0.3032971851849273,0.0,0.3032971851849273,0.6967028148150727,0.0,0.0,0.0,True,0,long_only,1.1738143209254068,0.9778928105105907
2019-12-27,1.1464169298821203,-0.0012611726537574697,0.7997204876101505,0.0,0.30241741310259496,0.0,0.30241741310259496,0.697582586897405,0.0,0.0,0.0,True,0,long_only,1.1730827486515556,0.9772685952460836
2019-12-30,1.1461295175159305,-0.0002507049213058554,0.6878153553807816,0.0,0.39987990461015116,0.0,0.39987990461015116,0.6001200953898489,0.00034622169204556014,0.0,0.3021284129270639,True,0,long_only,1.1787662418193685,0.9723128105084985
2019-12-31,1.1468825222143793,0.000656997910742696,0.6878153553807816,0.0,0.4002739233895023,0.0,0.4002739233895023,0.5997260766104977,0.0,0.0,0.0,True,0,long_only,1.185676024963591,0.9672815322799473
2020-01-02,1.1564745243355743,0.008363543724317246,0.6878153553807816,0.0,0.4052481564382491,0.0,0.4052481564382491,0.5947518435617509,0.0,0.0,0.0,True,0,long_only,1.1989707161004861,0.96455610533748
2020-01-03,1.1595474813860476,0.0026571766051126655,0.6878153553807816,0.0,0.4068243289540744,0.0,0.4068243289540744,0.5931756710459256,0.0,0.0,0.0,True,0,long_only,1.20132130288312,0.9652267703928857
2020-01-06,1.165926731130217,0.0055014993750355234,0.4638348387740573,0.0,0.6021749682980261,0.0,0.6021749682980261,0.3978250317019739,0.00047130078594609945,0.0,0.40688146545002496,True,0,long_only,1.2013717911966002,0.9704961775146402
2020-01-07,1.1764071292782226,0.008988899446405352,0.4638348387740573,0.0,0.6057191194866012,0.0,0.6057191194866012,0.3942808805133988,0.0,0.0,0.0,True,0,long_only,1.2041740620186245,0.9769410971252322
2020-01-08,1.1686837829171273,-0.006565198534485228,0.4638348387740573,0.0,0.6031134806916814,0.0,0.6031134806916814,0.39688651930831864,0.0,0.0,0.0,True,0,long_only,1.197799997153679,0.9756919232712136
2020-01-09,1.1696550446688065,0.0008310731832479323,0.4638348387740573,0.0,0.6034430485396706,0.0,0.6034430485396706,0.39655695146032943,0.0,0.0,0.0,True,0,long_only,1.202399177548762,0.9727676685984531
2020-01-10,1.1664022665203084,-0.002780972187760855,0.4638348387740573,0.0,0.6023371592394093,0.0,0.6023371592394093,0.39766284076059066,0.0,0.0,0.0,True,0,long_only,1.196792941666006,0.9746065722083956
2020-01-13,1.1694092364364872,0.002577987031137541,0.3504085498435056,0.0,0.7003542139693566,0.0,0.7003542139693566,0.2996457860306434,0.000585415951684379,0.0,0.5022326935582273,True,0,long_only,1.200070615869324,0.9744503539813565
2020-01-14,1.1746418621161263,0.0044745889775801295,0.3504085498435056,0.0,0.7016890329344795,0.0,0.7016890329344795,0.2983109670655205,0.0,0.0,0.0,True,0,long_only,1.200102467557023,0.9787846403709798
2020-01-15,1.174862758048144,0.00018805385636433414,0.3504085498435056,0.0,0.7017451209146709,0.0,0.7017451209146709,0.2982548790853291,0.0,0.0,0.0,True,0,long_only,1.1949509653433308,0.9831890948852324
2020-01-16,1.174544944895499,-0.00027051087496654525,0.3504085498435056,0.0,0.7016644178953219,0.0,0.7016644178953219,0.29833558210467814,0.0,0.0,0.0,True,0,long_only,1.192705421360555,0.9847737118153284
2020-01-17,1.173448822490986,-0.0009332315542939229,0.3504085498435056,0.0,0.7013857416468648,0.0,0.7013857416468648,0.29861425835313515,0.0,0.0,0.0,True,0,long_only,1.1959647977858332,0.9811733795705924
2020-01-20,1.1924893058210375,0.016226087550740065,0.3533823958961514,0.0,0.7036599035554075,0.0,0.7036599035554075,0.29634009644459247,0.00048298516956688626,0.0,0.4110894386490345,True,0,long_only,1.2059109955414415,0.988870082642892
2020-01-21,1.1979543840067495,0.0045829158878276655,0.3533823958961514,0.0,0.7050118096198223,0.0,0.7050118096198223,0.29498819038017765,0.0,0.0,0.0,True,0,long_only,1.2022300925257645,0.9964435189689586
2020-01-22,1.2093518120615263,0.009514075165914404,0.3533823958961514,0.0,0.7077918994525202,0.0,0.7077918994525202,0.2922081005474798,0.0,0.0,0.0,True,0,long_only,1.2027424303108791,1.0054952594870532
2020-01-23,1.2160195218090593,0.005513457441442604,0.3533823958961514,0.0,0.7093941424801896,0.0,0.7093941424801896,0.2906058575198104,0.0,0.0,0.0,True,0,long_only,1.1874048261406125,1.0240985172356527
2020-02-03,1.2088886656005324,-0.005864096818049669,0.3551673722057152,0.0,0.7062034062257662,0.0,0.7062034062257662,0.29379659377423384,0.0009837350396185466,0.0,0.8319243530375467,True,0,long_only,1.1454693685030182,1.0553653365522948
2020-02-04,1.2260840276912772,0.014224107297922783,0.3551673722057152,0.0,0.710323791694361,0.0,0.710323791694361,0.289676208305639,0.0,0.0,0.0,True,0,long_only,1.168511692619015,1.0492697980139367
2020-02-05,1.2567742139489178,0.025031062769352186,0.3551673722057152,0.0,0.7173976293723106,0.0,0.7173976293723106,0.28260237062768945,0.0,0.0,0.0,True,0,long_only,1.1774193220469928,1.0673973073279985
2020-02-06,1.290700880295626,0.026995036952665474,0.3551673722057152,0.0,0.7248259626782259,0.0,0.7248259626782259,0.27517403732177415,0.0,0.0,0.0,True,0,long_only,1.1867501723040768,1.0875927473342841
2020-02-07,1.3034017033284122,0.009840252863140053,0.3551673722057152,0.0,0.7275073591673639,0.0,0.7275073591673639,0.27249264083263613,0.0,0.0,0.0,True,0,long_only,1.1847428382835599,1.1001557985501424
2020-02-10,1.3155816702044787,0.00934475292226744,0.3945427954046946,0.0,0.7001001121098234,0.0,0.7001001121098234,0.29989988789017663,0.0011234594970019466,0.0,0.8552579290088134,True,0,long_only,1.189457565758487,1.1060349760065342
2020-02-11,1.323713077618819,0.00618084577985667,0.3945427954046946,0.0,0.7019423604136148,0.0,0.7019423604136148,0.2980576395863852,0.0,0.0,0.0,True,0,long_only,1.1942769971855307,1.108380284254257
2020-02-12,1.336511647188624,0.009668688620065646,0.3945427954046946,0.0,0.7047965902619536,0.0,0.7047965902619536,0.2952034097380464,0.0,0.0,0.0,True,0,long_only,1.2074940921896273,1.1068473591991168
2020-02-13,1.3276714495619475,-0.006614381285245163,0.3945427954046946,0.0,0.7028310011977208,0.0,0.7028310011977208,0.2971689988022792,0.0,0.0,0.0,True,0,long_only,1.2037322045637369,1.1029624733211565
2020-02-14,1.3278910224647984,0.00016538195720272597,0.3945427954046946,0.0,0.7028801394617805,0.0,0.7028801394617805,0.2971198605382195,0.0,0.0,0.0,True,0,long_only,1.2031161793697296,1.1037097208354674
2020-02-17,1.3477276909375557,0.014938476228220088,0.2665689232127774,0.0,0.8022086175083804,0.0,0.8022086175083804,0.19779138249161965,0.0006732678538279306,0.0,0.5072917713556528,True,0,long_only,1.2168462898544243,1.1075578749546002
2020-02-18,1.357734902214783,0.007425247210188113,0.2665689232127774,0.0,0.803666442706937,0.0,0.803666442706937,0.196333557293063,0.0,0.0,0.0,True,0,long_only,1.221237078888498,1.1117701269359737
2020-02-19,1.3563407477589207,-0.00102682375888552,0.2665689232127774,0.0,0.8034646355252331,0.0,0.8034646355252331,0.19653536447476694,0.0,0.0,0.0,True,0,long_only,1.2205790365745477,1.1112273004174944
2020-02-20,1.3656874806016246,0.006891139161119719,0.2665689232127774,0.0,0.8048097189150873,0.0,0.8048097189150873,0.19519028108491265,0.0,0.0,0.0,True,0,long_only,1.2296442302023125,1.1106362694654608
2020-02-21,1.3709116691864351,0.003825317767802261,0.2665689232127774,0.0,0.8055535384194576,0.0,0.8055535384194576,0.19444646158054235,0.0,0.0,0.0,True,0,long_only,1.2361399414064485,1.109026270623249
2020-02-24,1.3884836152583682,0.012817708439494924,0.2763398355326625,0.0,0.800977244170619,0.0,0.800977244170619,0.199022755829381,0.0008387851788168782,0.0,0.6095992562364199,True,0,long_only,1.2409234549728956,1.1189115732272912
2020-02-25,1.3853337795136555,-0.002268543690468139,0.2763398355326625,0.0,0.8005247257959189,0.0,0.8005247257959189,0.19947527420408107,0.0,0.0,0.0,True,0,long_only,1.2393959293543122,1.117749176597161
2020-02-26,1.3705225510744072,-0.010691451156592646,0.2763398355326625,0.0,0.7983689977840724,0.0,0.7983689977840724,0.20163100221592756,0.0,0.0,0.0,True,0,long_only,1.2312452857807967,1.113119024212375
2020-02-27,1.3577752313917832,-0.009301065256190677,0.2763398355326625,0.0,0.7964760078519025,0.0,0.7964760078519025,0.20352399214809747,0.0,0.0,0.0,True,0,long_only,1.229877018600708,1.103992684517832
2020-02-28,1.3400886686588425,-0.013026134461748273,0.2763398355326625,0.0,0.7937898871951341,0.0,0.7937898871951341,0.2062101128048659,0.0,0.0,0.0,True,0,long_only,1.2112563186632592,1.106362582395246
2020-03-02,1.3678555186630548,0.020720158787702614,0.0015807475719564828,0.0,0.9988443607161804,0.0,0.9988443607161804,0.001155639283819565,0.0008329893441200579,0.0,0.6187500737105704,True,0,long_only,1.2196241636390621,1.1215385521566794
2020-03-03,1.405910540863552,0.027820936993179002,0.13871826747630397,0.0,0.9013320809223757,0.0,0.9013320809223757,0.09866791907762429,0.00013727479469904653,0.0,0.09822550480432056,True,0,long_only,1.2245496544091885,1.1481041506167955
2020-03-04,1.3953657463081413,-0.007500331101389812,0.13871826747630397,0.0,0.9005864463540654,0.0,0.9005864463540654,0.09941355364593463,0.0,0.0,0.0,True,0,long_only,1.2243771809087762,1.1396535055255206
2020-03-05,1.409397727831067,0.010056131562675708,0.13871826747630397,0.0,0.9015762089458037,0.0,0.9015762089458037,0.0984237910541963,0.0,0.0,0.0,True,0,long_only,1.2394318472149086,1.137132090802801
2020-03-06,1.4244602746314499,0.01068722228150798,0.13871826747630397,0.0,0.9026169631075219,0.0,0.9026169631075219,0.09738303689247807,0.0,0.0,0.0,True,0,long_only,1.2384339406162557,1.1502109461911436
2020-03-09,1.3823442294231694,-0.02956631782460717,0.2842536954824992,0.0,0.7943683711826873,0.0,0.7943683711826873,0.20563162881731267,0.0010246021415191025,0.0,0.7237771505052965,True,0,long_only,1.216587410179935,1.1362473570384217
2020-03-10,1.3900864706801288,0.005600805567937517,0.2842536954824992,0.0,0.7955136594175884,0.0,0.7955136594175884,0.20448634058241155,0.0,0.0,0.0,True,0,long_only,1.2260002615904566,1.1338386411735408
2020-03-11,1.3929534865145479,0.002062473015089772,0.2842536954824992,0.0,0.7959345389243688,0.0,0.7959345389243688,0.20406546107563117,0.0,0.0,0.0,True,0,long_only,1.2243151717720857,1.1377409335689057
2020-03-12,1.3852623102178436,-0.005521488241469696,0.2842536954824992,0.0,0.7948015380294307,0.0,0.7948015380294307,0.20519846197056935,0.0,0.0,0.0,True,0,long_only,1.2149927927085387,1.1401403518861453
2020-03-13,1.3808104235439043,-0.0032137499454809593,0.2842536954824992,0.0,0.7941399553220703,0.0,0.7941399553220703,0.20586004467792973,0.0,0.0,0.0,True,0,long_only,1.2076567391055368,1.143379885054602
2020-03-16,1.3420167151256803,-0.028094883813708615,0.0013887235926558206,0.0,0.9989651965009052,0.0,0.9989651965009052,0.001034803499094794,0.0011069655863527293,0.0,0.7956801640158944,True,0,long_only,1.1887629278884568,1.1289187134304743
2020-03-17,1.3435057674322934,0.0011095631595567923,0.14517079916769984,0.0,0.891946277651528,0.0,0.891946277651528,0.10805372234847199,0.00014392600157662065,0.0,0.10612261703715695,True,0,long_only,1.1845886625611877,1.134153828998762
2020-03-18,1.3417189518421921,-0.0013299649569173955,0.14517079916769984,0.0,0.891802378606653,0.0,0.891802378606653,0.10819762139334699,0.0,0.0,0.0,True,0,long_only,1.1827920918358703,1.134365845953234
2020-03-19,1.343447523817213,0.0012883264208556344,0.14517079916769984,0.0,0.8919415931072485,0.0,0.8919415931072485,0.10805840689275148,0.0,0.0,0.0,True,0,long_only,1.1794903594429071,1.1390067863307891
2020-03-20,1.3651882794005559,0.016182809672810716,0.14517079916769984,0.0,0.8936624337036916,0.0,0.8936624337036916,0.10633756629630842,0.0,0.0,0.0,True,0,long_only,1.1964751024844993,1.1410085145655944
2020-03-23,1.3342095089906019,-0.02269193991583096,0.0019534058898203477,0.0,0.9985359076841701,0.0,0.9985359076841701,0.0014640923158298902,0.0005898997151198767,0.0,0.43842095469662407,True,0,long_only,1.1740291503935039,1.1364364407335283
2020-03-24,1.344586931391073,0.0077779556587946885,0.0019534058898203477,0.0,0.998547207440281,0.0,0.998547207440281,0.001452792559718974,0.0,0.0,0.0,True,0,long_only,1.180601441187214,1.1388999576681482
2020-03-25,1.3661716378345312,0.01605303899624211,0.0019534058898203477,0.0,0.9985701607062224,0.0,0.9985701607062224,0.0014298392937776017,0.0,0.0,0.0,True,0,long_only,1.1998473152076898,1.1386212399850653
2020-03-26,1.3583395413942827,-0.005732878815038922,0.0019534058898203477,0.0,0.9985619163469134,0.0,0.9985619163469134,0.0014380836530866192,0.0,0.0,0.0,True,0,long_only,1.1946714159566114,1.1369984443016217
2020-03-27,1.3549649906584023,-0.002484320475877877,0.0019534058898203477,0.0,0.9985583347885091,0.0,0.9985583347885091,0.0014416652114909168,0.0,0.0,0.0,True,0,long_only,1.1910321912131359,1.1376392684049046
2020-03-30,1.3434638860463968,-0.008488119391495741,0.0020314961116446413,0.0,0.9984878669737651,0.0,0.9984878669737651,0.0015121330262348742,0.0006779213821522226,0.0,0.49955882135165114,True,0,long_only,1.1865289047288914,1.132263934483217
2020-03-31,1.3469584668356454,0.002601172108565253,0.0020314961116446413,0.0,0.9984917900873238,0.0,0.9984917900873238,0.001508209912676195,0.0,0.0,0.0,True,0,long_only,1.1858762839788044,1.135833885062938
2020-04-01,1.3465751488116153,-0.0002845804332263224,0.0020314961116446413,0.0,0.9984913607581147,0.0,0.9984913607581147,0.0015086392418852679,0.0,0.0,0.0,True,0,long_only,1.1867359406989344,1.134688099206419
2020-04-02,1.3538630741751554,0.005412193571203261,0.0020314961116446413,0.0,0.9984994818527846,0.0,0.9984994818527846,0.0015005181472154128,0.0,0.0,0.0,True,0,long_only,1.188836119000616,1.1388138806829555
2020-04-03,1.3440733484303322,-0.007230957052867137,0.0020314961116446413,0.0,0.9984885526418501,0.0,0.9984885526418501,0.0015114473581498977,0.0,0.0,0.0,True,0,long_only,1.1838909750614839,1.1353016255238617
2020-04-07,1.3579382967711764,0.010315618829163098,0.0016606651856901809,0.0,0.9987770687448474,0.0,0.9987770687448474,0.001222931255152604,0.0010385834936240442,0.0,0.768188902892803,True,0,long_only,1.1963598942523967,1.135058357685711
2020-04-08,1.3551437896157161,-0.0020579043702537714,0.0016606651856901809,0.0,0.9987745468795152,0.0,0.9987745468795152,0.0012254531204848318,0.0,0.0,0.0,True,0,long_only,1.1951556293791836,1.133863872037851
2020-04-09,1.3646040572496112,0.0069810065222508655,0.0016606651856901809,0.0,0.9987830424679836,0.0,0.9987830424679836,0.0012169575320164494,0.0,0.0,0.0,True,0,long_only,1.197388974843266,1.139649759534685
2020-04-10,1.3456249577138364,-0.013908136528648196,0.0016606651856901809,0.0,0.9987658781325581,0.0,0.9987658781325581,0.001234121867441873,0.0,0.0,0.0,True,0,long_only,1.1878429562703436,1.132830691642021
2020-04-13,1.322873652221852,-0.016907612601536393,0.0022511226971320027,0.0,0.9982983086152248,0.0,0.9982983086152248,0.0017016913847751614,0.0004326020944688407,0.0,0.3218682743982132,True,0,long_only,1.1769466294476307,1.1239877995510368
2020-04-14,1.3317933034746998,0.006742632781193247,0.0022511226971320027,0.0,0.9983097056493236,0.0,0.9983097056493236,0.001690294350676358,0.0,0.0,0.0,True,0,long_only,1.1814123038325712,1.1272891768219138
2020-04-15,1.3322484877122962,0.00034178294515285756,0.0022511226971320027,0.0,0.9983102831657197,0.0,0.9983102831657197,0.0016897168342803193,0.0,0.0,0.0,True,0,long_only,1.1808860732900557,1.1281769832381299
2020-04-16,1.3416204580357547,0.007034701416364086,0.0022511226971320027,0.0,0.9983220867841954,0.0,0.9983220867841954,0.0016779132158045718,0.0,0.0,0.0,True,0,long_only,1.185751926857682,1.1314512147504026
2020-04-17,1.3455468664105077,0.0029266163550467628,0.0022511226971320027,0.0,0.9983269830629258,0.0,0.9983269830629258,0.0016730169370742232,0.0,0.0,0.0,True,0,long_only,1.1887873249258432,1.131865084862377
2020-04-20,1.3583564856601138,0.009520009721978973,0.0020674135374491053,0.0,0.998478003705747,0.0,0.998478003705747,0.0015219962942529808,0.0006324037624773416,0.0,0.46762140514872885,True,0,long_only,1.1928518035848736,1.1387470611000037
2020-04-21,1.351931120086921,-0.004730249857842095,0.0020674135374491053,0.0,0.9984707700660694,0.0,0.9984707700660694,0.0015292299339305648,0.0,0.0,0.0,True,0,long_only,1.1898580837889141,1.136212073108678
2020-04-22,1.3612739054342815,0.00691069626887475,0.0020674135374491053,0.0,0.9984812655783704,0.0,0.9984812655783704,0.0015187344216296417,0.0,0.0,0.0,True,0,long_only,1.1937700809642793,1.1403149795266265
2020-04-23,1.3661605395942884,0.003589750850654827,0.0020674135374491053,0.0,0.9984866979556714,0.0,0.9984866979556714,0.001513302044328646,0.0,0.0,0.0,True,0,long_only,1.1925244766666057,1.1456037727737358
2020-04-24,1.3601153521986116,-0.00442494657141268,0.0020674135374491053,0.0,0.9984799719125975,0.0,0.9984799719125975,0.0015200280874024807,0.0,0.0,0.0,True,0,long_only,1.1864567301599565,1.1463674296956812
2020-04-27,1.363685852599635,0.002625145282899588,0.0015898547183131795,0.0,0.9988341488508645,0.0,0.9988341488508645,0.0011658511491354773,0.0011431529539878119,0.0,0.8350862550937815,True,0,long_only,1.1897357597542404,1.1462090144128532
2020-04-28,1.360266063049379,-0.0025077546589903355,0.13712301406525496,0.0,0.8991939755095711,0.0,0.8991939755095711,0.10080602449042886,0.0001356688281751169,0.0,0.09947698415170517,True,0,long_only,1.1893233820528617,1.143731035289542
2020-04-29,1.3579014157987135,-0.0017383711281928615,0.13712301406525496,0.0,0.8990184320673975,0.0,0.8990184320673975,0.10098156793260249,0.0,0.0,0.0,True,0,long_only,1.1900515658492983,1.1410441822574526
2020-04-30,1.372580738903098,0.010810301052488702,0.13712301406525496,0.0,0.9000983984557169,0.0,0.9000983984557169,0.09990160154428307,0.0,0.0,0.0,True,0,long_only,1.1974184545967745,1.1462832676696206
2020-05-06,1.3826962392412752,0.007369694220145551,0.274962646550046,0.0,0.8011402369178888,0.0,0.8011402369178888,0.19885976308211117,0.0009740269263630025,0.0,0.7113382729160437,True,0,long_only,1.2000550288732161,1.152194029418425
2020-05-07,1.37824133824238,-0.003221894203848996,0.549373434875687,0.0,0.6013953292271129,0.0,0.6013953292271129,0.3986046707728871,0.0002746854737994404,0.0,0.19886260023730887,True,0,long_only,1.1948367736544525,1.1534975894882928
2020-05-08,1.3810627034481318,0.0020470763192677044,0.549373434875687,0.0,0.602209636460348,0.0,0.602209636460348,0.397790363539652,0.0,0.0,0.0,True,0,long_only,1.196907133354884,1.1538595309203872
2020-05-11,1.372799947840021,-0.005982896784831659,0.691646223031654,0.0,0.496178431445967,0.0,0.496178431445967,0.503821568554033,0.0006974608112932325,0.0,0.5045019349583316,True,0,long_only,1.1944250736485567,1.1493395258746457
2020-05-12,1.367841825973136,-0.0036116856463217495,0.691646223031654,0.0,0.4943521905103392,0.0,0.4943521905103392,0.5056478094896608,0.0,0.0,0.0,True,0,long_only,1.1907756834728371,1.1486981510941627
2020-05-13,1.3653037817749003,-0.001855510008571204,0.691646223031654,0.0,0.49341221179911243,0.0,0.49341221179911243,0.5065877882008876,0.0,0.0,0.0,True,0,long_only,1.1889845343113834,1.1482939789167523
2020-05-14,1.3581979605196686,-0.005204571576000627,0.691646223031654,0.0,0.49076184537413176,0.0,0.49076184537413176,0.5092381546258682,0.0,0.0,0.0,True,0,long_only,1.1801700880123125,1.1508493346134516
2020-05-15,1.3574235267100732,-0.0005701921458481918,0.691646223031654,0.0,0.4904713161204992,0.0,0.4904713161204992,0.5095286838795008,0.0,0.0,0.0,True,0,long_only,1.178468394654609,1.1518539935964198
2020-05-18,1.3455433282905023,-0.008752020416475603,0.6786141226069967,0.0,0.4956579187463489,0.0,0.4956579187463489,0.5043420812536511,0.0005513815681891443,0.0,0.4065300226592121,True,0,long_only,1.1697827104972998,1.150250654430072
2020-05-19,1.351908620273889,0.004730648095497392,0.6786141226069967,0.0,0.4980325501071861,0.0,0.4980325501071861,0.5019674498928139,0.0,0.0,0.0,True,0,long_only,1.1684290137700946,1.1570310257118426
2020-05-20,1.3449823891997994,-0.00512329825420188,0.6786141226069967,0.0,0.4954475775621568,0.0,0.4954475775621568,0.5045524224378433,0.0,0.0,0.0,True,0,long_only,1.1586810419432512,1.1607874302871979
2020-05-21,1.3410983688779692,-0.0028877852624829004,0.6786141226069967,0.0,0.4939863187107149,0.0,0.4939863187107149,0.506013681289285,0.0,0.0,0.0,True,0,long_only,1.1557381493085135,1.1603825396612184
2020-05-22,1.3370283877238747,-0.00303481179945031,0.6786141226069967,0.0,0.4924459878056493,0.0,0.4924459878056493,0.5075540121943507,0.0,0.0,0.0,True,0,long_only,1.1494372755557274,1.163202565427027
2020-05-25,1.3263290945922397,-0.008002293167349461,0.53393429363422,0.0,0.5974345312854875,0.0,0.5974345312854875,0.4025654687145125,0.0004063346010989591,0.0,0.30485600848393224,True,0,long_only,1.139617129159949,1.163837450890127
2020-05-26,1.3419327159410297,0.011764517126563456,0.53393429363422,0.0,0.6021154508780279,0.0,0.6021154508780279,0.39788454912197213,0.0,0.0,0.0,True,0,long_only,1.1466617737052798,1.1702951530378123
2020-05-27,1.3378873570175698,-0.0030145765696032445,0.53393429363422,0.0,0.6009123706614053,0.0,0.6009123706614053,0.39908762933859465,0.0,0.0,0.0,True,0,long_only,1.1466821045697684,1.166746521713218
2020-05-28,1.3279579018795127,-0.007421742261016551,0.53393429363422,0.0,0.5979282981196007,0.0,0.5979282981196007,0.4020717018803993,0.0,0.0,0.0,True,0,long_only,1.1475831007143589,1.157177986546571
2020-05-29,1.3366202911773077,0.006523090291894684,0.53393429363422,0.0,0.6005340505762294,0.0,0.6005340505762294,0.39946594942377056,0.0,0.0,0.0,True,0,long_only,1.158529238155069,1.1537216732707107
2020-06-01,1.3631927049443735,0.019880301041712123,0.4023527343449473,0.0,0.704845299651625,0.0,0.704845299651625,0.295154700348375,0.000406592095908983,0.0,0.30398498285751535,True,0,long_only,1.172531104528429,1.1626068593656842
2020-06-02,1.3698363283136161,0.004873576087332188,0.4023527343449473,0.0,0.7062767821026639,0.0,0.7062767821026639,0.29372321789733613,0.0,0.0,0.0,True,0,long_only,1.1736554013346536,1.1671537716742666
2020-06-03,1.3699920147398297,0.00011365330513979366,0.4023527343449473,0.0,0.7063101609235609,0.0,0.7063101609235609,0.2936898390764391,0.0,0.0,0.0,True,0,long_only,1.1705478286975575,1.1703853368077999
2020-06-04,1.372052126916312,0.0015037402804669586,0.4023527343449473,0.0,0.7067511310599872,0.0,0.7067511310599872,0.2932488689400128,0.0,0.0,0.0,True,0,long_only,1.1661461965357562,1.1765695682001414
2020-06-05,1.3675897031739583,-0.0032523718704353666,0.4023527343449473,0.0,0.7057942646020582,0.0,0.7057942646020582,0.2942057353979418,0.0,0.0,0.0,True,0,long_only,1.163327661022141,1.17558427345598
2020-06-08,1.3624496714873018,-0.0037584603589272403,0.5477749188371195,0.0,0.5979485111995752,0.0,0.5979485111995752,0.40205148880042485,0.0009726737989372165,0.0,0.7108261376483032,True,0,long_only,1.1634859029174114,1.171006600141002
2020-06-09,1.364108461385913,0.0012175054486969206,0.5477749188371195,0.0,0.5984374158337903,0.0,0.5984374158337903,0.4015625841662097,0.0,0.0,0.0,True,0,long_only,1.163412711805252,1.1725060655983757
2020-06-10,1.363336901427727,-0.0005656148173159847,0.5477749188371195,0.0,0.5982101575454509,0.0,0.5982101575454509,0.4017898424545491,0.0,0.0,0.0,True,0,long_only,1.1613775922699343,1.1738963369898152
2020-06-11,1.3606866820286057,-0.0019439211220249053,0.5477749188371195,0.0,0.5974275885316531,0.0,0.5974275885316531,0.4025724114683469,0.0,0.0,0.0,True,0,long_only,1.157528620774484,1.1755101840317277
2020-06-12,1.3621623926903046,0.0010845337734173288,0.5477749188371195,0.0,0.5978637189100117,0.0,0.5978637189100117,0.40213628108998833,0.0,0.0,0.0,True,0,long_only,1.1593092656559516,1.174977577635055
2020-06-15,1.3652902039988022,0.002296210294222112,0.5461462198098311,0.0,0.5999779254181845,0.0,0.5999779254181845,0.4000220745818155,0.0005523285981705079,0.0,0.4050871675980438,True,0,long_only,1.160667367403796,1.1762975701235667
2020-06-16,1.371474744687414,0.004529835979558028,0.5461462198098311,0.0,0.6017817885998997,0.0,0.6017817885998997,0.3982182114001003,0.0,0.0,0.0,True,0,long_only,1.16663074880607,1.1755859736176004
2020-06-17,1.3713938030545385,-5.90179536218427e-05,0.5461462198098311,0.0,0.6017582851888447,0.0,0.6017582851888447,0.39824171481115533,0.0,0.0,0.0,True,0,long_only,1.1663227362090665,1.1758270335293477
2020-06-18,1.3842969540048256,0.009408786098892508,0.5461462198098311,0.0,0.6054703304592207,0.0,0.6054703304592207,0.3945296695407793,0.0,0.0,0.0,True,0,long_only,1.1667503620588118,1.1864551312948708
2020-06-19,1.3787269009220646,-0.004023741485991494,0.5461462198098311,0.0,0.6038764316235654,0.0,0.6038764316235654,0.3961235683764346,0.0,0.0,0.0,True,0,long_only,1.1694174326319864,1.178986102352681
2020-06-22,1.3795500658435313,0.0005970471171021785,0.8279991609421867,0.0,0.39980492086316316,0.0,0.39980492086316316,0.6001950791368369,0.0005628245845329884,0.0,0.40800268884505053,True,0,long_only,1.1669540095514401,1.182180321205469
2020-06-23,1.3790894712429633,-0.00033387305902987663,0.8279991609421867,0.0,0.39960446496925456,0.0,0.39960446496925456,0.6003955350307455,0.0,0.0,0.0,True,0,long_only,1.161351162146099,1.1874870549012053
2020-06-24,1.377265965431069,-0.0013222534504964134,0.8279991609421867,0.0,0.39880953880753744,0.0,0.39880953880753744,0.6011904611924626,0.0,0.0,0.0,True,0,long_only,1.163421860694272,1.183806160053745
2020-06-29,1.3723593717652736,-0.003562560746398491,0.6901184337944878,0.0,0.49712994424573753,0.0,0.49712994424573753,0.5028700557542625,0.0001486873795113133,0.0,0.10785335079318585,True,0,long_only,1.1572985431580203,1.1858300348502975
2020-06-30,1.3740270266224417,0.0012151735846150924,0.6901184337944878,0.0,0.4977402769937509,0.0,0.4977402769937509,0.5022597230062491,0.0,0.0,0.0,True,0,long_only,1.1638111967492304,1.1806270900816114
2020-07-01,1.3785845483307244,0.0033169083431248136,0.6901184337944878,0.0,0.49940071892570836,0.0,0.49940071892570836,0.5005992810742916,0.0,0.0,0.0,True,0,long_only,1.1759456732193043,1.1723199291653243
2020-07-02,1.390213390841068,0.008435349521670243,0.6901184337944878,0.0,0.5035881265846738,0.0,0.5035881265846738,0.4964118734153262,0.0,0.0,0.0,True,0,long_only,1.1959688639587311,1.1624160400291488
2020-07-03,1.3991322254862508,0.006415442912535152,0.6901184337944878,0.0,0.5067525275857,0.0,0.5067525275857,0.4932474724143,0.0,0.0,0.0,True,0,long_only,1.2130664432982354,1.1533846585370184
2020-07-06,1.4303565519696506,0.022316923243296927,0.842492913820566,0.0,0.41099097797648854,0.0,0.41099097797648854,0.5890090220235115,0.00043385019935776565,0.0,0.30912721680621114,True,0,long_only,1.2542621963161829,1.1403967656608514
2020-07-07,1.4353478927863184,0.0034895780424779588,0.842492913820566,0.0,0.4130392234142579,0.0,0.4130392234142579,0.5869607765857421,0.0,0.0,0.0,True,0,long_only,1.2542987918722626,1.1443428807292464
2020-07-08,1.4355168691854276,0.00011772504767559866,0.842492913820566,0.0,0.41310831526582353,0.0,0.41310831526582353,0.5868916847341765,0.0,0.0,0.0,True,0,long_only,1.2673156278611457,1.1327224549484614
2020-07-09,1.4602490830655726,0.01722878665590266,0.842492913820566,0.0,0.42304848974677706,0.0,0.42304848974677706,0.576951510253223,0.0,0.0,0.0,True,0,long_only,1.2792406964269862,1.141496738763984
2020-07-10,1.4461606835678844,-0.009647942711329627,0.842492913820566,0.0,0.41742786718415265,0.0,0.41742786718415265,0.5825721328158473,0.0,0.0,0.0,True,0,long_only,1.2614976121399657,1.1463840039416817
2020-07-13,1.4645403387858058,0.012709275965500755,0.8701855507965365,0.0,0.40583026103741604,0.0,0.40583026103741604,0.594169738962584,0.0006150797454301053,0.0,0.42420342152733076,True,0,long_only,1.2801948916669885,1.1439979555603244
2020-07-14,1.457533994278226,-0.004783988751985047,0.8701855507965365,0.0,0.4029740958272096,0.0,0.4029740958272096,0.5970259041727903,0.0,0.0,0.0,True,0,long_only,1.2687262510089192,1.1488167704571122
2020-07-15,1.4473790528672015,-0.006967207249291896,0.8701855507965365,0.0,0.39878530847000104,0.0,0.39878530847000104,0.601214691529999,0.0,0.0,0.0,True,0,long_only,1.251220021293192,1.1567742109587331
2020-07-16,1.430565635185963,-0.011616457795165402,0.8701855507965365,0.0,0.3917192407020047,0.0,0.3917192407020047,0.6082807592979953,0.0,0.0,0.0,True,0,long_only,1.2164206970911278,1.1760451286359466
2020-07-17,1.4285872125163213,-0.001382965325729013,0.8701855507965365,0.0,0.39087684449884796,0.0,0.39087684449884796,0.609123155501152,0.0,0.0,0.0,True,0,long_only,1.2175351673128494,1.1733436954180736
2020-07-20,1.4515111150945355,0.01604655451019754,0.71544680074408,0.0,0.5071020860233071,0.0,0.5071020860233071,0.4928979139766929,0.0004388947328083903,0.0,0.3069657613069908,True,0,long_only,1.2415354139940051,1.1691258249533463
2020-07-21,1.449718661972489,-0.0012348876308325707,0.71544680074408,0.0,0.5064926599133088,0.0,0.5064926599133088,0.49350734008669117,0.0,0.0,0.0,True,0,long_only,1.2425916024041925,1.1666895697408084
2020-07-22,1.4631648084126017,0.009275004035484757,0.71544680074408,0.0,0.5110278783151753,0.0,0.5110278783151753,0.48897212168482473,0.0,0.0,0.0,True,0,long_only,1.2497158761687706,1.1707979680134954
2020-07-23,1.4655122881344183,0.0016043850346314503,0.71544680074408,0.0,0.5118111212463211,0.0,0.5118111212463211,0.4881888787536789,0.0,0.0,0.0,True,0,long_only,1.2481846232250309,1.1741149993883606
2020-07-24,1.447765740833042,-0.012109449675080763,0.71544680074408,0.0,0.5058269576593151,0.0,0.5058269576593151,0.49417304234068493,0.0,0.0,0.0,True,0,long_only,1.2229709627816419,1.1838103968880058
2020-07-27,1.4660689491021406,0.012642382502135341,0.7254984200306064,0.0,0.5051403138475029,0.0,0.5051403138475029,0.4948596861524971,0.0003057757659126111,0.0,0.21096318134173783,True,0,long_only,1.2188465080723698,1.2028331208174505
2020-07-28,1.4663034744165502,0.00015996881630520043,0.7254984200306064,0.0,0.505219463304289,0.0,0.505219463304289,0.494780536695711,0.0,0.0,0.0,True,0,long_only,1.2271645424301754,1.1948711225902957
2020-07-29,1.4761216098580037,0.006695841353959953,0.7254984200306064,0.0,0.5085103996950522,0.0,0.5085103996950522,0.4914896003049478,0.0,0.0,0.0,True,0,long_only,1.2423533924419334,1.1881656369582427
2020-07-30,1.4807135257189084,0.0031107978029982775,0.7254984200306064,0.0,0.5100345830376837,0.0,0.5100345830376837,0.4899654169623163,0.0,0.0,0.0,True,0,long_only,1.2437711313922781,1.1905032110380283
2020-07-31,1.5011383127390971,0.013793881574946987,0.7254984200306064,0.0,0.5167011501379885,0.0,0.5167011501379885,0.48329884986201155,0.0,0.0,0.0,True,0,long_only,1.2507754530563728,1.2001661122073846
2020-08-03,1.5127008564704691,0.007702517238584283,0.751652254197234,0.0,0.5031058183235002,0.0,0.5031058183235002,0.4968941816764998,0.0006343296922648365,0.0,0.42224005412212273,True,0,long_only,1.2674135548584329,1.1935337527926584
2020-08-04,1.512420372899751,-0.00018541905990099306,0.751652254197234,0.0,0.5030136675849602,0.0,0.5030136675849602,0.49698633241503976,0.0,0.0,0.0,True,0,long_only,1.266939506868105,1.1937589480009811
2020-08-05,1.5155845418524465,0.0020921226726329234,0.751652254197234,0.0,0.5040512532025989,0.0,0.5040512532025989,0.4959487467974011,0.0,0.0,0.0,True,0,long_only,1.2748814202328698,1.1888043215624007
2020-08-06,1.5155691325430058,-1.0167238458369532e-05,0.751652254197234,0.0,0.504046210722159,0.0,0.504046210722159,0.49595378927784095,0.0,0.0,0.0,True,0,long_only,1.276204620663342,1.187559665592848
2020-08-07,1.5160866019674266,0.00034143571105382797,0.751652254197234,0.0,0.5042154892591133,0.0,0.5042154892591133,0.4957845107408867,0.0,0.0,0.0,True,0,long_only,1.2645516468339084,1.1989123621508802
2020-08-10,1.521045535624046,0.003270877567405517,0.9108678572615984,0.0,0.40115674650864885,0.0,0.40115674650864885,0.5988432534913511,0.0004687322973022594,0.0,0.30891024061395045,True,0,long_only,1.2657870856993378,1.2016598627119661
2020-08-11,1.5143883446092141,-0.004376720393252653,0.9108678572615984,0.0,0.39852425535099684,0.0,0.39852425535099684,0.6014757446490031,0.0,0.0,0.0,True,0,long_only,1.2562203974141852,1.2055116663655867
2020-08-12,1.508011975921258,-0.004210524143727135,0.9108678572615984,0.0,0.3959810188475851,0.0,0.3959810188475851,0.6040189811524149,0.0,0.0,0.0,True,0,long_only,1.2485451572219635,1.20781532586023
2020-08-13,1.5088947387824496,0.0005853818638623665,0.9108678572615984,0.0,0.39633439374532403,0.0,0.39633439374532403,0.6036656062546759,0.0,0.0,0.0,True,0,long_only,1.254229666933001,1.2030450072770065
2020-08-14,1.5122107824081488,0.002197663985742837,0.9108678572615984,0.0,0.39765813876087464,0.0,0.39765813876087464,0.6023418612391254,0.0,0.0,0.0,True,0,long_only,1.2592239437946475,1.2009069473783434
2020-08-17,1.5170316969132578,0.0031879910930352473,0.9080649512983374,0.0,0.4014199221110542,0.0,0.4014199221110542,0.5985800778889458,0.0003049392096729637,0.0,0.20160713578818287,True,0,long_only,1.2715739274283016,1.1930346039584054
2020-08-18,1.5211391225198918,0.002707541058628804,0.9080649512983374,0.0,0.403036226039566,0.0,0.403036226039566,0.596963773960434,0.0,0.0,0.0,True,0,long_only,1.2765976840434565,1.1915571691324727
2020-08-19,1.52472162278196,0.0023551430694475073,0.9080649512983374,0.0,0.404438857736201,0.0,0.404438857736201,0.595561142263799,0.0,0.0,0.0,True,0,long_only,1.26892820426284,1.2015822626211687
2020-08-20,1.5233688969335042,-0.0008871952940417982,0.9080649512983374,0.0,0.40391000950180556,0.0,0.40391000950180556,0.5960899904981944,0.0,0.0,0.0,True,0,long_only,1.2576635499451407,1.2112690210350403
2020-08-21,1.5249961165567378,0.0010681717517728728,0.9080649512983374,0.0,0.4045460565836446,0.0,0.4045460565836446,0.5954539434163554,0.0,0.0,0.0,True,0,long_only,1.2605989879295658,1.209739283593606
2020-08-24,1.5215553099367163,-0.002256272381722879,0.763886025777617,0.0,0.49795710955168093,0.0,0.49795710955168093,0.5020428904483191,0.00047120493130732,0.0,0.30866875426680423,True,0,long_only,1.2633131583388058,1.204416577072217
2020-08-25,1.521543625082495,-7.679546149219618e-06,0.763886025777617,0.0,0.4979532540605264,0.0,0.4979532540605264,0.5020467459394736,0.0,0.0,0.0,True,0,long_only,1.261615870001742,1.206027651729202
2020-08-26,1.5131439300980116,-0.005520508808301794,0.763886025777617,0.0,0.49516631525717614,0.0,0.49516631525717614,0.5048336847428239,0.0,0.0,0.0,True,0,long_only,1.2491906621694795,1.211299424437037
2020-08-27,1.5144126639621658,0.0008384753353054553,0.763886025777617,0.0,0.49558925122888375,0.0,0.49558925122888375,0.5044107487711162,0.0,0.0,0.0,True,0,long_only,1.2509855386560893,1.2105756758699795
2020-08-28,1.518898265583924,0.002961941436769644,0.763886025777617,0.0,0.4970788741509628,0.0,0.4970788741509628,0.5029211258490371,0.0,0.0,0.0,True,0,long_only,1.2592720601739373,1.2061716555309945
2020-08-31,1.5181619257618666,-0.0004847854782257244,0.7607933782276644,0.0,0.49887204696832865,0.0,0.49887204696832865,0.5011279530316713,0.0006145690540859115,0.0,0.40417789771607665,True,0,long_only,1.2615074387244687,1.2034506330750658
2020-09-01,1.5181073167381194,-3.597048695569427e-05,0.7607933782276644,0.0,0.49885402050341027,0.0,0.49885402050341027,0.5011459794965898,0.0,0.0,0.0,True,0,long_only,1.2656867867678603,1.1994336455189332
2020-09-02,1.5215073358456743,0.002239643449489792,0.7607933782276644,0.0,0.4999739006813232,0.0,0.4999739006813232,0.5000260993186768,0.0,0.0,0.0,True,0,long_only,1.2697719351391208,1.1982524528540415
2020-09-03,1.517731312764257,-0.002481764624104432,0.7607933782276644,0.0,0.49872986619612864,0.0,0.49872986619612864,0.5012701338038714,0.0,0.0,0.0,True,0,long_only,1.2659598980474915,1.1988778752826819
2020-09-04,1.5180898866606327,0.0002362565055882282,0.7607933782276644,0.0,0.4988482665534424,0.0,0.4988482665534424,0.5011517334465576,0.0,0.0,0.0,True,0,long_only,1.2625551559411192,1.2023949049014304
2020-09-07,1.5222978331690835,0.0027718691399145623,0.7589109987341802,0.0,0.5014700919896224,0.0,0.5014700919896224,0.49852990801037755,0.0012188031786482217,0.0,0.802907681130355,True,0,long_only,1.2469783252653686,1.2207893291530343
2020-09-08,1.5200509521449208,-0.0014759799135266594,0.7589109987341802,0.0,0.5007331841980084,0.0,0.5007331841980084,0.4992668158019916,0.0,0.0,0.0,True,0,long_only,1.2450838275427643,1.2208422585849645
2020-09-09,1.5010900809119376,-0.012473839252709173,0.7589109987341802,0.0,0.49442674468068637,0.0,0.49442674468068637,0.5055732553193136,0.0,0.0,0.0,True,0,long_only,1.2311199121164498,1.219288280644714
2020-09-10,1.4957588430023636,-0.0035515776017487344,0.7589109987341802,0.0,0.49262476215025724,0.0,0.49262476215025724,0.5073752378497427,0.0,0.0,0.0,True,0,long_only,1.2250006607530959,1.2210269683306239
2020-09-11,1.5037097364072012,0.005315625203912155,0.7589109987341802,0.0,0.4953075182265969,0.0,0.4953075182265969,0.5046924817734031,0.0,0.0,0.0,True,0,long_only,1.229837373414955,1.2226899010490877
2020-09-14,1.5098423013980908,0.004078290405661766,0.45332574350959254,0.0,0.6997529191692272,0.0,0.6997529191692272,0.3002470808307728,0.0006259978261073496,0.0,0.415142256783539,True,0,long_only,1.232513931724891,1.2250103325688835
2020-09-15,1.501445538947457,-0.005561350640963303,0.45332574350959254,0.0,0.6980738017128595,0.0,0.6980738017128595,0.3019261982871405,0.0,0.0,0.0,True,0,long_only,1.2325017332061978,1.2182096775163438
2020-09-16,1.4916856009085855,-0.006500361009240008,0.45332574350959254,0.0,0.6960983311540503,0.0,0.6960983311540503,0.3039016688459497,0.0,0.0,0.0,True,0,long_only,1.2282837565202778,1.2144470632213877
2020-09-17,1.4919854108835124,0.0002009873761228409,0.45332574350959254,0.0,0.6961593992791486,0.0,0.6961593992791486,0.3038406007208514,0.0,0.0,0.0,True,0,long_only,1.2253374754081252,1.217611834149261
2020-09-18,1.4992563096007792,0.004873304165193604,0.45332574350959254,0.0,0.6976329260002889,0.0,0.6976329260002889,0.3023670739997111,0.0,0.0,0.0,True,0,long_only,1.23130560067878,1.217615114212334
2020-09-21,1.497272797378919,-0.0013229974148903922,0.6003280987529328,0.0,0.5990522904016895,0.0,0.5990522904016895,0.4009477095983105,0.0007565361814369796,0.0,0.5047280280431546,True,0,long_only,1.2284552134774656,1.2188257096817512
2020-09-22,1.4916490574418724,-0.0037559888531278895,0.6003280987529328,0.0,0.5975406575977896,0.0,0.5975406575977896,0.4024593424022104,0.0,0.0,0.0,True,0,long_only,1.2227764641780332,1.2198869549264502
2020-09-23,1.4946204438148665,0.0019920143804401658,0.6003280987529328,0.0,0.598340768562849,0.0,0.598340768562849,0.401659231437151,0.0,0.0,0.0,True,0,long_only,1.2228720192411302,1.2222214755902039
2020-09-24,1.4801078892617123,-0.009709859525346975,0.6003280987529328,0.0,0.5944024735572617,0.0,0.5944024735572617,0.4055975264427383,0.0,0.0,0.0,True,0,long_only,1.2086353313829257,1.2246108076024607
2020-09-25,1.470682943296043,-0.006367742536910859,0.6003280987529328,0.0,0.5918031813114671,0.0,0.5918031813114671,0.40819681868853286,0.0,0.0,0.0,True,0,long_only,1.2054047570156732,1.2200739500457445
2020-09-28,1.4439219553410432,-0.018196299941457328,0.5874887677471833,0.0,0.5931298325549575,0.0,0.5931298325549575,0.40687016744504245,0.00031138006773798795,0.0,0.2124002195223659,True,0,long_only,1.2014805613216146,1.201785531804814
2020-09-29,1.4443225217408602,0.00027741554751981035,0.5874887677471833,0.0,0.5932426733614348,0.0,0.5932426733614348,0.40675732663856523,0.0,0.0,0.0,True,0,long_only,1.2127723234586325,1.1909263542738868
2020-09-30,1.4412259647285492,-0.00214395120598021,0.5874887677471833,0.0,0.5923687318124087,0.0,0.5923687318124087,0.4076312681875913,0.0,0.0,0.0,True,0,long_only,1.2171831045094537,1.1840666859316855
2020-10-09,1.4502741696189494,0.006278130641439006,0.5776453695791599,0.0,0.6016991947592001,0.0,0.6016991947592001,0.3983008052407999,0.0006193001189779539,0.0,0.429407616009493,True,0,long_only,1.2291047845978793,1.1799434741387238
2020-10-12,1.4676324790318673,0.011968984745469813,0.7264062260705262,0.0,0.5050489571137697,0.0,0.5050489571137697,0.49495104288623026,0.0001518215490921088,0.0,0.10464717910623571,True,0,long_only,1.2457025635187036,1.1781564251471748
2020-10-13,1.4677281264691886,6.517124599492163e-05,0.7264062260705262,0.0,0.5050812115878769,0.0,0.5050812115878769,0.4949187884121231,0.0,0.0,0.0,True,0,long_only,1.2505616401315,1.1736551637029686
2020-10-14,1.4690574598976522,0.0009057082197243549,0.7264062260705262,0.0,0.5055290579844751,0.0,0.5055290579844751,0.4944709420155249,0.0,0.0,0.0,True,0,long_only,1.2492641921293801,1.1759381795724353
2020-10-15,1.470727895712939,0.0011370799719454538,0.7264062260705262,0.0,0.506090672388859,0.0,0.506090672388859,0.49390932761114104,0.0,0.0,0.0,True,0,long_only,1.248469594175614,1.1780246011390336
2020-10-16,1.4930971590041306,0.015209654591033628,0.7264062260705262,0.0,0.513490316628138,0.0,0.513490316628138,0.48650968337186196,0.0,0.0,0.0,True,0,long_only,1.2486972998578874,1.1957238629202274
2020-10-19,1.4795362591897636,-0.009082396100339452,0.8940998718484044,0.0,0.3956891111691719,0.0,0.3956891111691719,0.6043108888308282,0.0007732363444981773,0.0,0.5189664679871587,True,0,long_only,1.2434499037333566,1.189863986275263
2020-10-20,1.482142914679093,0.0017618057503754336,0.8940998718484044,0.0,0.3967519171105096,0.0,0.3967519171105096,0.6032480828894904,0.0,0.0,0.0,True,0,long_only,1.248896881177618,1.1867616430281587
2020-10-21,1.4794862584835629,-0.0017924426647516478,0.8940998718484044,0.0,0.3956686878830258,0.0,0.3956686878830258,0.6043313121169742,0.0,0.0,0.0,True,0,long_only,1.2486081829018785,1.1849083473448836
2020-10-22,1.4860756656030005,0.004453848139280181,0.8940998718484044,0.0,0.3983483529517266,0.0,0.3983483529517266,0.6016516470482733,0.0,0.0,0.0,True,0,long_only,1.2534333747405275,1.1856040341279663
2020-10-23,1.4750539096642914,-0.007416685565762693,0.8940998718484044,0.0,0.3938527493873813,0.0,0.3938527493873813,0.6061472506126186,0.0,0.0,0.0,True,0,long_only,1.2430720885016087,1.1866197651033354
2020-10-26,1.4839953348987234,0.006061761658912479,0.5932184796642876,0.0,0.6002558325395462,0.0,0.6002558325395462,0.3997441674604538,0.0006068869813247106,0.0,0.40965374630390233,True,0,long_only,1.244335312881839,1.1926008363950065
2020-10-27,1.481196749453261,-0.0018858451773052787,0.5932184796642876,0.0,0.599500552588131,0.0,0.599500552588131,0.40049944741186905,0.0,0.0,0.0,True,0,long_only,1.2501421466275502,1.1848226647257802
2020-10-28,1.485128840627488,0.0026546717549025267,0.5932184796642876,0.0,0.6005609321992262,0.0,0.6005609321992262,0.39943906780077376,0.0,0.0,0.0,True,0,long_only,1.2498625972408306,1.188233685771561
2020-10-29,1.4867417740863533,0.0010860562496273207,0.5932184796642876,0.0,0.6009942748606509,0.0,0.6009942748606509,0.39900572513934907,0.0,0.0,0.0,True,0,long_only,1.2521321994132513,1.1873680548931176
2020-10-30,1.4771200924650514,-0.00647165620083201,0.5932184796642876,0.0,0.5983952268401472,0.0,0.5983952268401472,0.40160477315985277,0.0,0.0,0.0,True,0,long_only,1.239653114790094,1.1915592151076608
2020-11-02,1.4720659363758237,-0.0034216284207421177,0.14888950941308562,0.0,0.898856766036142,0.0,0.898856766036142,0.10114323396385805,0.0010529527535232076,0.0,0.7123316757175857,True,0,long_only,1.2354879983518448,1.1914854198013876
2020-11-03,1.4770303019221194,0.003372379880291154,0.14888950941308562,0.0,0.899196713013044,0.0,0.899196713013044,0.10080328698695595,0.0,0.0,0.0,True,0,long_only,1.2392793657312438,1.1918461186115121
2020-11-04,1.4845835084458652,0.005113778988769857,0.14888950941308562,0.0,0.899709576075683,0.0,0.899709576075683,0.10029042392431697,0.0,0.0,0.0,True,0,long_only,1.2402684622886184,1.196985615280761
2020-11-05,1.5039498856533622,0.013044990125055778,0.14888950941308562,0.0,0.9010010168334808,0.0,0.9010010168334808,0.09899898316651923,0.0,0.0,0.0,True,0,long_only,1.2501929737887718,1.2029741945321988
2020-11-06,1.5014021617206148,-0.0016940218268246543,0.14888950941308562,0.0,0.9008330258147108,0.0,0.9008330258147108,0.09916697418528919,0.0,0.0,0.0,True,0,long_only,1.2450214795583323,1.2059247060165041
2020-11-09,1.5108408719127921,0.0062865969110903475,0.30129821141163676,0.0,0.800575813765099,0.0,0.800575813765099,0.199424186234901,0.0010603396431735756,0.0,0.7067062718831749,True,0,long_only,1.2559428811139146,1.202953489869543
2020-11-10,1.510188464077409,-0.00043181770331446323,0.30129821141163676,0.0,0.8004896616690135,0.0,0.8004896616690135,0.19951033833098653,0.0,0.0,0.0,True,0,long_only,1.251588348788179,1.2066175476462477
2020-11-11,1.506828571651578,-0.0022248166409374326,0.30129821141163676,0.0,0.8000447980081801,0.0,0.8000447980081801,0.19995520199181993,0.0,0.0,0.0,True,0,long_only,1.249340432871213,1.2060992600620553
2020-11-12,1.5071241655279117,0.000196169545690017,0.30129821141163676,0.0,0.8000840154360481,0.0,0.8000840154360481,0.19991598456395188,0.0,0.0,0.0,True,0,long_only,1.2482296899746474,1.207409323486387
2020-11-13,1.5088669988683836,0.0011563966528673753,0.30129821141163676,0.0,0.8003149305819508,0.0,0.8003149305819508,0.1996850694180492,0.0,0.0,0.0,True,0,long_only,1.240607648877838,1.2162322231635387
2020-11-16,1.5227655994779041,0.009211282783667452,0.30383826335652847,0.0,0.8004694462097761,0.0,0.8004694462097761,0.19953055379022389,0.0006251804505398645,0.0,0.4136318512880482,True,0,long_only,1.243598996739607,1.2244828143719955
2020-11-17,1.512907523244024,-0.006473797567570494,0.30383826335652847,0.0,0.7991693089706972,0.0,0.7991693089706972,0.20083069102930284,0.0,0.0,0.0,True,0,long_only,1.2362510834656535,1.223786610566847
2020-11-18,1.5125274591010758,-0.00025121439156661207,0.30383826335652847,0.0,0.7991188447334996,0.0,0.7991188447334996,0.2008811552665004,0.0,0.0,0.0,True,0,long_only,1.2379514214323908,1.2217987175546698
2020-11-19,1.517104892233584,0.003026347128420648,0.30383826335652847,0.0,0.7997249465663528,0.0,0.7997249465663528,0.20027505343364715,0.0,0.0,0.0,True,0,long_only,1.238779904160305,1.2246767057962076
2020-11-20,1.5335194843598348,0.010819681757195054,0.30383826335652847,0.0,0.801868664561921,0.0,0.801868664561921,0.19813133543807904,0.0,0.0,0.0,True,0,long_only,1.2402379659918854,1.2364719726455047
2020-11-23,1.54367396163614,0.006621681289262549,0.3104728989571151,0.0,0.7988740455089073,0.0,0.7988740455089073,0.20112595449109272,0.0012591096061316984,0.0,0.8136376863155181,True,0,long_only,1.2501197826766126,1.234820841192516
2020-11-24,1.5480565268798876,0.0028390484990123976,0.3104728989571151,0.0,0.799443435322821,0.0,0.799443435322821,0.20055656467717897,0.0,0.0,0.0,True,0,long_only,1.2527099348124715,1.2357661449468977
2020-11-25,1.5406289942777798,-0.004797972472670664,0.3104728989571151,0.0,0.7984765312672442,0.0,0.7984765312672442,0.20152346873275584,0.0,0.0,0.0,True,0,long_only,1.2476173921057965,1.2348569393357225
2020-11-26,1.5278338315810203,-0.008305155066069325,0.3104728989571151,0.0,0.7967888309975214,0.0,0.7967888309975214,0.2032111690024786,0.0,0.0,0.0,True,0,long_only,1.2448283363456898,1.2273449976774464
2020-11-27,1.528494940633687,0.00043271004935308,0.3104728989571151,0.0,0.7968767244800964,0.0,0.7968767244800964,0.2031232755199036,0.0,0.0,0.0,True,0,long_only,1.248281872526835,1.2244790013169307
2020-11-30,1.5222120778075965,-0.004110489775965953,0.46106308093082643,0.0,0.697109826119049,0.0,0.697109826119049,0.30289017388095096,0.0007848444308325328,0.0,0.511943111165767,True,0,long_only,1.2482828890700595,1.2194447998414908
2020-12-01,1.5186161160485665,-0.0023623263876667577,0.46106308093082643,0.0,0.6963926063615663,0.0,0.6963926063615663,0.3036073936384337,0.0,0.0,0.0,True,0,long_only,1.2572389737250684,1.2078977408320908
2020-12-02,1.5167808074993907,-0.0012085401503252324,0.46106308093082643,0.0,0.6960252406602186,0.0,0.6960252406602186,0.30397475933978135,0.0,0.0,0.0,True,0,long_only,1.257219659403804,1.2064564820905481
2020-12-03,1.5166087789127987,-0.00011341690621446965,0.46106308093082643,0.0,0.6959907608728563,0.0,0.6959907608728563,0.3040092391271437,0.0,0.0,0.0,True,0,long_only,1.2512918570143856,1.2120344030140706
2020-12-04,1.5234390434320357,0.004503643005504321,0.46106308093082643,0.0,0.6973537714432382,0.0,0.6973537714432382,0.3026462285567618,0.0,0.0,0.0,True,0,long_only,1.2503559595524227,1.2184042726339832
2020-12-07,1.5306923081966863,0.00476111256037548,0.3067890595321602,0.0,0.7995749649427655,0.0,0.7995749649427655,0.20042503505723452,0.0004786143305777327,0.0,0.3136428608704164,True,0,long_only,1.247743782313368,1.2267681313215766
2020-12-08,1.5365378109945103,0.0038188620707910736,0.3067890595321602,0.0,0.8003374486869322,0.0,0.8003374486869322,0.19966255131306776,0.0,0.0,0.0,True,0,long_only,1.2452590118251086,1.2339102117739267
2020-12-09,1.5170677749669024,-0.012671367986060944,0.3067890595321602,0.0,0.7977749810559035,0.0,0.7977749810559035,0.2022250189440965,0.0,0.0,0.0,True,0,long_only,1.2407587749705373,1.2226935691048617
2020-12-10,1.5134800271119586,-0.002364922592216989,0.3067890595321602,0.0,0.7972956008427948,0.0,0.7972956008427948,0.20270439915720517,0.0,0.0,0.0,True,0,long_only,1.2378080888377454,1.2227097566740404
2020-12-11,1.497240275660641,-0.010730073182601996,0.3067890595321602,0.0,0.7950969764042763,0.0,0.7950969764042763,0.20490302359572365,0.0,0.0,0.0,True,0,long_only,1.2291481571087883,1.2181121266800425
2020-12-14,1.4950803243984068,-0.001442621666907229,0.30037473710406093,0.0,0.7990912379741696,0.0,0.7990912379741696,0.2009087620258304,0.0006062939491156325,0.0,0.4057677721787942,True,0,long_only,1.2297563888047418,1.2157532483742945
2020-12-15,1.4907576472610071,-0.0028912674903530666,0.30037473710406093,0.0,0.798508672649814,0.0,0.798508672649814,0.20149132735018604,0.0,0.0,0.0,True,0,long_only,1.2230743113427927,1.2188610564670674
2020-12-16,1.4825829612672077,-0.005483578104609421,0.4489980346369162,0.0,0.6971514941375394,0.0,0.6971514941375394,0.3028485058624606,0.0001487720696024577,0.0,0.09982117866611277,True,0,long_only,1.2209239835753722,1.2143122595770373
2020-12-17,1.4922086241262982,0.006492495267086396,0.4489980346369162,0.0,0.6991050531558154,0.0,0.6991050531558154,0.3008949468441846,0.0,0.0,0.0,True,0,long_only,1.227014094032959,1.2161299787695965
2020-12-18,1.4920756271061821,-8.91276313282896e-05,0.4489980346369162,0.0,0.6990782327114818,0.0,0.6990782327114818,0.30092176728851816,0.0,0.0,0.0,True,0,long_only,1.2311029697293758,1.211982802246163
2020-12-21,1.5045307271703292,0.00834749917355282,0.15072998504164747,0.0,0.8998159477107288,0.0,0.8998159477107288,0.10018405228927119,0.0009099237030240158,0.0,0.6092238985551135,True,0,long_only,1.2410718702836632,1.2122833199228413
2020-12-22,1.5131156367777894,0.005706038070492747,0.15072998504164747,0.0,0.9003843583543754,0.0,0.9003843583543754,0.09961564164562464,0.0,0.0,0.0,True,0,long_only,1.233751403676769,1.2264347844050851
2020-12-23,1.5294747317736794,0.010811529930869757,0.15072998504164747,0.0,0.901449836397852,0.0,0.901449836397852,0.09855016360214797,0.0,0.0,0.0,True,0,long_only,1.2362270252760086,1.237211855510276
2020-12-24,1.4787069722185109,-0.033192937745558426,0.15072998504164747,0.0,0.8980663594116239,0.0,0.8980663594116239,0.10193364058837606,0.0,0.0,0.0,True,0,long_only,1.226451267934364,1.2056793538230064
2020-12-25,1.494697771737197,0.010814042145682823,0.15072998504164747,0.0,0.899156881148981,0.0,0.899156881148981,0.10084311885101904,0.0,0.0,0.0,True,0,long_only,1.233271595274836,1.2119777812640709
2020-12-28,1.483007701052079,-0.007821026368114103,0.0017488622462466302,0.0,0.9988207328626777,0.0,0.9988207328626777,0.001179267137322304,0.0010842807963486252,0.0,0.7260712868194894,True,0,long_only,1.2308752640471026,1.2048399576866693
2020-12-29,1.4817548917021726,-0.0008447760244384428,0.0017488622462466302,0.0,0.9988197358037822,0.0,0.9988197358037822,0.0011802641962177507,0.0,0.0,0.0,True,0,long_only,1.2250918107955535,1.2095051804647576
2020-12-30,1.4942423762759167,0.008427496776743704,0.0017488622462466302,0.0,0.9988295993514752,0.0,0.9988295993514752,0.0011704006485248053,0.0,0.0,0.0,True,0,long_only,1.2352067547264178,1.2097103343697888
2020-12-31,1.5033064112120214,0.006065973686741888,0.0017488622462466302,0.0,0.9988366561645696,0.0,0.9988366561645696,0.001163343835430375,0.0,0.0,0.0,True,0,long_only,1.2479816534278856,1.2045901532949816
2021-01-04,1.516040170271399,0.008470501399053587,0.15261264720395848,0.0,0.8993346942933327,0.0,0.8993346942933327,0.10066530570666732,0.0007734872673248688,0.0,0.5133371802193663,True,0,long_only,1.2603858527001761,1.2028381364512497
2021-01-05,1.5124160640699695,-0.002390508030391203,0.15261264720395848,0.0,0.8990934764384397,0.0,0.8990934764384397,0.10090652356156027,0.0,0.0,0.0,True,0,long_only,1.2679448681170706,1.1928090109437839
2021-01-06,1.511913378598013,-0.0003323724759997093,0.15261264720395848,0.0,0.8990599267363615,0.0,0.8990599267363615,0.10094007326363852,0.0,0.0,0.0,True,0,long_only,1.2691742077231534,1.191257566847599
2021-01-07,1.4920670251203925,-0.013126647173414052,0.15261264720395848,0.0,0.8977172977925408,0.0,0.8977172977925408,0.10228270220745916,0.0,0.0,0.0,True,0,long_only,1.2684026514158075,1.176335466860565
2021-01-08,1.4973803259385214,0.003561033605511188,0.15261264720395848,0.0,0.8980802374918979,0.0,0.8980802374918979,0.10191976250810209,0.0,0.0,0.0,True,0,long_only,1.2674237202906773,1.1814362489563512
2021-01-11,1.485811616644872,-0.007725965870693741,0.15125341698984984,0.0,0.898201484430848,0.0,0.898201484430848,0.10179851556915198,0.0009301885762762629,0.0,0.6216584480259469,True,0,long_only,1.26189745247491,1.1774424409295763
2021-01-12,1.4805096527945432,-0.003568395744745434,0.15125341698984984,0.0,0.8978369261528618,0.0,0.8978369261528618,0.10216307384713819,0.0,0.0,0.0,True,0,long_only,1.270397109222148,1.165391232432074
2021-01-13,1.4614570786506342,-0.012868929363578419,0.15125341698984984,0.0,0.8965050570424535,0.0,0.8965050570424535,0.10349494295754647,0.0,0.0,0.0,True,0,long_only,1.264589597780954,1.1556769731580385
2021-01-14,1.4707423130727697,0.006353408907984193,0.15125341698984984,0.0,0.8971584514531022,0.0,0.8971584514531022,0.10284154854689775,0.0,0.0,0.0,True,0,long_only,1.263090196524913,1.1644000698597465
2021-01-15,1.4824211885675875,0.007940803355563908,0.15125341698984984,0.0,0.897968662242341,0.0,0.897968662242341,0.10203133775765905,0.0,0.0,0.0,True,0,long_only,1.2668876631636588,1.1701283639195765
2021-01-18,1.497016436858631,0.00984554754316913,0.0017621049597307456,0.0,0.9988229221026935,0.0,0.9988229221026935,0.0011770778973064777,0.001047569371066159,0.0,0.7069245495558574,True,0,long_only,1.2735483932178946,1.1754688277499186
2021-01-19,1.5057433947330663,0.005829567170783978,0.0017621049597307456,0.0,0.9988297441875592,0.0,0.9988297441875592,0.0011702558124407902,0.0,0.0,0.0,True,0,long_only,1.2685500501833504,1.1869798866157728
2021-01-20,1.50584164238125,6.524859981271725e-05,0.0017621049597307456,0.0,0.9988298205401305,0.0,0.9988298205401305,0.0011701794598695248,0.0,0.0,0.0,True,0,long_only,1.2705262102116512,1.1852110017709896
2021-01-21,1.5116448156047997,0.003853773903059965,0.0017621049597307456,0.0,0.9988343128349064,0.0,0.9988343128349064,0.0011656871650935763,0.0,0.0,0.0,True,0,long_only,1.278468123576416,1.1823875681593765
2021-01-22,1.5021558188861521,-0.006277266075133459,0.0017621049597307456,0.0,0.998826949283439,0.0,0.998826949283439,0.0011730507165610415,0.0,0.0,0.0,True,0,long_only,1.2785209838240865,1.1749168280313778
2021-01-25,1.498380878852611,-0.0025130149522972767,0.0023714461031890278,0.0,0.9984173275722759,0.0,0.9984173275722759,0.001582672427724141,0.000632588927785331,0.0,0.42049234352188336,True,0,long_only,1.276065693089336,1.1742192325734055
2021-01-26,1.490126078499286,-0.005509146886368499,0.0023714461031890278,0.0,0.9984085600960844,0.0,0.9984085600960844,0.0015914399039156368,0.0,0.0,0.0,True,0,long_only,1.2675053825963734,1.1756368840398088
2021-01-27,1.5050548481743582,0.010018460780249594,0.0023714461031890278,0.0,0.9984243457266254,0.0,0.9984243457266254,0.0015756542733745826,0.0,0.0,0.0,True,0,long_only,1.2660032705584008,1.1888238231094916
2021-01-28,1.4943933852653257,-0.0070837703502733,0.0023714461031890278,0.0,0.9984131045235,0.0,0.9984131045235,0.0015868954765000387,0.0,0.0,0.0,True,0,long_only,1.2455219576724956,1.1998129587838786
2021-01-29,1.462575516932086,-0.021291494359492513,0.0023714461031890278,0.0,0.9983785821137199,0.0,0.9983785821137199,0.0016214178862801187,0.0,0.0,0.0,True,0,long_only,1.2299305565438616,1.1891529234316798
2021-02-01,1.4505133704310138,-0.008247195691046372,0.0021160518527285894,0.0,0.9985411703912113,0.0,0.9985411703912113,0.0014588296087887365,0.000794058108631327,0.0,0.544735143726333,True,0,long_only,1.2322543743549186,1.1771217052407326
2021-02-02,1.4281280358627588,-0.01543269784655854,0.0021160518527285894,0.0,0.9985183038217926,0.0,0.9985183038217926,0.00148169617820737,0.0,0.0,0.0,True,0,long_only,1.230527606264346,1.1605818744678889
2021-02-03,1.421582308077135,-0.004583432032177148,0.0021160518527285894,0.0,0.9985114812974912,0.0,0.9985114812974912,0.0014885187025087676,0.0,0.0,0.0,True,0,long_only,1.22445376049835,1.1609930517086688
2021-02-04,1.3920505080042767,-0.02077389392444251,0.0021160518527285894,0.0,0.9984799029628874,0.0,0.9984799029628874,0.0015200970371126443,0.0,0.0,0.0,True,0,long_only,1.2072623203344564,1.1530638242885167
2021-02-05,1.3733693580454551,-0.013419879416303515,0.0021160518527285894,0.0,0.9984592259610771,0.0,0.9984592259610771,0.001540774038922943,0.0,0.0,0.0,True,0,long_only,1.2020908261040169,1.1424838524860497
2021-02-08,1.3769606998945327,0.0026149861492386073,0.0016983451097503275,0.0,0.998766598705482,0.0,0.998766598705482,0.0012334012945179884,0.0010499789234733581,0.0,0.7627367019263736,True,0,long_only,1.2100168136249323,1.1379682367962103
2021-02-09,1.4023391009573924,0.018430737394904195,0.0016983451097503275,0.0,0.9987889198064928,0.0,0.9987889198064928,0.0012110801935072413,0.0,0.0,0.0,True,0,long_only,1.2278229235918674,1.1421346466272158
2021-02-10,1.4261422455843722,0.01697388642356823,0.0016983451097503275,0.0,0.998809133440224,0.0,0.998809133440224,0.0011908665597759605,0.0,0.0,0.0,True,0,long_only,1.2364943761440348,1.1533754403572363
2021-02-18,1.4646633346431053,0.027010692080682963,0.0020694683109663673,0.0,0.9985870689447752,0.0,0.9985870689447752,0.0014129310552247754,0.0008214851853072575,0.0,0.5674136032524535,True,0,long_only,1.2468214387610643,1.174717797681202
2021-02-19,1.5091823979526517,0.03039542416100316,0.0020694683109663673,0.0,0.9986287487093848,0.0,0.9986287487093848,0.0013712512906152163,0.0,0.0,0.0,True,0,long_only,1.2571257985794149,1.2005022883613299
2021-02-22,1.538423106329515,0.01937519839651669,0.0021655699097220785,0.0,0.9985923443941966,0.0,0.9985923443941966,0.0014076556058033596,0.0008562679559125002,0.0,0.5657667605087898,True,0,long_only,1.2633158691207376,1.2177659949765778
2021-02-23,1.5257872571008444,-0.008213507179321011,0.0021655699097220785,0.0,0.9985806868554946,0.0,0.9985806868554946,0.0014193131445053853,0.0,0.0,0.0,True,0,long_only,1.2586634896302427,1.2122281051856638
2021-02-24,1.5140640901512612,-0.00768335617893301,0.0021655699097220785,0.0,0.9985696973306423,0.0,0.9985696973306423,0.0014303026693577303,0.0,0.0,0.0,True,0,long_only,1.2459597489544854,1.215178974619163
2021-02-25,1.5005039487996996,-0.008956121104627068,0.0021655699097220785,0.0,0.998556771602331,0.0,0.998556771602331,0.001443228397668972,0.0,0.0,0.0,True,0,long_only,1.2457852423676241,1.204464379388522
2021-02-26,1.5000236722276332,-0.0003200768464824977,0.0021655699097220785,0.0,0.9985563095104318,0.0,0.9985563095104318,0.0014436904895681613,0.0,0.0,0.0,True,0,long_only,1.238295351889991,1.2113617885572858
2021-03-01,1.525834389140264,0.017206873058409844,0.0020796552004731165,0.0,0.9986370374037481,0.0,0.9986370374037481,0.0013629625962519043,0.0009251304159170569,0.0,0.6147135868754877,True,0,long_only,1.247928115484732,1.2226941361502903
2021-03-02,1.5276657826398996,0.001200257061100496,0.0020796552004731165,0.0,0.998638671348075,0.0,0.998638671348075,0.0013613286519249534,0.0,0.0,0.0,True,0,long_only,1.243943266044949,1.2280831645136288
2021-03-03,1.54807161165147,0.013357521811026007,0.0020796552004731165,0.0,0.998656615634044,0.0,0.998656615634044,0.0013433843659560463,0.0,0.0,0.0,True,0,long_only,1.2555027178977345,1.2330292794934166
2021-03-04,1.5428977036834093,-0.003342163197825876,0.0020796552004731165,0.0,0.9986521107682589,0.0,0.9986521107682589,0.0013478892317411173,0.0,0.0,0.0,True,0,long_only,1.2448456175805052,1.2394289556019014
2021-03-05,1.5509676642038541,0.005230392462947542,0.0020796552004731165,0.0,0.9986591240755877,0.0,0.9986591240755877,0.0013408759244123436,0.0,0.0,0.0,True,0,long_only,1.2441462358420943,1.2466120296173135
2021-03-08,1.5566736031155708,0.0036789541416040183,0.0022165610194468544,0.0,0.9985760913430981,0.0,0.9985760913430981,0.0014239086569018955,0.0008876489625603636,0.0,0.5709466257306497,True,0,long_only,1.2339777539680765,1.2615086439847136
2021-03-09,1.5435593618042132,-0.0084245286135195,0.0022165610194468544,0.0,0.9985639936666536,0.0,0.9985639936666536,0.0014360063333463957,0.0,0.0,0.0,True,0,long_only,1.228376261953701,1.256585143829808
2021-03-10,1.5460630405905214,0.0016220165212057491,0.0022165610194468544,0.0,0.9985663191207259,0.0,0.9985663191207259,0.0014336808792740907,0.0,0.0,0.0,True,0,long_only,1.2303470004181383,1.25660731489985
2021-03-11,1.5576166283499115,0.007472908578797233,0.0022165610194468544,0.0,0.9985769534177386,0.0,0.9985769534177386,0.0014230465822614446,0.0,0.0,0.0,True,0,long_only,1.2433726464482997,1.2527351577173997
2021-03-12,1.5695303986268743,0.007648717958014917,0.0022165610194468544,0.0,0.9985877552792949,0.0,0.9985877552792949,0.0014122447207051136,0.0,0.0,0.0,True,0,long_only,1.2481087213309396,1.2575269860731217
2021-03-15,1.574750114720889,0.003325654666250122,0.00246800249785537,0.0,0.9984327656338715,0.0,0.9984327656338715,0.0015672343661284893,0.0006763227175256056,0.0,0.4294540444386745,True,0,long_only,1.2464097387551683,1.2634289236969902
2021-03-16,1.5839799482971777,0.005861141707504736,0.00246800249785537,0.0,0.9984418978911264,0.0,0.9984418978911264,0.001558102108873638,0.0,0.0,0.0,True,0,long_only,1.2485295702258556,1.2686763582304583
2021-03-17,1.5862304703534644,0.0014208021122401604,0.00246800249785537,0.0,0.9984441085050488,0.0,0.9984441085050488,0.001555891494951167,0.0,0.0,0.0,True,0,long_only,1.2494275167407727,1.2695658204257163
2021-03-18,1.5889406927602372,0.0017085930811611139,0.00246800249785537,0.0,0.9984467623561405,0.0,0.9984467623561405,0.0015532376438595064,0.0,0.0,0.0,True,0,long_only,1.2533771260154418,1.2677275337005482
2021-03-19,1.5939535537977834,0.003154844646113153,0.00246800249785537,0.0,0.9984516471687804,0.0,0.9984516471687804,0.0015483528312195682,0.0,0.0,0.0,True,0,long_only,1.2483005091526163,1.2768989054404911
2021-03-22,1.615733038231979,0.013663813717974094,0.0024523668755699617,0.0,0.9984821955004067,0.0,0.9984821955004067,0.0015178044995932671,0.0007339741765737504,0.0,0.45988423264263445,True,0,long_only,1.2565999068846407,1.2857975154858161
2021-03-23,1.5937777501419934,-0.01358843792289477,0.0024523668755699617,0.0,0.9984612867914917,0.0,0.9984612867914917,0.001538713208508291,0.0,0.0,0.0,True,0,long_only,1.2481510772986246,1.2769109277952226
2021-03-24,1.5770823591437202,-0.010475357054511303,0.0024523668755699617,0.0,0.9984449975859843,0.0,0.9984449975859843,0.0015550024140157381,0.0,0.0,0.0,True,0,long_only,1.2360653949033233,1.2758890958734985
2021-03-25,1.5658057106995151,-0.00715032311332664,0.0024523668755699617,0.0,0.9984337987409214,0.0,0.9984337987409214,0.0015662012590785812,0.0,0.0,0.0,True,0,long_only,1.2331824783188272,1.2697275044275251
2021-03-26,1.5722296306757793,0.00410262903779679,0.0024523668755699617,0.0,0.9984401980297777,0.0,0.9984401980297777,0.0015598019702223187,0.0,0.0,0.0,True,0,long_only,1.2411765742357797,1.266725189076209
2021-03-29,1.5807135447535499,0.0053961036684724295,0.0024189223136252694,0.0,0.998469727597607,0.0,0.998469727597607,0.001530272402393007,0.0007263696191448524,0.0,0.46105685269722024,True,0,long_only,1.2438585541095792,1.2708145468237018
2021-03-30,1.5747129945333185,-0.0037961022350617712,0.0024189223136252694,0.0,0.9984638963912645,0.0,0.9984638963912645,0.0015361036087354618,0.0,0.0,0.0,True,0,long_only,1.244275675679339,1.265566003830759
2021-03-31,1.5722621620423527,-0.0015563677314368585,0.0024189223136252694,0.0,0.9984615019225018,0.0,0.9984615019225018,0.0015384980774981738,0.0,0.0,0.0,True,0,long_only,1.2430063520397618,1.2648866672823393
2021-04-01,1.5843806015006974,0.007707645551046749,0.0024189223136252694,0.0,0.9984732694206594,0.0,0.9984732694206594,0.0015267305793406072,0.0,0.0,0.0,True,0,long_only,1.2476306071677141,1.2699116167865183
2021-04-02,1.5806255515937513,-0.0023700428441181254,0.0024189223136252694,0.0,0.9984696424075985,0.0,0.9984696424075985,0.001530357592401499,0.0,0.0,0.0,True,0,long_only,1.248449602158867,1.2660707719882909
2021-04-06,1.603597436256267,0.014533413457319622,0.0026855332040436625,0.0,0.9983253071230188,0.0,0.9983253071230188,0.0016746928769811875,0.0004879723304222452,0.0,0.30698791682850335,True,0,long_only,1.2502953058066983,1.282574947541386
2021-04-07,1.6069516353023472,0.0020916714945058423,0.0026855332040436625,0.0,0.9983288027187337,0.0,0.9983288027187337,0.0016711972812663012,0.0,0.0,0.0,True,0,long_only,1.2523117887162347,1.2831881403509422
2021-04-08,1.609628389276405,0.0016657339992400821,0.0026855332040436625,0.0,0.9983315818595552,0.0,0.9983315818595552,0.0016684181404448273,0.0,0.0,0.0,True,0,long_only,1.2544058677585697,1.2831798946799917
2021-04-09,1.6301007342286842,0.012718677856745852,0.0026855332040436625,0.0,0.9983525354306926,0.0,0.9983525354306926,0.001647464569307422,0.0,0.0,0.0,True,0,long_only,1.253119262884177,1.300834471634286
2021-04-12,1.620442249988889,-0.005925084282822013,0.0026607115602075063,0.0,0.9983580337033142,0.0,0.9983580337033142,0.0016419662966857818,0.0005903699853635267,0.0,0.36252176457341556,True,0,long_only,1.2460021049221701,1.3005132524154988
2021-04-13,1.6005363515776003,-0.012284238090820798,0.0026607115602075063,0.0,0.9983376125399559,0.0,0.9983376125399559,0.0016623874600441013,0.0,0.0,0.0,True,0,long_only,1.2419515190205404,1.2887269165223585
2021-04-14,1.6009782308301335,0.00027608198470319145,0.0026607115602075063,0.0,0.9983380713685108,0.0,0.9983380713685108,0.0016619286314891735,0.0,0.0,0.0,True,0,long_only,1.2450926375840428,1.2858306141273514
2021-04-15,1.6077008032915794,0.004199040519095698,0.0026607115602075063,0.0,0.9983450206936764,0.0,0.9983450206936764,0.001654979306323634,0.0,0.0,0.0,True,0,long_only,1.2445609854776636,1.29178145711722
2021-04-16,1.6131827860107706,0.0034098276917990944,0.0026607115602075063,0.0,0.9983506447110144,0.0,0.9983506447110144,0.0016493552889855767,0.0,0.0,0.0,True,0,long_only,1.249571527030901,1.2909887518354743
2021-04-19,1.6226359851871492,0.00585996779680209,0.002925531839787216,0.0,0.9981970498210972,0.0,0.9981970498210972,0.0018029501789027513,0.00029504529298037875,0.0,0.1828911174047209,True,0,long_only,1.2611052264553342,1.2866777102716414
2021-04-20,1.6252428079538441,0.0016065357791226198,0.002925531839787216,0.0,0.9981999416791941,0.0,0.9981999416791941,0.0018000583208058751,0.0,0.0,0.0,True,0,long_only,1.2622850942911612,1.287540204114113
2021-04-21,1.6234975600876445,-0.001073838233683233,0.002925531839787216,0.0,0.9981980066298164,0.0,0.9981980066298164,0.0018019933701836077,0.0,0.0,0.0,True,0,long_only,1.2596742724430718,1.288823305836799
2021-04-22,1.6262373432049892,0.0016875806805629612,0.002925531839787216,0.0,0.998201042515712,0.0,0.998201042515712,0.001798957484288044,0.0,0.0,0.0,True,0,long_only,1.2601652628204738,1.2904952954862294
2021-04-23,1.625459985722481,-0.00047800985862023193,0.002925531839787216,0.0,0.9982001821850527,0.0,0.9982001821850527,0.0017998178149473132,0.0,0.0,0.0,True,0,long_only,1.2585841992587368,1.2914988021300613
2021-04-26,1.6185344179271401,-0.004260681810793754,0.0024102440942856494,0.0,0.9985108477968776,0.0,0.9985108477968776,0.0014891522031224014,0.0008401833231614994,0.0,0.5159875035269825,True,0,long_only,1.25713155899102,1.2874821305307012
2021-04-27,1.616003747608529,-0.0015635566909056875,0.13779110019814308,0.0,0.9147334278141027,0.0,0.9147334278141027,0.08526657218589728,0.00013551637247633373,0.0,0.08380983417908748,True,0,long_only,1.2530684357229553,1.2896372628492383
2021-04-28,1.624383231421584,0.0051853121166678395,0.13779110019814308,0.0,0.9151732808288381,0.0,0.9151732808288381,0.08482671917116191,0.0,0.0,0.0,True,0,long_only,1.255010710977108,1.2943182215209106
2021-04-29,1.6335629480052682,0.0056512012720364435,0.13779110019814308,0.0,0.9156499598828445,0.0,0.9156499598828445,0.08435004011715552,0.0,0.0,0.0,True,0,long_only,1.2606447323746655,1.295815471285189
2021-04-30,1.630722184983857,-0.0017389981970882262,0.2766842314702161,0.0,0.830330246305593,0.0,0.830330246305593,0.16966975369440696,0.00013903216343550846,0.0,0.08489756982593374,True,0,long_only,1.2585604799168333,1.2957042676976607
2021-05-06,1.6618688728901074,0.019099935104248678,0.16528922717674785,0.0,0.9005401509871847,0.0,0.9005401509871847,0.09945984901281535,0.0014842370054976768,0.0,0.9046260314880025,True,0,long_only,1.2633697459116326,1.3154255737625904
2021-05-07,1.6712104705787407,0.005621140055645846,0.3445466230755198,0.0,0.7938340926285584,0.0,0.7938340926285584,0.20616590737144158,0.0001794368327315035,0.0,0.10756324846372649,True,0,long_only,1.262122786222993,1.324126692601737
2021-05-10,1.6847303724290663,0.008089885797354812,0.16960553327087838,0.0,0.8993277879674366,0.0,0.8993277879674366,0.10067221203256338,0.0008560887780621808,0.0,0.5103213771682542,True,0,long_only,1.266659618633644,1.3300576947786482
2021-05-11,1.6813757552826334,-0.0019911893329234154,0.16960553327087838,0.0,0.8991269305876436,0.0,0.8991269305876436,0.10087306941235641,0.0,0.0,0.0,True,0,long_only,1.2664247971487996,1.3276554273637449
2021-05-12,1.701214585921952,0.011799165401896516,0.16960553327087838,0.0,0.9003032688089947,0.0,0.9003032688089947,0.0996967311910053,0.0,0.0,0.0,True,0,long_only,1.2718087489131458,1.337633970025576
2021-05-13,1.6952281714598973,-0.0035189061459935944,0.16960553327087838,0.0,0.8999512064946292,0.0,0.8999512064946292,0.10004879350537077,0.0,0.0,0.0,True,0,long_only,1.2665969318014705,1.3384117148055839
2021-05-14,1.6950564008106734,-0.00010132597612277916,0.16960553327087838,0.0,0.8999410679256672,0.0,0.8999410679256672,0.10005893207433281,0.0,0.0,0.0,True,0,long_only,1.2732718934608485,1.3312603612127045
2021-05-17,1.6846353771748914,-0.006147891970319064,0.3406146103258579,0.0,0.7978110783254098,0.0,0.7978110783254098,0.20218892167459024,0.0011944431801795016,0.0,0.7042013070118395,True,0,long_only,1.275382576042516,1.3208863040941627
2021-05-18,1.6905130828826982,0.003489007643697528,0.3406146103258579,0.0,0.7985140642951813,0.0,0.7985140642951813,0.20148593570481865,0.0,0.0,0.0,True,0,long_only,1.2784332222590438,1.3223319399471585
2021-05-19,1.6914367466041482,0.0005463806999204124,0.3406146103258579,0.0,0.7986240922046297,0.0,0.7986240922046297,0.2013759077953703,0.0,0.0,0.0,True,0,long_only,1.2778063539373092,1.3237035027978366
2021-05-20,1.6930931320667368,0.0009792772126502314,0.3406146103258579,0.0,0.7988211021149946,0.0,0.7988211021149946,0.20117889788500543,0.0,0.0,0.0,True,0,long_only,1.275344963943212,1.327556998250809
2021-05-21,1.6946127424206356,0.000897535005675465,0.3406146103258579,0.0,0.7990015053000759,0.0,0.7990015053000759,0.20099849469992415,0.0,0.0,0.0,True,0,long_only,1.2761107598389525,1.3279511432334439
2021-05-24,1.7051731709625289,0.006231765097439501,0.34238270451135167,0.0,0.7992094232176519,0.0,0.7992094232176519,0.20079057678234813,0.0013726293213184527,0.0,0.8043538213999287,True,0,long_only,1.2779015701526646,1.3343540776452918
2021-05-25,1.7150429630267299,0.005788146466455313,0.34238270451135167,0.0,0.8003649401837082,0.0,0.8003649401837082,0.19963505981629182,0.0,0.0,0.0,True,0,long_only,1.2875306064222491,1.3320405390536223
2021-05-26,1.7418249842623856,0.015615947712697809,0.34238270451135167,0.0,0.803434496803741,0.0,0.803434496803741,0.19656550319625898,0.0,0.0,0.0,True,0,long_only,1.2933130431305737,1.346793023942719
2021-05-27,1.7561831628906888,0.008243181007294709,0.34238270451135167,0.0,0.8050415743949011,0.0,0.8050415743949011,0.1949584256050989,0.0,0.0,0.0,True,0,long_only,1.297862751755401,1.353134729011519
2021-05-28,1.7472400131470427,-0.005092378706629708,0.34238270451135167,0.0,0.804043690657777,0.0,0.804043690657777,0.19595630934222297,0.0,0.0,0.0,True,0,long_only,1.2971708246673024,1.3469621578909423
2021-05-31,1.7548728320051976,0.004368500492618166,0.35185760628589846,0.0,0.7994968069088801,0.0,0.7994968069088801,0.20050319309111986,0.0007479716694872883,0.0,0.42731305366970457,True,0,long_only,1.298609233329877,1.3513478781491297
2021-06-01,1.755851259124203,0.0005575487301192616,0.35185760628589846,0.0,0.7996085349157647,0.0,0.7996085349157647,0.20039146508423533,0.0,0.0,0.0,True,0,long_only,1.2999985090699375,1.3506563637372153
2021-06-02,1.7543976937439272,-0.000827840839434768,0.35185760628589846,0.0,0.7994425052309401,0.0,0.7994425052309401,0.20055749476905993,0.0,0.0,0.0,True,0,long_only,1.2965097327236785,1.3531697059136825
2021-06-03,1.7614280380155556,0.004007269444492589,0.35185760628589846,0.0,0.8002429854118224,0.0,0.8002429854118224,0.19975701458817763,0.0,0.0,0.0,True,0,long_only,1.2979898196584552,1.3570430301826608
2021-06-04,1.766128557963167,0.002668584719990541,0.35185760628589846,0.0,0.8007746351762256,0.0,0.8007746351762256,0.1992253648237744,0.0,0.0,0.0,True,0,long_only,1.298186012500771,1.360458779370894
2021-06-07,1.7598466678335856,-0.003556870252313993,0.3548726963386908,0.0,0.7983502183314937,0.0,0.7983502183314937,0.20164978166850633,0.0010761384459395797,0.0,0.6090103765649867,True,0,long_only,1.2969495570921172,1.356912193084307
2021-06-08,1.7483521372675517,-0.006531552308579269,0.3548726963386908,0.0,0.7970244730599232,0.0,0.7970244730599232,0.2029755269400768,0.0,0.0,0.0,True,0,long_only,1.293516012927719,1.351627749323617
2021-06-09,1.7497543367320831,0.0008020120401619479,0.3548726963386908,0.0,0.7971871314224221,0.0,0.7971871314224221,0.20281286857757785,0.0,0.0,0.0,True,0,long_only,1.294026317626385,1.3521783234993503
2021-06-10,1.745589436468857,-0.002380277148508081,0.3548726963386908,0.0,0.7967032287634824,0.0,0.7967032287634824,0.20329677123651757,0.0,0.0,0.0,True,0,long_only,1.2974476632720902,1.3454025822256124
2021-06-11,1.7404500784559005,-0.002944196330239457,0.3548726963386908,0.0,0.7961029157161875,0.0,0.7961029157161875,0.20389708428381248,0.0,0.0,0.0,True,0,long_only,1.2960475444043023,1.3428906107421061
2021-06-15,1.7308460384337945,-0.0055181358781785095,0.5228199497267528,0.0,0.6979396560309653,0.0,0.6979396560309653,0.3020603439690347,0.0015617213501266246,0.0,0.8972052300032043,True,0,long_only,1.2868895064953725,1.3449841883841784
2021-06-16,1.7515884779237993,0.011983988771626652,0.5228199497267528,0.0,0.7015166768244194,0.0,0.7015166768244194,0.2984833231755806,0.0,0.0,0.0,True,0,long_only,1.27359312111977,1.3753124517379347
2021-06-17,1.7417345558772892,-0.00562570613514779,0.5228199497267528,0.0,0.6998279973474975,0.0,0.6998279973474975,0.30017200265250255,0.0,0.0,0.0,True,0,long_only,1.272698224234526,1.368536957710355
2021-06-18,1.7288607241524594,-0.007391385605452161,0.5228199497267528,0.0,0.6975927890414335,0.0,0.6975927890414335,0.3024072109585665,0.0,0.0,0.0,True,0,long_only,1.2747401207246736,1.3562456347334735
2021-06-21,1.750527779749282,0.012532562799380198,0.3464768278125652,0.0,0.8020729337627598,0.0,0.8020729337627598,0.1979270662372402,0.0012211716257110711,0.0,0.7071963446026409,True,0,long_only,1.2793067717365745,1.368340900261988
2021-06-22,1.755220278330145,0.0026806193167268066,0.3464768278125652,0.0,0.8026020824336697,0.0,0.8026020824336697,0.1973979175663303,0.0,0.0,0.0,True,0,long_only,1.2876932533381586,1.36307328921697
2021-06-23,1.7500155411891554,-0.002965290001059717,0.3464768278125652,0.0,0.8020149994913015,0.0,0.8020149994913015,0.1979850005086985,0.0,0.0,0.0,True,0,long_only,1.2929921543193938,1.3534618406948724
2021-06-24,1.7532591054294484,0.0018534488202825994,0.3464768278125652,0.0,0.802381275682753,0.0,0.802381275682753,0.19761872431724703,0.0,0.0,0.0,True,0,long_only,1.295214656655749,1.3536436577674102
2021-06-25,1.7538742198809376,0.0003508405857322039,0.3464768278125652,0.0,0.802450584035561,0.0,0.802450584035561,0.19754941596443898,0.0,0.0,0.0,True,0,long_only,1.30020995006062,1.348916165269437
2021-06-28,1.7501365940248461,-0.0021310683592493662,0.7022181535269231,0.0,0.5987638016801825,0.0,0.5987638016801825,0.4012361983198175,0.00037481783688961685,0.0,0.21396745560020392,True,0,long_only,1.3026411826057256,1.343529298316807
2021-06-29,1.7497879604184003,-0.00019920365509529248,0.7022181535269231,0.0,0.5986838580378548,0.0,0.5986838580378548,0.40131614196214516,0.0,0.0,0.0,True,0,long_only,1.296974970672728,1.3491300911619002
2021-06-30,1.7401222327691555,-0.005523942253513825,0.7022181535269231,0.0,0.5964546970878918,0.0,0.5964546970878918,0.4035453029121082,0.0,0.0,0.0,True,0,long_only,1.2983784780179306,1.3402272621043279
2021-07-01,1.7364956174064339,-0.0020841152962859377,0.7022181535269231,0.0,0.5956119056748727,0.0,0.5956119056748727,0.40438809432512735,0.0,0.0,0.0,True,0,long_only,1.2932344304545507,1.342753932708151
2021-07-02,1.7360993701399108,-0.0002281878874620391,0.7022181535269231,0.0,0.5955196081487364,0.0,0.5955196081487364,0.4044803918512636,0.0,0.0,0.0,True,0,long_only,1.2876925756426756,1.3482250367665896
2021-07-05,1.7379803154278433,0.0010834318128811748,0.5218368907631137,0.0,0.6997452237342218,0.0,0.6997452237342218,0.30025477626577823,0.0008870095296692883,0.0,0.5109628950192837,True,0,long_only,1.290112965060054,1.3471535923576594
2021-07-06,1.7385889752710995,0.0003502110109379064,0.5218368907631137,0.0,0.6998503394502755,0.0,0.6998503394502755,0.3001496605497245,0.0,0.0,0.0,True,0,long_only,1.2921945067359544,1.345454547444815
2021-07-07,1.7423009741798419,0.0021350641017170435,0.5218368907631137,0.0,0.7004898128988538,0.0,0.7004898128988538,0.2995101871011462,0.0,0.0,0.0,True,0,long_only,1.3014924887621147,1.3386946057883071
2021-07-08,1.7476171337623443,0.003051229185591753,0.5218368907631137,0.0,0.701400907165701,0.0,0.701400907165701,0.298599092834299,0.0,0.0,0.0,True,0,long_only,1.305628464294597,1.338525607824079
2021-07-09,1.7654124239590638,0.010182602271934238,0.5218368907631137,0.0,0.7044107746829734,0.0,0.7044107746829734,0.2955892253170266,0.0,0.0,0.0,True,0,long_only,1.312050306691091,1.3455371451505727
2021-07-12,1.771364247376152,0.0033713501368368703,0.5322787622169584,0.0,0.699509142173666,0.0,0.699509142173666,0.300490857826334,0.0007322018580886371,0.0,0.4137506441233424,True,0,long_only,1.3211331204014127,1.3407916431903102
2021-07-13,1.7831158587625493,0.0066342150711264924,0.5322787622169584,0.0,0.7014895248666846,0.0,0.7014895248666846,0.2985104751333154,0.0,0.0,0.0,True,0,long_only,1.330041427524873,1.3406468564522989
2021-07-14,1.782573234155137,-0.00030431259121255216,0.5322787622169584,0.0,0.701398656718171,0.0,0.701398656718171,0.29860134328182897,0.0,0.0,0.0,True,0,long_only,1.3256926556107427,1.3446353697523585
2021-07-15,1.786605376667329,0.0022619786020197097,0.5322787622169584,0.0,0.7020725622074124,0.0,0.7020725622074124,0.29792743779258757,0.0,0.0,0.0,True,0,long_only,1.329278003563323,1.34404193244609
2021-07-16,1.7874021852221074,0.0004459902366713564,0.5322787622169584,0.0,0.7022053757023824,0.0,0.7022053757023824,0.2977946242976176,0.0,0.0,0.0,True,0,long_only,1.3298025398671312,1.3441109725965013
2021-07-19,1.7894139384601149,0.0011255179470184284,0.7172561415727181,0.0,0.599167008730269,0.0,0.599167008730269,0.40083299126973104,0.0009091381700876139,0.0,0.5076591510394465,True,0,long_only,1.325076291568994,1.3504233302229782
2021-07-20,1.790548288006559,0.0006339223821070217,0.7172561415727181,0.0,0.5994209447591895,0.0,0.5994209447591895,0.4005790552408105,0.0,0.0,0.0,True,0,long_only,1.324664591563098,1.3516993655682459
2021-07-21,1.7981360308389474,0.004237664453515366,0.7172561415727181,0.0,0.601111301218923,0.0,0.601111301218923,0.398888698781077,0.0,0.0,0.0,True,0,long_only,1.3374361017871508,1.3444650016820883
2021-07-22,1.8021570242053615,0.0022362008754910345,0.7172561415727181,0.0,0.6020013062463394,0.0,0.6020013062463394,0.3979986937536606,0.0,0.0,0.0,True,0,long_only,1.3458510465990192,1.3390464188139042
2021-07-23,1.811538893058836,0.005205910876501685,0.7172561415727181,0.0,0.6040625214722217,0.0,0.6040625214722217,0.3959374785277783,0.0,0.0,0.0,True,0,long_only,1.3484882985709437,1.343384955567363
2021-07-26,1.8073652051151592,-0.0023039460867601003,0.7273350011213664,0.0,0.5975716479088558,0.0,0.5975716479088558,0.40242835209114425,0.00038473827486887845,0.0,0.21198462687377312,True,0,long_only,1.3383018577666275,1.350491441543173
2021-07-27,1.7978343957156708,-0.005273316855118448,0.7273350011213664,0.0,0.5954382656964168,0.0,0.5954382656964168,0.4045617343035832,0.0,0.0,0.0,True,0,long_only,1.3236595691618736,1.3582301957398604
2021-07-28,1.792281487212013,-0.003088665183451189,0.7273350011213664,0.0,0.5941848385362872,0.0,0.5941848385362872,0.40581516146371277,0.0,0.0,0.0,True,0,long_only,1.315631249623032,1.362297746975496
2021-07-29,1.8120476660441598,0.011028501367212229,0.7273350011213664,0.0,0.598611551588378,0.0,0.598611551588378,0.401388448411622,0.0,0.0,0.0,True,0,long_only,1.3332902996701657,1.3590796141638704
2021-07-30,1.8264993244424235,0.007975319120502311,0.7273350011213664,0.0,0.6017874239600935,0.0,0.6017874239600935,0.39821257603990645,0.0,0.0,0.0,True,0,long_only,1.3365710235031572,1.3665561293220039
2021-08-02,1.8534017207368607,0.014728938540751857,0.7366652471157973,0.0,0.6025334179451826,0.0,0.6025334179451826,0.39746658205481744,0.0007775254036925486,0.0,0.4227554528765089,True,0,long_only,1.3507348590969437,1.3721432509530282
2021-08-03,1.846726794804568,-0.00360144584825306,0.7366652471157973,0.0,0.6010967896343564,0.0,0.6010967896343564,0.3989032103656436,0.0,0.0,0.0,True,0,long_only,1.3438552334017129,1.3742006943187859
2021-08-04,1.8568387318943282,0.005475599919927854,0.7366652471157973,0.0,0.6032691291589664,0.0,0.6032691291589664,0.39673087084103364,0.0,0.0,0.0,True,0,long_only,1.355059233973688,1.370300784895713
2021-08-05,1.8546357026414886,-0.0011864408120096925,0.7366652471157973,0.0,0.6027978723440984,0.0,0.6027978723440984,0.39720212765590157,0.0,0.0,0.0,True,0,long_only,1.3514921837991474,1.3722874056348342
2021-08-06,1.861705122063696,0.0038117563530879472,0.7366652471157973,0.0,0.6043061608493587,0.0,0.6043061608493587,0.39569383915064127,0.0,0.0,0.0,True,0,long_only,1.3534635999590672,1.375511777427926
2021-08-09,1.8596240058775837,-0.0011178548962712531,0.5598994557163961,0.0,0.6989179242971907,0.0,0.6989179242971907,0.3010820757028093,0.0009627912255676381,0.0,0.51691416529345,True,0,long_only,1.353266390573527,1.3741743819481527
2021-08-10,1.8634557330875323,0.0020604849140675174,0.5598994557163961,0.0,0.699537023727037,0.0,0.699537023727037,0.30046297627296303,0.0,0.0,0.0,True,0,long_only,1.3579756964845904,1.372230547211916
2021-08-11,1.870674879613833,0.0038740638686058926,0.5598994557163961,0.0,0.7006965444300095,0.0,0.7006965444300095,0.2993034555699905,0.0,0.0,0.0,True,0,long_only,1.3642650494141662,1.3711960739719353
2021-08-12,1.8767243724099687,0.003233855792934115,0.5598994557163961,0.0,0.7016613286705445,0.0,0.7016613286705445,0.29833867132945546,0.0,0.0,0.0,True,0,long_only,1.366398773642254,1.3734821844192655
2021-08-13,1.8817517392724479,0.0026787987284586645,0.5598994557163961,0.0,0.7024583827764267,0.0,0.7024583827764267,0.2975416172235733,0.0,0.0,0.0,True,0,long_only,1.3685406302161374,1.3750061179953843
2021-08-16,1.884083068346362,0.0012389142655000462,0.38043567773066445,0.0,0.7980791377396282,0.0,0.7980791377396282,0.20192086226037176,0.0005917385461679039,0.0,0.31271663930895766,True,0,long_only,1.366890441715139,1.378371675481367
2021-08-17,1.8693425622297954,-0.007823702873941851,0.38043567773066445,0.0,0.7964869118066451,0.0,0.7964869118066451,0.2035130881933549,0.0,0.0,0.0,True,0,long_only,1.3526100424982839,1.3820262333533333
2021-08-18,1.8701065273748645,0.00040868119118719903,0.38043567773066445,0.0,0.7965700498010155,0.0,0.7965700498010155,0.20342995019898447,0.0,0.0,0.0,True,0,long_only,1.3580488875967496,1.3770539075984738
2021-08-19,1.8748959048343852,0.002561018524567027,0.38043567773066445,0.0,0.7970897068206731,0.0,0.7970897068206731,0.20291029317932685,0.0,0.0,0.0,True,0,long_only,1.3569293346589058,1.381719634873751
2021-08-20,1.8664934583199175,-0.004481553612017741,0.38043567773066445,0.0,0.7961762598015719,0.0,0.7961762598015719,0.20382374019842808,0.0,0.0,0.0,True,0,long_only,1.3536004944466244,1.3789101481401074
2021-08-23,1.8860831719909057,0.010495463342593991,0.18893278681465683,0.0,0.8998279664330902,0.0,0.8998279664330902,0.10017203356690985,0.0009487791181086679,0.0,0.5077393131401261,True,0,long_only,1.3628896664315064,1.383885444615111
2021-08-24,1.8911050423153937,0.0026625921905591987,0.18893278681465683,0.0,0.9000939754338897,0.0,0.9000939754338897,0.09990602456611031,0.0,0.0,0.0,True,0,long_only,1.371045392721144,1.3793161425254317
2021-08-25,1.9287674379151147,0.019915549246068753,0.18893278681465683,0.0,0.9020448069058641,0.0,0.9020448069058641,0.09795519309413592,0.0,0.0,0.0,True,0,long_only,1.37541144587009,1.4023203338219785
2021-08-26,1.9292522262999445,0.0002513462096569441,0.18893278681465683,0.0,0.9020694213856084,0.0,0.9020694213856084,0.09793057861439158,0.0,0.0,0.0,True,0,long_only,1.3739300035443474,1.4041852360185922
2021-08-27,1.941571215566579,0.006385369988796574,0.18893278681465683,0.0,0.9026907767791956,0.0,0.9026907767791956,0.09730922322080438,0.0,0.0,0.0,True,0,long_only,1.3782686100262336,1.4087030651663928
2021-08-30,1.9489622371520312,0.0038067218581498974,0.19598233464253226,0.0,0.8994427234624534,0.0,0.8994427234624534,0.10055727653754665,0.0019729711897914204,0.0,1.0137274015941875,True,0,long_only,1.384750428472969,1.4074465673220593
2021-08-31,1.9554803014683102,0.003344376916098568,0.19598233464253226,0.0,0.8997779039270428,0.0,0.8997779039270428,0.10022209607295718,0.0,0.0,0.0,True,0,long_only,1.387938646872537,1.4089097568358828
2021-09-01,1.9579879589872862,0.0012823742162439977,0.19598233464253226,0.0,0.8999062615564303,0.0,0.8999062615564303,0.10009373844356972,0.0,0.0,0.0,True,0,long_only,1.3909665902903858,1.407645570105696
2021-09-02,1.996050757495515,0.019439751063594857,0.19598233464253226,0.0,0.9018149544010418,0.0,0.9018149544010418,0.09818504559895824,0.0,0.0,0.0,True,0,long_only,1.4109664005356506,1.4146692343189369
2021-09-03,2.012436687421742,0.00820917497448126,0.19598233464253226,0.0,0.9026144097513857,0.0,0.9026144097513857,0.09738559024861426,0.0,0.0,0.0,True,0,long_only,1.4085039939983288,1.4287759892742835
2021-09-06,2.0223137629386145,0.0049080180154770225,0.40603065773870817,0.0,0.799224697383898,0.0,0.799224697383898,0.200775302616102,0.001476767957906418,0.0,0.7302926422911443,True,0,long_only,1.4168135571625975,1.4273675973207307
2021-09-07,2.0549992391706855,0.01616241595694623,0.40603065773870817,0.0,0.8024180982652988,0.0,0.8024180982652988,0.19758190173470125,0.0,0.0,0.0,True,0,long_only,1.4348717698491926,1.4321831973784453
2021-09-08,2.0626855733484613,0.003740309987111168,0.40603065773870817,0.0,0.8031543619711373,0.0,0.8031543619711373,0.19684563802886268,0.0,0.0,0.0,True,0,long_only,1.4388040978890464,1.433611133284057
2021-09-09,2.0691778077080554,0.003147466799341192,0.40603065773870817,0.0,0.803771983139307,0.0,0.803771983139307,0.19622801686069302,0.0,0.0,0.0,True,0,long_only,1.4388545862025266,1.4380729140733388
2021-09-10,2.0587670787974983,-0.005031336056174229,0.40603065773870817,0.0,0.802779701540659,0.0,0.802779701540659,0.19722029845934097,0.0,0.0,0.0,True,0,long_only,1.4381504605957351,1.431538031107455
2021-09-13,2.054189633682554,-0.0022233914472821192,0.4135771206389534,0.0,0.7986665330904567,0.0,0.7986665330904567,0.20133346690954335,0.001272673768033346,0.0,0.6179790050394085,True,0,long_only,1.4408605648320771,1.4256685787787915
2021-09-14,2.0279133399161964,-0.01279156185753516,0.4135771206389534,0.0,0.7960577937437678,0.0,0.7960577937437678,0.20394220625623216,0.0,0.0,0.0,True,0,long_only,1.4265608512939578,1.4215400191844487
2021-09-15,2.0191335190412474,-0.004329485240879061,0.4135771206389534,0.0,0.7951709895661909,0.0,0.7951709895661909,0.20482901043380908,0.0,0.0,0.0,True,0,long_only,1.425521266423103,1.4164176758356104
2021-09-16,1.9944653713238873,-0.012217194893120897,0.4135771206389534,0.0,0.792637602745427,0.0,0.792637602745427,0.20736239725457295,0.0,0.0,0.0,True,0,long_only,1.401015458911662,1.4235855562030912
2021-09-17,1.9900614675198165,-0.0022080623045099834,0.4135771206389534,0.0,0.7921787204118935,0.0,0.7921787204118935,0.20782127958810648,0.0,0.0,0.0,True,0,long_only,1.4006142631857517,1.4208490658900932
2021-09-22,2.0002628582950734,0.005126168684613797,0.2001290419787293,0.0,0.8999486286770781,0.0,0.8999486286770781,0.10005137132292186,0.001028886322601949,0.0,0.5197186224589692,True,0,long_only,1.4065756115015768,1.42207986683326
2021-09-23,2.048069025567235,0.02389994248701366,0.2001290419787293,0.0,0.9022840346294962,0.0,0.9022840346294962,0.09771596537050375,0.0,0.0,0.0,True,0,long_only,1.4136561739075042,1.4487745063965183
2021-09-24,2.011102842962868,-0.01804928551865026,0.2001290419787293,0.0,0.9004879125505644,0.0,0.9004879125505644,0.09951208744943563,0.0,0.0,0.0,True,0,long_only,1.4033921369703894,1.433029863844321
2021-09-27,1.9723337376440437,-0.019277534937849117,0.2031691074278353,0.0,0.8969905023931086,0.0,0.8969905023931086,0.10300949760689138,0.0012343928454630069,0.0,0.614218697984037,True,0,long_only,1.381140344635261,1.4280472982381152
2021-09-28,1.982703059265468,0.005257386933821051,0.2031691074278353,0.0,0.8975292308758008,0.0,0.8975292308758008,0.10247076912419917,0.0,0.0,0.0,True,0,long_only,1.3864067162333142,1.4301020299816585
2021-09-29,1.9588789710856718,-0.012015963796728313,0.2031691074278353,0.0,0.8962829708079246,0.0,0.8962829708079246,0.10371702919207537,0.0,0.0,0.0,True,0,long_only,1.364718427692264,1.4353722579962023
2021-09-30,1.978342810475852,0.00993621335339201,0.2031691074278353,0.0,0.897303386272591,0.0,0.897303386272591,0.10269661372740901,0.0,0.0,0.0,True,0,long_only,1.3813209504814687,1.432210819495851
2021-10-08,1.9959926830452202,0.00892154407007073,0.002760188137574223,0.0,0.9986171351423178,0.0,0.9986171351423178,0.0013828648576822422,0.0010175548543965344,0.0,0.5107322751052462,True,0,long_only,1.3817035095815977,1.4445882703516033
2021-10-11,1.9748914179350807,-0.010571814861538353,0.0035982763123407323,0.0,0.9981779877720554,0.0,0.9981779877720554,0.0018220122279446471,0.0004239581314742255,0.0,0.21045239845492741,True,0,long_only,1.3795640249419046,1.4315329931992438
2021-10-12,1.9407804833177489,-0.017272308901416955,0.0035982763123407323,0.0,0.9981459642946381,0.0,0.9981459642946381,0.0018540357053619116,0.0,0.0,0.0,True,0,long_only,1.3598061519840552,1.427247906244585
2021-10-13,1.9130472693896894,-0.014289722184679943,0.0035982763123407323,0.0,0.9981190865641868,0.0,0.9981190865641868,0.001880913435813203,0.0,0.0,0.0,True,0,long_only,1.3590390006973487,1.4076470715027813
2021-10-14,1.9279288566414967,0.007778996102147939,0.0035982763123407323,0.0,0.9981336052417364,0.0,0.9981336052417364,0.0018663947582635565,0.0,0.0,0.0,True,0,long_only,1.3640620796170209,1.4133732514452635
2021-10-15,1.929083110133197,0.0005987012890669163,0.0035982763123407323,0.0,0.9981347219860879,0.0,0.9981347219860879,0.0018652780139121194,0.0,0.0,0.0,True,0,long_only,1.370486971643188,1.407589528428908
2021-10-18,1.953713377702391,0.012767862327866863,0.0030388301698607684,0.0,0.9984445875200821,0.0,0.9984445875200821,0.0015554124799178615,0.0008261386138830956,0.0,0.42667688301842344,True,0,long_only,1.377907398333818,1.4178843803762462
2021-10-19,1.9708125004557704,0.008752114280697887,0.0030388301698607684,0.0,0.9984580825577481,0.0,0.9984580825577481,0.00154191744225185,0.0,0.0,0.0,True,0,long_only,1.3854132146553004,1.4225448982353766
2021-10-20,1.960127048486564,-0.005421851123196708,0.0030388301698607684,0.0,0.9984496769369072,0.0,0.9984496769369072,0.0015503230630927733,0.0,0.0,0.0,True,0,long_only,1.3863890961507574,1.413836169029865
2021-10-21,1.961762114892019,0.0008341634827790934,0.0030388301698607684,0.0,0.9984509690819328,0.0,0.9984509690819328,0.0015490309180672401,0.0,0.0,0.0,True,0,long_only,1.3855975478266644,1.4158238934307292
2021-10-22,1.936790722623341,-0.012729062346100273,0.0030388301698607684,0.0,0.9984309971467931,0.0,0.9984309971467931,0.0015690028532069356,0.0,0.0,0.0,True,0,long_only,1.3796375549018054,1.4038402446657017
2021-10-25,1.9423394986149665,0.0028649331736314565,0.1973456855607984,0.0,0.8983979444883242,0.0,0.8983979444883242,0.10160205551167578,0.00021966634255713813,0.0,0.11318446887664026,True,0,long_only,1.3868624664456024,1.4005278429612413
2021-10-26,1.9391886073431144,-0.0016222144862413357,0.1973456855607984,0.0,0.8982328563536777,0.0,0.8982328563536777,0.10176714364632233,0.0,0.0,0.0,True,0,long_only,1.38838863667322,1.396718869717697
2021-10-27,1.9277630533548142,-0.0058919250788888045,0.1973456855607984,0.0,0.8976296982051994,0.0,0.8976296982051994,0.10237030179480056,0.0,0.0,0.0,True,0,long_only,1.3850648791770608,1.3918214823988597
2021-10-28,1.9091595654990177,-0.009650297957221166,0.3884477575547914,0.0,0.7965346822892414,0.0,0.7965346822892414,0.2034653177107586,0.00019129336535935235,0.0,0.09961387646149077,True,0,long_only,1.3741797343298168,1.3893084854945186
2021-10-29,1.9124804862843923,0.0017394673789388193,0.3884477575547914,0.0,0.796887989006635,0.0,0.796887989006635,0.20311201099336496,0.0,0.0,0.0,True,0,long_only,1.3829098075412598,1.3829394193715938
2021-11-01,1.9232153621687167,0.005613064269837542,0.19426257710907038,0.0,0.898990731391616,0.0,0.898990731391616,0.101009268608384,0.00022810970988991654,0.0,0.11918068859140156,True,0,long_only,1.3934774520547388,1.3801553511561009
2021-11-02,1.9142090027704528,-0.004682969767934808,0.19426257710907038,0.0,0.898515482464082,0.0,0.898515482464082,0.10148451753591803,0.0,0.0,0.0,True,0,long_only,1.3873649776462147,1.3797443597128096
2021-11-03,1.9241253777709078,0.0051804034909996854,0.19426257710907038,0.0,0.899038503751703,0.0,0.899038503751703,0.10096149624829698,0.0,0.0,0.0,True,0,long_only,1.3908923826350021,1.383374732504978
2021-11-04,1.9354925173472874,0.0059076917272140594,0.19426257710907038,0.0,0.8996314502030113,0.0,0.8996314502030113,0.10036854979698873,0.0,0.0,0.0,True,0,long_only,1.4019052730807833,1.380615762357402
2021-11-05,1.9269692998423082,-0.004403642705196664,0.19426257710907038,0.0,0.8991875080080582,0.0,0.8991875080080582,0.10081249199194176,0.0,0.0,0.0,True,0,long_only,1.3918689418259422,1.3844473728355395
2021-11-08,1.9866903801217453,0.030992232353844074,0.19726326063865188,0.0,0.9007075976143986,0.0,0.9007075976143986,0.09929240238560144,0.000825549714209838,0.0,0.4238777599793404,True,0,long_only,1.3979763335183442,1.4211187503595002
2021-11-09,1.9709415014654672,-0.00792719329285363,0.19726326063865188,0.0,0.8999141981170017,0.0,0.8999141981170017,0.10008580188299832,0.0,0.0,0.0,True,0,long_only,1.4059697517398138,1.4018377699993407
2021-11-10,1.96677041077699,-0.002116293500023181,0.19726326063865188,0.0,0.8997019379802845,0.0,0.8997019379802845,0.10029806201971547,0.0,0.0,0.0,True,0,long_only,1.4062828470529396,1.3985596246861929
2021-11-11,1.9834235486254648,0.00846725055310138,0.19726326063865188,0.0,0.9005440563739613,0.0,0.9005440563739613,0.09945594362603871,0.0,0.0,0.0,True,0,long_only,1.4200651400898219,1.3967130750776753
2021-11-12,1.9889357138455832,0.002779116555280625,0.19726326063865188,0.0,0.9008196900153973,0.0,0.9008196900153973,0.0991803099846027,0.0,0.0,0.0,True,0,long_only,1.429001571575825,1.3918359177536055
2021-11-15,1.996651361671119,0.003879284670602834,0.40002350863374897,0.0,0.7996528005275068,0.0,0.7996528005275068,0.20034719947249324,0.0014161449693346417,0.0,0.7108926220046621,True,0,long_only,1.4263006162285026,1.399881160362089
2021-11-16,1.9827413636693278,-0.00696666341897012,0.40002350863374897,0.0,0.798247257073685,0.0,0.798247257073685,0.20175274292631495,0.0,0.0,0.0,True,0,long_only,1.4176186593963496,1.3986422586407115
2021-11-17,1.9898698782937219,0.003595282145726575,0.40002350863374897,0.0,0.798970016583817,0.0,0.798970016583817,0.20102998341618294,0.0,0.0,0.0,True,0,long_only,1.4233411200544326,1.39802739501942
2021-11-18,2.0002229797843967,0.005202903769543132,0.40002350863374897,0.0,0.8000105424861844,0.0,0.8000105424861844,0.19998945751381558,0.0,0.0,0.0,True,0,long_only,1.423815506892502,1.4048329787824212
2021-11-19,2.016458732687269,0.008116971491159974,0.40002350863374897,0.0,0.8016207809516386,0.0,0.8016207809516386,0.19837921904836142,0.0,0.0,0.0,True,0,long_only,1.436041472252775,1.404178619941923
2021-11-22,2.023001720770015,0.0032447914637092623,0.20301143411982883,0.0,0.8996484125369125,0.0,0.8996484125369125,0.10035158746308748,0.0018289166439246314,0.0,0.9073119613384968,True,0,long_only,1.44835960419873,1.3967537584626242
2021-11-23,2.0467638397449255,0.011745970718139542,0.20301143411982883,0.0,0.9008134547925526,0.0,0.9008134547925526,0.09918654520744741,0.0,0.0,0.0,True,0,long_only,1.4468632525723626,1.414621482787683
2021-11-24,2.049082000402718,0.0011325980129108792,0.20301143411982883,0.0,0.9009256661861605,0.0,0.9009256661861605,0.09907433381383945,0.0,0.0,0.0,True,0,long_only,1.4464302051587536,1.4166476841361455
2021-11-25,2.043095650703355,-0.0029214788369557043,0.20301143411982883,0.0,0.9006353745357247,0.0,0.9006353745357247,0.09936462546427527,0.0,0.0,0.0,True,0,long_only,1.4449460520510793,1.4139598137959624
2021-11-26,2.0462083332920766,0.0015235129043764672,0.20301143411982883,0.0,0.9007865275413035,0.0,0.9007865275413035,0.0992134724586965,0.0,0.0,0.0,True,0,long_only,1.4458924537930278,1.415187089416113
2021-11-29,2.032310720912877,-0.006791885338889414,0.20594711795689177,0.0,0.8986635676141175,0.0,0.8986635676141175,0.10133643238588252,0.0012468187530924383,0.0,0.6120458623676404,True,0,long_only,1.4518436366766085,1.3998137744123782
2021-11-30,2.0226468211137605,-0.0047551290753293785,0.20594711795689177,0.0,0.8981793975067343,0.0,0.8981793975067343,0.10182060249326574,0.0,0.0,0.0,True,0,long_only,1.4537418617243691,1.391338362310472
2021-12-01,2.0537040896687633,0.015354765958548011,0.20594711795689177,0.0,0.8997191859368072,0.0,0.8997191859368072,0.10028081406319278,0.0,0.0,0.0,True,0,long_only,1.4611904127775417,1.4055006600850375
2021-12-02,2.0543250279744996,0.0003023504256818299,0.20594711795689177,0.0,0.899749496719149,0.0,0.899749496719149,0.10025050328085106,0.0,0.0,0.0,True,0,long_only,1.4627718151870204,1.4044056678189736
2021-12-03,2.0726492608594844,0.008919831397396827,0.20594711795689177,0.0,0.9006358085537879,0.0,0.9006358085537879,0.09936419144621211,0.0,0.0,0.0,True,0,long_only,1.4704782293714578,1.4095069341797866
2021-12-06,2.058874108019379,-0.006646157215424386,0.20952486537263346,0.0,0.8982332797539551,0.0,0.8982332797539551,0.10176672024604494,0.0012629750280946654,0.0,0.6094077541695289,True,0,long_only,1.4567789540312377,1.4133057745802873
2021-12-07,2.024295312757656,-0.01679500224274888,0.20952486537263346,0.0,0.8964949115614945,0.0,0.8964949115614945,0.10350508843850548,0.0,0.0,0.0,True,0,long_only,1.436498577856029,1.4091871331880554
2021-12-08,2.03751191083961,0.006528987148594068,0.20952486537263346,0.0,0.8971663113928531,0.0,0.8971663113928531,0.10283368860714692,0.0,0.0,0.0,True,0,long_only,1.4475158733224496,1.4075921020216213
2021-12-09,2.0448824307673448,0.0036174119466607646,0.20952486537263346,0.0,0.8975369624091254,0.0,0.8975369624091254,0.1024630375908746,0.0,0.0,0.0,True,0,long_only,1.457411921612319,1.403091603988743
2021-12-10,2.046546331886218,0.0008136903588382705,0.20952486537263346,0.0,0.8976202678101488,0.0,0.8976202678101488,0.10237973218985119,0.0,0.0,0.0,True,0,long_only,1.4608871440489188,1.400892834345928
2021-12-13,2.0566192984132172,0.004921934270462058,0.0028399967571084593,0.0,0.9986190945697633,0.0,0.9986190945697633,0.001380905430236723,0.0010420300457176894,0.0,0.5088740892030249,True,0,long_only,1.4668776332705111,1.402038760266481
2021-12-14,2.045050337105588,-0.005625232300676797,0.0028399967571084593,0.0,0.9986112827124206,0.0,0.9986112827124206,0.0013887172875793885,0.0,0.0,0.0,True,0,long_only,1.4604723944133495,1.400266341855133
2021-12-15,2.048761243204633,0.0018145793439476865,0.0028399967571084593,0.0,0.9986137980857808,0.0,0.9986137980857808,0.0013862019142192317,0.0,0.0,0.0,True,0,long_only,1.4615743272686363,1.401749609979344
2021-12-16,2.0946932399752094,0.02241939948977678,0.0028399967571084593,0.0,0.9986441944324306,0.0,0.9986441944324306,0.0013558055675694236,0.0,0.0,0.0,True,0,long_only,1.4665106611664902,1.4283518664017423
2021-12-17,2.0937011557899754,-0.0004736178865245577,0.0028399967571084593,0.0,0.9986435519943929,0.0,0.9986435519943929,0.0013564480056070805,0.0,0.0,0.0,True,0,long_only,1.4635267679550337,1.4305861714545036
2021-12-20,2.066865281462296,-0.012817433019734814,0.0032999269928532305,0.0,0.9984034145706301,0.0,0.9984034145706301,0.0015965854293699122,0.0008649723371338089,0.0,0.4146654814018941,True,0,long_only,1.4519273320687536,1.4235321808546428
2021-12-21,2.097258495660581,0.014704980760420927,0.0032999269928532305,0.0,0.9984265520918469,0.0,0.9984265520918469,0.0015734479081530583,0.0,0.0,0.0,True,0,long_only,1.4623387677734112,1.4341810132367019
2021-12-22,2.096897269056636,-0.0001722375208839111,0.0032999269928532305,0.0,0.9984262810383945,0.0,0.9984262810383945,0.0015737189616055192,0.0,0.0,0.0,True,0,long_only,1.4691695993938692,1.4272669880466806
2021-12-23,2.1093735853569746,0.005949893914426907,0.0032999269928532305,0.0,0.9984355891171859,0.0,0.9984355891171859,0.0015644108828141157,0.0,0.0,0.0,True,0,long_only,1.478207007506833,1.4269811837211333
2021-12-24,2.097498513186854,-0.005629667619124312,0.0032999269928532305,0.0,0.9984267321420699,0.0,0.9984267321420699,0.0015732678579301052,0.0,0.0,0.0,True,0,long_only,1.4737891106534409,1.4232012558817702
2021-12-27,2.088041970171253,-0.0045084861591789815,0.0033190624922546544,0.0,0.9984104426349331,0.0,0.9984104426349331,0.0015895573650669403,0.0008660250775739323,0.0,0.4131234749748744,True,0,long_only,1.4671971666907249,1.4231502197355308
2021-12-28,2.0880247325342607,-8.255407333179754e-06,0.0033190624922546544,0.0,0.9984104295123811,0.0,0.9984104295123811,0.0015895704876188743,0.0,0.0,0.0,True,0,long_only,1.468348910164009,1.4220221897403365
2021-12-29,2.088974689611819,0.00045495489720837057,0.0033190624922546544,0.0,0.998411152366393,0.0,0.998411152366393,0.0015888476336070045,0.0,0.0,0.0,True,0,long_only,1.4636965306735141,1.427191119084354
2021-12-30,2.091269772373699,0.0010986647053661258,0.0033190624922546544,0.0,0.998412896061474,0.0,0.998412896061474,0.0015871039385260133,0.0,0.0,0.0,True,0,long_only,1.4697954511723794,1.4228304834564576
2021-12-31,2.0954828571521693,0.0020146060704968605,0.0033190624922546544,0.0,0.9984160870221743,0.0,0.9984160870221743,0.0015839129778256744,0.0,0.0,0.0,True,0,long_only,1.4786220959901437,1.4171862187335644
2022-01-04,2.1271805162013133,0.015126661113430417,0.003347541951474105,0.0,0.9984263009528442,0.0,0.9984263009528442,0.0015736990471557633,0.0008623491140153329,0.0,0.40894628001036476,True,0,long_only,1.4830877703750842,1.4342917248001668
2022-01-05,2.124922614406981,-0.0010614528372816512,0.003347541951474105,0.0,0.998424628770583,0.0,0.998424628770583,0.0015753712294169775,0.0,0.0,0.0,True,0,long_only,1.4727457984574297,1.4428305391416825
2022-01-06,2.1327766780298143,0.0036961645424555822,0.003347541951474105,0.0,0.9984304301589764,0.0,0.9984304301589764,0.0015695698410236325,0.0,0.0,0.0,True,0,long_only,1.476212888548234,1.4447622660490866
2022-01-07,2.149027183977388,0.007619412812871262,0.003347541951474105,0.0,0.9984422989264944,0.0,0.9984422989264944,0.001557701073505613,0.0,0.0,0.0,True,0,long_only,1.472941652452004,1.4590036071014116
2022-01-10,2.152612832469542,0.0016684984344952358,0.0025348461175388887,0.0,0.9988224328688821,0.0,0.9988224328688821,0.0011775671311179403,0.0017509900687217013,0.0,0.815652722097193,True,0,long_only,1.4779545659394318,1.4564810597552285
2022-01-11,2.1550224671747467,0.0011193999537948418,0.0025348461175388887,0.0,0.9988237495635662,0.0,0.9988237495635662,0.0011762504364337678,0.0,0.0,0.0,True,0,long_only,1.469313270836256,1.4666868597383735
2022-01-12,2.1578085442811896,0.0012928297263163913,0.0025348461175388887,0.0,0.9988252682916392,0.0,0.9988252682916392,0.0011747317083607989,0.0,0.0,0.0,True,0,long_only,1.478827098873738,1.4591351118224423
2022-01-13,2.1557268051125162,-0.0009647469300234635,0.0025348461175388887,0.0,0.9988241338784083,0.0,0.9988241338784083,0.0011758661215917066,0.0,0.0,0.0,True,0,long_only,1.4674109796155976,1.469068199065288
2022-01-14,2.12699799532299,-0.013326739604198723,0.0025348461175388887,0.0,0.9988082517599393,0.0,0.9988082517599393,0.0011917482400607415,0.0,0.0,0.0,True,0,long_only,1.4546208327657633,1.4622353450546925
2022-01-17,2.1397203085648475,0.005981347076881027,0.0029590320705649886,0.0,0.9986170939918079,0.0,0.9986170939918079,0.0013829060081921307,0.0012813394300021986,0.0,0.6033883522393497,True,0,long_only,1.465094616454853,1.4604656139836298
2022-01-18,2.1490725203714542,0.004370763678398504,0.0029590320705649886,0.0,0.9986231120436766,0.0,0.9986231120436766,0.0013768879563234027,0.0,0.0,0.0,True,0,long_only,1.469880163107749,1.462073286183887
2022-01-19,2.2093107009987936,0.028029850112702315,0.0029590320705649886,0.0,0.9986606537191771,0.0,0.9986606537191771,0.001339346280822884,0.0,0.0,0.0,True,0,long_only,1.4712335209872127,1.5016723514539851
2022-01-20,2.2281954342374597,0.008547794219314175,0.2088355294838948,0.0,0.9062759368971764,0.0,0.9062759368971764,0.09372406310282355,0.00020608257999332318,0.0,0.09172638955233514,True,0,long_only,1.473420105462971,1.5122607774768533
2022-01-21,2.207856112844698,-0.009128158634667538,0.2088355294838948,0.0,0.9054125274428224,0.0,0.9054125274428224,0.09458747255717759,0.0,0.0,0.0,True,0,long_only,1.466799698289971,1.505219912042979
2022-01-24,2.2072401253083918,-0.00027899804372344406,0.003001032671016028,0.0,0.9986403687407609,0.0,0.9986403687407609,0.0013596312592391024,0.0012085643791758173,0.0,0.5465350036843445,True,0,long_only,1.4697849468923936,1.5017435917922686
2022-01-25,2.17339808704964,-0.015332286628317315,0.003001032671016028,0.0,0.9986191978869872,0.0,0.9986191978869872,0.0013808021130128356,0.0,0.0,0.0,True,0,long_only,1.4508169280199297,1.4980512324293644
2022-01-26,2.1861776582511645,0.00587999560580843,0.003001032671016028,0.0,0.9986272695360829,0.0,0.9986272695360829,0.00137273046391706,0.0,0.0,0.0,True,0,long_only,1.4573526232575604,1.5001020503634126
2022-01-27,2.1602030714634353,-0.011881279039557824,0.003001032671016028,0.0,0.9986107636311325,0.0,0.9986107636311325,0.0013892363688674525,0.0,0.0,0.0,True,0,long_only,1.4443144398609642,1.495659817450406
2022-01-28,2.172267049409917,0.00558464993678065,0.003001032671016028,0.0,0.9986184789426183,0.0,0.9986184789426183,0.0013815210573816517,0.0,0.0,0.0,True,0,long_only,1.4437265390294993,1.5046250038945441
2022-02-07,2.206996297109496,0.01598755903838467,0.003562057145389208,0.0,0.9983860158034454,0.0,0.9983860158034454,0.0016139841965545632,0.0007929222012066738,0.0,0.3635310612426472,True,0,long_only,1.4581238407171646,1.513586319269017
2022-02-08,2.221823276326116,0.006718171315483801,0.003562057145389208,0.0,0.998396786466618,0.0,0.998396786466618,0.0016032135333819975,0.0,0.0,0.0,True,0,long_only,1.4615041857861506,1.520230525464411
2022-02-09,2.243507092915612,0.009759469540417731,0.003562057145389208,0.0,0.9984122817544739,0.0,0.9984122817544739,0.0015877182455260597,0.0,0.0,0.0,True,0,long_only,1.4753481491119818,1.520662830848426
2022-02-10,2.254924353711782,0.005089023713017449,0.003562057145389208,0.0,0.9984203207794861,0.0,0.9984203207794861,0.001579679220513941,0.0,0.0,0.0,True,0,long_only,1.4795640927114528,1.5240464166573562
2022-02-11,2.241339800402807,-0.006024394249241061,0.003562057145389208,0.0,0.9984107464897786,0.0,0.9984107464897786,0.0015892535102214334,0.0,0.0,0.0,True,0,long_only,1.4699492880470104,1.5247735541820453
2022-02-14,2.169537894948698,-0.03203526098149212,0.0036185838271372696,0.0,0.998332094666075,0.0,0.998332094666075,0.0016679053339250238,0.0008433302209236215,0.0,0.37733419000044993,True,0,long_only,1.4256385077416542,1.5218008514552896
2022-02-15,2.12872753620399,-0.018810622685930256,0.0036185838271372696,0.0,0.9983001188430201,0.0,0.9983001188430201,0.0016998811569799432,0.0,0.0,0.0,True,0,long_only,1.4039132847967828,1.5162813538815716
2022-02-16,2.14913959699991,0.009588855524610196,0.0036185838271372696,0.0,0.998316263944795,0.0,0.998316263944795,0.0016837360552049985,0.0,0.0,0.0,True,0,long_only,1.4116332528908795,1.5224489736259
2022-02-17,2.1559061794221557,0.0031485076314687888,0.0036185838271372696,0.0,0.9983215485619568,0.0,0.9983215485619568,0.001678451438043238,0.0,0.0,0.0,True,0,long_only,1.4145409053605036,1.5241031003431542
2022-02-18,2.1739523049691396,0.00837055235484363,0.0036185838271372696,0.0,0.9983354815011966,0.0,0.9983354815011966,0.0016645184988034467,0.0,0.0,0.0,True,0,long_only,1.4256676486474213,1.5248661264297054
2022-02-21,2.200618286655557,0.012266130045937684,0.003252666589528184,0.0,0.9985219305823039,0.0,0.9985219305823039,0.0014780694176961262,0.0010849412204923731,0.0,0.49933275408136946,True,0,long_only,1.431275578768885,1.537522416576425
2022-02-22,2.1828861076574304,-0.00805781679887585,0.003252666589528184,0.0,0.9985099238214408,0.0,0.9985099238214408,0.0014900761785592298,0.0,0.0,0.0,True,0,long_only,1.423174068117884,1.533815263050885
2022-02-23,2.197481419795975,0.00668624537365714,0.003252666589528184,0.0,0.9985198206636804,0.0,0.9985198206636804,0.0014801793363196092,0.0,0.0,0.0,True,0,long_only,1.4345237732186944,1.5318543065099606
2022-02-24,2.1820755498696554,-0.007010694055265443,0.003252666589528184,0.0,0.9985093703150092,0.0,0.9985093703150092,0.0014906296849908074,0.0,0.0,0.0,True,0,long_only,1.426380923143233,1.5297986074162728
2022-02-25,2.1917122620525613,0.004416305468195825,0.003252666589528184,0.0,0.9985159244459936,0.0,0.9985159244459936,0.0014840755540064254,0.0,0.0,0.0,True,0,long_only,1.4314355149028626,1.5311288837215216
2022-02-28,2.1890843162947444,-0.0011990377584306655,0.0033047402400501885,0.0,0.9984903549783575,0.0,0.9984903549783575,0.001509645021642525,0.0010862915074309764,0.0,0.49391755350522837,True,0,long_only,1.4335231558381094,1.5270658917364304
2022-03-01,2.207303117588801,0.008322567184115393,0.0033047402400501885,0.0,0.9985028153977964,0.0,0.9985028153977964,0.001497184602203605,0.0,0.0,0.0,True,0,long_only,1.4378312660232628,1.5351614405310121
2022-03-02,2.2102775742432272,0.0013475524184805021,0.0033047402400501885,0.0,0.9985048302174528,0.0,0.9985048302174528,0.0014951697825471566,0.0,0.0,0.0,True,0,long_only,1.4337583161706953,1.5415970385765378
2022-03-03,2.2090588449397903,-0.0005513919688816538,0.0033047402400501885,0.0,0.9985040053380108,0.0,0.9985040053380108,0.0014959946619892417,0.0,0.0,0.0,True,0,long_only,1.4258194524356036,1.5493257867721237
2022-03-04,2.1799971221258496,-0.013155703335160696,0.0033047402400501885,0.0,0.9984840621088401,0.0,0.9984840621088401,0.0015159378911598909,0.0,0.0,0.0,True,0,long_only,1.4098027973914147,1.5463135171525695
2022-03-07,2.153154229106678,-0.012313269933584059,0.0036489781929141553,0.0,0.9983052871254707,0.0,0.9983052871254707,0.0016947128745292694,0.0007308707472828495,0.0,0.3331579086014157,True,0,long_only,1.3808699441375614,1.5592737304826023
2022-03-08,2.0845437523216876,-0.031865100909866495,0.0036489781929141553,0.0,0.9982495075054914,0.0,0.9982495075054914,0.0017504924945086486,0.0,0.0,0.0,True,0,long_only,1.3545499458182462,1.538919815217646
2022-03-09,2.054307665473791,-0.014504894327221907,0.0036489781929141553,0.0,0.9982237430866654,0.0,0.9982237430866654,0.0017762569133346062,0.0,0.0,0.0,True,0,long_only,1.3451032096335769,1.5272490993709027
2022-03-10,2.0972029962748353,0.020880675042971975,0.0036489781929141553,0.0,0.9982600739177869,0.0,0.9982600739177869,0.0017399260822130724,0.0,0.0,0.0,True,0,long_only,1.3635256836422607,1.5380737021929576
2022-03-11,2.0870039520264676,-0.004863165018590854,0.0036489781929141553,0.0,0.9982515710191296,0.0,0.9982515710191296,0.0017484289808703535,0.0,0.0,0.0,True,0,long_only,1.3649237694235998,1.52902601506295
2022-03-14,2.0682824450296002,-0.008970518229584057,0.003553875106921969,0.0,0.9982817264075985,0.0,0.9982817264075985,0.0017182735924015091,0.000592810224959232,0.0,0.28538352955029167,True,0,long_only,1.3562885735797705,1.5249575092788714
2022-03-15,2.0131172400111566,-0.026671988224342358,0.003553875106921969,0.0,0.9982346407669221,0.0,0.9982346407669221,0.0017653592330778567,0.0,0.0,0.0,True,0,long_only,1.3340537236317158,1.5090226160688756
2022-03-16,2.034967219534516,0.010853803787025385,0.003553875106921969,0.0,0.998253595894417,0.0,0.998253595894417,0.0017464041055830215,0.0,0.0,0.0,True,0,long_only,1.357771371296479,1.4987554330236106
2022-03-17,2.0621043192884185,0.013335398965350409,0.003553875106921969,0.0,0.9982765784089196,0.0,0.9982765784089196,0.0017234215910804096,0.0,0.0,0.0,True,0,long_only,1.367586434976135,1.5078420394864498
2022-03-18,2.1097702449498823,0.023115186373263708,0.003553875106921969,0.0,0.9983155155802255,0.0,0.9983155155802255,0.0016844844197745346,0.0,0.0,0.0,True,0,long_only,1.3776183612103372,1.531462053900252
2022-03-21,2.1260477855851962,0.007715314344904245,0.0039004384100761558,0.0,0.9981654041661144,0.0,0.9981654041661144,0.0018345958338855661,0.00035429876546484213,0.0,0.1662381042225584,True,0,long_only,1.3786342267392886,1.5421405796762144
2022-03-22,2.1261538457570692,4.9886071513460806e-05,0.0039004384100761558,0.0,0.9981654956823279,0.0,0.9981654956823279,0.00183450431767207,0.0,0.0,0.0,True,0,long_only,1.3766285869574795,1.544464400856395
2022-03-23,2.1139434870535254,-0.005742932821117486,0.0039004384100761558,0.0,0.9981548993934967,0.0,0.9981548993934967,0.001845100606503336,0.0,0.0,0.0,True,0,long_only,1.37167259989062,1.5411428989848566
2022-03-24,2.0945794470444663,-0.009160150272536138,0.0039004384100761558,0.0,0.9981378417440409,0.0,0.9981378417440409,0.0018621582559591454,0.0,0.0,0.0,True,0,long_only,1.3580465156625592,1.5423473517934472
2022-03-25,2.076026976243928,-0.008857372694416776,0.0039004384100761558,0.0,0.9981212005168001,0.0,0.9981212005168001,0.001878799483199911,0.0,0.0,0.0,True,0,long_only,1.3465988835644616,1.541681789270954
2022-03-28,2.0652737252135345,-0.005179726060134726,0.0028446099838345543,0.0,0.9986226474732591,0.0,0.9986226474732591,0.0013773525267408715,0.0012932419516320463,0.0,0.6238669531481307,True,0,long_only,1.34078967788456,1.5403413072750038
2022-03-29,2.061283046411368,-0.0019322759755509011,0.0028446099838345543,0.0,0.9986199808954975,0.0,0.9986199808954975,0.0013800191045024723,0.0,0.0,0.0,True,0,long_only,1.3392140358866866,1.5391737176997278
2022-03-30,2.0834991114349113,0.010777784769646637,0.0028446099838345543,0.0,0.9986346958497739,0.0,0.9986346958497739,0.0013653041502260654,0.0,0.0,0.0,True,0,long_only,1.356047313987838,1.536450159181981
2022-03-31,2.0736795182890284,-0.0047130296778098435,0.0028446099838345543,0.0,0.9986282306601642,0.0,0.9986282306601642,0.0013717693398358488,0.0,0.0,0.0,True,0,long_only,1.3550412750433896,1.5303441721527098
2022-04-01,2.088612995283422,0.007201439211163674,0.0028446099838345543,0.0,0.998638038741376,0.0,0.998638038741376,0.0013619612586239782,0.0,0.0,0.0,True,0,long_only,1.3690983735986104,1.5255390230240367
2022-04-06,2.1017223139353796,0.006276566640905701,0.0033584357271364716,0.0,0.9984020554452562,0.0,0.9984020554452562,0.0015979445547438242,0.0008129509664924706,0.0,0.3891204494858437,True,0,long_only,1.3723065840149256,1.5315253445672607
2022-04-07,2.079273305551232,-0.0106812437757835,0.0033584357271364716,0.0,0.9983848031337823,0.0,0.9983848031337823,0.001615196866217694,0.0,0.0,0.0,True,0,long_only,1.3616261032035344,1.5270515897567398
2022-04-08,2.078494188529296,-0.0003747064033650105,0.0033584357271364716,0.0,0.9983841976823074,0.0,0.9983841976823074,0.0016158023176926495,0.0,0.0,0.0,True,0,long_only,1.3622201032943455,1.5258137679092667
2022-04-11,2.053608786751101,-0.011972803155058886,0.007726114649477494,0.0,0.9962377865252026,0.0,0.9962377865252026,0.003762213474797438,0.0008133478564188341,0.0,0.39148026815147996,True,0,long_only,1.3489379495238851,1.52238936377758
2022-04-12,2.0722570228238633,0.009080714979927906,0.007726114649477494,0.0,0.9962716426754105,0.0,0.9962716426754105,0.0037283573245895374,0.0,0.0,0.0,True,0,long_only,1.352756763570344,1.531877037047322
2022-04-13,2.05022867330627,-0.010630124195489588,0.007726114649477494,0.0,0.9962315839447226,0.0,0.9962315839447226,0.003768416055277446,0.0,0.0,0.0,True,0,long_only,1.347725213457135,1.5212512556970714
2022-04-14,2.0501305102660328,-4.7879069059675317e-05,0.007726114649477494,0.0,0.9962314035078309,0.0,0.9962314035078309,0.003768596492169096,0.0,0.0,0.0,True,0,long_only,1.353192860613626,1.515032017931553
2022-04-15,2.047751763373394,-0.001160290469668701,0.007726114649477494,0.0,0.99622702576178,0.0,0.99622702576178,0.003772974238219984,0.0,0.0,0.0,True,0,long_only,1.3518903298953842,1.5147321628758592
2022-04-18,2.0591240654232927,0.005553555002762778,0.0029144498725088633,0.0,0.9985846166719877,0.0,0.9985846166719877,0.0014153833280122763,0.0010450666246009015,0.0,0.5102508883978638,True,0,long_only,1.3539711938758017,1.5208034519028135
2022-04-19,2.073422382109084,0.006943883045168242,0.0029144498725088633,0.0,0.9985943771526454,0.0,0.9985943771526454,0.0014056228473545707,0.0,0.0,0.0,True,0,long_only,1.3566457190992884,1.5283447645312158
2022-04-20,2.0630552532562456,-0.005000008171172854,0.12914163550933067,0.0,0.9374027257362602,0.0,0.9374027257362602,0.06259727426373984,0.0001263535391759978,0.0,0.06086077972193137,True,0,long_only,1.347800437655743,1.5306830266686662
2022-04-21,2.0324616117811996,-0.014829288467557156,0.12914163550933067,0.0,0.9364604798630591,0.0,0.9364604798630591,0.06353952013694086,0.0,0.0,0.0,True,0,long_only,1.334935405455042,1.5225168225187573
2022-04-22,2.020242434561774,-0.006012008860879159,0.12914163550933067,0.0,0.9360761692260248,0.0,0.9360761692260248,0.06392383077397523,0.0,0.0,0.0,True,0,long_only,1.335595819703183,1.5126151225980509
2022-04-25,1.9636325974463318,-0.028021308802832934,0.0027789716983382478,0.0,0.9985847802170568,0.0,0.9985847802170568,0.0014152197829432334,0.0011450094723643085,0.0,0.5644546550093456,True,0,long_only,1.308839385492844,1.5002853820042443
2022-04-26,1.9432816599692844,-0.010363923222456828,0.0027789716983382478,0.0,0.9985699593859275,0.0,0.9985699593859275,0.0014300406140724808,0.0,0.0,0.0,True,0,long_only,1.3025388505877993,1.4919183862288146
2022-04-27,1.9750225701795245,0.016333664267042858,0.0027789716983382478,0.0,0.9985929418021356,0.0,0.9985929418021356,0.0014070581978643526,0.0,0.0,0.0,True,0,long_only,1.3188960476121738,1.4974816049795967
2022-04-28,1.9712299423961164,-0.0019202959199920988,0.0027789716983382478,0.0,0.998590234635458,0.0,0.998590234635458,0.0014097653645419594,0.0,0.0,0.0,True,0,long_only,1.3203124311715526,1.493002637752176
2022-04-29,2.0203677132524533,0.024927467769999323,0.0027789716983382478,0.0,0.9986245218233741,0.0,0.9986245218233741,0.0013754781766258661,0.0,0.0,0.0,True,0,long_only,1.336081388516721,1.512159162321247
2022-05-05,2.0335893925532886,0.0065441945117754585,0.012662678129026259,0.0,0.9937732375201233,0.0,0.9937732375201233,0.006226762479876746,0.0013552094326305694,0.0,0.6709634839492723,True,0,long_only,1.3414602575649452,1.5159520239866926
2022-05-06,2.0211364337382913,-0.006123634820577761,0.44458235202423485,0.0,0.7800334778974144,0.0,0.7800334778974144,0.2199665221025856,0.0004323520259211297,0.0,0.2135518854388934,True,0,long_only,1.3322147969387141,1.5171250449872233
2022-05-09,2.028252773800231,0.0035209597645899926,0.0020336289621292383,0.0,0.9989973493499437,0.0,0.9989973493499437,0.001002650650056336,0.00156219200415876,0.0,0.7725975947845576,True,0,long_only,1.331942702202307,1.5227777970077896
2022-05-10,2.035180807120512,0.0034157642527468113,0.0020336289621292383,0.0,0.9990007625096433,0.0,0.9990007625096433,0.0009992374903566859,0.0,0.0,0.0,True,0,long_only,1.3382899980956757,1.5207322852419727
2022-05-11,2.0465398666251,0.005581351526530609,0.0020336289621292383,0.0,0.9990063086503744,0.0,0.9990063086503744,0.0009936913496255695,0.0,0.0,0.0,True,0,long_only,1.3473321500770201,1.5189571973830727
2022-05-12,2.052317309409838,0.0028230296799767185,0.0020336289621292383,0.0,0.9990091059736207,0.0,0.9990091059736207,0.0009908940263793076,0.0,0.0,0.0,True,0,long_only,1.346948574433667,1.5236790389512442
2022-05-13,2.063245963474789,0.0053250313754327205,0.0020336289621292383,0.0,0.9990143545664791,0.0,0.9990143545664791,0.0009856454335208653,0.0,0.0,0.0,True,0,long_only,1.3532636797915951,1.5246444534686192
2022-05-16,2.0654278718858174,0.0010575125068237323,0.0027313746189051307,0.0,0.9986775744357457,0.0,0.9986775744357457,0.0013224255642543259,0.0014033789163944653,0.0,0.677809890769953,True,0,long_only,1.3541406177465405,1.5252683841084007
2022-05-17,2.062690227844503,-0.0013254609752190172,0.0027313746189051307,0.0,0.998675819285885,0.0,0.998675819285885,0.0013241807141149975,0.0,0.0,0.0,True,0,long_only,1.3599027235903764,1.516792482331859
2022-05-18,2.054916735086093,-0.003768618599862994,0.0027313746189051307,0.0,0.9986708100760148,0.0,0.9986708100760148,0.00132918992398523,0.0,0.0,0.0,True,0,long_only,1.3594229151884436,1.511609604433687
2022-05-19,2.0575904078635068,0.0013011100312549928,0.0027313746189051307,0.0,0.9986725372511134,0.0,0.9986725372511134,0.0013274627488866209,0.0,0.0,0.0,True,0,long_only,1.360286638081471,1.5126153196399128
2022-05-20,2.0791837269090268,0.010494469143614182,0.0027313746189051307,0.0,0.9986863235876872,0.0,0.9986863235876872,0.0013136764123128364,0.0,0.0,0.0,True,0,long_only,1.3665983549619847,1.5214299939405858
2022-05-23,2.096857048257931,0.008500124890443272,0.003373119214298306,0.0,0.9983913451720037,0.0,0.9983913451720037,0.0016086548279963253,0.0007865071034859379,0.0,0.3775369419212517,True,0,long_only,1.3696242652933845,1.5309724728108314
2022-05-24,2.0536267925884544,-0.020616691874819182,0.19133110889474084,0.0,0.9068325804935661,0.0,0.9068325804935661,0.09316741950643392,0.00018814613581625878,0.0,0.08961171241607076,True,0,long_only,1.3528784099095346,1.5179684867066348
2022-05-25,2.0700181805555755,0.007981678085948962,0.19133110889474084,0.0,0.9075703244097164,0.0,0.9075703244097164,0.09242967559028359,0.0,0.0,0.0,True,0,long_only,1.3592761941163833,1.522882685296508
2022-05-26,2.074437776056418,0.0021350515383669055,0.19133110889474084,0.0,0.9077672460928337,0.0,0.9077672460928337,0.09223275390716634,0.0,0.0,0.0,True,0,long_only,1.3629025426456824,1.5220734507028617
2022-05-27,2.083199998578836,0.004223902313944317,0.19133110889474084,0.0,0.908155189600006,0.0,0.908155189600006,0.09184481039999404,0.0,0.0,0.0,True,0,long_only,1.3632800190296892,1.5280793156944734
2022-05-30,2.0870830271964143,0.0018639730319831571,0.0030090094933938397,0.0,0.9985582703446945,0.0,0.9985582703446945,0.0014417296553055348,0.0009652626775797952,0.0,0.4630026258212399,True,0,long_only,1.3628293515335232,1.5314338694334142
2022-05-31,2.0995670961926662,0.005981587140317046,0.0030090094933938397,0.0,0.9985668428987811,0.0,0.9985668428987811,0.0014331571012189404,0.0,0.0,0.0,True,0,long_only,1.366221556273461,1.5367691181212924
2022-06-01,2.0829991450686736,-0.007891127249058605,0.0030090094933938397,0.0,0.9985554437213681,0.0,0.9985554437213681,0.0014445562786319366,0.0,0.0,0.0,True,0,long_only,1.3648620991346507,1.5261608820329438
2022-06-02,2.0710951804733484,-0.005714819722085096,0.0030090094933938397,0.0,0.9985471408934928,0.0,0.9985471408934928,0.001452859106507165,0.0,0.0,0.0,True,0,long_only,1.3673119683055377,1.5147202895034881
2022-06-06,2.095404654733099,0.011737497382517503,0.0030133676315170013,0.0,0.9985619161317074,0.0,0.9985619161317074,0.0014380838682925834,0.001127308453037142,0.0,0.5435659622709346,True,0,long_only,1.3768064820217556,1.521931137087709
2022-06-07,2.116473158556814,0.010054622994238871,0.0030133676315170013,0.0,0.9985762315863379,0.0,0.9985762315863379,0.0014237684136620965,0.0,0.0,0.0,True,0,long_only,1.378680648879871,1.5351438785162996
2022-06-08,2.1177451464285166,0.0006009940955595816,0.0030133676315170013,0.0,0.9985770867488003,0.0,0.9985770867488003,0.0014229132511996978,0.0,0.0,0.0,True,0,long_only,1.3808397866885698,1.5336646342637186
2022-06-09,2.1092363945916652,-0.004017835598018382,0.22388158246860543,0.0,0.8938565714859346,0.0,0.8938565714859346,0.10614342851406544,0.00022108930414122967,0.0,0.1044913246410122,True,0,long_only,1.3789554543982099,1.529589942781841
2022-06-10,2.129858564471277,0.009777078535383454,0.22388158246860543,0.0,0.8948842959794456,0.0,0.8948842959794456,0.10511570402055437,0.0,0.0,0.0,True,0,long_only,1.3873842919674788,1.5351612215897872
2022-06-13,2.1465184013497214,0.0078220390575936,0.21639631166204604,0.0,0.8991873018530951,0.0,0.8991873018530951,0.10081269814690486,0.0008820106301107827,0.0,0.4128529303763853,True,0,long_only,1.3861891759832854,1.5485032191418613
2022-06-14,2.1471486676648373,0.0002936226005421094,0.21639631166204604,0.0,0.8992168940507547,0.0,0.8992168940507547,0.10078310594924533,0.0,0.0,0.0,True,0,long_only,1.3854084707869196,1.5498307632298833
2022-06-15,2.1501277908190506,0.0013874787522065724,0.21639631166204604,0.0,0.8993565347203787,0.0,0.8993565347203787,0.10064346527962131,0.0,0.0,0.0,True,0,long_only,1.3938983009496546,1.5425284537287844
2022-06-16,2.14352456783486,-0.00307108396644451,0.21639631166204604,0.0,0.8990464980391502,0.0,0.8990464980391502,0.10095350196084985,0.0,0.0,0.0,True,0,long_only,1.3955986389163921,1.535917639973619
2022-06-17,2.149609019729682,0.0028385267825357108,0.21639631166204604,0.0,0.8993322461545782,0.0,0.8993322461545782,0.10066775384542181,0.0,0.0,0.0,True,0,long_only,1.4007613231055531,1.5346004949393512
2022-06-20,2.1348609901859414,-0.006860796269637537,0.21654097261030866,0.0,0.8985690526897265,0.0,0.8985690526897265,0.10143094731027347,0.0008703757070935067,0.0,0.4071703828885924,True,0,long_only,1.3961946720936522,1.5290568234189206
2022-06-21,2.1254493204987397,-0.004408563241572905,0.42738583573464695,0.0,0.7989197711689685,0.0,0.7989197711689685,0.2010802288310315,0.00021105591904338163,0.0,0.0988230261184209,True,0,long_only,1.392065134668258,1.526831803746923
2022-06-22,2.1199135402744647,-0.0026045223336477186,0.42738583573464695,0.0,0.7983946856250971,0.0,0.7983946856250971,0.20160531437490292,0.0,0.0,0.0,True,0,long_only,1.3900018907703975,1.5251155803101242
2022-06-23,2.1198536508890937,-2.825086223245954e-05,0.42738583573464695,0.0,0.7983889899402272,0.0,0.7983889899402272,0.20161101005977278,0.0,0.0,0.0,True,0,long_only,1.3968632186875884,1.5175814084938002
2022-06-24,2.1247150127061545,0.0022932535059776438,0.42738583573464695,0.0,0.7988502772471567,0.0,0.7988502772471567,0.20114972275284326,0.0,0.0,0.0,True,0,long_only,1.4042318016737723,1.5130799702539162
2022-06-27,2.1415145062957843,0.007906704423495059,0.21553541996171577,0.0,0.8993537427236339,0.0,0.8993537427236339,0.10064625727636611,0.0006532260640945507,0.0,0.3070431985006116,True,0,long_only,1.414551070792748,1.513918126049439
2022-06-28,2.1496133617483966,0.003781835438799286,0.21553541996171577,0.0,0.8997329362586354,0.0,0.8997329362586354,0.10026706374136463,0.0,0.0,0.0,True,0,long_only,1.422566852965155,1.5110807321763529
2022-06-29,2.1423871623319397,-0.00336162751173974,0.21553541996171577,0.0,0.8993947388449106,0.0,0.8993947388449106,0.10060526115508939,0.0,0.0,0.0,True,0,long_only,1.4112811900874838,1.5180441554663784
2022-06-30,2.140345812203187,-0.0009528390407879117,0.21553541996171577,0.0,0.8992987867975166,0.0,0.8992987867975166,0.10070121320248338,0.0,0.0,0.0,True,0,long_only,1.418474249943582,1.5089070614347184
2022-07-01,2.1448061580200584,0.0020839369934710916,0.21553541996171577,0.0,0.8995082053658949,0.0,0.8995082053658949,0.10049179463410507,0.0,0.0,0.0,True,0,long_only,1.4185542180105708,1.5119662898947974
2022-07-04,2.149379753570302,0.0021324050815230144,0.21743885573249236,0.0,0.8988364641607386,0.0,0.8988364641607386,0.10116353583926141,0.0008677550939420583,0.0,0.404282594460459,True,0,long_only,1.4260864644558884,1.5071875423699364
2022-07-05,2.1387013070727803,-0.004968152547163429,0.21743885573249236,0.0,0.8983313588422037,0.0,0.8983313588422037,0.10166864115779628,0.0,0.0,0.0,True,0,long_only,1.4250736485566102,1.5007654581494576
2022-07-06,2.1215735727844445,-0.008008474222975237,0.21743885573249236,0.0,0.8975105749233498,0.0,0.8975105749233498,0.10248942507665015,0.0,0.0,0.0,True,0,long_only,1.414736081659595,1.4996249832659065
2022-07-07,2.125516891460948,0.0018586763745025436,0.21743885573249236,0.0,0.8977007161853048,0.0,0.8977007161853048,0.10229928381469522,0.0,0.0,0.0,True,0,long_only,1.4217451471920703,1.4950055540255005
2022-07-08,2.1331502903006174,0.003591314127088907,0.21743885573249236,0.0,0.8980667903611004,0.0,0.8980667903611004,0.10193320963889962,0.0,0.0,0.0,True,0,long_only,1.4210810056187733,1.501075787985634
2022-07-11,2.1233520163741124,-0.004593335017723521,0.21611540391702333,0.0,0.8982197006193691,0.0,0.8982197006193691,0.10178029938063093,0.0008605602347691178,0.0,0.4033839574375186,True,0,long_only,1.411153105641205,1.5046928698847994
2022-07-12,2.10536025763669,-0.008473281207581285,0.21611540391702333,0.0,0.8973499176052571,0.0,0.8973499176052571,0.10265008239474294,0.0,0.0,0.0,True,0,long_only,1.4046207988809891,1.4988815908990916
2022-07-13,2.111283684206628,0.0028134978555105494,0.21611540391702333,0.0,0.8976379131171875,0.0,0.8976379131171875,0.10236208688281245,0.0,0.0,0.0,True,0,long_only,1.4069930719190777,1.5005643782786566
2022-07-14,2.1135767271484087,0.0010860894530342335,0.21611540391702333,0.0,0.8977489668858147,0.0,0.8977489668858147,0.10225103311418526,0.0,0.0,0.0,True,0,long_only,1.412714854881678,1.4961099331863623
2022-07-15,2.1009164511417002,-0.00598997701104953,0.21611540391702333,0.0,0.8971327946908217,0.0,0.8971327946908217,0.10286720530917826,0.0,0.0,0.0,True,0,long_only,1.4100525281768839,1.4899561606106004
2022-07-18,2.124795247170366,0.011365895114815228,0.003339368904424033,0.0,0.9984283808480506,0.0,0.9984283808480506,0.001571619151949366,0.0006398943793034138,0.0,0.30475819722007774,True,0,long_only,1.4191600777723337,1.4972202787057491
2022-07-19,2.1317947087389078,0.0032941816760285736,0.003339368904424033,0.0,0.9984335410484252,0.0,0.9984335410484252,0.0015664589515748117,0.0,0.0,0.0,True,0,long_only,1.4204534596015557,1.5007846222127452
2022-07-20,2.1461430769847367,0.006730651965224599,0.003339368904424033,0.0,0.9984440138496657,0.0,0.9984440138496657,0.0015559861503342542,0.0,0.0,0.0,True,0,long_only,1.4251603935784287,1.5058958182215518
2022-07-21,2.13935493837655,-0.0031629478393041532,0.003339368904424033,0.0,0.9984390767307841,0.0,0.9984390767307841,0.0015609232692158637,0.0,0.0,0.0,True,0,long_only,1.4214862675175812,1.5050127372054196
2022-07-22,2.134904429155439,-0.00208030427362782,0.003339368904424033,0.0,0.9984358227661999,0.0,0.9984358227661999,0.0015641772338000903,0.0,0.0,0.0,True,0,long_only,1.4179212504294896,1.505657968317193
2022-07-25,2.13406583427382,-0.0003928020712152813,0.21660451136389863,0.0,0.8985014858093144,0.0,0.8985014858093144,0.10149851419068556,0.0006565138998767877,0.0,0.3076069939995143,True,0,long_only,1.4128263357886242,1.5104940927383037
2022-07-26,2.140174926436562,0.0028626540309244497,0.21660451136389863,0.0,0.8987912115555201,0.0,0.8987912115555201,0.10120878844447989,0.0,0.0,0.0,True,0,long_only,1.4217417587146557,1.5053190309127695
2022-07-27,2.149844260077512,0.004518010897851976,0.21660451136389863,0.0,0.8992464173399756,0.0,0.8992464173399756,0.10075358266002443,0.0,0.0,0.0,True,0,long_only,1.4282093455562492,1.505272505579499
2022-07-28,2.1566004290625607,0.0031426318224583305,0.21660451136389863,0.0,0.8995620568164066,0.0,0.8995620568164066,0.10043794318359345,0.0,0.0,0.0,True,0,long_only,1.4317889330972242,1.5062278937981697
2022-07-29,2.1561700941413706,-0.00019954318629955559,0.21660451136389863,0.0,0.899542011109214,0.0,0.899542011109214,0.10045798889078605,0.0,0.0,0.0,True,0,long_only,1.4330707941032361,1.5045803061603973
2022-08-01,2.164835708704923,0.004018984674306614,0.43467890423233196,0.0,0.7992092875757434,0.0,0.7992092875757434,0.2007907124242566,0.0006602889881910284,0.0,0.3056474030138741,True,0,long_only,1.4382060316253376,1.5052333678912544
2022-08-02,2.145864318057931,-0.00876343205662522,0.43467890423233196,0.0,0.7974341152073731,0.0,0.7974341152073731,0.20256588479262694,0.0,0.0,0.0,True,0,long_only,1.4287681054819465,1.501898250545071
2022-08-03,2.139000561906173,-0.0031985974574432197,0.43467890423233196,0.0,0.796784109376312,0.0,0.796784109376312,0.20321589062368794,0.0,0.0,0.0,True,0,long_only,1.4220087707349405,1.5042105266345633
2022-08-04,2.1397304228834133,0.0003412158885034433,0.43467890423233196,0.0,0.7968534262149826,0.0,0.7968534262149826,0.20314657378501744,0.0,0.0,0.0,True,0,long_only,1.4246548327481432,1.501929010240254
2022-08-05,2.1471571290586673,0.0034708606728348634,0.43467890423233196,0.0,0.7975560808524065,0.0,0.7975560808524065,0.20244391914759352,0.0,0.0,0.0,True,0,long_only,1.4282564453923146,1.503341459431597
2022-08-08,2.1502857668669533,0.0014571070584188384,0.431376959413763,0.0,0.7993862183060927,0.0,0.7993862183060927,0.2006137816939073,0.0008701454534892602,0.0,0.40550661726006915,True,0,long_only,1.4361976810615966,1.4972073797511796
2022-08-09,2.1530804759629785,0.001299691947502124,0.431376959413763,0.0,0.7996466159859504,0.0,0.7996466159859504,0.20035338401404956,0.0,0.0,0.0,True,0,long_only,1.4379786647908057,1.4972965376201908
2022-08-10,2.1537389307226005,0.00030581985530631073,0.431376959413763,0.0,0.7997078692963813,0.0,0.7997078692963813,0.20029213070361873,0.0,0.0,0.0,True,0,long_only,1.4362488470705597,1.4995583356710553
2022-08-11,2.164589606785641,0.005038064692177047,0.431376959413763,0.0,0.8007118956584355,0.0,0.8007118956584355,0.19928810434156452,0.0,0.0,0.0,True,0,long_only,1.4442090582133642,1.4988062804864706
2022-08-12,2.17353311752334,0.004131735045600493,0.431376959413763,0.0,0.801531913208067,0.0,0.801531913208067,0.19846808679193295,0.0,0.0,0.0,True,0,long_only,1.4449016629969458,1.504277538870778
2022-08-15,2.179513029497329,0.002751240331135607,0.4373078773236353,0.0,0.7993552360526638,0.0,0.7993552360526638,0.2006447639473362,0.0004446970333057754,0.0,0.2046353737674013,True,0,long_only,1.4518026360998897,1.5012460890361479
2022-08-16,2.180246922167934,0.0003367232315991675,0.4373078773236353,0.0,0.7994227750640294,0.0,0.7994227750640294,0.20057722493597063,0.0,0.0,0.0,True,0,long_only,1.456252045793239,1.4971631651719504
2022-08-17,2.1817010680061144,0.0006669638302869707,0.4373078773236353,0.0,0.7995564636527878,0.0,0.7995564636527878,0.20044353634721224,0.0,0.0,0.0,True,0,long_only,1.4593548745619547,1.4949763803413354
2022-08-18,2.166192354248046,-0.0071085420388239395,0.4373078773236353,0.0,0.7981214011460959,0.0,0.7981214011460959,0.20187859885390413,0.0,0.0,0.0,True,0,long_only,1.4495052484126678,1.4944356749450973
2022-08-19,2.1557239162578177,-0.004832644695517918,0.4373078773236353,0.0,0.7971410559461758,0.0,0.7971410559461758,0.2028589440538242,0.0,0.0,0.0,True,0,long_only,1.4406565784917076,1.4963482265251227
2022-08-22,2.167584584258503,0.005501942021070461,0.4326169131156649,0.0,0.8004152104340341,0.0,0.8004152104340341,0.19958478956596593,0.0008732261577746258,0.0,0.40577435301330406,True,0,long_only,1.4462252022751594,1.4987877274220656
2022-08-23,2.1723488547763625,0.0021979629087871544,0.4326169131156649,0.0,0.8008529283110002,0.0,0.8008529283110002,0.1991470716889998,0.0,0.0,0.0,True,0,long_only,1.4469886262367095,1.5012895163012794
2022-08-24,2.151524308026298,-0.009586189024970548,0.4326169131156649,0.0,0.7989253890826238,0.0,0.7989253890826238,0.20107461091737622,0.0,0.0,0.0,True,0,long_only,1.426473089728915,1.5082824369544683
2022-08-25,2.1517817228374616,0.00011964299459843453,0.4326169131156649,0.0,0.7989494433732842,0.0,0.7989494433732842,0.20105055662671578,0.0,0.0,0.0,True,0,long_only,1.4214178202738026,1.5138277374508866
2022-08-26,2.1498362904212525,-0.0009041030489113089,0.4326169131156649,0.0,0.7987675084641468,0.0,0.7987675084641468,0.2012324915358532,0.0,0.0,0.0,True,0,long_only,1.4202206712031604,1.5137339809312786
2022-08-29,2.1417034990974715,-0.003782981690288345,0.2169484436979261,0.0,0.8987028578935649,0.0,0.8987028578935649,0.10129714210643515,0.0010774807930145171,0.0,0.5021892363936332,True,0,long_only,1.4153446522032898,1.5132028059479699
2022-08-30,2.1470031262999525,0.0024744915459653516,0.2169484436979261,0.0,0.898952898092978,0.0,0.898952898092978,0.10104710190702204,0.0,0.0,0.0,True,0,long_only,1.4121252598115057,1.520405581149749
2022-08-31,2.123788435980653,-0.010812602010182859,0.2169484436979261,0.0,0.897848373207781,0.0,0.897848373207781,0.10215162679221901,0.0,0.0,0.0,True,0,long_only,1.396809680744435,1.5204565555765421
2022-09-01,2.1259944480313404,0.0010387155393227765,0.2169484436979261,0.0,0.8979543695898081,0.0,0.8979543695898081,0.10204563041019188,0.0,0.0,0.0,True,0,long_only,1.395298758665184,1.5236840388686208
2022-09-02,2.133041503751484,0.0033147103119999244,0.2169484436979261,0.0,0.8982915037910101,0.0,0.8982915037910101,0.10170849620898992,0.0,0.0,0.0,True,0,long_only,1.4017219564526435,1.52172939428701
2022-09-05,2.1611580549860383,0.013181436547345271,0.002621828007210075,0.0,0.9987868411562212,0.0,0.9987868411562212,0.0012131588437788166,0.00142574163044641,0.0,0.6680190710501759,True,0,long_only,1.4079842015629014,1.534930613984939
2022-09-06,2.196989122906711,0.016579568457756322,0.002621828007210075,0.0,0.9988066267693937,0.0,0.9988066267693937,0.0011933732306063094,0.0,0.0,0.0,True,0,long_only,1.4210372942601226,1.5460460691502087
2022-09-07,2.189774020327393,-0.0032840866184044026,0.002621828007210075,0.0,0.9988026947151295,0.0,0.9988026947151295,0.001197305284870498,0.0,0.0,0.0,True,0,long_only,1.4248899930807293,1.536802160841148
2022-09-08,2.1732898049018834,-0.007527815780299041,0.002621828007210075,0.0,0.9987936132579758,0.0,0.9987936132579758,0.0012063867420242236,0.0,0.0,0.0,True,0,long_only,1.4176471226066338,1.5330259344835027
2022-09-09,2.173783224806156,0.00022703824550207585,0.002621828007210075,0.0,0.9987938870917343,0.0,0.9987938870917343,0.0012061129082656663,0.0,0.0,0.0,True,0,long_only,1.4182841563606128,1.5326852627220988
2022-09-13,2.1705784367993535,-0.0014742905227306258,0.003653195118596239,0.0,0.9983169485807741,0.0,0.9983169485807741,0.0016830514192258672,0.0006902381067041323,0.0,0.3173217850460156,True,0,long_only,1.418701955625855,1.5299749381411198
2022-09-14,2.1665541164359525,-0.0018540313011379261,0.003653195118596239,0.0,0.9983138223546403,0.0,0.9983138223546403,0.001686177645359721,0.0,0.0,0.0,True,0,long_only,1.4128422616324736,1.5334720479925337
2022-09-15,2.1568266525527253,-0.004489831945314715,0.003653195118596239,0.0,0.9983062175561154,0.0,0.9983062175561154,0.0016937824438846283,0.0,0.0,0.0,True,0,long_only,1.4016674019662656,1.5387578034040876
2022-09-16,2.1254831608285447,-0.014532225706263335,0.003653195118596239,0.0,0.9982812401500408,0.0,0.9982812401500408,0.0017187598499591727,0.0,0.0,0.0,True,0,long_only,1.3898209460764483,1.529321576875724
2022-09-19,2.118220283607137,-0.0034170476413356576,0.003940767846506707,0.0,0.9981395854449114,0.0,0.9981395854449114,0.0018604145550885631,0.00030372728820894754,0.0,0.14285006146446963,True,0,long_only,1.3866371326975195,1.5275952400657402
2022-09-20,2.1331535497685796,0.007049911794826613,0.003940767846506707,0.0,0.9981526093857922,0.0,0.9981526093857922,0.0018473906142078,0.0,0.0,0.0,True,0,long_only,1.3915084078290094,1.532979274697063
2022-09-21,2.1461315377612054,0.0060839445871272435,0.003940767846506707,0.0,0.9981637808414029,0.0,0.9981637808414029,0.0018362191585971077,0.0,0.0,0.0,True,0,long_only,1.3950192092784643,1.5384243625370817
2022-09-22,2.1501839900077955,0.0018882590257340848,0.003940767846506707,0.0,0.9981672415640616,0.0,0.9981672415640616,0.001832758435938442,0.0,0.0,0.0,True,0,long_only,1.3917679651989816,1.5449299335614344
2022-09-23,2.1256682229998995,-0.011401706608282769,0.003940767846506707,0.0,0.9981461039856234,0.0,0.9981461039856234,0.001853896014376577,0.0,0.0,0.0,True,0,long_only,1.3846677496240485,1.5351467697410013
2022-09-26,2.103035700138468,-0.010647250881650305,0.0036363001551649923,0.0,0.9982709279947432,0.0,0.9982709279947432,0.0017290720052568487,0.0006050618877114609,0.0,0.28476554807414256,True,0,long_only,1.3779558535608492,1.5261996200414558
2022-09-27,2.1084480405475636,0.0025735846560948072,0.0036363001551649923,0.0,0.9982753664850945,0.0,0.9982753664850945,0.0017246335149054826,0.0,0.0,0.0,True,0,long_only,1.3830500905062317,1.524491451915395
2022-09-28,2.086349785447539,-0.010480815592821657,0.0036363001551649923,0.0,0.9982570994660012,0.0,0.9982570994660012,0.0017429005339988368,0.0,0.0,0.0,True,0,long_only,1.3719487607999248,1.5207199022732287
2022-09-29,2.083121700984774,-0.0015472402975189592,0.0036363001551649923,0.0,0.9982543986011735,0.0,0.9982543986011735,0.0017456013988265129,0.0,0.0,0.0,True,0,long_only,1.3665732802291153,1.5243395514330007
2022-09-30,2.087796946721756,0.002244345942328696,0.0036363001551649923,0.0,0.9982583075615306,0.0,0.9982583075615306,0.0017416924384694443,0.0,0.0,0.0,True,0,long_only,1.3643524721314675,1.5302474905623789
2022-10-10,2.0765773600090234,-0.005373887882319961,0.0032752123221171533,0.0,0.9984227833813507,0.0,0.9984227833813507,0.0015772166186492909,0.0008937724087893498,0.0,0.42797095636126997,True,0,long_only,1.35755383104645,1.529646421761651
2022-10-11,2.08805223129189,0.005525857838889481,0.0032752123221171533,0.0,0.9984314509603571,0.0,0.9984314509603571,0.0015685490396428747,0.0,0.0,0.0,True,0,long_only,1.3634338559043204,1.5314657342925917
2022-10-12,2.112532121980826,0.011723792308485859,0.0032752123221171533,0.0,0.9984496272089599,0.0,0.9984496272089599,0.0015503727910400888,0.0,0.0,0.0,True,0,long_only,1.378552903281334,1.5324273134186004
2022-10-13,2.1252830031593875,0.0060358283057042605,0.0032752123221171533,0.0,0.9984589288498292,0.0,0.9984589288498292,0.0015410711501707697,0.0,0.0,0.0,True,0,long_only,1.3814395471909862,1.5384553073501694
2022-10-14,2.1378012540335423,0.005890157148739972,0.0032752123221171533,0.0,0.9984679528483119,0.0,0.9984679528483119,0.0015320471516880874,0.0,0.0,0.0,True,0,long_only,1.3929207252154903,1.5347616094252716
2022-10-17,2.140928324097238,0.0014627505984459166,0.003646673347369948,0.0,0.9982966859252949,0.0,0.9982966859252949,0.0017033140747051423,0.0006197653988857365,0.0,0.2900178949223766,True,0,long_only,1.3925771336056316,1.5373858096850916
2022-10-18,2.1415263891780243,0.0002793484835781346,0.003646673347369948,0.0,0.9982971616106167,0.0,0.9982971616106167,0.0017028383893833432,0.0,0.0,0.0,True,0,long_only,1.3921288380436558,1.5383104858221952
2022-10-19,2.1315644273176164,-0.004651804390900516,0.003646673347369948,0.0,0.9982892033191045,0.0,0.9982892033191045,0.0017107966808954655,0.0,0.0,0.0,True,0,long_only,1.3866364550020365,1.5372193768802118
2022-10-20,2.1113157827768774,-0.009499428814460198,0.003646673347369948,0.0,0.9982727958663893,0.0,0.9982727958663893,0.0017272041336107158,0.0,0.0,0.0,True,0,long_only,1.3784776790827258,1.5316285601242385
2022-10-21,2.1104125379460466,-0.0004278113384076354,0.003646673347369948,0.0,0.9982720566326246,0.0,0.9982720566326246,0.001727943367375362,0.0,0.0,0.0,True,0,long_only,1.3778060828591159,1.531719567942887
2022-10-24,2.0860191129215155,-0.011558605052769289,0.0033116370372354284,0.0,0.9984124608366616,0.0,0.9984124608366616,0.001587539163338425,0.0009037424435613006,0.0,0.4279852034821114,True,0,long_only,1.364702163000673,1.5285526538148286
2022-10-25,2.0741914039717306,-0.005669990690171489,0.0033116370372354284,0.0,0.9984034081758829,0.0,0.9984034081758829,0.0015965918241170884,0.0,0.0,0.0,True,0,long_only,1.359795986551811,1.5253695587317426
2022-10-26,2.0938843421946625,0.00949427241151568,0.0033116370372354284,0.0,0.9984184240884268,0.0,0.9984184240884268,0.001581575911573152,0.0,0.0,0.0,True,0,long_only,1.3660680582465714,1.5327818621879543
2022-10-27,2.1005950980507873,0.0032049314858961786,0.0033116370372354284,0.0,0.9984234767374691,0.0,0.9984234767374691,0.0015765232625308823,0.0,0.0,0.0,True,0,long_only,1.366921615707355,1.5367341286528495
2022-10-28,2.0651811074059494,-0.016859027557333373,0.0033116370372354284,0.0,0.9983964423142553,0.0,0.9983964423142553,0.0016035576857447165,0.0,0.0,0.0,True,0,long_only,1.353785844161213,1.5254858191293226
2022-10-31,2.0497988582622013,-0.007448377814703866,0.0028259905491064418,0.0,0.9986213327528622,0.0,0.9986213327528622,0.0013786672471377548,0.0012853408530496533,0.0,0.6241405713464913,True,0,long_only,1.3460292805110365,1.522848639283664
2022-11-01,2.070361786673285,0.01003168107358432,0.0028259905491064418,0.0,0.9986350257393191,0.0,0.9986350257393191,0.00136497426068094,0.0,0.0,0.0,True,0,long_only,1.358031606361934,1.5245313709742225
2022-11-02,2.087796497912809,0.008421094009631425,0.0028259905491064418,0.0,0.998646424327308,0.0,0.998646424327308,0.001353575672692009,0.0,0.0,0.0,True,0,long_only,1.3680411686451985,1.5261211034901825
2022-11-03,2.0961632157296926,0.0040074393386748675,0.0028259905491064418,0.0,0.9986518270486286,0.0,0.9986518270486286,0.0013481729513713514,0.0,0.0,0.0,True,0,long_only,1.3679584897962782,1.532329549006901
2022-11-04,2.12758394900042,0.014989640613357169,0.0028259905491064418,0.0,0.9986717372301881,0.0,0.9986717372301881,0.0013282627698119054,0.0,0.0,0.0,True,0,long_only,1.3852532785213227,1.5358808255422374
2022-11-07,2.129310729725391,0.0008116157887834152,0.0029115481899286096,0.0,0.9986326334859055,0.0,0.9986326334859055,0.0013673665140945257,0.0013289758298274529,0.0,0.6257551518149905,True,0,long_only,1.3822080538686585,1.5405139072700877
2022-11-08,2.1269463278091494,-0.001110407176949102,0.0029115481899286096,0.0,0.998631113464472,0.0,0.998631113464472,0.0013688865355280244,0.0,0.0,0.0,True,0,long_only,1.3780039699401392,1.5434979682254069
2022-11-09,2.1204151870231027,-0.003070665536151096,0.0029115481899286096,0.0,0.9986268971247955,0.0,0.9986268971247955,0.0013731028752045349,0.0,0.0,0.0,True,0,long_only,1.3762155315606175,1.540758070517173
2022-11-10,2.1186187683807307,-0.0008472013657353505,0.0029115481899286096,0.0,0.9986257328437839,0.0,0.9986257328437839,0.0013742671562161357,0.0,0.0,0.0,True,0,long_only,1.371635665486799,1.5445929423458267
2022-11-11,2.142507616177181,0.011275670806366156,0.0029115481899286096,0.0,0.9986410558506561,0.0,0.9986410558506561,0.0013589441493438992,0.0,0.0,0.0,True,0,long_only,1.3836169827777247,1.5484831733388535
2022-11-14,2.132573141047344,-0.004636844721029543,0.0036413095501497735,0.0,0.9982925277074617,0.0,0.9982925277074617,0.0017074722925383146,0.0006418343765878538,0.0,0.2991998691046093,True,0,long_only,1.3770538408730344,1.5486490634929133
2022-11-15,2.1273189626051776,-0.002463774086353787,0.0036413095501497735,0.0,0.998288310491206,0.0,0.998288310491206,0.0017116895087939676,0.0,0.0,0.0,True,0,long_only,1.3806473211714103,1.5408127260191644
2022-11-16,2.1183167353379027,-0.0042317242620966145,0.0036413095501497735,0.0,0.998281036310857,0.0,0.998281036310857,0.0017189636891430382,0.0,0.0,0.0,True,0,long_only,1.3669327976828236,1.5496860847356935
2022-11-17,2.0930105373504535,-0.011946371175419301,0.0036413095501497735,0.0,0.998260252643181,0.0,0.998260252643181,0.0017397473568190325,0.0,0.0,0.0,True,0,long_only,1.3543351163501491,1.5454155416061202
2022-11-18,2.082660153035682,-0.00494521366713907,0.0036413095501497735,0.0,0.998251606463569,0.0,0.998251606463569,0.00174839353643097,0.0,0.0,0.0,True,0,long_only,1.3494462211361025,1.5433443144420271
2022-11-21,2.0837435605333594,0.0005202036905052054,0.0025951230764140053,0.0,0.9987545861565855,0.0,0.9987545861565855,0.001245413843414478,0.0015575852446194167,0.0,0.7487486451116493,True,0,long_only,1.3495305942237306,1.5440506272715948
2022-11-22,2.080862221724078,-0.0013827703484510234,0.0025951230764140053,0.0,0.9987528616506557,0.0,0.9987528616506557,0.0012471383493443122,0.0,0.0,0.0,True,0,long_only,1.348218575768727,1.5434160744578174
2022-11-23,2.082516669089156,0.000795077803713129,0.0025951230764140053,0.0,0.9987538524349248,0.0,0.9987538524349248,0.0012461475650752396,0.0,0.0,0.0,True,0,long_only,1.3497884573549954,1.542846701452754
2022-11-24,2.0938870656516255,0.005459930636446009,0.0025951230764140053,0.0,0.9987606193672119,0.0,0.9987606193672119,0.0012393806327880563,0.0,0.0,0.0,True,0,long_only,1.3548145859043406,1.5455155911640508
2022-11-25,2.093521605031028,-0.00017453693018731897,0.0025951230764140053,0.0,0.998760403011759,0.0,0.998760403011759,0.001239596988241054,0.0,0.0,0.0,True,0,long_only,1.3576090632283109,1.542065136227628
2022-11-28,2.086068145265191,-0.003560249747566413,0.0031066225371344154,0.0,0.9985107761008739,0.0,0.9985107761008739,0.0014892238991260909,0.0010649522793717153,0.0,0.5097487965986631,True,0,long_only,1.3520993989518761,1.5428363823564115
2022-11-29,2.1089917886265246,0.010988923546608076,0.0031066225371344154,0.0,0.9985269631897631,0.0,0.9985269631897631,0.0014730368102369162,0.0,0.0,0.0,True,0,long_only,1.3676528491334647,1.5420519834128719
2022-11-30,2.123090595957965,0.006685093515998108,0.0031066225371344154,0.0,0.9985367451850389,0.0,0.9985367451850389,0.0014632548149611235,0.0,0.0,0.0,True,0,long_only,1.3699414267794081,1.549767423961427
2022-12-01,2.133923839332478,0.005102581771657677,0.0031066225371344154,0.0,0.9985441736579943,0.0,0.9985441736579943,0.001455826342005695,0.0,0.0,0.0,True,0,long_only,1.37746316894474,1.5491694351198184
2022-12-02,2.130047241425984,-0.0018166524198477418,0.0031066225371344154,0.0,0.9985415241142471,0.0,0.9985415241142471,0.0014584758857528746,0.0,0.0,0.0,True,0,long_only,1.3776278489470986,1.546170283254617
2022-12-05,2.1402570272094774,0.0047932203497318415,0.003183670515394124,0.0,0.9985124821575541,0.0,0.9985124821575541,0.00148751784244594,0.0010745642217388478,0.0,0.5038279838303399,True,0,long_only,1.3850858877370327,1.5452161098155806
2022-12-06,2.129016134186558,-0.005252122936643566,0.003183670515394124,0.0,0.9985046282814524,0.0,0.9985046282814524,0.0014953717185476334,0.0,0.0,0.0,True,0,long_only,1.3830555120700956,1.5393569640599183
2022-12-07,2.120068352265525,-0.004202777882870046,0.003183670515394124,0.0,0.9984983170415274,0.0,0.9984983170415274,0.0015016829584726388,0.0,0.0,0.0,True,0,long_only,1.375554778464735,1.5412460379307802
2022-12-08,2.1117211135503635,-0.003937249809064736,0.003183670515394124,0.0,0.9984923811695752,0.0,0.9984923811695752,0.0015076188304248284,0.0,0.0,0.0,True,0,long_only,1.371029128029553,1.540245258381443
2022-12-09,2.1051967482558296,-0.003089596089497104,0.003183670515394124,0.0,0.9984877088005992,0.0,0.9984877088005992,0.0015122911994007726,0.0,0.0,0.0,True,0,long_only,1.3719240249147968,1.5344849350433765
2022-12-12,2.1014582418369265,-0.0017758465673105572,0.003419806265766105,0.0,0.9983726508584929,0.0,0.9983726508584929,0.001627349141507084,0.000790212409490575,0.0,0.37473803422780494,True,0,long_only,1.3663974182512881,1.5379553662552783
2022-12-13,2.089992626765646,-0.005456028029973026,0.003419806265766105,0.0,0.9983637232868815,0.0,0.9983637232868815,0.0016362767131185008,0.0,0.0,0.0,True,0,long_only,1.3564942541588478,1.540730910107419
2022-12-14,2.075920053194317,-0.0067333125443160835,0.003419806265766105,0.0,0.9983526310367763,0.0,0.9983526310367763,0.0016473689632237054,0.0,0.0,0.0,True,0,long_only,1.3508344803329384,1.5367686296271232
2022-12-15,2.074744819455758,-0.0005661266852502456,0.003419806265766105,0.0,0.9983516978889658,0.0,0.9983516978889658,0.0016483021110341722,0.0,0.0,0.0,True,0,long_only,1.3510909880732371,1.5356070300006281
2022-12-16,2.061286599078711,-0.006486687061870611,0.003419806265766105,0.0,0.9983409360603739,0.0,0.9983409360603739,0.0016590639396261153,0.0,0.0,0.0,True,0,long_only,1.343154496272336,1.5346608337309005
2022-12-19,2.029535741999497,-0.015403417017994858,0.0031349850711534016,0.0,0.9984553191125056,0.0,0.9984553191125056,0.0015446808874943763,0.0009652912611905484,0.0,0.4699800884383802,True,0,long_only,1.3314008846636836,1.5243611187115629
2022-12-20,2.0284279993334633,-0.0005458108685204577,0.0031349850711534016,0.0,0.9984544755484623,0.0,0.9984544755484623,0.001545524451537661,0.0,0.0,0.0,True,0,long_only,1.3256855398081717,1.5300974012486999
2022-12-21,2.030097725331008,0.0008231625663290831,0.0031349850711534016,0.0,0.9984557467199554,0.0,0.9984557467199554,0.001544253280044594,0.0,0.0,0.0,True,0,long_only,1.3253033195557844,1.531798566694496
2022-12-22,2.02285506283007,-0.0035676422915834616,0.0031349850711534016,0.0,0.998450217650904,0.0,0.998450217650904,0.001549782349095974,0.0,0.0,0.0,True,0,long_only,1.319544602189363,1.5329948373656999
2022-12-23,2.000939776983915,-0.01083383888883005,0.0031349850711534016,0.0,0.9984332436651947,0.0,0.9984332436651947,0.001566756334805297,0.0,0.0,0.0,True,0,long_only,1.3162906473279485,1.5201352232090948
2022-12-26,2.026834740388954,0.012941400687267013,0.003029175619485199,0.0,0.9985054649206853,0.0,0.9985054649206853,0.0014945350793147405,0.0009666698846368159,0.0,0.4829755680831122,True,0,long_only,1.326051495368968,1.5284736282620732
2022-12-27,2.046446764411411,0.009676183080764345,0.003029175619485199,0.0,0.9985197877256503,0.0,0.9985197877256503,0.0014802122743496904,0.0,0.0,0.0,True,0,long_only,1.3380487385037434,1.529426175237701
2022-12-28,2.043011254431746,-0.0016787683116953334,0.003029175619485199,0.0,0.998517298613547,0.0,0.998517298613547,0.0014827013864530114,0.0,0.0,0.0,True,0,long_only,1.3339412261815453,1.5315601724672225
2022-12-29,2.0337871052661782,-0.004514977166943268,0.12635047214257902,0.0,0.9378742879156752,0.0,0.9378742879156752,0.062125712084324825,0.0001234447412643582,0.0,0.06046624743634426,True,0,long_only,1.3283583707929512,1.5310530275441618
2022-12-30,2.0286336667473934,-0.00253391247561785,0.12635047214257902,0.0,0.9377164668941126,0.0,0.9377164668941126,0.06228353310588741,0.0,0.0,0.0,True,0,long_only,1.3305134424287524,1.5246998655227977
2023-01-03,2.0455626084629763,0.008344996927279524,0.002847241428052915,0.0,0.9986080888376268,0.0,0.9986080888376268,0.0013919111623732494,0.001085616931484733,0.0,0.5343731596394451,True,0,long_only,1.33708979939536,1.5298618008962388
2023-01-04,2.0579331534380745,0.006047502493406132,0.002847241428052915,0.0,0.9986164558244779,0.0,0.9986164558244779,0.0013835441755221112,0.0,0.0,0.0,True,0,long_only,1.3422684094283706,1.533175584691353
2023-01-05,2.0817674419212375,0.011581663108611862,0.002847241428052915,0.0,0.9986322961101624,0.0,0.9986322961101624,0.001367703889837646,0.0,0.0,0.0,True,0,long_only,1.3536069325537126,1.5379408836166186
2023-01-06,2.086677084598319,0.002358401125031717,0.002847241428052915,0.0,0.9986355141152081,0.0,0.9986355141152081,0.0013644858847918773,0.0,0.0,0.0,True,0,long_only,1.358653053119805,1.5358424873861576
2023-01-09,2.0879845332994442,0.0006265697317402452,0.003183713666787785,0.0,0.9984752216235256,0.0,0.9984752216235256,0.001524778376474356,0.000980552099192205,0.0,0.47014477100254265,True,0,long_only,1.3617687581026967,1.5332886151746923
2023-01-10,2.0800405170338765,-0.0038046336737055375,0.003183713666787785,0.0,0.9984693982445458,0.0,0.9984693982445458,0.001530601755454164,0.0,0.0,0.0,True,0,long_only,1.3581837489978579,1.5314868246425744
2023-01-11,2.07796225547869,-0.0009991447465409475,0.003183713666787785,0.0,0.9984678674223298,0.0,0.9984678674223298,0.0015321325776701533,0.0,0.0,0.0,True,0,long_only,1.3567121332566183,1.5316161804279003
2023-01-12,2.0818628851917604,0.0018771417540364155,0.003183713666787785,0.0,0.9984707380637632,0.0,0.9984707380637632,0.0015292619362368143,0.0,0.0,0.0,True,0,long_only,1.3589417513955446,1.531973598613644
2023-01-13,2.087105871384792,0.002518410905120172,0.003183713666787785,0.0,0.9984745796988844,0.0,0.9984745796988844,0.0015254203011155765,0.0,0.0,0.0,True,0,long_only,1.3611476501925672,1.5333427428607915
2023-01-16,2.1062071648630987,0.00915204817359494,0.003112172787068235,0.0,0.9985223804956191,0.0,0.9985223804956191,0.001477619504380856,0.0010566755225018564,0.0,0.5060463109910222,True,0,long_only,1.3705750720559724,1.536732432834649
2023-01-17,2.1153569671068086,0.004344208108467029,0.003112172787068235,0.0,0.998528771817021,0.0,0.998528771817021,0.0014712281829789564,0.0,0.0,0.0,True,0,long_only,1.375511405953826,1.5378694483743294
2023-01-18,2.1249455555336234,0.004532846501046794,0.003112172787068235,0.0,0.9985354105760668,0.0,0.9985354105760668,0.001464589423933238,0.0,0.0,0.0,True,0,long_only,1.3789879837813919,1.5409456648829556
2023-01-19,2.1315900859969203,0.003126917979612953,0.003112172787068235,0.0,0.9985399759515147,0.0,0.9985399759515147,0.001460024048485331,0.0,0.0,0.0,True,0,long_only,1.382466255847665,1.5418749477468634
2023-01-20,2.142956430280304,0.005332331182272165,0.003112172787068235,0.0,0.9985477199895001,0.0,0.9985477199895001,0.0014522800104999067,0.0,0.0,0.0,True,0,long_only,1.389714547885624,1.5420119430574408
2023-01-30,2.1486834141515865,0.002672468646753412,0.003211571846281731,0.0,0.9985053303687599,0.0,0.9985053303687599,0.0014946696312401198,0.0010814526045291456,0.0,0.5029509574792151,True,0,long_only,1.3912790079080286,1.5443943320775142
2023-01-31,2.147294071943513,-0.0006466016347140835,0.003211571846281731,0.0,0.9985043632876167,0.0,0.9985043632876167,0.0014956367123832859,0.0,0.0,0.0,True,0,long_only,1.3868468794494946,1.5483281563108655
2023-02-01,2.160706043381563,0.006245987269880793,0.003211571846281731,0.0,0.99851364702935,0.0,0.99851364702935,0.001486352970650029,0.0,0.0,0.0,True,0,long_only,1.394907728371518,1.5489956786633294
2023-02-02,2.162787127556548,0.0009631500690987504,0.003211571846281731,0.0,0.9985150772328159,0.0,0.9985150772328159,0.0014849227671841492,0.0,0.0,0.0,True,0,long_only,1.3972169757296917,1.5479250289147395
2023-02-03,2.153349860560604,-0.00436347473854537,0.003211571846281731,0.0,0.9985085694131257,0.0,0.9985085694131257,0.0014914305868742872,0.0,0.0,0.0,True,0,long_only,1.3922332031480311,1.5466876207890914
2023-02-06,2.139105114820962,-0.006615156227299579,0.0033574452607961344,0.0,0.9984304440031797,0.0,0.9984304440031797,0.0015695559968202932,0.0009389795280852736,0.0,0.4363355911342735,True,0,long_only,1.3803992846246482,1.5496278059884807
2023-02-07,2.1470126953062656,0.0036966769096644647,0.0033574452607961344,0.0,0.9984362247749461,0.0,0.9984362247749461,0.0015637752250539094,0.0,0.0,0.0,True,0,long_only,1.3834861875495141,1.551885891328731
2023-02-08,2.136945851813213,-0.004688767567635033,0.0033574452607961344,0.0,0.9984288580555528,0.0,0.9984288580555528,0.0015711419444471852,0.0,0.0,0.0,True,0,long_only,1.380913655496212,1.5474869433783183
2023-02-09,2.1543772904865994,0.008157173780793503,0.0033574452607961344,0.0,0.9984415704363288,0.0,0.9984415704363288,0.0015584295636712486,0.0,0.0,0.0,True,0,long_only,1.389265235780424,1.550731447819157
2023-02-10,2.1568648802555797,0.001154667652673913,0.0033574452607961344,0.0,0.9984433678291436,0.0,0.9984433678291436,0.0015566321708564423,0.0,0.0,0.0,True,0,long_only,1.3879793086015144,1.553960399041374
2023-02-13,2.163840192070231,0.0032340050035144507,0.003441490116275063,0.0,0.9984095451554663,0.0,0.9984095451554663,0.0015904548445336841,0.0008613178918160889,0.0,0.3996400574559865,True,0,long_only,1.3902756797455118,1.5564108785002404
2023-02-14,2.1693920949304517,0.002565763812210742,0.003441490116275063,0.0,0.9984136154435534,0.0,0.9984136154435534,0.0015863845564465517,0.0,0.0,0.0,True,0,long_only,1.3900384863264772,1.5606705255072544
2023-02-15,2.156721131554851,-0.005840789871600749,0.003441490116275063,0.0,0.9984042952675138,0.0,0.9984042952675138,0.0015957047324861584,0.0,0.0,0.0,True,0,long_only,1.3848727525076427,1.5573424544959764
2023-02-16,2.140974805541712,-0.00730104869969328,0.003441490116275063,0.0,0.9983925592644215,0.0,0.9983925592644215,0.0016074407355785025,0.0,0.0,0.0,True,0,long_only,1.3755059843899624,1.5564998115884137
2023-02-17,2.1303010934096953,-0.004985444996544963,0.003441490116275063,0.0,0.9983845053044748,0.0,0.9983845053044748,0.0016154946955252436,0.0,0.0,0.0,True,0,long_only,1.3653700318991264,1.5602371837959617
2023-02-20,2.1517325839792303,0.010060310552266749,0.002751125336698096,0.0,0.998721437153863,0.0,0.998721437153863,0.0012785628461370324,0.001501424880117755,0.0,0.7048538954536373,True,0,long_only,1.3773960770919274,1.5621741776135636
2023-02-21,2.1542034541767197,0.001148316577945785,0.002751125336698096,0.0,0.9987229036647564,0.0,0.9987229036647564,0.0012770963352436437,0.0,0.0,0.0,True,0,long_only,1.3805405841328446,1.560405741733289
2023-02-22,2.1593767101574146,0.002401470469590272,0.002751125336698096,0.0,0.9987259632264452,0.0,0.9987259632264452,0.0012740367735547542,0.0,0.0,0.0,True,0,long_only,1.3789425781840337,1.5659656495639982
2023-02-23,2.1497964641555916,-0.004436579294737508,0.002751125336698096,0.0,0.998720285672356,0.0,0.998720285672356,0.0012797143276439549,0.0,0.0,0.0,True,0,long_only,1.3781913527411767,1.5598679094014907
2023-02-24,2.145212826151841,-0.0021321264967059106,0.002751125336698096,0.0,0.9987175513295651,0.0,0.9987175513295651,0.0012824486704349214,0.0,0.0,0.0,True,0,long_only,1.3742027759762372,1.5610598840683292
2023-02-27,2.1328811252561346,-0.005748474345003474,0.0030096984564561137,0.0,0.9985889047350942,0.0,0.9985889047350942,0.0014110952649057928,0.0012690755460771496,0.0,0.592222871196975,True,0,long_only,1.3701969179764828,1.556623794195939
2023-02-28,2.140806851351605,0.0037159717912167434,0.0030096984564561137,0.0,0.9985941289123977,0.0,0.9985941289123977,0.0014058710876022618,0.0,0.0,0.0,True,0,long_only,1.3718477841729642,1.560527979889706
2023-03-01,2.155911568440179,0.007055618809813424,0.0030096984564561137,0.0,0.9986039787064951,0.0,0.9986039787064951,0.0013960212935049121,0.0,0.0,0.0,True,0,long_only,1.3801549754030424,1.5620793366415933
2023-03-02,2.1541212313603704,-0.0008304315937707196,0.0030096984564561137,0.0,0.9986028184427878,0.0,0.9986028184427878,0.001397181557212246,0.0,0.0,0.0,True,0,long_only,1.3794122211537223,1.561622550769263
2023-03-03,2.1678157767207917,0.006357369845787719,0.0030096984564561137,0.0,0.998611644730712,0.0,0.998611644730712,0.001388355269288044,0.0,0.0,0.0,True,0,long_only,1.3818515860446237,1.5687761251741164
2023-03-06,2.1651125323294886,-0.0012469899058452638,0.0032873021139878393,0.0,0.9984816945701889,0.0,0.9984816945701889,0.0015183054298111287,0.001043329554726265,0.0,0.48102180235621594,True,0,long_only,1.382350031072338,1.5662549163831783
2023-03-07,2.1520934129217935,-0.006013137522088874,0.0032873021139878393,0.0,0.9984725095601101,0.0,0.9984725095601101,0.001527490439889867,0.0,0.0,0.0,True,0,long_only,1.3741661804201577,1.5661085562910455
2023-03-08,2.1441599062074017,-0.0036864137340677505,0.0032873021139878393,0.0,0.9984668577635133,0.0,0.9984668577635133,0.0015331422364867064,0.0,0.0,0.0,True,0,long_only,1.3717447744595548,1.5630895383233123
2023-03-09,2.150334244842674,0.0028796073545622747,0.0032873021139878393,0.0,0.9984712599346487,0.0,0.9984712599346487,0.0015287400653513084,0.0,0.0,0.0,True,0,long_only,1.3720182245869277,1.5672781937645714
2023-03-10,2.1359606777775975,-0.006684340864472449,0.0032873021139878393,0.0,0.998460972550577,0.0,0.998460972550577,0.001539027449423025,0.0,0.0,0.0,True,0,long_only,1.3652009468761288,1.5645760301185927
2023-03-13,2.1460123576388526,0.004705929264443798,0.003246636662025615,0.0,0.9984871304908991,0.0,0.9984871304908991,0.0015128695091009003,0.0010161612898767361,0.0,0.47591497344492173,True,0,long_only,1.368348164698978,1.5683233353924602
2023-03-14,2.1353359355013626,-0.004975004966530916,0.003246636662025615,0.0,0.9984795663258188,0.0,0.9984795663258188,0.0015204336741811986,0.0,0.0,0.0,True,0,long_only,1.3665614205581635,1.5625612602390004
2023-03-15,2.143240455355967,0.003701768758342272,0.003246636662025615,0.0,0.9984851738618912,0.0,0.9984851738618912,0.0015148261381088268,0.0,0.0,0.0,True,0,long_only,1.369958369166482,1.564456631379222
2023-03-16,2.1325270475867417,-0.004998696129709934,0.003246636662025615,0.0,0.9984775636652771,0.0,0.9984775636652771,0.001522436334722932,0.0,0.0,0.0,True,0,long_only,1.3624559413224142,1.5652080796953245
2023-03-17,2.140365890787936,0.003675847023870027,0.003246636662025615,0.0,0.9984831394127524,0.0,0.9984831394127524,0.0015168605872476482,0.0,0.0,0.0,True,0,long_only,1.3658434021939714,1.5670653658756482
2023-03-20,2.140969081469487,0.0002818166203018002,0.0030114052116526056,0.0,0.9985934382529309,0.0,0.9985934382529309,0.0014065617470691016,0.0012608693673016747,0.0,0.5892197229565354,True,0,long_only,1.3664343526551093,1.566829081330826
2023-03-21,2.159470206946599,0.008641472516928594,0.0030114052116526056,0.0,0.998605488882428,0.0,0.998605488882428,0.0013945111175720504,0.0,0.0,0.0,True,0,long_only,1.372282864673022,1.5736334414269193
2023-03-22,2.169126873381658,0.004471775717949322,0.0030114052116526056,0.0,0.9986116970617962,0.0,0.9986116970617962,0.0013883029382038004,0.0,0.0,0.0,True,0,long_only,1.3768403667959033,1.5754381740197771
2023-03-23,2.16898992438308,-6.313554096737395e-05,0.0030114052116526056,0.0,0.9986116094050049,0.0,0.9986116094050049,0.0013883905949950703,0.0,0.0,0.0,True,0,long_only,1.3779168860705795,1.5741079496952912
2023-03-24,2.165890901198047,-0.0014287863443693816,0.0030114052116526056,0.0,0.9986096228531239,0.0,0.9986096228531239,0.001390377146876065,0.0,0.0,0.0,True,0,long_only,1.3771395693516286,1.5727461104162235
2023-03-27,2.1626460346983376,-0.0014981671043144962,0.003505339165794745,0.0,0.998379143369024,0.0,0.998379143369024,0.0016208566309759975,0.0008174903550880185,0.0,0.37757941788128785,True,0,long_only,1.3761602993787565,1.571507356864332
2023-03-28,2.154080586791125,-0.003960633302808381,0.003505339165794745,0.0,0.998372698223414,0.0,0.998372698223414,0.0016273017765859876,0.0,0.0,0.0,True,0,long_only,1.3730262966178253,1.5688560314520343
2023-03-29,2.148603287684074,-0.0025427549649896797,0.003505339165794745,0.0,0.9983685498454333,0.0,0.9983685498454333,0.0016314501545666715,0.0,0.0,0.0,True,0,long_only,1.3707180658028761,1.5675019840243836
2023-03-30,2.152400479615569,0.0017672838691351611,0.003505339165794745,0.0,0.9983714279944684,0.0,0.9983714279944684,0.00162857200553157,0.0,0.0,0.0,True,0,long_only,1.372581728381006,1.568140122449669
2023-03-31,2.164616896649929,0.005675717483830889,0.003505339165794745,0.0,0.9983806191427131,0.0,0.9983806191427131,0.0016193808572868562,0.0,0.0,0.0,True,0,long_only,1.3774706235950527,1.571443237751603
2023-04-03,2.174512130210119,0.004571355594380044,0.003729318695196868,0.0,0.9982849860235838,0.0,0.9982849860235838,0.0017150139764161576,0.000589845970852065,0.0,0.27263575095492654,True,0,long_only,1.3847971894612932,1.5702748003525606
2023-04-04,2.177567568320486,0.0014051143095126228,0.003729318695196868,0.0,0.9982873924329828,0.0,0.9982873924329828,0.001712607567017188,0.0,0.0,0.0,True,0,long_only,1.3843854894553973,1.5729488534130174
2023-04-06,2.17938844918289,0.0008361994772947412,0.003729318695196868,0.0,0.9982888233180298,0.0,0.9982888233180298,0.0017111766819701835,0.0,0.0,0.0,True,0,long_only,1.385519273998383,1.5729759160213843
2023-04-07,2.183769474052657,0.0020102083551969407,0.003729318695196868,0.0,0.9982922562388071,0.0,0.9982922562388071,0.0017077437611928703,0.0,0.0,0.0,True,0,long_only,1.3909408378620334,1.5699945063150584
2023-04-10,2.1805669723750967,-0.0014665017144034342,0.003757406981836141,0.0,0.9982768669665103,0.0,0.9982768669665103,0.0017231330334896988,0.0006067556810123465,0.0,0.27754809462222113,True,0,long_only,1.3888193121526387,1.5700868740047018
2023-04-11,2.178690333354342,-0.0008606197583149733,0.003757406981836141,0.0,0.9982753827268095,0.0,0.9982753827268095,0.0017246172731905096,0.0,0.0,0.0,True,0,long_only,1.3852566669987374,1.5727701481304819
2023-04-12,2.1821695695887344,0.0015969393085046857,0.003757406981836141,0.0,0.9982781324447925,0.0,0.9982781324447925,0.0017218675552075347,0.0,0.0,0.0,True,0,long_only,1.3878342817681617,1.5723560069495868
2023-04-13,2.177191955674148,-0.002281039009963237,0.003757406981836141,0.0,0.99827419581813,0.0,0.99827419581813,0.001725804181869961,0.0,0.0,0.0,True,0,long_only,1.3847931232883954,1.5722145922447135
2023-04-14,2.183830650405631,0.0030492004686042407,0.003757406981836141,0.0,0.9982794421439509,0.0,0.9982794421439509,0.0017205578560490764,0.0,0.0,0.0,True,0,long_only,1.3909781111135961,1.569996416879119
2023-04-17,2.2021296030904978,0.008379291078027373,0.003542293731100857,0.0,0.9983914235900877,0.0,0.9983914235900877,0.001608576409912299,0.0008180553415756218,0.0,0.37452743658043824,True,0,long_only,1.3966128102066362,1.5767645742592618
2023-04-18,2.200785316138775,-0.0006104486083997607,0.003542293731100857,0.0,0.9983904410370587,0.0,0.9983904410370587,0.0016095589629413487,0.0,0.0,0.0,True,0,long_only,1.398329751712706,1.5738671893687473
2023-04-19,2.193926679574805,-0.003116449620812256,0.003542293731100857,0.0,0.9983854092463166,0.0,0.9983854092463166,0.0016145907536834203,0.0,0.0,0.0,True,0,long_only,1.3934574600379916,1.5744482644737423
2023-04-20,2.1725332610187458,-0.00975120032735366,0.003542293731100857,0.0,0.99836951001181,0.0,0.99836951001181,0.0016304899881900425,0.0,0.0,0.0,True,0,long_only,1.3859418171320064,1.5675501194663926
2023-04-21,2.161406474721749,-0.005121572358242843,0.003542293731100857,0.0,0.9983611163506129,0.0,0.9983611163506129,0.001638883649387135,0.0,0.0,0.0,True,0,long_only,1.373852407411549,1.5732450320438836
2023-04-24,2.146884294630136,-0.006718856569300602,0.003501136378298577,0.0,0.9983692011781652,0.0,0.9983692011781652,0.0016307988218348113,0.0008103497627046641,0.0,0.3752192592151223,True,0,long_only,1.3639170527836681,1.5740578140353045
2023-04-25,2.149014173581564,0.000992079059293216,0.003501136378298577,0.0,0.9983708174560508,0.0,0.9983708174560508,0.0016291825439491703,0.0,0.0,0.0,True,0,long_only,1.3627856401748726,1.5769275153983884
2023-04-26,2.169299253806202,0.009439249156198315,0.14674652807086003,0.0,0.9323530269909133,0.0,0.9323530269909133,0.06764697300908673,0.00014338878047303447,0.0,0.06684193970939056,True,0,long_only,1.3715750117410743,1.5816118223475786
2023-04-27,2.18014086563141,0.004997748377124855,0.14674652807086003,0.0,0.9326894282914331,0.0,0.9326894282914331,0.06731057170856691,0.0,0.0,0.0,True,0,long_only,1.3784688690414473,1.5815669940717814
2023-04-28,2.1842837251635783,0.001900271490470118,0.14674652807086003,0.0,0.9328170940522525,0.0,0.9328170940522525,0.06718290594774745,0.0,0.0,0.0,True,0,long_only,1.3851560292195184,1.5769225120395551
2023-05-04,2.1963253146650428,0.00551283213015874,0.0021982837924401683,0.0,0.9989991082934017,0.0,0.9989991082934017,0.0010008917065983391,0.0018772043483792622,0.0,0.8596068792443093,True,0,long_only,1.3859513048687677,1.5847059755631223
2023-05-05,2.1796188083386094,-0.007606571856583644,0.8186504590263493,0.0,0.6244065907788912,0.0,0.6244065907788912,0.37559340922110884,0.0008172694446785876,0.0,0.3726057100857969,True,0,long_only,1.3779663578408352,1.5817648928337413
2023-05-08,2.186679193450383,0.003239275181863066,0.00204934047806586,0.0,0.9990628069795495,0.0,0.9990628069795495,0.0009371930204504775,0.0014872922680399365,0.0,0.6824288790810705,True,0,long_only,1.3873886969881182,1.5761114374057137
2023-05-09,2.1677430359867222,-0.00865977849900379,0.00204934047806586,0.0,0.9990546201998831,0.0,0.9990546201998831,0.0009453798001168856,0.0,0.0,0.0,True,0,long_only,1.381056649243116,1.5696264430389206
2023-05-10,2.1665555359991124,-0.0005478047757028204,0.20868419143604694,0.0,0.9036792789436567,0.0,0.9036792789436567,0.09632072105634326,0.00020684169265063174,0.0,0.09545420309770047,True,0,long_only,1.3773486384081204,1.572989928318456
2023-05-11,2.178523971365161,0.005524176586837015,0.20868419143604694,0.0,0.904208448390276,0.0,0.904208448390276,0.09579155160972397,0.0,0.0,0.0,True,0,long_only,1.3800770404225025,1.5785524340715202
2023-05-12,2.1614170840118985,-0.00785251279220145,0.20868419143604694,0.0,0.9034502905618295,0.0,0.9034502905618295,0.09654970943817054,0.0,0.0,0.0,True,0,long_only,1.3646035583079028,1.5839157613600523
2023-05-15,2.168072958247224,0.0030794029919349875,0.0027415469819758436,0.0,0.9987354913627112,0.0,0.9987354913627112,0.0012645086372887748,0.0013620176486092983,0.0,0.6310965957373234,True,0,long_only,1.3715638297656054,1.5807306311203457
2023-05-16,2.1643719404814314,-0.00170705406924343,0.0027415469819758436,0.0,0.9987333290869748,0.0,0.9987333290869748,0.0012666709130252363,0.0,0.0,0.0,True,0,long_only,1.3724404288728096,1.577024324661609
2023-05-17,2.1688028000817563,0.0020471803008772493,0.0027415469819758436,0.0,0.99873591689301,0.0,0.99873591689301,0.0012640831069899994,0.0,0.0,0.0,True,0,long_only,1.3754124624133144,1.5768381190005725
2023-05-18,2.171233124934639,0.0011205836016030535,0.0027415469819758436,0.0,0.9987373318182687,0.0,0.9987373318182687,0.0012626681817312635,0.0,0.0,0.0,True,0,long_only,1.377939927717,1.5757095656063789
2023-05-19,2.1629787863308314,-0.0038016823292782442,0.0027415469819758436,0.0,0.9987325132362364,0.0,0.9987325132362364,0.0012674867637636478,0.0,0.0,0.0,True,0,long_only,1.3768501933804063,1.5709616025984228
2023-05-22,2.167762833867693,0.002211786619034317,0.0031223140161788033,0.0,0.9985596606937818,0.0,0.9985596606937818,0.0014403393062182301,0.0011975005704219167,0.0,0.5535174036725936,True,0,long_only,1.3786382929121863,1.5723941841834292
2023-05-23,2.154839161488511,-0.005961755676068825,0.0031223140161788033,0.0,0.998551022242411,0.0,0.998551022242411,0.0014489777575890095,0.0,0.0,0.0,True,0,long_only,1.3726559360363895,1.5698319621963779
2023-05-24,2.140836216020311,-0.0064983715343872595,0.0031223140161788033,0.0,0.9985415446577306,0.0,0.9985415446577306,0.0014584553422694047,0.0,0.0,0.0,True,0,long_only,1.3667315221243856,1.5663911904897694
2023-05-25,2.149043055234308,0.003833473645757257,0.0031223140161788033,0.0,0.9985471142569369,0.0,0.9985471142569369,0.001452885743063126,0.0,0.0,0.0,True,0,long_only,1.3654743970035017,1.573843537418444
2023-05-26,2.165473744544723,0.007645584052118348,0.0031223140161788033,0.0,0.9985581381330323,0.0,0.9985581381330323,0.0014418618669677086,0.0,0.0,0.0,True,0,long_only,1.369757093608044,1.5809180727370435
2023-05-29,2.172007671870428,0.0030173200400906985,0.0031508017491294485,0.0,0.9985493597513788,0.0,0.9985493597513788,0.0014506402486211822,0.0011715928045760316,0.0,0.5411715001912054,True,0,long_only,1.3669527896995708,1.5889412481815062
2023-05-30,2.1784159489634862,0.002950393396879525,0.0031508017491294485,0.0,0.9985536271203722,0.0,0.9985536271203722,0.0014463728796277886,0.0,0.0,0.0,True,0,long_only,1.3653984951094105,1.5954433498836749
2023-05-31,2.169103931669989,-0.0042746736673167085,0.0031508017491294485,0.0,0.9985474178055159,0.0,0.9985474178055159,0.0014525821944840756,0.0,0.0,0.0,True,0,long_only,1.3635141628190506,1.5908187760847239
2023-06-01,2.175651664060963,0.003018634697661726,0.0031508017491294485,0.0,0.9985517894242095,0.0,0.9985517894242095,0.0014482105757904762,0.0,0.0,0.0,True,0,long_only,1.3657359874599229,1.593025067829815
2023-06-02,2.185262696406233,0.004417541881373888,0.0031508017491294485,0.0,0.9985581588180172,0.0,0.9985581588180172,0.0014418411819827615,0.0,0.0,0.0,True,0,long_only,1.3763510706572089,1.5877218705273852
2023-06-05,2.1869522812771183,0.0007731724307853405,0.003460808778628159,0.0,0.9984175197564863,0.0,0.9984175197564863,0.0015824802435137064,0.0009013261155587848,0.0,0.4125394770715159,True,0,long_only,1.374517904375812,1.5910686025368612
2023-06-06,2.181232856043632,-0.0026152492134606797,0.003460808778628159,0.0,0.9984133703244753,0.0,0.9984133703244753,0.0015866296755246978,0.0,0.0,0.0,True,0,long_only,1.369090241252815,1.593198746378945
2023-06-07,2.1822410757779327,0.0004622247145722458,0.003460808778628159,0.0,0.9984141033650947,0.0,0.9984141033650947,0.0015858966349052706,0.0,0.0,0.0,True,0,long_only,1.3674868137401404,1.5958041085671615
2023-06-08,2.186078459642188,0.0017584601017959223,0.003460808778628159,0.0,0.99841688720578,0.0,0.99841688720578,0.0015831127942199652,0.0,0.0,0.0,True,0,long_only,1.3705994690933587,1.5949797945626394
2023-06-09,2.189367060122637,0.0015043378090771053,0.003460808778628159,0.0,0.9984192651649585,0.0,0.9984192651649585,0.0015807348350415085,0.0,0.0,0.0,True,0,long_only,1.374797792610273,1.592501145907264
2023-06-12,2.1907459895039043,0.0006298301488056879,0.003043251426715753,0.0,0.9986108606651358,0.0,0.9986108606651358,0.0013891393348641756,0.0013287960294678964,0.0,0.6067727584703122,True,0,long_only,1.3775051860646834,1.5903722263017555
2023-06-13,2.1896537746360027,-0.0004985584239954877,0.003043251426715753,0.0,0.998610167752561,0.0,0.998610167752561,0.001389832247439049,0.0,0.0,0.0,True,0,long_only,1.3780700452497274,1.5889277777888307
2023-06-14,2.1918318914696737,0.0009947311574556306,0.003043251426715753,0.0,0.9986115488881425,0.0,0.9986115488881425,0.0013884511118574805,0.0,0.0,0.0,True,0,long_only,1.378358743525467,1.5901752005893355
2023-06-15,2.1943355801602187,0.001142281349354013,0.003043251426715753,0.0,0.9986131330803588,0.0,0.9986131330803588,0.0013868669196411831,0.0,0.0,0.0,True,0,long_only,1.3830073956908056,1.586640524842717
2023-06-16,2.196223920684064,0.0008605522969769019,0.003043251426715753,0.0,0.9986143255257105,0.0,0.9986143255257105,0.0013856744742895,0.0,0.0,0.0,True,0,long_only,1.3854948769609967,1.5851548477042041
2023-06-19,2.1903347830484865,-0.002681483240444482,0.003050645195198684,0.0,0.998607224238592,0.0,0.998607224238592,0.0013927757614079495,0.001333906235313125,0.0,0.6074282980112784,True,0,long_only,1.3801888601771903,1.5869819314200875
2023-06-20,2.1919284048713026,0.0007275699747590902,0.003050645195198684,0.0,0.9986082368436765,0.0,0.9986082368436765,0.0013917631563235,0.0,0.0,0.0,True,0,long_only,1.378645747562499,1.5899141666716923
2023-06-21,2.1846453726854658,-0.0033226597044186956,0.003050645195198684,0.0,0.9986035970719364,0.0,0.9986035970719364,0.0013964029280636447,0.0,0.0,0.0,True,0,long_only,1.372348601134869,1.5919026484078935
2023-06-26,2.1658837135589897,-0.00858796551653307,0.0039111754532160795,0.0,0.9981941895454814,0.0,0.9981941895454814,0.0018058104545185527,0.00044797837755458837,0.0,0.2051857778953101,True,0,long_only,1.3649017443204037,1.5868422196481269
2023-06-27,2.1886150399247715,0.010495173966856175,0.0039111754532160795,0.0,0.9982129449986094,0.0,0.9982129449986094,0.0017870550013906472,0.0,0.0,0.0,True,0,long_only,1.371953165820564,1.595254921559777
2023-06-28,2.207490331653012,0.008624308699299199,0.0039111754532160795,0.0,0.9982282253303064,0.0,0.9982282253303064,0.001771774669693582,0.0,0.0,0.0,True,0,long_only,1.3712280316538008,1.6098637722499138
2023-06-29,2.2078430018314856,0.00015976068996392812,0.0039111754532160795,0.0,0.9982285083450355,0.0,0.9982285083450355,0.0017714916549644855,0.0,0.0,0.0,True,0,long_only,1.3718176267239728,1.609428949461758
2023-06-30,2.2102228323110267,0.001077898418305745,0.0039111754532160795,0.0,0.9982304157770704,0.0,0.9982304157770704,0.00176958422292961,0.0,0.0,0.0,True,0,long_only,1.3754117847178313,1.606953537019794
2023-07-03,2.220180201490342,0.00450514266423685,0.22427072576592197,0.0,0.8989853501011424,0.0,0.8989853501011424,0.10101464989885756,0.0006825880104627214,0.0,0.3088869626050822,True,0,long_only,1.3801244791063094,1.6086811263053642
2023-07-04,2.218586834551799,-0.0007176746002297563,0.22427072576592197,0.0,0.8989128023870071,0.0,0.8989128023870071,0.1010871976129929,0.0,0.0,0.0,True,0,long_only,1.3799032115311243,1.6077843837250594
2023-07-05,2.214784815102664,-0.0017137122558934514,0.22427072576592197,0.0,0.898739270634052,0.0,0.898739270634052,0.10126072936594799,0.0,0.0,0.0,True,0,long_only,1.377745767961133,1.6075424556594569
2023-07-06,2.2185383740305675,0.0016947736422556758,0.22427072576592197,0.0,0.8989105942943533,0.0,0.8989105942943533,0.10108940570564673,0.0,0.0,0.0,True,0,long_only,1.376558784322735,1.6116553824630784
2023-07-07,2.223695829978733,0.00232470892031289,0.22427072576592197,0.0,0.8991450526900224,0.0,0.8991450526900224,0.10085494730997757,0.0,0.0,0.0,True,0,long_only,1.3767390513212014,1.6151904951375797
2023-07-10,2.2172664889133555,-0.002891286199623311,0.003538098860176833,0.0,0.9984042969675193,0.0,0.9984042969675193,0.0015957030324806887,0.000682755383769483,0.0,0.30690146856794526,True,0,long_only,1.3761877460458163,1.6111656968928845
2023-07-11,2.2209897226724893,0.001679199941797993,0.22118999375748413,0.0,0.9004092673191981,0.0,0.9004092673191981,0.09959073268080187,0.00021786976466196928,0.0,0.09824625095092217,True,0,long_only,1.379365121317657,1.6101536049794118
2023-07-12,2.2156253396658365,-0.0024153119448918625,0.22118999375748413,0.0,0.9001681422406713,0.0,0.9001681422406713,0.09983185775932868,0.0,0.0,0.0,True,0,long_only,1.3773181421113874,1.608651822642334
2023-07-13,2.2218172290701688,0.0027946464113224323,0.22118999375748413,0.0,0.9004463594649268,0.0,0.9004463594649268,0.0995536405350732,0.0,0.0,0.0,True,0,long_only,1.383653239486063,1.6057615923303363
2023-07-14,2.2228870290685636,0.0004814977507590079,0.22118999375748413,0.0,0.9004942712495078,0.0,0.9004942712495078,0.09950572875049224,0.0,0.0,0.0,True,0,long_only,1.3826302581545402,1.607723406860452
2023-07-17,2.229051145398183,0.0027730227622957404,0.22669845813930684,0.0,0.8982982249611814,0.0,0.8982982249611814,0.10170177503881861,1.3219731189622697e-05,0.0,0.005930728489275421,True,0,long_only,1.379458643294305,1.6158883459347166
2023-07-18,2.226760949186425,-0.0010274309840245799,0.22669845813930684,0.0,0.8981936259380991,0.0,0.8981936259380991,0.10180637406190085,0.0,0.0,0.0,True,0,long_only,1.38072288421776,1.6127500852192964
2023-07-19,2.229495476565244,0.0012280291603901095,0.22669845813930684,0.0,0.8983184937927938,0.0,0.8983184937927938,0.10168150620720617,0.0,0.0,0.0,True,0,long_only,1.3817875438214842,1.613486448429931
2023-07-20,2.2369094524063184,0.0033254051954823005,0.22669845813930684,0.0,0.8986555053019962,0.0,0.8986555053019962,0.10134449469800377,0.0,0.0,0.0,True,0,long_only,1.3798022349041639,1.6211812068572902
2023-07-21,2.2293807496293767,-0.0033656716720663615,0.22669845813930684,0.0,0.8983132611255416,0.0,0.8983132611255416,0.10168673887445845,0.0,0.0,0.0,True,0,long_only,1.3801817443746192,1.615280566284799
2023-07-24,2.22665157221979,-0.001224186317227649,0.2260556667199873,0.0,0.8984773057714511,0.0,0.8984773057714511,0.10152269422854887,0.00046232785715665604,0.0,0.20758542178095676,True,0,long_only,1.3761830021774357,1.617990898519106
2023-07-25,2.234234486192386,0.003405523372943531,0.2260556667199873,0.0,0.8988218702571212,0.0,0.8988218702571212,0.10117812974287876,0.0,0.0,0.0,True,0,long_only,1.3879749035808753,1.609708129756685
2023-07-26,2.2331717545203915,-0.0004756580737439453,0.2260556667199873,0.0,0.8987737211603161,0.0,0.8987737211603161,0.10122627883968394,0.0,0.0,0.0,True,0,long_only,1.3873598949300923,1.6096556940136424
2023-07-27,2.235157453870859,0.0008891834434354706,0.2260556667199873,0.0,0.8988636499283292,0.0,0.8988636499283292,0.10113635007167077,0.0,0.0,0.0,True,0,long_only,1.387062047765333,1.6114329257814206
2023-07-28,2.245543488199563,0.004646667871526233,0.2260556667199873,0.0,0.8993314233690327,0.0,0.8993314233690327,0.10066857663096729,0.0,0.0,0.0,True,0,long_only,1.3987668652992127,1.6053736644091972
2023-07-31,2.247342556563933,0.0008011728001813267,0.2275093964306878,0.0,0.8987651456311415,0.0,0.8987651456311415,0.10123485436885848,0.0009095688552910778,0.0,0.4050020906276365,True,0,long_only,1.4006657680424563,1.6044816742432249
2023-08-01,2.253108937855484,0.002565866638670089,0.2275093964306878,0.0,0.8990242359753665,0.0,0.8990242359753665,0.10097576402463349,0.0,0.0,0.0,True,0,long_only,1.3959788260823307,1.613999364287351
2023-08-02,2.2449101288266484,-0.0036388870911138183,0.2275093964306878,0.0,0.8986554546174191,0.0,0.8986554546174191,0.10134454538258086,0.0,0.0,0.0,True,0,long_only,1.3958920810605122,1.608226136737666
2023-08-03,2.2430944909595922,-0.0008087797563661736,0.2275093964306878,0.0,0.8985734228550667,0.0,0.8985734228550667,0.1014265771449333,0.0,0.0,0.0,True,0,long_only,1.4012543465694038,1.6007761163783067
2023-08-04,2.243620704980144,0.00023459289061267263,0.2275093964306878,0.0,0.8985972112284009,0.0,0.8985972112284009,0.10140278877159914,0.0,0.0,0.0,True,0,long_only,1.4040420469385446,1.5979725891202943
2023-08-07,2.2324017696061143,-0.0050003707619237225,0.22775590397218592,0.0,0.8979771889303011,0.0,0.8979771889303011,0.1020228110696989,0.0004589488341753122,0.0,0.20453676292005132,True,0,long_only,1.3976130887394798,1.5972959809782106
2023-08-08,2.226026699601015,-0.0028557001216784617,0.22775590397218592,0.0,0.8976850079951836,0.0,0.8976850079951836,0.10231499200481642,0.0,0.0,0.0,True,0,long_only,1.3960367690461233,1.5945330015354846
2023-08-09,2.2206887261574266,-0.0023979826677483773,0.22775590397218592,0.0,0.8974390686594407,0.0,0.8974390686594407,0.10256093134055932,0.0,0.0,0.0,True,0,long_only,1.3931497862887294,1.5940057185618304
2023-08-10,2.2420965844609664,0.009640188672719763,0.22775590397218592,0.0,0.8984183350750068,0.0,0.8984183350750068,0.10158166492499321,0.0,0.0,0.0,True,0,long_only,1.3946244516596424,1.6076704963782962
2023-08-11,2.23130711976398,-0.00481222119143454,0.22775590397218592,0.0,0.8979271378848658,0.0,0.8979271378848658,0.10207286211513422,0.0,0.0,0.0,True,0,long_only,1.3892377891133643,1.6061376513433594
2023-08-14,2.231500610867792,8.671648205571536e-05,0.003978557597504174,0.0,0.9982170932070877,0.0,0.9982170932070877,0.0017829067929122644,0.0002459754584569766,0.0,0.11038919049336501,True,0,long_only,1.3854081319391782,1.6107171305139694
2023-08-15,2.2283724911775296,-0.0014018009562837275,0.003978557597504174,0.0,0.9982145904182287,0.0,0.9982145904182287,0.0017854095817713134,0.0,0.0,0.0,True,0,long_only,1.3833086313329797,1.6109004460054819
2023-08-16,2.229835384769229,0.0006564852139805399,0.003978557597504174,0.0,0.9982157617442617,0.0,0.9982157617442617,0.0017842382557382575,0.0,0.0,0.0,True,0,long_only,1.3818458256330184,1.6136643780414142
2023-08-17,2.2452671063886056,0.006920565403519152,0.003978557597504174,0.0,0.998228024814427,0.0,0.998228024814427,0.0017719751855730381,0.0,0.0,0.0,True,0,long_only,1.3862999791947488,1.6196112963175542
2023-08-18,2.253836712699821,0.003816742465442946,0.003978557597504174,0.0,0.9982347622722242,0.0,0.9982347622722242,0.0017652377277758147,0.0,0.0,0.0,True,0,long_only,1.3844559697856247,1.6279583907957833
2023-08-21,2.2287139793524906,-0.011146651931690621,0.0035528281443785235,0.0,0.9984058842106736,0.0,0.9984058842106736,0.0015941157893264446,0.0009419724334507947,0.0,0.4183500479149506,True,0,long_only,1.3799211704614227,1.6151023892236147
2023-08-22,2.232175647841193,0.0015532134319486968,0.0035528281443785235,0.0,0.9984083563729339,0.0,0.9984083563729339,0.0015916436270660972,0.0,0.0,0.0,True,0,long_only,1.3756350853794654,1.622651000665233
2023-08-23,2.2166353561031156,-0.006961948426015052,0.0035528281443785235,0.0,0.9983971977463066,0.0,0.9983971977463066,0.0016028022536933584,0.0,0.0,0.0,True,0,long_only,1.368174674655341,1.6201406130116476
2023-08-24,2.2094007434877816,-0.0032637811155610263,0.0035528281443785235,0.0,0.9983919494211947,0.0,0.9983919494211947,0.001608050578805309,0.0,0.0,0.0,True,0,long_only,1.3713954224380909,1.6110603166225173
2023-08-25,2.202294583046353,-0.0032163293428654205,0.0035528281443785235,0.0,0.9983867607123367,0.0,0.9983867607123367,0.0016132392876633261,0.0,0.0,0.0,True,0,long_only,1.3668917971061048,1.6111696534494606
2023-08-28,2.20805352290842,0.0026149725410944402,0.0034357514041488176,0.0,0.9984439908867683,0.0,0.9984439908867683,0.0015560091132317266,0.0010316399844888292,0.0,0.46102574458422735,True,0,long_only,1.369786234513811,1.6119694206827404
2023-08-29,2.2194684446400266,0.005169676193614414,0.0034357514041488176,0.0,0.998451993578712,0.0,0.998451993578712,0.0015480064212880507,0.0,0.0,0.0,True,0,long_only,1.3781225666496566,1.6105014882934248
2023-08-30,2.221736519992656,0.0010219002473799144,0.0034357514041488176,0.0,0.9984535738719548,0.0,0.9984535738719548,0.0015464261280452307,0.0,0.0,0.0,True,0,long_only,1.3784356619627824,1.6117810800317516
2023-08-31,2.2307566033803474,0.004059924886017141,0.0034357514041488176,0.0,0.9984598268592177,0.0,0.9984598268592177,0.0015401731407822528,0.0,0.0,0.0,True,0,long_only,1.3774777393976236,1.619450202045273
2023-09-01,2.243127768210588,0.0055457259709525975,0.0034357514041488176,0.0,0.9984683211305035,0.0,0.9984683211305035,0.0015316788694964556,0.0,0.0,0.0,True,0,long_only,1.3813273885885569,1.6238929212158897
2023-09-04,2.252190763474426,0.004040338402599319,0.0029864430159152835,0.0,0.9986739830993232,0.0,0.9986739830993232,0.0013260169006767963,0.0014942664660355994,0.0,0.6658012875499545,True,0,long_only,1.3881931215263872,1.6223900900748094
2023-09-05,2.251752352607571,-0.00019465973929266855,0.0029864430159152835,0.0,0.9986737249269633,0.0,0.9986737249269633,0.0013262750730367312,0.0,0.0,0.0,True,0,long_only,1.3854359174539794,1.6253024223203512
2023-09-06,2.2514777188663038,-0.00012196445179657456,0.0029864430159152835,0.0,0.9986735631488198,0.0,0.9986735631488198,0.0013264368511801683,0.0,0.0,0.0,True,0,long_only,1.383916863028933,1.6268879865648642
2023-09-07,2.2212524239900713,-0.013424647565000836,0.0029864430159152835,0.0,0.9986555138967274,0.0,0.9986555138967274,0.0013444861032726463,0.0,0.0,0.0,True,0,long_only,1.3689076023201583,1.622645984451599
2023-09-08,2.2175121740717554,-0.0016838473097070539,0.0029864430159152835,0.0,0.998653246168912,0.0,0.998653246168912,0.0013467538310879545,0.0,0.0,0.0,True,0,long_only,1.3652392366709158,1.6242663662956793
2023-09-11,2.2278412887565473,0.004657974285582345,0.0035932982400273777,0.0,0.9983870941533574,0.0,0.9983870941533574,0.0016129058466426427,0.0008306601861858943,0.0,0.374900044880873,True,0,long_only,1.3679530682324144,1.6285948257239762
2023-09-12,2.2309169095571417,0.0013805385581622254,0.0035932982400273777,0.0,0.9983893177622915,0.0,0.9983893177622915,0.0016106822377085495,0.0,0.0,0.0,True,0,long_only,1.3679035964621586,1.6309021449515995
2023-09-13,2.221151947892975,-0.004377106839942857,0.0035932982400273777,0.0,0.9983822366392195,0.0,0.9983822366392195,0.0016177633607804554,0.0,0.0,0.0,True,0,long_only,1.3618466930832365,1.6309853077986787
2023-09-14,2.2171632791339833,-0.0017957658244747154,0.0035932982400273777,0.0,0.9983793262887563,0.0,0.9983793262887563,0.0016206737112437475,0.0,0.0,0.0,True,0,long_only,1.3595398176592535,1.6308189361833603
2023-09-15,2.223123005103328,0.0026879959746008986,0.0035932982400273777,0.0,0.99838367097467,0.0,0.99838367097467,0.0016163290253300433,0.0,0.0,0.0,True,0,long_only,1.3606949496099523,1.6338144017809382
2023-09-18,2.227510856661389,0.001973733143864953,0.003650640918446019,0.0,0.9983611119525955,0.0,0.9983611119525955,0.0016388880474045298,0.0007831206601484829,0.0,0.352615004404269,True,0,long_only,1.362506768483636,1.6348622320169721
2023-09-19,2.2248661602726507,-0.0011872877659964143,0.003650640918446019,0.0,0.9983591638078585,0.0,0.9983591638078585,0.0016408361921415038,0.0,0.0,0.0,True,0,long_only,1.3596651913236002,1.6363338375286338
2023-09-20,2.2251533671730668,0.0001290895180772189,0.003650640918446019,0.0,0.9983593755952722,0.0,0.9983593755952722,0.0016406244047277863,0.0,0.0,0.0,True,0,long_only,1.3580058539335818,1.6385447534910966
2023-09-21,2.212381670879002,-0.0057396925903991924,0.003650640918446019,0.0,0.9983499045546712,0.0,0.9983499045546712,0.001650095445328792,0.0,0.0,0.0,True,0,long_only,1.3544808208789847,1.6333798432400732
2023-09-22,2.2251822667650716,0.005785889502955444,0.003650640918446019,0.0,0.9983593969029092,0.0,0.9983593969029092,0.001640603097090798,0.0,0.0,0.0,True,0,long_only,1.3626260428886363,1.6330102293127313
2023-09-25,2.2277801287098487,0.0011674827647056851,0.003125629803301359,0.0,0.9985969756337169,0.0,0.9985969756337169,0.0014030243662831454,0.0013134172357574686,0.0,0.5906799436943287,True,0,long_only,1.36137061200646,1.6364244306893247
2023-09-26,2.2435768161449534,0.007090774907061004,0.003125629803301359,0.0,0.9986068541175818,0.0,0.9986068541175818,0.0013931458824182341,0.0,0.0,0.0,True,0,long_only,1.3614576958760196,1.6479225340169978
2023-09-27,2.2604099666310544,0.007502818876076844,0.003125629803301359,0.0,0.9986172287994466,0.0,0.9986172287994466,0.001382771200553412,0.0,0.0,0.0,True,0,long_only,1.3634904434771473,1.6578113748025987
2023-09-28,2.251076572940237,-0.004129071198853418,0.003125629803301359,0.0,0.9986114955657778,0.0,0.9986114955657778,0.0013885044342222264,0.0,0.0,0.0,True,0,long_only,1.3682583700474862,1.6452130841794974
2023-10-09,2.2531170130531906,0.0009064285673270334,0.0039336767267924766,0.0,0.9982541178713741,0.0,0.9982541178713741,0.0017458821286259196,0.0005585643820994276,0.0,0.24825861637279834,True,0,long_only,1.3651867152709867,1.6504094186163771
2023-10-10,2.242872764355886,-0.004546700698612516,0.0039336767267924766,0.0,0.9982461436113064,0.0,0.9982461436113064,0.001753856388693631,0.0,0.0,0.0,True,0,long_only,1.361555622873307,1.6472869170212268
2023-10-11,2.2270594265974495,-0.0070504836519238445,0.0039336767267924766,0.0,0.9982336902734551,0.0,0.9982336902734551,0.0017663097265449013,0.0,0.0,0.0,True,0,long_only,1.3580089035632552,1.6399446430387226
2023-10-12,2.2278014597453213,0.0003331896486504782,0.0039336767267924766,0.0,0.9982342785935502,0.0,0.9982342785935502,0.0017657214064498161,0.0,0.0,0.0,True,0,long_only,1.3612116924157067,1.6366311516114738
2023-10-13,2.2180791939606324,-0.00436406293844549,0.0039336767267924766,0.0,0.9982265390985574,0.0,0.9982265390985574,0.0017734609014425917,0.0,0.0,0.0,True,0,long_only,1.3582867587112673,1.632997730217977
2023-10-16,2.2248225397475725,0.003040173590420414,0.003547517577408451,0.0,0.9984054829030046,0.0,0.9984054829030046,0.0015945170969954292,0.0008791985907972644,0.0,0.3964750455532258,True,0,long_only,1.3513661324393176,1.6463506716211693
2023-10-17,2.2091452703583543,-0.007046525783129143,0.003547517577408451,0.0,0.9983941673619169,0.0,0.9983941673619169,0.0016058326380831156,0.0,0.0,0.0,True,0,long_only,1.3483212466343948,1.6384413402019
2023-10-18,2.1872986230057987,-0.009889185489830643,0.003547517577408451,0.0,0.9983781283725524,0.0,0.9983781283725524,0.0016218716274476463,0.0,0.0,0.0,True,0,long_only,1.3379382741400214,1.634827753478923
2023-10-19,2.1584886192002255,-0.01317149999664069,0.003547517577408451,0.0,0.9983564807588734,0.0,0.9983564807588734,0.0016435192411266009,0.0,0.0,0.0,True,0,long_only,1.325836665900871,1.628020007829237
2023-10-20,2.137823434852375,-0.009573913971113401,0.003547517577408451,0.0,0.998340593746156,0.0,0.998340593746156,0.0016594062538439758,0.0,0.0,0.0,True,0,long_only,1.3218853623874942,1.617253277539281
2023-10-23,2.1095159454567454,-0.013241266296430299,0.0031112981564967775,0.0,0.9985251127571719,0.0,0.9985251127571719,0.0014748872428280713,0.001146387201744573,0.0,0.5375171672766789,True,0,long_only,1.3075819215242184,1.613295435438363
2023-10-24,2.143270213428824,0.01600095417376446,0.14834183255793304,0.0,0.930787153375022,0.0,0.930787153375022,0.06921284662497795,0.000145375910311748,0.0,0.06887056203503629,True,0,long_only,1.3216047964575504,1.6217179441037732
2023-10-25,2.1496321419853,0.002968327799553583,0.14834183255793304,0.0,0.93099199176426,0.0,0.93099199176426,0.06900800823574005,0.0,0.0,0.0,True,0,long_only,1.3278680581110323,1.6188597420162918
2023-10-26,2.160971451277292,0.005274999880453768,0.14834183255793304,0.0,0.9313540988844382,0.0,0.9313540988844382,0.06864590111556179,0.0,0.0,0.0,True,0,long_only,1.3302515131245896,1.6244833626999216
2023-10-27,2.1799352871877744,0.008775606868509644,0.14834183255793304,0.0,0.9319512678060726,0.0,0.9319512678060726,0.06804873219392737,0.0,0.0,0.0,True,0,long_only,1.3409648621669041,1.625646837356464
2023-10-30,2.1936583531642073,0.006295171263609678,0.0038185800928236566,0.0,0.9982592639882525,0.0,0.9982592639882525,0.0017407360117475124,0.00040138957894586655,0.0,0.18359597012972212,True,0,long_only,1.3425703227660277,1.633924358349235
2023-10-31,2.171627364961978,-0.010043035265929534,0.0038185800928236566,0.0,0.9982416043588167,0.0,0.9982416043588167,0.0017583956411832968,0.0,0.0,0.0,True,0,long_only,1.3353779406054125,1.6262267774001418
2023-11-01,2.1618594760793552,-0.004497958093650056,0.0038185800928236566,0.0,0.998233659432967,0.0,0.998233659432967,0.0017663405670329535,0.0,0.0,0.0,True,0,long_only,1.3309712257274893,1.624272136234737
2023-11-02,2.168094480582068,0.0028840933334020047,0.0038185800928236566,0.0,0.9982387390738625,0.0,0.9982387390738625,0.0017612609261374867,0.0,0.0,0.0,True,0,long_only,1.328818187178137,1.6315960313473796
2023-11-03,2.180218641276803,0.005592081343005262,0.0038185800928236566,0.0,0.9982485334174616,0.0,0.9982485334174616,0.0017514665825384412,0.0,0.0,0.0,True,0,long_only,1.3332655637850377,1.6352470959253844
2023-11-06,2.1890835503697925,0.0040660642584899875,0.0032441151827422438,0.0,0.9985180487139496,0.0,0.9985180487139496,0.0014819512860504425,0.0011197484823608388,0.0,0.5122308660429914,True,0,long_only,1.3428024334689401,1.6302350187991579
2023-11-07,2.191603388922372,0.0011510929092466426,0.0032441151827422438,0.0,0.998519752616217,0.0,0.998519752616217,0.001480247383783051,0.0,0.0,0.0,True,0,long_only,1.3445844337413737,1.6299485059663568
2023-11-08,2.1901773945473293,-0.0006506626072264599,0.0032441151827422438,0.0,0.9985187888475068,0.0,0.9985187888475068,0.0014812111524932225,0.0,0.0,0.0,True,0,long_only,1.3430562304273075,1.6307413978121388
2023-11-09,2.1985397231334867,0.0038181056050419215,0.0032441151827422438,0.0,0.9985244227572478,0.0,0.9985244227572478,0.0014755772427521574,0.0,0.0,0.0,True,0,long_only,1.342495437415161,1.637651541942334
2023-11-10,2.1978583322199525,-0.00030992886158220934,0.0032441151827422438,0.0,0.9985239652914911,0.0,0.9985239652914911,0.0014760347085088776,0.0,0.0,0.0,True,0,long_only,1.340402036068309,1.6397008308542633
2023-11-13,2.2000829491233684,0.0010121748389346763,0.003614432976417884,0.0,0.9983571378625257,0.0,0.9983571378625257,0.0016428621374743324,0.0007756673372204516,0.0,0.35275769016146685,True,0,long_only,1.340411862652812,1.641348461934065
2023-11-14,2.205061935842927,0.002263090453722416,0.003614432976417884,0.0,0.9983608474130973,0.0,0.9983608474130973,0.0016391525869027257,0.0,0.0,0.0,True,0,long_only,1.3438433737307611,1.6408623050476943
2023-11-15,2.211524384941261,0.0029307335967700965,0.003614432976417884,0.0,0.9983656372947868,0.0,0.9983656372947868,0.0016343627052132215,0.0,0.0,0.0,True,0,long_only,1.3480210275354452,1.6405711333632076
2023-11-16,2.2004114459526702,-0.005025013092444741,0.003614432976417884,0.0,0.9983573831234763,0.0,0.9983573831234763,0.0016426168765236726,0.0,0.0,0.0,True,0,long_only,1.341076681921592,1.640779737367263
2023-11-17,2.1951921820985896,-0.0023719490569279467,0.003614432976417884,0.0,0.9983534776563561,0.0,0.9983534776563561,0.0016465223436439302,0.0,0.0,0.0,True,0,long_only,1.3390595213165726,1.6393537009768329
2023-11-20,2.203853558453269,0.003945611880960431,0.003850987511042011,0.0,0.9982526118869056,0.0,0.9982526118869056,0.0017473881130943836,0.0005336979618460301,0.0,0.242993982722322,True,0,long_only,1.342903071248159,1.641111414247419
2023-11-21,2.2006234985240134,-0.0014656418149318062,0.003850987511042011,0.0,0.9982500470827359,0.0,0.9982500470827359,0.001749952917264097,0.0,0.0,0.0,True,0,long_only,1.3408493150870602,1.6412161111341053
2023-11-22,2.184525393647816,-0.007315247195621932,0.003850987511042011,0.0,0.9982371514095282,0.0,0.9982371514095282,0.0017628485904718216,0.0,0.0,0.0,True,0,long_only,1.330459565637857,1.6419329456288267
2023-11-23,2.187232414719095,0.0012391804092324321,0.003850987511042011,0.0,0.9982393331933421,0.0,0.9982393331933421,0.0017606668066578735,0.0,0.0,0.0,True,0,long_only,1.3298991114734524,1.6446604075821707
2023-11-24,2.176967642530613,-0.004693041361038985,0.003850987511042011,0.0,0.9982310313503028,0.0,0.9982310313503028,0.0017689686496972223,0.0,0.0,0.0,True,0,long_only,1.3251403337921333,1.6428204523069787
2023-11-27,2.187468524132787,0.004823627782527318,0.003329091509427686,0.0,0.9984781076972307,0.0,0.9984781076972307,0.0015218923027693343,0.001014547080843929,0.0,0.466261931650651,True,0,long_only,1.3255926955270065,1.6501814859979524
2023-11-28,2.1947805966913148,0.003342709839185831,0.003329091509427686,0.0,0.9984831779930775,0.0,0.9984831779930775,0.0015168220069224914,0.0,0.0,0.0,True,0,long_only,1.327910414078717,1.6528077296645183
2023-11-29,2.1887051600466636,-0.0027681293764897363,0.003329091509427686,0.0,0.998478967578549,0.0,0.998478967578549,0.001521032421450963,0.0,0.0,0.0,True,0,long_only,1.3242301887585228,1.6528132182959774
2023-11-30,2.182185880074971,-0.0029786012710607546,0.003329091509427686,0.0,0.9984744234944305,0.0,0.9984744234944305,0.0015255765055695036,0.0,0.0,0.0,True,0,long_only,1.321828435966926,1.650884351325585
2023-12-01,2.1814475401078157,-0.00033834879690930464,0.003329091509427686,0.0,0.9984739071427483,0.0,0.9984739071427483,0.001526092857251693,0.0,0.0,0.0,True,0,long_only,1.324856040537033,1.646554397882778
2023-12-04,2.1859978415643075,0.002085909183159762,0.00378307523044577,0.0,0.9982694057795873,0.0,0.9982694057795873,0.0017305942204126623,0.0005747986449609212,0.0,0.2633332421300875,True,0,long_only,1.3238903244738203,1.6511925505861913
2023-12-05,2.177430151488786,-0.0039193497416220024,0.00378307523044577,0.0,0.9982625962867929,0.0,0.9982625962867929,0.0017374037132070752,0.0,0.0,0.0,True,0,long_only,1.3174932179624543,1.6527069147697413
2023-12-06,2.1769211542366014,-0.0002337605419108213,0.00378307523044577,0.0,0.9982621900553985,0.0,0.9982621900553985,0.0017378099446014872,0.0,0.0,0.0,True,0,long_only,1.319078347697089,1.6503349918806383
2023-12-07,2.177920988905478,0.0004592884160874444,0.00378307523044577,0.0,0.9982629878449599,0.0,0.9982629878449599,0.0017370121550400741,0.0,0.0,0.0,True,0,long_only,1.3198275400534973,1.6501557383907892
2023-12-08,2.1813063661275436,0.0015544077307263482,0.00378307523044577,0.0,0.9982656836796558,0.0,0.9982656836796558,0.0017343163203441536,0.0,0.0,0.0,True,0,long_only,1.3220476704556623,1.6499453195781706
2023-12-11,2.182347322428556,0.0004772169178877128,0.0033275248606075476,0.0,0.9984752542244721,0.0,0.9984752542244721,0.0015247457755278582,0.0010244226755695817,0.0,0.4699097605242413,True,0,long_only,1.3242637346849293,1.6479703138195376
2023-12-12,2.1820952243636014,-0.00011551693095024351,0.0033275248606075476,0.0,0.9984750780701709,0.0,0.9984750780701709,0.001524921929829115,0.0,0.0,0.0,True,0,long_only,1.3245629372406544,1.6474077320246998
2023-12-13,2.1751128696563313,-0.0031998395987995476,0.0033275248606075476,0.0,0.9984701829008381,0.0,0.9984701829008381,0.0015298170991618898,0.0,0.0,0.0,True,0,long_only,1.31985566441604,1.6479929800647508
2023-12-14,2.174536038269356,-0.00026519607098207665,0.0033275248606075476,0.0,0.998469777091735,0.0,0.998469777091735,0.0015302229082649887,0.0,0.0,0.0,True,0,long_only,1.3177453206821141,1.650194467883775
2023-12-15,2.165292657182363,-0.0042507371339538524,0.0033275248606075476,0.0,0.9984632447491244,0.0,0.9984632447491244,0.0015367552508755988,0.0,0.0,0.0,True,0,long_only,1.3145838712541231,1.647131616727244
2023-12-18,2.162228587575367,-0.001415083359209146,0.00358066813302823,0.0,0.9983439918639483,0.0,0.9983439918639483,0.001656008136051712,0.0007405120176143504,0.0,0.34213042016998996,True,0,long_only,1.3088078726528865,1.6520595824294977
2023-12-19,2.1517132668030765,-0.004863186451568358,0.00358066813302823,0.0,0.9983358990306602,0.0,0.9983358990306602,0.0016641009693397768,0.0,0.0,0.0,True,0,long_only,1.3048769000039984,1.648977973934923
2023-12-20,2.1489796242644976,-0.0012704492651292032,0.00358066813302823,0.0,0.9983337821854622,0.0,0.9983337821854622,0.001666217814537796,0.0,0.0,0.0,True,0,long_only,1.3016761442379958,1.650932633110915
2023-12-21,2.1596346059496607,0.00495815854410897,0.00358066813302823,0.0,0.9983420027984531,0.0,0.9983420027984531,0.0016579972015469124,0.0,0.0,0.0,True,0,long_only,1.3053431544962724,1.6544573727688154
2023-12-22,2.159304179028878,-0.00015300130858830752,0.00358066813302823,0.0,0.998341749083893,0.0,0.998341749083893,0.0016582509161070513,0.0,0.0,0.0,True,0,long_only,1.305348576060136,1.6541973681437572
2023-12-25,2.1546073291477312,-0.00217516824482733,0.0038068843231931822,0.0,0.9982331424052572,0.0,0.9982331424052572,0.0017668575947428211,0.0005083191117275357,0.0,0.2351642077546937,True,0,long_only,1.3034093504356565,1.6530549887704635
2023-12-26,2.1413978190974086,-0.006130820159953698,0.0038068843231931822,0.0,0.998222243298633,0.0,0.998222243298633,0.0017777567013670392,0.0,0.0,0.0,True,0,long_only,1.2978037922483836,1.6500166141351291
2023-12-27,2.1529907306303184,0.005413712216161937,0.0038068843231931822,0.0,0.9982318157393651,0.0,0.9982318157393651,0.001768184260634853,0.0,0.0,0.0,True,0,long_only,1.3028631278763938,1.6525072239473022
2023-12-28,2.169510241420911,0.0076728202103109044,0.0038068843231931822,0.0,0.998245279395086,0.0,0.998245279395086,0.0017547206049139952,0.0,0.0,0.0,True,0,long_only,1.3166515201726225,1.6477482524278502
2023-12-29,2.191360794189702,0.010071652279677545,0.0038068843231931822,0.0,0.9982627761100377,0.0,0.9982627761100377,0.001737223889962336,0.0,0.0,0.0,True,0,long_only,1.3241973205275994,1.654859710270822
2024-01-02,2.202863543039427,0.005249135094606228,0.0033087353466891363,0.0,0.998497984427068,0.0,0.998497984427068,0.0015020155729319473,0.0010671547442659955,0.0,0.48683257648178657,True,0,long_only,1.325904096601425,1.6614048849278285
2024-01-03,2.195313231877947,-0.0034274983511063395,0.0033087353466891363,0.0,0.9984928185651853,0.0,0.9984928185651853,0.0015071814348146528,0.0,0.0,0.0,True,0,long_only,1.3196493061414798,1.6635580541445663
2024-01-04,2.1910817130074407,-0.0019275239674506617,0.0033087353466891363,0.0,0.9984899078263275,0.0,0.9984899078263275,0.0015100921736724837,0.0,0.0,0.0,True,0,long_only,1.316682355317097,1.66409286504015
2024-01-05,2.180226121686925,-0.004954443851213242,0.0033087353466891363,0.0,0.9984823889073812,0.0,0.9984823889073812,0.0015176110926188313,0.0,0.0,0.0,True,0,long_only,1.3136266263844472,1.659700007518619
2024-01-08,2.1547155161209264,-0.01170089896283788,0.0033817244034884354,0.0,0.9984305471519617,0.0,0.9984305471519617,0.001569452848038333,0.0009672472086905941,0.0,0.44403465975026873,True,0,long_only,1.3040670539018657,1.6523042351801291
2024-01-09,2.165530132714623,0.005019046139866035,0.0033817244034884354,0.0,0.9984383849698507,0.0,0.9984383849698507,0.0015616150301492882,0.0,0.0,0.0,True,0,long_only,1.3065755437320286,1.657409051549461
2024-01-10,2.157009583189063,-0.003934625243417145,0.0033817244034884354,0.0,0.9984322163286411,0.0,0.9984322163286411,0.0015677836713589022,0.0,0.0,0.0,True,0,long_only,1.3053140135905053,1.65248328044515
2024-01-11,2.169491456858925,0.0057866565671014225,0.0033817244034884354,0.0,0.9984412363585038,0.0,0.9984412363585038,0.001558763641496208,0.0,0.0,0.0,True,0,long_only,1.3103469190946802,1.6556618901793037
2024-01-12,2.1735936172075907,0.0018908395954713164,0.0033817244034884354,0.0,0.9984441781680271,0.0,0.9984441781680271,0.0015558218319728923,0.0,0.0,0.0,True,0,long_only,1.3135632618567907,1.6547308228878919
2024-01-15,2.168516745433652,-0.0023357042152437613,0.0035839697941479824,0.0,0.9983472713311091,0.0,0.9983472713311091,0.0016527286688908793,0.0007418174000306831,0.0,0.34236451196854856,True,0,long_only,1.3115250926917996,1.6534313811586678
2024-01-16,2.162920974975863,-0.002580459878657626,0.0035839697941479824,0.0,0.9983429954974716,0.0,0.9983429954974716,0.0016570045025283697,0.0,0.0,0.0,True,0,long_only,1.3085381498506699,1.6529292441513417
2024-01-17,2.1362916049716247,-0.012311762802399762,0.0035839697941479824,0.0,0.9983223405522882,0.0,0.9983223405522882,0.00167765944771181,0.0,0.0,0.0,True,0,long_only,1.2971366010454133,1.646928783946042
2024-01-18,2.1338177733265105,-0.001158002792950752,0.0035839697941479824,0.0,0.9983203955656621,0.0,0.9983203955656621,0.0016796044343379002,0.0,0.0,0.0,True,0,long_only,1.2953562950116868,1.6472825133468463
2024-01-19,2.128372193475303,-0.002552036035728511,0.0035839697941479824,0.0,0.9983160981875562,0.0,0.9983160981875562,0.001683901812443822,0.0,0.0,0.0,True,0,long_only,1.2941486416610588,1.644611851343062
2024-01-22,2.0730627647491713,-0.025986727742303484,0.003135325445043054,0.0,0.9984875877863628,0.0,0.9984875877863628,0.001512412213637182,0.0011204308740405918,0.0,0.5255802201536418,True,0,long_only,1.276195471774322,1.62440849430922
2024-01-23,2.0866426230128625,0.006550625718915182,0.003135325445043054,0.0,0.9984974305564045,0.0,0.9984974305564045,0.0015025694435955028,0.0,0.0,0.0,True,0,long_only,1.2779717116351506,1.6327768478873657
2024-01-24,2.0863401559882737,-0.00014495391843960537,0.003135325445043054,0.0,0.9984972127214998,0.0,0.9984972127214998,0.0015027872785001728,0.0,0.0,0.0,True,0,long_only,1.2779544304003352,1.6325622466324574
2024-01-25,2.1215000212483606,0.0168524126610754,0.003135325445043054,0.0,0.9985221185889039,0.0,0.9985221185889039,0.0014778814110960603,0.0,0.0,0.0,True,0,long_only,1.2937111892268105,1.6398559731993043
2024-01-26,2.1251844185829563,0.0017366944603789403,0.003135325445043054,0.0,0.998524680767642,0.0,0.998524680767642,0.0014753192323579967,0.0,0.0,0.0,True,0,long_only,1.296531418979133,1.6391306739456346
2024-01-29,2.0985592791680783,-0.012528390092673147,0.0033963634844182875,0.0,0.9983815737214892,0.0,0.9983815737214892,0.0016184262785108317,0.0008502021112553112,0.0,0.39972383952106927,True,0,long_only,1.2872737598342086,1.6302354205047707
2024-01-30,2.0782572862227613,-0.009674252782301718,0.0033963634844182875,0.0,0.9983657637064797,0.0,0.9983657637064797,0.0016342362935203303,0.0,0.0,0.0,True,0,long_only,1.2787795246508344,1.6251881158249082
2024-01-31,2.0616915999625935,-0.007970950646960517,0.0033963634844182875,0.0,0.9983526326224156,0.0,0.9983526326224156,0.0016473673775844189,0.0,0.0,0.0,True,0,long_only,1.2715830763173215,1.621358162404563
2024-02-01,2.0632198879701877,0.0007412786702054586,0.0033963634844182875,0.0,0.9983538528761665,0.0,0.9983538528761665,0.0016461471238334857,0.0,0.0,0.0,True,0,long_only,1.2721513239797804,1.6218352715427278
2024-02-02,2.048679813011015,-0.007047273557195699,0.0033963634844182875,0.0,0.9983421696924779,0.0,0.9983421696924779,0.0016578303075220902,0.0,0.0,0.0,True,0,long_only,1.2677876427650248,1.6159487156247057
2024-02-05,2.033434345982996,-0.007441605531130935,0.0027232019762524723,0.0,0.9986607868694497,0.0,0.9986607868694497,0.0013392131305502986,0.001362290116734587,0.0,0.665672507987758,True,0,long_only,1.2566483621116722,1.6181410864738746
2024-02-06,2.100986522419607,0.03322073150286786,0.0027232019762524723,0.0,0.9987038460517509,0.0,0.9987038460517509,0.0012961539482491125,0.0,0.0,0.0,True,0,long_only,1.2748173780097303,1.6480686243073561
2024-02-07,2.10828263024889,0.0034727056796539646,0.0027232019762524723,0.0,0.9987083316358155,0.0,0.9987083316358155,0.001291668364184484,0.0,0.0,0.0,True,0,long_only,1.2769768546661708,1.650995178608809
2024-02-08,2.1245710682066905,0.007725927123859,0.0027232019762524723,0.0,0.9987182344629446,0.0,0.9987182344629446,0.0012817655370553904,0.0,0.0,0.0,True,0,long_only,1.2851505398861065,1.653169027493834
2024-02-19,2.135449985056919,0.005120523861511073,0.0025827262661439745,0.0,0.9987905470583639,0.0,0.9987905470583639,0.0012094529416361022,0.0016743221913454358,0.0,0.7853240707478089,True,0,long_only,1.289835787607525,1.6555983370704086
2024-02-20,2.1573367141587054,0.010249235175228355,0.0025827262661439745,0.0,0.9988028172657549,0.0,0.9988028172657549,0.0011971827342450725,0.0,0.0,0.0,True,0,long_only,1.2996471239620246,1.6599403594892594
2024-02-21,2.1707528204313586,0.006218828143331745,0.0025827262661439745,0.0,0.9988102163259516,0.0,0.9988102163259516,0.001189783674048428,0.0,0.0,0.0,True,0,long_only,1.3074934822636928,1.6602398787281796
2024-02-22,2.1815695035869807,0.00498291793234773,0.0025827262661439745,0.0,0.9988161155251312,0.0,0.9988161155251312,0.0011838844748688349,0.0,0.0,0.0,True,0,long_only,1.3102676287231743,1.664980081750833
2024-02-23,2.1757465530735374,-0.0026691565425116526,0.0025827262661439745,0.0,0.9988129470951038,0.0,0.9988129470951038,0.0011870529048961798,0.0,0.0,0.0,True,0,long_only,1.3122925828262477,1.6579736725995151
2024-02-26,2.16653975733102,-0.004231557085319526,0.0032771701056680323,0.0,0.9984873713512161,0.0,0.9984873713512161,0.0015126286487838758,0.0010700782559005285,0.0,0.4915178815736591,True,0,long_only,1.3091572246743504,1.6549118138731895
2024-02-27,2.1696938011798563,0.0014557978168479035,0.0032771701056680323,0.0,0.9984895702315755,0.0,0.9984895702315755,0.001510429768424526,0.0,0.0,0.0,True,0,long_only,1.3125355366568876,1.6530552816163788
2024-02-28,2.1295680630066203,-0.01849373314862046,0.0032771701056680323,0.0,0.9984611104183064,0.0,0.9984611104183064,0.00153888958169357,0.0,0.0,0.0,True,0,long_only,1.297819718092233,1.6408812667271224
2024-02-29,2.151368004265535,0.010236790097301052,0.0032771701056680323,0.0,0.9984767040789068,0.0,0.9984767040789068,0.0015232959210932373,0.0,0.0,0.0,True,0,long_only,1.3062495722047265,1.6469808297310238
2024-03-01,2.1567972696586963,0.0025236339772631844,0.0032771701056680323,0.0,0.9984805386432138,0.0,0.9984805386432138,0.001519461356786156,0.0,0.0,0.0,True,0,long_only,1.3094408402339677,1.6471131825041634
2024-03-04,2.1524939642355423,-0.001995229446778324,0.00366041984616419,0.0,0.9982994517490023,0.0,0.9982994517490023,0.0017005482509977465,0.0006474808597717507,0.0,0.30007322154106914,True,0,long_only,1.3071481964151264,1.646709967652321
2024-03-05,2.139191053171497,-0.006180231529136937,0.00366041984616419,0.0,0.9982888766102788,0.0,0.9982888766102788,0.0017111233897212363,0.0,0.0,0.0,True,0,long_only,1.3017798316468883,1.6432817602229983
2024-03-06,2.1422615139290118,0.0014353373220044041,0.00366041984616419,0.0,0.9982913291293505,0.0,0.9982913291293505,0.0017086708706495202,0.0,0.0,0.0,True,0,long_only,1.3028248380816068,1.6443204422502913
2024-03-07,2.1417621464871566,-0.0002331029328624945,0.10711055042686395,0.0,0.9499895211975136,0.0,0.9499895211975136,0.050010478802486436,0.00010355368426496472,0.0,0.04834347175090247,True,0,long_only,1.3011997243134776,1.6459903168340784
2024-03-08,2.14297833348052,0.0005678440976082388,0.10711055042686395,0.0,0.9500179032361469,0.0,0.9500179032361469,0.04998209676385312,0.0,0.0,0.0,True,0,long_only,1.3034418798188385,1.6440919742262432
2024-03-11,2.1508710983656636,0.003683081980733194,0.0030545224963208165,0.0,0.9985798672460466,0.0,0.9985798672460466,0.0014201327539533626,0.0011185905293878886,0.0,0.5221694490697052,True,0,long_only,1.3084785126481697,1.6437955056767528
2024-03-12,2.1515696383221288,0.0003247707205680239,0.0030545224963208165,0.0,0.9985803283138431,0.0,0.9985803283138431,0.0014196716861568648,0.0,0.0,0.0,True,0,long_only,1.3077977675355401,1.6451852814954884
2024-03-13,2.155789490751401,0.001961290192104892,0.0030545224963208165,0.0,0.9985831072516936,0.0,0.9985831072516936,0.0014168927483063642,0.0,0.0,0.0,True,0,long_only,1.3081213671286516,1.648004187473365
2024-03-14,2.1523643292167085,-0.0015888200352522919,0.0030545224963208165,0.0,0.9985808524816835,0.0,0.9985808524816835,0.0014191475183165103,0.0,0.0,0.0,True,0,long_only,1.306607734267469,1.6472918939389265
2024-03-15,2.1614987807185413,0.004243915111321828,0.0030545224963208165,0.0,0.9985868497712937,0.0,0.9985868497712937,0.0014131502287062503,0.0,0.0,0.0,True,0,long_only,1.3108653561391417,1.6489098369986286
2024-03-18,2.17485457746377,0.006178951783071929,0.003212679876731927,0.0,0.9985228070372971,0.0,0.9985228070372971,0.001477192962702878,0.0011045765567093415,0.0,0.5108307593006545,True,0,long_only,1.3170205253630922,1.6513444821706023
2024-03-19,2.179510786381643,0.002140928853874291,0.003212679876731927,0.0,0.9985259628459718,0.0,0.9985259628459718,0.0014740371540281627,0.0,0.0,0.0,True,0,long_only,1.3182590138581949,1.6533251534558389
2024-03-20,2.1912956416707967,0.005407110330808873,0.003212679876731927,0.0,0.9985338902630765,0.0,0.9985338902630765,0.0014661097369235154,0.0,0.0,0.0,True,0,long_only,1.3229395177112326,1.656383842446459
2024-03-21,2.185766046684917,-0.0025234363089698952,0.003212679876731927,0.0,0.9985301812691233,0.0,0.9985301812691233,0.0014698187308767041,0.0,0.0,0.0,True,0,long_only,1.324261362750739,1.6505548739598288
2024-03-22,2.1799849509554052,-0.0026448831238272685,0.003212679876731927,0.0,0.9985262834611204,0.0,0.9985262834611204,0.0014737165388796214,0.0,0.0,0.0,True,0,long_only,1.3199047973385543,1.6516228710973018
2024-03-25,2.186849054568755,0.0031486931184279143,0.003486083036256532,0.0,0.998405887672506,0.0,0.998405887672506,0.0015941123274939573,0.000873147100500422,0.0,0.39990230431725515,True,0,long_only,1.316512253750875,1.66109282183907
2024-03-26,2.181648138313163,-0.0023782694304969043,0.003486083036256532,0.0,0.9984020874058308,0.0,0.9984020874058308,0.001597912594169193,0.0,0.0,0.0,True,0,long_only,1.3134788887691626,1.6609693212180565
2024-03-27,2.151726469279678,-0.013715167220604507,0.003486083036256532,0.0,0.9983798670109666,0.0,0.9983798670109666,0.001620132989033407,0.0,0.0,0.0,True,0,long_only,1.3059869652050808,1.647586481800597
2024-03-28,2.1628845124095184,0.005185623400160155,0.003486083036256532,0.0,0.9983882250687658,0.0,0.9983882250687658,0.0016117749312342111,0.0,0.0,0.0,True,0,long_only,1.3095082709345218,1.6516768625416856
2024-03-29,2.1754096221653425,0.005790928588170763,0.003486083036256532,0.0,0.9983975050028571,0.0,0.9983975050028571,0.0016024949971429336,0.0,0.0,0.0,True,0,long_only,1.3134253508260092,1.6562872193666995
2024-04-01,2.197223817856509,0.010027626737006523,0.0036264448402677516,0.0,0.9983495332561043,0.0,0.9983495332561043,0.0016504667438956844,0.0007188708332192892,0.0,0.3302763822572257,True,0,long_only,1.3211463354633304,1.6631191858742396
2024-04-02,2.182834464573354,-0.006548879165706567,0.0036264448402677516,0.0,0.9983386532972959,0.0,0.9983386532972959,0.001661346702704125,0.0,0.0,0.0,True,0,long_only,1.3217593110276642,1.6514613866243215
2024-04-03,2.1877288572105007,0.002242218874853208,0.0036264448402677516,0.0,0.9983423700664205,0.0,0.9983423700664205,0.0016576299335795408,0.0,0.0,0.0,True,0,long_only,1.3235128480898137,1.6529713786821065
2024-04-08,2.179338177758865,-0.003835337923152937,0.003651929961103481,0.0,0.9983242940456084,0.0,0.9983242940456084,0.001675705954391593,0.0007118142181886763,0.0,0.32564385583361627,True,0,long_only,1.3197638366780995,1.6513092094145798
2024-04-09,2.189290874903305,0.004566843845536184,0.003651929961103481,0.0,0.998331911943284,0.0,0.998331911943284,0.0016680880567160328,0.0,0.0,0.0,True,0,long_only,1.324926859715002,1.6523862120013417
2024-04-10,2.189048350626998,-0.00011077754860577826,0.003651929961103481,0.0,0.9983317271361057,0.0,0.9983317271361057,0.00166827286389426,0.0,0.0,0.0,True,0,long_only,1.3226999523580076,1.6549848260934246
2024-04-11,2.201013637544734,0.005465976534647421,0.003651929961103481,0.0,0.9983407963045712,0.0,0.9983407963045712,0.0016592036954288236,0.0,0.0,0.0,True,0,long_only,1.3258661456543794,1.6600571971452116
2024-04-12,2.2062467037709914,0.0023775710140965245,0.003651929961103481,0.0,0.9983447318222113,0.0,0.9983447318222113,0.0016552681777887157,0.0,0.0,0.0,True,0,long_only,1.327975472845081,1.661361033306048
2024-04-15,2.186163031966827,-0.009103094304837689,0.0034586145795211343,0.0,0.9984179521248195,0.0,0.9984179521248195,0.001582047875180459,0.0009516759005682114,0.0,0.43078312894938875,True,0,long_only,1.3225850829736465,1.6529469900352627
2024-04-16,2.1500839418641107,-0.01650338496038739,0.0034586145795211343,0.0,0.9983914048599783,0.0,0.9983914048599783,0.0016085951400216514,0.0,0.0,0.0,True,0,long_only,1.3127415560837064,1.63785775798737
2024-04-17,2.1886020939971864,0.01791472015724227,0.0034586145795211343,0.0,0.9984197152195882,0.0,0.9984197152195882,0.0015802847804118336,0.0,0.0,0.0,True,0,long_only,1.3249929350245901,1.651783972687046
2024-04-18,2.186069934319501,-0.001156975808727534,0.0034586145795211343,0.0,0.998417884750518,0.0,0.998417884750518,0.0015821152494820412,0.0,0.0,0.0,True,0,long_only,1.3280835652746124,1.6460334209974807
2024-04-19,2.1829912883883353,-0.0014083016663071213,0.0034586145795211343,0.0,0.9984156535127199,0.0,0.9984156535127199,0.0015843464872801194,0.0,0.0,0.0,True,0,long_only,1.3254381809568925,1.6469959291593195
2024-04-22,2.1640113787544073,-0.008694450470272175,0.0032594935786025452,0.0,0.9984937724401067,0.0,0.9984937724401067,0.0015062275598932695,0.001095510176006711,0.0,0.5022030868404151,True,0,long_only,1.3203846057404873,1.638925029378697
2024-04-23,2.1616540565574405,-0.0010893298529341955,0.0032594935786025452,0.0,0.9984921298721621,0.0,0.9984921298721621,0.0015078701278379292,0.0,0.0,0.0,True,0,long_only,1.3191535718956973,1.6386674778517432
2024-04-24,2.1743319444303877,0.005864901386273269,0.11003565314235203,0.0,0.9493933511742716,0.0,0.9493933511742716,0.050606648825728406,0.00010688304260635585,0.0,0.04942402118777467,True,0,long_only,1.3227141839631495,1.643841103990886
2024-04-25,2.178150711392588,0.001756294374454681,0.22004030100442484,0.0,0.898978385722564,0.0,0.898978385722564,0.10102161427743594,0.0001101147626246975,0.0,0.05064902765304022,True,0,long_only,1.3245707307387085,1.6444200833109464
2024-04-26,2.200311203404091,0.010173993881871679,0.22004030100442484,0.0,0.8999958275611188,0.0,0.8999958275611188,0.10000417243888116,0.0,0.0,0.0,True,0,long_only,1.3316380780827182,1.652334248786338
2024-04-29,2.203524727016545,0.0014604859564786299,0.003065243215795272,0.0,0.9986089363199725,0.0,0.9986089363199725,0.0013910636800275045,0.001106704789280923,0.0,0.5034870092610314,True,0,long_only,1.334766659279786,1.6508688703728365
2024-04-30,2.2109066196448266,0.0033500384805196237,0.4894359055418923,0.0,0.7786266044919987,0.0,0.7786266044919987,0.22137339550800128,0.000486857519845943,0.0,0.22108108623790476,True,0,long_only,1.3379281087077772,1.6524853654358198
2024-05-06,2.2322934269398926,0.009673320033073862,0.002958826542455936,0.0,0.9986745351185701,0.0,0.9986745351185701,0.0013254648814299275,0.0009799004707647604,0.0,0.442183211975193,True,0,long_only,1.3497511841034326,1.6538555055409605
2024-05-07,2.2401476331369126,0.0035184470384732602,0.4511534148900317,0.0,0.7986054989338919,0.0,0.7986054989338919,0.20139450106610812,0.0004486432315791548,0.0,0.20085810053577657,True,0,long_only,1.354831867139156,1.6534506513100973
2024-05-08,2.229572993394285,-0.004720510195937333,0.4511534148900317,0.0,0.7976503051361421,0.0,0.7976503051361421,0.2023496948638579,0.0,0.0,0.0,True,0,long_only,1.35229050907807,1.6487381804626482
2024-05-09,2.244926330382423,0.006886223072142705,0.4511534148900317,0.0,0.7990342004616349,0.0,0.7990342004616349,0.20096579953836513,0.0,0.0,0.0,True,0,long_only,1.363051635651933,1.6469855372050515
2024-05-10,2.248279781827979,0.0014937913107306855,0.4511534148900317,0.0,0.7993339536580192,0.0,0.7993339536580192,0.20066604634198082,0.0,0.0,0.0,True,0,long_only,1.3637791417528866,1.6485658953092872
2024-05-13,2.244386254519404,-0.0017317805995696878,0.0026865310510359123,0.0,0.9988029996861608,0.0,0.9988029996861608,0.0011970003138391805,0.00134899472072155,0.0,0.6007928835875078,True,0,long_only,1.3619713890521006,1.647895302765092
2024-05-14,2.243845045988962,-0.00024113876537623646,0.0026865310510359123,0.0,0.9988027109733632,0.0,0.9988027109733632,0.0011972890266368497,0.0,0.0,0.0,True,0,long_only,1.3639346728662252,1.6451264790223852
2024-05-15,2.2391677261449803,-0.0020845110727868432,0.0026865310510359123,0.0,0.9988002099978186,0.0,0.9988002099978186,0.0011997900021814,0.0,0.0,0.0,True,0,long_only,1.3608620015465012,1.6454039598433647
2024-05-16,2.2464985877086,0.0032739224837974312,0.0026865310510359123,0.0,0.9988041251992167,0.0,0.9988041251992167,0.0011958748007833142,0.0,0.0,0.0,True,0,long_only,1.3618941317670437,1.649539810259547
2024-05-17,2.2489333884942755,0.0010838203055179019,0.0026865310510359123,0.0,0.9988054199093755,0.0,0.9988054199093755,0.001194580090624453,0.0,0.0,0.0,True,0,long_only,1.3634951873455279,1.6493885782409923
2024-05-20,2.258854817167736,0.0044116151790976055,0.0038294965810405936,0.0,0.9983046734336639,0.0,0.9983046734336639,0.0016953265663360861,0.0006618729884305738,0.0,0.2942607554242675,True,0,long_only,1.369120737549548,1.6498580112157486
2024-05-21,2.255784933828332,-0.0013590441121192898,0.0038294965810405936,0.0,0.9983023662745447,0.0,0.9983023662745447,0.0016976337254552831,0.0,0.0,0.0,True,0,long_only,1.3666576533167434,1.6505852276565123
2024-05-22,2.251021590114755,-0.0021116125221622983,0.0038294965810405936,0.0,0.9982987739443026,0.0,0.9982987739443026,0.0017012260556974468,0.0,0.0,0.0,True,0,long_only,1.3682712462616624,1.6451574176281998
2024-05-23,2.2295694231311427,-0.009529969449346254,0.0038294965810405936,0.0,0.9982824053194708,0.0,0.9982824053194708,0.001717594680529233,0.0,0.0,0.0,True,0,long_only,1.3603591514981477,1.6389564628397904
2024-05-24,2.2224484434839797,-0.0031938811024607716,0.0038294965810405936,0.0,0.9982769019491685,0.0,0.9982769019491685,0.0017230980508314842,0.0,0.0,0.0,True,0,long_only,1.358771988677064,1.635630158705151
2024-05-27,2.227931130564746,0.002466958051081436,0.004100511852171851,0.0,0.9981594979324463,0.0,0.9981594979324463,0.0018405020675537065,0.00033373061750370585,0.0,0.15024429987205243,True,0,long_only,1.3631383806737514,1.6344130296320745
2024-05-28,2.221682485175357,-0.0028046851644848436,0.004100511852171851,0.0,0.9981543213850164,0.0,0.9981543213850164,0.0018456786149836368,0.0,0.0,0.0,True,0,long_only,1.3617877335762196,1.631445511218514
2024-05-29,2.221940331654126,0.00011605910407497255,0.004100511852171851,0.0,0.998154535567965,0.0,0.998154535567965,0.0018454644320350377,0.0,0.0,0.0,True,0,long_only,1.3606542878809749,1.632994031948028
2024-05-30,2.2212228927531723,-0.00032288846407479976,0.004100511852171851,0.0,0.9981539394963244,0.0,0.9981539394963244,0.0018460605036756395,0.0,0.0,0.0,True,0,long_only,1.3607159581699242,1.6323927704504728
2024-05-31,2.2201688620101803,-0.0004745272284156776,0.004100511852171851,0.0,0.998153063074464,0.0,0.998153063074464,0.001846936925535947,0.0,0.0,0.0,True,0,long_only,1.359647232393302,1.6329006591674193
2024-06-03,2.1938395120026155,-0.011859165515782255,0.0034837865135785634,0.0,0.9984120139624988,0.0,0.9984120139624988,0.00158798603750121,0.0009500342536671827,0.0,0.42771648475193497,True,0,long_only,1.3481023509934,1.6273538210106986
2024-06-04,2.195504766810532,0.0007590595386790522,0.0034837865135785634,0.0,0.9984132184241897,0.0,0.9984132184241897,0.00158678157581027,0.0,0.0,0.0,True,0,long_only,1.3511614684034647,1.624901847892943
2024-06-05,2.1932560594122066,-0.0010242325283549292,0.0034837865135785634,0.0,0.9984115915245608,0.0,0.9984115915245608,0.0015884084754391736,0.0,0.0,0.0,True,0,long_only,1.348179608278457,1.6268277950093464
2024-06-06,2.183281340063798,-0.004547904612232756,0.0034837865135785634,0.0,0.9984043345904854,0.0,0.9984043345904854,0.0015956654095146128,0.0,0.0,0.0,True,0,long_only,1.3434794512564134,1.6250947031768943
2024-06-07,2.1874148243720013,0.0018932440049537202,0.0034837865135785634,0.0,0.9984073498658039,0.0,0.9984073498658039,0.001592650134196072,0.0,0.0,0.0,True,0,long_only,1.345440701984089,1.6257980163274928
2024-06-11,2.1961526177746356,0.003994575379703047,0.003659754076134211,0.0,0.9983335611348164,0.0,0.9983335611348164,0.0016664388651835838,0.0007077613275782725,0.0,0.3235209184489597,True,0,long_only,1.3472806452203154,1.6300632133073563
2024-06-12,2.208387204651096,0.0055709183311942745,0.003659754076134211,0.0,0.998342793298011,0.0,0.998342793298011,0.0016572067019889891,0.0,0.0,0.0,True,0,long_only,1.3508734478232083,1.6347846707696283
2024-06-13,2.203624841367784,-0.0021564892575370864,0.003659754076134211,0.0,0.9983392118261551,0.0,0.9983392118261551,0.0016607881738448516,0.0,0.0,0.0,True,0,long_only,1.3460584214168037,1.6370945022195562
2024-06-14,2.206245473506968,0.0011892369744559428,0.003659754076134211,0.0,0.9983411845508211,0.0,0.9983411845508211,0.0016588154491788965,0.0,0.0,0.0,True,0,long_only,1.3468201511396467,1.6381143923634467
2024-06-17,2.20076415008238,-0.0024844576410055774,0.003705621718860166,0.0,0.998316211340174,0.0,0.998316211340174,0.001683788659825991,0.0006931643986643641,0.0,0.31458535641838903,True,0,long_only,1.3427898961025055,1.6389489945301006
2024-06-18,2.199611579752049,-0.0005237136974843848,0.003705621718860166,0.0,0.9983153290549244,0.0,0.9983153290549244,0.001684670945075628,0.0,0.0,0.0,True,0,long_only,1.344334364108163,1.6362086981323878
2024-06-19,2.181900992284595,-0.008051688593788131,0.003705621718860166,0.0,0.998301654505881,0.0,0.998301654505881,0.001698345494118958,0.0,0.0,0.0,True,0,long_only,1.338333370606585,1.6303120285311816
2024-06-20,2.1426195389331584,-0.018003316140530412,0.003705621718860166,0.0,0.9982705180964114,0.0,0.9982705180964114,0.00172948190358857,0.0,0.0,0.0,True,0,long_only,1.3247997918119476,1.617315727384488
2024-06-21,2.133720895890774,-0.004153160596498395,0.003705621718860166,0.0,0.998263305324517,0.0,0.998263305324517,0.001736694675482986,0.0,0.0,0.0,True,0,long_only,1.317159114089357,1.6199416403582814
2024-06-24,2.0881361093631603,-0.021363987490305214,0.00286942303050808,0.0,0.998625844829922,0.0,0.998625844829922,0.0013741551700779953,0.0013942177704922597,0.0,0.6527832595952917,True,0,long_only,1.2984540410642802,1.608170981278333
2024-06-25,2.095706895800575,0.0036256192321311165,0.00286942303050808,0.0,0.9986308089951615,0.0,0.9986308089951615,0.0013691910048384548,0.0,0.0,0.0,True,0,long_only,1.3038017361202883,1.6073815809117973
2024-06-26,2.1642350808493322,0.03269931744084831,0.00286942303050808,0.0,0.9986741629613627,0.0,0.9986741629613627,0.001325837038637312,0.0,0.0,0.0,True,0,long_only,1.3220700344065996,1.637004867008223
2024-06-27,2.14023518937194,-0.011089318202888387,0.00286942303050808,0.0,0.9986592954621262,0.0,0.9986592954621262,0.001340704537873827,0.0,0.0,0.0,True,0,long_only,1.3185155215984938,1.6232157713071436
2024-06-28,2.148237516903689,0.003738994467284318,0.00286942303050808,0.0,0.9986642896756388,0.0,0.9986642896756388,0.0013357103243611945,0.0,0.0,0.0,True,0,long_only,1.3232726050411057,1.6234277870786549
2024-07-01,2.1571066705320714,0.004128572170718714,0.0033017186940831416,0.0,0.9984693762532992,0.0,0.9984693762532992,0.0015306237467007655,0.000985909609633192,0.0,0.4591193869438687,True,0,long_only,1.3298994503211938,1.6220073404881044
2024-07-02,2.1618040623918273,0.0021776354057618796,0.0033017186940831416,0.0,0.99847270215117,0.0,0.99847270215117,0.0015272978488299893,0.0,0.0,0.0,True,0,long_only,1.3305120870377865,1.6247909984830016
2024-07-03,2.1494707133449635,-0.005705118822479149,0.0033017186940831416,0.0,0.9984639387391583,0.0,0.9984639387391583,0.0015360612608417146,0.0,0.0,0.0,True,0,long_only,1.3237154790392176,1.6238162561225753
2024-07-04,2.1267935616824896,-0.010550109625445558,0.0033017186940831416,0.0,0.9984475603304578,0.0,0.9984475603304578,0.001552439669542216,0.0,0.0,0.0,True,0,long_only,1.3147207657416802,1.6176770133258607
2024-07-05,2.1396982846489356,0.006067689501672691,0.0033017186940831416,0.0,0.998456923241108,0.0,0.998456923241108,0.0015430767588919814,0.0,0.0,0.0,True,0,long_only,1.3173732658619712,1.6242156570931385
2024-07-08,2.1109881273567748,-0.013417853114216838,0.003492236021469767,0.0,0.998345686564404,0.0,0.998345686564404,0.0016543134355959666,0.0007522984157019526,0.0,0.35384954825413645,True,0,long_only,1.3057640033911881,1.616668955396493
2024-07-09,2.143349590786506,0.015330007312855942,0.003492236021469767,0.0,0.9983706642927119,0.0,0.9983706642927119,0.001629335707288071,0.0,0.0,0.0,True,0,long_only,1.312955369008579,1.6324618805625992
2024-07-10,2.1498998902792845,0.003056104109631086,0.003492236021469767,0.0,0.9983756285410033,0.0,0.9983756285410033,0.0016243714589967428,0.0,0.0,0.0,True,0,long_only,1.309985368554523,1.641163284633895
2024-07-11,2.1709148340169158,0.009774847579019807,0.003492236021469767,0.0,0.9983913528219769,0.0,0.9983913528219769,0.0016086471780231149,0.0,0.0,0.0,True,0,long_only,1.3182034428285927,1.646873891755722
2024-07-12,2.1498374413198422,-0.009708991051516014,0.003492236021469767,0.0,0.9983755813558974,0.0,0.9983755813558974,0.0016244186441025654,0.0,0.0,0.0,True,0,long_only,1.3148342797350754,1.6350634254478145
2024-07-15,2.1327485987616264,-0.007948899870180215,0.003538198551036342,0.0,0.9983410147107395,0.0,0.9983410147107395,0.0016589852892604506,0.0007519516233178697,0.0,0.3499131792898828,True,0,long_only,1.309232110025217,1.6290072496927588
2024-07-16,2.129387506201668,-0.0015759440948219794,0.003538198551036342,0.0,0.9983383961159105,0.0,0.9983383961159105,0.0016616038840895353,0.0,0.0,0.0,True,0,long_only,1.3075866653925994,1.6284867095691322
2024-07-17,2.0766727138438026,-0.024755847493393324,0.003538198551036342,0.0,0.998296217537097,0.0,0.998296217537097,0.0017037824629030363,0.0,0.0,0.0,True,0,long_only,1.2986468454291813,1.5991050385661212
2024-07-18,2.063681062994128,-0.006255993427884743,0.003538198551036342,0.0,0.9982854915837126,0.0,0.9982854915837126,0.001714508416287397,0.0,0.0,0.0,True,0,long_only,1.2976374180073178,1.5903372038725305
2024-07-19,2.063562822154112,-5.729608229509964e-05,0.003538198551036342,0.0,0.9982853933434684,0.0,0.9982853933434684,0.0017146066565315587,0.0,0.0,0.0,True,0,long_only,1.2986082167866526,1.5890572656781004
2024-07-22,2.0502382167461835,-0.006457087356332214,0.0033693451342165386,0.0,0.9983566079752606,0.0,0.9983566079752606,0.0016433920247393985,0.0007381268467252132,0.0,0.3587391220569053,True,0,long_only,1.291623887139305,1.5873337719752623
2024-07-23,2.018053009209351,-0.01569827704602611,0.0033693451342165386,0.0,0.998330398102111,0.0,0.998330398102111,0.001669601897889006,0.0,0.0,0.0,True,0,long_only,1.2788059547746695,1.5780760182376066
2024-07-24,1.9861684947328875,-0.015799641699677514,0.0033693451342165386,0.0,0.9983035955191356,0.0,0.9983035955191356,0.0016964044808643886,0.0,0.0,0.0,True,0,long_only,1.2654722961475044,1.5695076856122483
2024-07-25,1.9811966156566012,-0.0025032514056441135,0.0033693451342165386,0.0,0.9982993383354333,0.0,0.9982993383354333,0.0017006616645667272,0.0,0.0,0.0,True,0,long_only,1.2646478795924883,1.566599404962438
2024-07-26,2.0122785865327106,0.01568848373275067,0.0033693451342165386,0.0,0.9983256070224241,0.0,0.9983256070224241,0.0016743929775758781,0.0,0.0,0.0,True,0,long_only,1.2785599513143566,1.5738633018061399
2024-07-29,2.00856504831905,-0.0018454394130682505,0.0033410359087434802,0.0,0.9983366055724511,0.0,0.9983366055724511,0.0016633944275489254,0.000683991515568561,0.0,0.3392460164258766,True,0,long_only,1.277940876490676,1.5717198543916402
2024-07-30,2.005266407470136,-0.0016422872894629181,0.0033410359087434802,0.0,0.9983338693071917,0.0,0.9983338693071917,0.0016661306928082986,0.0,0.0,0.0,True,0,long_only,1.275909823128256,1.5716364676569814
2024-07-31,2.0315789962465574,0.013121742167723882,0.0033410359087434802,0.0,0.9983554486855218,0.0,0.9983554486855218,0.0016445513144781598,0.0,0.0,0.0,True,0,long_only,1.2896534875226096,1.575290584565601
2024-08-01,2.034990592949389,0.0016792833107326377,0.0033410359087434802,0.0,0.9983582057232504,0.0,0.9983582057232504,0.0016417942767495974,0.0,0.0,0.0,True,0,long_only,1.2903599850635916,1.5770719927037264
2024-08-02,2.0224518752581417,-0.0061615605176210675,0.0033410359087434802,0.0,0.9983480269915856,0.0,0.9983480269915856,0.0016519730084143536,0.0,0.0,0.0,True,0,long_only,1.2866519742285962,1.5718717382536094
2024-08-05,1.9952140721835243,-0.013467713821937566,0.004007843422461273,0.0,0.997991271473905,0.0,0.997991271473905,0.002008728526095016,1.7015283889565317e-05,0.0,0.008439650849552704,True,0,long_only,1.2763303331754303,1.5632426969118223
2024-08-06,2.007118780241016,0.005966631963688851,0.004007843422461273,0.0,0.9980031857297553,0.0,0.9980031857297553,0.0019968142702446734,0.0,0.0,0.0,True,0,long_only,1.2783102205288872,1.5701343445494724
2024-08-07,2.0105019216632276,0.0016855711059637901,0.004007843422461273,0.0,0.998006545838491,0.0,0.998006545838491,0.0019934541615089785,0.0,0.0,0.0,True,0,long_only,1.2795310889414329,1.5712802440201223
2024-08-08,2.0135224788177792,0.001502389588393438,0.004007843422461273,0.0,0.9980095362904443,0.0,0.9980095362904443,0.00199046370955569,0.0,0.0,0.0,True,0,long_only,1.2782986997056769,1.5751580434849732
2024-08-09,2.003265479713377,-0.005094057410486297,0.004007843422461273,0.0,0.9979993448381915,0.0,0.9979993448381915,0.0020006551618084734,0.0,0.0,0.0,True,0,long_only,1.2774742831506607,1.5681454461632547
2024-08-12,1.9938845944303731,-0.004682796852440108,0.003635661917916234,0.0,0.9981765936062338,0.0,0.9981765936062338,0.0018234063937662137,0.0003593931826334356,0.0,0.17955931825955915,True,0,long_only,1.2733169602104653,1.5658980888001413
2024-08-13,1.9937912795066417,-4.680056408079558e-05,0.003635661917916234,0.0,0.9981765082657921,0.0,0.9981765082657921,0.001823491734207927,0.0,0.0,0.0,True,0,long_only,1.2723085493318262,1.5670658509319253
2024-08-14,1.9783281286252963,-0.007755651777738626,0.003635661917916234,0.0,0.9981622553582946,0.0,0.9981622553582946,0.0018377446417053855,0.0,0.0,0.0,True,0,long_only,1.2676087311575244,1.5606772657827737
2024-08-15,1.965318700114573,-0.006575971054793239,0.003635661917916234,0.0,0.9981500904063527,0.0,0.9981500904063527,0.001849909593647281,0.0,0.0,0.0,True,0,long_only,1.2624945021953946,1.5566948582326605
2024-08-16,1.916357517793762,-0.024912591692104025,0.003635661917916234,0.0,0.998102826907736,0.0,0.998102826907736,0.001897173092264004,0.0,0.0,0.0,True,0,long_only,1.2478505193519334,1.5357268263101058
2024-08-19,1.9144585983609121,-0.0009909004010044686,0.003266294528734859,0.0,0.9982938808227395,0.0,0.9982938808227395,0.00170611917726049,0.0005940964615695836,0.0,0.3071943182064445,True,0,long_only,1.2530369228829978,1.5278548966906018
2024-08-20,1.8865183813080297,-0.014594317723456651,0.003266294528734859,0.0,0.9982686124020322,0.0,0.9982686124020322,0.0017313875979677595,0.0,0.0,0.0,True,0,long_only,1.2414767933347293,1.5195760335081698
2024-08-21,1.884976066991276,-0.0008175453428045376,0.003266294528734859,0.0,0.9982671957559925,0.0,0.9982671957559925,0.0017328042440074576,0.0,0.0,0.0,True,0,long_only,1.240319967145323,1.519749836269806
2024-08-22,1.8652018859077915,-0.01049041493404601,0.003266294528734859,0.0,0.9982488252057792,0.0,0.9982488252057792,0.0017511747942208222,0.0,0.0,0.0,True,0,long_only,1.2345920849233765,1.510783933159229
2024-08-23,1.8770927812135714,0.0063751250712427154,0.003266294528734859,0.0,0.9982599184433371,0.0,0.9982599184433371,0.0017400815566629424,0.0,0.0,0.0,True,0,long_only,1.235338905345594,1.5194962071468496
2024-08-26,1.9123616741415672,0.018789104769341147,0.0034116524934862083,0.0,0.9982160003833911,0.0,0.9982160003833911,0.0017839996166089112,0.0003425789065381575,0.0,0.18216217008721658,True,0,long_only,1.2452241105077362,1.535757023980051
2024-08-27,1.9162069764474465,0.0020107610175807977,0.0034116524934862083,0.0,0.9982195803817544,0.0,0.9982195803817544,0.001780419618245599,0.0,0.0,0.0,True,0,long_only,1.2416102993448717,1.5433240022723087
2024-08-28,1.9147650153599576,-0.0007525080042044552,0.0034116524934862083,0.0,0.9982182395927863,0.0,0.9982182395927863,0.0017817604072136728,0.0,0.0,0.0,True,0,long_only,1.2411074492965182,1.5427874648929716
2024-08-29,1.9351565682131993,0.01064963726079382,0.0034116524934862083,0.0,0.998237014746235,0.0,0.998237014746235,0.0017629852537649482,0.0,0.0,0.0,True,0,long_only,1.246494450690538,1.5524790881669417
2024-08-30,1.969860844842725,0.017933575608080954,0.14850303599222087,0.0,0.9246124230647991,0.0,0.9246124230647991,0.07538757693520093,0.0001452366201188535,0.0,0.07505431816714284,True,0,long_only,1.2581108289638918,1.565729186565376
2024-09-02,1.9499653980716842,-0.010099924988675624,0.002542237203724508,0.0,0.9986962654792549,0.0,0.9986962654792549,0.001303734520745059,0.001241955995601916,0.0,0.6309981813219442,True,0,long_only,1.2508347514111315,1.5589312624004308
2024-09-03,1.9546285107278834,0.0023913822577623645,0.23191770788697794,0.0,0.8813494704420257,0.0,0.8813494704420257,0.11865052955797428,0.00022960507575901245,0.0,0.1179321834959201,True,0,long_only,1.2525618583494456,1.5605045752419613
2024-09-04,1.9601282608634019,0.002813706085495804,0.23191770788697794,0.0,0.8816823814453744,0.0,0.8816823814453744,0.11831761855462564,0.0,0.0,0.0,True,0,long_only,1.2531639907860523,1.564143460293575
2024-09-05,1.9840565454563759,0.01220750961594419,0.23191770788697794,0.0,0.8831093254786084,0.0,0.8831093254786084,0.11689067452139157,0.0,0.0,0.0,True,0,long_only,1.2611031933688852,1.5732705744374558
2024-09-06,1.9808675379604483,-0.0016073168394472592,0.23191770788697794,0.0,0.8829211426596619,0.0,0.8829211426596619,0.11707885734033807,0.0,0.0,0.0,True,0,long_only,1.2574978533995578,1.5752452639225674
2024-09-09,1.9686258060415227,-0.006179985124866061,0.003460571573614594,0.0,0.9982421384688779,0.0,0.9982421384688779,0.001757861531122118,0.00025909672072980163,0.0,0.13101223637939485,True,0,long_only,1.2509489431000096,1.5737059589043012
2024-09-10,1.9523878863096122,-0.00824835257268175,0.003460571573614594,0.0,0.9982275184158432,0.0,0.9982275184158432,0.001772481584156771,0.0,0.0,0.0,True,0,long_only,1.2449306683636163,1.5682703751494083
2024-09-11,1.9467876780995723,-0.0028683891399394756,0.003460571573614594,0.0,0.9982224196235961,0.0,0.9982224196235961,0.0017775803764038534,0.0,0.0,0.0,True,0,long_only,1.241329733414928,1.568308263062315
2024-09-12,1.9392336453523626,-0.003880255064375504,0.003460571573614594,0.0,0.9982154952901584,0.0,0.9982154952901584,0.0017845047098415945,0.0,0.0,0.0,True,0,long_only,1.2401146254139872,1.563753547947222
2024-09-13,1.9262137563683779,-0.006713935174953556,0.003460571573614594,0.0,0.9982034332575118,0.0,0.9982034332575118,0.0017965667424881815,0.0,0.0,0.0,True,0,long_only,1.2355801649375266,1.5589549031533465
2024-09-18,1.9106094099300426,-0.008101046099761589,0.0032058251533608564,0.0,0.9983220928690609,0.0,0.9983220928690609,0.0016779071309390714,0.0006415518360880719,0.0,0.33286862423515695,True,0,long_only,1.2310734899758673,1.5519864780513601
2024-09-19,1.926322778140276,0.008224270292277458,0.0032058251533608564,0.0,0.9983357798652748,0.0,0.9983357798652748,0.001664220134725225,0.0,0.0,0.0,True,0,long_only,1.237459075664023,1.5566759467230118
2024-09-20,1.9147766534104453,-0.005993868141338954,0.0032058251533608564,0.0,0.9983257445991672,0.0,0.9983257445991672,0.0016742554008327692,0.0,0.0,0.0,True,0,long_only,1.2341258304311025,1.551524655100671
2024-09-23,1.9191356024885953,0.0022764791237588344,0.00318820545154273,0.0,0.9983387284111616,0.0,0.9983387284111616,0.0016612715888384422,0.0006392975773870373,0.0,0.3334419172744193,True,0,long_only,1.233887281621102,1.555357309435269
2024-09-24,1.9766970582455021,0.029993428125800747,0.00318820545154273,0.0,0.998387104671278,0.0,0.998387104671278,0.0016128953287219971,0.0,0.0,0.0,True,0,long_only,1.258148441063196,1.571115930148193
2024-09-25,1.9926827829179548,0.008087088816048249,0.00318820545154273,0.0,0.9984000436602989,0.0,0.9984000436602989,0.001599956339701114,0.0,0.0,0.0,True,0,long_only,1.2638163472349007,1.5767186326381506
2024-09-26,2.0379354501289138,0.022709418477884435,0.00318820545154273,0.0,0.9984355709346235,0.0,0.9984355709346235,0.0015644290653764603,0.0,0.0,0.0,True,0,long_only,1.283423094100051,1.5878905868979505
2024-09-27,2.092035667877887,0.026546580631663597,0.00318820545154273,0.0,0.9984760272014019,0.0,0.9984760272014019,0.0015239727985980611,0.0,0.0,0.0,True,0,long_only,1.298568910448641,1.61103169115231
2024-09-30,2.1804016297544844,0.04223922337148012,0.002939333879207319,0.0,0.9986519300668757,0.0,0.9986519300668757,0.0013480699331243073,0.0013024953609635647,0.0,0.6130458400920702,True,0,long_only,1.3308905799650175,1.6383026993938121
2024-10-08,2.2905495939203964,0.050517282074456604,0.003708103450837807,0.0,0.9983811293758144,0.0,0.9983811293758144,0.001618870624185642,0.001069759641434216,0.0,0.4470762485538591,True,0,long_only,1.360906390600635,1.683105913632652
2024-10-09,2.20027386442481,-0.03941225709986673,0.003708103450837807,0.0,0.9983147082230114,0.0,0.9983147082230114,0.0016852917769886178,0.0,0.0,0.0,True,0,long_only,1.3099172601584859,1.6797044602333133
2024-10-10,2.198516862912071,-0.0007985376462209537,0.003708103450837807,0.0,0.9983133613785766,0.0,0.9983133613785766,0.0016866386214233753,0.0,0.0,0.0,True,0,long_only,1.3132816793836224,1.6740634529706726
2024-10-11,2.1451968024780026,-0.024252741169991654,0.003708103450837807,0.0,0.998271439036943,0.0,0.998271439036943,0.0017285609630569576,0.0,0.0,0.0,True,0,long_only,1.29787630566506,1.6528515029625703
2024-10-14,2.1816699856157733,0.01700225503582664,0.003269772952583252,0.0,0.998501252263568,0.0,0.998501252263568,0.0014987477364319934,0.0010043692520234518,0.0,0.469098581178295,True,0,long_only,1.3177446429866313,1.6556090720817347
2024-10-15,2.1697054143076326,-0.005484134349844738,0.003269772952583252,0.0,0.9984929876051277,0.0,0.9984929876051277,0.0015070123948722758,0.0,0.0,0.0,True,0,long_only,1.3151802432791246,1.6497399694036838
2024-10-16,2.181184058475767,0.005290415967274198,0.003269772952583252,0.0,0.9985009183705166,0.0,0.9985009183705166,0.001499081629483423,0.0,0.0,0.0,True,0,long_only,1.32246208124349,1.6493358028268261
2024-10-17,2.1831368586527686,0.0008952936224770891,0.003269772952583252,0.0,0.9985022592882239,0.0,0.9985022592882239,0.0014977407117761077,0.0,0.0,0.0,True,0,long_only,1.3216888306974368,1.651778246095004
2024-10-18,2.2262095191101507,0.019729711532589178,0.003269772952583252,0.0,0.9985312375477173,0.0,0.9985312375477173,0.001468762452282668,0.0,0.0,0.0,True,0,long_only,1.3355707449703136,1.666860050277332
2024-10-21,2.2601990526174327,0.015267895144419397,0.0034428178589828657,0.0,0.9984767634270991,0.0,0.9984767634270991,0.0015232365729008768,0.0010308867668650315,0.0,0.4600685952725441,True,0,long_only,1.3447606345669425,1.6807445091113125
2024-10-22,2.255795831218745,-0.0019481564659485917,0.0034428178589828657,0.0,0.9984737901314753,0.0,0.9984737901314753,0.0015262098685246972,0.0,0.0,0.0,True,0,long_only,1.3473009760848043,1.6743072789674551
2024-10-23,2.2597215401620003,0.0017402767080805237,0.0034428178589828657,0.0,0.9984764415447683,0.0,0.9984764415447683,0.0015235584552316661,0.0,0.0,0.0,True,0,long_only,1.3524382466933544,1.6708500707421645
2024-10-24,2.2380146204427085,-0.009606015313610605,0.0034428178589828657,0.0,0.998461664268171,0.0,0.998461664268171,0.0015383357318290436,0.0,0.0,0.0,True,0,long_only,1.343625833480732,1.665653163756919
2024-10-25,2.2629178750910453,0.011127386935215977,0.0034428178589828657,0.0,0.9984785935464652,0.0,0.9984785935464652,0.0015214064535348237,0.0,0.0,0.0,True,0,long_only,1.3556196881380926,1.6692866700682862
2024-10-28,2.2875331512091455,0.010877670987998078,0.004014411585699648,0.0,0.9982450914061823,0.0,0.9982450914061823,0.0017549085938176612,0.0005030210677439141,0.0,0.22231045057069415,True,0,long_only,1.3599989563489563,1.682010960765912
2024-10-29,2.263924445832692,-0.01032059595025936,0.14083630001823397,0.0,0.9377910776671554,0.0,0.9377910776671554,0.062208922332844585,0.00013695884727981414,0.0,0.059820818195679096,True,0,long_only,1.3500259896217714,1.6769487870873967
2024-10-30,2.251626842159916,-0.005431985018498842,0.14083630001823397,0.0,0.9374513141426515,0.0,0.9374513141426515,0.06254868585734852,0.0,0.0,0.0,True,0,long_only,1.3458950968054113,1.6729586484892698
2024-10-31,2.2660625843590854,0.0064112498256245765,0.14083630001823397,0.0,0.9378497747633624,0.0,0.9378497747633624,0.0621502252366376,0.0,0.0,0.0,True,0,long_only,1.3511641791853963,1.677118605768007
2024-11-01,2.251447574124361,-0.006449517473877675,0.2722749292337747,0.0,0.8790667247316791,0.0,0.8790667247316791,0.12093327526832087,0.00013157019941495567,0.0,0.058054978530498035,True,0,long_only,1.348282279144125,1.6698636546299161
2024-11-04,2.263014128922242,0.005137385800501937,0.003140520028768191,0.0,0.9986122402027319,0.0,0.9986122402027319,0.0013877597972681288,0.0010778806266080272,0.0,0.4796022465229996,True,0,long_only,1.3566209832141607,1.6681255538010464
2024-11-05,2.28819390128944,0.011126652743962406,0.003140520028768191,0.0,0.9986275114067045,0.0,0.9986275114067045,0.0013724885932955289,0.0,0.0,0.0,True,0,long_only,1.3689326770530277,1.6715167514412423
2024-11-06,2.286561812254217,-0.0007132651801508016,0.003140520028768191,0.0,0.9986265317596326,0.0,0.9986265317596326,0.001373468240367437,0.0,0.0,0.0,True,0,long_only,1.3683735782795887,1.6710069885513548
2024-11-07,2.309476207843443,0.010021332231834768,0.003140520028768191,0.0,0.9986401591763092,0.0,0.9986401591763092,0.0013598408236907833,0.0,0.0,0.0,True,0,long_only,1.3794694864220323,1.6741770880583917
2024-11-08,2.3025858059966384,-0.002983534458334547,0.003140520028768191,0.0,0.9986360899035384,0.0,0.9986360899035384,0.0013639100964616402,0.0,0.0,0.0,True,0,long_only,1.3773896389848395,1.6717025748020617
2024-11-11,2.3305078288099113,0.012126376676411255,0.004130845220377705,0.0,0.9982274913779255,0.0,0.9982274913779255,0.0017725086220744535,0.00046013092640285027,0.0,0.2001131457476536,True,0,long_only,1.391008607410329,1.6754086325523667
2024-11-12,2.314912840439807,-0.006691669591201488,0.12261485327374408,0.0,0.9470326263988199,0.0,0.9470326263988199,0.05296737360118009,0.00011860261066403041,0.0,0.050800144135416246,True,0,long_only,1.3852783532541921,1.6710813642628481
2024-11-13,2.3140627286867246,-0.0003672327261016184,0.12261485327374408,0.0,0.9470131679000203,0.0,0.9470131679000203,0.052986832099979675,0.0,0.0,0.0,True,0,long_only,1.3853417177818486,1.6703912825146892
2024-11-14,2.284605788919216,-0.012729533820470817,0.12261485327374408,0.0,0.946329973482318,0.0,0.946329973482318,0.053670026517682046,0.0,0.0,0.0,True,0,long_only,1.3726854157898982,1.6643331113156488
2024-11-15,2.2603684689633012,-0.010608972485962598,0.12261485327374408,0.0,0.9457544842987566,0.0,0.9457544842987566,0.05424551570124336,0.0,0.0,0.0,True,0,long_only,1.3648441402043523,1.656136698967595
2024-11-18,2.2389267720010904,-0.009485929951962624,0.003524765262588412,0.0,0.9984256897962598,0.0,0.9984256897962598,0.0015743102037402146,0.0008665498841173837,0.0,0.3835716070994538,True,0,long_only,1.3563000944029808,1.6507606106055948
2024-11-19,2.262289909576523,0.010434971731813958,0.003524765262588412,0.0,0.99844194802458,0.0,0.99844194802458,0.0015580519754200273,0.0,0.0,0.0,True,0,long_only,1.3649708692596652,1.657390615818451
2024-11-20,2.277852572365784,0.006879163772681274,0.003524765262588412,0.0,0.9984525928915023,0.0,0.9984525928915023,0.001547407108497656,0.0,0.0,0.0,True,0,long_only,1.3731902989247007,1.6588032803242885
2024-11-21,2.2786009384673305,0.00032854018325201295,0.003524765262588412,0.0,0.9984531011099472,0.0,0.9984531011099472,0.0015468988900527725,0.0,0.0,0.0,True,0,long_only,1.3750885239724613,1.657057635740231
2024-11-22,2.254970794321662,-0.010370461868396741,0.003524765262588412,0.0,0.9984368909471182,0.0,0.9984368909471182,0.001563109052881817,0.0,0.0,0.0,True,0,long_only,1.3635168736009824,1.6537901642290591
2024-11-25,2.25020126867991,-0.0021151163703593268,0.004007643117119773,0.0,0.9982189845979997,0.0,0.9982189845979997,0.0017810154020002633,0.0004944275262043227,0.0,0.21925358752500718,True,0,long_only,1.363366425203766,1.6504743164286149
2024-11-26,2.245682520517787,-0.0020081528817081917,0.004007643117119773,0.0,0.9982154008500741,0.0,0.9982154008500741,0.0017845991499259029,0.0,0.0,0.0,True,0,long_only,1.3616159377712902,1.6492774931773697
2024-11-27,2.2641689854167066,0.008232002845467878,0.004007643117119773,0.0,0.998229971727847,0.0,0.998229971727847,0.0017700282721530014,0.0,0.0,0.0,True,0,long_only,1.3715983922352362,1.6507521430722047
2024-11-28,2.271628447575395,0.0032945695337822656,0.004007643117119773,0.0,0.9982357840599342,0.0,0.9982357840599342,0.0017642159400658164,0.0,0.0,0.0,True,0,long_only,1.3745494172157695,1.6526349792332036
2024-11-29,2.286280247609575,0.0064499104375184135,0.004007643117119773,0.0,0.9982470901713341,0.0,0.9982470901713341,0.0017529098286659384,0.0,0.0,0.0,True,0,long_only,1.384032410108777,1.6518979114296077
2024-12-02,2.3011022221927018,0.006483008633182186,0.004058006733129104,0.0,0.9982364943660511,0.0,0.9982364943660511,0.001763505633948892,0.0005029148925810938,0.0,0.2201186003777437,True,0,long_only,1.3907097437023455,1.654624361850454
2024-12-03,2.3069694679707666,0.002549754513936353,0.004058006733129104,0.0,0.9982409794366726,0.0,0.9982409794366726,0.0017590205633274403,0.0,0.0,0.0,True,0,long_only,1.3924473549206453,1.6567732056931082
2024-12-04,2.2854962068043285,-0.00930799538726712,0.004058006733129104,0.0,0.99822445265013,0.0,0.99822445265013,0.0017755473498699548,0.0,0.0,0.0,True,0,long_only,1.385566034986707,1.6495036317964127
2024-12-05,2.301265179899427,0.006899584015125804,0.004058006733129104,0.0,0.998236619243808,0.0,0.998236619243808,0.001763380756191979,0.0,0.0,0.0,True,0,long_only,1.3909272839523743,1.6544827371279192
2024-12-06,2.3211999578158897,0.008662529677407438,0.004058006733129104,0.0,0.9982517633952795,0.0,0.9982517633952795,0.0017482366047204545,0.0,0.0,0.0,True,0,long_only,1.3982267419992966,1.6601026772645273
2024-12-09,2.3239386470741024,0.0011798592572738187,0.003868538530119728,0.0,0.99833535255546,0.0,0.99833535255546,0.0016646474445399795,0.000776620967278403,0.0,0.33375328126800285,True,0,long_only,1.3998430457261475,1.660142295358973
2024-12-10,2.351744061301337,0.011964779819915838,0.003868538530119728,0.0,0.9983550342089611,0.0,0.9983550342089611,0.0016449657910388993,0.0,0.0,0.0,True,0,long_only,1.4093270551623793,1.6687000030879096
2024-12-11,2.392010058390505,0.017121759868242714,0.003868538530119728,0.0,0.9983827248064656,0.0,0.9983827248064656,0.0016172751935343843,0.0,0.0,0.0,True,0,long_only,1.4210796502278074,1.683234333844026
2024-12-12,2.4024988610653035,0.004384932512305761,0.003868538530119728,0.0,0.9983897854884292,0.0,0.9983897854884292,0.00161021451157084,0.0,0.0,0.0,True,0,long_only,1.431074303210447,1.678807910725236
2024-12-13,2.403840573547814,0.0005584653979464616,0.003868538530119728,0.0,0.998390684235598,0.0,0.998390684235598,0.0016093157644020417,0.0,0.0,0.0,True,0,long_only,1.4230456448238635,1.6892223958461625
2024-12-16,2.3956025918878048,-0.0034270083260351525,0.0037071731206909024,0.0,0.9984525091376824,0.0,0.9984525091376824,0.0015474908623176464,0.0011308885513011664,0.0,0.46665674436678384,True,0,long_only,1.411162254530225,1.6976096010201884
2024-12-17,2.378749154955804,-0.007035155575916829,0.0037071731206909024,0.0,0.9984415451654632,0.0,0.9984415451654632,0.00155845483453676,0.0,0.0,0.0,True,0,long_only,1.4014407128272168,1.6973598192084771
2024-12-18,2.386694463178077,0.0033401202500566995,0.0037071731206909024,0.0,0.9984467332631448,0.0,0.9984467332631448,0.0015532667368551856,0.0,0.0,0.0,True,0,long_only,1.4075657246021758,1.6956184862008026
2024-12-19,2.3805613455343027,-0.002569712101149202,0.0037071731206909024,0.0,0.9984427315315166,0.0,0.9984427315315166,0.0015572684684833638,0.0,0.0,0.0,True,0,long_only,1.40534762728646,1.693930597179611
2024-12-20,2.3898343892271647,0.0038953180980854096,0.0037071731206909024,0.0,0.9984487740500337,0.0,0.9984487740500337,0.0015512259499662617,0.0,0.0,0.0,True,0,long_only,1.4116806915746865,1.692900103748942
2024-12-23,2.3718920432924526,-0.007507777951305861,0.0044996389452384026,0.0,0.9981029326532955,0.0,0.9981029326532955,0.001897067346704473,0.00027245592300376837,0.0,0.11398460320441814,True,0,long_only,1.4042961827446532,1.6890254865299594
2024-12-24,2.387247198118393,0.006473800048937273,0.0044996389452384026,0.0,0.9981151348931168,0.0,0.9981151348931168,0.0018848651068832378,0.0,0.0,0.0,True,0,long_only,1.4102629526243418,1.6927674329641809
2024-12-25,2.3838490652523174,-0.0014234524471341548,0.0044996389452384026,0.0,0.9981124480526782,0.0,0.9981124480526782,0.0018875519473218194,0.0,0.0,0.0,True,0,long_only,1.4067362253310374,1.6945956337275263
2024-12-26,2.405745196258475,0.009185200239948621,0.0044996389452384026,0.0,0.9981296277958962,0.0,0.9981296277958962,0.0018703722041037985,0.0,0.0,0.0,True,0,long_only,1.4104906583066152,1.7056087412494647
2024-12-27,2.4017048596324835,-0.0016794532655721728,0.12801201660143702,0.0,0.9466995221798296,0.0,0.9466995221798296,0.053300477820170444,0.00012363601366986845,0.0,0.05147502545982098,True,0,long_only,1.4138493171201465,1.698699310138996
2024-12-30,2.4143779809024166,0.005276718835416139,0.004005820446841017,0.0,0.9983408478380242,0.0,0.9983408478380242,0.0016591521619757632,0.0006708197017223709,0.0,0.27896603824685323,True,0,long_only,1.4151508312951642,1.7060923312978213
2024-12-31,2.3858212406396024,-0.011827783590099172,0.004005820446841017,0.0,0.9983209888575864,0.0,0.9983209888575864,0.0016790111424136445,0.0,0.0,0.0,True,0,long_only,1.4047180481827934,1.6984342471615625
2025-01-02,2.3602754506414962,-0.010707336141938972,0.004005820446841017,0.0,0.9983028165438266,0.0,0.9983028165438266,0.0016971834561734234,0.0,0.0,0.0,True,0,long_only,1.3945112765139887,1.6925466938795455
2025-01-03,2.3509081872631508,-0.003968716183443521,0.004005820446841017,0.0,0.9982960540660227,0.0,0.9982960540660227,0.001703945933977269,0.0,0.0,0.0,True,0,long_only,1.3898202683809653,1.6915195732479709
2025-01-06,2.3449565419844367,-0.0025316366291798786,0.0032036667940384834,0.0,0.9986338054728608,0.0,0.9986338054728608,0.001366194527139153,0.001494305090604485,0.0,0.634972618961109,True,0,long_only,1.3863308143392232,1.6914841087926984
2025-01-07,2.3742206970004096,0.012479615076878003,0.0032036667940384834,0.0,0.9986506449050478,0.0,0.9986506449050478,0.0013493550949521538,0.0,0.0,0.0,True,0,long_only,1.3972549266767373,1.699203668329379
2025-01-08,2.371055089775285,-0.0013333247533069414,0.0032036667940384834,0.0,0.9986488433744735,0.0,0.9986488433744735,0.0013511566255265395,0.0,0.0,0.0,True,0,long_only,1.3965341975306134,1.697813840841022
2025-01-09,2.3759759570751666,0.00207539138213253,0.0032036667940384834,0.0,0.9986516417455746,0.0,0.9986516417455746,0.0013483582544253636,0.0,0.0,0.0,True,0,long_only,1.3999186087724969,1.6972243544633747
2025-01-10,2.362903532362144,-0.00550191792728183,0.0032036667940384834,0.0,0.9986441821470232,0.0,0.9986441821470232,0.0013558178529767817,0.0,0.0,0.0,True,0,long_only,1.3960411740667626,1.6925743855239208
2025-01-13,2.3612356345964804,-0.0007058679048128624,0.003207232924095326,0.0,0.9986417141613892,0.0,0.9986417141613892,0.001358285838610751,0.001503643730550181,0.0,0.6373003879287221,True,0,long_only,1.3938894909083763,1.693990556638532
2025-01-14,2.402866650857346,0.01763102997892041,0.003207232924095326,0.0,0.998665247227535,0.0,0.998665247227535,0.0013347527724649755,0.0,0.0,0.0,True,0,long_only,1.408469431528698,1.7060126383072212
2025-01-15,2.3972382873136633,-0.002342353680623299,0.003207232924095326,0.0,0.9986621134239895,0.0,0.9986621134239895,0.0013378865760105274,0.0,0.0,0.0,True,0,long_only,1.411501102271703,1.6983609034775047
2025-01-16,2.3915742513101614,-0.0023627338314579083,0.003207232924095326,0.0,0.9986589448676585,0.0,0.9986589448676585,0.0013410551323415065,0.0,0.0,0.0,True,0,long_only,1.409893947433872,1.6962795362467027
2025-01-17,2.40977879759522,0.007611951113408066,0.003207232924095326,0.0,0.9986690757976227,0.0,0.9986690757976227,0.0013309242023773482,0.0,0.0,0.0,True,0,long_only,1.4143250593491818,1.7038365980053465
2025-01-20,2.4295571889731264,0.008207554733921762,0.004033759035681301,0.0,0.9983397143092622,0.0,0.9983397143092622,0.0016602856907378394,0.0007855513830143516,0.0,0.3254595190647741,True,0,long_only,1.4203850123577773,1.710491991843935
2025-01-21,2.454715462883358,0.010355086113805312,0.004033759035681301,0.0,0.9983567305063769,0.0,0.9983567305063769,0.0016432694936231451,0.0,0.0,0.0,True,0,long_only,1.4245314921702454,1.7231738830453287
2025-01-22,2.455510538057631,0.00032389708147251284,0.004033759035681301,0.0,0.9983572625842314,0.0,0.9983572625842314,0.0016427374157685914,0.0,0.0,0.0,True,0,long_only,1.4222995020971287,1.7264370369511277
2025-01-23,2.444350282231329,-0.004544983885563125,0.004033759035681301,0.0,0.9983497622803884,0.0,0.9983497622803884,0.0016502377196115914,0.0,0.0,0.0,True,0,long_only,1.4220734906535628,1.7188635455878891
2025-01-24,2.469667815011737,0.010357571484106876,0.004033759035681301,0.0,0.9983666795140778,0.0,0.9983666795140778,0.0016333204859222406,0.0,0.0,0.0,True,0,long_only,1.429311278411536,1.727872614114121
2025-01-27,2.455683094686009,-0.005662591641160231,0.00362061956811499,0.0,0.9985256161204392,0.0,0.9985256161204392,0.001474383879560781,0.0013099390097862096,0.0,0.5303909051522391,True,0,long_only,1.4234997007974444,1.7251026419677753
2025-02-05,2.4740620236648416,0.007484242986647516,0.004352536669105875,0.0,0.9982407325978602,0.0,0.9982407325978602,0.0017592674021398302,0.0005594377575466282,0.0,0.22739028933360866,True,0,long_only,1.4277546118871853,1.7328342020864933
2025-02-06,2.4992948103478603,0.0101989305206025,0.004352536669105875,0.0,0.9982584940955805,0.0,0.9982584940955805,0.0017415059044194603,0.0,0.0,0.0,True,0,long_only,1.4389677613481804,1.7368664382072403
2025-02-07,2.5072880704372,0.0031982061724951105,0.004352536669105875,0.0,0.9982640460342689,0.0,0.9982640460342689,0.0017359539657311185,0.0,0.0,0.0,True,0,long_only,1.4467931110898766,1.7329969649554435
2025-02-10,2.5135805472726003,0.0025096744604631294,0.0035943195257392563,0.0,0.9985700400452099,0.0,0.9985700400452099,0.0014299599547901165,0.001408506217492319,0.0,0.5620332497189193,True,0,long_only,1.4497234663581797,1.733834490233447
2025-02-11,2.5064428770454303,-0.0028396425310160955,0.0035943195257392563,0.0,0.998565967906687,0.0,0.998565967906687,0.0014340320933130535,0.0,0.0,0.0,True,0,long_only,1.4454777041574587,1.7339893032154294
2025-02-12,2.51610062571507,0.0038531692695205066,0.0035943195257392563,0.0,0.9985714722658527,0.0,0.9985714722658527,0.0014285277341472558,0.0,0.0,0.0,True,0,long_only,1.4519639276248333,1.7328947213110066
2025-02-13,2.5057771642375255,-0.004102960498494013,0.0035943195257392563,0.0,0.9985655869256703,0.0,0.9985655869256703,0.0014344130743296768,0.0,0.0,0.0,True,0,long_only,1.4491325158970418,1.7291566759761785
2025-02-14,2.5120349518809664,0.002497344030727211,0.0035943195257392563,0.0,0.9985691602248417,0.0,0.9985691602248417,0.0014308397751583435,0.0,0.0,0.0,True,0,long_only,1.4504835018423152,1.7318604097808308
2025-02-17,2.5303913223695367,0.007307370653750533,0.004101904127334596,0.0,0.9983789447540891,0.0,0.9983789447540891,0.0016210552459109406,0.0009134494155664249,0.0,0.36363698391053245,True,0,long_only,1.451634228772375,1.7431328582748082
2025-02-18,2.4859582606727915,-0.017559758960577265,0.004101904127334596,0.0,0.9983499706361826,0.0,0.9983499706361826,0.001650029363817418,0.0,0.0,0.0,True,0,long_only,1.4434046336750952,1.7222878482406
2025-02-19,2.5314827575081704,0.018312655347261675,0.004101904127334596,0.0,0.998379643663316,0.0,0.998379643663316,0.0016203563366840035,0.0,0.0,0.0,True,0,long_only,1.4570656192205282,1.7373841809968809
2025-02-20,2.5298285933017413,-0.0006534368845779737,0.004101904127334596,0.0,0.9983785841704077,0.0,0.9983785841704077,0.0016214158295922987,0.0,0.0,0.0,True,0,long_only,1.460551345937114,1.7321052083099215
2025-02-21,2.56501396673769,0.013908204504095467,0.004101904127334596,0.0,0.9984008258120514,0.0,0.9984008258120514,0.0015991741879486376,0.0,0.0,0.0,True,0,long_only,1.4696704163557741,1.7452987677998941
2025-02-24,2.572895400363605,0.0030726669437746157,0.003916115207780282,0.0,0.9984779345451716,0.0,0.9984779345451716,0.0015220654548283585,0.0012190379196235798,0.0,0.4739290278793304,True,0,long_only,1.46792501163942,1.7527430760854212
2025-02-25,2.5707946880553836,-0.0008164779290773527,0.003916115207780282,0.0,0.9984766907968281,0.0,0.9984766907968281,0.0015233092031718964,0.0,0.0,0.0,True,0,long_only,1.4683207858014664,1.7508399478606742
2025-02-26,2.6099407998186233,0.015227241578303907,0.003916115207780282,0.0,0.9984995386837693,0.0,0.9984995386837693,0.0015004613162307168,0.0,0.0,0.0,True,0,long_only,1.4802638132976051,1.7631592263303528
2025-02-27,2.583547061293304,-0.010112772874830589,0.003916115207780282,0.0,0.9984842098421773,0.0,0.9984842098421773,0.0015157901578226607,0.0,0.0,0.0,True,0,long_only,1.4763165759571264,1.7499952946192028
2025-02-28,2.5373167095967064,-0.017894139568510492,0.003916115207780282,0.0,0.9984565918819008,0.0,0.9984565918819008,0.0015434081180991654,0.0,0.0,0.0,True,0,long_only,1.4566196955927428,1.7419211873035914
2025-03-03,2.5395916627867257,0.0008965980405262197,0.0038767614714811153,0.0,0.9984734705471402,0.0,0.9984734705471402,0.001526529452859804,0.0011940043341305297,0.0,0.4701033328942571,True,0,long_only,1.449749218786532,1.751745494929401
2025-03-04,2.547974811216059,0.0033009828123844454,0.0038767614714811153,0.0,0.9984784930155448,0.0,0.9984784930155448,0.0015215069844551898,0.0,0.0,0.0,True,0,long_only,1.455512002325851,1.7505694265279128
2025-03-05,2.5575237957199177,0.003747676178675219,0.0038767614714811153,0.0,0.9984841738411314,0.0,0.9984841738411314,0.0015158261588685829,0.0,0.0,0.0,True,0,long_only,1.4610236996887345,1.7505012384568357
2025-03-06,2.597010680244029,0.015439498389103301,0.0038767614714811153,0.0,0.9985072215909729,0.0,0.9985072215909729,0.0014927784090270624,0.0,0.0,0.0,True,0,long_only,1.4748503817797503,1.760863822071315
2025-03-07,2.6044750025601835,0.0028741977739779045,0.0038767614714811153,0.0,0.9985114998348342,0.0,0.9985114998348342,0.0014885001651657737,0.0,0.0,0.0,True,0,long_only,1.4768685589279942,1.7635117132229279
2025-03-10,2.6185696239593335,0.005411693867399592,0.003930631192612316,0.0,0.9984989395902831,0.0,0.9984989395902831,0.00150106040971687,0.0013134945779878946,0.0,0.5000696382786478,True,0,long_only,1.4796061098313962,1.7697748113906642
2025-03-11,2.60228934581813,-0.006217240890691977,0.003930631192612316,0.0,0.9984895487510146,0.0,0.9984895487510146,0.0015104512489854116,0.0,0.0,0.0,True,0,long_only,1.4747199253992813,1.764599027244823
2025-03-12,2.6042793664251844,0.0007647191924498031,0.003930631192612316,0.0,0.9984907029394439,0.0,0.9984907029394439,0.0015092970605561362,0.0,0.0,0.0,True,0,long_only,1.4758892889551223,1.7645492693214968
2025-03-13,2.5900719838551014,-0.005455398815214396,0.003930631192612316,0.0,0.9984824239568963,0.0,0.9984824239568963,0.0015175760431036522,0.0,0.0,0.0,True,0,long_only,1.4681920236597048,1.7641234539600144
2025-03-14,2.599998855205551,0.003832662340015336,0.003930631192612316,0.0,0.9984882181064262,0.0,0.9984882181064262,0.0015117818935738159,0.0,0.0,0.0,True,0,long_only,1.479018547847673,1.7579217373501999
2025-03-17,2.615085394981337,0.005802517853260136,0.004844310175907995,0.0,0.9981475518217475,0.0,0.9981475518217475,0.0018524481782524749,0.0003468758634432196,0.0,0.13340589557753083,True,0,long_only,1.4833588485682667,1.7629485929890865
2025-03-18,2.620859526124905,0.0022080086388953646,0.004844310175907995,0.0,0.9981516330319807,0.0,0.9981516330319807,0.001848366968019266,0.0,0.0,0.0,True,0,long_only,1.4840368828989645,1.7660339553052313
2025-03-19,2.595974786830303,-0.009494877175426186,0.004844310175907995,0.0,0.9981339147820374,0.0,0.9981339147820374,0.0018660852179626097,0.0,0.0,0.0,True,0,long_only,1.4764080648473255,1.7583043933715923
2025-03-20,2.5767160800826523,-0.00741868019880354,0.004844310175907995,0.0,0.9981199674215747,0.0,0.9981199674215747,0.0018800325784252836,0.0,0.0,0.0,True,0,long_only,1.472698020925881,1.749656781953627
2025-03-21,2.5497564390196743,-0.01046279070921663,0.004844310175907995,0.0,0.9981000890509486,0.0,0.9981000890509486,0.0018999109490513977,0.0,0.0,0.0,True,0,long_only,1.4586836171860864,1.7479845588026497
2025-03-24,2.5349468730757048,-0.005808227686901701,0.004747789510393702,0.0,0.9981270654778525,0.0,0.9981270654778525,0.0018729345221475402,0.00034913378318787735,0.0,0.13673117089303843,True,0,long_only,1.4523163292759704,1.7454509200068438
2025-03-25,2.5458726122822117,0.0043100466217071975,0.004747789510393702,0.0,0.9981351032697047,0.0,0.9981351032697047,0.001864896730295329,0.0,0.0,0.0,True,0,long_only,1.4564272300755836,1.7480259636110276
2025-03-26,2.5551460390077807,0.003642533676206039,0.004747789510393702,0.0,0.9981418715651035,0.0,0.9981418715651035,0.0018581284348965221,0.0,0.0,0.0,True,0,long_only,1.4617159656245744,1.7480455157483323
2025-03-27,2.5539988932400064,-0.00044895506959752307,0.004747789510393702,0.0,0.9981410369742288,0.0,0.9981410369742288,0.0018589630257711542,0.0,0.0,0.0,True,0,long_only,1.4613835559901844,1.7476581577582502
2025-03-28,2.539223100355881,-0.005785356024716304,0.004747789510393702,0.0,0.9981302196290952,0.0,0.9981302196290952,0.0018697803709047944,0.0,0.0,0.0,True,0,long_only,1.4558030725357807,1.7442078178423903
2025-03-31,2.526918244505776,-0.004845913637277932,0.0040712751452786945,0.0,0.9983888378050494,0.0,0.9983888378050494,0.0016111621949506105,0.0008383098126136391,0.0,0.3300978122437075,True,0,long_only,1.448649319017694,1.7443270854669224
2025-04-01,2.541639416907006,0.005825741467195611,0.0040712751452786945,0.0,0.9983981696545164,0.0,0.9983981696545164,0.001601830345483557,0.0,0.0,0.0,True,0,long_only,1.4535748097878203,1.7485439344384424
2025-04-02,2.541224938242466,-0.00016307532129955504,0.0040712751452786945,0.0,0.9983979083929129,0.0,0.9983979083929129,0.0016020916070871305,0.0,0.0,0.0,True,0,long_only,1.4564414616807255,1.7448177665238302
2025-04-03,2.5238625561142607,-0.006832288581353874,0.0040712751452786945,0.0,0.9983868871403414,0.0,0.9983868871403414,0.0016131128596585942,0.0,0.0,0.0,True,0,long_only,1.4509768641539074,1.7394230180134358
2025-04-07,2.402764777839347,-0.047981130343862866,0.004283206710743841,0.0,0.9982173840942535,0.0,0.9982173840942535,0.0017826159057464652,0.0005161391931219874,0.0,0.20777988937014225,True,0,long_only,1.392206095328713,1.7258685951033936
2025-04-08,2.4371077688047094,0.01429311403351119,0.004283206710743841,0.0,0.9982425041823881,0.0,0.9982425041823881,0.001757495817611865,0.0,0.0,0.0,True,0,long_only,1.4056427636692874,1.7338030912227567
2025-04-09,2.4730858146112347,0.014762599449662739,0.004283206710743841,0.0,0.9982680719425755,0.0,0.9982680719425755,0.0017319280574245033,0.0,0.0,0.0,True,0,long_only,1.4173828213682806,1.7448255879267844
2025-04-10,2.5059902265100362,0.013305002076514638,0.004283206710743841,0.0,0.9982908126833724,0.0,0.9982908126833724,0.001709187316627614,0.0,0.0,0.0,True,0,long_only,1.4303854257520219,1.751968512397641
2025-04-11,2.4901898965565397,-0.006305024571265472,0.004283206710743841,0.0,0.9982799678383297,0.0,0.9982799678383297,0.0017200321616702707,0.0,0.0,0.0,True,0,long_only,1.4262467394376077,1.745974120535737
2025-04-14,2.50475140146911,0.005847547985278645,0.004422485893190633,0.0,0.9982343613459616,0.0,0.9982343613459616,0.0017656386540384483,0.000565718047667636,0.0,0.226401535926204,True,0,long_only,1.4288311311618616,1.7530072986528213
2025-04-15,2.483631603003476,-0.008431894060722644,0.004422485893190633,0.0,0.9982193470690892,0.0,0.9982193470690892,0.0017806529309107866,0.0,0.0,0.0,True,0,long_only,1.4231544149488782,1.7451596094670385
2025-04-16,2.4656389294774548,-0.007244501762766475,0.004422485893190633,0.0,0.9982063529901647,0.0,0.9982063529901647,0.0017936470098353086,0.0,0.0,0.0,True,0,long_only,1.415293147346585,1.7421400888572627
2025-04-17,2.47316973233336,0.003054300759885331,0.004422485893190633,0.0,0.99821181464605,0.0,0.99821181464605,0.0017881853539499781,0.0,0.0,0.0,True,0,long_only,1.4179985077145467,1.744127175648077
2025-04-18,2.4733163358661723,5.9277586530237514e-05,0.004422485893190633,0.0,0.998211920639079,0.0,0.998211920639079,0.0017880793609209578,0.0,0.0,0.0,True,0,long_only,1.4179405647507537,1.7443018398313
2025-04-21,2.4930008741318495,0.007958762888607085,0.0036393020462270917,0.0,0.9985401922301794,0.0,0.9985401922301794,0.0014598077698205758,0.001300267814763118,0.0,0.5254741170973877,True,0,long_only,1.4237114806358682,1.7510576461871388
2025-04-22,2.5008876634191934,0.003163572612099763,0.0036393020462270917,0.0,0.9985447958740971,0.0,0.9985447958740971,0.0014552041259029425,0.0,0.0,0.0,True,0,long_only,1.4272632826620422,1.7522258813767662
2025-04-23,2.516429330239619,0.006214460188578297,0.0036393020462270917,0.0,0.9985537833300168,0.0,0.9985537833300168,0.0014462166699832357,0.0,0.0,0.0,True,0,long_only,1.432568282902624,1.7565859584304842
2025-04-24,2.502810197723644,-0.005412086225635382,0.1373376414808223,0.0,0.9451266254206038,0.0,0.9451266254206038,0.05487337457939623,0.00013383217160620143,0.0,0.05314971715234613,True,0,long_only,1.4282242548568742,1.7523930077594547
2025-04-25,2.507502599807114,0.0018748533499415299,0.1373376414808223,0.0,0.9452293124276774,0.0,0.9452293124276774,0.05477068757232262,0.0,0.0,0.0,True,0,long_only,1.4306365119284572,1.7527181634886921
2025-04-28,2.484365861204569,-0.009227004831151464,0.004215455145008344,0.0,0.998303206781724,0.0,0.998303206781724,0.0016967932182759826,0.000656872765183073,0.0,0.2619873579408959,True,0,long_only,1.4228721547802268,1.746021842410921
2025-04-29,2.4938932479349423,0.0038349370675034855,0.004215455145008344,0.0,0.9983096890179646,0.0,0.9983096890179646,0.0016903109820354256,0.0,0.0,0.0,True,0,long_only,1.427567229086148,1.746953276261041
2025-04-30,2.502384989450288,0.0034050140367385406,0.1420049000810821,0.0,0.9432521771510957,0.0,0.9432521771510957,0.05674782284890434,0.00013792737230838216,0.0,0.05533834963513719,True,1,long_only,1.4296653743013807,1.7503291570400534
2025-05-06,2.534469473556851,0.012821561926652736,0.003479383205526654,0.0,0.9986271749406224,0.0,0.9986271749406224,0.0013728250593776359,0.0012444796828692025,0.0,0.496823023752113,True,1,long_only,1.4414176305190673,1.7583172426191056
2025-05-07,2.5317246728385077,-0.0010829882730808427,0.5546382591183943,0.0,0.7809247328239104,0.0,0.7809247328239104,0.2190752671760896,0.000551710586499367,0.0,0.21665670055508757,True,0,long_only,1.4414732015486698,1.7563452932170427
2025-05-08,2.541096319516479,0.003701684775803127,0.5546382591183943,0.0,0.7817326896038592,0.0,0.7817326896038592,0.21826731039614078,0.0,0.0,0.0,True,0,long_only,1.4500362228235641,1.7524364422899465
2025-05-09,2.531319295448494,-0.0038475613824214827,0.5546382591183943,0.0,0.7808896490791674,0.0,0.7808896490791674,0.21911035092083264,0.0,0.0,0.0,True,0,long_only,1.4484666800850372,1.747585450360435
2025-05-12,2.552069746687486,0.008197484717278769,0.0035904197497213025,0.0,0.9985931341592911,0.0,0.9985931341592911,0.0014068658407089263,0.0009179865022870639,0.0,0.36229972030046714,True,0,long_only,1.457210646053881,1.7513389389505751
2025-05-13,2.549982243138823,-0.0008179649288083679,0.0035904197497213025,0.0,0.9985919824503162,0.0,0.9985919824503162,0.0014080175496837821,0.0,0.0,0.0,True,0,long_only,1.458915050193516,1.7478620450180316
2025-05-14,2.557882868371331,0.003098305979881477,0.0035904197497213025,0.0,0.9985963314449939,0.0,0.9985963314449939,0.0014036685550060657,0.0,0.0,0.0,True,0,long_only,1.4587886599859448,1.753429361314048
2025-05-15,2.5446242904740557,-0.005183418701935061,0.0035904197497213025,0.0,0.9985890177331238,0.0,0.9985890177331238,0.0014109822668761929,0.0,0.0,0.0,True,0,long_only,1.4524372979196782,1.7519684285984074
2025-05-16,2.559736298908026,0.0059387975232896295,0.0035904197497213025,0.0,0.998597347800532,0.0,0.998597347800532,0.001402652199468002,0.0,0.0,0.0,True,0,long_only,1.453069248957535,1.761606544728986
2025-05-19,2.554638987417064,-0.001991342425833764,0.0041493481520271215,0.0,0.9983757594820776,0.0,0.9983757594820776,0.0016242405179224262,0.0009592359283946811,0.0,0.3749004745689082,True,0,long_only,1.4550596405909775,1.7556936610374874
2025-05-20,2.5597262788373265,0.0019913934788124976,0.0041493481520271215,0.0,0.9983789875556883,0.0,0.9983789875556883,0.0016210124443116758,0.0,0.0,0.0,True,0,long_only,1.458790354224652,1.7546909817605851
2025-05-21,2.5623251639999896,0.0010152980747002438,0.0041493481520271215,0.0,0.9983806316972084,0.0,0.9983806316972084,0.001619368302791635,0.0,0.0,0.0,True,0,long_only,1.4606238593537904,1.7542676354291613
2025-05-22,2.5478134840678,-0.005663481019534511,0.0041493481520271215,0.0,0.9983714081984517,0.0,0.9983714081984517,0.0016285918015482848,0.0,0.0,0.0,True,0,long_only,1.4559338677639913,1.7499513820505506
2025-05-23,2.535727214176194,-0.004743781272524283,0.0041493481520271215,0.0,0.9983636456915279,0.0,0.9983636456915279,0.0016363543084720877,0.0,0.0,0.0,True,0,long_only,1.451405167699136,1.747084322564455
2025-05-26,2.524230447788061,-0.004533912924016281,0.0045752787004681664,0.0,0.9981874560207142,0.0,0.9981874560207142,0.0018125439792857634,0.0004825525167605712,0.0,0.19046728246012318,True,0,long_only,1.4479960205721243,1.7432578625393604
2025-05-27,2.5151977955480085,-0.0035783786095948678,0.0045752787004681664,0.0,0.9981809467595087,0.0,0.9981809467595087,0.001819053240491253,0.0,0.0,0.0,True,0,long_only,1.4444794587110639,1.7412485725427806
2025-05-28,2.516852811191834,0.0006580061602927678,0.0045752787004681664,0.0,0.9981821429206654,0.0,0.9981821429206654,0.0018178570793345727,0.0,0.0,0.0,True,0,long_only,1.4454600840749017,1.7412122540918356
2025-05-29,2.532124338913316,0.006067707914254372,0.0045752787004681664,0.0,0.9981931066219158,0.0,0.9981931066219158,0.0018068933780841512,0.0,0.0,0.0,True,0,long_only,1.453839449873915,1.741680856942571
2025-05-30,2.532458154255033,0.0001318321286940538,0.0045752787004681664,0.0,0.9981933447971171,0.0,0.9981933447971171,0.001806655202882923,0.0,0.0,0.0,True,0,long_only,1.4546919907914737,1.740889597444724
2025-06-03,2.532703263474977,9.67870760399947e-05,0.0045790063236459955,0.0,0.9981920478448142,0.0,0.9981920478448142,0.0018079521551858102,0.0004723481099022812,0.0,0.1866626662612279,True,0,long_only,1.4589445299470245,1.735983247811993
2025-06-04,2.550870225483173,0.00717295321176703,0.0045790063236459955,0.0,0.9982049238421062,0.0,0.9982049238421062,0.0017950761578937602,0.0,0.0,0.0,True,0,long_only,1.4661358955644153,1.7398593358231436
2025-06-05,2.558326197875354,0.0029229132543457936,0.0045790063236459955,0.0,0.9982101554026033,0.0,0.9982101554026033,0.001789844597396728,0.0,0.0,0.0,True,0,long_only,1.468647773871993,1.741960355225607
2025-06-06,2.5569012867754393,-0.0005569700615575268,0.0045790063236459955,0.0,0.9982091579572004,0.0,0.9982091579572004,0.0017908420427995564,0.0,0.0,0.0,True,0,long_only,1.4703301529084318,1.7389980622499526
2025-06-09,2.5660193029327054,0.0035660415223792707,0.005085201834127449,0.0,0.9980182526965735,0.0,0.9980182526965735,0.0019817473034264843,2.4323315391088192e-05,0.0,0.009502754488018862,True,0,long_only,1.4762244093714443,1.7382311839873184
2025-06-10,2.5534591715235373,-0.004894792254607316,0.005085201834127449,0.0,0.9980085047410047,0.0,0.9980085047410047,0.001991495258995335,0.0,0.0,0.0,True,0,long_only,1.472079962645425,1.7345927098517138
2025-06-11,2.5703287583696204,0.006606562201665334,0.005085201834127449,0.0,0.9980215753266704,0.0,0.9980215753266704,0.0019784246733296484,0.0,0.0,0.0,True,0,long_only,1.476709639337241,1.7405783032087503
2025-06-12,2.5627305144424795,-0.0029561369931373482,0.005085201834127449,0.0,0.9980157094920947,0.0,0.9980157094920947,0.001984290507905273,0.0,0.0,0.0,True,0,long_only,1.4773493838731517,1.7346814114639526
2025-06-13,2.5505534559383847,-0.004751595392285535,0.005085201834127449,0.0,0.9980062359319356,0.0,0.9980062359319356,0.0019937640680643964,0.0,0.0,0.0,True,0,long_only,1.470055347390093,1.7350050530183005
2025-06-16,2.555919694290838,0.002103950552363232,0.004604279216843919,0.0,0.9981985822061903,0.0,0.9981985822061903,0.001801417793809712,0.0004833813763383781,0.0,0.18964188632189777,True,0,long_only,1.4737257461257844,1.7343251965367286
2025-06-17,2.5589591942321923,0.0011892000942530512,0.004604279216843919,0.0,0.998200721907867,0.0,0.998200721907867,0.0017992780921329832,0.0,0.0,0.0,True,0,long_only,1.4747334793089404,1.7352011262613498
2025-06-18,2.5627855461746463,0.0014952766543048224,0.004604279216843919,0.0,0.9982034083094792,0.0,0.9982034083094792,0.0017965916905208212,0.0,0.0,0.0,True,0,long_only,1.4748815557719663,1.7376212592429234
2025-06-19,2.5491903336911976,-0.005304857639665483,0.004604279216843919,0.0,0.9981938268178755,0.0,0.9981938268178755,0.0018061731821245042,0.0,0.0,0.0,True,0,long_only,1.4676698592900868,1.736896290099085
2025-06-20,2.5423732641424164,-0.002674209712269726,0.004604279216843919,0.0,0.9981889837807127,0.0,0.9981889837807127,0.0018110162192872536,0.0,0.0,0.0,True,0,long_only,1.4675258489999587,1.732421453342651
2025-06-23,2.559969610039361,0.006921228344052732,0.004153066117417213,0.0,0.9983776892893064,0.0,0.9983776892893064,0.0016223107106936308,0.0009177344831938566,0.0,0.36127895926324965,True,0,long_only,1.473885004564279,1.7368855793442028
2025-06-24,2.579149260497909,0.007492139900150407,0.004153066117417213,0.0,0.9983897534814967,0.0,0.9983897534814967,0.0016102465185032777,0.0,0.0,0.0,True,0,long_only,1.4840013038861093,1.7379696727650906
2025-06-25,2.5999549971075404,0.008066899007471484,0.004153066117417213,0.0,0.9984026392295108,0.0,0.9984026392295108,0.00159736077048922,0.0,0.0,0.0,True,0,long_only,1.4958701237268643,1.738088725664177
2025-06-26,2.5883862094761265,-0.004449610721833364,0.004153066117417213,0.0,0.9983954998283437,0.0,0.9983954998283437,0.0016045001716562535,0.0,0.0,0.0,True,0,long_only,1.4949426974584386,1.7314283777409383
2025-06-27,2.5971496181034235,0.003385665012127781,0.004153066117417213,0.0,0.9984009137985475,0.0,0.9984009137985475,0.0015990862014525487,0.0,0.0,0.0,True,0,long_only,1.498070939807765,1.733662638457358
2025-06-30,2.607927252994101,0.004149793610484398,0.0042418028191296905,0.0,0.9983734964944825,0.0,0.9983734964944825,0.001626503505517518,0.000943655240637734,0.0,0.3633078698612929,True,0,long_only,1.503296649676841,1.7348054713982892
2025-07-01,2.6216333755938526,0.005255561704804457,0.0042418028191296905,0.0,0.9983819999933558,0.0,0.9983819999933558,0.001618000006644249,0.0,0.0,0.0,True,0,long_only,1.5105174950477402,1.7355862372921376
2025-07-02,2.609523397367131,-0.004619249334960385,0.0042418028191296905,0.0,0.9983744913636684,0.0,0.9983744913636684,0.0016255086363315963,0.0,0.0,0.0,True,0,long_only,1.5056319883111084,1.733174784825258
2025-07-03,2.631195741461791,0.008305096676475943,0.0042418028191296905,0.0,0.9983878801746718,0.0,0.9983878801746718,0.0016121198253281621,0.0,0.0,0.0,True,0,long_only,1.5139954282662722,1.7379152488425034
2025-07-04,2.621973205376374,-0.0035050741151981812,0.0042418028191296905,0.0,0.9983822096997667,0.0,0.9983822096997667,0.001617790300233346,0.0,0.0,0.0,True,0,long_only,1.5161948889562067,1.729311465481471
2025-07-07,2.6072384763514647,-0.005619709993487043,0.0042570873343618,0.0,0.9983672044682621,0.0,0.9983672044682621,0.0016327955317378962,0.0009685749290313543,0.0,0.3700290075957383,True,0,long_only,1.5132574178853326,1.7229312379614112
2025-07-08,2.6273526802206963,0.007714754155277337,0.0042570873343618,0.0,0.9983797046485574,0.0,0.9983797046485574,0.001620295351442591,0.0,0.0,0.0,True,0,long_only,1.5248375394503484,1.7230377743505494
2025-07-09,2.635850851260394,0.003234499541562963,0.0042570873343618,0.0,0.9983849285962724,0.0,0.9983849285962724,0.0016150714037276304,0.0,0.0,0.0,True,0,long_only,1.5210610813715744,1.7329026976902133
2025-07-10,2.6429804775323147,0.0027048671090441623,0.0042570873343618,0.0,0.9983892853653098,0.0,0.9983892853653098,0.0016107146346902024,0.0,0.0,0.0,True,0,long_only,1.5272199779206812,1.7305827030437015
2025-07-11,2.6473196184189933,0.0016417604759344506,0.0042570873343618,0.0,0.9983919254385671,0.0,0.9983919254385671,0.0016080745614328595,0.0,0.0,0.0,True,0,long_only,1.5276882654994042,1.7328925528884518
2025-07-14,2.6403683279444765,-0.0026257843692739646,0.004302808834793312,0.0,0.9983703755308475,0.0,0.9983703755308475,0.0016296244691524908,0.0009831344339400556,0.0,0.3713103493679385,True,0,long_only,1.5212325383287622,1.7356769996815908
2025-07-15,2.6338804565767013,-0.0024571842114263776,0.004302808834793312,0.0,0.9983663613798228,0.0,0.9983663613798228,0.0016336386201771802,0.0,0.0,0.0,True,0,long_only,1.5157394775916602,1.7376867829302973
2025-07-16,2.6429015740442323,0.0034250291978914493,0.004302808834793312,0.0,0.99837193754128,0.0,0.99837193754128,0.0016280624587200476,0.0,0.0,0.0,True,0,long_only,1.5215473278805955,1.7369828237453524
2025-07-17,2.668906403131548,0.009839499640360128,0.004302808834793312,0.0,0.9983878007749748,0.0,0.9983878007749748,0.0016121992250252015,0.0,0.0,0.0,True,0,long_only,1.5343283258414098,1.7394623811484073
2025-07-18,2.673340321085375,0.001661323884803334,0.004302808834793312,0.0,0.9983904747177693,0.0,0.9983904747177693,0.0016095252822306838,0.0,0.0,0.0,True,0,long_only,1.537878094781135,1.738330450350705
2025-07-21,2.706471103825761,0.012393028481661794,0.004859421049587185,0.0,0.9982045176677786,0.0,0.9982045176677786,0.0017954823322213764,0.00048234758439201405,0.0,0.18026923555822122,True,0,long_only,1.5499214212087513,1.7461989148553354
2025-07-22,2.7224433332082754,0.0059014963654837604,0.004859421049587185,0.0,0.9982150515346594,0.0,0.9982150515346594,0.0017849484653406078,0.0,0.0,0.0,True,0,long_only,1.5573113516026482,1.7481689389899941
2025-07-23,2.7085203783221066,-0.00511413946300987,0.004859421049587185,0.0,0.9982058761349999,0.0,0.9982058761349999,0.001794123865000108,0.0,0.0,0.0,True,0,long_only,1.5567458147221211,1.7398603887080801
2025-07-24,2.7374121420423063,0.010666991450918095,0.004859421049587185,0.0,0.9982248120496896,0.0,0.9982248120496896,0.0017751879503103973,0.0,0.0,0.0,True,0,long_only,1.569016846832011,1.7446671446322535
2025-07-25,2.7526304685801524,0.005559384465392281,0.004859421049587185,0.0,0.9982346264400345,0.0,0.9982346264400345,0.001765373559965533,0.0,0.0,0.0,True,0,long_only,1.5707883428244587,1.7523878892751428
2025-07-28,2.7280741516092903,-0.008921036532567483,0.0049167205786054,0.0,0.99819773206102,0.0,0.99819773206102,0.0018022679389799734,0.0005732424638055416,0.0,0.20843996462577535,True,0,long_only,1.5598591477708224,1.7489233919023723
2025-07-29,2.77062432951121,0.015597148588068599,0.0049167205786054,0.0,0.9982254105956426,0.0,0.9982254105956426,0.001774589404357374,0.0,0.0,0.0,True,0,long_only,1.5620819889549191,1.773674076714016
2025-07-30,2.797239058621771,0.009606040352376555,0.0049167205786054,0.0,0.9982422951790799,0.0,0.9982422951790799,0.0017577048209200807,0.0,0.0,0.0,True,0,long_only,1.56081910342243,1.7921609573385062
2025-07-31,2.7894399537212906,-0.002788143857937908,0.0049167205786054,0.0,0.9982373807430247,0.0,0.9982373807430247,0.0017626192569752952,0.0,0.0,0.0,True,0,long_only,1.5464655130934157,1.8037518005438973
2025-08-01,2.856993600711233,0.024217637988522167,0.0049167205786054,0.0,0.998279057895901,0.0,0.998279057895901,0.0017209421040990103,0.0,0.0,0.0,True,0,long_only,1.5493128506650566,1.8440391812956578
2025-08-04,2.895197770370934,0.013372157939097296,0.004664477352125053,0.0,0.9983888916329445,0.0,0.9983888916329445,0.0016111083670554693,0.0010373356150830619,0.0,0.36318531432583534,True,0,long_only,1.5632279720165982,1.8520636926910063
2025-08-05,2.9016146058847077,0.002216372083262197,0.004664477352125053,0.0,0.9983924545517985,0.0,0.9983924545517985,0.0016075454482015195,0.0,0.0,0.0,True,0,long_only,1.5760435324470432,1.8410751645796974
2025-08-06,2.918201988293603,0.005716604257248736,0.004664477352125053,0.0,0.998401592017675,0.0,0.998401592017675,0.001598407982325023,0.0,0.0,0.0,True,0,long_only,1.5852622241016976,1.8408323518509546
2025-08-07,2.905839375150647,-0.004236380206904422,0.004664477352125053,0.0,0.9983947917451964,0.0,0.9983947917451964,0.0016052082548035917,0.0,0.0,0.0,True,0,long_only,1.5837269049850604,1.834810891956185
2025-08-08,2.910397622981707,0.0015686509963488415,0.004664477352125053,0.0,0.9983973058130297,0.0,0.9983973058130297,0.0016026941869703437,0.0,0.0,0.0,True,0,long_only,1.5850301133987852,1.8361781258154974
2025-08-11,2.934373298042782,0.008237937961381503,0.005254510554499886,0.0,0.9982093244380309,0.0,0.9982093244380309,0.0017906755619691017,0.0005895828360838715,0.0,0.2014083416698561,True,0,long_only,1.5956607835921792,1.8389706184524193
2025-08-12,2.912143367701044,-0.0075756995050919596,0.005254510554499886,0.0,0.9981956552645113,0.0,0.9981956552645113,0.0018043447354887387,0.0,0.0,0.0,True,0,long_only,1.591655264440166,1.8296319766990086
2025-08-13,2.9353726234512574,0.00797668686502595,0.005254510554499886,0.0,0.9982099340599825,0.0,0.9982099340599825,0.0017900659400175156,0.0,0.0,0.0,True,0,long_only,1.602523466900336,1.8317189632979107
2025-08-14,2.9048058566988373,-0.010413249244139111,0.005254510554499886,0.0,0.9981910975074695,0.0,0.9981910975074695,0.0018089024925305175,0.0,0.0,0.0,True,0,long_only,1.596015557177507,1.8200360539316274
2025-08-15,2.9334091254714356,0.009846877961442901,0.005254510554499886,0.0,0.9982087358667859,0.0,0.9982087358667859,0.0017912641332140655,0.0,0.0,0.0,True,0,long_only,1.6103599986175012,1.8215859360576367
2025-08-18,2.983341197462931,0.017021857455178813,0.005313303829584489,0.0,0.9982190089976625,0.0,0.9982190089976625,0.0017809910023375286,0.0005459534146702253,0.0,0.18600303577037974,True,0,long_only,1.6251937361961903,1.8356834210089448
2025-08-19,3.0053938791651467,0.007391940861799284,0.3082962054842885,0.0,0.8974190346158792,0.0,0.8974190346158792,0.10258096538412076,0.0003032861878425465,0.0,0.10181245440987072,True,0,long_only,1.6277744005952877,1.8463208894709577
2025-08-20,3.0297298998968314,0.008097448025163656,0.3082962054842885,0.0,0.8982430065812841,0.0,0.8982430065812841,0.10175699341871591,0.0,0.0,0.0,True,0,long_only,1.633601226357746,1.8546324837499504
2025-08-21,3.007564965365914,-0.007315812056933657,0.3082962054842885,0.0,0.8974930852584992,0.0,0.8974930852584992,0.10250691474150075,0.0,0.0,0.0,True,0,long_only,1.640447644974312,1.8333806473982348
2025-08-22,3.038916965004864,0.010424379855460852,0.3082962054842885,0.0,0.8985506320065592,0.0,0.8985506320065592,0.10144936799344084,0.0,0.0,0.0,True,0,long_only,1.6560119382836278,1.835081556328964
2025-08-25,3.038607601249894,-0.00010180066073950389,0.005432595051240263,0.0,0.9982121432695009,0.0,0.9982121432695009,0.0017878567304990822,0.00033670238038060384,0.0,0.11069613435984219,True,0,long_only,1.6636851453894004,1.826431888071394
2025-08-26,3.0327766729014014,-0.001918947463336318,0.3061207612565681,0.0,0.8990625442381459,0.0,0.8990625442381459,0.10093745576185409,0.0003009891553606886,0.0,0.09909767558100589,True,0,long_only,1.662927142991714,1.8237579954616887
2025-08-27,2.956756681651757,-0.025066135574340564,0.3061207612565681,0.0,0.8964673815886813,0.0,0.8964673815886813,0.10353261841131867,0.0,0.0,0.0,True,0,long_only,1.6161038066832973,1.8295586393796444
2025-08-28,2.9569924848978193,7.975064283294309e-05,0.3061207612565681,0.0,0.8964756377231218,0.0,0.8964756377231218,0.10352436227687822,0.0,0.0,0.0,True,0,long_only,1.6191575025294984,1.82625376486124
2025-08-29,2.9543016431439706,-0.0009099927604117042,0.3061207612565681,0.0,0.8963813454976811,0.0,0.8963813454976811,0.10361865450231889,0.0,0.0,0.0,True,0,long_only,1.6132981473838583,1.8312186423412795
2025-09-01,2.940316012780936,-0.004733988621470342,0.003935387918118969,0.0,0.9986615765444896,0.0,0.9986615765444896,0.0013384234555103847,0.0016671757614824376,0.0,0.5637791200201774,True,0,long_only,1.6016414462292685,1.8358141391154046
2025-09-02,2.92081648135107,-0.006631780851141689,0.5036036882632363,0.0,0.8275811946835201,0.0,0.8275811946835201,0.1724188053164799,0.0005001684688139313,0.0,0.17010310806542686,True,0,long_only,1.5875941742585504,1.8397752578773292
2025-09-03,2.948109095119215,0.00934417274840893,0.5036036882632363,0.0,0.8291773906545776,0.0,0.8291773906545776,0.17082260934542237,0.0,0.0,0.0,True,0,long_only,1.5917033808194558,1.8521724151904744
2025-09-04,2.9509539776857654,0.0009649855126665496,0.5036036882632363,0.0,0.8293420730816754,0.0,0.8293420730816754,0.1706579269183246,0.0,0.0,0.0,True,0,long_only,1.58866459427388,1.8575059759763437
2025-09-05,3.0146702972261346,0.0215917699910515,0.5036036882632363,0.0,0.8329489998536114,0.0,0.8329489998536114,0.16705100014638863,0.0,0.0,0.0,True,0,long_only,1.6230884751783865,1.8573665843415008
2025-09-08,3.0487430865073395,0.011302326928605,0.003723084874478605,0.0,0.9987788131801083,0.0,0.9987788131801083,0.0012211868198916953,0.0018288763194805146,0.0,0.6034783247799452,True,0,long_only,1.6333877522806148,1.8665152118659745
2025-09-09,3.0260029771981687,-0.00745884735575475,0.003723084874478605,0.0,0.9987696360834628,0.0,0.9987696360834628,0.0012303639165371916,0.0,0.0,0.0,True,0,long_only,1.6177075730437136,1.8705500472528234
2025-09-10,2.997529994476424,-0.009409436453399755,0.003723084874478605,0.0,0.9987579490842997,0.0,0.9987579490842997,0.001242050915700288,0.0,0.0,0.0,True,0,long_only,1.6074933467245962,1.8647231110375326
2025-09-11,3.0309777897523813,0.011158452238206662,0.003723084874478605,0.0,0.9987716555076497,0.0,0.9987716555076497,0.0012283444923503195,0.0,0.0,0.0,True,0,long_only,1.6273088237984967,1.8625707336099933
2025-09-12,3.0439000622015198,0.004263400574173959,0.003723084874478605,0.0,0.9987768701999414,0.0,0.9987768701999414,0.0012231298000585644,0.0,0.0,0.0,True,0,long_only,1.6300091014503362,1.8674129239481811
2025-09-15,3.0334119986106995,-0.003445600504779711,0.005587523690955287,0.0,0.9981580069922865,0.0,0.9981580069922865,0.0018419930077134827,0.0004850223022748451,0.0,0.159485386468001,True,0,long_only,1.6182202496765699,1.8745359287260068
2025-09-16,3.0124130898709995,-0.006922537640557058,0.005587523690955287,0.0,0.9981451668399188,0.0,0.9981451668399188,0.0018548331600811707,0.0,0.0,0.0,True,0,long_only,1.6153752840391193,1.8648379231968293
2025-09-17,3.027519376105341,0.005014679522252541,0.005587523690955287,0.0,0.9981544218230097,0.0,0.9981544218230097,0.0018455781769902702,0.0,0.0,0.0,True,0,long_only,1.6245797440886318,1.8635708016929264
2025-09-18,3.008462115389025,-0.006294678364975992,0.005587523690955287,0.0,0.9981427309114601,0.0,0.9981427309114601,0.0018572690885398924,0.0,0.0,0.0,True,0,long_only,1.6136092096105352,1.8644304317742182
2025-09-19,2.994504318009636,-0.004639512429952752,0.005587523690955287,0.0,0.9981340739242383,0.0,0.9981340739242383,0.001865926075761748,0.0,0.0,0.0,True,0,long_only,1.6048062841346744,1.865959990070888
2025-09-22,2.9682757767341577,-0.008758892454331701,0.005466120640957068,0.0,0.9981584862552861,0.0,0.9981584862552861,0.001841513744713863,0.0005030010008176151,0.0,0.16820868024348593,True,0,long_only,1.5979856179464607,1.8575109459049008
2025-09-23,2.9635757825222777,-0.001583408876196346,0.005466120640957068,0.0,0.9981555657617417,0.0,0.9981555657617417,0.0018444342382583079,0.0,0.0,0.0,True,0,long_only,1.5950586511555727,1.8579729217952299
2025-09-24,3.011394397247479,0.01613544523045829,0.005466120640957068,0.0,0.9981848539513942,0.0,0.9981848539513942,0.0018151460486057758,0.0,0.0,0.0,True,0,long_only,1.6157242972128418,1.8638046122362566
2025-09-25,3.0186153759537606,0.0023978854157669094,0.005466120640957068,0.0,0.9981891960517725,0.0,0.9981891960517725,0.001810803948227524,0.0,0.0,0.0,True,0,long_only,1.6231199880183438,1.859761076344804
2025-09-26,3.026212357630277,0.002516710720098292,0.005466120640957068,0.0,0.998193741880944,0.0,0.998193741880944,0.0018062581190559923,0.0,0.0,0.0,True,0,long_only,1.6198660331569295,1.8681868103206924
2025-09-29,3.0679917510107377,0.013805836617882594,0.004661392924552627,0.0,0.9984806370737415,0.0,0.9984806370737415,0.0015193629262585384,0.001390725288042466,0.0,0.45870998341605207,True,0,long_only,1.6338838253741388,1.8777294342259654
2025-09-30,3.0881695589821594,0.006576878169497702,0.004661392924552627,0.0,0.9984905644474751,0.0,0.9984905644474751,0.0015094355525249181,0.0,0.0,0.0,True,0,long_only,1.6450810489912844,1.8772142326213865
2025-10-09,3.1149427881311507,0.0086696111199982,0.005103756326458747,0.0,0.9983615248582074,0.0,0.9983615248582074,0.0016384751417926058,0.0010874866367852289,0.0,0.3506836098873867,True,0,long_only,1.6529426554413187,1.8844832746478388
2025-10-10,3.099179972767405,-0.005060386798693917,0.005103756326458747,0.0,0.9983531913695539,0.0,0.9983531913695539,0.0016468086304460838,0.0,0.0,0.0,True,0,long_only,1.6455120633184444,1.8834137055898585
2025-10-13,3.103949200457046,0.0015388676138683444,0.005512408419147708,0.0,0.998224066161155,0.0,0.998224066161155,0.0017759338388450008,0.0005691224720222944,0.0,0.18682060852961122,True,0,long_only,1.6386727605044493,1.8941849008959701
2025-10-14,3.0560060619883487,-0.015445851517685294,0.005512408419147708,0.0,0.9981962050115958,0.0,0.9981962050115958,0.001803794988404217,0.0,0.0,0.0,True,0,long_only,1.6259046387578113,1.879572755461927
2025-10-15,3.0684432229159344,0.004069743539544479,0.005512408419147708,0.0,0.9982035162397729,0.0,0.9982035162397729,0.0017964837602271189,0.0,0.0,0.0,True,0,long_only,1.6338357089948488,1.87806105964208
2025-10-16,3.0267005979539547,-0.013603844663063969,0.005512408419147708,0.0,0.9981787401030435,0.0,0.9981787401030435,0.001821259896956473,0.0,0.0,0.0,True,0,long_only,1.6221220814196908,1.865889523743471
2025-10-17,3.0050522334946135,-0.007152463138896392,0.005512408419147708,0.0,0.9981656197660375,0.0,0.9981656197660375,0.0018343802339625404,0.0,0.0,0.0,True,0,long_only,1.6068810488557452,1.8701149258275847
2025-10-20,3.0184516629168834,0.004458967226232735,0.00547500177849771,0.0,0.9981861555559226,0.0,0.9981861555559226,0.0018138444440773949,0.0005687621666445469,0.0,0.18785535879438262,True,0,long_only,1.6078586245899096,1.8773116098355669
2025-10-21,3.0624548849543825,0.014578077422308988,0.00547500177849771,0.0,0.9982122179806154,0.0,0.9982122179806154,0.001787782019384565,0.0,0.0,0.0,True,0,long_only,1.6237637987271523,1.8860223927611897
2025-10-22,3.040740339560985,-0.007090568256231111,0.00547500177849771,0.0,0.9981994510654967,0.0,0.9981994510654967,0.001800548934503321,0.0,0.0,0.0,True,0,long_only,1.6173521217629028,1.8800731755596913
2025-10-23,3.0549562429860986,0.00467514547038439,0.00547500177849771,0.0,0.9982078297222529,0.0,0.9982078297222529,0.0017921702777471404,0.0,0.0,0.0,True,0,long_only,1.6195746240992581,1.886270751299985
2025-10-24,3.0833983962258666,0.009310167143987469,0.00547500177849771,0.0,0.9982243612161181,0.0,0.9982243612161181,0.0017756387838818721,0.0,0.0,0.0,True,0,long_only,1.6305488859025108,1.891018676523275
2025-10-27,3.0914702836513825,0.002617854194707947,0.005615296802126732,0.0,0.9981836161156644,0.0,0.9981836161156644,0.0018163838843355817,0.0005697118625501736,0.0,0.1838768191165687,True,0,long_only,1.644031976383668,1.880419802084145
2025-10-28,3.0706791716931843,-0.006725315157693035,0.005615296802126732,0.0,0.998171317650541,0.0,0.998171317650541,0.0018286823494589877,0.0,0.0,0.0,True,0,long_only,1.6401348885089277,1.8722113609111668
2025-10-29,3.1116889761666116,0.013355287928310089,0.005615296802126732,0.0,0.9981954183579606,0.0,0.9981954183579606,0.001804581642039449,0.0,0.0,0.0,True,0,long_only,1.6558052411613262,1.8792602528448197
2025-10-30,3.1170002134926897,0.00170686638888351,0.005615296802126732,0.0,0.9981984932892145,0.0,0.9981984932892145,0.0018015067107854943,0.0,0.0,0.0,True,0,long_only,1.6415299246605932,1.8988384961286455
2025-10-31,3.0784292534996114,-0.01237438477742625,0.005615296802126732,0.0,0.9981759214392394,0.0,0.9981759214392394,0.0018240785607606114,0.0,0.0,0.0,True,0,long_only,1.643348859336848,1.8732658230230381
2025-11-03,3.076073200502887,-0.0007653425830871363,0.00420950670811316,0.0,0.9986315323356334,0.0,0.9986315323356334,0.0013684676643666016,0.0019403477252413286,0.0,0.6298174363422482,True,0,long_only,1.6464808290113304,1.8682714953626214
2025-11-04,3.0279229558596916,-0.015653153063887815,0.23580149834228775,0.0,0.9221243400906353,0.0,0.9221243400906353,0.07787565990936474,0.00023182381544962425,0.0,0.07556976287556093,True,0,long_only,1.6354001690172535,1.8514874910886394
2025-11-05,3.055288896721496,0.009037859040913032,0.4579794157079422,0.0,0.8501027460285734,0.0,0.8501027460285734,0.14989725397142661,0.00022240031768333782,0.0,0.07380157464727298,True,0,long_only,1.6475105872976825,1.8544881715952501
2025-11-06,3.047077970063083,-0.002687446894866219,0.4579794157079422,0.0,0.8496988195879803,0.0,0.8496988195879803,0.15030118041201967,0.0,0.0,0.0,True,0,long_only,1.6561932218253188,1.8398082602372001
2025-11-07,3.051179407911094,0.0013460232682940276,0.4579794157079422,0.0,0.8499008565276451,0.0,0.8499008565276451,0.15009914347235487,0.0,0.0,0.0,True,0,long_only,1.6574388261229924,1.8409001646523981
2025-11-10,3.061721131680336,0.003454966870158227,0.0041834591785690975,0.0,0.9986336250106902,0.0,0.9986336250106902,0.0013663749893098043,0.0014669179531809058,0.0,0.4798548550154007,True,0,long_only,1.6668133877387268,1.8368709744010414
2025-11-11,3.0483305464666213,-0.004373548287974094,0.0041834591785690975,0.0,0.9986276228529684,0.0,0.9986276228529684,0.0013723771470316448,0.0,0.0,0.0,True,0,long_only,1.6640924403746573,1.831827651221295
2025-11-12,3.0393515821286106,-0.002945535007159328,0.0041834591785690975,0.0,0.9986235685258764,0.0,0.9986235685258764,0.001376431474123585,0.0,0.0,0.0,True,0,long_only,1.6570464404383607,1.8341981901995277
2025-11-13,3.1137326915714207,0.024472690122515184,0.0041834591785690975,0.0,0.9986564488371485,0.0,0.9986564488371485,0.001343551162851453,0.0,0.0,0.0,True,0,long_only,1.675894507210341,1.8579526802999522
2025-11-14,3.0899869780026705,-0.007626124629460773,0.26189232435590293,0.0,0.9152448452953718,0.0,0.9152448452953718,0.08475515470462824,0.0002579668320093432,0.0,0.08321648882032608,True,0,long_only,1.6661336591693214,1.8545852915205103
2025-11-17,3.059425613255131,-0.009890450984131327,0.0042377872760089265,0.0,0.998614842192061,0.0,0.998614842192061,0.0013851578079390192,0.0016743258057925993,0.0,0.5418602434676203,True,0,long_only,1.6628759769827508,1.8398399252879862
2025-11-18,3.0226846878373475,-0.012009092575613445,0.0042377872760089265,0.0,0.9985980055104454,0.0,0.9985980055104454,0.001401994489554581,0.0,0.0,0.0,True,0,long_only,1.653753518086676,1.82777218901065
2025-11-19,3.019803623144677,-0.0009531476122081051,0.0042377872760089265,0.0,0.9985966679278316,0.0,0.9985966679278316,0.0014033320721683618,0.0,0.0,0.0,True,0,long_only,1.6576797468671833,1.8217050843817963
2025-11-20,3.017098776520251,-0.0008957028211026286,0.23829110858035302,0.0,0.9210197854857161,0.0,0.9210197854857161,0.07898021451428394,0.00023428760891325737,0.0,0.07748423120922629,True,0,long_only,1.6537870640130823,1.8243574654641175
2025-11-21,2.9902311059019056,-0.008905134570812101,0.23829110858035302,0.0,0.9203101365275643,0.0,0.9203101365275643,0.07968986347243567,0.0,0.0,0.0,True,0,long_only,1.6364346711719862,1.827284130909029
2025-11-24,3.010018485009607,0.006617341070610516,0.004923717225384431,0.0,0.9983642235920127,0.0,0.9983642235920127,0.0016357764079872883,0.0008210198659259001,0.0,0.27418633986138935,True,0,long_only,1.6400135810174785,1.8353619261751268
2025-11-25,3.021376232289937,0.0037733147942093925,0.260495621700953,0.0,0.9137824614766629,0.0,0.9137824614766629,0.08621753852333713,0.0002558277322077763,0.0,0.08490410483165295,True,0,long_only,1.6436988890537947,1.8381567648495587
2025-11-26,2.999772779448824,-0.007150202814940276,0.260495621700953,0.0,0.9131615489394447,0.0,0.9131615489394447,0.08683845106055532,0.0,0.0,0.0,True,0,long_only,1.6296516170830768,1.8407448242331297
2025-11-27,2.988235315980697,-0.0038461124613067277,0.260495621700953,0.0,0.912826268966217,0.0,0.912826268966217,0.08717373103378301,0.0,0.0,0.0,True,0,long_only,1.6209493293864348,1.8435093940362777
2025-11-28,3.0198918701789967,0.010593728689639814,0.260495621700953,0.0,0.9137400831224091,0.0,0.9137400831224091,0.08625991687759094,0.0,0.0,0.0,True,0,long_only,1.6319828895444464,1.850443340752165
2025-12-01,3.0356708195784083,0.005225004761006957,0.004482723302496407,0.0,0.9985233170627114,0.0,0.9985233170627114,0.0014766829372886425,0.0012892022383597006,0.0,0.42701590345001,True,0,long_only,1.633552432282973,1.8583246913819003
2025-12-02,3.0221616776449696,-0.004450134002116579,0.004482723302496407,0.0,0.9985167162512663,0.0,0.9985167162512663,0.0014832837487337436,0.0,0.0,0.0,True,0,long_only,1.6250453208854228,1.8597399338981595
2025-12-03,3.020625494799559,-0.0005083059773981491,0.004482723302496407,0.0,0.9985159619058324,0.0,0.9985159619058324,0.001484038094167639,0.0,0.0,0.0,True,0,long_only,1.6216243140874593,1.86271596235862
2025-12-04,3.0253216686932247,0.0015547024620401473,0.004482723302496407,0.0,0.9985182655620112,0.0,0.9985182655620112,0.0014817344379888242,0.0,0.0,0.0,True,0,long_only,1.6179823785620524,1.869811259243698
2025-12-05,3.0612956551703085,0.011890962488171564,0.004482723302496407,0.0,0.9985356777628043,0.0,0.9985356777628043,0.0014643222371957254,0.0,0.0,0.0,True,0,long_only,1.6332471304679013,1.8743615696990648
2025-12-08,3.064986505325018,0.0012056496890380242,0.005058427999208781,0.0,0.9983496083945491,0.0,0.9983496083945491,0.001650391605450885,0.0010486976037213146,0.0,0.3428396145514005,True,0,long_only,1.6397713048823217,1.869154860924327
2025-12-09,3.0437101379729006,-0.006941749112158391,0.005058427999208781,0.0,0.9983380717052848,0.0,0.9983380717052848,0.0016619282947152314,0.0,0.0,0.0,True,0,long_only,1.6297295520636166,1.867616706169963
2025-12-10,3.048441197645235,0.001554372610357957,0.005058427999208781,0.0,0.9983406509519961,0.0,0.9983406509519961,0.0016593490480039108,0.0,0.0,0.0,True,0,long_only,1.636945992413877,1.8622735336246101
2025-12-11,3.030852351754685,-0.005769783554997354,0.005058427999208781,0.0,0.9983310213061748,0.0,0.9983310213061748,0.0016689786938252071,0.0,0.0,0.0,True,0,long_only,1.6308785847549692,1.8584169171674139
2025-12-12,3.0256697290072476,-0.001709955532619989,0.005058427999208781,0.0,0.9983281625384578,0.0,0.9983281625384578,0.0016718374615422027,0.0,0.0,0.0,True,0,long_only,1.6365285319963758,1.8488340837640513
2025-12-15,3.031695345181672,0.001991498317432505,0.005313769646181343,0.0,0.9982472613369194,0.0,0.9982472613369194,0.0017527386630805664,0.0004601413059369954,0.0,0.15224295500657137,True,0,long_only,1.6335646308016665,1.8558771951948283
2025-12-16,3.0139048770575374,-0.0058681582740197635,0.005313769646181343,0.0,0.9982369152767127,0.0,0.9982369152767127,0.0017630847232873448,0.0,0.0,0.0,True,0,long_only,1.621870656395514,1.858289294015415
2025-12-17,3.1040057095592273,0.029895048509180233,0.005313769646181343,0.0,0.9982880928247597,0.0,0.9982880928247597,0.0017119071752402792,0.0,0.0,0.0,True,0,long_only,1.6371794585077553,1.8959471384941786
2025-12-18,3.1504433737039115,0.014960560156726643,0.005313769646181343,0.0,0.9983133264065197,0.0,0.9983133264065197,0.0016866735934802923,0.0,0.0,0.0,True,0,long_only,1.6380957028007122,1.9232352348629467
2025-12-19,3.237474882914144,0.027625162203093856,0.005313769646181343,0.0,0.9983586684566342,0.0,0.9983586684566342,0.001641331543365765,0.0,0.0,0.0,True,0,long_only,1.6443532040425892,1.9688439654904535
2025-12-22,3.2893097172360317,0.016010883851314883,0.005120839190030703,0.0,0.998443187285406,0.0,0.998443187285406,0.001556812714593958,0.0013846250166941285,0.0,0.42490863848986554,True,0,long_only,1.653450249358053,1.9893611667560582
2025-12-23,3.2731257857524434,-0.004920160421131525,0.005120839190030703,0.0,0.9984354896434713,0.0,0.9984354896434713,0.0015645103565287144,0.0,0.0,0.0,True,0,long_only,1.6499489356453594,1.983773991449133
2025-12-24,3.323879536264723,0.015506202277103087,0.005120839190030703,0.0,0.9984593788270122,0.0,0.9984593788270122,0.0015406211729878105,0.0,0.0,0.0,True,0,long_only,1.6616412158128044,2.0003593463098004
2025-12-25,3.3426631053577363,0.0056510980280957135,0.005120839190030703,0.0,0.9984680361051572,0.0,0.9984680361051572,0.0015319638948427805,0.0,0.0,0.0,True,0,long_only,1.6720912801599905,1.999091284680284
2025-12-26,3.327237475952063,-0.004614772389400779,0.005120839190030703,0.0,0.9984609336643261,0.0,0.9984609336643261,0.001539066335673911,0.0,0.0,0.0,True,0,long_only,1.6713641129067782,1.9907316725650208
2025-12-29,3.2906776445148034,-0.010988043895724053,0.0054926503413177084,0.0,0.9983308452134553,0.0,0.9983308452134553,0.0016691547865447243,0.001156322258042343,0.0,0.34720521727626436,True,0,long_only,1.6642330621873707,1.977293757275636
2025-12-30,3.3045293794985877,0.004209386782954461,0.0054926503413177084,0.0,0.9983378418798773,0.0,0.9983378418798773,0.0016621581201227142,0.0,0.0,0.0,True,0,long_only,1.666545698022959,1.982861546142291
2025-12-31,3.3156649411715966,0.0033697874626548163,0.0054926503413177084,0.0,0.9983434241882786,0.0,0.9983434241882786,0.0016565758117214058,0.0,0.0,0.0,True,0,long_only,1.6667978007426187,1.9892424502206254
2026-01-05,3.3412540005428557,0.007717625220061253,0.004962158767864865,0.0,0.9985148813089161,0.0,0.9985148813089161,0.0014851186910839198,0.0016551776086566594,0.0,0.499341126835216,True,0,long_only,1.6908719162314167,1.9760538740212679
2026-01-06,3.3997740182735456,0.017514387628471795,0.004962158767864865,0.0,0.998540444529197,0.0,0.998540444529197,0.001459555470803009,0.0,0.0,0.0,True,0,long_only,1.7137820897282374,1.9837843087814413
2026-01-07,3.3986477133174113,-0.00033128818270866667,0.004962158767864865,0.0,0.9985399608354755,0.0,0.9985399608354755,0.0014600391645245292,0.0,0.0,0.0,True,0,long_only,1.7188939467561768,1.9772294385765883
2026-01-08,3.406073209257796,0.0021848383730058707,0.004962158767864865,0.0,0.9985431438307381,0.0,0.9985431438307381,0.0014568561692619442,0.0,0.0,0.0,True,0,long_only,1.7256055039716343,1.9738423419596287
2026-01-09,3.433165960844048,0.007954248168422717,0.004962158767864865,0.0,0.998554640578271,0.0,0.998554640578271,0.0014453594217289645,0.0,0.0,0.0,True,0,long_only,1.7409620836154243,1.9719935276904221
2026-01-12,3.437310118579144,0.0012070950785254553,0.0051078481759953285,0.0,0.9985139984465217,0.0,0.9985139984465217,0.0014860015534783333,0.001741733748091298,0.0,0.5076909541080417,True,0,long_only,1.7647996833806705,1.947705539018793
2026-01-13,3.39039492497959,-0.013648810256011279,0.0051078481759953285,0.0,0.9984934356353703,0.0,0.9984934356353703,0.0015065643646297033,0.0,0.0,0.0,True,0,long_only,1.745318649027609,1.9425650020232825
2026-01-14,3.396907485586081,0.0019208855459604823,0.0051078481759953285,0.0,0.9984963240248169,0.0,0.9984963240248169,0.001503675975183083,0.0,0.0,0.0,True,0,long_only,1.7480212986136385,1.9432872404244612
2026-01-15,3.379631396693746,-0.005085828497137901,0.0051078481759953285,0.0,0.9984886374943159,0.0,0.9984886374943159,0.0015113625056840663,0.0,0.0,0.0,True,0,long_only,1.7515107526553806,1.929552183205299
2026-01-16,3.3893854243298227,0.0028861217367133207,0.0051078481759953285,0.0,0.9984929869175307,0.0,0.9984929869175307,0.0015070130824692551,0.0,0.0,0.0,True,0,long_only,1.759685115570799,1.926131780247734
2026-01-19,3.4235908183308235,0.01009191629711581,0.004310210760448652,0.0,0.9987410263115059,0.0,0.9987410263115059,0.0012589736884941471,0.0024646445845687075,0.0,0.726311982852857,True,0,long_only,1.7676039872891436,1.9368539802749352
2026-01-20,3.411401463625249,-0.003560400571326894,0.004310210760448652,0.0,0.9987365278445216,0.0,0.9987365278445216,0.0012634721554783956,0.0,0.0,0.0,True,0,long_only,1.756221752805151,1.942466239343829
2026-01-21,3.4155105812297624,0.0012045247820660077,0.004310210760448652,0.0,0.9987380478971034,0.0,0.9987380478971034,0.0012619521028965908,0.0,0.0,0.0,True,0,long_only,1.7719998590393398,1.9274891946557065
2026-01-22,3.448290231875579,0.009597291493096183,0.004310210760448652,0.0,0.9987500440883411,0.0,0.9987500440883411,0.0012499559116588843,0.0,0.0,0.0,True,0,long_only,1.788212368078103,1.92834491776928
2026-01-23,3.4706264864577845,0.006477486835572144,0.004310210760448652,0.0,0.9987580885533874,0.0,0.9987580885533874,0.0012419114466125647,0.0,0.0,0.0,True,0,long_only,1.8110828963891707,1.9163266868553135
2026-01-26,3.4318924955165224,-0.011160518451755141,0.00629300361102006,0.0,0.9981663168006453,0.0,0.9981663168006453,0.0018336831993547298,0.0006319504393000532,0.0,0.1822183391195421,True,0,long_only,1.7895840237356067,1.917704030656652
2026-01-27,3.417426700545794,-0.004215107259224027,0.35451679519717005,0.0,0.8962620631656706,0.0,0.8962620631656706,0.10373793683432941,0.0003485723639501001,0.0,0.10152182057770569,True,0,long_only,1.792346649371878,1.9066773169930158
2026-01-28,3.4844316171770298,0.019606833592227257,0.35451679519717005,0.0,0.8982569227504634,0.0,0.8982569227504634,0.10174307724953657,0.0,0.0,0.0,True,0,long_only,1.8076012358454827,1.9276550314744783
2026-01-29,3.4483560317258513,-0.010353363020051298,0.35451679519717005,0.0,0.8971925195845454,0.0,0.8971925195845454,0.10280748041545462,0.0,0.0,0.0,True,0,long_only,1.7949357849645124,1.9211584395449715
2026-01-30,3.398037062652108,-0.01459216177529088,0.6958606583277333,0.0,0.795216872124218,0.0,0.795216872124218,0.204783127875782,0.0003416855486792425,0.0,0.09932312321042114,True,0,long_only,1.7638495543135657,1.9264891692956865
2026-02-02,3.3313714381443886,-0.019618863266808506,0.005371162205197297,0.0,0.998387702390764,0.0,0.998387702390764,0.0016122976092359798,0.0007082995026506699,0.0,0.20889471546673125,True,0,long_only,1.7217416231755591,1.9348846501137889
2026-02-03,3.4136832993483317,0.024708100772392827,0.005371162205197297,0.0,0.9984265786441809,0.0,0.9984265786441809,0.0015734213558190602,0.0,0.0,0.0,True,0,long_only,1.7669588211893692,1.9319540774869473
2026-02-04,3.404338388965014,-0.0027374860418661884,0.005371162205197297,0.0,0.9984222596018634,0.0,0.9984222596018634,0.001577740398136629,0.0,0.0,0.0,True,0,long_only,1.766308911221214,1.9273742929889186
2026-02-05,3.3872288973286135,-0.005025790530066021,0.005371162205197297,0.0,0.9984142901563478,0.0,0.9984142901563478,0.0015857098436522499,0.0,0.0,0.0,True,0,long_only,1.7514592477986757,1.9339467370341945
2026-02-06,3.412414203971776,0.007435371923942169,0.005371162205197297,0.0,0.9984259934802329,0.0,0.9984259934802329,0.001574006519767135,0.0,0.0,0.0,True,0,long_only,1.7646682104569769,1.9337426626437046
2026-02-09,3.448266275736731,0.01050636576392927,0.006103442147684133,0.0,0.9982299968564985,0.0,0.9982299968564985,0.0017700031435015084,0.0007213117014494821,0.0,0.21100394948700776,True,0,long_only,1.7867831083045485,1.9298740063693232
2026-02-10,3.4340828648747075,-0.004113200584833887,0.3564965749684941,0.0,0.8961887091849483,0.0,0.8961887091849483,0.1038112908150517,0.00035074387669750744,0.0,0.10179721375754863,True,0,long_only,1.7826383227307876,1.9264047120977998
2026-02-11,3.438542962164786,0.0012987739275887034,0.3564965749684941,0.0,0.8963233616996729,0.0,0.8963233616996729,0.10367663830032714,0.0,0.0,0.0,True,0,long_only,1.7835596497398665,1.927910267910748
2026-02-12,3.447017093193474,0.002464454020767226,0.6935885703299085,0.0,0.7987858627972929,0.0,0.7987858627972929,0.2012141372027071,0.00033742942478620066,0.0,0.09811966052893263,True,0,long_only,1.7916015231883677,1.9239864716452673
2026-02-13,3.4268129903789966,-0.005861329453333175,0.6935885703299085,0.0,0.7975995269431965,0.0,0.7975995269431965,0.20240047305680353,0.0,0.0,0.0,True,0,long_only,1.7838134466982338,1.921060185257538
2026-02-24,3.4559345973119795,0.008498160540054034,0.34819472021227077,0.0,0.8992473062183827,0.0,0.8992473062183827,0.10075269378161733,0.0010588363630686757,0.0,0.3080728017013878,True,0,long_only,1.7984550576075045,1.9216129881551947
2026-02-25,3.4555224351565665,-0.00011926213989510437,0.34819472021227077,0.0,0.8992352888032994,0.0,0.8992352888032994,0.10076471119670061,0.0,0.0,0.0,True,0,long_only,1.8006792541825671,1.9190105217962479
2026-02-26,3.422221854834304,-0.009636916254243233,0.34819472021227077,0.0,0.8982547786256453,0.0,0.8982547786256453,0.10174522137435471,0.0,0.0,0.0,True,0,long_only,1.7821063317766668,1.9203241657429768
2026-02-27,3.4086539411384202,-0.003964650531559699,0.34819472021227077,0.0,0.8978497887362596,0.0,0.8978497887362596,0.10215021126374035,0.0,0.0,0.0,True,0,long_only,1.7796357928935496,1.9153660286840004
2026-03-02,3.4234235837985767,0.004332983903676535,0.0053747956808382095,0.0,0.998429993966778,0.0,0.998429993966778,0.0015700060332219934,0.001094181451741169,0.0,0.3207031199364003,True,0,long_only,1.7765790474176755,1.9269750978852598
2026-03-03,3.365064491739552,-0.01704699714496627,0.0053747956808382095,0.0,0.9984027659220107,0.0,0.9984027659220107,0.0015972340779892846,0.0,0.0,0.0,True,0,long_only,1.7444650915668254,1.9289950300565508
2026-03-04,3.3539886594637833,-0.0032914175353718766,0.0053747956808382095,0.0,0.9983974913970945,0.0,0.9983974913970945,0.0016025086029054503,0.0,0.0,0.0,True,0,long_only,1.740416877599386,1.9271179811184374
2026-03-05,3.3737669290194576,0.005896939901650189,0.3102718093737976,0.0,0.9080340118622319,0.0,0.9080340118622319,0.09196598813776813,0.0003052022159088683,0.0,0.09046170115254942,True,0,long_only,1.7382065737817236,1.9409470542268934
2026-03-06,3.38630107531011,0.003715178479829273,0.3102718093737976,0.0,0.9083744172554462,0.0,0.9083744172554462,0.09162558274455379,0.0,0.0,0.0,True,0,long_only,1.7427678032297613,1.9430592354497787
2026-03-09,3.381174584051343,-0.001513891158746894,0.3425325186889552,0.0,0.8986942229174896,0.0,0.8986942229174896,0.10130577708251043,0.001388283308601576,0.0,0.4105893079554971,True,0,long_only,1.737505158956864,1.9459939825912687
2026-03-10,3.4151854259970738,0.010058883710458488,0.3425325186889552,0.0,0.8997030977933059,0.0,0.8997030977933059,0.10029690220669407,0.0,0.0,0.0,True,0,long_only,1.7541500377137536,1.9469175113710382
2026-03-11,3.411414156319721,-0.0011042649832847529,0.3425325186889552,0.0,0.8995922209989056,0.0,0.8995922209989056,0.10040777900109443,0.0,0.0,0.0,True,0,long_only,1.7601991475946215,1.9380841997233933
2026-03-12,3.365200995349166,-0.013546628715526587,0.3425325186889552,0.0,0.8982133551124143,0.0,0.8982133551124143,0.10178664488758571,0.0,0.0,0.0,True,0,long_only,1.7416516387693322,1.9321894921116656
2026-03-13,3.387340574437919,0.006578976744435527,0.3425325186889552,0.0,0.8988786302523496,0.0,0.8988786302523496,0.1011213697476504,0.0,0.0,0.0,True,0,long_only,1.7236113850130357,1.9652577163803664
2026-03-16,3.3696646684151843,-0.0052182252225015935,0.004652603875665738,0.0,0.9986192679885105,0.0,0.9986192679885105,0.0013807320114894717,0.0017486748779037503,0.0,0.5181095749766835,True,0,long_only,1.7173921735659456,1.96208223158401
2026-03-17,3.3264963057829537,-0.01281087790036195,0.004652603875665738,0.0,0.9986013500548377,0.0,0.9986013500548377,0.0013986499451622558,0.0,0.0,0.0,True,0,long_only,1.6910992830659488,1.9670615079157527
2026-03-18,3.3600833719775673,0.010096829548923214,0.004652603875665738,0.0,0.9986153308234945,0.0,0.9986153308234945,0.001384669176505482,0.0,0.0,0.0,True,0,long_only,1.7070159780264018,1.9683959700613876
2026-03-19,3.325585858662601,-0.010266862305462143,0.004652603875665738,0.0,0.9986009671458198,0.0,0.9986009671458198,0.0013990328541801933,0.0,0.0,0.0,True,0,long_only,1.6789956417403493,1.9806995182045213
2026-03-20,3.298397989548646,-0.008175362257791141,0.004652603875665738,0.0,0.9985894352681489,0.0,0.9985894352681489,0.0014105647318510828,0.0,0.0,0.0,True,0,long_only,1.6692422483496423,1.9759852069462827
2026-03-23,3.277976333903167,-0.006191386154790202,0.005242700383486595,0.0,0.9984006289706051,0.0,0.9984006289706051,0.0015993710293948915,0.0013235512027706578,0.0,0.4024499127736297,True,0,long_only,1.6531408813700836,1.9828777878788277
2026-03-24,3.388409563133067,0.03368945287606895,0.005242700383486595,0.0,0.998452754814374,0.0,0.998452754814374,0.0015472451856259894,0.0,0.0,0.0,True,0,long_only,1.689269166414225,2.0058434916713543
2026-03-25,3.4451116653638367,0.016734134753869645,0.005242700383486595,0.0,0.9984782204779615,0.0,0.9984782204779615,0.0015217795220384689,0.0,0.0,0.0,True,0,long_only,1.7066218981030625,2.018673069408715
2026-03-26,3.365524401311575,-0.02310150490981444,0.005242700383486595,0.0,0.9984422337328935,0.0,0.9984422337328935,0.001557766267106464,0.0,0.0,0.0,True,0,long_only,1.683096715955459,1.9996025002051272
2026-03-27,3.3615847401800907,-0.0011705935425543323,0.005242700383486595,0.0,0.9984404080846685,0.0,0.9984404080846685,0.001559591915331504,0.0,0.0,0.0,True,0,long_only,1.690635400507865,1.9883558212316355
2026-03-30,3.3056123198000584,-0.016650605207421787,0.0052395524718730595,0.0,0.9984149525216588,0.0,0.9984149525216588,0.001585047478341206,0.0014197344468766398,0.0,0.42563161285646905,True,0,long_only,1.674960303987086,1.973546663721736
2026-03-31,3.2772494407398733,-0.008580219431751357,0.0052395524718730595,0.0,0.9984012347651237,0.0,0.9984012347651237,0.0015987652348763426,0.0,0.0,0.0,True,0,long_only,1.6477501526509075,1.9889237670331392
2026-04-01,3.3401852252331317,0.019203843232344697,0.0052395524718730595,0.0,0.9984313587066097,0.0,0.9984313587066097,0.0015686412933902938,0.0,0.0,0.0,True,0,long_only,1.6789485419042838,1.9894506245228059
2026-04-02,3.304521165359129,-0.01067727011202313,0.0052395524718730595,0.0,0.9984144291382369,0.0,0.9984144291382369,0.0015855708617631414,0.0,0.0,0.0,True,0,long_only,1.6615659916141963,1.988799230386761
2026-04-03,3.3050499223748404,0.00016001017674049933,0.0052395524718730595,0.0,0.9984146828051215,0.0,0.9984146828051215,0.0015853171948785327,0.0,0.0,0.0,True,0,long_only,1.663972488274174,1.9862407255319146
2026-04-07,3.321401513554243,0.004947456638613623,0.003931572824392118,0.0,0.9988162910119877,0.0,0.9988162910119877,0.0011837089880123441,0.002663651712582666,0.0,0.8063047676732057,True,0,long_only,1.670313007212713,1.988490480054835
2026-04-08,3.4091990549183313,0.026433883710173856,0.003931572824392118,0.0,0.9988467752216698,0.0,0.9988467752216698,0.0011532247783302418,0.0,0.0,0.0,True,0,long_only,1.7193025971323994,1.9828964724444007
2026-04-09,3.4413335652737516,0.00942582402428549,0.003931572824392118,0.0,0.9988575438126471,0.0,0.9988575438126471,0.0011424561873528694,0.0,0.0,0.0,True,0,long_only,1.715842622844166,2.0056230795627554
2026-04-10,3.4168457964528374,-0.0071157789143192485,0.003931572824392118,0.0,0.9988493560849385,0.0,0.9988493560849385,0.0011506439150614778,0.0,0.0,0.0,True,0,long_only,1.7107209392317237,1.9973133654325443
2026-04-13,3.4231413012941863,0.0018424901843343555,0.3474598365567588,0.0,0.8984967881911873,0.0,0.8984967881911873,0.10150321180881272,0.0017781897691553133,0.0,0.5183132280436107,True,0,long_only,1.703212073280568,2.009815075289392
2026-04-14,3.45465414514668,0.009205826192620226,0.3474598365567588,0.0,0.8994226854676921,0.0,0.8994226854676921,0.1005773145323079,0.0,0.0,0.0,True,0,long_only,1.7191490991055098,2.009513978132653
2026-04-15,3.4534132632131804,-0.00035919136369777505,0.3474598365567588,0.0,0.8993865459839377,0.0,0.8993865459839377,0.10061345401606225,0.0,0.0,0.0,True,0,long_only,1.720015871628211,2.007779881672889
2026-04-16,3.5164843548823264,0.018263406914254654,0.3474598365567588,0.0,0.9011911325371484,0.0,0.9011911325371484,0.09880886746285156,0.0,0.0,0.0,True,0,long_only,1.7439900270332729,2.0163443026473433
2026-04-17,3.5223235500216252,0.0016605207218371998,0.3474598365567588,0.0,0.9013549347121659,0.0,0.9013549347121659,0.09864506528783412,0.0,0.0,0.0,True,0,long_only,1.747755980832061,2.0153405788059375
2026-04-20,3.5250168714237065,0.0007646433849226586,0.00557216803828491,0.0,0.9984192506755196,0.0,0.9984192506755196,0.0015807493244803794,0.0011271060548048285,0.0,0.3195907644541506,True,0,long_only,1.7493932931188836,2.014993932633167
2026-04-21,3.5188114636668266,-0.0017603909380364824,0.00557216803828491,0.0,0.9984164630313901,0.0,0.9984164630313901,0.001583536968609911,0.0,0.0,0.0,True,0,long_only,1.7431781478446913,2.018618388497798
2026-04-22,3.5361924251743493,0.004939440969483178,0.00557216803828491,0.0,0.9984242463734111,0.0,0.9984242463734111,0.001575753626588905,0.0,0.0,0.0,True,0,long_only,1.7555725205324788,2.0142673594035263
2026-04-23,3.574375665838541,0.010797840183232932,0.00557216803828491,0.0,0.998441079349454,0.0,0.998441079349454,0.0015589206505459696,0.0,0.0,0.0,True,0,long_only,1.747894230710584,2.044961075468179
2026-04-24,3.5038383580236943,-0.019734161825516683,0.00557216803828491,0.0,0.9984096960336298,0.0,0.9984096960336298,0.0015903039663701657,0.0,0.0,0.0,True,0,long_only,1.7417837893885086,2.0116379423038455
2026-04-27,3.516512954302015,0.003617346173888425,0.3543253954493336,0.0,0.8992395591729981,0.0,0.8992395591729981,0.10076044082700186,0.0018407324415537886,0.0,0.5261045397509994,True,0,long_only,1.7478108741661806,2.0119527840674523
2026-04-28,3.4946875905499506,-0.006206535859725415,1.4104018486516476,0.0,0.5964154700221155,0.0,0.5964154700221155,0.4035845299778845,0.0010571335867891032,0.0,0.30016925053797927,True,0,long_only,1.7355347593401684,2.0136085271369577
2026-04-29,3.5112576316415205,0.004741494242969768,1.4104018486516476,0.0,0.5983200332718731,0.0,0.5983200332718731,0.4016799667281269,0.0,0.0,0.0,True,0,long_only,1.7500720051450642,2.0063503794807978
2026-04-30,3.5002209341438206,-0.003143232042628563,1.7584498133835085,0.0,0.49761748001954687,0.0,0.49761748001954687,0.5023825199804531,0.00034839636109295393,0.0,0.09911021174737182,True,0,long_only,1.7487108537675464,2.001600737253215
2026-05-06,3.5274821226290958,0.0077884193592892,1.0544758893679402,0.0,0.7010683958953646,0.0,0.7010683958953646,0.2989316041046354,0.0014298254918573298,0.0,0.4076558248564349,True,0,long_only,1.7693483754622732,1.9936617183755456
2026-05-07,3.5382457305994053,0.0030513571993064925,1.0544758893679402,0.0,0.701977768177988,0.0,0.701977768177988,0.29802223182201204,0.0,0.0,0.0,True,0,long_only,1.7747285999014633,1.9936827133995905
2026-05-08,3.5746514218135506,0.010289192437738848,1.0544758893679402,0.0,0.7050129467356662,0.0,0.7050129467356662,0.29498705326433383,0.0,0.0,0.0,True,0,long_only,1.774418893065752,2.014547656014554
2026-05-11,3.5693074436311125,-0.0014949648376418878,1.4370735152672065,0.0,0.5973802935268447,0.0,0.5973802935268447,0.40261970647315526,0.0011428411760381156,0.0,0.31866213746000815,True,0,long_only,1.7797171163515042,2.005547629360527
2026-05-12,3.536705280723898,-0.009134030458874731,1.4370735152672065,0.0,0.5936688524487219,0.0,0.5936688524487219,0.4063311475512781,0.0,0.0,0.0,True,0,long_only,1.7577201375179676,2.012098061138442
2026-05-13,3.536949333793781,6.900576963908556e-05,1.4370735152672065,0.0,0.5936968897075544,0.0,0.5936968897075544,0.4063031102924456,0.0,0.0,0.0,True,0,long_only,1.764995537375245,2.0039423663663416
2026-05-14,3.5025791790585634,-0.009717457472977586,1.4370735152672065,0.0,0.589709913237859,0.0,0.589709913237859,0.41029008676214096,0.0,0.0,0.0,True,0,long_only,1.7376115571476884,2.0157434868861555
2026-05-15,3.4870448744519025,-0.004435104479447061,1.4370735152672065,0.0,0.5878821274150974,0.0,0.5878821274150974,0.4121178725849026,0.0,0.0,0.0,True,0,long_only,1.7240339281466588,2.0226080342864745
2026-05-18,3.5088535814191,0.006254208865214439,1.3969688071450588,0.0,0.6018731546558072,0.0,0.6018731546558072,0.39812684534419285,0.000744517998238378,0.0,0.21357438160678546,True,0,long_only,1.7217531439987694,2.0379539271639096
2026-05-19,3.526934923362653,0.005153062538517217,1.3969688071450588,0.0,0.6039142095048468,0.0,0.6039142095048468,0.39608579049515324,0.0,0.0,0.0,True,0,long_only,1.7494210786336846,2.016058321486114
2026-05-20,3.4990252551880796,-0.007913292641068548,1.3969688071450588,0.0,0.6007548659233758,0.0,0.6007548659233758,0.3992451340766242,0.0,0.0,0.0,True,0,long_only,1.7438578764140964,2.006485334907649
2026-05-21,3.4957674014572344,-0.0009310746545811988,1.7615214271459965,0.0,0.4960987889492606,0.0,0.4960987889492606,0.5039012110507394,0.000364917537538476,0.0,0.10438457014781734,True,0,long_only,1.7228178036024937,2.0290987207976485
2026-05-22,3.507905818231536,0.0034723182009310793,1.7615214271459965,0.0,0.4978424397853292,0.0,0.4978424397853292,0.5021575602146708,0.0,0.0,0.0,True,0,long_only,1.726170024308937,2.0321902065446347
2026-05-25,3.483378424426126,-0.006992033160621025,1.4015439962496004,0.0,0.5976480802597554,0.0,0.5976480802597554,0.40235191974024465,0.0010845693941562756,0.0,0.30998986220356456,True,0,long_only,1.7276958556888131,2.0161988656489203
2026-05-26,3.4765946017282343,-0.0019474836986764776,1.7441225113839365,0.0,0.49832444929963254,0.0,0.49832444929963254,0.5016755507003674,0.0003429214365709072,0.0,0.09867383523630098,True,0,long_only,1.7213058649800181,2.0197424946138742
2026-05-27,3.453475209386482,-0.006650010999343925,1.7441225113839365,0.0,0.49496596742798576,0.0,0.49496596742798576,0.5050340325720142,0.0,0.0,0.0,True,0,long_only,1.7072714692234763,2.022803796374127
2026-05-28,3.460592658916764,0.002060952836996366,1.7441225113839365,0.0,0.49600467801666026,0.0,0.49600467801666026,0.5039953219833397,0.0,0.0,0.0,True,0,long_only,1.7232925292883046,2.008128393817119
2026-05-29,3.470687746288324,0.0029171556338907223,1.7441225113839365,0.0,0.4974706343867543,0.0,0.4974706343867543,0.5025293656132457,0.0,0.0,0.0,True,0,long_only,1.7057520759506883,2.034696480937279
2026-06-01,3.5002224669195723,0.00850976025222483,1.3896042517501197,0.0,0.60299544817988,0.0,0.60299544817988,0.39700455182011996,0.0010767844660556191,0.0,0.31040915583211726,True,0,long_only,1.7157081002907992,2.0401037136365514
2026-06-02,3.4884897594584823,-0.0033519890726875223,1.3896042517501197,0.0,0.6016602175819982,0.0,0.6016602175819982,0.39833978241800183,0.0,0.0,0.0,True,0,long_only,1.7225355434338425,2.02520625641445
2026-06-03,3.4756143605211087,-0.003690823200057758,1.3896042517501197,0.0,0.6001845695154245,0.0,0.6001845695154245,0.39981543048457546,0.0,0.0,0.0,True,0,long_only,1.7155105520575173,2.025994160369687
2026-06-04,3.460709062209184,-0.004288536289074885,1.3896042517501197,0.0,0.5984625616395937,0.0,0.5984625616395937,0.40153743836040634,0.0,0.0,0.0,True,0,long_only,1.7067360897919408,2.027676735089759
2026-06-05,3.455941676917006,-0.001377574712719376,1.3896042517501197,0.0,0.597908650764684,0.0,0.597908650764684,0.402091349235316,0.0,0.0,0.0,True,0,long_only,1.7010153233725653,2.0316934418115573
2026-06-08,3.4392895281971105,-0.004818411384404753,1.3828859930021107,0.0,0.5979152142718775,0.0,0.5979152142718775,0.40208478572812245,0.0007452755463272031,0.0,0.21597066659037514,True,0,long_only,1.6847780784486739,2.041390241356875
2026-06-09,3.4646273763022455,0.007367175080027932,1.3828859930021107,0.0,0.6008557796255574,0.0,0.6008557796255574,0.39914422037444264,0.0,0.0,0.0,True,0,long_only,1.7029091433996866,2.0345344845500484
2026-06-10,3.4210417356541467,-0.012580181333848639,1.3828859930021107,0.0,0.595770499205066,0.0,0.595770499205066,0.404229500794934,0.0,0.0,0.0,True,0,long_only,1.6852260351629078,2.0300195132716667
2026-06-11,3.4258803476905215,0.0014143680230342959,1.3828859930021107,0.0,0.596341420991439,0.0,0.596341420991439,0.40365857900856095,0.0,0.0,0.0,True,0,long_only,1.6899533000042695,2.027204152731242
2026-06-12,3.4586312643108736,0.009559854197018325,1.3828859930021107,0.0,0.6001637967967516,0.0,0.6001637967967516,0.3998362032032484,0.0,0.0,0.0,True,0,long_only,1.70556909817029,2.0278458773797223
2026-06-15,3.459027274597174,0.00011449913449479432,1.3872165979907678,0.0,0.5989576005432573,0.0,0.5989576005432573,0.4010423994567427,0.0007323632204066516,0.0,0.21156964962216065,True,0,long_only,1.7316715562395764,1.9975077041218194
2026-06-16,3.4684410146998625,0.0027214992410791172,1.3872165979907678,0.0,0.6000460748470277,0.0,0.6000460748470277,0.39995392515297234,0.0,0.0,0.0,True,0,long_only,1.7404263653361474,1.9928685773672274
2026-06-17,3.4542517583805203,-0.004090960826263368,1.3872165979907678,0.0,0.5984031578980376,0.0,0.5984031578980376,0.40159684210196245,0.0,0.0,0.0,True,0,long_only,1.735335855715921,1.990537881760907
2026-06-18,3.409455978891805,-0.012968301855831532,1.3872165979907678,0.0,0.5931267021544996,0.0,0.5931267021544996,0.4068732978455004,0.0,0.0,0.0,True,0,long_only,1.7201246417532254,1.9820982131950275
2026-06-22,3.4196039648503875,0.0029764238111327224,1.3679844222485187,0.0,0.5999582301606176,0.0,0.5999582301606176,0.40004176983938244,0.0007082402314711539,0.0,0.20747726833230348,True,0,long_only,1.7188620950684779,1.9894580110070748
2026-06-23,3.395324927382278,-0.007099955935736979,1.3679844222485187,0.0,0.5970976411664951,0.0,0.5970976411664951,0.4029023588335049,0.0,0.0,0.0,True,0,long_only,1.704924270918257,1.991481372690874
2026-06-24,3.374746402156842,-0.006060841205351664,1.3679844222485187,0.0,0.5946408235670025,0.0,0.5946408235670025,0.40535917643299746,0.0,0.0,0.0,True,0,long_only,1.7093120103226576,1.9743302461905767
2026-06-25,3.390534039728214,0.004678170057839548,1.3679844222485187,0.0,0.5965283326404307,0.0,0.5965283326404307,0.4034716673595693,0.0,0.0,0.0,True,0,long_only,1.6975085880960077,1.9973589904079192
2026-06-26,3.370707235560836,-0.0058476935889919535,1.3679844222485187,0.0,0.5941550758795263,0.0,0.5941550758795263,0.4058449241204737,0.0,0.0,0.0,True,0,long_only,1.6847567310409608,2.0007085732063983
2026-06-29,3.364830392512086,-0.0017435044452244197,1.6850502773610716,0.0,0.49921687550406924,0.0,0.49921687550406924,0.5007831244959308,0.002351073878340403,0.0,0.697764568410071,True,0,long_only,1.686943315516719,1.994631569159407
2026-06-30,3.369297564567808,0.001327606902761902,1.6850502773610716,0.0,0.49988083715686316,0.0,0.49988083715686316,0.5001191628431368,0.0,0.0,0.0,True,0,long_only,1.7087088613428265,1.9718382931074467
2026-07-01,3.383422740610187,0.004192320735016741,1.6850502773610716,0.0,0.5019687439184205,0.0,0.5019687439184205,0.4980312560815795,0.0,0.0,0.0,True,0,long_only,1.718106803452723,1.969273815696923
2026-07-02,3.383820089553083,0.0001174399338654819,1.6850502773610716,0.0,0.5020272258080883,0.0,0.5020272258080883,0.49797277419191166,0.0,0.0,0.0,True,0,long_only,1.709936506710202,1.978915635916398
2026-07-03,3.395941109756088,0.003582052202014463,1.6850502773610716,0.0,0.5038046235489344,0.0,0.5038046235489344,0.4961953764510656,0.0,0.0,0.0,True,0,long_only,1.7176561359565572,1.9770785541221843
2026-07-06,3.3992986439871684,0.0009886903578613104,1.7009778597595515,0.0,0.4996091729779855,0.0,0.4996091729779855,0.5003908270220145,0.0007003817928295204,0.0,0.20610071774866964,True,0,long_only,1.7183724600820418,1.9782082889205945
2026-07-07,3.387744843112985,-0.0033988778522360263,1.7009778597595515,0.0,0.4979026052633498,0.0,0.4979026052633498,0.5020973947366503,0.0,0.0,0.0,True,0,long_only,1.7018336406682348,1.9906439514162895
2026-07-08,3.3900374992049276,0.0006767499319211279,1.7009778597595515,0.0,0.4982421698407509,0.0,0.4982421698407509,0.5017578301592491,0.0,0.0,0.0,True,0,long_only,1.6957357367125943,1.9991543645691865
2026-07-09,3.386791837395037,-0.0009574117721858899,1.7009778597595515,0.0,0.49776132061666223,0.0,0.49776132061666223,0.5022386793833378,0.0,0.0,0.0,True,0,long_only,1.7051174141308998,1.9862513920317262
2026-07-10,3.390637467209428,0.00113547864735275,1.7009778597595515,0.0,0.4983309551051782,0.0,0.4983309551051782,0.5016690448948218,0.0,0.0,0.0,True,0,long_only,1.6960993203392003,1.999079550678282
2026-07-13,3.3887854675864295,-0.0005462098619829492,1.6979831628091573,0.0,0.498940496809171,0.0,0.498940496809171,0.5010595031908289,0.0013572897334665004,0.0,0.39995574835971015,True,0,long_only,1.675850457003949,2.0221287964111254
2026-07-14,3.407844731533133,0.005624216737531551,1.6979831628091573,0.0,0.5017428032745898,0.0,0.5017428032745898,0.49825719672541025,0.0,0.0,0.0,True,0,long_only,1.6952122169520105,2.010276175133066
2026-07-15,3.4176974151073947,0.002891177371754594,1.6979831628091573,0.0,0.5031792003284172,0.0,0.5031792003284172,0.49682079967158277,0.0,0.0,0.0,True,0,long_only,1.6904236206694412,2.0217993722507965
2026-07-16,3.420381052588432,0.0007852179859968444,1.6979831628091573,0.0,0.5035690068730269,0.0,0.5035690068730269,0.49643099312697314,0.0,0.0,0.0,True,0,long_only,1.6828371585854869,2.032508632899123
2026-07-17,3.4258300571939406,0.0015930986991594676,1.6979831628091573,0.0,0.5043586125226667,0.0,0.5043586125226667,0.49564138747733333,0.0,0.0,0.0,True,0,long_only,1.6700978388968746,2.051275067487516
2026-07-20,3.4418010562146866,0.004661935575936749,1.7151967417516867,0.0,0.5016572097754918,0.0,0.5016572097754918,0.4983427902245082,0.0007030171739833696,0.0,0.20516169052304145,True,0,long_only,1.6692544468683355,2.0618792195951916
2026-07-21,3.4497110114647858,0.0022982023425837106,1.7151967417516867,0.0,0.5027998762645932,0.0,0.5027998762645932,0.4972001237354068,0.0,0.0,0.0,True,0,long_only,1.6924584013570176,2.038284077587253
2026-07-22,3.454499236123611,0.0013880074716148272,1.7151967417516867,0.0,0.5034890371907113,0.0,0.5034890371907113,0.49651096280928875,0.0,0.0,0.0,True,0,long_only,1.6861704038184075,2.048724866894084
2026-07-23,3.45990607471799,0.0015651584281275444,1.7151967417516867,0.0,0.5042649410962727,0.0,0.5042649410962727,0.49573505890372727,0.0,0.0,0.0,True,0,long_only,1.6885480984203598,2.049042060427381
2026-07-24,3.444915076809677,-0.004332775972693215,1.7151967417516867,0.0,0.5021076852378829,0.0,0.5021076852378829,0.49789231476211715,0.0,0.0,0.0,True,0,long_only,1.6765837235165078,2.0547229634224453
2026-07-27,3.450536773511356,0.001631882521436534,1.7241729222653426,0.0,0.5003174765441554,0.0,0.5003174765441554,0.49968252345584463,0.0013882952146733697,0.0,0.40287724764048993,True,0,long_only,1.696988456812839,2.0333295489775485
2026-07-28,3.444943753042234,-0.0016209131611224503,1.7241729222653426,0.0,0.49950621958842634,0.0,0.49950621958842634,0.5004937804115737,0.0,0.0,0.0,True,0,long_only,1.6756132635849144,2.0559301050601024
2026-07-29,3.4601858777459436,0.004424491601713099,1.7241729222653426,0.0,0.5017108955463068,0.0,0.5017108955463068,0.49828910445369323,0.0,0.0,0.0,True,0,long_only,1.688923202870176,2.0487526442088444
2026-07-30,3.4606896975560812,0.0001456048397219245,1.7241729222653426,0.0,0.5017834382889217,0.0,0.5017834382889217,0.4982165617110783,0.0,0.0,0.0,True,0,long_only,1.6812933682753124,2.05834969842657
2026-07-31,3.4577803851051803,-0.0008406741734041656,1.7241729222653426,0.0,0.5013642480903552,0.0,0.5013642480903552,0.4986357519096448,0.0,0.0,0.0,True,0,long_only,1.6931665931367068,2.042197382774607
2026-08-03,3.4520673874817964,-0.0016522152904774323,1.730387747561017,0.0,0.4987387112326057,0.0,0.4987387112326057,0.5012612887673943,0.0007048231218064772,0.0,0.20388285226669733,True,0,long_only,1.6871974513228278,2.046036392939808
2026-08-04,3.4494453635424014,-0.0007595517830571996,1.730387747561017,0.0,0.49835768792000845,0.0,0.49835768792000845,0.5016423120799915,0.0,0.0,0.0,True,0,long_only,1.7019034433029794,2.0268161376111147
2026-08-05,3.447987718959269,-0.00042257361097475243,1.730387747561017,0.0,0.4981456175014126,0.0,0.4981456175014126,0.5018543824985874,0.0,0.0,0.0,True,0,long_only,1.7161584289392238,2.0091313603782535
2026-08-06,3.4429314291453808,-0.0014664465845065644,1.730387747561017,0.0,0.49740859405075594,0.0,0.49740859405075594,0.502591405949244,0.0,0.0,0.0,True,0,long_only,1.7118916581785308,2.0111853531716446
2026-08-07,3.435878759578176,-0.0020484490360457297,1.730387747561017,0.0,0.4963769478951413,0.0,0.4963769478951413,0.5036230521048587,0.0,0.0,0.0,True,0,long_only,1.7138678182068312,2.004751313419861
2026-08-10,3.4400704795751924,0.0012199848394915946,1.719976569412785,0.0,0.5000170549920879,0.0,0.5000170549920879,0.49998294500791207,0.0006957160841023561,0.0,0.20246625024928167,True,0,long_only,1.710259767455572,2.011431564395118
2026-08-11,3.427719152874715,-0.0035904283862239206,1.719976569412785,0.0,0.4982154334405438,0.0,0.4982154334405438,0.5017845665594562,0.0,0.0,0.0,True,0,long_only,1.699044246060387,2.017439605132501
2026-08-12,3.411017070563728,-0.004872651919857307,1.719976569412785,0.0,0.4957584398343307,0.0,0.4957584398343307,0.5042415601656693,0.0,0.0,0.0,True,0,long_only,1.6912853104760202,2.01681942687936
2026-08-13,3.397160483146274,-0.0040623037442506504,1.719976569412785,0.0,0.4937017023641368,0.0,0.4937017023641368,0.5062982976358632,0.0,0.0,0.0,True,0,long_only,1.6728011661783873,2.030821445986487
2026-08-14,3.3975192994476457,0.00010562241706035813,1.719976569412785,0.0,0.49375517316637124,0.0,0.49375517316637124,0.5062448268336288,0.0,0.0,0.0,True,0,long_only,1.6721560000786126,2.031819578608646
2026-08-17,3.4078688992770267,0.00304622252802611,1.7006319144759507,0.0,0.5009690910243828,0.0,0.5009690910243828,0.4990309089756172,0.0006926370185467925,0.0,0.20386193234701283,True,0,long_only,1.689678833333672,2.016873758519796
2026-08-18,3.412057025204001,0.0012289574660171443,1.7006319144759507,0.0,0.5015816260063024,0.0,0.5015816260063024,0.4984183739936976,0.0,0.0,0.0,True,0,long_only,1.6846499940023951,2.0253803682375757
2026-08-19,3.3966576997819318,-0.004513208691507287,1.7006319144759507,0.0,0.4993219615314393,0.0,0.4993219615314393,0.5006780384685607,0.0,0.0,0.0,True,0,long_only,1.6654908650037377,2.0394334013800246
2026-08-20,3.3989709288727714,0.0006810309708240592,1.7006319144759507,0.0,0.4996627067240186,0.0,0.4996627067240186,0.5003372932759814,0.0,0.0,0.0,True,0,long_only,1.665677570109292,2.0405935637650154
2026-08-21,3.391027844188715,-0.00233690868509151,1.7006319144759507,0.0,0.498490725344422,0.0,0.498490725344422,0.501509274655578,0.0,0.0,0.0,True,0,long_only,1.6648456989039633,2.0368421208170635
2026-08-24,3.385879399051742,-0.0015182550464150069,1.3598970465493183,0.0,0.598362231410199,0.0,0.598362231410199,0.40163776858980105,0.001024872747630247,0.0,0.3019056137328952,True,0,long_only,1.6599761180111807,2.039715729831323
2026-08-25,3.395575106964495,0.0028635715481974966,1.3598970465493183,0.0,0.5995090658545289,0.0,0.5995090658545289,0.4004909341454711,0.0,0.0,0.0,True,0,long_only,1.6697596688508793,2.033571160154631
2026-08-26,3.4027418752333602,0.0021106198635294504,1.3598970465493183,0.0,0.6003525696594143,0.0,0.6003525696594143,0.3996474303405857,0.0,0.0,0.0,True,0,long_only,1.6752652669544161,2.0311660143348202
2026-08-27,3.4038880775769575,0.0003368466917634816,1.3598970465493183,0.0,0.600487144243193,0.0,0.600487144243193,0.39951285575680695,0.0,0.0,0.0,True,0,long_only,1.6866769811919173,2.018103119645082
2026-08-28,3.4023791476554544,-0.00044329598597647735,1.3598970465493183,0.0,0.6003099632542687,0.0,0.6003099632542687,0.39969003674573134,0.0,0.0,0.0,True,0,long_only,1.6802442956676962,2.024931229600405
2026-08-31,3.3791537648675836,-0.006826218296063558,1.3607737735931105,0.0,0.5973033876881202,0.0,0.5973033876881202,0.4026966123118798,0.0020407367037912467,0.0,0.6004131173660395,True,0,long_only,1.6769869523288667,2.015014941037485
2026-09-01,3.376729520429703,-0.000717411697296888,1.3607737735931105,0.0,0.59701428101948,0.0,0.59701428101948,0.40298571898052005,0.0,0.0,0.0,True,0,long_only,1.671928633244081,2.019661278171759
2026-09-02,3.3662697506922656,-0.0030976036647750727,1.3607737735931105,0.0,0.5957621122569662,0.0,0.5957621122569662,0.4042378877430338,0.0,0.0,0.0,True,0,long_only,1.6576949950155497,2.0306930773237264
2026-09-03,3.3615019527709658,-0.0014163445815117415,1.3607737735931105,0.0,0.595188760050729,0.0,0.595188760050729,0.40481123994927104,0.0,0.0,0.0,True,0,long_only,1.647350651163705,2.040550353014622
2026-09-04,3.359855654471986,-0.0004897508084511504,1.3607737735931105,0.0,0.5949904062747716,0.0,0.5949904062747716,0.4050095937252284,0.0,0.0,0.0,True,0,long_only,1.63963339385154,2.0491505400360266
2026-09-07,3.3544728034384326,-0.0016021078245992415,1.0117184362586409,0.0,0.6983971862220496,0.0,0.6983971862220496,0.3016028137779504,0.0003570809830664702,0.0,0.10623971274553992,True,0,long_only,1.6478802701836353,2.0356289617234262
2026-09-08,3.3658750618796347,0.0033991208482939683,1.0117184362586409,0.0,0.6994188977134349,0.0,0.6994188977134349,0.3005811022865651,0.0,0.0,0.0,True,0,long_only,1.6444135189405724,2.0468544092535366
2026-09-09,3.3569455274117206,-0.0026529607616889717,1.0117184362586409,0.0,0.6986193466658072,0.0,0.6986193466658072,0.30138065333419284,0.0,0.0,0.0,True,0,long_only,1.6342057307285431,2.054175593861836
2026-09-10,3.34611652194098,-0.003225850816557685,1.0117184362586409,0.0,0.6976439912882132,0.0,0.6976439912882132,0.3023560087117868,0.0,0.0,0.0,True,0,long_only,1.6246956300162174,2.0595343891628364
2026-09-11,3.340665220037952,-0.0016291428787021944,1.0117184362586409,0.0,0.6971506063552374,0.0,0.6971506063552374,0.3028493936447626,0.0,0.0,0.0,True,0,long_only,1.618434401449184,2.0641338425867874
