date,nav,return,cash,receivables,long_exposure,short_exposure,net_exposure,idle_cash_weight,cost,borrow_cost,turnover,marked_prices_verified,stale_mark_count,mode,benchmark_nav,excess_nav
2019-01-28,0.997828120158505,-0.002171879841495028,0.9999000999000999,0.0,0.09794012860362555,0.10001661823118368,-0.002076489627558125,0.9020598713963744,9.990009990009991e-05,0.0,0.19980019980019983,True,0,long_short,0.9964512476034993,1.001381776136381
2019-01-29,0.9980393562552436,0.0002116958747415687,0.9998918972101695,0.0,0.09714032388360941,0.09899650414675731,-0.0018561802631478995,0.9028596761163906,0.0,8.202689930484893e-06,0.0,True,0,long_short,0.994642478359489,1.003415174768483
2019-01-30,0.9976863056488564,-0.00035374417268663194,0.9998837764643664,0.0,0.09700056588395653,0.09920313276601966,-0.0022025668820631417,0.9029994341160434,0.0,8.120745803025964e-06,0.0,True,0,long_short,0.9957166256999748,1.0019781531191136
2019-01-31,0.9975012766320769,-0.00018545811016146274,0.9998756416473497,0.0,0.09682102984345323,0.09920134260183834,-0.002380312758385121,0.9031789701565468,0.0,8.13481701683204e-06,0.0,True,0,long_short,0.9970415203691544,1.0004611204784655
2019-02-01,0.9982624710829777,0.0007631012297757422,0.9998675084857698,0.0,0.0986880885458293,0.10029591960157447,-0.0016078310557451644,0.9013119114541707,0.0,8.133161579913681e-06,0.0,True,0,long_short,1.0072303331076609,0.9910965131510544
2019-02-11,0.9992916074291381,0.001030927612698962,0.998404110751869,0.0,0.20095113713839932,0.200063011319398,0.0008881258190013116,0.7990488628616007,0.00020009202437171775,8.22917692117869e-05,0.4007434052759596,True,0,long_short,1.0147381825155921,0.9847777728752051
2019-02-12,0.999253799111095,-3.7835120161200386e-05,0.9983876788651701,0.0,0.20182968581962227,0.20096291879137043,0.0008667670282518148,0.7981703141803778,0.0,1.6431886698778772e-05,0.0,True,0,long_short,1.0186820313786562,0.9809280701248185
2019-02-13,0.9978464995476425,-0.001408350475829434,0.9983711736903688,0.0,0.20257677287440518,0.20310257934159648,-0.0005258064671912967,0.7974232271255948,0.0,1.6505174801320386e-05,0.0,True,0,long_short,1.0267530457329244,0.9718466418917242
2019-02-14,0.9987299469673708,0.0008853540300324259,0.9983545162768472,0.0,0.2035357388278219,0.20315983071405833,0.000375908113763578,0.7964642611721782,0.0,1.6657413521515837e-05,0.0,True,0,long_short,1.0303807496531894,0.9692824204096673
2019-02-15,1.0049037822023066,0.006181686304373324,0.9983378394160016,0.0,0.20729616990142363,0.2007622679472333,0.006533901954190317,0.7927038300985764,0.0,1.6676860845612453e-05,0.0,True,0,long_short,1.0237223915331437,0.9816174682839026
2019-02-18,1.008912527594269,0.003989183305865396,1.0056368620645628,0.0,0.30710506035975693,0.3038583313915708,0.0032467289681861527,0.6928949396402431,0.000104575787509739,4.974577702611477e-05,0.20795759938673286,True,0,long_short,1.0409053605035008,0.9692644171860577
2019-02-19,1.0097193060775023,0.0007996515665802395,1.0056116648198652,0.0,0.30607678186165294,0.30200867973375134,0.0040681021279015675,0.693923218138347,0.0,2.5197244697658633e-05,0.0,True,0,long_short,1.035961233107593,0.9746690067239561
2019-02-20,1.010387221923884,0.0006614866551144516,1.0055866009299037,0.0,0.3063069139075591,0.30155564539404867,0.004751268513510412,0.6936930860924408,0.0,2.5063889961381866e-05,0.0,True,0,long_short,1.0365660763261315,0.9747446351948615
2019-02-21,1.0096060554352433,-0.0007731357559661589,1.0055615580829882,0.0,0.3064518420388927,0.3024458266921332,0.004006015346759461,0.6935481579611074,0.0,2.5042846915492338e-05,0.0,True,0,long_short,1.0402524009056724,0.9705395099845503
2019-02-22,1.0097870735684684,0.00017929580775644105,1.0055364607291744,0.0,0.31040237448699065,0.30619295950183645,0.004209414985154214,0.6895976255130094,0.0,2.5097353813931163e-05,0.0,True,0,long_short,1.0559471505954572,0.9562856180813986
2019-02-25,1.0097804613639452,-6.548117614357807e-06,1.0114119663851635,0.0,0.3059862492923159,0.3076019519956683,-0.00161570270335245,0.6940137507076841,0.00011154627075304175,7.623855432064799e-05,0.22055101904682217,True,0,long_short,1.0935612829859807,0.9233871727853504
2019-02-26,1.0224344069000317,0.012531382830476279,1.0113864367598757,0.0,0.31107615418048085,0.30027060023433294,0.01080555394614792,0.6889238458195192,0.0,2.5529625287887897e-05,0.0,True,0,long_short,1.0808883774546978,0.945920437508714
2019-02-27,1.0214606183428068,-0.0009524215447496154,1.0113612033083912,0.0,0.30934037585157287,0.29945314686490804,0.0098872289866648,0.6906596241484271,0.0,2.5233451484392333e-05,0.0,True,0,long_short,1.0745681893806474,0.950577756197631
2019-02-28,1.0214146364428511,-4.5015832358163976e-05,1.0113360625196328,0.0,0.3089025330747334,0.29903526314964446,0.00986726992508898,0.6910974669252665,0.0,2.514078875846534e-05,0.0,True,0,long_short,1.0748460445286596,0.95028924527583
2019-03-01,1.0198583914441486,-0.001523617288393564,1.0113109579447346,0.0,0.3088876035003449,0.3005066031858694,0.008381000314475449,0.6911123964996551,0.0,2.510457489810299e-05,0.0,True,0,long_short,1.0869046191046423,0.9383145250447787
2019-03-04,1.03114688030089,0.011068682624415072,1.0185949868659447,0.0,0.5076297311976727,0.49545698095739377,0.01217275024027895,0.49237026880232726,0.00031099621983856946,7.55689761230513e-05,0.6104512585090713,True,0,long_short,1.1001840620931709,0.9372494256452569
2019-03-05,1.0449820410476791,0.013417255107974313,1.0185529959957882,0.0,0.5183495417038272,0.49305815485339527,0.025291386850431974,0.4816504582961728,0.0,4.199087015650801e-05,0.0,True,0,long_short,1.1107286649602295,0.940807664385879
2019-03-06,1.0489296299579782,0.0037776619647371668,1.0185106477560337,0.0,0.5252605841533216,0.49626056228992627,0.02900002186339536,0.47473941584667845,0.0,4.234823975456742e-05,0.0,True,0,long_short,1.1163823395267922,0.939579204023054
2019-03-07,1.0531794995882606,0.004051625112785562,1.0184678634485298,0.0,0.5236962467915356,0.49073734837649663,0.032958898415039004,0.4763037532084644,0.0,4.278430750401456e-05,0.0,True,0,long_short,1.10879858822477,0.9498384204063989
2019-03-08,1.051980610187652,-0.0011383523901455916,1.0184253838993522,0.0,0.5127040944300313,0.48080690358512174,0.031897190844909565,0.4872959055699687,0.0,4.247954917745989e-05,0.0,True,0,long_short,1.0823223810966334,0.9719660505604271
2019-03-11,1.0710968255386673,0.018171642296339607,1.0562345930602268,0.0,0.6155211885973139,0.6016454752873001,0.013875713310013778,0.38447881140268614,0.0003311818414723563,0.00012471769474912896,0.6269024595334236,True,0,long_short,1.1015740155287144,0.9723330529220778
2019-03-12,1.0668623590705566,-0.003953392790591925,1.0561816269869109,0.0,0.6209510467094229,0.6109396970795131,0.01001134962990974,0.3790489532905771,0.0,5.2966073316158606e-05,0.0,True,0,long_short,1.1116994637395643,0.959667962312239
2019-03-13,1.0580906752458976,-0.008221945174165635,1.0561280553239127,0.0,0.6122087022925793,0.610353832981375,0.0018548693112042198,0.3877912977074207,0.0,5.3571662998035676e-05,0.0,True,0,long_short,1.1001627146854578,0.9617583482170737
2019-03-14,1.0468251529498218,-0.010647029181556356,1.056074975074657,0.0,0.6011046947329107,0.6099407664482018,-0.008836071715291119,0.3988953052670893,0.0,5.308024925574122e-05,0.0,True,0,long_short,1.0888418116426728,0.9614116042903763
2019-03-15,1.0540901786409929,0.006940056484790347,1.0560224955127835,0.0,0.6073686412656065,0.6092018021383149,-0.0018331608727083257,0.3926313587343935,0.0,5.2479561873490724e-05,0.0,True,0,long_short,1.0968982555440574,0.9609735208468976
2019-03-18,1.0582402915485016,0.003937151670324379,1.0564346991314917,0.0,0.6057069195081227,0.604000697933089,0.0017062215750337942,0.3942930804918773,0.0004388287259316665,0.00015833925282190465,0.8304280774659849,True,0,long_short,1.1180362553529473,0.9465169724880085
2019-03-19,1.0713898991525885,0.012425918488555565,1.0563821639637099,0.0,0.6120651547016495,0.5980574295954593,0.014007725106190269,0.38793484529835054,0.0,5.253516778160635e-05,0.0,True,0,long_short,1.1231982618466254,0.953874249583631
2019-03-20,1.0702375195196148,-0.0010755931467015811,1.0563294993591197,0.0,0.6096798154397667,0.5966845504571506,0.012995264982616012,0.3903201845602333,0.0,5.266460459027962e-05,0.0,True,0,long_short,1.1209523790161082,0.9547573470150379
2019-03-21,1.0789796980106658,0.008168447033117587,1.0562770121651566,0.0,0.6177047982323406,0.5966639149911018,0.021040883241238692,0.3822952017676594,0.0,5.248719396303595e-05,0.0,True,0,long_short,1.1301815749507484,0.9546958842057623
2019-03-22,1.0697044064023924,-0.008596354153256547,1.0562240980623503,0.0,0.6169327318007165,0.6043308314445434,0.012601900356173104,0.3830672681992835,0.0,5.291410280638033e-05,0.0,True,0,long_short,1.1290213602839274,0.9474616194448102
2019-03-25,1.0718187858501225,0.0019766016060840386,1.068726091808779,0.0,0.6002232156338015,0.5973377520814059,0.002885463552395574,0.39977678436619846,0.0007578507033103675,0.0001593999501339574,1.4172268945530258,True,0,long_short,1.1142977482212189,0.9618782659850954
2019-03-26,1.0569821178943357,-0.013842515312902481,1.0686734695218603,0.0,0.5863396074484255,0.5974006759656636,-0.011061068517238122,0.4136603925515745,0.0,5.262228691876718e-05,0.0,True,0,long_short,1.0929994734306099,0.967047234320044
2019-03-27,1.057494152696841,0.0004844309036424743,1.0686215701932265,0.0,0.5866427628858623,0.5971652016795028,-0.010522438793640551,0.41335723711413774,0.0,5.189932863400231e-05,0.0,True,0,long_short,1.0944114519693493,0.9662674406357161
2019-03-28,1.056344325181235,-0.0010873133555148184,1.0685696661897495,0.0,0.5832160716753317,0.5947893255065736,-0.011573253831241819,0.41678392832466826,0.0,5.190400347699485e-05,0.0,True,0,long_short,1.090065729684892,0.9690647971169547
2019-03-29,1.0615536537603791,0.004931468324260946,1.0685180249024608,0.0,0.5925177112990603,0.5990782568893953,-0.00656054559033502,0.4074822887009397,0.0,5.164128728854056e-05,0.0,True,0,long_short,1.1130128375855337,0.9537658667650363
2019-04-01,1.0770893767587981,0.014634891927870264,1.064085766632349,0.0,0.7131270951292594,0.7010541786127306,0.01207291651652893,0.2868729048707406,0.0005358349164886516,0.00015681050444942547,1.0066204099355225,True,0,long_short,1.141952806641958,0.9431995529886229
2019-04-02,1.0742987685017926,-0.002590879008948166,1.0640237037823506,0.0,0.7177585751777463,0.7081941364753064,0.009564438702439988,0.2822414248222537,0.0,6.20628499985866e-05,0.0,True,0,long_short,1.146139609335662,0.9373192931744934
2019-04-03,1.0714813990427041,-0.0026225194905673543,1.0639611712819115,0.0,0.7190807110300014,0.7120621778408003,0.0070185331892010806,0.2809192889699986,0.0,6.253250043909139e-05,0.0,True,0,long_short,1.1495619715245913,0.932077978903274
2019-04-04,1.0813448822674596,0.009205463793928503,1.0638984621275127,0.0,0.7213903413627674,0.7052563396894403,0.016134001673326966,0.27860965863723264,0.0,6.270915439876073e-05,0.0,True,0,long_short,1.1561999987801481,0.9352576400348862
2019-04-08,1.098083761775868,0.015479686252649394,1.0970395682943583,0.0,0.4970127712108376,0.496061847867958,0.0009509233428795776,0.5029872287891624,0.000676401198617275,0.0002507261370772134,1.2323792627881662,True,0,long_short,1.1521101065405068,0.9531066132846746
2019-04-09,1.0957888056828098,-0.002089964511766129,1.0969947969962777,0.0,0.49479192762714924,0.4958924967397497,-0.001100569112600462,0.5052080723728507,0.0,4.477129808057553e-05,0.0,True,0,long_short,1.1430283093734095,0.9586716240505927
2019-04-10,1.0946288824194934,-0.0010585281190141904,1.0969501345212025,0.0,0.49282654072220855,0.49494712436383353,-0.0021205836416249863,0.5071734592777914,0.0,4.466247507530277e-05,0.0,True,0,long_short,1.1355834856453932,0.9639351894919255
2019-04-11,1.0893890068311218,-0.004786896885810132,1.0969056043772902,0.0,0.48725377715603196,0.49415360586646956,-0.006899828710437608,0.5127462228439681,0.0,4.453014391225686e-05,0.0,True,0,long_short,1.1239203463837153,0.9692759903638187
2019-04-12,1.0917840494564865,0.0021985191794173797,1.096861358445297,0.0,0.4858696320847664,0.4905201021033914,-0.004650470018625014,0.5141303679152336,0.0,4.4245931993169117e-05,0.0,True,0,long_short,1.1231687820931169,0.972056975641593
2019-04-15,1.0914858044511997,-0.0002731721583908442,1.0936562271753825,0.0,0.6923359725332349,0.6943244754668794,-0.001988502933644558,0.30766402746676513,0.00033702564020653874,0.0001320514578281712,0.6161384256057204,True,0,long_short,1.1206657138268177,0.9739619861519853
2019-04-16,1.0965319641371618,0.004623202304036678,1.0935939385198765,0.0,0.6918836884549556,0.6892043086344163,0.002679379820539267,0.3081163115450444,0.0,6.228865550590061e-05,0.0,True,0,long_short,1.1286743801966537,0.971521976024749
2019-04-17,1.0955245895094443,-0.0009186915299000953,1.093531823351035,0.0,0.6927745139551081,0.690955507629288,0.0018190063258201332,0.30722548604489186,0.0,6.211516884153626e-05,0.0,True,0,long_short,1.1327737601730563,0.9671168489479123
2019-04-18,1.1089545548335884,0.012258935538961957,1.093469607563457,0.0,0.6964848473919444,0.6825212929769889,0.013963554414955386,0.3035151526080556,0.0,6.221578757793416e-05,0.0,True,0,long_short,1.1305549851618575,0.9808939586205295
2019-04-19,1.104160270506111,-0.004323246887422361,1.0934073978294885,0.0,0.6940952020424631,0.6843566949037359,0.00973850713872729,0.3059047979575369,0.0,6.220973396858154e-05,0.0,True,0,long_short,1.1330638138397615,0.9744908071543639
2019-04-22,1.0998686192908274,-0.003886800974388205,1.1044453436884303,0.0,0.5908799911107475,0.5950411466499919,-0.004161155539244361,0.4091200088892525,0.00033779058087795276,0.0001863220619262519,0.6115056799837262,True,0,long_short,1.1203766767033367,0.9816953906316102
2019-04-23,1.100575410879194,0.0006426145595666011,1.213223377146673,0.0,0.4860702495919758,0.5884239503506453,-0.10235370075866951,0.5139297504080242,5.444313420380085e-05,5.379181515510881e-05,0.09913379355295862,True,0,long_short,1.1080083952916429,0.9932915811432166
2019-04-24,1.0997302049646849,-0.0007679672888876166,1.213170149344131,0.0,0.4843694880102265,0.5875220102082407,-0.10315252219801418,0.5156305119897735,0.0,5.322780254205369e-05,0.0,True,0,long_short,1.105477202662801,0.9948013421857338
2019-04-25,1.090609792913029,-0.008293317770560527,1.2131170439440726,0.0,0.4742117813285258,0.5865409130006572,-0.1123291316721314,0.5257882186714742,0.0,5.310540005815661e-05,0.0,True,0,long_short,1.0902548067246367,1.0003255992876185
2019-04-26,1.0876207721238589,-0.002740687648867035,1.2130644669087032,0.0,0.4702141356566081,0.585551850786748,-0.11533771513013988,0.5297858643433919,0.0,5.2577035369534173e-05,0.0,True,0,long_short,1.079388298503174,1.007626980607536
2019-04-29,1.075384882161506,-0.011250143686074576,1.0781867645331542,0.0,0.6940673597795582,0.6966728291497586,-0.0026054693702002554,0.30593264022044175,0.0002918027893827929,0.00015703356725044207,0.5411378551680098,True,0,long_short,1.0781047432584547,0.9974771828860262
2019-04-30,1.0809930264634289,0.005215011290330418,1.0763931759668974,0.0,0.6011812562263199,0.596926047928094,0.004255208298225963,0.3988187437736801,0.00010609648903760373,6.157737766687694e-05,0.19789728190647454,True,0,long_short,1.0861445836205068,0.9952570244930873
2019-05-06,1.0639939239202725,-0.015725450698577337,1.0730853612646618,0.0,0.48775105898502225,0.4962956917503034,-0.008544632765281198,0.5122489410149778,0.00032472555735206315,0.0003182167701984546,0.6050354125392288,True,0,long_short,1.056377148379393,1.0072102804879532
2019-05-07,1.0624853275681152,-0.0014178618112768993,1.0730419594344847,0.0,0.4890099555436918,0.49894574627176896,-0.009935790728077192,0.5109900444563082,0.0,4.3401830177271064e-05,0.0,True,0,long_short,1.0614124258177582,1.0010108245619325
2019-05-08,1.0654718701854675,0.002810902456590103,1.0729983877193066,0.0,0.49165634861093555,0.49872037136409286,-0.007064022753157311,0.5083436513890645,0.0,4.357171517805025e-05,0.0,True,0,long_short,1.0629308025473219,1.0023906237659648
2019-05-09,1.0673071860693208,0.0017225380934120516,1.072954713265051,0.0,0.4921926199348768,0.4974839992766844,-0.005291379341807608,0.5078073800651233,0.0,4.3674454255634866e-05,0.0,True,0,long_short,1.063376048479624,1.003696846092516
2019-05-10,1.073251609111741,0.005569552158935842,1.0729110720392387,0.0,0.49880741309536997,0.49849011837192275,0.00031729472344725,0.5011925869046301,0.0,4.3641225812261106e-05,0.0,True,0,long_short,1.0820526582944168,0.9918663392994678
2019-05-13,1.0716179835371524,-0.0015221273005503466,1.0671237451695061,0.0,0.39879371237564826,0.3945998313129101,0.004193881062738161,0.6012062876243518,0.00021880008562912953,0.00013191912041152643,0.4099903758204037,True,0,long_short,1.075701635075892,0.9962037321450652
2019-05-14,1.073656226832828,0.0019020241606508836,1.0670889895304212,0.0,0.4008758146857346,0.3947591107182276,0.0061167039675069715,0.5991241853142655,0.0,3.47556390851212e-05,0.0,True,0,long_short,1.0775951162552717,0.9963447408372342
2019-05-15,1.0783456275958385,0.004367692978267224,1.0670541537295455,0.0,0.4068830922279615,0.3964119839141388,0.010471108313822652,0.5931169077720385,0.0,3.483580087574916e-05,0.0,True,0,long_short,1.0878242518750139,0.9912866216552557
2019-05-16,1.0765829500127866,-0.0016346128160986684,1.0670190192805389,0.0,0.40848165353903093,0.399598054990369,0.00888359854866193,0.591518346460969,0.0,3.5134449006608505e-05,0.0,True,0,long_short,1.0883423500717342,0.9891951277480174
2019-05-17,1.072608048469354,-0.0036921461029874036,1.0669836603392078,0.0,0.4015900154077805,0.3963463589405624,0.005243656467218074,0.5984099845922195,0.0,3.535894133103314e-05,0.0,True,0,long_short,1.077549371810172,0.995414295186756
2019-05-20,1.070561550344624,-0.0019079645427336756,1.0719994032019846,0.0,0.49875967274778454,0.5001027555970592,-0.0013430828492746393,0.5012403272522155,0.0004325673076176978,0.00010482516852686403,0.8067034917136027,True,0,long_short,1.072056988768553,0.9986050756260199
2019-05-21,1.0733104538606542,0.0025677211320969118,1.0719553984802288,0.0,0.5007065873893127,0.4994440865205739,0.0012625008687388191,0.49929341261068727,0.0,4.400472175591284e-05,0.0,True,0,long_short,1.0753868455240585,0.9980691676934244
2019-05-22,1.0708199457313166,-0.0023203986510887953,1.0719113388726247,0.0,0.501112993159011,0.502132205721925,-0.0010192125629139737,0.49888700684098897,0.0,4.405960760395209e-05,0.0,True,0,long_short,1.0756406424824256,0.9955183017815471
2019-05-23,1.0674518201811616,-0.003145370576614126,1.0718671449125194,0.0,0.4970689117163519,0.5012052339820335,-0.004136322265681651,0.5029310882836481,0.0,4.419396010529572e-05,0.0,True,0,long_short,1.069146625516997,0.9984148055136817
2019-05-24,1.0671096796280843,-0.0003205208390755221,1.0718231712873718,0.0,0.4958943399110272,0.5003114038260786,-0.004417063915051376,0.5041056600889728,0.0,4.397362514781754e-05,0.0,True,0,long_short,1.0682649436936709,0.9989185603511503
2019-05-27,1.0703853469957878,0.003069663250402588,1.0690921968667533,0.0,0.503513949538985,0.5023058331044095,0.0012081164345756146,0.496486050461015,0.00032222361452382235,0.00013164340484000315,0.6026169244637815,True,0,long_short,1.067713638418286,1.0025022707225693
2019-05-28,1.0698419368005674,-0.0005076771620102782,1.0690480055678382,0.0,0.5027966043680262,0.5020545029365722,0.0007421014314540069,0.4972033956319738,0.0,4.4191298914970254e-05,0.0,True,0,long_short,1.0685255176068675,1.0012319960281792
2019-05-29,1.06896792704111,-0.000816952233215984,1.0690038588038546,0.0,0.5011563679665445,0.5011899814752715,-3.361350872707178e-05,0.4988436320334555,0.0,4.4146763983652756e-05,0.0,True,0,long_short,1.0675049082095354,1.0013705031427242
2019-05-30,1.0653823399555027,-0.0033542513249507078,1.0689598240628504,0.0,0.49834661815441855,0.5017045526472104,-0.003357934492791877,0.5016533818455815,0.0,4.403474100422411e-05,0.0,True,0,long_short,1.0616526688664663,1.0035130803118675
2019-05-31,1.064984610669822,-0.0003733207044687159,1.068915891966664,0.0,0.4982058791266826,0.5018972764083479,-0.0036913972816652605,0.5017941208733174,0.0,4.393209618621482e-05,0.0,True,0,long_short,1.0600932915601837,1.0046140459038653
2019-06-03,1.0623305262750078,-0.0024921340348241783,1.0641949705827976,0.0,0.19664793475838405,0.1984029858104586,-0.0017550510520745349,0.803352065241616,0.0005355429271424151,0.00013179769533172317,1.0059689665077214,True,0,long_short,1.0505767527407701,1.0111879246362288
2019-06-04,1.062758776196449,0.00040312304960576917,1.0641776470582773,0.0,0.19442839338318046,0.1957634760883137,-0.001335082705133237,0.8055716066168195,0.0,1.7323524520319783e-05,0.0,True,0,long_short,1.0427886762506362,1.0191506682040465
2019-06-05,1.062701476708149,-5.391579875257957e-05,1.0641605471115154,0.0,0.19388605581048374,0.19525903819109167,-0.0013729823806079057,0.8061139441895162,0.0,1.70999467620476e-05,0.0,True,0,long_short,1.0415305345865278,1.0203267608760274
2019-06-06,1.063239185703825,0.0005059831076377197,1.0641434921470037,0.0,0.19289317293320407,0.19374369316923176,-0.00085052023602769,0.8071068270667959,0.0,1.705496451174953e-05,0.0,True,0,long_short,1.0371200923834483,1.0251842515752938
2019-06-10,1.064573709712169,0.0012551493834012106,1.0627468919474994,0.0,0.3010802146393422,0.29936420592336205,0.0017160087159801684,0.6989197853606578,0.00031526326320343147,6.772467503359092e-05,0.5931229169585952,True,0,long_short,1.0431007550205376,1.020585695665812
2019-06-11,1.0655703412845383,0.0009361790200874687,1.0627206978162729,0.0,0.30526542249042155,0.302591133090784,0.0026742893996375087,0.6947345775095785,0.0,2.6194131226427775e-05,0.0,True,0,long_short,1.0584447972978928,1.006732088442247
2019-06-12,1.0648983825324516,-0.0006306094736803214,1.0626941965447423,0.0,0.3026871149371678,0.3006172592365069,0.0020698557006609136,0.6973128850628322,0.0,2.6501271530730567e-05,0.0,True,0,long_short,1.0549126484407245,1.0094659345553274
2019-06-13,1.065229555283524,0.00031099000290057965,1.062667884750239,0.0,0.30249382448585455,0.30008901838506696,0.0024048061007875886,0.6975061755141454,0.0,2.631179450320232e-05,0.0,True,0,long_short,1.052679980672125,1.0119215477085317
2019-06-14,1.068364479991043,0.0029429569354040286,1.0626416110221626,0.0,0.30105845592641745,0.2957017924692717,0.005356663457145713,0.6989415440735826,0.0,2.6273728076695407e-05,0.0,True,0,long_short,1.0470954310448235,1.0203124264662262
2019-06-17,1.0675119618034943,-0.0007979656788625888,1.0668287347497203,0.0,0.39985762496910626,0.3992176067976752,0.0006400181714310354,0.6001423750308937,0.0004271979727587482,7.789741440259384e-05,0.8005539433620253,True,0,long_short,1.0462791468356025,1.0202936425065041
2019-06-18,1.0675777657806003,6.164237915884385e-05,1.066793707113779,0.0,0.3990681614913023,0.3983337338065444,0.0007344276847578645,0.6009318385086977,0.0,3.5027635941294425e-05,0.0,True,0,long_short,1.0458545706155307,1.020770760845157
2019-06-19,1.0701997580204274,0.0024560199021288476,1.0667587548750743,0.0,0.4014366361990058,0.39822134567070483,0.0032152905283010084,0.5985633638009942,0.0,3.495223870456726e-05,0.0,True,0,long_short,1.0525796817406472,1.01673989778203
2019-06-20,1.0752480475886144,0.004717146990880217,1.066723726678819,0.0,0.4078097219957901,0.39988195041888547,0.007927771576904595,0.5921902780042099,0.0,3.5028196255508824e-05,0.0,True,0,long_short,1.0688640265006042,1.0059727158270177
2019-06-21,1.073904971041692,-0.0012490853156481574,1.0666883864908911,0.0,0.41012721747916275,0.40340727042109054,0.006719947058072204,0.5898727825208372,0.0,3.5340187927712356e-05,0.0,True,0,long_short,1.0748711192615288,0.9991011497076034
2019-06-24,1.074128792006795,0.0002084178499388578,1.070169662376796,0.0,0.39732454935882555,0.3936386509270347,0.00368589843179083,0.6026754506411744,0.00043668912052237,0.00010682163445304446,0.8157790581227724,True,0,long_short,1.073172475533499,1.0008911116293964
2019-06-25,1.0743389633704459,0.0001956668187417243,1.0701349101623898,0.0,0.39477681634665523,0.39086366290868696,0.003913153437968257,0.6052231836533448,0.0,3.475221440609098e-05,0.0,True,0,long_short,1.0676282487874333,1.0062856285328103
2019-06-26,1.07597222361152,0.0015202466788974967,1.0701003961846558,0.0,0.39664840183572864,0.39119117227346795,0.0054572295622607155,0.6033515981642714,0.0,3.451397773384883e-05,0.0,True,0,long_short,1.069175088727281,1.0063573636871113
2019-06-27,1.0779641729624891,0.001851301834059571,1.0700658007735198,0.0,0.39886159433476503,0.3915344749489114,0.00732711938585361,0.6011384056652349,0.0,3.459541113602305e-05,0.0,True,0,long_short,1.0760411605128528,1.0017871179283884
2019-06-28,1.0744867796850677,-0.003225889472620147,1.0700311108992888,0.0,0.39860265936566275,0.39445587145722083,0.004146787908441931,0.6013973406343373,0.0,3.4689874230789505e-05,0.0,True,0,long_short,1.0734520249202184,1.0009639506385264
2019-07-01,1.076369588839951,0.0017522869433861388,1.0759522962608714,0.0,0.4017544463806509,0.4013667611622964,0.00038768521835445607,0.5982455536193492,0.000431171195229667,0.00010450790606710755,0.8011479333637234,True,0,long_short,1.0832789482708263,0.9936218095607744
2019-07-02,1.076679917619432,0.0002883106162590021,1.0759167878519111,0.0,0.4015252998150499,0.40081651928052653,0.0007087805345233683,0.5984747001849501,0.0,3.550840896051647e-05,0.0,True,0,long_short,1.085619030773474,0.9917658838868426
2019-07-03,1.0666422025276008,-0.009322840453850678,1.0758813178987363,0.0,0.39570193731375414,0.4043638066352961,-0.008661869321541952,0.6042980626862459,0.0,3.546995317475053e-05,0.0,True,0,long_short,1.0822461403548007,0.9855818956101018
2019-07-04,1.0645241558994107,-0.0019857142565434804,1.0758458676383529,0.0,0.39453216633176685,0.40516763352731994,-0.01063546719555308,0.6054678336682331,0.0,3.545026038344525e-05,0.0,True,0,long_short,1.080527843457765,0.9851890095611592
2019-07-05,1.064634382877283,0.00010354577419535715,1.0758104174411134,0.0,0.39623112903039337,0.40672866202723884,-0.010497532996845506,0.6037688709696066,0.0,3.545019723932319e-05,0.0,True,0,long_short,1.0807752023090442,0.985065516494756
2019-07-08,1.0620173012029919,-0.002458197590066713,1.0644889639763226,0.0,0.2955274030287585,0.29785473119048517,-0.0023273281617266863,0.7044725969712415,0.00021494078296810002,0.00010677139350309184,0.4037569168428927,True,0,long_short,1.0705928276776258,0.9919899272132839
2019-07-09,1.0614834241921085,-0.0005027008602201954,1.064462964506917,0.0,0.2946559020953679,0.29746286096717156,-0.0028069588718036406,0.7053440979046322,0.0,2.5999469405709177e-05,0.0,True,0,long_short,1.0703759651230798,0.9916921332123253
2019-07-10,1.0609818312570622,-0.0004725395833928836,1.064437012296268,0.0,0.2944138747869835,0.2976704631067967,-0.0032565883198131845,0.7055861252130164,0.0,2.595221064899296e-05,0.0,True,0,long_short,1.069295379675506,0.9922252086968086
2019-07-11,1.0595089898084282,-0.0013881872481160684,1.0644110542453318,0.0,0.2932283117784457,0.29785504405165647,-0.004626732273210748,0.7067716882215542,0.0,2.5958050936289337e-05,0.0,True,0,long_short,1.0688176043600217,0.9912907361240861
2019-07-12,1.056793040633659,-0.0025634036151600537,1.0643851161551812,0.0,0.2921563187430433,0.29934038906675586,-0.007184070323712588,0.7078436812569566,0.0,2.593809015061771e-05,0.0,True,0,long_short,1.0746986457611163,0.98333895255374
2019-07-15,1.0615282858693398,0.004480768753777564,1.0564065782701173,0.0,0.40280814484313454,0.397983301579511,0.004824843263623556,0.5971918551568655,0.0003162620961581734,7.80018509456678e-05,0.5985715157790144,True,0,long_short,1.0766961531971302,0.9859125833386224
2019-07-16,1.06296499759657,0.0013534370646126614,1.0563718546647531,0.0,0.4042036763106751,0.39800107985009153,0.006202596460583609,0.5957963236893249,0.0,3.472360536413579e-05,0.0,True,0,long_short,1.076109946604373,0.9877847528040407
2019-07-17,1.061344500622476,-0.001524506430369832,1.0563370825099407,0.0,0.4038884784252286,0.399170483363683,0.004717995061545613,0.5961115215747714,0.0,3.477215481257136e-05,0.0,True,0,long_short,1.0782731505859695,0.9843002211876518
2019-07-18,1.0597976457564016,-0.0014574484205337468,1.0563022613539959,0.0,0.4031587353176811,0.3998605732426833,0.0032981620749977323,0.5968412646823189,0.0,3.4821155944837844e-05,0.0,True,0,long_short,1.0753150098028652,0.9855694713595522
2019-07-19,1.0611478112213049,0.0012739842085038866,1.0562674308366682,0.0,0.4047819645312116,0.400182812242503,0.004599152288708592,0.5952180354687884,0.0,3.4830517327676794e-05,0.0,True,0,long_short,1.078205381037674,0.9841796654734252
2019-07-22,1.0577089821214567,-0.0032406692672628523,1.061596039997113,0.0,0.2972144829817838,0.30088946158304347,-0.0036749786012596364,0.7027855170182162,0.0003236241930774357,0.00010470898733412784,0.6095078639008505,True,0,long_short,1.0753360183628369,0.9836078807550622
2019-07-23,1.0578193417333743,0.00010433835183709661,1.061569882176334,0.0,0.2977280170126532,0.3012735566856316,-0.003545539672978405,0.7022719829873467,0.0,2.6157820778800605e-05,0.0,True,0,long_short,1.0760489540109068,0.9830587519186904
2019-07-24,1.0616185522355852,0.0035915494757217115,1.0615436882315055,0.0,0.3003028014283136,0.30023228268698027,7.051874133339504e-05,0.6996971985716864,0.0,2.619394482861923e-05,0.0,True,0,long_short,1.0786153868048625,0.9842419876656625
2019-07-25,1.0668298155866371,0.004908790770543847,1.0615174910675647,0.0,0.30405731873219843,0.2990777761271283,0.004979542605070081,0.6959426812678016,0.0,2.6197163940866043e-05,0.0,True,0,long_short,1.0854563838575646,0.9828398740401423
2019-07-26,1.0674328805018036,0.0005652868961436575,1.061491266539722,0.0,0.3068615281639735,0.30129526346423086,0.0055662646997426315,0.6931384718360265,0.0,2.6224527842610893e-05,0.0,True,0,long_short,1.0931790627335933,0.9764483394262885
2019-07-29,1.0691706433882608,0.0016279832841950004,1.0688392989116073,0.0,0.30003949757414455,0.2997295896294188,0.00030990794472574094,0.6999605024258555,0.00021756731716024956,7.93017051685086e-05,0.4070266494386696,True,0,long_short,1.0954866158530594,0.9759778238419589
2019-07-30,1.0675281999019748,-0.00153618460854954,1.0688129595627154,0.0,0.30209144761121903,0.3032949377493328,-0.0012034901381137804,0.6979085523887809,0.0,2.6339348892048085e-05,0.0,True,0,long_short,1.1004720826734273,0.9700638632363845
2019-07-31,1.0679483651208133,0.0003935869973992201,1.0687863478449946,0.0,0.30272367625586405,0.30350834221121353,-0.0007846659553494766,0.697276323744136,0.0,2.6611717720678906e-05,0.0,True,0,long_short,1.1001403507345202,0.970738292080448
2019-08-01,1.069323934207263,0.0012880483096147088,1.0687597069213344,0.0,0.3028845587050822,0.3023569100965744,0.0005276486085078094,0.6971154412949179,0.0,2.664092366013648e-05,0.0,True,0,long_short,1.097480395963917,0.9743444512902444
2019-08-02,1.0681117744557231,-0.0011335758162360765,1.0687331328818297,0.0,0.3024176495901821,0.30299938498620194,-0.0005817353960198939,0.697582350409818,0.0,2.657403950459347e-05,0.0,True,0,long_short,1.093536885948594,0.9767496535145993
2019-08-05,1.0681788140779351,6.276461304466352e-05,1.0684673475451139,0.0,0.2983107757028039,0.2985808928998273,-0.0002701171970234118,0.7016892242971962,0.00011130231924648095,7.980095607697108e-05,0.2083184410630122,True,0,long_short,1.083988834289223,0.9854149602734104
2019-08-06,1.0668877317659677,-0.0012086762019164476,1.0684411334806685,0.0,0.29576010748910053,0.29721611984021223,-0.0014560123511117024,0.7042398925108995,0.0,2.62140644452659e-05,0.0,True,0,long_short,1.0809832548223117,0.9869604612342853
2019-08-07,1.0665833881349334,-0.0002852630337502049,1.0684150707766735,0.0,0.2981915251534305,0.2999088617087495,-0.0017173365553189617,0.7018084748465695,0.0,2.6062703995118306e-05,0.0,True,0,long_short,1.085628857357977,0.9824567400783787
2019-08-08,1.065912958335153,-0.0006285770125790124,1.0683887794498363,0.0,0.29891952414480644,0.30124224767989727,-0.002322723535090828,0.7010804758551936,0.0,2.629132683723363e-05,0.0,True,0,long_short,1.0903994947102478,0.9775435182298928
2019-08-09,1.0656462423230835,-0.00025022306932642735,1.0683623878321322,0.0,0.2988170928893873,0.3013659176317592,-0.0025488247423718978,0.7011829071106127,0.0,2.6391617704110428e-05,0.0,True,0,long_short,1.090508603683004,0.9772011323194038
2019-08-12,1.0699262079488456,0.004016309968335907,1.0658802353213872,0.0,0.303281554888199,0.2995000112664058,0.0037815436217931955,0.6967184451118009,0.00021393836552134848,7.918753751224078e-05,0.4013498446980127,True,0,long_short,1.0970548032006202,0.9752714311330412
2019-08-13,1.0769615979690856,0.006575584342146001,1.0658538975478526,0.0,0.30571426747537883,0.295400343151448,0.010313924323930903,0.6942857325246212,0.0,2.6337773534375516e-05,0.0,True,0,long_short,1.0944616014350879,0.9840103997773373
2019-08-14,1.0748573875481084,-0.001953839788666034,1.065827749479995,0.0,0.30567748573997633,0.2972767079505514,0.008400777789424897,0.6943225142600237,0.0,2.614806785761641e-05,0.0,True,0,long_short,1.095553030010389,0.9811094105941323
2019-08-15,1.0807689062086097,0.005499816746839636,1.0658014867348702,0.0,0.30962971993663785,0.2957808579016946,0.013848862034943211,0.6903702800633622,0.0,2.6262745124928623e-05,0.0,True,0,long_short,1.0972326982648963,0.9849951682242777
2019-08-16,1.081907440764864,0.00105344866022139,1.0657752124263,0.0,0.3130006433506777,0.29808972978199083,0.014910913568686825,0.6869993566493223,0.0,2.6274308570289755e-05,0.0,True,0,long_short,1.1000702092520345,0.9834894460967906
2019-08-19,1.0818891906613908,-1.6868451759854963e-05,1.088285637916339,0.0,0.400864592001071,0.4067768862638853,-0.005912294262814297,0.5991354079989291,0.0002350399324737258,7.952190328768525e-05,0.43185203047905907,True,0,long_short,1.1090137565406084,0.975541722797174
2019-08-20,1.0856675554232942,0.0034923768483106077,1.08824946633966,0.0,0.39702827406805147,0.39940645227137733,-0.0023781782033258534,0.6029717259319485,0.0,3.61715766788873e-05,0.0,True,0,long_short,1.1081890011378506,0.9796772520829641
2019-08-21,1.0959876441676835,0.009505754033853897,1.0882138261237704,0.0,0.4044931660140709,0.39740018637576785,0.007092979638303052,0.5955068339859291,0.0,3.564021588967864e-05,0.0,True,0,long_short,1.1077112258223667,0.9894163917622306
2019-08-22,1.0922883788047681,-0.0033752801709043823,1.0881780278475464,0.0,0.40191916530731353,0.39815610141596325,0.0037630638913502793,0.5980808346926865,0.0,3.579827622392681e-05,0.0,True,0,long_short,1.1055053270253439,0.9880444282831821
2019-08-23,1.0925720819008444,0.00025973277898150293,1.0881422825366538,0.0,0.4051169684843764,0.40106249973346014,0.004054468750916257,0.5948830315156236,0.0,3.57453108926194e-05,0.0,True,0,long_short,1.1101529626474582,0.9841635510257186
2019-08-26,1.08998920736285,-0.0023640312440534883,1.0892177687285276,0.0,0.30053246058601485,0.2998247117118871,0.0007077488741277284,0.6994675394139851,0.00033053708520410435,0.00010804677295219972,0.60674149726155,True,0,long_short,1.1028680750534194,0.9883223859844292
2019-08-27,1.0942457886078663,0.003905159075211939,1.0891909079860729,0.0,0.30542636388898825,0.30080685273855057,0.004619511150437675,0.6945736361110117,0.0,2.686074245479191e-05,0.0,True,0,long_short,1.1086786361242869,0.9869819377354696
2019-08-28,1.0961174613829447,0.0017104683377029417,1.0891638540163364,0.0,0.3068940020687381,0.3005501496883234,0.0063438523804147245,0.6931059979312619,0.0,2.70539697364558e-05,0.0,True,0,long_short,1.109473911773536,0.9879614561019823
2019-08-29,1.0959599943117369,-0.00014365893871381985,1.089136776898493,0.0,0.30649866420534366,0.30027287362114574,0.006225790584197962,0.6935013357946563,0.0,2.7077117843394174e-05,0.0,True,0,long_short,1.1076749691140284,0.9894238155334848
2019-08-30,1.0921117926441641,-0.0035112610748072592,1.089109728647244,0.0,0.3043581928610213,0.3016093314192345,0.0027488614417867318,0.6956418071389787,0.0,2.704825124924381e-05,0.0,True,0,long_short,1.1075099502639285,0.9860965965894077
2019-09-02,1.096394588705867,0.003921572947521934,1.093127749348517,0.0,0.4028055652563583,0.39982594515333864,0.002979620103019651,0.5971944347436418,0.00022302205391165343,8.12197251652113e-05,0.4079606650399771,True,0,long_short,1.1144017744778525,0.9838413881022195
2019-09-03,1.0946291196682434,-0.0016102496818298784,1.2024789143676338,0.0,0.30266410982352004,0.40119044423355044,-0.09852633441003039,0.6973358901764799,5.472095807089621e-05,3.603016460468459e-05,0.09971357164557335,True,0,long_short,1.1152119594277268,0.9815435625618241
2019-09-04,1.0916443432251444,-0.002726746794388002,1.2024428194572674,0.0,0.30183099633108496,0.4033278592239765,-0.10149686289289159,0.698169003668915,0.0,3.609491036635749e-05,0.0,True,0,long_short,1.117437172546014,0.9769178706825171
2019-09-05,1.0900049239194947,-0.0015017888525910017,1.202406631190748,0.0,0.3037187606582946,0.40683912718569837,-0.10312036652740372,0.6962812393417054,0.0,3.618826651947627e-05,0.0,True,0,long_short,1.127547033760756,0.9667046174419478
2019-09-06,1.0863335491169657,-0.0033682185483414617,1.2023701826988131,0.0,0.3024402414972419,0.40925516374296345,-0.10681492224572155,0.6975597585027581,0.0,3.6448491934974304e-05,0.0,True,0,long_short,1.132660246179661,0.9590992115959306
2019-09-09,1.0913430118522505,0.004611348640900292,1.0881577141929628,0.0,0.4052448938710757,0.40232619862613955,0.0029186952449362052,0.5947551061289242,0.00038718156864414827,0.00010962434330712453,0.7113745517556341,True,0,long_short,1.1402267162468682,0.9571280836538179
2019-09-10,1.0927332194159256,0.0012738502455940104,1.0881216257640294,0.0,0.40523025659217277,0.401010019145414,0.004220237446758757,0.5947697434078272,0.0,3.608842893334667e-05,0.0,True,0,long_short,1.1381292487271186,0.9601134674625366
2019-09-11,1.0881615752649876,-0.004183678202243857,1.0880856095747768,0.0,0.4009540157437154,0.40088420470467734,6.981103903809411e-05,0.5990459842562845,0.0,3.601618925250495e-05,0.0,True,0,long_short,1.134562198552578,0.9591026183079374
2019-09-12,1.0910946324744604,0.002695424352544995,1.0880497553182544,0.0,0.4014647547060979,0.39867409194818415,0.002790662757913741,0.5985352452939021,0.0,3.585425652248986e-05,0.0,True,0,long_short,1.1357535872116153,0.9606790106234249
2019-09-16,1.0904207493297482,-0.0006176211711206303,1.0918257115924568,0.0,0.3984142616965589,0.39970272054473494,-0.001288458848176016,0.6015857383034411,0.00033111045469831645,0.00014301079293083612,0.6063423274281766,True,0,long_short,1.131633198675241,0.9635814419427261
2019-09-17,1.085684570034941,-0.004343442013294729,1.0917898887864257,0.0,0.391383910030005,0.3970073838455056,-0.005623473815500588,0.608616089969995,0.0,3.582280603113935e-05,0.0,True,0,long_short,1.1187139508359036,0.9704755797706078
2019-09-18,1.0870580651454194,0.0012650959112685545,1.0917544620912887,0.0,0.39148733044158973,0.39580761203136927,-0.004320281589779557,0.6085126695584102,0.0,3.542669513679489e-05,0.0,True,0,long_short,1.1193384472234478,0.9711611960099281
2019-09-19,1.088702172497191,0.0015124374718213929,1.0917190977742828,0.0,0.39311026052749026,0.39588138136595785,-0.0027711208384675985,0.6068897394725097,0.0,3.5364317005861566e-05,0.0,True,0,long_short,1.12294717567019,0.9695043507700519
2019-09-20,1.0894607116933825,0.0006967371016186608,1.0916836733699038,0.0,0.3936955116820082,0.39573593558409287,-0.002040423902084607,0.6063044883179918,0.0,3.542440437898417e-05,0.0,True,0,long_short,1.125297762452824,0.9681532728890112
2019-09-23,1.0899414024934901,0.0004412190315339348,1.0888035993598992,0.0,0.398697425849146,0.3976535136434183,0.0010439122057277364,0.601302574150854,0.000221139735976609,0.00010630818592374881,0.4061243570282936,True,0,long_short,1.1195417558683347,0.973560295344334
2019-09-24,1.0939997327507385,0.0037234389371427756,1.0887679758781157,0.0,0.4009696820015379,0.3961874533446184,0.004782228656919467,0.5990303179984622,0.0,3.56234817835867e-05,0.0,True,0,long_short,1.1197464199041876,0.9770066805342837
2019-09-25,1.0901182594234742,-0.0035479655168698665,1.0887323515793694,0.0,0.3978209697033467,0.39654963255058906,0.0012713371527576026,0.6021790302966533,0.0,3.5624298746154107e-05,0.0,True,0,long_short,1.1161868243799595,0.9766449805829177
2019-09-26,1.080073009575007,-0.009214825787598135,1.0886968212235986,0.0,0.3913823057330644,0.3993667767569121,-0.00798447102384773,0.6086176942669357,0.0,3.553035577077258e-05,0.0,True,0,long_short,1.1120745681893807,0.9712235496343767
2019-09-27,1.0851657505611276,0.0047151821598843124,1.0886613681871744,0.0,0.394279431431282,0.3975007067288477,-0.003221275297565624,0.6057205685687179,0.0,3.545303642433765e-05,0.0,True,0,long_short,1.1136708798994843,0.9744043506453814
2019-09-30,1.0785276315557835,-0.006117147543508117,1.0869372687770371,0.0,0.39613577677824047,0.40393310804282995,-0.007797331264589516,0.6038642232217595,0.00011385110035166088,0.00010636129794229857,0.20946779460473283,True,0,long_short,1.112327009756782,0.96961381149201
2019-10-08,1.0802228865829577,0.0015718234541000076,1.0799373855489984,0.0,0.3990318329048099,0.39876753464052994,0.00026429826427998087,0.6009681670951901,0.00010987831554532946,0.0002864567791722081,0.20346945772015776,True,0,long_short,1.1132032700162444,0.9703734400341768
2019-10-09,1.0806171206525166,0.000364956227511426,1.0799019807968877,0.0,0.39876420458704775,0.39810241620524145,0.0006617883818063194,0.6012357954129522,0.0,3.540475211054489e-05,0.0,True,0,long_short,1.1168733299041942,0.9675377607460752
2019-10-10,1.0870471197172897,0.005950302787068873,1.079866622197979,0.0,0.40320624160406127,0.3966007344562403,0.006605507147821008,0.5967937583959387,0.0,3.5358598908864474e-05,0.0,True,0,long_short,1.1230847478532302,0.9679119245410231
2019-10-11,1.0859748720445348,-0.0009863856435530227,1.0798311873744664,0.0,0.4043339637831382,0.39867666467961277,0.005657299103525413,0.5956660362168618,0.0,3.5434823512472685e-05,0.0,True,0,long_short,1.1288434652196513,0.9620243244560263
2019-10-14,1.0824129979289732,-0.0032798863097596165,1.0855600560533076,0.0,0.2987483126283836,0.3016557593519134,-0.0029074467235298065,0.7012516873716164,0.00011245913586651486,0.00010675549477296602,0.20716953647282724,True,0,long_short,1.1388055888191089,0.9504809324402663
2019-10-15,1.082053598983379,-0.00033203494995126537,1.0855332191123632,0.0,0.2980312524228919,0.30124700821563005,-0.0032157557927381653,0.7019687475771081,0.0,2.683694094432702e-05,0.0,True,0,long_short,1.1342894261206882,0.9539484139282179
2019-10-16,1.0816291348045144,-0.0003922764817412272,1.0855064274348762,0.0,0.2976154808316841,0.3012001592631342,-0.003584678431450123,0.7023845191683159,0.0,2.6791677486797102e-05,0.0,True,0,long_short,1.1318900452632814,0.9555955892808685
2019-10-17,1.0825478180157355,0.0008493513919511919,1.0854796504320545,0.0,0.2979487847415503,0.30065705533018133,-0.002708270588631077,0.7020512152584497,0.0,2.677700282192596e-05,0.0,True,0,long_short,1.1304756947903516,0.9576037972373176
2019-10-18,1.0810948618862992,-0.0013421634640579105,1.0854528990096528,0.0,0.2967879083356103,0.3008190412888738,-0.004031132953263475,0.7032120916643897,0.0,2.6751422401538963e-05,0.0,True,0,long_short,1.1265382840343754,0.9596610050522797
2019-10-21,1.0850757487892677,0.0036822734464045936,1.0823171506477205,0.0,0.3006071850231338,0.2980648757469149,0.0025423092762188945,0.6993928149768662,0.000217762023942312,8.018973367273083e-05,0.4023187084190791,True,0,long_short,1.123791923089695,0.9655486273704628
2019-10-22,1.0829927936443395,-0.0019196403082939462,1.0822905679380024,0.0,0.2991356202483208,0.2984872080793219,0.0006484121689988757,0.7008643797516791,0.0,2.6582709718262774e-05,0.0,True,0,long_short,1.1260862611472438,0.9617316461538203
2019-10-23,1.0814019646640887,-0.0014689192666719197,1.0822639986644125,0.0,0.2973608831191829,0.29815802796309093,-0.0007971448439080626,0.702639116880817,0.0,2.656927358999376e-05,0.0,True,0,long_short,1.1229820769875622,0.9629734853515973
2019-10-24,1.0818447635415265,0.00040946742460867824,1.0822374976772438,0.0,0.2978188919814486,0.2981819146155202,-0.0003630226340715762,0.7021811080185514,0.0,2.6500987168738918e-05,0.0,True,0,long_short,1.1228899104018801,0.9634468646657768
2019-10-25,1.0860991041514785,0.00393248713061678,1.0822109837148128,0.0,0.30167641197681094,0.29809651726756775,0.003579894709243203,0.6983235880231891,0.0,2.651396243092496e-05,0.0,True,0,long_short,1.1269042395951718,0.963790059518853
2019-10-28,1.095792455942784,0.00892492384373944,1.0925216036383338,0.0,0.3039132128236506,0.300928293291935,0.002984919531715613,0.6960867871763494,0.00022566562742065918,7.983181488205015e-05,0.41302437218130017,True,0,long_short,1.1321418091351996,0.9678932860714848
2019-10-29,1.0914700444678678,-0.003944553050602373,1.092494500491465,0.0,0.3004527518451317,0.30139135389728106,-0.0009386020521493125,0.6995472481548684,0.0,2.7103146868688202e-05,0.0,True,0,long_short,1.1308697747136907,0.9651597990088665
2019-10-30,1.0912696184631008,-0.00018362941409411082,1.0924674627132918,0.0,0.298501931251586,0.2995995923886001,-0.001097661137014125,0.701498068748414,0.0,2.7037778173191465e-05,0.0,True,0,long_short,1.1229905481810991,0.9717531641122211
2019-10-31,1.0908254935351305,-0.00040698001708860954,1.0924405906092196,0.0,0.2977265393319013,0.2992071584443635,-0.001480619112462235,0.7022734606680987,0.0,2.6872104072132175e-05,0.0,True,0,long_short,1.1181656951901917,0.9755490605974897
2019-11-01,1.092099897789434,0.0011682934271854961,1.0924137646259637,0.0,0.3007065909624873,0.30099398851390646,-0.0002873975514191149,0.6992934090375127,0.0,2.6825983255834257e-05,0.0,True,0,long_short,1.1236797644872658,0.9718960261669911
2019-11-04,1.0960479947498893,0.003615142688362827,1.0941520191885945,0.0,0.4007965992700672,0.39906677031150284,0.0017298289585643662,0.5992034007299327,0.0003302891613158985,8.105313799510797e-05,0.6035532210910873,True,0,long_short,1.127450801002176,0.9721470717619136
2019-11-05,1.1029020860376892,0.006253459082660173,1.0941160688050298,0.0,0.40539809169393065,0.3974318203957916,0.007966271298139005,0.5946019083060694,0.0,3.5950383564759225e-05,0.0,True,0,long_short,1.1363411491953381,0.9705730420997888
2019-11-06,1.0993102562811712,-0.0032567077367876562,1.0940800418145828,0.0,0.4031390583813494,0.3983813346753216,0.0047577237060278275,0.5968609416186506,0.0,3.6026990447036293e-05,0.0,True,0,long_short,1.1358481257314876,0.9678320819283951
2019-11-07,1.1043300944473216,0.004566352526475859,1.0940440463608472,0.0,0.40633015561148894,0.39701586802828026,0.009314287583208684,0.5936698443885111,0.0,3.5995453735854475e-05,0.0,True,0,long_short,1.1386090571290515,0.9698940013983705
2019-11-08,1.1033232304015321,-0.000911741924676357,1.094008010478296,0.0,0.40569193996999514,0.39724906514731434,0.0084428748226808,0.5943080600300048,0.0,3.603588255096625e-05,0.0,True,0,long_short,1.1371919958741898,0.9702171967481868
2019-11-11,1.1014361248917945,-0.001710383193011089,1.1020758337138723,0.0,0.3979775949669445,0.39855839017387557,-0.0005807952069310274,0.6020224050330555,0.00011581391437117494,0.00010807252319153182,0.2101520450103023,True,0,long_short,1.1295716490160879,0.9750918641161004
2019-11-12,1.1069955422841453,0.005047426052869675,1.1020397526227368,0.0,0.4008741653213496,0.3963973725321187,0.004476792789230892,0.5991258346786503,0.0,3.6081091135580164e-05,0.0,True,0,long_short,1.1270160593498597,0.9822358191796632
2019-11-13,1.1042008907461862,-0.002524537300477858,1.1020036860371725,0.0,0.3995906298867783,0.3976007703173582,0.0019898595694201175,0.6004093701132217,0.0,3.606658556434546e-05,0.0,True,0,long_short,1.1264644152267334,0.9802359274029389
2019-11-14,1.1070778126644645,0.002605433433706228,1.1019676012871933,0.0,0.40124320207891656,0.39662725610040206,0.004615945978514496,0.5987567979210835,0.0,3.6084749979106584e-05,0.0,True,0,long_short,1.1276317456961253,0.9817724774864579
2019-11-15,1.1066023739302064,-0.0004294537645134211,1.1019315111034844,0.0,0.3995059649285342,0.3952850605307486,0.004220904397785636,0.6004940350714658,0.0,3.6090183709047244e-05,0.0,True,0,long_short,1.1233924216024922,0.985054156188507
2019-11-18,1.1062231657033879,-0.0003426779444469785,1.1050793898274633,0.0,0.4012484847824696,0.4002145380062806,0.0010339467761890117,0.5987515152175305,0.0004445507190974183,0.00010785782129485605,0.8042353544648457,True,0,long_short,1.1277452596895206,0.9809158195955903
2019-11-19,1.1121697624327485,0.005375585066128563,1.1050430013403516,0.0,0.4048230871205724,0.39841510757183163,0.006407979548740757,0.5951769128794275,0.0,3.638848711182136e-05,0.0,True,0,long_short,1.133293552608484,0.9813607073585522
2019-11-20,1.113583014118169,0.0012707157964169102,1.105006581731951,0.0,0.40546185378792615,0.3977601986104634,0.007701655177462736,0.5945381462120738,0.0,3.641960840036564e-05,0.0,True,0,long_short,1.1309497427806794,0.9846441198882891
2019-11-21,1.118709708202228,0.004603782582045524,1.1049701757866746,0.0,0.4044874829538555,0.392205894339028,0.012281588614827485,0.5955125170461445,0.0,3.6405945276565595e-05,0.0,True,0,long_short,1.1277669459449753,0.9919688746196067
2019-11-22,1.1133978975889045,-0.0047481581453866495,1.104934112947638,0.0,0.40102728660476245,0.39342552567132144,0.007601760933441006,0.5989727133952376,0.0,3.606283903653763e-05,0.0,True,0,long_short,1.125094453807937,0.9896039339813248
2019-11-25,1.1098236589020025,-0.003210207864270398,1.1117598573079617,0.0,0.3984312439341878,0.4001758439798155,-0.0017446000456276865,0.6015687560658123,0.0003348955915968809,0.00010800965419896792,0.6022788808664181,True,0,long_short,1.1274619829776449,0.9843557260981348
2019-11-26,1.1094557067580089,-0.00033154108857047504,1.111723353914589,0.0,0.39834630023001216,0.4003902278449384,-0.0020439276149262164,0.6016536997699878,0.0,3.650339337286649e-05,0.0,True,0,long_short,1.1280336191175186,0.9835307103931498
2019-11-27,1.1099661327743644,0.0004600688547062859,1.1116868430743247,0.0,0.3977434395054099,0.3992936762641293,-0.001550236758719362,0.6022565604945901,0.0,3.6510840264058055e-05,0.0,True,0,long_short,1.126089310776917,0.9856821498541454
2019-11-28,1.1103005283940053,0.0003012665069384024,1.111650415475063,0.0,0.3976691688878882,0.39888495420595016,-0.0012157853180619193,0.6023308311121118,0.0,3.6427599261711335e-05,0.0,True,0,long_short,1.1240382653977496,0.9877782301309083
2019-11-29,1.1086724108514274,-0.0014663755451264082,1.1116140142003708,0.0,0.3964887301277219,0.39914199661126704,-0.002653266483545148,0.6035112698722781,0.0,3.64012746923248e-05,0.0,True,0,long_short,1.1231243930389831,0.9871323405696397
2019-12-02,1.1101116686796806,0.0012981813330665837,1.1074088020254715,0.0,0.3019927558681171,0.29955798580807097,0.0024347700600460924,0.698007244131883,0.00044013743815435997,0.00010911395827111208,0.7945802400956508,True,0,long_short,1.1232450228349493,0.9883076676163483
2019-12-03,1.1102783665806666,0.000150163182397689,1.1073814697392668,0.0,0.30299927109886327,0.3003901084522727,0.002609162646590543,0.6970007289011367,0.0,2.733228620479905e-05,0.0,True,0,long_short,1.124467924333944,0.9873810915845534
2019-12-04,1.1090694822786622,-0.0010888119037455457,1.1073540574127778,0.0,0.3024570482754969,0.30091032384272287,0.0015467244327740503,0.6975429517245031,0.0,2.7412326488990023e-05,0.0,True,0,long_short,1.1238983212805191,0.986805889179582
2019-12-05,1.110812732390067,0.0015718132535960105,1.107326627512196,0.0,0.3044966641789706,0.3013583270171611,0.003138337161809483,0.6955033358210294,0.0,2.7429900581634512e-05,0.0,True,0,long_short,1.128738422419793,0.9841188271138172
2019-12-06,1.1134748363861249,0.002396537164576884,1.1072991135943882,0.0,0.30621037351132546,0.30066402204479337,0.005546351466532097,0.6937896264886745,0.0,2.7513917807871125e-05,0.0,True,0,long_short,1.1318747971149148,0.9837438197442947
2019-12-09,1.1160415368762653,0.002305126623669995,1.1142893962866012,0.0,0.29917587058934103,0.29760591057282754,0.001569960016513533,0.700824129410659,0.0002280938655423402,8.254894259675848e-05,0.40931410688082226,True,0,long_short,1.1315173127476554,0.9863229879940498
2019-12-10,1.1223070288619146,0.005614031179507872,1.1142620970626709,0.0,0.3033584061487337,0.29619019674403846,0.007168209404695245,0.6966415938512662,0.0,2.7299223930341813e-05,0.0,True,0,long_short,1.1340410507261847,0.9896529126024528
2019-12-11,1.1175865171852406,-0.004206078689056092,1.1142347751717379,0.0,0.300506460994928,0.2975073714730317,0.0029990895218962766,0.699493539005072,0.0,2.7321890933081733e-05,0.0,True,0,long_short,1.1364373819539182,0.9834123154799197
2019-12-12,1.1144940522956053,-0.0027670921598302867,1.114207447207865,0.0,0.2987976169458223,0.29854045533320533,0.00025716161261695857,0.7012023830541777,0.0,2.7327963872998446e-05,0.0,True,0,long_short,1.136738617596092,0.9804312399032169
2019-12-13,1.1169027447651076,0.00216124300039211,1.1141801002301794,0.0,0.3054791721963036,0.3030414984170159,0.002437673779287708,0.6945208278036964,0.0,2.7346977685354447e-05,0.0,True,0,long_short,1.145542898462919,0.9749986196621353
2019-12-16,1.1185536678876982,0.0014781261218383968,1.116954850498827,0.0,0.3025591849169951,0.301129823559761,0.0014293613572341698,0.6974408150830049,0.00023070821273097193,8.345783375992506e-05,0.4130168187942674,True,0,long_short,1.1559055400928038,0.9676860514033814
2019-12-17,1.1184550377287326,-8.81765102536125e-05,1.1169271658520883,0.0,0.30568728216805424,0.30432122647059234,0.0013660556974618664,0.6943127178319457,0.0,2.768464673861474e-05,0.0,True,0,long_short,1.1651625215422452,0.9599133314452226
2019-12-18,1.1326059279220995,0.012652176185913966,1.1168991902678005,0.0,0.31408922166226744,0.3002214347585607,0.013867786903706696,0.6859107783377325,0.0,2.797558428771127e-05,0.0,True,0,long_short,1.1671769713653328,0.9703806326792132
2019-12-19,1.1321047942146694,-0.0004424607845284756,1.1168712423847844,0.0,0.31309101674714307,0.2996350611609357,0.013455955586207392,0.686908983252857,0.0,2.794788301617729e-05,0.0,True,0,long_short,1.166240396207887,0.9707302181400919
2019-12-20,1.1383029026678126,0.005474853993037598,1.1168433614295032,0.0,0.316290267284376,0.2974380433394005,0.018852223944975485,0.6837097327156241,0.0,2.7880955281241176e-05,0.0,True,0,long_short,1.1656643550473744,0.976527160446242
2019-12-23,1.1369714048718849,-0.0011697218664794562,1.1393593542754128,0.0,0.29833851285375373,0.30043878502708676,-0.0021002721733330747,0.7016614871462463,0.0002390415777621754,8.348414501023746e-05,0.4195189790228054,True,0,long_short,1.160560291517489,0.9796745702760857
2019-12-24,1.136042720222436,-0.0008168056342223728,1.1393312783597287,0.0,0.30041590325000367,0.3033106519058014,-0.0028947486557977724,0.6995840967499963,0.0,2.8075915684130064e-05,0.0,True,0,long_short,1.1656809585867067,0.9745743137125575
2019-12-25,1.1369997028845478,0.0008423826367414122,1.1393029572207096,0.0,0.3008594491938557,0.3028851791305641,-0.002025729936708389,0.6991405508061443,0.0,2.832113901891838e-05,0.0,True,0,long_short,1.1668137265864684,0.9744483433622759
2019-12-26,1.1410101253555713,0.003527197466146159,1.1392746519857495,0.0,0.3026818211201949,0.30116082377647657,0.0015209973437183934,0.6973181788798051,0.0,2.8305234959965845e-05,0.0,True,0,long_short,1.1738143209254068,0.9720533350249353
2019-12-27,1.138934046118083,-0.001819509916129225,1.139246408625534,0.0,0.3019540545203625,0.3022283131646763,-0.00027425864431382884,0.6980459454796375,0.0,2.824336021556586e-05,0.0,True,0,long_short,1.1730827486515556,0.9708897751904322
2019-12-30,1.1367902440167859,-0.00188228818745384,1.1391263117545554,0.0,0.4020828694875296,0.4041378376314461,-0.0020549681439165587,0.5979171305124704,0.0002310674315594049,8.487569972813125e-05,0.40561010229198663,True,0,long_short,1.1787662418193685,0.9643898880767109
2019-12-31,1.1342325645475002,-0.002249913282373339,1.2542208138848714,0.0,0.3020107394072039,0.40779878772094663,-0.10578804831374274,0.6979892605927961,5.759492880151988e-05,3.7760543922531606e-05,0.10144100037455808,True,0,long_short,1.185676024963591,0.9566125490159334
2020-01-02,1.1384443423675927,0.0037133282465513506,1.254144780131751,0.0,0.3087047184587756,0.4103350164525617,-0.1016302979937861,0.6912952815412243,0.0,7.60337531204533e-05,0.0,True,0,long_short,1.1989707161004861,0.9495180550115949
2020-01-03,1.1398553916226979,0.0012394538780620135,1.2541063847691791,0.0,0.3109297769161127,0.41116266082942493,-0.10023288391331228,0.6890702230838873,0.0,3.839536257170399e-05,0.0,True,0,long_short,1.20132130288312,0.9488347446158605
2020-01-06,1.141278622597247,0.0012486066083550185,1.1392749019360375,0.0,0.6027476447814641,0.6009919642477749,0.0017556805336892468,0.39725235521853586,0.00041034715152070005,0.00011556147348008745,0.7201061027142848,True,0,long_short,1.2013717911966002,0.9499795408551265
2020-01-07,1.149060073202864,0.006818186594881093,1.1392185266526553,0.0,0.60665649595442,0.5980916290865141,0.008564866867905767,0.39334350404558005,0.0,5.637528338208612e-05,0.0,True,0,long_short,1.2041740620186245,0.9542308786128727
2020-01-08,1.1453686227014437,-0.0032125826904165766,1.1391620409092773,0.0,0.6022402160915061,0.5968213651913237,0.005418850900182556,0.39775978390849387,0.0,5.648574337809617e-05,0.0,True,0,long_short,1.197799997153679,0.9562269372375793
2020-01-09,1.1465292216753697,0.001013297335829444,1.13910585621352,0.0,0.6029417216569006,0.596467080346841,0.00647464131005961,0.39705827834309937,0.0,5.618469575736836e-05,0.0,True,0,long_short,1.202399177548762,0.9535346023877944
2020-01-10,1.142919620310533,-0.003148285535681583,1.1390496479720909,0.0,0.6008471809531762,0.5974611402643388,0.003386040688837344,0.39915281904682376,0.0,5.62082414289077e-05,0.0,True,0,long_short,1.196792941666006,0.9549852614601168
2020-01-13,1.1471183613187605,0.0036736975493403268,1.1408793576950347,0.0,0.701178031359261,0.6957391822970306,0.005438849062230428,0.29882196864073896,0.000691117899306378,0.00016837398729399852,1.210819505377551,True,0,long_short,1.200070615869324,0.9558757177699871
2020-01-14,1.1529023255760098,0.005042168665663871,1.1408137608300455,0.0,0.7018985097711773,0.6914131768181668,0.01048533295301042,0.2981014902288227,0.0,6.559686498919102e-05,0.0,True,0,long_short,1.200102467557023,0.9606699067313011
2020-01-15,1.1566233578402236,0.003227534702347823,1.1407482431429643,0.0,0.699302972768118,0.6855775758274033,0.013725396940714714,0.30069702723188196,0.0,6.551768708116943e-05,0.0,True,0,long_short,1.1949509653433308,0.9679253721577646
2020-01-16,1.158682736269094,0.0017805091129368122,1.1406830687562948,0.0,0.698131483865522,0.6825968884587093,0.015534595406812797,0.30186851613447796,0.0,6.517438666959877e-05,0.0,True,0,long_short,1.192705421360555,0.9714743603222241
2020-01-17,1.1554399216711806,-0.0027987079606924814,1.1406180621894053,0.0,0.7003775378065047,0.6875496449807683,0.012827892825736433,0.2996224621934953,0.0,6.500656688943342e-05,0.0,True,0,long_short,1.1959647977858332,0.9661153269814639
2020-01-20,1.165341022415321,0.008569117751981326,1.1549772552435735,0.0,0.7070646791389837,0.6981713449368915,0.008893334202092316,0.29293532086101626,0.0005860092623939376,0.00019588495264314082,1.0142400340918958,True,0,long_short,1.2059109955414415,0.9663574067438492
2020-01-21,1.1687593537462293,0.0029333313297625896,1.1549103833770862,0.0,0.7066190363953797,0.6947697448155921,0.011849291579787688,0.2933809636046203,0.0,6.687186648738384e-05,0.0,True,0,long_short,1.2022300925257645,0.9721594568397331
2020-01-22,1.186967625252698,0.015579145055058197,1.1548436421191723,0.0,0.7084522961985352,0.6813883877564777,0.027063908442057534,0.2915477038014648,0.0,6.674125791395375e-05,0.0,True,0,long_short,1.2027424303108791,0.9868843031885857
2020-01-23,1.1927890371440235,0.004904440329689841,1.1547771665611046,0.0,0.704999714661222,0.6731316563548403,0.03186805830638181,0.295000285338778,0.0,6.647555806767705e-05,0.0,True,0,long_short,1.1874048261406125,1.0045344358426698
2020-02-03,1.189911150046912,-0.002412737715968727,1.1743280288937443,0.0,0.7175336520065978,0.7044376144137462,0.013096037592851634,0.2824663479934022,0.000618902459690472,0.0007259132599562603,1.0534985762762088,True,0,long_short,1.1454693685030182,1.0387978786390188
2020-02-04,1.1952410040807229,0.004479203370437057,1.1742591342494784,0.0,0.7267865620694505,0.709232052343287,0.017554509726163486,0.27321343793054953,0.0,6.88946442660299e-05,0.0,True,0,long_short,1.168511692619015,1.0228746632408947
2020-02-05,1.221142115838002,0.021670200126040706,1.1741894600113658,0.0,0.7375529482562427,0.6991031599657005,0.03844978829054226,0.26244705174375726,0.0,6.967423811252236e-05,0.0,True,0,long_short,1.1774193220469928,1.0371344286375352
2020-02-06,1.2467580833671796,0.020977056803580085,1.1741192925336712,0.0,0.7492097252740463,0.6909475878132412,0.058262137460805156,0.2507902747259537,0.0,7.016747769448345e-05,0.0,True,0,long_short,1.1867501723040768,1.0505649061306623
2020-02-07,1.2648241288326727,0.014490417753459717,1.1740484888769351,0.0,0.748092655416272,0.6763232782464073,0.07176937716986478,0.251907344583728,0.0,7.080365673609966e-05,0.0,True,0,long_short,1.1847428382835599,1.067593816954516
2020-02-10,1.272310282118236,0.005918730608398759,1.2736686552672953,0.0,0.7013365750663664,0.7024042180526335,-0.001067642986267255,0.2986634249336336,0.0006971485969087356,0.00021092794550562802,1.0941106467150992,True,0,long_short,1.189457565758487,1.0696558824331963
2020-02-11,1.2792897286058822,0.005485648104663898,1.2735952024364325,0.0,0.7066697330748192,0.7022184144703498,0.004451318604469347,0.2933302669251808,0.0,7.345283086287e-05,0.0,True,0,long_short,1.1942769971855307,1.071183428652394
2020-02-12,1.2867089006810195,0.0057994462937043245,1.2735213662058953,0.0,0.7128287544179186,0.7025797117104776,0.010249042707440984,0.2871712455820814,0.0,7.383623053724603e-05,0.0,True,0,long_short,1.2074940921896273,1.0656026468400743
2020-02-13,1.2796382620069384,-0.005495134657371836,1.27344706355643,0.0,0.7103156714641684,0.7054774303499971,0.004838241114171275,0.2896843285358316,0.0,7.430264946540627e-05,0.0,True,0,long_short,1.2037322045637369,1.063058923866469
2020-02-14,1.284336751789436,0.0036717328029318708,1.2733728644403046,0.0,0.7081197948216995,0.69958318062464,0.008536614197059554,0.2918802051783005,0.0,7.419911612533079e-05,0.0,True,0,long_short,1.2031161793697296,1.0675085031790155
2020-02-17,1.2879134692158904,0.002784875089396177,1.2714831603073908,0.0,0.8060083229258121,0.7932510148447787,0.012757308081033416,0.19399167707418785,0.0005270505348995354,0.00022154804132300685,0.8286891573779692,True,0,long_short,1.2168462898544243,1.0584027579769077
2020-02-18,1.2990307805729682,0.008632032836682901,1.2713991900060355,0.0,0.8078032933372521,0.7865323650573657,0.021270928279886404,0.1921967066627479,0.0,8.397030135515873e-05,0.0,True,0,long_short,1.221237078888498,1.063700736760526
2020-02-19,1.2926422181772963,-0.004917945356809783,1.2713152122181897,0.0,0.8101836981564423,0.7936849286909213,0.016498769465520948,0.1898163018435577,0.0,8.397778784600321e-05,0.0,True,0,long_short,1.2205790365745477,1.0590401599924146
2020-02-20,1.2963196797743448,0.002844918373650307,1.2712308875074974,0.0,0.8155342965240664,0.7961804344649677,0.019353862059098708,0.1844657034759336,0.0,8.432471069234972e-05,0.0,True,0,long_short,1.2296442302023125,1.0542233663480551
2020-02-21,1.2980733531552942,0.0013528093481189885,1.2711460570116742,0.0,0.8198198278299692,0.7990757796772461,0.02074404815272319,0.1801801721700308,0.0,8.483049582314183e-05,0.0,True,0,long_short,1.2361399414064485,1.0501022656693542
2020-02-24,1.3089566487924127,0.008384191548700848,1.300140014198633,0.0,0.80260885880859,0.7958732388001551,0.0067356200084348755,0.19739114119141,0.0007961580036465607,0.00025576248741801137,1.2239770415466138,True,0,long_short,1.2409234549728956,1.0548246497774538
2020-02-25,1.3053224285152223,-0.0027764252395546807,1.3000543897958228,0.0,0.8023485260822156,0.798312711938279,0.004035814143936659,0.19765147391778437,0.0,8.562440281014366e-05,0.0,True,0,long_short,1.2393959293543122,1.0531924444799943
2020-02-26,1.2931515825395756,-0.009324015055414914,1.2999687413995602,0.0,0.7945286512316736,0.7998003911823732,-0.005271739950699658,0.2054713487683264,0.0,8.56483962626176e-05,0.0,True,0,long_short,1.2312452857807967,1.0502794183041448
2020-02-27,1.286966288243604,-0.0047831162096438895,1.2998837334701159,0.0,0.7922918155801187,0.8023289434711229,-0.010037127891004206,0.20770818441988126,0.0,8.500792944437735e-05,0.0,True,0,long_short,1.229877018600708,1.0464186815262628
2020-02-28,1.2780404564639485,-0.006935559898648802,1.2997988646781435,0.0,0.7801367332583732,0.7971615528594642,-0.017024819601091076,0.21986326674162682,0.0,8.4868791972283e-05,0.0,True,0,long_short,1.2112563186632592,1.055136255449542
2020-03-02,1.3026166639628856,0.01922960057691281,1.2832274108825223,0.0,1.0006417084470658,0.9857568588848192,0.014884849562246654,0.0,0.0009100146470622835,0.00025121212148022405,1.417316603302001,True,0,long_short,1.2196241636390621,1.0680476025304335
2020-03-03,1.3322841620905557,0.022775309842432367,1.4139991085109636,0.0,0.906620137355135,0.9679546099440643,-0.061334472588929316,0.09337986264486497,6.547135421643835e-05,0.00010553945021910213,0.09879173367921194,True,0,long_short,1.2245496544091885,1.0879788804753254
2020-03-04,1.3194085454562225,-0.009664317118451282,1.4138931147633103,0.0,0.9043882750912234,0.9759995812575155,-0.0716113061662921,0.09561172490877656,0.0,0.00010599374765350834,0.0,True,0,long_short,1.2243771809087762,1.0776160859816994
2020-03-05,1.318595270123561,-0.0006163938648586775,1.4137872729396495,0.0,0.9142699019408704,0.986461881521662,-0.07219197958079158,0.08573009805912957,0.0,0.00010584182366078308,0.0,True,0,long_short,1.2394318472149086,1.063870734874643
2020-03-06,1.3256814642067238,0.005374047855107644,1.4136803624762688,0.0,0.916728346655181,0.9831084693660334,-0.06638012271085242,0.08327165334481901,0.0,0.00010691046338068375,0.0,True,0,long_short,1.2384339406162557,1.0704498808770155
2020-03-09,1.3021645113888922,-0.017739519977299945,1.323603020027774,0.0,0.7859875746124758,0.8024513228189258,-0.01646374820645001,0.21401242538752419,0.0006208863792193251,0.0003213588514051711,0.9377362487043023,True,0,long_short,1.216587410179935,1.0703419256954996
2020-03-10,1.3108302067268693,0.006654839125306955,1.3235171358934157,0.0,0.7879529421815914,0.797631487199428,-0.009678545017836623,0.2120470578184086,0.0,8.588413435823646e-05,0.0,True,0,long_short,1.2260002615904566,1.069192436408101
2020-03-11,1.3105743102062712,-0.00019521713741788016,1.3234311995004904,0.0,0.7893633169537458,0.7991734354598805,-0.009810118506134745,0.21063668304625416,0.0,8.593639292527284e-05,0.0,True,0,long_short,1.2243151717720857,1.0704550106238848
2020-03-12,1.3089416310598172,-0.0012457738059866719,1.323345113787566,0.0,0.7826245899154044,0.7936285051290162,-0.011003915213611767,0.2173754100845956,0.0,8.608571292435689e-05,0.0,True,0,long_short,1.2149927927085387,1.0773246054751007
2020-03-13,1.312018553763492,0.002350695119371693,1.3232597318651036,0.0,0.7801674670277294,0.7887353169787584,-0.008567849951029,0.21983253297227057,0.0,8.538192246239498e-05,0.0,True,0,long_short,1.2076567391055368,1.086416786557455
2020-03-16,1.2839174017530133,-0.021418258095414422,1.3207210085382672,0.0,0.9864365700617472,1.0151016592139026,-0.028665089152155408,0.013563429938252769,0.0005379355622431553,0.0002551648857249847,0.8142772688806618,True,0,long_short,1.1887629278884568,1.08004495398723
2020-03-17,1.295600320314715,0.009099431587850093,1.457235380007276,0.0,0.8749374227475828,0.9996943073810303,-0.12475688463344743,0.1250625772524172,6.834491874256656e-05,0.00010712109738189753,0.1051905022424048,True,0,long_short,1.1845886625611877,1.093713253606117
2020-03-18,1.294389417729235,-0.0009346266487384458,1.4571289248622188,0.0,0.8742931004067183,1.0000199527001186,-0.12572685229340033,0.12570689959328174,0.0,0.00010645514505695836,0.0,True,0,long_short,1.1827920918358703,1.094350754171977
2020-03-19,1.305850496637878,0.008854428776734924,1.4570225345681673,0.0,0.8691475521314207,0.9849127475496604,-0.11576519541823968,0.1308524478685793,0.0,0.00010639029405148962,0.0,True,0,long_short,1.1794903594429071,1.1071311318344754
2020-03-20,1.3183672908514177,0.009585166330882577,1.4569168237078496,0.0,0.8766629258526558,0.981754681251832,-0.10509175539917621,0.12333707414734418,0.0,0.00010571086031775625,0.0,True,0,long_short,1.1964751024844993,1.1018760759114898
2020-03-23,1.3167952774924672,-0.0011923940846070291,1.306597147821742,0.0,0.9801938910891349,0.9724492326406744,0.007744658448460536,0.019806108910865095,0.000736897004090472,0.0003191457351951801,1.1273277966055628,True,0,long_short,1.1740291503935039,1.1216035624423055
2020-03-24,1.3194814206197474,0.0020399094477279167,1.3064918998855386,0.0,0.9846864118283115,0.9748419983100768,0.009844413518234752,0.015313588171688486,0.0,0.00010524793620348605,0.0,True,0,long_short,1.180601441187214,1.117634939775167
2020-03-25,1.3271425002883175,0.005806129248088876,1.306386177756376,0.0,0.9936185924772852,0.9779787327580522,0.01563985971923294,0.006381407522714766,0.0,0.00010572212916246358,0.0,True,0,long_short,1.1998473152076898,1.106092819867329
2020-03-26,1.3222060845317196,-0.003719582302221136,1.3062794996352292,0.0,0.9936564408769362,0.9816109775540753,0.012045463322860796,0.0063435591230638355,0.0,0.00010667812114695794,0.0,True,0,long_short,1.1946714159566114,1.1067529254250945
2020-03-27,1.318431499294633,-0.002854763172885688,1.3061728235798458,0.0,0.9931693049830621,0.9838713811081047,0.009297923874957485,0.006830695016937893,0.0,0.00010667605538343514,0.0,True,0,long_short,1.1910321912131359,1.1069654615730693
2020-03-30,1.3142403178334008,-0.0031789148419728575,1.3159252374865806,0.0,0.9891031259181864,0.9903851742850768,-0.0012820483668903929,0.010896874081813612,0.0008652452697453215,0.00031984940221827283,1.314173030677101,True,0,long_short,1.1865289047288914,1.107634472784875
2020-03-31,1.318166127630205,0.002987132371099488,1.3158182563255205,0.0,0.988213019408774,0.9864318544588709,0.001781164949903025,0.01178698059122596,0.0,0.00010698116105999238,0.0,True,0,long_short,1.1858762839788044,1.1115545065186285
2020-04-01,1.318366215066016,0.0001517922753564438,1.315711383909814,0.0,0.9896759604040757,0.9876622322564164,0.0020137281476594287,0.010324039595924317,0.0,0.00010687241570655878,0.0,True,0,long_short,1.1867359406989344,1.1109179134572744
2020-04-02,1.3252890207848973,0.005251049093771387,1.3156043619493563,0.0,0.9893156594259596,0.9820080769411931,0.0073075824847664474,0.01068434057404044,0.0,0.00010702196045782553,0.0,True,0,long_short,1.188836119000616,1.1147785633388976
2020-04-03,1.3245853557334697,-0.0005309521473367829,1.3154973939063952,0.0,0.9825509168926485,0.9756899307072456,0.0068609861854027916,0.017449083107351493,0.0,0.00010696804296100716,0.0,True,0,long_short,1.1838909750614839,1.118840656475719
2020-04-07,1.3328574983945203,0.006245080866434716,1.3288763346934027,0.0,1.00035577993634,0.9973688411931414,0.00298693874319871,0.0,0.0005914656594829091,0.00042489356513471385,0.8897780891359899,True,0,long_short,1.1963598942523967,1.114094098939534
2020-04-08,1.3316464759867657,-0.0009085910603445768,1.3287670730052947,0.0,1.0003289225524121,0.9981666347129632,0.002162287839448804,0.0,0.0,0.00010926168810816426,0.0,True,0,long_short,1.1951556293791836,1.1142034085372474
2020-04-09,1.3358575114035425,0.0031622772955985923,1.3286578232725634,0.0,1.0025627927926781,0.9971732298568716,0.005389562935806464,0.0,0.0,0.0001092497327312126,0.0,True,0,long_short,1.197388974843266,1.115642067422912
2020-04-10,1.3218960104842092,-0.010451339907251223,1.328548337134267,0.0,0.9973966163474484,1.00242902933402,-0.005032412986571421,0.0026033836525516385,0.0,0.00010948613829656162,0.0,True,0,long_short,1.1878429562703436,1.1128541896100246
2020-04-13,1.311557345203103,-0.007821088193858183,1.3210395872178813,0.0,0.9900973720248996,0.99732712987686,-0.007229757851960457,0.009902627975100442,0.0005201453431039558,0.00032673869622004914,0.7871688737004593,True,0,long_short,1.1769466294476307,1.114372829138946
2020-04-14,1.3207523074156893,0.007010720687292915,1.4205732708696963,0.0,0.9161739747179315,0.9917528420752227,-0.07557886735729122,0.0838260252820685,4.984552013622598e-05,0.00010751110050084862,0.07581051200042999,True,0,long_short,1.1814123038325712,1.1179435859361637
2020-04-15,1.3202235425614548,-0.0004003512628868444,1.420465611155623,0.0,0.9164963108006631,0.9924244134003806,-0.0759281025997175,0.08350368919933693,0.0,0.00010765971407317135,0.0,True,0,long_short,1.1808860732900557,1.117993998255219
2020-04-16,1.329254283829662,0.006840312247944125,1.4203579216700246,0.0,0.9187126521692696,0.987250056147301,-0.0685374039780315,0.08128734783073044,0.0,0.00010768948559867869,0.0,True,0,long_short,1.185751926857682,1.1210222422764855
2020-04-17,1.322747902788682,-0.004894760257785125,1.4202500608727906,0.0,0.9257268692264262,0.9994386913193207,-0.07371182209289458,0.07427313077357378,0.0,0.00010786079723382528,0.0,True,0,long_short,1.1887873249258432,1.112686748128977
2020-04-20,1.3318990512175934,0.006918286099428794,1.320085836829562,0.0,0.9952929521507694,0.9864235003877156,0.008869451763053758,0.0047070478492305945,0.0004525611635552606,0.0003259739423609991,0.6854191657630536,True,0,long_short,1.1928518035848736,1.1165670766601865
2020-04-21,1.3315898774976485,-0.00023212999488397834,1.3199778519097594,0.0,0.990111158538556,0.9813907365947435,0.00872042194381253,0.009888841461443976,0.0,0.0001079849198026139,0.0,True,0,long_short,1.1898580837889141,1.1191165531753267
2020-04-22,1.3366572922044153,0.0038055371194993803,1.3198704428710701,0.0,0.9927309628844608,0.9801721346558275,0.012558828228633346,0.0072690371155391675,0.0,0.00010740903868927572,0.0,True,0,long_short,1.1937700809642793,1.1196940797215469
2020-04-23,1.3678189605309032,0.02331313232511234,1.3197627589616399,0.0,0.991925145088127,0.9567916932527972,0.0351334518353298,0.008074854911872986,0.0,0.00010768390943040658,0.0,True,0,long_short,1.1925244766666057,1.1469944536101162
2020-04-24,1.3509628446894422,-0.012323352963990675,1.3196551931134775,0.0,0.988981091597156,0.9658067669300985,0.02317432466705745,0.01101890840284403,0.0,0.00010756584816243647,0.0,True,0,long_short,1.1864567301599565,1.138653277736734
2020-04-27,1.3436224381982564,-0.005433462896511365,1.3566720157244936,0.0,0.9981948713276013,1.0079071068152252,-0.00971223548762392,0.0018051286723986815,0.0009284667407712168,0.0003217238771356106,1.367805555114734,True,0,long_short,1.1897357597542404,1.1293452577031087
2020-04-28,1.3406460115544387,-0.002215225467512294,1.0846398678395468,0.0,0.9977357126600076,0.8067784118449622,0.19095730081504536,0.002264287339992399,0.00013589247373556437,0.00011130794008244576,0.20207149651547862,True,0,long_short,1.1893233820528617,1.1272342171902674
2020-04-29,1.3213810254399923,-0.014369927593421483,1.0845509688592692,0.0,0.9982463427666702,0.8190171484456273,0.17922919432104287,0.001753657233329764,0.0,8.889898027793204e-05,0.0,True,0,long_short,1.1900515658492983,1.1103561083901172
2020-04-30,1.3276155914347132,0.004718219707025684,1.0844620181426006,0.0,1.005134641367809,0.8219840555650738,0.18315058580273536,0.0,0.0,8.895071666844012e-05,0.0,True,0,long_short,1.1974184545967745,1.1087315268427043
2020-05-06,1.3429787867040104,0.011572020823207296,1.3263275370026897,0.0,0.8049379549044579,0.7925392112562528,0.012398743648205016,0.19506204509554215,0.0009623586507696361,0.00053816491138139,1.4501107164623468,True,0,long_short,1.2000550288732161,1.1190976700168422
2020-05-07,1.338733257873327,-0.003161277655846617,1.1952482857707094,0.0,0.6024800942217359,0.49530043669193524,0.10717965752980066,0.3975199057782641,0.0003340242602674102,8.748191904232404e-05,0.4984676047452554,True,0,long_short,1.1948367736544525,1.1204319178918154
2020-05-08,1.3399818883908239,0.0009326955240362977,1.1951937864418951,0.0,0.6046010382570499,0.49654875545880717,0.10805228279824275,0.3953989617429501,0.0,5.449932881413775e-05,0.0,True,0,long_short,1.196907133354884,1.119537056007768
2020-05-11,1.338451117081615,-0.0011423820892439984,1.3427156089417822,0.0,0.49447048711371266,0.497656626529447,-0.003186139415734314,0.5055295128862873,0.0004784522108830637,0.00016406293290850007,0.712409658024364,True,0,long_short,1.1944250736485567,1.1205818988654586
2020-05-12,1.3305274233744924,-0.005920047139561957,1.342660861895122,0.0,0.4919533398297584,0.5010726096076459,-0.009119269777887417,0.5080466601702416,0.0,5.474704666038956e-05,0.0,True,0,long_short,1.1907756834728371,1.117361936291877
2020-05-13,1.332462337976055,0.0014542463143338846,1.3426060653870517,0.0,0.4905731640586501,0.49818593263146,-0.0076127685728099,0.5094268359413499,0.0,5.4796508069983066e-05,0.0,True,0,long_short,1.1889845343113834,1.120672556727383
2020-05-14,1.329198741633492,-0.0024492972518234124,1.3425515053328705,0.0,0.48736157483911785,0.49740729883895307,-0.010045723999835226,0.5126384251608822,0.0,5.456005418144356e-05,0.0,True,0,long_short,1.1801700880123125,1.1262772672642292
2020-05-15,1.3270900385181719,-0.0015864468188774294,1.3424971639776075,0.0,0.4856286351357472,0.4972383413442568,-0.011609706208509575,0.5143713648642527,0.0,5.43413552626891e-05,0.0,True,0,long_short,1.178468394654609,1.1261142382245402
2020-05-18,1.3191804427367575,-0.005960104854864423,1.3269683437322246,0.0,0.49472693113207067,0.5006305215304475,-0.005903590398376823,0.5052730688679293,0.00027366311104876654,0.00016271014920836587,0.41237861616458293,True,0,long_short,1.1697827104972998,1.127714088179629
2020-05-19,1.3245167609424253,0.004045176863445077,1.3269140624725226,0.0,0.49743647519427253,0.49924641947039605,-0.0018099442761234982,0.5025635248057274,0.0,5.428125970192352e-05,0.0,True,0,long_short,1.1684290137700946,1.1335877022333538
2020-05-20,1.3236814572213702,-0.000630647905475179,1.3268597123149533,0.0,0.4926299848756118,0.4950310573362434,-0.002401072460631576,0.5073700151243882,0.0,5.435015756950951e-05,0.0,True,0,long_short,1.1586810419432512,1.1424036549362997
2020-05-21,1.3209878284954666,-0.002034952375594923,1.3268058550466235,0.0,0.49075729005806945,0.4951615899506608,-0.004404299892591304,0.5092427099419305,0.0,5.385726832969925e-05,0.0,True,0,long_short,1.1557381493085135,1.1429819369429166
2020-05-22,1.325429426103095,0.003362330455903839,1.3267520932027772,0.0,0.48610786057645555,0.4871057764772449,-0.00099791590078935,0.5138921394235445,0.0,5.3761843846297474e-05,0.0,True,0,long_short,1.1494372755557274,1.1531115740632991
2020-05-25,1.320146100126866,-0.003986123947589237,1.320407154505562,0.0,0.597617355587169,0.5978151021689081,-0.0001977465817390699,0.402382644412831,0.0005374423748801474,0.00015919504021670233,0.813724324471106,True,0,long_short,1.139617129159949,1.1584119493710936
2020-05-26,1.3298292110864312,0.007334878282513113,1.3203422884828997,0.0,0.6060935373967309,0.598959596794102,0.007133940602628857,0.3939064626032691,0.0,6.48660226623475e-05,0.0,True,0,long_short,1.1466617737052798,1.159739725855926
2020-05-27,1.3269456235284496,-0.0021683893946243815,1.320276821581414,0.0,0.6042638937932517,0.5992382154016214,0.005025678391630416,0.39573610620674826,0.0,6.546690148580937e-05,0.0,True,0,long_short,1.1466821045697684,1.1572044407428121
2020-05-28,1.3198856943911108,-0.0053204359034439985,1.3202114662503965,0.0,0.6017271172236589,0.6019739354600183,-0.00024681823635942915,0.3982728827763411,0.0,6.535533101738465e-05,0.0,True,0,long_short,1.1475831007143589,1.1501438924723582
2020-05-29,1.3203188953292433,0.0003282109503672803,1.3201461618570423,0.0,0.6077206311061948,0.6075898040213048,0.00013082708488994845,0.3922793688938052,0.0,6.530439335424625e-05,0.0,True,0,long_short,1.158529238155069,1.1396509055151864
2020-06-01,1.3341545511093582,0.010479025808886044,1.3191800014505255,0.0,0.7107530455707805,0.6995290463374224,0.011223999233358062,0.28924695442921955,0.0005396435338730595,0.00019780577232132834,0.8178154139388281,True,0,long_short,1.172531104528429,1.1378415002866225
2020-06-02,1.3405808084455295,0.004816726316173581,1.319103293516761,0.0,0.7138526571050494,0.6978316050405546,0.016021052064494824,0.2861473428949506,0.0,7.67079337647338e-05,0.0,True,0,long_short,1.1736554013346536,1.14222693213106
2020-06-03,1.3424052077461346,0.001360902147122811,1.3190264031339738,0.0,0.7129267975242357,0.6955111882303673,0.017415609293868466,0.2870732024757643,0.0,7.689038278718696e-05,0.0,True,0,long_short,1.1705478286975575,1.1468179042626554
2020-06-04,1.3484269418515684,0.004485779756131958,1.3189496641333331,0.0,0.7110220121769469,0.6891615191807454,0.021860492996201415,0.28897798782305306,0.0,7.673900064050523e-05,0.0,True,0,long_short,1.1661461965357562,1.1563103715960394
2020-06-05,1.3496496130887738,0.00090673895578397,1.318873284629792,0.0,0.708020500811432,0.6852173019955944,0.022803198815837675,0.291979499188568,0.0,7.637950354115125e-05,0.0,True,0,long_short,1.163327661022141,1.1601629173872852
2020-06-08,1.343069864578766,-0.00487515311099862,1.3484546615727986,0.0,0.5979763655210415,0.6019856856137988,-0.004009320092757373,0.4020236344789585,0.0008218727377196411,0.00022803368215563798,1.2182420976284436,True,0,long_short,1.1634859029174114,1.1543499248345446
2020-06-09,1.345264734486184,0.0016342187143827402,1.3483882087919832,0.0,0.5991162037604884,0.601438032487376,-0.0023218287268876297,0.40088379623951165,0.0,6.645278081553539e-05,0.0,True,0,long_short,1.163412711805252,1.1563091247290522
2020-06-10,1.3496639080641133,0.0032701173718119314,1.3483217079666336,0.0,0.5997821954133098,0.5987877255386543,0.0009944698746555398,0.4002178045866902,0.0,6.650082534937175e-05,0.0,True,0,long_short,1.1613775922699343,1.1621232552163934
2020-06-11,1.3480943390261935,-0.001162933252153997,1.3482552836777226,0.0,0.5966458115595051,0.5967651983463718,-0.00011938678686654005,0.40335418844049487,0.0,6.642428891106754e-05,0.0,True,0,long_short,1.157528620774484,1.164631538980181
2020-06-12,1.348866169295547,0.0005725343152995777,1.348189160736439,0.0,0.5970229169364977,0.5965210075740133,0.0005019093624843956,0.40297708306350233,0.0,6.612294128371948e-05,0.0,True,0,long_short,1.1593092656559516,1.163508486695603
2020-06-15,1.3571940142648575,0.006173959402999696,1.3489398227169658,0.0,0.5993927318796588,0.5933109252542715,0.006081806625387258,0.4006072681203412,0.0006788234317460389,0.0001984011796579757,1.0059485080220814,True,0,long_short,1.160667367403796,1.1693221093142787
2020-06-16,1.3625682753621744,0.003959832596394097,1.3488736387687723,0.0,0.6048124824033505,0.5947618766164501,0.010050605786900433,0.3951875175966495,0.0,6.618394819340068e-05,0.0,True,0,long_short,1.16663074880607,1.1679516220163293
2020-06-17,1.3623795585710066,-0.00013850079631250178,1.3488070302484048,0.0,0.6048553753289144,0.5948930060044377,0.009962369324476715,0.3951446246710856,0.0,6.660852036759836e-05,0.0,True,0,long_short,1.1663227362090665,1.1680982598343144
2020-06-18,1.365351979174783,0.002181785967850347,1.3487404162699732,0.0,0.6050130492695261,0.5928465433734786,0.012166505896047461,0.39498695073047385,0.0,6.661397843155932e-05,0.0,True,0,long_short,1.1667503620588118,1.1702177462928103
2020-06-19,1.3654840477798005,9.672861432941104e-05,1.348673886609589,0.0,0.6083914238530008,0.596080653033273,0.012310770819727816,0.3916085761469992,0.0,6.652966038426641e-05,0.0,True,0,long_short,1.1694174326319864,1.167661785840263
2020-06-22,1.371486644339959,0.004395947773918385,1.3681454402789124,0.0,0.39962143683282625,0.3971852453650963,0.0024361914677299527,0.6003785631671738,0.0005553840371259215,0.00020069719468942198,0.8115492111337855,True,0,long_short,1.1669540095514401,1.1752705189017159
2020-06-23,1.388471880033006,0.01238454327145222,1.368100667600062,0.0,0.40603310388912117,0.39136142581922767,0.014671678069893534,0.5939668961108788,0.0,4.477267885044814e-05,0.0,True,0,long_short,1.161351162146099,1.1955659281101534
2020-06-24,1.3892845388592485,0.00058529008612207,1.368056005052006,0.0,0.4065112096505874,0.39123101814663996,0.015280191503947448,0.5934887903494126,0.0,4.466254805585925e-05,0.0,True,0,long_short,1.163421860694272,1.1941365258773744
2020-06-29,1.3867263585449732,-0.0018413652802728997,1.3889462165276867,0.0,0.495772882953832,0.49737367316672054,-0.0016007902128885561,0.5042271170461681,0.0002897767639295117,0.00022336898820546125,0.41717428187693706,True,0,long_short,1.1572985431580203,1.1982442790957755
2020-06-30,1.3897599420197764,0.0021875862213986963,1.388889527115416,0.0,0.4958999155450074,0.49527360960680655,0.0006263059382008532,0.5041000844549925,0.0,5.6689412270681426e-05,0.0,True,0,long_short,1.1638111967492304,1.1941455331428916
2020-07-01,1.3955915317148617,0.004196112953586795,1.388832953573802,0.0,0.49711859406890424,0.4922757887154245,0.004842805353479742,0.5028814059310958,0.0,5.657354161406144e-05,0.0,True,0,long_short,1.1759456732193043,1.1867823178380752
2020-07-02,1.3942676514157448,-0.0009486158872648032,1.3887764865117198,0.0,0.5059953916150385,0.5020570051090837,0.003938386505954781,0.4940046083849615,0.0,5.646706208215076e-05,0.0,True,0,long_short,1.1959688639587311,1.1658059782598624
2020-07-03,1.3955400794739035,0.000912613913739202,1.3887189521137975,0.0,0.5119742669547597,0.5070864622543189,0.004887804700440817,0.48802573304524033,0.0,5.753439792248752e-05,0.0,True,0,long_short,1.2130664432982354,1.1504234472759267
2020-07-06,1.3990910314609628,0.0025445001826087665,1.3955539152912129,0.0,0.4076684527875705,0.40514029980094457,0.0025281529866259707,0.5923315472124295,0.00015848369638815995,0.0001744913790824875,0.22710079311915302,True,0,long_short,1.2542621963161829,1.1154693456999245
2020-07-07,1.4035024409125034,0.003153053913106829,1.395507326675328,0.0,0.4073943876667355,0.40169784307649076,0.0056965445902447615,0.5926056123332645,0.0,4.658861588506087e-05,0.0,True,0,long_short,1.2542987918722626,1.1189538330157587
2020-07-08,1.400431611569141,-0.0021879757767759855,1.3954609882723197,0.0,0.40881867300686,0.40526932203837396,0.0035493509684860237,0.5911813269931401,0.0,4.633840300825829e-05,0.0,True,0,long_short,1.2673156278611457,1.1050377512764171
2020-07-09,1.4056521633709875,0.0037278163094285333,1.3954143401652144,0.0,0.41223351781776174,0.40495019163468865,0.007283326183073095,0.5877664821822383,0.0,4.664810710534794e-05,0.0,True,0,long_short,1.2792406964269862,1.0988175777217515
2020-07-10,1.402285806649406,-0.002394871796382758,1.395367555032645,0.0,0.4053488468752133,0.40041529368373424,0.004933553191479065,0.5946511531247867,0.0,4.678513256949009e-05,0.0,True,0,long_short,1.2614976121399657,1.1116040118939357
2020-07-13,1.4218406267935033,0.013944960471946377,1.407740243724877,0.0,0.4071731703456247,0.3972561776792773,0.00991699266634746,0.5928268296543753,0.0002855336205453959,0.00013845123692828729,0.4055801039150261,True,0,long_short,1.2801948916669885,1.1106438840277457
2020-07-14,1.4148772781606842,-0.004897418530319109,1.407693818932603,0.0,0.40304299880820565,0.3979659088450254,0.005077089963180246,0.5969570011917944,0.0,4.642479227417219e-05,0.0,True,0,long_short,1.2687262510089192,1.1151950840739224
2020-07-15,1.4025295853505926,-0.008727041560907312,1.4076475389664187,0.0,0.39599820927875046,0.39964729709071733,-0.003649087811966913,0.6040017907212496,0.0,4.627996618416925e-05,0.0,True,0,long_short,1.251220021293192,1.1209296218749882
2020-07-16,1.388263409245846,-0.010171747001815001,1.4076014690630316,0.0,0.38602521011917873,0.3999548863523735,-0.013929676233194726,0.6139747898808212,0.0,4.606990338699689e-05,0.0,True,0,long_short,1.2164206970911278,1.1412691452600667
2020-07-17,1.3909380520257493,0.0019266104415707197,1.40755583267393,0.0,0.38620128029491874,0.3981484555296308,-0.011947175234712035,0.6137987197050813,0.0,4.5636389101814863e-05,0.0,True,0,long_short,1.2175351673128494,1.14242125350318
2020-07-20,1.4070548767647264,0.01158701835463094,1.3898843006852195,0.0,0.5088385282806592,0.4966353254326029,0.012203202848056356,0.49116147171934077,0.0005574320115158132,0.00013655338450309612,0.8018056397583581,True,0,long_short,1.2415354139940051,1.1333183579824333
2020-07-21,1.405545930415279,-0.0010724147112989302,1.3898268656312505,0.0,0.5078463830183414,0.49666278208159775,0.01118360093674367,0.4921536169816586,0.0,5.743505396906143e-05,0.0,True,0,long_short,1.2425916024041925,1.1311406963444781
2020-07-22,1.4209783206642113,0.010979641372781401,1.3897694889995675,0.0,0.5136685798113539,0.4917056608767035,0.02196291893465047,0.48633142018864606,0.0,5.737663168302906e-05,0.0,True,0,long_short,1.2497158761687706,1.1370411049113631
2020-07-23,1.425415108449806,0.0031223472737578195,1.3897120613488068,0.0,0.5142285609636952,0.4891810875018573,0.025047473461837878,0.4857714390363048,0.0,5.742765076057514e-05,0.0,True,0,long_short,1.2481846232250309,1.1419906013317573
2020-07-24,1.4099451964899452,-0.010852917068267076,1.3896547501614458,0.0,0.5035579476859882,0.4891670008754225,0.014390946810565663,0.49644205231401184,0.0,5.731118736107292e-05,0.0,True,0,long_short,1.2229709627816419,1.152885260074394
2020-07-27,1.4293133548920607,0.0137368164736702,1.4140132661952878,0.0,0.5050760964363764,0.4943715937152579,0.01070450272111848,0.4949239035636236,0.0002937507063881613,0.00017006268406825347,0.41539878241102324,True,0,long_short,1.2188465080723698,1.1726770724826938
2020-07-28,1.4309892218574514,0.001172497940815198,1.413955188503136,0.0,0.5067807157945279,0.49487703888758033,0.011903676906947587,0.4932192842054721,0.0,5.807769215149232e-05,0.0,True,0,long_short,1.2271645424301754,1.1660940097109052
2020-07-29,1.442307480416001,0.007909394694013416,1.413896983266797,0.0,0.5140094276857107,0.4943114801017395,0.019697947583971163,0.4859905723142893,0.0,5.820523633913904e-05,0.0,True,0,long_short,1.2423533924419334,1.1609478343203488
2020-07-30,1.447474082174737,0.003582177745653725,1.4138383847069005,0.0,0.5154758840336257,0.49223837126427716,0.02323751276934849,0.48452411596637435,0.0,5.859855989640362e-05,0.0,True,0,long_short,1.2437711313922781,1.1637784843538164
2020-07-31,1.4682111866674705,0.0143264081534209,1.413779822875285,0.0,0.5218014723022029,0.4847282199755172,0.03707325232668571,0.47819852769779714,0.0,5.8561831615639474e-05,0.0,True,0,long_short,1.2507754530563728,1.1738407426207282
2020-08-03,1.4714756300506946,0.0022234154138505158,1.4695339935726341,0.0,0.5025119991155672,0.5011924825443047,0.0013195165712624462,0.4974880008844328,0.0006137091051529293,0.00017548357686447076,0.8348944858194781,True,0,long_short,1.2674135548584329,1.1610067009383176
2020-08-04,1.4666650959105643,-0.0032691904927875104,1.4694733777487414,0.0,0.5021789199365511,0.5040936596041188,-0.0019147396675677423,0.49782108006344894,0.0,6.0615823892757744e-05,0.0,True,0,long_short,1.266939506868105,1.1576441400396331
2020-08-05,1.4680908477514394,0.0009721045689641272,1.4694126103589653,0.0,0.5023801723884427,0.5032804999189565,-0.0009003275305138474,0.4976198276115573,0.0,6.0767389776261556e-05,0.0,True,0,long_short,1.2748814202328698,1.1515509006973197
2020-08-06,1.4688576044165376,0.0005222814829699551,1.4693518820168463,0.0,0.5014015078972646,0.5017380126740533,-0.0003365047767887516,0.49859849210273544,0.0,6.072834211913334e-05,0.0,True,0,long_short,1.276204620663342,1.1509577544493288
2020-08-07,1.4605872968643367,-0.005630435194898253,1.469291308178873,0.0,0.4979835398014345,0.5039427942282136,-0.005959254426779164,0.5020164601985655,0.0,6.057383797324309e-05,0.0,True,0,long_short,1.2645516468339084,1.155023838307631
2020-08-10,1.458528569221737,-0.001409520435389111,1.4522090319604686,0.0,0.40161423736630075,0.3972814204475067,0.004332816918794087,0.5983857626336992,0.0003018873315646332,0.00018149238335245002,0.41567650549818347,True,0,long_short,1.2657870856993378,1.1522700663484102
2020-08-11,1.4517899094280453,-0.0046201767561449,1.4521614062370376,0.0,0.39944646467619754,0.39970235349769967,-0.0002558888215021345,0.6005535353238025,0.0,4.762572343098749e-05,0.0,True,0,long_short,1.2562203974141852,1.1556808919966768
2020-08-12,1.4491722682783479,-0.0018030440442508011,1.4521137116745515,0.0,0.39712154966892316,0.3991512899976544,-0.0020297403287312943,0.6028784503310769,0.0,4.7694562486241254e-05,0.0,True,0,long_short,1.2485451572219635,1.1606887102928527
2020-08-13,1.4456337122292962,-0.002441777369405207,1.4520661687446628,0.0,0.3974925734832691,0.4019421490991056,-0.004449575615836501,0.602507426516731,0.0,4.7542929888668175e-05,0.0,True,0,long_short,1.254229666933001,1.1526068553013422
2020-08-14,1.4441497505714813,-0.0010265129024462638,1.452018410296353,0.0,0.3979990293010508,0.40344767458299424,-0.005448645281943484,0.6020009706989492,0.0,4.775844830988175e-05,0.0,True,0,long_short,1.2592239437946475,1.146856965107861
2020-08-17,1.4486899766811598,0.0031438748702354857,1.4462472060228806,0.0,0.40198456275145555,0.40029836991682594,0.0016861928346296293,0.5980154372485444,0.0004388697208877501,0.00014366437609750898,0.6067241929623454,True,0,long_short,1.2715739274283016,1.1392888336512743
2020-08-18,1.449741365387249,0.0007257513498490908,1.4461995423322356,0.0,0.4029965064638519,0.40055343410655075,0.0024430723573011046,0.5970034935361481,0.0,4.766369064495722e-05,0.0,True,0,long_short,1.2765976840434565,1.135629011009469
2020-08-19,1.4432633600812155,-0.004468386886583242,1.4461518136569638,0.0,0.4016715985531685,0.4036729336217634,-0.0020013350685948693,0.5983284014468315,0.0,4.772867527168622e-05,0.0,True,0,long_short,1.26892820426284,1.137387722357115
2020-08-20,1.4399210940505407,-0.0023157700272296022,1.4461039282031651,0.0,0.39925827641216083,0.4035521465264125,-0.004293870114251711,0.6007417235878392,0.0,4.788545379885926e-05,0.0,True,0,long_short,1.2576635499451407,1.1449175688627933
2020-08-21,1.4405928280291787,0.00046650749226007093,1.4460561679361787,0.0,0.40149345578099394,0.40528588053884484,-0.0037924247578509044,0.5985065442190061,0.0,4.776026698625391e-05,0.0,True,0,long_short,1.2605989879295658,1.1427843761759944
2020-08-24,1.4382496318464346,-0.0016265499432962516,1.4407114220200594,0.0,0.499196894916115,0.5009085520020021,-0.0017116570858870628,0.500803105083885,0.00043924541608309604,0.00014396349028086993,0.6095759812046977,True,0,long_short,1.2633131583388058,1.1384743540055118
2020-08-25,1.439600016011278,0.0009389080552795193,1.4406522084687847,0.0,0.4996004465653186,0.5003313387894114,-0.0007308922240927442,0.5003995534346815,0.0,5.921355127443371e-05,0.0,True,0,long_short,1.261615870001742,1.1410763372921826
2020-08-26,1.4352387723691558,-0.0030294829074858365,1.440593007619196,0.0,0.4957326086457343,0.4994631623021143,-0.0037305536563799844,0.5042673913542657,0.0,5.920084958894637e-05,0.0,True,0,long_short,1.2491906621694795,1.1489349190911857
2020-08-27,1.4335930815526208,-0.0011466320783811712,1.4405340885318612,0.0,0.4947442070204148,0.4995858926204339,-0.004841685600019104,0.5052557929795852,0.0,5.8919087334748174e-05,0.0,True,0,long_short,1.2509855386560893,1.1459709463090224
2020-08-28,1.4372134737248952,0.002525397352192371,1.4404752225417814,0.0,0.49674536379950746,0.4990148588164393,-0.002269495016931865,0.5032546362004926,0.0,5.8865990079611876e-05,0.0,True,0,long_short,1.2592720601739373,1.1413049802172055
2020-08-31,1.431367322419276,-0.004067698649155682,1.4363259344745687,0.0,0.4974289951722629,0.5008932436412804,-0.0034642484690174517,0.5025710048277371,0.0007202517337870952,0.00017684158652381412,1.0024058248085659,True,0,long_short,1.2615074387244687,1.1346483409297654
2020-09-01,1.431647124790093,0.00019547908243700007,1.5800396147847788,0.0,0.3970175488923896,0.5006691313425292,-0.10365158245013961,0.6029824511076104,7.192226548871118e-05,5.892840172345689e-05,0.10045955388884249,True,0,long_short,1.2656867867678603,1.1311227546635292
2020-09-02,1.4329832476595696,0.0009332766757539357,1.579980701234996,0.0,0.39824034355157995,0.5008217615936337,-0.10258141804205373,0.60175965644842,0.0,5.891354978282346e-05,0.0,True,0,long_short,1.2697719351391208,1.1285359268100117
2020-09-03,1.4282891356161422,-0.0032757619819310246,1.579921714725865,0.0,0.39637435085680883,0.5025381347354216,-0.10616378387861283,0.6036256491431912,0.0,5.898650913098892e-05,0.0,True,0,long_short,1.2659598980474915,1.128226208285913
2020-09-04,1.4272315887837779,-0.0007404290951973369,1.5798627199512287,0.0,0.39592441807624834,0.5028665095818855,-0.10694209150563717,0.6040755819237517,0.0,5.8994774636334554e-05,0.0,True,0,long_short,1.2625551559411192,1.1304310802326156
2020-09-07,1.4297339569981085,0.001753302150818481,1.42571681739814,0.0,0.4983334398940305,0.4955237286325014,0.0028097112615291463,0.5016665601059696,0.0005007929880561009,0.00017696884128083192,0.7022672899411118,True,0,long_short,1.2469783252653686,1.1465587877751184
2020-09-08,1.4254376576211112,-0.0030049642144737154,1.4256585872254284,0.0,0.4981171637489286,0.4982721544657345,-0.0001549907168059068,0.5018828362510714,0.0,5.823017271157833e-05,0.0,True,0,long_short,1.2450838275427643,1.144852760985808
2020-09-09,1.4158273964165202,-0.006741972301075205,1.4256002100287664,0.0,0.49119917047340955,0.4981017163889506,-0.006902545915541038,0.5088008295265904,0.0,5.837719666187351e-05,0.0,True,0,long_short,1.2311199121164498,1.1500320825633752
2020-09-10,1.4108124292911248,-0.0035420752120549626,1.42554224624332,0.0,0.4868596746094249,0.49730033748308267,-0.010440662873657776,0.5131403253905751,0.0,5.796378544648503e-05,0.0,True,0,long_short,1.2250006607530959,1.1516829945412415
2020-09-11,1.411184169152999,0.0002634934695469049,1.425484580695604,0.0,0.4871330515584245,0.4972666768181158,-0.010133625259691265,0.5128669484415755,0.0,5.766554771603869e-05,0.0,True,0,long_short,1.229837373414955,1.1474559154390378
2020-09-14,1.4161416697694404,0.0035130075328277943,1.4108006662642156,0.0,0.7001212547765262,0.6963497369833281,0.003771517793198099,0.2998787452234738,0.0005714438246992256,0.00017303051396047698,0.8097706063686138,True,0,long_short,1.232513931724891,1.1489863386676402
2020-09-15,1.4096659195942283,-0.004572812391197112,1.4107196144933165,0.0,0.6994091484531465,0.7001566269049145,-0.0007474784517679618,0.3005908515468535,0.0,8.105177089932172e-05,0.0,True,0,long_short,1.2325017332061978,1.1437435596355392
2020-09-16,1.4004577642293445,-0.00653215434727572,1.4106384922794541,0.0,0.6975659242074944,0.7048354958505294,-0.007269571643034983,0.3024340757925056,0.0,8.11222138624035e-05,0.0,True,0,long_short,1.2282837565202778,1.14017445626476
2020-09-17,1.403794507225982,0.0023826088025395986,1.4105573614019744,0.0,0.6960284520590044,0.7008460048711724,-0.004817552812168014,0.30397154794099557,0.0,8.113087747958742e-05,0.0,True,0,long_short,1.2253374754081252,1.145639087516211
2020-09-18,1.4069085738208518,0.002218320828896392,1.4104764975302992,0.0,0.6976646292496481,0.7002006317844522,-0.002536002534804073,0.3023353707503519,0.0,8.086387167529527e-05,0.0,True,0,long_short,1.23130560067878,1.1426152638672864
2020-09-21,1.4096032921600556,0.0019153471585475756,1.4099412407194098,0.0,0.5994783571162466,0.5997181043992121,-0.00023974728296544882,0.40052164288375336,0.0005744598595381072,0.00024290587534988786,0.8145387666402,True,0,long_short,1.2284552134774656,1.14746005934543
2020-09-22,1.4100736756917978,0.000333699228966422,1.4098717586963143,0.0,0.5976690770087292,0.5975258809481517,0.0001431960605775004,0.4023309229912708,0.0,6.948202309554389e-05,0.0,True,0,long_short,1.2227764641780332,1.1531737132671
2020-09-23,1.4138472383643452,0.0026761457486934592,1.4098025075580731,0.0,0.5971594421124405,0.5942986444982998,0.002860797614140694,0.40284055788755946,0.0,6.925113824133204e-05,0.0,True,0,long_short,1.2228720192411302,1.1561694242065716
2020-09-24,1.4091788390740227,-0.0033019120903918786,1.40973344611994,0.0,0.5886155936028451,0.5890091611405762,-0.0003935675377310575,0.4113844063971549,0.0,6.906143813322697e-05,0.0,True,0,long_short,1.2086353313829257,1.1659255711659813
2020-09-25,1.3982606034893341,-0.007747941767180522,1.4096652253600028,0.0,0.5859770517792774,0.5941333438483013,-0.008156292069023883,0.4140229482207226,0.0,6.822075993698969e-05,0.0,True,0,long_short,1.2054047570156732,1.1599926044353195
2020-09-28,1.380836643229902,-0.012461167979667787,1.3934750645370075,0.0,0.59106630888169,0.6002190362293239,-0.009152727347633914,0.40893369111831,0.00042420423377483973,0.00020484326661101795,0.608658377658705,True,0,long_short,1.2014805613216146,1.1492792207233031
2020-09-29,1.3760944957399355,-0.003434256697355753,1.3934069436241976,0.0,0.5950021199150696,0.6075829767805373,-0.012580856865467695,0.40499788008493043,0.0,6.812091281010301e-05,0.0,True,0,long_short,1.2127723234586325,1.134668452703088
2020-09-30,1.376662155928571,0.0004125154125627084,1.3933382237674807,0.0,0.5997612802733431,0.6118746864326499,-0.012113406159306768,0.4002387197266569,0.0,6.871985671668348e-05,0.0,True,0,long_short,1.2171831045094537,1.131023057112997
2020-10-09,1.3810183923232187,0.0031643467323392294,1.3756003927620593,0.0,0.6009532502644965,0.5970300588057318,0.003923191458764698,0.39904674973550347,0.0005830197476494094,0.000623104317110335,0.8472994839927219,True,0,long_short,1.2291047845978793,1.1235969541645225
2020-10-12,1.3932765438097088,0.008876168163024056,1.38007855177167,0.0,0.5062758931561012,0.49680326398088337,0.009472629175217866,0.4937241068438988,0.00014158511015041324,0.00020330371035136318,0.20516308430375593,True,0,long_short,1.2457025635187036,1.1184664659227777
2020-10-13,1.3953702938563488,0.001502752670273999,1.3800216599085529,0.0,0.5066270502636847,0.4956273650794909,0.010999685184193806,0.4933729497363153,0.0,5.689186311720555e-05,0.0,True,0,long_short,1.2505616401315,1.1157948949318657
2020-10-14,1.397317245252017,0.0013952937110963681,1.3799648174124937,0.0,0.5091318045128436,0.49671341642060063,0.01241838809224298,0.49086819548715643,0.0,5.684249605925072e-05,0.0,True,0,long_short,1.2492641921293801,1.1185122042682416
2020-10-15,1.4032660644458765,0.00425731466069923,1.3799077708736407,0.0,0.511602628475863,0.49495696578647164,0.016645662689391414,0.488397371524137,0.0,5.704653885308644e-05,0.0,True,0,long_short,1.248469594175614,1.1239889789806834
2020-10-16,1.4262853422652884,0.016404072187480523,1.3798506840533573,0.0,0.5192495665272422,0.4866932071257066,0.032556359401535645,0.4807504334727578,0.0,5.708682028350036e-05,0.0,True,0,long_short,1.2486972998578874,1.1422186485288404
2020-10-19,1.4078749923843792,-0.012907900919509552,1.4214818512045169,0.0,0.3929208745501067,0.40258569485996454,-0.009664820309857805,0.6070791254498933,0.00044476116470192344,0.00017116357500085786,0.6255754141359813,True,0,long_short,1.2434499037333566,1.1322329819298307
2020-10-20,1.4212969190778448,0.00953346480764905,1.42143526569777,0.0,0.3974668433629175,0.39756418165871504,-9.733829579754968e-05,0.6025331566370825,0.0,4.6585506746715006e-05,0.0,True,0,long_short,1.248896881177618,1.138041851571978
2020-10-21,1.428787847476207,0.005270488029498033,1.4213888226775075,0.0,0.3972433270048759,0.3920647941584713,0.005178532846404629,0.6027566729951241,0.0,4.644302026251258e-05,0.0,True,0,long_short,1.2486081829018785,1.1443044079332996
2020-10-22,1.4405485244689584,0.008231226919745538,1.4213427806983308,0.0,0.4008621585851805,0.3875299150373921,0.013332243547788435,0.5991378414148195,0.0,4.6041979176730206e-05,0.0,True,0,long_short,1.2534333747405275,1.1492820867061766
2020-10-23,1.432314968475342,-0.0057155700441618995,1.421296896672526,0.0,0.39477102521694457,0.38707853296117734,0.007692492255767196,0.6052289747830555,0.0,4.58840258050435e-05,0.0,True,0,long_short,1.2430720885016087,1.152238057409724
2020-10-26,1.4503930371490275,0.012621573516702789,1.4419601073206745,0.0,0.5979803362616001,0.5921660985947332,0.005814237666866809,0.4020196637383999,0.00046297350195475395,0.00013670590111292968,0.6419385658897183,True,0,long_short,1.244335312881839,1.1655966218542537
2020-10-27,1.4435345951025902,-0.004728678276006093,1.4418895149711208,0.0,0.5989338053663844,0.597794185895503,0.0011396194708813655,0.4010661946336156,0.0,7.059234955376758e-05,0.0,True,0,long_short,1.2501421466275502,1.154696367126527
2020-10-28,1.4432037006607603,-0.00022922515536005772,1.4418185886762092,0.0,0.6017238977397756,0.6007641496571472,0.0009597480826284294,0.39827610226022436,0.0,7.09262949116176e-05,0.0,True,0,long_short,1.2498625972408306,1.1546898865897302
2020-10-29,1.4446826533133719,0.001024770551748544,1.441747326343825,0.0,0.6021949454533758,0.600163131087214,0.0020318143661617943,0.3978050545466242,0.0,7.126233238434326e-05,0.0,True,0,long_short,1.2521321994132513,1.1537780547376304
2020-10-30,1.4421721629007087,-0.0017377452459232945,1.4416760623494709,0.0,0.5967473550114198,0.5964033596383294,0.0003439953730905383,0.40325264498858016,0.0,7.126399435396745e-05,0.0,True,0,long_short,1.239653114790094,1.1633675144235058
2020-11-02,1.4472946115295797,0.003551898144094068,1.4444933108871156,0.0,0.8912959703593063,0.8893604275747563,0.0019355427845499336,0.1087040296406937,0.0007371168958948278,0.00021208347693637606,1.0200683319760544,True,0,long_short,1.2354879983518448,1.1714355893867747
2020-11-03,1.4468696063276882,-0.00029365493280053556,1.4443875163757838,0.0,0.8918605549471581,0.8901450652160522,0.0017154897311059726,0.1081394450528419,0.0,0.00010579451133177434,0.0,True,0,long_short,1.2392793657312438,1.1675088332274093
2020-11-04,1.4500280639187166,0.0021829593884723497,1.4442816596218042,0.0,0.8927149352435807,0.8887519744982674,0.003962960745313277,0.1072850647564193,0.0,0.00010585675397948087,0.0,True,0,long_short,1.2402684622886184,1.1691243533218905
2020-11-05,1.4633352451405635,0.00917718874066753,1.4441757378159232,0.0,0.8983917945931854,0.8852987543016563,0.013093040291529212,0.10160820540681459,0.0,0.0001059218058810131,0.0,True,0,long_short,1.2501929737887718,1.1704874973867863
2020-11-06,1.453536885072431,-0.006695909293971236,1.444069259278692,0.0,0.8989733584184518,0.8924598492732968,0.006513509145155043,0.10102664158154817,0.0,0.00010647853723139586,0.0,True,0,long_short,1.2450214795583323,1.1674793639609085
2020-11-09,1.4652220281850021,0.008039110140633854,1.4540451694833405,0.0,0.8050020737772295,0.7973739747678895,0.007628099009340047,0.19499792622277046,0.0010233081460459472,0.0003198632817612129,1.4065429383957684,True,0,long_short,1.2559428811139146,1.1666311025908078
2020-11-10,1.4576958143827836,-0.005136568832193489,1.4539491423672422,0.0,0.8016735567583789,0.7991032866248066,0.0025702701335723315,0.19832644324162108,0.0,9.60271160984666e-05,0.0,True,0,long_short,1.251588348788179,1.164676721219212
2020-11-11,1.4581908728982618,0.00033961716195762826,1.4538534013111184,0.0,0.7987619881968728,0.7957874313896955,0.002974556807177327,0.20123801180312717,0.0,9.574105612376764e-05,0.0,True,0,long_short,1.249340432871213,1.1671685591308945
2020-11-12,1.4556667491167048,-0.001730996832081444,1.4537580251492648,0.0,0.7980565680582218,0.79674533115005,0.0013112369081717382,0.20194343194177822,0.0,9.537616185366621e-05,0.0,True,0,long_short,1.2482296899746474,1.1661850065001023
2020-11-13,1.4604629516583283,0.0032948492809454777,1.4536626994764372,0.0,0.7950141933240941,0.7903579627951584,0.004656230528935746,0.20498580667590593,0.0,9.532567282759773e-05,0.0,True,0,long_short,1.240607648877838,1.1772158207950396
2020-11-16,1.4777941294974162,0.0118669068731998,1.4615128143691205,0.0,0.8018885834788322,0.7908712740963455,0.011017309382486724,0.19811141652116782,0.0007391414084751959,0.0002846190879149129,1.0109631319756178,True,0,long_short,1.243598996739607,1.188320458099281
2020-11-17,1.4709538605866177,-0.004628702181355138,1.461416753142322,0.0,0.798434063115816,0.7919504420452731,0.006483621070542951,0.201565936884184,0.0,9.606122679844283e-05,0.0,True,0,long_short,1.2362510834656535,1.189850411667999
2020-11-18,1.470274960412102,-0.00046153736885057306,1.461321006082586,0.0,0.7983095106290669,0.7922195243539785,0.006089986275088377,0.20169048937093315,0.0,9.574705973587173e-05,0.0,True,0,long_short,1.2379514214323908,1.1876677347410753
2020-11-19,1.4842005449630127,0.009471415161016905,1.4612252706965743,0.0,0.7987411003482148,0.7832612015269873,0.01547989882122746,0.20125889965178523,0.0,9.573538601155396e-05,0.0,True,0,long_short,1.238779904160305,1.1981148063336269
2020-11-20,1.4901786337561163,0.00402781740876712,1.461129721378589,0.0,0.7994103952010757,0.7799168179080589,0.019493577293016772,0.2005896047989243,0.0,9.554931798532098e-05,0.0,True,0,long_short,1.2402379659918854,1.2015263801123357
2020-11-23,1.4959178122999053,0.003851335949786705,1.4986326896496793,0.0,0.8034730831011928,0.8052879403931184,-0.001814857291925609,0.1965269168988072,0.0012072404668146608,0.0002865736548872011,1.6098257454992453,True,0,long_short,1.2501197826766126,1.1966195824027503
2020-11-24,1.506275718914996,0.006924114767485667,1.4985336777668794,0.0,0.8037645871647704,0.798624730596085,0.0051398565686854095,0.1962354128352296,0.0,9.901188279981124e-05,0.0,True,0,long_short,1.2527099348124715,1.2024138047092945
2020-11-25,1.4938658658019706,-0.008238765955786986,1.4984348052430256,0.0,0.8014208304700352,0.8044792974620514,-0.0030584669920162206,0.1985791695299648,0.0,9.887252385385585e-05,0.0,True,0,long_short,1.2476173921057965,1.197374992729576
2020-11-26,1.4813046439180788,-0.008408533973127685,1.4983360284625689,0.0,0.8001249288738865,0.8116224858513907,-0.011497556977504193,0.19987507112611347,0.0,9.87767804566774e-05,0.0,True,0,long_short,1.2448283363456898,1.1899670024114228
2020-11-27,1.4820168345705442,0.0004807860796154362,1.498237212559221,0.0,0.8005210932716994,0.8114658933645924,-0.01094480009289306,0.1994789067283006,0.0,9.881590334794523e-05,0.0,True,0,long_short,1.248281872526835,1.1872453387235138
2020-11-30,1.474962431311118,-0.00476000210987515,1.4890192293945717,0.0,0.6987069922971636,0.7082372676350638,-0.009530275337900126,0.3012930077028364,0.0006132033364660838,0.0002965330145702841,0.8232948249412905,True,0,long_short,1.2482828890700595,1.1815930861713
2020-12-01,1.472655422985262,-0.0015641132796888613,1.4889333699401428,0.0,0.7005385703643005,0.7115920365729017,-0.011053466208601238,0.29946142963569955,0.0,8.585945442872519e-05,0.0,True,0,long_short,1.2572389737250684,1.1713408936265608
2020-12-02,1.4680643406589964,-0.0031175536752234834,1.4888472387178187,0.0,0.7000739306405924,0.7142305976770609,-0.014156667036468467,0.2999260693594076,0.0,8.613122232429127e-05,0.0,True,0,long_short,1.257219659403804,1.1677071144076594
2020-12-03,1.4705798081059018,0.0017134585843670003,1.4887610576379728,0.0,0.6983392946956586,0.7107026152253266,-0.012363320529668013,0.3016607053043414,0.0,8.61810798458018e-05,0.0,True,0,long_short,1.2512918570143856,1.175249243301833
2020-12-04,1.4697678211153855,-0.0005521543176647548,1.4886751553161492,0.0,0.6965583547705138,0.7094225187079275,-0.01286416393741367,0.30344164522948625,0.0,8.590232182343206e-05,0.0,True,0,long_short,1.2503559595524227,1.175479518361718
2020-12-07,1.4812417624965544,0.007806635317720634,1.4709989798217218,0.0,0.7975902275522392,0.7906752303288493,0.006914997223389833,0.20240977244776082,0.0007473571056169603,0.0002571007535929823,1.0156058647677924,True,0,long_short,1.247743782313368,1.18713616007789
2020-12-08,1.4901369606294992,0.006005230447967191,1.4709027183555519,0.0,0.7979297242275178,0.7850220232697332,0.012907700957784646,0.20207027577248216,0.0,9.62614661699732e-05,0.0,True,0,long_short,1.2452590118251086,1.1966482044932052
2020-12-09,1.4768156521863312,-0.00893965373326533,1.4708065712049943,0.0,0.795172817763204,0.7911038732253798,0.004068944537824298,0.20482718223679597,0.0,9.614715055745592e-05,0.0,True,0,long_short,1.2407587749705373,1.1902520312390288
2020-12-10,1.471093307379219,-0.0038747861309842424,1.4707105453488998,0.0,0.7947866974589062,0.7945265086398835,0.00026018881902261916,0.20521330254109382,0.0,9.602585609461413e-05,0.0,True,0,long_short,1.2378080888377454,1.188466387192961
2020-12-11,1.4564391749376877,-0.009961388831030593,1.4706144777355248,0.0,0.7922050842866929,0.8019379334449445,-0.009732849158251613,0.2077949157133071,0.0,9.60676133749734e-05,0.0,True,0,long_short,1.2291481571087883,1.1849175109724241
2020-12-14,1.450747627061651,-0.003907851404972185,1.4539624343446274,0.0,0.7997954729029921,0.8020114388111959,-0.0022159659082037503,0.20020452709700787,0.0005916614631570005,0.00028799354518466044,0.8135296787685603,True,0,long_short,1.2297563888047418,1.179703265027719
2020-12-15,1.4578310874048517,0.004882627557728503,1.4538668028768138,0.0,0.793803912625315,0.7910846095714239,0.002719303053891194,0.20619608737468498,0.0,9.563146781355969e-05,0.0,True,0,long_short,1.2230743113427927,1.1919399123053476
2020-12-16,1.4538679814972093,-0.002718494578612063,1.598524979349812,0.0,0.6891184957005733,0.7886165241966913,-0.0994980284961179,0.31088150429942674,7.241268914558983e-05,9.478912903567818e-05,0.0995406189434808,True,0,long_short,1.2209239835753722,1.190793203389846
2020-12-17,1.4600194117627496,0.004231078986419057,1.598430742830836,0.0,0.6931603903009066,0.7879614114058082,-0.09480102110490168,0.3068396096990934,0.0,9.423651897609769e-05,0.0,True,0,long_short,1.227014094032959,1.1898962032000358
2020-12-18,1.4616138196534154,0.001092045679544018,1.5983361862042849,0.0,0.6962539189607041,0.7897959782327556,-0.09354205927205153,0.3037460810392959,0.0,9.455662655116058e-05,0.0,True,0,long_short,1.2311029697293758,1.1872392932125824
2020-12-21,1.4652613104933256,0.0024955229561083314,1.4601749995791686,0.0,0.901996847744166,0.8985255823270478,0.0034712654171181667,0.098003152255834,0.0005190589953074891,0.00028464083420342884,0.7107018643096973,True,0,long_short,1.2410718702836632,1.180641786811606
2020-12-22,1.4670870206890723,0.001245996316610709,1.4600667879540503,0.0,0.8973528563950974,0.892567705524003,0.004785150871094493,0.10264714360490257,0.0,0.00010821162511827192,0.0,True,0,long_short,1.233751403676769,1.1891269313387829
2020-12-23,1.459527450540112,-0.005152775562972223,1.4599591599132946,0.0,0.8990063479681962,0.8993021350553272,-0.00029578708713090106,0.10099365203180377,0.0,0.00010762804075565676,0.0,True,0,long_short,1.2362270252760086,1.1806305967257493
2020-12-24,1.4406899656909098,-0.01290656427340986,1.4598512785856965,0.0,0.8913994703641946,0.9046995650071094,-0.013300094642914751,0.10860052963580535,0.0,0.00010788132759802036,0.0,True,0,long_short,1.226451267934364,1.1746817858628618
2020-12-25,1.4295127083238082,-0.007758266964635552,1.459744150510195,0.0,0.9008860232846089,0.9220340984366201,-0.021148075152011243,0.09911397671539113,0.0,0.00010712807550169918,0.0,True,0,long_short,1.233271595274836,1.1591223813155604
2020-12-28,1.4339844724780917,0.003128173767358078,1.4292765695229726,0.0,0.996507720041791,0.9932246280380239,0.0032830920037671186,0.003492279958208999,0.001020222105328228,0.0003250009630412959,1.4265879799209658,True,0,long_short,1.2308752640471026,1.1650120157286845
2020-12-29,1.43157458224616,-0.0016805553185432753,1.42915950634262,0.0,0.9946644158745589,0.9929774091803278,0.0016870066942310173,0.005335584125441106,0.0,0.0001170631803525497,0.0,True,0,long_short,1.2250918107955535,1.1685447324282743
2020-12-30,1.4291981724813607,-0.0016599971767247146,1.4290426689820943,0.0,1.0033366880300585,1.0032278833154569,0.00010880471460162119,0.0,0.0,0.00011683736052552346,0.0,True,0,long_short,1.2352067547264178,1.15705177858901
2020-12-31,1.434201561900706,0.0035008367038831256,1.4289248214650463,0.0,1.0087643086345022,1.0050850904717032,0.003679218162798917,0.0,0.0,0.00011784751704795572,0.0,True,0,long_short,1.2479816534278856,1.1492168638547868
2021-01-04,1.4341955420412407,-4.197359440460957e-06,1.4361304521561236,0.0,0.9040258212978775,0.9053749470329422,-0.0013491257350647522,0.09597417870212255,0.000741123489840891,0.00047391603504579597,1.0315793038187278,True,0,long_short,1.2603858527001761,1.1379019678527056
2021-01-05,1.425690075160598,-0.00593047923474721,1.4360237273851995,0.0,0.9086216166242621,0.9158697923706195,-0.007248175746357381,0.09137838337573789,0.0,0.00010672477092414821,0.0,True,0,long_short,1.2679448681170706,1.1244101466949292
2021-01-06,1.419526626072674,-0.004323133895162923,1.4359164057572715,0.0,0.9158096624909895,0.9273556098396082,-0.011545947348618668,0.0841903375090105,0.0,0.00010732162792785122,0.0,True,0,long_short,1.2691742077231534,1.1184647603414875
2021-01-07,1.4057467821675567,-0.009707351487475258,1.4358082080054901,0.0,0.9132501873599725,0.9346348536592481,-0.021384666299275518,0.08674981264002746,0.0,0.00010819775178124817,0.0,True,0,long_short,1.2684026514158075,1.1082811760117686
2021-01-08,1.4085192083191558,0.0019722087838067726,1.4357002195174327,0.0,0.9140243745308604,0.9333219538877745,-0.019297579356914212,0.08597562546913962,0.0,0.0001079884880575178,0.0,True,0,long_short,1.2674237202906773,1.1113246389266873
2021-01-11,1.3947075503949138,-0.009805800192617786,1.4034577210660188,0.0,0.89649008013144,0.9027639191657434,-0.006273839034303303,0.10350991986855995,0.0010291436937728891,0.0003241484135992346,1.465508463760396,True,0,long_short,1.26189745247491,1.1052463476010104
2021-01-12,1.3900906405989721,-0.0033103067339346204,1.4033542340807352,0.0,0.8997826316528451,0.9093241630425162,-0.009541531389671051,0.10021736834715489,0.0,0.00010348698528366296,0.0,True,0,long_short,1.270397109222148,1.0942174147815178
2021-01-13,1.376852516138178,-0.009523209547752987,1.403250340134846,0.0,0.9012181586406145,0.9203907451647758,-0.01917258652416133,0.0987818413593855,0.0,0.00010389394588897772,0.0,True,0,long_short,1.264589597780954,1.088774190894989
2021-01-14,1.3758568802128937,-0.0007231246002126213,1.4031461832323822,0.0,0.9053297704730404,0.9251641757894319,-0.019834405316391517,0.09467022952695958,0.0,0.00010415690246386964,0.0,True,0,long_short,1.263090196524913,1.0892784094106904
2021-01-15,1.3872419242702936,0.008274875258564851,1.4030415618491012,0.0,0.9042394579732803,0.915628702561688,-0.011389244588407732,0.09576054202671969,0.0,0.00010462138328107241,0.0,True,0,long_short,1.2668876631636588,1.0949999471982286
2021-01-18,1.4037205358509632,0.011878686256787896,1.384536747835789,0.0,0.9963580533972212,0.9826916664453877,0.013666386951833415,0.003641946602778834,0.0008528317867344313,0.00031319963587203,1.231179733525645,True,0,long_short,1.2735483932178946,1.102212168242905
2021-01-19,1.411578007305698,0.00559760383499075,1.384423370481877,0.0,0.9944798231614912,0.9752427447405463,0.019237078420944926,0.005520176838508806,0.0,0.00011337735391224623,0.0,True,0,long_short,1.2685500501833504,1.11274916358379
2021-01-20,1.404404827820143,-0.005081674160712035,1.3843102227111705,0.0,0.9994305237995329,0.9851222526294867,0.01430827117004619,0.0005694762004671006,0.0,0.00011314777070631778,0.0,True,0,long_short,1.2705262102116512,1.1053725743967058
2021-01-21,1.4094412306162956,0.003586147452917521,1.3841965095236977,0.0,0.9995793580594322,0.9816682025289817,0.01791115553045052,0.0004206419405677897,0.0,0.00011371318747281417,0.0,True,0,long_short,1.278468123576416,1.102445344255821
2021-01-22,1.401653507743815,-0.005525397372599383,1.3840827886766214,0.0,1.0010286687720096,0.9884929607884605,0.012535707983548977,0.0,0.0,0.00011372084707638368,0.0,True,0,long_short,1.2785209838240865,1.0963085670689865
2021-01-25,1.3988995814134935,-0.00196476969172954,1.2649517314396326,0.0,0.9953715115275394,0.8996192132542669,0.09575229827327252,0.004628488472460557,0.0007980451764395185,0.0003416362091184366,1.135136614971589,True,0,long_short,1.276065693089336,1.096259846957235
2021-01-26,1.4033819608284308,0.003204218140095527,1.2648482949787405,0.0,0.9837788235574008,0.8850646675282665,0.09871415602913426,0.01622117644259924,0.0,0.00010343646089202165,0.0,True,0,long_short,1.2675053825963734,1.1072000009607266
2021-01-27,1.4005533679589801,-0.0020155545307001255,1.2647462059002277,0.0,0.9847552089570256,0.8877884205677592,0.09696678838926635,0.015244791042974382,0.0,0.00010208907851307793,0.0,True,0,long_short,1.2660032705584008,1.1062794232286879
2021-01-28,1.403347596829666,0.0019950891801845394,1.2646440090457787,0.0,0.9750911846147029,0.8762535280731335,0.09883765654156935,0.0249088153852971,0.0,0.00010219685444886237,0.0,True,0,long_short,1.2455219576724956,1.1267144574890504
2021-01-29,1.3974588404240116,-0.004196220821525487,1.2645429387759566,0.0,0.9655758691195097,0.870463299215321,0.0951125699041887,0.034424130880490345,0.0,0.00010107026982205055,0.0,True,0,long_short,1.2299305565438616,1.1362095469445925
2021-02-01,1.3766830082301837,-0.014866865193342127,1.3838341774640688,0.0,0.9962423825180237,1.0014368747803188,-0.005194492262295147,0.0037576174819763386,0.0010277281018311133,0.00029994327930898403,1.484231890126474,True,0,long_short,1.2322543743549186,1.1172068339792853
2021-02-02,1.3603890515728292,-0.011835663373445326,1.3837208628506996,0.0,0.9960531653972952,1.013204002689682,-0.017150837292386874,0.003946834602704841,0.0,0.00011331461336919477,0.0,True,0,long_short,1.230527606264346,1.105533142570217
2021-02-03,1.360761882732357,0.0002740621582457692,1.3836075736754445,0.0,0.9869428174054261,1.0037317142969335,-0.01678889689150754,0.01305718259457389,0.0,0.00011328917525497074,0.0,True,0,long_short,1.22445376049835,1.111321575898897
2021-02-04,1.3407863359988101,-0.014679678338312074,1.3834953128652552,0.0,0.9770566395588142,1.0089103180456471,-0.0318536784868329,0.022943360441185834,0.0,0.00011226081018944151,0.0,True,0,long_short,1.2072623203344564,1.1106006651705675
2021-02-05,1.334260703812003,-0.004867018712527371,1.3833841293171443,0.0,0.9715239327016715,1.008340894607838,-0.03681696190616656,0.028476067298328522,0.0,0.00011118354811099868,0.0,True,0,long_short,1.2020908261040169,1.1099499928273717
2021-02-08,1.3297875677703639,-0.0033525202599904436,1.331605899482464,0.0,0.9970030169642409,0.9983704020685766,-0.0013673851043356704,0.0029969830357591265,0.0007610318298538454,0.0003317399091916961,1.1423757404490156,True,0,long_short,1.2100168136249323,1.0989827189149761
2021-02-09,1.3293457443021224,-0.000332251164734787,1.3314967799853106,0.0,1.0125690704216999,1.0141871864704464,-0.0016181160487464972,0.0,0.0,0.0001091194971534816,0.0,True,0,long_short,1.2278229235918674,1.0826852298972074
2021-02-10,1.3335573504838725,0.003168179685233863,1.3313859685809055,0.0,1.022233897088778,1.0206056342306573,0.0016282628581206326,0.0,0.0,0.00011081140440495049,0.0,True,0,long_short,1.2364943761440348,1.078498516622878
2021-02-18,1.3585852834197472,0.01876779647069049,1.33959487694548,0.0,0.9934322061344009,0.9794541315107262,0.013978074623674624,0.006567793865599136,0.0004016783647818719,0.0008949278764757573,0.599521488603928,True,0,long_short,1.2468214387610643,1.089639014203782
2021-02-19,1.3832531550532583,0.01815702844316025,1.33948550664667,0.0,1.004862209503841,0.9732211116710272,0.031641097832813776,0.0,0.0,0.00010937029881001169,0.0,True,0,long_short,1.2571257985794149,1.1003299404215319
2021-02-22,1.407918543040589,0.017831434468248863,1.3873965183757406,0.0,1.0005180592768734,0.9859419143952751,0.014576144881598413,0.0,0.0009039341503891612,0.0003319424810835751,1.3022168922359372,True,0,long_short,1.2633158691207376,1.1144628017856644
2021-02-23,1.4013094094166796,-0.00469425852552241,1.3872824258357157,0.0,0.9936679305323375,0.9836580187407632,0.010009911791574214,0.0063320694676625155,0.0,0.00011409254002504479,0.0,True,0,long_short,1.2586634896302427,1.1133312604692633
2021-02-24,1.4018443695294878,0.00038175731156409043,1.3871691319257997,0.0,0.9856524367757334,0.9751839155028524,0.010468521272881013,0.014347563224266557,0.0,0.00011329390991585752,0.0,True,0,long_short,1.2459597489544854,1.1251120838420414
2021-02-25,1.3836397202475725,-0.01298621279052925,1.387056771152002,0.0,0.9872135243511713,0.9896831346510387,-0.0024696102998675675,0.012786475648828732,0.0,0.00011236077379753918,0.0,True,0,long_short,1.2457852423676241,1.1106566952245758
2021-02-26,1.3701787104985264,-0.009728695665543241,1.3869442206126408,0.0,0.9892771294530146,1.0015131319435322,-0.012236002490517674,0.010722870546985397,0.0,0.00011255053936128526,0.0,True,0,long_short,1.238295351889991,1.1065039599859952
2021-03-01,1.3838588347919512,0.009984189791160336,1.3728241028813948,0.0,1.0038432643799937,0.9958693788700492,0.007973885509944406,0.0,0.0009478597862312242,0.00033836349986475516,1.3799375907929377,True,0,long_short,1.247928115484732,1.1089251196607746
2021-03-02,1.387514418459593,0.002641587115488786,1.3727108308837306,0.0,0.9998069166716838,0.9891377752350874,0.01066914143659639,0.00019308332831624586,0.0,0.00011327199766422662,0.0,True,0,long_short,1.243943266044949,1.1154161579017352
2021-03-03,1.3939658217172686,0.004649611688243294,1.37259802735565,0.0,1.008005267321693,0.9926764880727907,0.015328779248902375,0.0,0.0,0.00011280352808068996,0.0,True,0,long_short,1.2555027178977345,1.110284989308014
2021-03-04,1.3924743067287007,-0.001069979597297821,1.3724842938956723,0.0,1.0035684968352185,0.9892127469758261,0.014355749859392586,0.0,0.0,0.000113733459977737,0.0,True,0,long_short,1.2448456175805052,1.1185919659942476
2021-03-05,1.3968340345659553,0.0031309215661559087,1.3723710785531473,0.0,1.0050638894131092,0.98755074511146,0.01751314430164908,0.0,0.0,0.00011321534252485123,0.0,True,0,long_short,1.2441462358420943,1.1227249613631753
2021-03-08,1.4084087112063572,0.008286364989666506,1.4000901460514823,0.0,0.9905865080464711,0.9846801506882086,0.005906357358262518,0.009413491953528919,0.0007953026279627343,0.00034013699793681933,1.135428494474594,True,0,long_short,1.2339777539680765,1.1413566465662504
2021-03-09,1.4057880632273003,-0.0018607155424452682,1.3999761598513194,0.0,0.9842848265888894,0.9801505594628487,0.004134267126040599,0.015715173411110617,0.0,0.00011398620016284342,0.0,True,0,long_short,1.228376261953701,1.1444278978424984
2021-03-10,1.4107433337412192,0.003524905811579382,1.3998629091151558,0.0,0.9846820457858483,0.9769694985309132,0.007712547254935069,0.015317954214151719,0.0,0.00011325073616370682,0.0,True,0,long_short,1.2303470004181383,1.146622321395324
2021-03-11,1.4140128327437178,0.0023175718249386357,1.3997496280296224,0.0,0.9897924789130483,0.9797054384111461,0.010087040501902277,0.010207521086951665,0.0,0.00011328108553323188,0.0,True,0,long_short,1.2433726464482997,1.137239778261853
2021-03-12,1.4074437639034403,-0.004645692520011346,1.3996357664354673,0.0,0.9989974015469988,0.9934497571805069,0.0055476443664918725,0.0010025984530012133,0.0,0.00011386159415524691,0.0,True,0,long_short,1.2481087213309396,1.1276611883639363
2021-03-15,1.421838446863821,0.0102275368505369,1.4098004085558258,0.0,0.9907049663066861,0.9822384359954909,0.00846653031119524,0.009295033693313859,0.0007090731163811244,0.00034476772573851567,1.005414179195016,True,0,long_short,1.2464097387551683,1.140747221923875
2021-03-16,1.4252859773967443,0.002424699191759583,1.4096856207991995,0.0,0.9944005878031261,0.9834551657299793,0.010945422073146908,0.005599412196873876,0.0,0.00011478775662622829,0.0,True,0,long_short,1.2485295702258556,1.141571662687103
2021-03-17,1.4296004804633808,0.0030271139512063616,1.4095704121808066,0.0,0.994515457278752,0.9805045020809182,0.014010955197833854,0.005484542721247987,0.0,0.00011520861839287647,0.0,True,0,long_short,1.2494275167407727,1.1442044146687302
2021-03-18,1.4351058435257908,0.0038509801428057155,1.4094552015199349,0.0,0.99557550390488,0.9777018103919075,0.017873693512972542,0.0044244960951199674,0.0,0.000115210660871621,0.0,True,0,long_short,1.2533771260154418,1.144991251027594
2021-03-19,1.442973550759226,0.00548231844287228,1.409339877773525,0.0,0.990681739100805,0.9673731531825085,0.023308585918296564,0.009318260899194963,0.0,0.00011532374640979487,0.0,True,0,long_short,1.2483005091526163,1.1559504623920722
2021-03-22,1.449698455759621,0.004660449248606424,1.4404913072918935,0.0,1.0044985378055067,0.9981474594614914,0.006351078344015222,0.0,0.0008998895739182564,0.00034419300996745803,1.2486403078844848,True,0,long_short,1.2565999068846407,1.1536674862197864
2021-03-23,1.4356770018269942,-0.009671979629225613,1.4403723747304744,0.0,1.00183567824796,1.0051061721665122,-0.003270493918552029,0.0,0.0,0.00011893256141931888,0.0,True,0,long_short,1.2481510772986246,1.1502429697326644
2021-03-24,1.432193720163365,-0.00242622933932668,1.4402537713483559,0.0,0.9953273853739328,1.000955151416694,-0.005627766042760982,0.004672614626067162,0.0,0.00011860338211839655,0.0,True,0,long_short,1.2360653949033233,1.158671479736217
2021-03-25,1.418169751451679,-0.009791949590510995,1.4401359443607922,0.0,0.9940174095972839,1.0095065235673346,-0.015489113970050749,0.0059825904027160925,0.0,0.0001178269875636295,0.0,True,0,long_short,1.2331824783188272,1.1500080291321046
2021-03-26,1.4170825176387107,-0.0007666457501684931,1.440018274364988,0.0,1.000875388014257,1.0170605829064325,-0.016185194892175524,0.0,0.0,0.00011766999580408234,0.0,True,0,long_short,1.2411765742357797,1.1417251558354946
2021-03-29,1.429315437875789,0.008632468529399473,1.4165151304204793,0.0,0.994150063111342,0.9851945120019707,0.008955551109371195,0.0058499368886579806,0.0008452275426150136,0.00035537887514370625,1.1926784008968623,True,0,long_short,1.2438585541095792,1.1490980490936686
2021-03-30,1.4185157627928842,-0.007555837428689038,1.4163993917581246,0.0,0.9978307776517408,0.9963388160604276,0.0014919615913132004,0.0021692223482592254,0.0,0.00011573866235465108,0.0,True,0,long_short,1.244275675679339,1.1400333467247241
2021-03-31,1.404267249723765,-0.010044663191521863,1.4162832282801248,0.0,1.0061732299941302,1.0147299905101386,-0.008556760516008306,0.0,0.0,0.00011616347799979039,0.0,True,0,long_short,1.2430063520397618,1.1297345724898151
2021-04-01,1.4250132571652507,0.01477354644962836,1.4161661089300164,0.0,0.9988949803621964,0.9926865130439108,0.006208467318285618,0.001105019637803628,0.0,0.00011711935010842966,0.0,True,0,long_short,1.2476306071677141,1.1421756159062326
2021-04-02,1.4294470985885854,0.003111438718931492,1.4160498411403208,0.0,0.9943487751581584,0.9849764398954595,0.00937233526269904,0.005651224841841551,0.0,0.0001162677896956207,0.0,True,0,long_short,1.248449602158867,1.14497781577785
2021-04-06,1.4499389480193778,0.014335507379759527,1.4363955039439098,0.0,1.0011920384898931,0.9918513389425305,0.009340699547362592,0.0,0.0009399482504156429,0.00046289481014356556,1.307903800717723,True,0,long_short,1.2502953058066983,1.1596771908888102
2021-04-07,1.4502516824660034,0.00021568801021087936,1.4362773019805968,0.0,1.0007761116645877,0.9911402804124257,0.00963583125216196,0.0,0.0,0.00011820196331325568,0.0,True,0,long_short,1.2523117887162347,1.1580595946898178
2021-04-08,1.4459077597902807,-0.0029952888372700714,1.4361591592798382,0.0,1.006626341057512,0.9998841402190182,0.006742200838493896,0.0,0.0,0.00011814270075846137,0.0,True,0,long_short,1.2544058677585697,1.1526634217471379
2021-04-09,1.4602186226659035,0.009897493653190148,1.436040331315134,0.0,1.0083418520257907,0.9917838579176022,0.016557994108188628,0.0,0.0,0.00011882796470415711,0.0,True,0,long_short,1.253119262884177,1.1652670786538442
2021-04-12,1.454761850260732,-0.0037369557684514554,1.4579857217283059,0.0,0.9934584178372761,0.99567449978017,-0.0022160819428939504,0.006541582162723936,0.000756193720525587,0.0003570956529018207,1.0367751999405848,True,0,long_short,1.2460021049221701,1.1675436538300246
2021-04-13,1.4341438547271832,-0.014172763418186629,1.4578666694589175,0.0,0.995947127613021,1.0124885747304353,-0.016541447117414423,0.004052872386979045,0.0,0.00011905226938829826,0.0,True,0,long_short,1.2419515190205404,1.1547502722636183
2021-04-14,1.4295397061251147,-0.003210381292568676,1.4577473225328272,0.0,0.9999247965045597,1.019656753782033,-0.019731957277473268,7.520349544032356e-05,0.0,0.00011934692609023055,0.0,True,0,long_short,1.2450926375840428,1.1481392331569562
2021-04-15,1.447448728046879,0.012527824057652959,1.457627516520541,0.0,0.994681523290194,1.0017137505991338,-0.007032227308939857,0.005318476709806008,0.0,0.00011980601228630596,0.0,True,0,long_short,1.2445609854776636,1.1630195265130756
2021-04-16,1.447084862604979,-0.0002513839936777451,1.4575083442497871,0.0,0.997259547818237,1.004462637225201,-0.00720308940696414,0.002740452181762998,0.0,0.00011917227075384536,0.0,True,0,long_short,1.249571527030901,1.1580648496716217
2021-04-19,1.4458933627489814,-0.000823379393142587,1.4458343791099293,0.0,1.0066570269087027,1.0066162330019237,4.079390677900953e-05,0.0,0.0007431386645296702,0.0003584077834637749,1.0274439570621554,True,0,long_short,1.2611052264553342,1.1465287213288637
2021-04-20,1.4440001910084277,-0.0013093439594704659,1.4457147522827951,0.0,1.0088514179124073,1.010038787058924,-0.0011873691465166924,0.0,0.0,0.00011962682713420798,0.0,True,0,long_short,1.2622850942911612,1.1439572546163266
2021-04-21,1.4444936308497616,0.00034171729644261184,1.4455948758826769,0.0,1.0087819535451177,1.0095443279920493,-0.0007623744469316512,0.0,0.0,0.00011987640011827452,0.0,True,0,long_short,1.2596742724430718,1.1467199596354718
2021-04-22,1.4463485560464178,0.0012841352547638962,1.445475017223621,0.0,1.0079787031582546,1.0073747416725218,0.0006039614857325302,0.0,0.0,0.00011985865905575489,0.0,True,0,long_short,1.2601652628204738,1.147745140037611
2021-04-23,1.4469363083933664,0.0004063697816765188,1.4453552625658388,0.0,1.0069802798288923,1.005887594671739,0.0010926851571532372,0.0,0.0,0.0001197546577821111,0.0,True,0,long_short,1.2585841992587368,1.1496539597792206
2021-04-26,1.4388824431475746,-0.005566150492646527,1.4396160792802326,0.0,0.9933484539233399,0.9938583191567033,-0.0005098652333634391,0.006651546076660075,0.0009871508787651737,0.00035887938482293365,1.3704687843247765,True,0,long_short,1.25713155899102,1.1445758662700576
2021-04-27,1.443445137455235,0.0031709986659365086,1.4394985413114865,0.0,0.9887597035280067,0.9860255530976645,0.002734150430342217,0.011240296471993316,0.0,0.00011753796874608816,0.0,True,0,long_short,1.2530684357229553,1.1519284153242932
2021-04-28,1.4441682997216367,0.0005009974038061582,1.4393815599040871,0.0,0.9910864281188251,0.9877718976596864,0.003314530459138558,0.00891357188117492,0.0,0.00011698140739935061,0.0,True,0,long_short,1.255010710977108,1.150721891924936
2021-04-29,1.4512829725867968,0.004926484583916757,1.4392643126003646,0.0,0.9960419280683668,0.9877605245010046,0.008281403567362263,0.0039580719316332225,0.0,0.00011724730372241129,0.0,True,0,long_short,1.2606447323746655,1.1512228110873297
2021-04-30,1.451627802208501,0.00023760329874833452,1.5620885851484916,0.0,0.9094947516570762,0.9855891766687328,-0.07609442501165667,0.09050524834292384,6.150179895560436e-05,0.00011782356412616805,0.08471955737685485,True,0,long_short,1.2585604799168333,1.1534032931849454
2021-05-06,1.480282508402373,0.01973970610805109,1.4587334413601392,0.0,0.8997595614123887,0.885202159754315,0.014557401658073647,0.10024043858761134,0.0010236898129133492,0.0007055549508861954,1.4025481240029543,True,0,long_short,1.2633697459116326,1.1716938079233634
2021-05-07,1.5032853293915254,0.015539480375255321,1.6181736814809127,0.0,0.7920934500917238,0.8685182976194314,-0.07642484752770767,0.20790654990827617,7.981387696901451e-05,0.00010769994028638208,0.10741456898712533,True,0,long_short,1.262122786222993,1.191076926746748
2021-05-10,1.5139433230537833,0.007089800887348341,1.508033532617616,0.0,0.8979628011124992,0.8940592266878987,0.003903574424600387,0.10203719888750085,0.0005594079700278907,0.0003219363653719053,0.7416287786816552,True,0,long_short,1.266659618633644,1.1952250634522368
2021-05-11,1.5038478206844663,-0.00666834895044377,1.5079222815220001,0.0,0.8991404490878305,0.9018498062325446,-0.002709357144714084,0.10085955091216947,0.0,0.00011125109561578956,0.0,True,0,long_short,1.2664247971487996,1.187475027392227
2021-05-12,1.517287460079949,0.008936834705366659,1.5078108093412588,0.0,0.9022741031385897,0.8960283184814153,0.0062457846571744345,0.09772589686141031,0.0,0.00011147218074144002,0.0,True,0,long_short,1.2718087489131458,1.1930154289130208
2021-05-13,1.5125695870740619,-0.0031094127711558395,1.507699066941409,0.0,0.8990616763170958,0.8958416458641005,0.0032200304529952633,0.10093832368290423,0.0,0.00011174239985000337,0.0,True,0,long_short,1.2665969318014705,1.1941996298086295
2021-05-14,1.5068658472989438,-0.0037708941286802578,1.507587695202091,0.0,0.9028900737235702,0.903369112985387,-0.00047903926181684913,0.09710992627642978,0.0,0.00011137173931795153,0.0,True,0,long_short,1.2732718934608485,1.1834596012350271
2021-05-17,1.4857535655583083,-0.014010724165312682,1.5082665538283098,0.0,0.8019361770076138,0.8170887492725449,-0.015152572264931217,0.19806382299238623,0.000615190209052213,0.00033565218013045984,0.8154253459335116,True,0,long_short,1.275382576042516,1.1649473604763905
2021-05-18,1.4941724850845397,0.005666430639234443,1.5081667736209718,0.0,0.802331423910513,0.8116973362640927,-0.009365912353579564,0.19766857608948696,0.0,9.978020733774758e-05,0.0,True,0,long_short,1.2784332222590438,1.1687528601957604
2021-05-19,1.492325518171824,-0.0012361135887274388,1.508067090128419,0.0,0.8024143247960965,0.8129626748476853,-0.010548350051588731,0.19758567520390347,0.0,9.968349255305923e-05,0.0,True,0,long_short,1.2778063539373092,1.167880808835796
2021-05-20,1.4984237664448814,0.004086406215534133,1.5079673746534876,0.0,0.8010552600077545,0.8074243582710908,-0.006369098263336358,0.1989447399922455,0.0,9.971547493121292e-05,0.0,True,0,long_short,1.275344963943212,1.1749164412834132
2021-05-21,1.4952701975880258,-0.002104590788984728,1.5078679337892653,0.0,0.8004938563014121,0.8089189130045821,-0.00842505670316997,0.19950614369858788,0.0,9.94408642224583e-05,0.0,True,0,long_short,1.2761107598389525,1.1717401378049126
2021-05-24,1.4955140705522931,0.00016309625154087293,1.4946547534572583,0.0,0.7993821030852346,0.7988075066224161,0.0005745964628185745,0.2006178969147654,0.0007630219464928016,0.00029824578317614995,1.0204799742824928,True,0,long_short,1.2779015701526646,1.1702889373346896
2021-05-25,1.4943623053830433,-0.000770146661893012,1.4945565648655472,0.0,0.8065317410368862,0.8066617359395976,-0.00012999490271141105,0.19346825896311381,0.0,9.818859171095485e-05,0.0,True,0,long_short,1.2875306064222491,1.1606421609933855
2021-05-26,1.5096441896550947,0.010226358237893418,1.494457487203242,0.0,0.8085450780632886,0.7984852887725932,0.010059789290695394,0.19145492193671143,0.0,9.90776623054508e-05,0.0,True,0,long_short,1.2933130431305737,1.1672689745715956
2021-05-27,1.5121367075663583,0.0016510631633226414,1.4943584108736483,0.0,0.8186040478679462,0.8068469781508021,0.01175706971714407,0.18139595213205384,0.0,9.907632959347526e-05,0.0,True,0,long_short,1.297862751755401,1.1650975463477513
2021-05-28,1.5189003317100616,0.0044728919745546936,1.494258131728466,0.0,0.8182643468037941,0.8020406358287281,0.01622371097506596,0.18173565319620588,0.0,0.00010027914518225914,0.0,True,0,long_short,1.2971708246673024,1.170933159169401
2021-05-31,1.5302581290897006,0.007477644939909656,1.526171991915668,0.0,0.7965839128222941,0.7939136854297016,0.002670227392592474,0.20341608717770587,0.0007916759577722334,0.0003003829613766256,1.0369283492838821,True,0,long_short,1.298609233329877,1.1783822953159144
2021-06-01,1.5217753664094824,-0.005543354104097564,1.526072137707099,0.0,0.7954972623222635,0.7983207876548849,-0.0028235253326214208,0.20450273767773652,0.0,9.985420856912583e-05,0.0,True,0,long_short,1.2999985090699375,1.1705977782222317
2021-06-02,1.517028596184919,-0.0031192318717597756,1.525972285796758,0.0,0.7937426456801764,0.7996381770065674,-0.005895531326390985,0.20625735431982362,0.0,9.985191034075226e-05,0.0,True,0,long_short,1.2965097327236785,1.1700865469000217
2021-06-03,1.5349282297033942,0.011799140479942016,1.525872581085981,0.0,0.7960770867708962,0.7901773655707962,0.005899721200099881,0.20392291322910383,0.0,9.970471077699787e-05,0.0,True,0,long_short,1.2979898196584552,1.1825425796538878
2021-06-04,1.5293256606361676,-0.0036500527899662183,1.5257728935069492,0.0,0.7980734749449149,0.7957503810345307,0.0023230939103842207,0.20192652505508513,0.0,9.968757903183074e-05,0.0,True,0,long_short,1.298186012500771,1.17804817330464
2021-06-07,1.5294414612721874,7.572006342426718e-05,1.5265923305983404,0.0,0.7968748267822373,0.7950119698204042,0.0018628569618329984,0.2031251732177627,0.00047159185752342905,0.0003000726930025764,0.6176452086760097,True,0,long_short,1.2969495570921172,1.179260560218964
2021-06-08,1.522918261144667,-0.004265086499024573,1.526492391617339,0.0,0.7935355421048992,0.7958824379061128,-0.0023468958012136023,0.20646445789510082,0.0,9.993898100145199e-05,0.0,True,0,long_short,1.293516012927719,1.1773478224654703
2021-06-09,1.526372830033401,0.0022683875930002984,1.5263927699270583,0.0,0.7955495577246656,0.7955626213047197,-1.3063580053967066e-05,0.20445044227533438,0.0,9.962169028040184e-05,0.0,True,0,long_short,1.294026317626385,1.1795531584189152
2021-06-10,1.5235698978183607,-0.001836335238605491,1.5262929623788597,0.0,0.7945431455531518,0.7963304377308182,-0.0017872921776664373,0.20545685444684825,0.0,9.98075481986035e-05,0.0,True,0,long_short,1.2974476632720902,1.1742823552327366
2021-06-11,1.5189139752339011,-0.0030559297549305198,1.526193241961026,0.0,0.791513685573618,0.796306100974236,-0.0047924154006181215,0.208486314426382,0.0,9.972041783368711e-05,0.0,True,0,long_short,1.2960475444043023,1.171958530218916
2021-06-15,1.5177389806419035,-0.0007735754698132702,1.517762001391122,0.0,0.6965291065805502,0.6965442743725827,-1.5167792032545127e-05,0.30347089341944977,0.0009087480216580364,0.00039765056394535395,1.1967676627859194,True,0,long_short,1.2868895064953725,1.1793856216725325
2021-06-16,1.5437401125570074,0.01713149115014967,1.5176751105091801,0.0,0.6954952644062923,0.6786109444123952,0.016884319993897022,0.3045047355937077,0.0,8.68908819417697e-05,0.0,True,0,long_short,1.27359312111977,1.2121140472239034
2021-06-17,1.5364131959790066,-0.004746211177906634,1.5175890064870672,0.0,0.6945862762242768,0.6823342404169792,0.012252035807297555,0.3054137237757232,0.0,8.610402211311848e-05,0.0,True,0,long_short,1.272698224234526,1.2072093499643988
2021-06-18,1.52539978213117,-0.007168262988537344,1.5175028409530085,0.0,0.6949206339912909,0.6897436690600854,0.0051769649312055485,0.3050793660087091,0.0,8.616553405848977e-05,0.0,True,0,long_short,1.2747401207246736,1.1966358925488276
2021-06-21,1.539686629899309,0.009365969456333945,1.5239158978211114,0.0,0.806975407210228,0.7967325878131218,0.010242819397106154,0.19302459278977202,0.000767461539287133,0.0002594305091122047,1.0067159644335346,True,0,long_short,1.2793067717365745,1.2035319939792752
2021-06-22,1.539043775630946,-0.0004175227970935058,1.5238150716419558,0.0,0.8081933316024088,0.7982984187804865,0.009894912821922402,0.1918066683975912,0.0,0.00010082617915569377,0.0,True,0,long_short,1.2876932533381586,1.1951944080169694
2021-06-23,1.5309517205428693,-0.00525784595357548,1.523714089487502,0.0,0.8104356165306082,0.8057080794317892,0.004727537098818991,0.18956438346939175,0.0,0.00010098215445370963,0.0,True,0,long_short,1.2929921543193938,1.184037904196513
2021-06-24,1.5247948357497232,-0.00402160610980129,1.5236127059118478,0.0,0.8118915085351807,0.8111162371280642,0.0007752714071163864,0.18810849146481934,0.0,0.0001013835756543607,0.0,True,0,long_short,1.295214656655749,1.1772526105338796
2021-06-25,1.5247073842071628,-5.735298973352787e-05,1.5235110522803768,0.0,0.8144827240474858,0.8136980935412144,0.000784630506271487,0.18551727595251422,0.0,0.00010165363147114687,0.0,True,0,long_short,1.30020995006062,1.17266244896532
2021-06-28,1.5189167158978885,-0.003797888282862538,1.520420878709082,0.0,0.5988872552184474,0.5998775417795539,-0.0009902865611063686,0.40111274478155257,0.0007894572826981301,0.0003059140664558417,1.037933103686716,True,0,long_short,1.3026411826057256,1.1660284782794432
2021-06-29,1.5207181753223409,0.001186015932010731,1.5203459885151889,0.0,0.5944334565088657,0.5941887124049341,0.0002447441039316022,0.4055665434911343,0.0,7.489019389320807e-05,0.0,True,0,long_short,1.296974970672728,1.1725115824968924
2021-06-30,1.5147110443649237,-0.003950193438139071,1.5202717205501595,0.0,0.5931019308883664,0.5967730444026719,-0.0036711135143055623,0.4068980691116336,0.0,7.426796502949829e-05,0.0,True,0,long_short,1.2983784780179306,1.1666174925182373
2021-07-01,1.513230353741962,-0.0009775399925089356,1.520197424216899,0.0,0.5908468950636995,0.595450999427393,-0.004604104363693599,0.4091531049363005,0.0,7.429633326049365e-05,0.0,True,0,long_short,1.2932344304545507,1.1701129494441982
2021-07-02,1.5134227423195543,0.00012713766751804023,1.5201233649407484,0.0,0.5889216262589062,0.5933490888797758,-0.00442746262086958,0.4110783737410938,0.0,7.405927615064538e-05,0.0,True,0,long_short,1.2876925756426756,1.1752981813723815
2021-07-05,1.5181351280261726,0.0031137272982932895,1.5128530374195088,0.0,0.7011482044741885,0.6976688761132599,0.0034793283609285625,0.29885179552581154,0.0006129047429202303,0.00022142169992348364,0.8099352959928734,True,0,long_short,1.290112965060054,1.1767458890357747
2021-07-06,1.52157659822482,0.002266906374218447,1.5127659835322302,0.0,0.7000463929838039,0.6942559420115237,0.0057904509722800646,0.2999536070161961,0.0,8.705388727874628e-05,0.0,True,0,long_short,1.2921945067359544,1.177513594349103
2021-07-07,1.5209616549758644,-0.0004041487294644819,1.512679159127199,0.0,0.706790586180498,0.701345020987208,0.005445565193289951,0.29320941381950205,0.0,8.682440503095304e-05,0.0,True,0,long_short,1.3014924887621147,1.1686288381291337
2021-07-08,1.525165527663969,0.002763957049378263,1.5125914836025007,0.0,0.7129917377169188,0.7047473577900218,0.008244379926896925,0.2870082622830812,0.0,8.767552469833859e-05,0.0,True,0,long_short,1.305628464294597,1.1681466583895161
2021-07-09,1.517706411781054,-0.004890692680642905,1.512503139242845,0.0,0.7205454777709437,0.7171170989370539,0.003428378833889865,0.2794545222290563,0.0,8.834435965591289e-05,0.0,True,0,long_short,1.312050306691091,1.1567440699805291
2021-07-12,1.4974960905034296,-0.013316357577950355,1.501879321809129,0.0,0.6996503305170109,0.702577370750035,-0.0029270402330240724,0.30034966948298913,0.0009517981762091786,0.0002683659992189412,1.2666734985078891,True,0,long_short,1.3211331204014127,1.133493716400381
2021-07-13,1.506532455453369,0.006034316221087188,1.5017928472721995,0.0,0.7028557940031245,0.6997097561172411,0.003146037885883408,0.2971442059968755,0.0,8.647453692939912e-05,0.0,True,0,long_short,1.330041427524873,1.1326958877190276
2021-07-14,1.4944384374673463,-0.008027718183066468,1.5017062060017623,0.0,0.7047754674062319,0.709638677794967,-0.004863210388735157,0.29522453259376813,0.0,8.664127043736865e-05,0.0,True,0,long_short,1.3256926556107427,1.1272887657198816
2021-07-15,1.5055035501266185,0.007404194366162464,1.5016190406880519,0.0,0.7028740194233049,0.7002938133266537,0.0025802060966511366,0.29712598057669515,0.0,8.716531371043595e-05,0.0,True,0,long_short,1.329278003563323,1.1325723784572508
2021-07-16,1.5071662903814236,0.0011044412712712948,1.5015323863191126,0.0,0.7008366343854282,0.6970985571087096,0.003738077276718665,0.2991633656145718,0.0,8.665436893931379e-05,0.0,True,0,long_short,1.3298025398671312,1.1333760052315842
2021-07-19,1.5040294691462173,-0.0020812708293871385,1.5067400674474727,0.0,0.5970134747559712,0.598815698952279,-0.001802224196307859,0.4029865252440288,0.0004593500507046605,0.0002590627675926025,0.6095411733467127,True,0,long_short,1.325076291568994,1.135051225892306
2021-07-20,1.5030642625480541,-0.0006417471319302148,1.506666042533132,0.0,0.5985039503507478,0.6009002417634463,-0.0023962914126985043,0.40149604964925223,0.0,7.402491434068087e-05,0.0,True,0,long_short,1.324664591563098,1.1346753526297895
2021-07-21,1.507892002112975,0.0032119315755245736,1.506591807600632,0.0,0.6000953775783059,0.5992331178736842,0.0008622597046217172,0.3999046224216941,0.0,7.423493250009219e-05,0.0,True,0,long_short,1.3374361017871508,1.1274497526259777
2021-07-22,1.5081436335020968,0.0001668762675108848,1.5065175408478229,0.0,0.600792443724867,0.5997142356429894,0.0010782080818775126,0.39920755627513305,0.0,7.426675280900957e-05,0.0,True,0,long_short,1.3458510465990192,1.1205873319437487
2021-07-23,1.5105369669980768,0.0015869400253492039,1.5064432020637346,0.0,0.5990085404215497,0.5962984015611431,0.0027101388604066187,0.4009914595784503,0.0,7.433878408812747e-05,0.0,True,0,long_short,1.3484882985709437,1.1201706151984143
2021-07-26,1.4933410582377964,-0.011383970823603318,1.5137366205287166,0.0,0.5931940955892138,0.6068517675445995,-0.01365767195538566,0.40680590441078623,0.00016129683373944904,0.0002220980002816365,0.21308812422499893,True,0,long_short,1.3383018577666275,1.1158477062341525
2021-07-27,1.4887792150102863,-0.003054789930502011,1.5136621353237245,0.0,0.591840508315064,0.6085541486336294,-0.016713640318565544,0.40815949168493604,0.0,7.44852049922079e-05,0.0,True,0,long_short,1.3236595691618736,1.1247447982059047
2021-07-28,1.475896512793831,-0.00865319859826641,1.5135876693428183,0.0,0.5968259826380741,0.6223637870994716,-0.025537804461397466,0.40317401736192593,0.0,7.446598090635847e-05,0.0,True,0,long_short,1.315631249623032,1.121816248448583
2021-07-29,1.482475403735868,0.004457555719528994,1.513512172531059,0.0,0.6003991294287059,0.6213349026071192,-0.020935773178413396,0.3996008705712941,0.0,7.549681175911828e-05,0.0,True,0,long_short,1.3332902996701657,1.1118924394054381
2021-07-30,1.4772498431004812,-0.0035248885898669924,1.5134364645548455,0.0,0.6108580178454637,0.6353539564460833,-0.024495938600619563,0.3891419821545363,0.0,7.570797621350756e-05,0.0,True,0,long_short,1.3365710235031572,1.1052535309561062
2021-08-02,1.4713588798928643,-0.003987790714706008,1.4696684502878836,0.0,0.5986052994188484,0.5974564093498914,0.001148890068957094,0.40139470058115156,0.0006385289574368702,0.00023142982992491008,0.8685654988383642,True,0,long_short,1.3507348590969437,1.0893025155777543
2021-08-03,1.4645391310194429,-0.004635000316114635,1.4695961977295346,0.0,0.6000374819179187,0.6034904908563496,-0.0034530089384309354,0.3999625180820813,0.0,7.22525583489755e-05,0.0,True,0,long_short,1.3438552334017129,1.0898042397857408
2021-08-04,1.4653501476509063,0.0005537691784984755,1.469523553720845,0.0,0.6016930410676037,0.6045411017011861,-0.0028480606335824603,0.3983069589323963,0.0,7.264400868963742e-05,0.0,True,0,long_short,1.355059233973688,1.0813919501908356
2021-08-05,1.4615892844540825,-0.002566528691352543,1.4694507429488473,0.0,0.5989573011905585,0.6043360068080543,-0.005378705617495819,0.40104269880944154,0.0,7.281077199771572e-05,0.0,True,0,long_short,1.3514921837991474,1.0814633646977105
2021-08-06,1.4682530922931907,0.004559288926093252,1.469378143685963,0.0,0.5990067645901836,0.5997730162661905,-0.0007662516760068419,0.40099323540981635,0.0,7.259926288441823e-05,0.0,True,0,long_short,1.3534635999590672,1.0848116582799827
2021-08-09,1.456540814357323,-0.007977015677572918,1.4669477299515326,0.0,0.7012311206080395,0.7083760735620709,-0.007144952954031339,0.2987688793919605,0.0005908485569034092,0.0002171388293770311,0.8052238837958602,True,0,long_short,1.353266390573527,1.0763149255040816
2021-08-10,1.4675680737769103,0.007570855077241978,1.466862926225802,0.0,0.7032663578764206,0.7027858707605532,0.00048048711586740566,0.29673364212357944,0.0,8.480372573074042e-05,0.0,True,0,long_short,1.3579756964845904,1.0807027530581168
2021-08-11,1.4752276970835136,0.005219262699610816,1.4667781547649832,0.0,0.7033293580335036,0.6976017389444401,0.005727619089063507,0.2966706419664964,0.0,8.477146081887892e-05,0.0,True,0,long_short,1.3642650494141662,1.0813351098578654
2021-08-12,1.4815546291179642,0.004288783383716854,1.4666935694438743,0.0,0.7024191048007552,0.6923883847840812,0.010030720016674126,0.2975808951992448,0.0,8.458532110885979e-05,0.0,True,0,long_short,1.366398773642254,1.084276901953558
2021-08-13,1.4831811232345122,0.0010978293237262626,1.466609256193193,0.0,0.7024304458623256,0.6912572541450662,0.01117319171725942,0.2975695541376744,0.0,8.431325068145471e-05,0.0,True,0,long_short,1.3685406302161374,1.083768424909876
2021-08-16,1.4826643466678142,-0.0003484244497199418,1.4912545877706735,0.0,0.7989170544039287,0.8047108411919937,-0.005793786788064936,0.20108294559607132,0.000611582588104339,0.0002528037642690947,0.8198893443066145,True,0,long_short,1.366890441715139,1.0846987449904215
2021-08-17,1.4732749036681219,-0.006332817687829673,1.491156523435856,0.0,0.7942196387650916,0.8063569661051642,-0.012137327340072552,0.2057803612349084,0.0,9.806433481746037e-05,0.0,True,0,long_short,1.3526100424982839,1.08920890528579
2021-08-18,1.4678770265739227,-0.0036638627867479068,1.4910588807935359,0.0,0.7956735651694693,0.8114663419484072,-0.01579277677893779,0.2043264348305307,0.0,9.764264232005791e-05,0.0,True,0,long_short,1.3580488875967496,1.080872006877108
2021-08-19,1.4730365481696825,0.003514954933113268,1.490960979467411,0.0,0.7970942554603652,0.8092626102238641,-0.012168354763498918,0.20290574453963484,0.0,9.79013261247161e-05,0.0,True,0,long_short,1.3569293346589058,1.085566145962909
2021-08-20,1.4770714833226521,0.002739195546765716,1.4908630008316361,0.0,0.7895304559265975,0.798867524351993,-0.009337068425395532,0.21046954407340246,0.0,9.797863577481764e-05,0.0,True,0,long_short,1.3536004944466244,1.0912167137811994
2021-08-23,1.490053021737499,0.008788700182366993,1.4744686553390405,0.0,0.9005692919081421,0.890110357782237,0.010458934125904963,0.09943070809185794,0.0005995858203594013,0.00029095506719331615,0.812960110764948,True,0,long_short,1.3628896664315064,1.0933042185571398
2021-08-24,1.5309158355174481,0.027423731359774273,1.4743596434243864,0.0,0.9029413237834407,0.865998605718247,0.03694271806519368,0.09705867621655928,0.0,0.00010901191465424125,0.0,True,0,long_short,1.371045392721144,1.1166047773801318
2021-08-25,1.5462007360439234,0.009984154694767211,1.4742506759466578,0.0,0.9039575400032139,0.8574240864741751,0.04653345352903882,0.09604245999678607,0.0,0.00010896747772850097,0.0,True,0,long_short,1.37541144587009,1.1241732360790349
2021-08-26,1.5469591878003923,0.0004905260609366913,1.4741417102134844,0.0,0.8985393997155736,0.8514680366433222,0.04707136307225151,0.10146060028442638,0.0,0.00010896573317327327,0.0,True,0,long_short,1.3739300035443474,1.1259374086086475
2021-08-27,1.5711958035978077,0.015667262581036345,1.4740334483256157,0.0,0.897737893911538,0.8358981441809796,0.06183974973055842,0.10226210608846198,0.0,0.00010826188786880123,0.0,True,0,long_short,1.3782686100262336,1.139977934756783
2021-08-30,1.5830260242437857,0.00752943752706603,1.5685453803066773,0.0,0.892820307041937,0.8836728617597118,0.009147445282225225,0.10717969295806296,0.001001717189791458,0.00032384210705071657,1.2764410719363088,True,0,long_short,1.384750428472969,1.143185076309718
2021-08-31,1.5867951297230707,0.0023809497895559417,1.5684304041036294,0.0,0.8945237991879572,0.8829503293206493,0.011573469867307905,0.10547620081204279,0.0,0.00011497620304796755,0.0,True,0,long_short,1.387938646872537,1.143274692507929
2021-09-01,1.5791302842115307,-0.004830393897716223,1.5683152483817924,0.0,0.8994997895719584,0.8926510602822543,0.006848729289704234,0.10050021042804158,0.0,0.00011515572183726473,0.0,True,0,long_short,1.3909665902903858,1.1352754949217456
2021-09-02,1.6065856005825507,0.017386352883941303,1.5681993898347355,0.0,0.903475451651152,0.8795824136867284,0.023893037964423616,0.09652454834884805,0.0,0.00011585854705686906,0.0,True,0,long_short,1.4109664005356506,1.1386419974087523
2021-09-03,1.6206880157446775,0.00877787972020494,1.5680832426204598,0.0,0.9060960723197805,0.8736377752180728,0.032458297101707625,0.09390392768021949,0.0,0.00011614721427573222,0.0,True,0,long_short,1.4085039939983288,1.150644955676711
2021-09-06,1.610312943606362,-0.006401646731217681,1.6260845095017709,0.0,0.8062125604362362,0.8160066603706797,-0.009794099934443521,0.19378743956376376,0.0010025388350793747,0.0003491246151117797,1.232311247396547,True,0,long_short,1.4168135571625975,1.1365736412286165
2021-09-07,1.6287417843579137,0.011444260461745737,1.6259765073576122,0.0,0.8150599895478682,0.8133621900397702,0.0016977995080979956,0.18494001045213182,0.0,0.00010800214415867721,0.0,True,0,long_short,1.4348717698491926,1.1351131289795304
2021-09-08,1.6266030926455135,-0.001313094397736747,1.6258676232218805,0.0,0.8173847542600834,0.8169326037465633,0.00045215051352011045,0.1826152457399166,0.0,0.0001088841357316139,0.0,True,0,long_short,1.4388040978890464,1.1305243674465468
2021-09-09,1.6377415260960884,0.006847665236181966,1.6257584047205322,0.0,0.8179502426252424,0.8106333851207982,0.007316857504444226,0.1820497573747576,0.0,0.00010921850134825574,0.0,True,0,long_short,1.4388545862025266,1.1382258789739628
2021-09-10,1.6301815251048177,-0.004616113636253472,1.6256492862582923,0.0,0.8135488367591834,0.8107686317472085,0.00278020501197491,0.18645116324081656,0.0,0.00010911846223990473,0.0,True,0,long_short,1.4381504605957351,1.133526407542599
2021-09-13,1.6231927403833493,-0.0042871205530432555,1.6268459825411543,0.0,0.800457941766412,0.8027085938713137,-0.002250652104901599,0.19954205823358795,0.0005182228920739257,0.00032589864113641905,0.6368861873006074,True,0,long_short,1.4408605648320771,1.1265439418647158
2021-09-14,1.6042774265768138,-0.011653153279916895,1.6267388906976845,0.0,0.7976752809053239,0.8116762658651375,-0.014000984959813612,0.2023247190946761,0.0,0.00010709184346974596,0.0,True,0,long_short,1.4265608512939578,1.1245769327832449
2021-09-15,1.6057587793258088,0.0009233769200105435,1.626631864348834,0.0,0.7895963602439161,0.8025952522890768,-0.012998892045160745,0.2104036397560839,0.0,0.00010702634885059731,0.0,True,0,long_short,1.425521266423103,1.1264362147012756
2021-09-16,1.6003236898042892,-0.0033847484388667137,1.6265259376880714,0.0,0.7824495032882973,0.7988225958387092,-0.016373092550411878,0.21755049671170268,0.0,0.00010592666076233404,0.0,True,0,long_short,1.401015458911662,1.142259837052372
2021-09-17,1.593072798151136,-0.004530890656277209,1.6264208657929422,0.0,0.7834814766999948,0.8044146491705241,-0.020933172470529227,0.2165185233000052,0.0,0.00010507189512917617,0.0,True,0,long_short,1.4006142631857517,1.1374100921460202
2021-09-22,1.6062995196888392,0.008302647282066422,1.5897994362606662,0.0,0.9001920332379161,0.8899199244400691,0.010272108797846973,0.09980796676208392,0.0006572570448426992,0.0005266401764498018,0.8265010265406164,True,0,long_short,1.4065756115015768,1.1419930123586097
2021-09-23,1.6162715316247385,0.006208065067361046,1.589681944922541,0.0,0.9060215391282674,0.8895703512047455,0.01645118792352187,0.09397846087173256,0.0,0.00011749133812517351,0.0,True,0,long_short,1.4136561739075042,1.1433271834106469
2021-09-24,1.6020656946346463,-0.008789263878088427,1.589563770629333,0.0,0.902704816060442,0.8949011885018578,0.007803627558584082,0.09729518393955805,0.0,0.00011817429320791648,0.0,True,0,long_short,1.4033921369703894,1.1415666743674
2021-09-27,1.5809069259920854,-0.013207179152154747,1.6024134822234724,0.0,0.8926573828128966,0.9062613185524345,-0.013603935739537899,0.10734261718710336,0.0006555264122838932,0.000353512724593956,0.8178392929469198,True,0,long_short,1.381140344635261,1.144638871880598
2021-09-28,1.5987373419606505,0.01127859943897458,1.60229572484304,0.0,0.8878753819414771,0.8901011277153423,-0.0022257457738652448,0.11212461805852292,0.0,0.00011775738043218603,0.0,True,0,long_short,1.3864067162333142,1.1531517578796868
2021-09-29,1.5910922042456115,-0.004781984829142272,1.602178762822958,0.0,0.8801977544883184,0.8871656464481705,-0.006967891959852119,0.11980224551168162,0.0,0.00011696202008217566,0.0,True,0,long_short,1.364718427692264,1.165875811420049
2021-09-30,1.595955444201659,0.003056541879264074,1.6020627440001685,0.0,0.8872437490923594,0.8910704848704151,-0.003826735778055746,0.11275625090764063,0.0,0.0001160188227894413,0.0,True,0,long_short,1.3813209504814687,1.15538350710266
2021-10-08,1.6057580555152904,0.006142158510280327,1.6036679103059575,0.0,0.9990832611329131,0.9977816047581226,0.0013016563747905124,0.0009167388670868748,0.0006528134224613203,0.0009350852327647237,0.8138190983959759,True,0,long_short,1.3817035095815977,1.1621581941277257
2021-10-11,1.5909178766446601,-0.009241852357308122,1.6163559534576306,0.0,0.9989807094090232,1.0149702693897187,-0.01598955998069546,0.001019290590976829,0.00033703245412160053,0.0003950619902840538,0.41694057815377633,True,0,long_short,1.3795640249419046,1.153203365615203
2021-10-12,1.5835959686016443,-0.0046023167823459055,1.6162232355661923,0.0,0.9913408996610741,1.0119441770193505,-0.020603277358276394,0.008659100338925918,0.0,0.000132717891438489,0.0,True,0,long_short,1.3598061519840552,1.1645747934667479
2021-10-13,1.5685106477475326,-0.009525990942899742,1.6160915223563967,0.0,0.9867402105576293,1.0170752769323415,-0.030335066374712255,0.013259789442370717,0.0,0.00013171320979543164,0.0,True,0,long_short,1.3590390006973487,1.1541321823308235
2021-10-14,1.5756410669404355,0.0045459807385703765,1.6159604023507999,0.0,0.9882144191480351,1.0138035817157867,-0.025589162567751636,0.011785580851964905,0.0,0.00013112000559691625,0.0,True,0,long_short,1.3640620796170209,1.155109500135667
2021-10-15,1.578760518997474,0.001979798649889286,1.6158291099762385,0.0,0.9878369507975134,1.0113165036066394,-0.023479552809126062,0.012163049202486564,0.0,0.0001312923745613176,0.0,True,0,long_short,1.370486971643188,1.1519704686463164
2021-10-18,1.5963192423295336,0.011121840913028036,1.5804344777668207,0.0,0.997646495805119,0.9876956262412516,0.009950869563867353,0.0023535041948810065,0.0006731714969814448,0.00039368874282034414,0.8515188669093947,True,0,long_short,1.377907398333818,1.158509812966983
2021-10-19,1.5994590720491928,0.0019669184185722166,1.5803048878325412,0.0,1.0024060616529022,0.9904306478699714,0.011975413782930792,0.0,0.0,0.00012958993427947637,0.0,True,0,long_short,1.3854132146553004,1.1544996504506047
2021-10-20,1.5904878911283349,-0.005608884326977037,1.5801746834529544,0.0,1.0031769803540915,0.9966926759259302,0.0064843044281613065,0.0,0.0,0.00013020437958667275,0.0,True,0,long_short,1.3863890961507574,1.1472160993939204
2021-10-21,1.5834460391907852,-0.004427479125637346,1.5800443907708528,0.0,1.007634674852808,1.005486418243021,0.002148256609786882,0.0,0.0,0.00013029268210162928,0.0,True,0,long_short,1.3855975478266644,1.1427892909268278
2021-10-22,1.572889419448207,-0.00666686421974505,1.579913530484297,0.0,1.0033544552686007,1.0078201926238395,-0.00446573735523894,0.0,0.0,0.00013086028655564722,0.0,True,0,long_short,1.3796375549018054,1.1400743723304605
2021-10-25,1.5781816901837913,0.0033646807398837186,1.575218394552758,0.0,0.8963393601526941,0.8944616957180698,0.0018776644346242986,0.10366063984730589,0.00033597235598788747,0.0003908686975111951,0.4264814506491054,True,0,long_short,1.3868624664456024,1.1379511151012125
2021-10-26,1.5775546891778747,-0.00039729329634008437,1.5751023707387235,0.0,0.8955741096055534,0.8940196034727554,0.0015545061327979439,0.10442589039444661,0.0,0.00011602381403449343,0.0,True,0,long_short,1.38838863667322,1.136248632052999
2021-10-27,1.5744581101212778,-0.0019628980711982047,1.5749864503427502,0.0,0.8903977200086395,0.8907332895725906,-0.00033556956395102376,0.10960227999136052,0.0,0.0001159203959733197,0.0,True,0,long_short,1.3850648791770608,1.1367396096684983
2021-10-28,1.5419274978739919,-0.020661465705670734,1.730087212376947,0.0,0.800118508628094,0.9221474073683976,-0.12202889874030362,0.19988149137190603,7.764683822737878e-05,0.0001152675823333619,0.09898416100376585,True,0,long_short,1.3741797343298168,1.1220711958948988
2021-10-29,1.5566813072276167,0.009568419639683023,1.7299703451623294,0.0,0.7942767425002706,0.9055962766464943,-0.11131953414622371,0.20572325749972942,0.0,0.00011686721461763359,0.0,True,0,long_short,1.3829098075412598,1.1256564229559651
2021-11-01,1.5510562650312425,-0.0036134834858344567,1.5556296617360172,0.0,0.9067262437939999,0.9096748129773896,-0.0029485691833896575,0.09327375620600009,0.00041740471588942024,0.0003476033742946505,0.5364936895401048,True,0,long_short,1.3934774520547388,1.1130831451518266
2021-11-02,1.5485366737682393,-0.0016244357602026582,1.5555136926824988,0.0,0.9014066776223566,0.9059122337596108,-0.004505556137254227,0.0985933223776434,0.0,0.0001159690535186058,0.0,True,0,long_short,1.3873649776462147,1.116171085993151
2021-11-03,1.5388892350563967,-0.006230035668684741,1.5553983909030036,0.0,0.9104076399808373,0.9211356088758836,-0.010727968895046357,0.08959236001916271,0.0,0.00011530177949523808,0.0,True,0,long_short,1.3908923826350021,1.1064042439725057
2021-11-04,1.5443672589939736,0.003559725945692316,1.5552818819436176,0.0,0.9133213021746956,0.9203886774289172,-0.007067375254221562,0.08667869782530435,0.0,0.00011650895938571645,0.0,True,0,long_short,1.4019052730807833,1.1016202653979041
2021-11-05,1.5248935047483079,-0.012609535803259297,1.5551650530554832,0.0,0.9174715299930285,0.9373231118988561,-0.019851581905827583,0.0825284700069715,0.0,0.00011682888813451937,0.0,True,0,long_short,1.3918689418259422,1.095572621045668
2021-11-08,1.5731742914126527,0.031661743271910625,1.5423767458125008,0.0,0.9046511504441717,0.8850744603289924,0.019576690115179193,0.09534884955582834,0.0005042628929109195,0.00035243455689494064,0.6536640091694851,True,0,long_short,1.3979763335183442,1.1253225492404302
2021-11-09,1.556964870500776,-0.010303639590576563,1.5422623039176808,0.0,0.906242291145074,0.8967991965308929,0.009443094614181143,0.09375770885492596,0.0,0.000114441894819904,0.0,True,0,long_short,1.4059697517398138,1.1073957093131723
2021-11-10,1.5574093913074238,0.00028550471180821546,1.5421475407797445,0.0,0.9059893089196339,0.8961897978772181,0.009799511042415894,0.09401069108036608,0.0,0.0001147631379363223,0.0,True,0,long_short,1.4062828470529396,1.107465254640054
2021-11-11,1.5559373873297457,-0.0009451618732324585,1.5420328228832287,0.0,0.9141833658036894,0.9052469108025151,0.008936455001174334,0.08581663419631058,0.0,0.00011471789651571626,0.0,True,0,long_short,1.4200651400898219,1.0956802919838802
2021-11-12,1.5548884176412592,-0.0006741721723692029,1.541917055142411,0.0,0.918425007150639,0.9100826963123309,0.008342310838308137,0.08157499284936098,0.0,0.00011576774081773057,0.0,True,0,long_short,1.429001571575825,1.0880942670529137
2021-11-15,1.5682519099292245,0.008594502432681006,1.553540964559052,0.0,0.7948678846742089,0.7854874112457808,0.009380473428428042,0.20513211532579112,0.0008052015627442972,0.0003489231066390668,1.0360646557302375,True,0,long_short,1.4263006162285026,1.0995241059883132
2021-11-16,1.5675334685222273,-0.00045811607334789173,1.5534397172604566,0.0,0.7838308381369983,0.7748398012342538,0.00899103690274454,0.21616916186300172,0.0,0.00010124729859547052,0.0,True,0,long_short,1.4176186593963496,1.1057511539737452
2021-11-17,1.5741937663164878,0.004248903087561651,1.5533398881655651,0.0,0.7837660214682575,0.7705186826735426,0.013247338794714864,0.21623397853174253,0.0,9.982909489132626e-05,0.0,True,0,long_short,1.4233411200544326,1.1059848859395605
2021-11-18,1.5789607700072976,0.00302821913846385,1.5532401939978588,0.0,0.7843421658354359,0.7680526059565543,0.016289559878881577,0.21565783416456408,0.0,9.969416770644514e-05,0.0,True,0,long_short,1.423815506892502,1.1089644426288083
2021-11-19,1.585243787469005,0.003979210618182849,1.5531405179758773,0.0,0.788187009854176,0.767935695988828,0.02025131386534792,0.211812990145824,0.0,9.967602198141967e-05,0.0,True,0,long_short,1.436041472252775,1.1038983330907362
2021-11-22,1.5819139143012333,-0.0021005432691763026,1.5826588770111218,0.0,0.9040982707611319,0.9045691956977884,-0.0004709249366565037,0.09590172923886808,0.0004998271628404869,0.0003001722635939119,0.6314302685166099,True,0,long_short,1.44835960419873,1.0922107394567864
2021-11-23,1.6038027116022122,0.01383690800308024,1.5825412646332762,0.0,0.9038095685548718,0.890552671796233,0.013256896758638911,0.09619043144512818,0.0,0.0001176123778456937,0.0,True,0,long_short,1.4468632525723626,1.108468757327846
2021-11-24,1.6321516880736353,0.017676099601491746,1.5824238725135624,0.0,0.9056271570630012,0.8751595136917134,0.0304676433712878,0.09437284293699877,0.0,0.00011739211971381314,0.0,True,0,long_short,1.4464302051587536,1.1283998925440704
2021-11-25,1.6293850504581286,-0.001695086085271913,1.5823064703428003,0.0,0.905814302501202,0.8769208373855798,0.028893465115622234,0.09418569749879802,0.0,0.00011740217076210674,0.0,True,0,long_short,1.4449460520510793,1.1276442107615305
2021-11-26,1.631398552969163,0.0012357438227805773,1.5821890312987286,0.0,0.9048089516147829,0.8746449419796924,0.030164009635090413,0.09519104838521708,0.0,0.00011743904407161265,0.0,True,0,long_short,1.4458924537930278,1.1282986841030223
2021-11-29,1.6290961986787966,-0.0014112764083160645,1.7697546765745984,0.0,0.8875111614378127,0.9738525806921675,-0.08634141925435479,0.11248883856218728,0.0009193168245082715,0.00035183699820184135,1.1404137843226358,True,0,long_short,1.4518436366766085,1.1220879146517004
2021-11-30,1.5976182595296908,-0.019322332944263554,1.7696242793523562,0.0,0.9019865450605831,1.009650574810281,-0.10766402974969808,0.09801345493941693,0.0,0.0001303972222421216,0.0,True,0,long_short,1.4537418617243691,1.0989697012884125
2021-12-01,1.6309491702662968,0.02086287543209342,1.769491701035036,0.0,0.8970347894199113,0.9819807419330226,-0.08494595251311127,0.10296521058008867,0.0,0.00013257831732012767,0.0,True,0,long_short,1.4611904127775417,1.1161783953715279
2021-12-02,1.6344828820457633,0.0021666596629064117,1.7693600659109587,0.0,0.8959878541400864,0.9785076439444186,-0.08251978980433212,0.10401214585991359,0.0,0.00013163512407724485,0.0,True,0,long_short,1.4627718151870204,1.1173874592578126
2021-12-03,1.657864111456142,0.014304970499974923,1.769228612158029,0.0,0.8945408601350021,0.9617143395126772,-0.06717347937767497,0.10545913986499789,0.0,0.00013145375292970544,0.0,True,0,long_short,1.4704782293714578,1.1274319322393374
2021-12-06,1.6562635542368642,-0.0009654332995193693,1.8164753004322862,0.0,0.8925901171615092,0.9893209458907815,-0.09673082872927237,0.10740988283849084,0.0006871509610018111,0.0003931376767275983,0.828521704116073,True,0,long_short,1.4567789540312377,1.1369353941128868
2021-12-07,1.6553470595249813,-0.0005533507692893069,1.8163406229342487,0.0,0.8786732519551488,0.9759299344634478,-0.09725668250829901,0.12132674804485122,0.0,0.0001346774980374281,0.0,True,0,long_short,1.436498577856029,1.1523485543547025
2021-12-08,1.6479815334246752,-0.004449535858915055,1.8162078418865242,0.0,0.8850277131726918,0.9871079276956406,-0.10208021452294874,0.1149722868273082,0.0,0.00013278104772464187,0.0,True,0,long_short,1.4475158733224496,1.1384894382139668
2021-12-09,1.6460719221822755,-0.0011587576703189217,1.816074137587647,0.0,0.8920369615593278,0.9953144752052634,-0.10327751364593567,0.10796303844067223,0.0,0.00013370429887722042,0.0,True,0,long_short,1.457411921612319,1.1294486464480433
2021-12-10,1.6456940879348998,-0.0002295369007173642,1.815939477926438,0.0,0.8933747877519577,0.9968237769897877,-0.10344898923783,0.10662521224804233,0.0,0.00013465966120906607,0.0,True,0,long_short,1.4608871440489188,1.1265032310256216
2021-12-13,1.636224491724312,-0.005754165540249767,1.6338569003582433,0.0,0.9986637596901539,0.99721677525859,0.0014469844315639355,0.0013362403098461373,0.0007551195711226694,0.0004044987114669938,0.923912906446509,True,0,long_short,1.4668776332705111,1.1154471611079309
2021-12-14,1.6295479084278346,-0.004080481211622411,1.6337227904532103,0.0,0.9944695521744135,0.9970315400753422,-0.002561987900928811,0.0055304478255865375,0.0,0.00013410990503313238,0.0,True,0,long_short,1.4604723944133495,1.1157676890444754
2021-12-15,1.6273937034386345,-0.0013219648088028668,1.6335892525906814,0.0,0.99666256646435,1.000469604146108,-0.003807037681758055,0.0033374335356499696,0.0,0.00013353786252874163,0.0,True,0,long_short,1.4615743272686363,1.1134525785492404
2021-12-16,1.6573931187409208,0.01843402443975184,1.6334554313906045,0.0,0.9983043658756513,0.9838613908930468,0.014442974982604504,0.0016956341243486994,0.0,0.00013382120007691392,0.0,True,0,long_short,1.4665106611664902,1.1301609750471224
2021-12-17,1.660409909890635,0.0018202025310725123,1.633321405766024,0.0,0.9984743900280884,0.9821600426110727,0.016314347417015596,0.0015256099719116456,0.0,0.00013402562458035675,0.0,True,0,long_short,1.4635267679550337,1.134526505593542
2021-12-20,1.644696687122544,-0.009463460001347679,1.6547053462983246,0.0,0.9957415357201654,1.0018269490697185,-0.006085413349552967,0.004258464279834562,0.0005200235747559796,0.0004021121756342548,0.628341716144496,True,0,long_short,1.4519273320687536,1.1327679084180655
2021-12-21,1.64505465976526,0.00021765268059392717,1.6545699187807188,0.0,1.0122488356777368,1.0180329954677931,-0.0057841597900562414,0.0,0.0,0.00013542751760589462,0.0,True,0,long_short,1.4623387677734112,1.1249477180106877
2021-12-22,1.6210937886421235,-0.014565395125871072,1.6544322705678702,0.0,1.0247453338307215,1.0453107583356613,-0.020565424504939943,0.0,0.0,0.00013764821284841745,0.0,True,0,long_short,1.4691695993938692,1.1034082037301434
2021-12-23,1.619465948740684,-0.001004161457433761,1.6542929927505383,0.0,1.0288050881179247,1.0503103528855697,-0.02150526476764517,0.0,0.0,0.0001392778173319503,0.0,True,0,long_short,1.478207007506833,1.0955610009399837
2021-12-24,1.5920947119561055,-0.016901396911656374,1.654153189310639,0.0,1.036736403922998,1.075715540583961,-0.03897913666096297,0.0,0.0,0.000139803439899287,0.0,True,0,long_short,1.4737891106534409,1.0802730868666894
2021-12-27,1.5913217369399804,-0.0004855081863661681,1.5881579203917848,0.0,0.9955947607735499,0.993606591772428,0.0019881690011218415,0.004405239226450086,0.0007308759595803467,0.00042229504694779585,0.9199837789261142,True,0,long_short,1.4671971666907249,1.084599788676814
2021-12-28,1.595354064735868,0.00253394879381319,1.588027963041035,0.0,0.9911653581078244,0.9865732102851114,0.004592147822713065,0.008834641892175643,0.0,0.00012995735074966967,0.0,True,0,long_short,1.468348910164009,1.0864952149265892
2021-12-29,1.595062970794886,-0.00018246353421869088,1.5878985986371017,0.0,0.9920218295664561,0.9875302375171379,0.004491592049318346,0.007978170433543874,0.0,0.00012936440393324932,0.0,True,0,long_short,1.4636965306735141,1.0897497789797481
2021-12-30,1.5975037224201405,0.0015301913905241271,1.5877691323701644,0.0,0.9931577887271379,0.9870641628323397,0.006093625894798284,0.006842211272862109,0.0,0.000129466266937304,0.0,True,0,long_short,1.4697954511723794,1.0868884654295907
2021-12-31,1.5851672111350075,-0.0077223677866888885,1.5876395291914471,0.0,1.0033692351798813,1.0049288927598974,-0.001559657580015986,0.0,0.0,0.00012960317871716566,0.0,True,0,long_short,1.4786220959901437,1.072057028928353
2022-01-04,1.5844380544430778,-0.0004599872409721817,1.5926426933293973,0.0,1.007902521098889,1.0130807853190091,-0.005178264220120214,0.0,0.0009673123585352747,0.0005237195606548594,1.2139888116700217,True,0,long_short,1.4830877703750842,1.068337347318535
2022-01-05,1.6030323374622892,0.011735569571223792,1.5925107620623986,0.0,0.9960940478048546,0.9895305024826517,0.006563545322202871,0.0039059521951454457,0.0,0.00013193126699872736,0.0,True,0,long_short,1.4727457984574297,1.088465055640507
2022-01-06,1.6034989910667647,0.00029110679402410966,1.5923803853998466,0.0,0.9994980909185334,0.9925641260524118,0.0069339648661214965,0.0005019090814666338,0.0,0.00013037666255219169,0.0,True,0,long_short,1.476212888548234,1.0862247603350144
2022-01-07,1.616246113707153,0.007949566985326229,1.5922495709690498,0.0,0.9959341958898531,0.9810871113186407,0.01484708457121244,0.004065804110146898,0.0,0.00013081443079677595,0.0,True,0,long_short,1.472941652452004,1.0972913360258298
2022-01-10,1.6116828945773118,-0.0028233442240889195,1.612587106044385,0.0,1.0017614410500193,1.0023224766421421,-0.0005610355921227557,0.0,0.0008192772378783343,0.00039098915281896913,1.0155869548645549,True,0,long_short,1.4779545659394318,1.0904820295019546
2022-01-11,1.6111668052975405,-0.00032021763183553986,1.6124543313054436,0.0,1.001305831296039,1.0021049577450631,-0.000799126449024171,0.0,0.0,0.00013277473894146637,0.0,True,0,long_short,1.469313270836256,1.0965441048392282
2022-01-12,1.6092460150090442,-0.0011921734498133718,1.6123216278881825,0.0,1.0037684591928464,1.005679672798754,-0.001911213605907664,0.0,0.0,0.00013270341726106358,0.0,True,0,long_short,1.478827098873738,1.0881907805413034
2022-01-13,1.6158570687102998,0.00410816844633799,1.6121886098603062,0.0,0.9985646755345202,0.9962943888111275,0.0022702867233927388,0.0014353244654797814,0.0,0.00013301802787619134,0.0,True,0,long_short,1.4674109796155976,1.1011619043041296
2022-01-14,1.5962676023432096,-0.01212326680770437,1.6120562918331272,0.0,0.9973779327862117,1.0072689369428713,-0.009891004156659656,0.002622067213788326,0.0,0.00013231802717892066,0.0,True,0,long_short,1.4546208327657633,1.097377107756751
2022-01-17,1.5879819262593058,-0.0051906560477334995,1.5923176359835651,0.0,1.0063243786267515,1.00905470549796,-0.0027303268712084243,0.0,0.0006549901420060743,0.0003964612859725292,0.8223495259917198,True,0,long_short,1.465094616454853,1.0838767055890275
2022-01-18,1.5840453572910418,-0.0024789759273501355,1.5921859351094607,0.0,1.0089495338428895,1.0140886403596,-0.005139106516710298,0.0,0.0,0.00013170087410446576,0.0,True,0,long_short,1.469880163107749,1.0776697291716046
2022-01-19,1.6081604485027639,0.01522373781831754,1.592053905322942,0.0,1.0065361052563382,0.9965205976651539,0.010015507591184388,0.0,0.0,0.00013202978651861993,0.0,True,0,long_short,1.4712335209872127,1.0930694723592702
2022-01-20,1.5970375229174458,-0.006916552136121634,1.7464343572866803,0.0,0.9151750504438563,1.0087212772703358,-0.0935462268264796,0.08482494955614373,7.729473218404128e-05,0.00013171767216028243,0.09509155775988365,True,0,long_short,1.473420105462971,1.0838982833179356
2022-01-21,1.593455775200293,-0.002242744873401481,1.7463019491444913,0.0,0.9099243861963167,1.005845576054872,-0.09592118985855519,0.09007561380368334,0.0,0.0001324081421889813,0.0,True,0,long_short,1.466799698289971,1.0863485839668365
2022-01-24,1.5947712993151755,0.0008255793071616502,1.5923718877217519,0.0,0.995500881746112,0.9939963327274194,0.0015045490186925503,0.004499118253888046,0.0004190898534009094,0.00039520367066078657,0.5262333341929486,True,0,long_short,1.4697849468923936,1.085037170020719
2022-01-25,1.588486592770692,-0.0039408199452688475,1.5922415975719115,0.0,0.983127302995804,0.9854911912516501,-0.0023638882558460602,0.016872697004196024,0.0,0.00013029014984040216,0.0,True,0,long_short,1.4508169280199297,1.0948911348440449
2022-01-26,1.5912772091473213,0.0017567767895112496,1.592112931307972,0.0,0.9872062446149117,0.9877314341644424,-0.0005251895495307622,0.012793755385088312,0.0,0.00012866626393946825,0.0,True,0,long_short,1.4573526232575604,1.0918958004758001
2022-01-27,1.5884939087984944,-0.0017490983549738326,1.5919837460049628,0.0,0.9763250342262139,0.9785219814018615,-0.0021969471756477154,0.02367496577378614,0.0,0.00012918530300911848,0.0,True,0,long_short,1.4443144398609642,1.0998255400336574
2022-01-28,1.5910719759513596,0.0016229631971427239,1.5918559890564354,0.0,0.9810076360354661,0.9815003938219937,-0.0004927577865275495,0.018992363964533854,0.0,0.00012775694852731155,0.0,True,0,long_short,1.4437265390294993,1.102059103949775
2022-02-07,1.6098656569063001,0.011811961519656133,1.5908641886226744,0.0,0.9995696707489057,0.9877665316471367,0.011803139101768997,0.0004303292510943191,0.0012779804735598404,0.0012835378939688193,1.605359745336405,True,0,long_short,1.4581238407171646,1.1040664804674634
2022-02-08,1.6218587592510774,0.007449753520318181,1.5907334896021534,0.0,0.9978327256537185,0.9786416157797017,0.01919110987401681,0.0021672743462815003,0.0,0.00013069902052111033,0.0,True,0,long_short,1.4615041857861506,1.109718860215697
2022-02-09,1.6187271868503725,-0.0019308539555880078,1.5906030332889982,0.0,1.0054596780040235,0.9880854386696634,0.017374239334360178,0.0,0.0,0.00013045631315506328,0.0,True,0,long_short,1.4753481491119818,1.0971831888118688
2022-02-10,1.625159655736203,0.003973781955405542,1.5904715724044087,0.0,1.003464819328805,0.9821204035913368,0.021344415737468078,0.0,0.0,0.0001314608845894981,0.0,True,0,long_short,1.4795640927114528,1.0984043636514125
2022-02-11,1.6338112918203689,0.005323560705946084,1.5903403859010945,0.0,0.9957109719668731,0.9691039175678059,0.02660705439906718,0.004289028033126918,0.0,0.00013118650331441078,0.0,True,0,long_short,1.4699492880470104,1.1114745965087456
2022-02-14,1.639269604276339,0.003340846328640845,1.631621706102026,0.0,0.9694664944483924,0.9648010640918714,0.00466543035652108,0.03053350555160761,0.0010469996271601071,0.00039041085784182833,1.2825622534272725,True,0,long_short,1.4256385077416542,1.1498494151039007
2022-02-15,1.632590433156642,-0.00407447994050103,1.631491714124612,0.0,0.954560119385984,0.9538871281631297,0.0006729912228543,0.04543988061401605,0.0,0.0001299919774141868,0.0,True,0,long_short,1.4039132847967828,1.1628855220876126
2022-02-16,1.6473169940714634,0.00902036457873101,1.631363716289016,0.0,0.9552720528882583,0.945587652229574,0.00968440065868437,0.04472794711174166,0.0,0.0001279978355959224,0.0,True,0,long_short,1.4116332528908795,1.166958195903878
2022-02-17,1.6617623974049474,0.008769048935615587,1.6312356875814351,0.0,0.9530182360622672,0.9346481550740444,0.018370080988222844,0.04698176393773279,0.0,0.00012802870758097924,0.0,True,0,long_short,1.4145409053605036,1.1747715397324887
2022-02-18,1.6617366397173228,-1.550022293483888e-05,1.6311080303354977,0.0,0.9586092644819029,0.940177577625052,0.018431686856850805,0.04139073551809713,0.0,0.00012765724593747578,0.0,True,0,long_short,1.4256676486474213,1.1655848691620856
2022-02-21,1.6666204210241862,0.0029389622820701344,1.6595213344616309,0.0,1.005447902944215,1.0011883328147473,0.004259570129467567,0.0,0.001162964015168431,0.00038523144540334353,1.4005841040769946,True,0,long_short,1.431275578768885,1.1644301389238638
2022-02-22,1.6641563815823746,-0.0014784646886165653,1.6593841891804724,0.0,0.9988340101095274,0.9959663755201841,0.0028676345893433285,0.001165989890472563,0.0,0.000137145281158374,0.0,True,0,long_short,1.423174068117884,1.169327363997845
2022-02-23,1.663857283366468,-0.00017972963311418955,1.6592479609229658,0.0,1.0101421605600498,1.0073718974554067,0.002770263104643219,0.0,0.0,0.00013622825750657933,0.0,True,0,long_short,1.4345237732186944,1.1598673472194954
2022-02-24,1.6553744715567635,-0.00509828090095632,1.6591101973830775,0.0,1.005549382383342,1.0078061079101048,-0.0022567255267631355,0.0,0.0,0.00013776353988820907,0.0,True,0,long_short,1.426380923143233,1.1605416510401099
2022-02-25,1.6612815756793176,0.0035684397845030524,1.6589730771225313,0.0,1.0090641109971714,1.0076745220252705,0.0013895889719009523,0.0,0.0,0.00013712026054630427,0.0,True,0,long_short,1.4314355149028626,1.1605703214594703
2022-02-28,1.6568698386085028,-0.0026556227044236547,1.6642974478903376,0.0,1.0009121929189821,1.0053951095058835,-0.004482916586901386,0.0,0.0012401067690527708,0.0004127747961506411,1.4891369643194599,True,0,long_short,1.4335231558381094,1.155802633435533
2022-03-01,1.6651213278209767,0.004980167433914939,1.6641605320958588,0.0,1.0020632983914044,1.0014862859484883,0.0005770124429162329,0.0,0.0,0.00013691579447874997,0.0,True,0,long_short,1.4378312660232628,1.158078397075305
2022-03-02,1.6663843262885831,0.0007585023664666846,1.6640234693966052,0.0,1.0035491885039978,1.0021324343646716,0.0014167541393263093,0.0,0.0,0.00013706269925367492,0.0,True,0,long_short,1.4337583161706953,1.1622491095564762
2022-03-03,1.6842378723079454,0.01071394259877989,1.6638862142364828,0.0,0.9912422458610046,0.979158645078667,0.012083600782337655,0.008757754138995377,0.0,0.00013725516012252418,0.0,True,0,long_short,1.4258194524356036,1.18124203554027
2022-03-04,1.6814063841844562,-0.0016811687767175343,1.6637506688058221,0.0,0.9816598029170736,0.9711592388983414,0.010500564018732214,0.018340197082926446,0.0,0.0001355454306607582,0.0,True,0,long_short,1.4098027973914147,1.192653601833955
2022-03-07,1.698313306081936,0.01005522642028045,1.6916061892293064,0.0,0.9720961750189068,0.9681468937946415,0.0039492812242653864,0.027903824981093228,0.0016470574889161833,0.00040263616709836975,1.945435500694803,True,0,long_short,1.3808699441375614,1.2298865025573698
2022-03-08,1.6933719028996357,-0.0029095945751612673,1.6914710481264044,0.0,0.9460627816910315,0.9449402552277211,0.00112252646331051,0.05393721830896847,0.0,0.0001351411029019179,0.0,True,0,long_short,1.3545499458182462,1.2501361859172468
2022-03-09,1.6888708469173577,-0.0026580433834827444,1.6913395301583396,0.0,0.9361811572657733,0.9376428932211828,-0.001461735955409368,0.06381884273422667,0.0,0.00013151796806477534,0.0,True,0,long_short,1.3451032096335769,1.255569710057734
2022-03-10,1.6852668835343574,-0.0021339484837331613,1.6912093747270645,0.0,0.9559197009177711,0.9594458434241999,-0.0035261425064288207,0.04408029908222888,0.0,0.00013015543127510964,0.0,True,0,long_short,1.3635256836422607,1.2359626985776015
2022-03-11,1.672531111471139,-0.0075571247424675025,1.6910764770032451,0.0,0.9568867003014417,0.9679749039258241,-0.011088203624382328,0.04311329969855826,0.0,0.00013289772381924612,0.0,True,0,long_short,1.3649237694235998,1.2253659500540752
2022-03-14,1.6568769767570062,-0.009359547697957882,1.6525884288636268,0.0,0.9949576558817523,0.9923693237644375,0.002588332117314785,0.005042344118247666,0.0012568985370828645,0.0003991976240398095,1.519971083460734,True,0,long_short,1.3562885735797705,1.2216256990087784
2022-03-15,1.6458097205006068,-0.006679588413414539,1.652453286352532,0.0,0.97959781979009,0.983634474677451,-0.004036654887361096,0.020402180209910026,0.0,0.00013514251109467528,0.0,True,0,long_short,1.3340537236317158,1.2336907362472576
2022-03-16,1.6421010314265803,-0.002253413033007634,1.652320228118572,0.0,0.9917991533930501,0.9980223981851895,-0.006223244792139274,0.008200846606949863,0.0,0.0001330582339597526,0.0,True,0,long_short,1.357771371296479,1.2094090847258083
2022-03-17,1.652201915641769,0.006151195341746796,1.6521855278219053,0.0,1.0025599320132192,1.0025500132377299,9.918775489207144e-06,0.0,0.0,0.0001347002966668544,0.0,True,0,long_short,1.367586434976135,1.2081151679971152
2022-03-18,1.6697900525083438,0.010645270835279774,1.6520493841189683,0.0,1.0073968618873543,0.9967723714834708,0.010624490403883679,0.0,0.0,0.00013614370293682672,0.0,True,0,long_short,1.3776183612103372,1.2120846378973293
2022-03-21,1.6724765733877742,0.0016088974032362202,1.6742770006570715,0.0,0.999087089550135,1.0001635932799602,-0.0010765037298251865,0.0009129104498649676,0.0004993841567642778,0.00041040014560723997,0.596359205076549,True,0,long_short,1.3786342267392886,1.213140179569946
2022-03-22,1.6748572342870924,0.0014234345264974024,1.6741395143409634,0.0,0.9973806521507701,0.9969521261060207,0.00042852604474942854,0.0026193478492299027,0.0,0.00013748631610817022,0.0,True,0,long_short,1.3766285869574795,1.216636971042956
2022-03-23,1.6700187522939853,-0.0028888921957378466,1.6740022744110474,0.0,0.9978326760283116,1.0002179918288618,-0.0023853158005502193,0.002167323971688395,0.0,0.00013723992991615614,0.0,True,0,long_short,1.37167259989062,1.2175053671168732
2022-03-24,1.6724968518057508,0.0014838752608983263,1.673864982673836,0.0,0.9855823662517065,0.9864003832582008,-0.0008180170064943874,0.014417633748293524,0.0,0.00013729173721118063,0.0,True,0,long_short,1.3580465156625592,1.231546071888251
2022-03-25,1.662843337547563,-0.005771917745474475,1.6737293866572098,0.0,0.9783428113408505,0.984889458799355,-0.006546647458504454,0.02165718865914945,0.0,0.00013559601662624604,0.0,True,0,long_short,1.3465988835644616,1.2348468113578106
2022-03-28,1.6625328439376255,-0.00018672451151979796,1.660435172417915,0.0,0.9938686791826251,0.9926069468040081,0.0012617323786170865,0.006131320817374886,0.0010069616375269301,0.0004038205992621368,1.2121537270383527,True,0,long_short,1.34078967788456,1.2399654258680586
2022-03-29,1.6611280178281485,-0.0008449914927091129,1.6602995361178998,0.0,0.9928715326150909,0.9923727861600572,0.000498746455033648,0.007128467384909132,0.0,0.00013563630001498444,0.0,True,0,long_short,1.3392140358866866,1.2403753047049901
2022-03-30,1.6673198400285427,0.0037274804433735653,1.6601640463996077,0.0,1.0012259903033336,0.9969341960973627,0.004291794205971006,0.0,0.0,0.00013548971829210844,0.0,True,0,long_short,1.356047313987838,1.2295440010314393
2022-03-31,1.6530745736102477,-0.008543811496929954,1.6600274265504826,0.0,1.0029450502231807,1.0071510630983593,-0.004206012875178587,0.0,0.0,0.00013661984912515389,0.0,True,0,long_short,1.3550412750433896,1.219944074070596
2022-04-01,1.6642965266630552,0.006788534063710827,1.6598905857986312,0.0,1.0057079749722024,1.0030606457289828,0.0026473292432196444,0.0,0.0,0.00013684075185143243,0.0,True,0,long_short,1.3690983735986104,1.215615005288868
2022-04-06,1.6633012321109533,-0.0005980271761412137,1.6615705295587784,0.0,1.0019215229444227,1.0008810003266535,0.0010405226177692551,0.0,0.0007501921692236437,0.0006860508282407455,0.9025841516838103,True,0,long_short,1.3723065840149256,1.2120478408291764
2022-04-07,1.6532544153142652,-0.006040286992355037,1.661433699427186,0.0,0.9970166013053176,1.001963985106114,-0.004947383800796439,0.0029833986946824487,0.0,0.00013683013159230956,0.0,True,0,long_short,1.3616261032035344,1.2141764992787734
2022-04-08,1.6579708383387999,0.00285281138876492,1.6612975486286357,0.0,0.9942177390941066,0.9962242341499359,-0.002006495055829281,0.005782260905893399,0.0,0.00013615079855034735,0.0,True,0,long_short,1.3622201032943455,1.2171093601755114
2022-04-11,1.6584546335774386,0.0002917996067550721,1.6620570605459535,0.0,0.9824120990950991,0.9845842579805937,-0.002172158885494597,0.01758790090490092,0.0010519763435583834,0.00040727113857542415,1.2680977488171077,True,0,long_short,1.3489379495238851,1.2294521287378704
2022-04-12,1.66537452616155,0.00417249434745437,1.6619228505466552,0.0,0.9856169825513684,0.9835443703187011,0.0020726122326672376,0.014383017448631574,0.0,0.00013420999929824546,0.0,True,0,long_short,1.352756763570344,1.231096802477713
2022-04-13,1.6522278131153112,-0.00789414803680244,1.6617882228968188,0.0,0.9823911340787818,0.9881775091207812,-0.005786375041999399,0.017608865921218242,0.0,0.0001346276498365781,0.0,True,0,long_short,1.347725213457135,1.2259381931996935
2022-04-14,1.649816875450867,-0.001459204139590331,1.7573175841730455,0.0,0.9296644985376259,0.9948236748812432,-0.06515917634361736,0.0703355014623741,4.785570551956632e-05,0.00013419405738611205,0.05805757112408931,True,0,long_short,1.353192860613626,1.219203059276216
2022-04-15,1.647635398844937,-0.0013222537836714565,1.7571826847028882,0.0,0.929220865641366,0.9957084428897962,-0.06648757724843031,0.07077913435863403,0.0,0.00013489947015757166,0.0,True,0,long_short,1.3518903298953842,1.2187640982478505
2022-04-18,1.656381679617891,0.005308383626065227,1.6413574336081813,0.0,0.999200897188145,0.9901303754632395,0.009070521724905503,0.0007991028118550236,0.0010887383461402253,0.0004045227478604385,1.3257522404460316,True,0,long_short,1.3539711938758017,1.2233507530366476
2022-04-19,1.651008892252574,-0.0032436892000377027,1.6412226363083717,0.0,1.0067531911041303,1.0008257512277465,0.005927439876383681,0.0,0.0,0.0001347972998096296,0.0,True,0,long_short,1.3566457190992884,1.2169786621585486
2022-04-20,1.660048937156444,0.005475467119705257,1.7424129565736475,0.0,0.9356979165499948,0.9853133330438529,-0.04961541649385814,0.06430208345000521,5.0688410045120843e-05,0.00013581141492101687,0.06133326125436197,True,0,long_short,1.347800437655743,1.2316726503248516
2022-04-21,1.6445813561421005,-0.009317545204925226,1.7422785180790212,0.0,0.9289655275066304,0.9883710178899708,-0.059405490383340476,0.07103447249336958,0.0,0.00013443849462620725,0.0,True,0,long_short,1.334935405455042,1.2319557556281227
2022-04-22,1.6427734767127289,-0.0010992946153863814,1.639085629478925,0.0,0.9264234161935028,0.9241785252903558,0.0022448909031469403,0.07357658380649723,5.1503892769458964e-05,0.00013359916840874274,0.06261739228023862,True,0,long_short,1.335595819703183,1.229992975777516
2022-04-25,1.6278663208603474,-0.009074383086712157,1.6463064635081162,0.0,0.9716628586037529,0.9829906577058455,-0.011327799102092584,0.0283371413962471,0.0009619825360194985,0.0003743546225164471,1.1679730020078627,True,0,long_short,1.308839385492844,1.2437479639622655
2022-04-26,1.6200972345971394,-0.00477255789597153,1.6461749420791791,0.0,0.9679394184155963,0.9840358025863432,-0.016096384170746863,0.032060581584403725,0.0,0.0001315214289369623,0.0,True,0,long_short,1.3025388505877993,1.2437995487551368
2022-04-27,1.6401099275681832,0.012352772749482765,1.646043909173767,0.0,0.9771039174554906,0.980721956408759,-0.0036180389532683393,0.022896082544509366,0.0,0.00013103290541216804,0.0,True,0,long_short,1.3188960476121738,1.2435475339679412
2022-04-28,1.6420130087321299,0.0011603375675972583,1.5379792477655483,0.0,0.9764032828369074,0.9130458304821842,0.06335745235472315,0.02359671716309264,5.393925867133982e-05,0.00013220480686767917,0.06584410794424664,True,0,long_short,1.3203124311715526,1.2436548880139853
2022-04-29,1.6460499883019524,0.00245855516878013,1.537856023124626,0.0,0.9957508436523316,0.9300213907522177,0.06572945290011391,0.004249156347668426,0.0,0.0001232246409222228,0.0,True,0,long_short,1.336081388516721,1.2319982917577719
2022-05-05,1.6550326398909476,0.005457095260066547,1.6469583298640864,0.0,1.0013034897370228,0.9964248487771726,0.004878640959850228,0.0,0.0011441699830096943,0.0007549454955788645,1.3884694466707561,True,0,long_short,1.3414602575649452,1.2337545078638463
2022-05-06,1.6518468424154757,-0.0019249151942295484,1.411804539932749,0.0,0.8531744320654306,0.7078569024258694,0.14531752963956124,0.14682556793456936,0.0003518020599912289,0.00013554375188421555,0.4267049057644933,True,0,long_short,1.3322147969387141,1.2399253079993118
2022-05-09,1.636455235092555,-0.009317817443906473,1.6513514467652235,0.0,1.0107333656277089,1.0198360965507618,-0.009102730923052905,0.0,0.0011786519745903606,0.0002883134439010287,1.4264817028012704,True,0,long_short,1.331942702202307,1.2286228472041254
2022-05-10,1.6470753603404011,0.0064897132656644985,1.6512142755773493,0.0,1.0101740835170911,1.0126869711096131,-0.0025128875925221183,0.0,0.0,0.00013717118787426167,0.0,True,0,long_short,1.3382899980956757,1.2307312784853153
2022-05-11,1.6682221144081169,0.012838971778040165,1.6510771820082109,0.0,1.0117015448637912,1.0014241769690555,0.01027736789473564,0.0,0.0,0.00013709356913855304,0.0,True,0,long_short,1.3473321500770201,1.2381669318235693
2022-05-12,1.677500041419534,0.005561565771899035,1.6509398725870117,0.0,1.00869848190667,0.9928652967044528,0.015833185202217107,0.0,0.0,0.00013730942119912816,0.0,True,0,long_short,1.346948574433667,1.2454076371288707
2022-05-13,1.6722819162300906,-0.0031106557738309615,1.6508029795807366,0.0,1.0164485453967094,1.0036044570639389,0.012844088332770464,0.0,0.0,0.00013689300627499213,0.0,True,0,long_short,1.3532636797915951,1.2357398940076665
2022-05-16,1.6768567751143624,0.0027356983531729995,1.6687782001744045,0.0,0.9890693671608973,0.9842516778627718,0.00481768929812557,0.010930632839102672,0.0009683627767853459,0.0004138297605853011,1.1598919240460246,True,0,long_short,1.3541406177465405,1.2383180543722718
2022-05-17,1.6718676229943101,-0.0029753000936599827,1.6686425468241763,0.0,0.9952354172009354,0.9933063911669496,0.001929026033985747,0.004764582799064554,0.0,0.0001356533502280987,0.0,True,0,long_short,1.3599027235903764,1.2294023638545946
2022-05-18,1.6739888659336128,0.0012687864219198541,1.668506052841017,0.0,0.9908299936583532,0.9875546952354225,0.0032752984229306907,0.009170006341646775,0.0,0.0001364939831593434,0.0,True,0,long_short,1.3594229151884436,1.2313966810700436
2022-05-19,1.6882942393248073,0.008545680131041955,1.6683701770412096,0.0,0.9885449122944641,0.9767436149734676,0.01180129732099649,0.011455087705535938,0.0,0.00013587579980749802,0.0,True,0,long_short,1.360286638081471,1.2411312381234247
2022-05-20,1.6922543522122648,0.0023456295681263395,1.6682346402780486,0.0,0.9933183061871681,0.979124392664171,0.014193913522997073,0.0066816938128319014,0.0,0.0001355367631608487,0.0,True,0,long_short,1.3665983549619847,1.2382967871048982
2022-05-23,1.7072740295840234,0.008875543651061246,1.6933982475536211,0.0,0.9973789510093585,0.9892515023456059,0.008127448663752618,0.002621048990641528,0.0007807548293909574,0.00040855746941337545,0.9216910707696848,True,0,long_short,1.3696242652933845,1.2465272942709669
2022-05-24,1.6969364862820155,-0.006054999445242348,1.8461919527143273,0.0,0.8904590085893791,0.9784148440840418,-0.08795583549466264,0.1095409914106209,7.650451264758151e-05,0.00013881562180944918,0.08967525106103146,True,0,long_short,1.3528784099095346,1.2543155939605006
2022-05-25,1.7091828723728346,0.0072167616111851185,1.8460554890556164,0.0,0.8942729866353509,0.9743537193030984,-0.08008073266774754,0.10572701336464907,0.0,0.0001364636587106416,0.0,True,0,long_short,1.3592761941163833,1.257421324504188
2022-05-26,1.709214569742592,1.8545335475517177e-05,1.8459186110812058,0.0,0.8945077496717582,0.9744883698692571,-0.07998062019749888,0.10549225032824183,0.0,0.00013687797441087323,0.0,True,0,long_short,1.3629025426456824,1.2540988928119867
2022-05-27,1.708860189291807,-0.00020733526208971398,1.845781711652179,0.0,0.8976135090295378,0.9777379821832576,-0.08012447315371979,0.10238649097046215,0.0,0.00013689942902673222,0.0,True,0,long_short,1.3632800190296892,1.2534917004857766
2022-05-30,1.7066770050266014,-0.001277567514818445,1.7087273146335857,0.0,1.0010624577349103,1.0022638037429399,-0.0012013460080295235,0.0,0.0008726845262942704,0.0004119824005425544,1.020922469259615,True,0,long_short,1.3628293515335232,1.2523042617963605
2022-05-31,1.7195855523809211,0.007563556148176165,1.708586722256587,0.0,1.0051040417130321,0.9987078318186737,0.006396209894358301,0.0,0.0,0.00014059237699878653,0.0,True,0,long_short,1.366221556273461,1.258643259202632
2022-06-01,1.7077469850353277,-0.0068845468777065655,1.7084455690873832,0.0,1.007449165550601,1.0078582332041688,-0.0004090676535676373,0.0,0.0,0.00014115316920370406,0.0,True,0,long_short,1.3648620991346507,1.2512230987424098
2022-06-02,1.7003660437045816,-0.00432203446729762,1.7083041033181423,0.0,1.0094410850537163,1.0141095266771836,-0.004668441623467382,0.0,0.0,0.0001414657692408864,0.0,True,0,long_short,1.3673119683055377,1.243583090852182
2022-06-06,1.7166490451292267,0.009576174191981313,1.6991062345769987,0.0,1.0018861579479243,0.9916669401048808,0.010219217843043535,0.0,0.0012420090121132395,0.0005669120231537123,1.4608878114186703,True,0,long_short,1.3768064820217556,1.2468339360288552
2022-06-07,1.7300686942927521,0.007817351602298572,1.6989663158833699,0.0,1.0031877225574688,0.9852101829880953,0.017977539569373573,0.0,0.0,0.00013991869362881636,0.0,True,0,long_short,1.378680648879871,1.2548726898418219
2022-06-08,1.7367224439460835,0.0038459453519281706,1.6988262215303656,0.0,0.9998428629004156,0.9780223224059813,0.0218205404944342,0.00015713709958442568,0.0,0.00014009435300434006,0.0,True,0,long_short,1.3808397866885698,1.2577291447481869
2022-06-09,1.7323506970934688,-0.0025172397972133,1.879858909442834,0.0,0.8909201188677532,0.9760692821387086,-0.0851491632709553,0.10907988113224676,9.063146324887242e-05,0.0001396071220276225,0.10443726596996258,True,0,long_short,1.3789554543982099,1.256277490014704
2022-06-10,1.740165485447032,0.004511089103768073,1.8797199318290265,0.0,0.8978912126152889,0.9780872902579532,-0.08019607764266413,0.10210878738471107,0.0,0.00013897761380749426,0.0,True,0,long_short,1.3873842919674788,1.2542779210648745
2022-06-13,1.7541935257567973,0.008061325446965473,1.7408391996391874,0.0,0.8984680125899019,0.8908552116523041,0.007612800937597966,0.10153198741009806,0.001138875788306379,0.0004196795533794994,1.307566156395959,True,0,long_short,1.3861891759832854,1.2654791684637634
2022-06-14,1.7516366927167017,-0.0014575547124953125,1.7407107558766122,0.0,0.8951524903535438,0.8889149315689401,0.006237558784603721,0.10484750964645617,0.0,0.00012844376257538408,0.0,True,0,long_short,1.3854084707869196,1.2643467465748657
2022-06-15,1.7440521101405846,-0.004329997543242703,1.740582778670242,0.0,0.9033346836819044,0.901345447551762,0.00198923613014231,0.0966653163180956,0.0,0.00012797720637040366,0.0,True,0,long_short,1.3938983009496546,1.251204703350576
2022-06-16,1.7161648827218285,-0.01598990492119423,1.740453573730809,0.0,0.9143900060800669,0.9285428950323562,-0.014152888952289293,0.08560999391993307,0.0,0.0001292049394330077,0.0,True,0,long_short,1.3955986389163921,1.229698019807714
2022-06-17,1.7119996542956128,-0.0024270560877633907,1.7403225984396948,0.0,0.9222883303173414,0.9388321094431235,-0.016543779125782154,0.07771166968265864,0.0,0.00013097529111414172,0.0,True,0,long_short,1.4007613231055531,1.222192265060567
2022-06-20,1.7143013704999235,0.0013444606712014195,1.7150921541514808,0.0,0.9014910016129898,0.9019522878635667,-0.00046128625057694015,0.09850899838701022,0.0010707307358780891,0.0003963156772951845,1.2478194760031383,True,0,long_short,1.3961946720936522,1.227838355756835
2022-06-21,1.70307116432097,-0.006550893776441802,1.8843199219167188,0.0,0.8010995054628716,0.9075241584033223,-0.10642465294045078,0.19890049453712844,8.471978698336597e-05,0.0001270864145104154,0.0990142103503932,True,0,long_short,1.392065134668258,1.2234134178835157
2022-06-22,1.6897911912706594,-0.0077976618526127695,1.884192888089998,0.0,0.80625033471358,0.9212951389613496,-0.11504480424776964,0.19374966528642001,0.0,0.00012703382672065927,0.0,True,0,long_short,1.3900018907703975,1.2156754623794837
2022-06-23,1.7084659674638254,0.011051528904659103,1.884064932220652,0.0,0.8033748874636142,0.9061565454544366,-0.1027816579908224,0.19662511253638582,0.0,0.00012795586934608494,0.0,True,0,long_short,1.3968632186875884,1.22307320044478
2022-06-24,1.708793692103918,0.00019182392060113074,1.8839376880327805,0.0,0.8063367522963242,0.9088324466204412,-0.10249569432411708,0.19366324770367582,0.0,0.00012724418787151987,0.0,True,0,long_short,1.4042318016737723,1.2168886148762075
2022-06-27,1.6969180885199433,-0.0069497000362594985,1.7045277881556478,0.0,0.9126470575576228,0.917131481223789,-0.0044844236661661626,0.08735294244237723,0.0009627636185644807,0.0003829332703473815,1.1290166545489484,True,0,long_short,1.414551070792748,1.1996159937646862
2022-06-28,1.7031075463927574,0.0036474700309268027,1.7043998733337264,0.0,0.9121559628004422,0.9129147680465971,-0.0007588052461549243,0.0878440371995578,0.0,0.00012791482192107422,0.0,True,0,long_short,1.422566852965155,1.1972073880695673
2022-06-29,1.697524735487296,-0.0032780143081897473,1.7042720822079176,0.0,0.9027706741271669,0.9067454890913123,-0.003974814964145295,0.09722932587283306,0.0,0.0001277911258087852,0.0,True,0,long_short,1.4112811900874838,1.2028253103706912
2022-06-30,1.6975076334910622,-1.0074666881965122e-05,1.7041455707369706,0.0,0.9091577071891533,0.9130681091896776,-0.003910402000524264,0.09084229281084666,0.0,0.00012651147094718042,0.0,True,0,long_short,1.418474249943582,1.196713746166755
2022-07-01,1.6938681811782923,-0.002143997612125581,1.7040181784011967,0.0,0.9113114590450347,0.9173036592266594,-0.005992200181624534,0.08868854095496526,0.0,0.0001273923357737037,0.0,True,0,long_short,1.4185542180105708,1.1940806771233823
2022-07-04,1.685203266901437,-0.005115459616714557,1.6911652184366384,0.0,0.9051760390949662,0.9087138624853539,-0.0035378233903876773,0.09482396090503376,0.0008743895252007354,0.0003831266665090981,1.0335331644558712,True,0,long_short,1.4260864644558884,1.1816978205065656
2022-07-05,1.6897077909442746,0.0026729855865517127,1.6910393526089886,0.0,0.8967208433035107,0.8975088858703086,-0.0007880425667979649,0.10327915669648935,0.0,0.00012586582764977601,0.0,True,0,long_short,1.4250736485566102,1.1856985726005809
2022-07-06,1.6838947060011713,-0.0034402900751582255,1.6909147064919832,0.0,0.8888076186963654,0.8929765257341946,-0.004168907037829223,0.11119238130363462,0.0,0.00012464611700521448,0.0,True,0,long_short,1.414736081659595,1.1902535941727252
2022-07-07,1.6817213982349022,-0.0012906435055136667,1.6907911164828655,0.0,0.8906786875734373,0.8960718033757828,-0.005393115802345576,0.10932131242656273,0.0,0.0001235900091178462,0.0,True,0,long_short,1.4217451471920703,1.182857139731605
2022-07-08,1.6802731663866708,-0.0008611603858709183,1.6906672581437348,0.0,0.8943790067429593,0.9005649602920572,-0.006185953549097857,0.10562099325704066,0.0,0.00012385833913084864,0.0,True,0,long_short,1.4210810056187733,1.1823908417205526
2022-07-11,1.6762692907892425,-0.002382871831512201,1.6799410729382382,0.0,0.8917701813539711,0.8939606302091592,-0.002190448855188023,0.10822981864602887,0.0008472509214001879,0.0003731166092137368,1.0081589803701436,True,0,long_short,1.411153105641205,1.1878720204690851
2022-07-12,1.6814668107970394,0.003100647393802669,1.6798179070134498,0.0,0.880620322339471,0.8796396881854089,0.0009806341540620504,0.11937967766052904,0.0,0.0001231659247885653,0.0,True,0,long_short,1.4046207988809891,1.1970966200533293
2022-07-13,1.6839027820147032,0.00144871798956836,1.6796963383881502,0.0,0.8837847748225834,0.8812867424709058,0.002498032351677706,0.11621522517741656,0.0,0.00012156862529947574,0.0,True,0,long_short,1.4069930719190777,1.1968095761252986
2022-07-14,1.679603662620751,-0.0025530686449775075,1.6795743656869944,0.0,0.8870940984354434,0.8870766556693858,1.7442766057655783e-05,0.1129059015645566,0.0,0.0001219727011561178,0.0,True,0,long_short,1.412714854881678,1.1889190920707253
2022-07-15,1.6585108013818937,-0.01255823722481364,1.6794519050952226,0.0,0.8935816061073537,0.9062080561105014,-0.012626450003147585,0.10641839389264629,0.0,0.00012246059177158908,0.0,True,0,long_short,1.4100525281768839,1.1762049769353287
2022-07-18,1.673303066727224,0.00891900452683525,1.6547779552584885,0.0,0.9989550850697118,0.9878841010757791,0.011070983993932712,0.0010449149302882432,0.0008507771133078287,0.00037059185326649314,1.0277390053373079,True,0,long_short,1.4191600777723337,1.1790798606411057
2022-07-19,1.671205785981834,-0.0012533776977365907,1.6546420898204692,0.0,1.0055137873504487,0.9956025625926709,0.009911224757777946,0.0,0.0,0.00013586543801927408,0.0,True,0,long_short,1.4204534596015557,1.1765297727182245
2022-07-20,1.665658895355152,-0.003319094915305687,1.654505334470074,0.0,1.01722108576821,1.010524900302998,0.006696185465212017,0.0,0.0,0.00013675535039533253,0.0,True,0,long_short,1.4251603935784287,1.1687518842513276
2022-07-21,1.6645391399721765,-0.0006722597202214464,1.6543669901038411,0.0,1.0144616369060886,1.0083505460797682,0.006111090826320476,0.0,0.0,0.0001383443662329507,0.0,True,0,long_short,1.4214862675175812,1.1709850302522105
2022-07-22,1.671987216427898,0.0044745577180276275,1.654229036217477,0.0,1.0061286879546114,0.9955076855713754,0.010621002383236157,0.0,0.0,0.00013795388636400754,0.0,True,0,long_short,1.4179212504294896,1.1791820003554159
2022-07-25,1.6747708580016973,0.0016648701296571033,1.6664033420211324,0.0,0.8951513722159686,0.8901551567990434,0.004996215416925257,0.10484862778403137,0.0008486990244225718,0.0004104187703336868,1.0180812540980206,True,0,long_short,1.4128263357886242,1.185404614550067
2022-07-26,1.6750635905389957,0.00017478960533590104,1.6662808100280606,0.0,0.8990263527760781,0.8937831007822188,0.005243251993859337,0.10097364722392188,0.0,0.0001225319930718057,0.0,True,0,long_short,1.4217417587146557,1.1781771058432995
2022-07-27,1.6704586468343672,-0.0027491157533586774,1.6661577571351873,0.0,0.9069777321844519,0.9044030562370226,0.0025746759474294025,0.09302226781554812,0.0,0.00012305289287337041,0.0,True,0,long_short,1.4282093455562492,1.1696175018262245
2022-07-28,1.6729698214037798,0.0015032844866715855,1.6660335844306244,0.0,0.9100206075956541,0.9058745453747977,0.00414606222085638,0.08997939240434594,0.0,0.00012417270456284077,0.0,True,0,long_short,1.4317889330972242,1.1684472359936717
2022-07-29,1.6768719209538385,0.0023324386968226474,1.665909022722976,0.0,0.9075356645319922,0.9009979569743235,0.006537707557668698,0.09246433546800781,0.0,0.00012456170764848538,0.0,True,0,long_short,1.4330707941032361,1.1701249706949504
2022-08-01,1.682373692672048,0.003280973131853715,1.6742814368647942,0.0,0.8013245013168089,0.7965144785243098,0.004810022792499162,0.19867549868319112,0.0008550031945603787,0.00037254037188994953,1.0208161844178898,True,0,long_short,1.4382060316253376,1.169772380088528
2022-08-02,1.6797864955985293,-0.0015378254455522544,1.6741712970014104,0.0,0.7952317030186998,0.7918888980778148,0.0033428049408850365,0.20476829698130017,0.0,0.00011013986338370085,0.0,True,0,long_short,1.4287681054819465,1.1756886853461153
2022-08-03,1.6716499390273196,-0.0048438040146944195,1.6740619651430266,0.0,0.7933430058621386,0.7947859073090232,-0.0014429014468846293,0.20665699413786143,0.0,0.0001093318583840148,0.0,True,0,long_short,1.4220087707349405,1.1755552943343355
2022-08-04,1.6646582264605578,-0.004182521952431073,1.6739527648295889,0.0,0.7963517363248831,0.8019351877633164,-0.005583451438433238,0.2036482636751169,0.0,0.00010920031343777274,0.0,True,0,long_short,1.4246548327481432,1.1684642400359186
2022-08-05,1.6640008465885774,-0.0003949038075991007,1.6738430430755562,0.0,0.799070575482163,0.8049853540155734,-0.005914778533410365,0.20092942451783702,0.0,0.00010972175403274494,0.0,True,0,long_short,1.4282564453923146,1.1650574740669266
2022-08-08,1.6659285110846709,0.001158451631827928,1.658413251244264,0.0,0.7978958536971753,0.7933846998328876,0.004511153864287726,0.2021041463028247,0.0010098589751344385,0.0003302867615112295,1.2171205389575677,True,0,long_short,1.4361976810615966,1.1599576667282068
2022-08-09,1.6670746132543324,0.0006879659973615393,1.6583046165435755,0.0,0.7972206453971215,0.7919599350239747,0.0052607103731468225,0.20277935460287855,0.0,0.00010863470068848994,0.0,True,0,long_short,1.4379786647908057,1.159318044191466
2022-08-10,1.6731539900020356,0.00364673344514288,1.6581961023269403,0.0,0.7934264285999947,0.7844864937437434,0.008939934856251427,0.20657357140000532,0.0,0.00010851421663504264,0.0,True,0,long_short,1.4362488470705597,1.1649471422829538
2022-08-11,1.6693997382184425,-0.0022438172493546293,1.6580882201318354,0.0,0.8011858246691608,0.7944100250642807,0.006775799604880022,0.19881417533083923,0.0,0.0001078821951049357,0.0,True,0,long_short,1.4442090582133642,1.15592664976334
2022-08-12,1.6780471074116934,0.005179927248867955,1.657979218387626,0.0,0.8019427057801554,0.7899836320834575,0.011959073696697917,0.19805729421984464,0.0,0.0001090017442093493,0.0,True,0,long_short,1.4449016629969458,1.1613573092103504
2022-08-15,1.6780228249821714,-1.44706482998469e-05,1.677876821037568,0.0,0.8025691926573273,0.802482183146831,8.700951049626626e-05,0.1974308073426727,0.0006764340610134413,0.00032686760927348117,0.8059727136553846,True,0,long_short,1.4518026360998897,1.155820208103491
2022-08-16,1.678410337798865,0.00023093417498531998,1.6777661429482562,0.0,0.8028485648993221,0.8024647524095505,0.00038381248977157896,0.1971514351006779,0.0,0.00011067808931193744,0.0,True,0,long_short,1.456252045793239,1.1525548359896816
2022-08-17,1.6803080864609103,0.0011306821814109913,1.6776554417041878,0.0,0.8023176631392328,0.8007389974301904,0.0015786657090424033,0.1976823368607672,0.0,0.00011070124406822435,0.0,True,0,long_short,1.4593548745619547,1.1514047170776593
2022-08-18,1.679597659814335,-0.0004227954696520708,1.6775448536319253,0.0,0.7962563062206666,0.7950341050759968,0.0012222011446697042,0.20374369377933343,0.0,0.00011058807226245624,0.0,True,0,long_short,1.4495052484126678,1.1587385845298857
2022-08-19,1.684005268711533,0.0026242051907152675,1.6774350998711836,0.0,0.787947675321086,0.7840461620880683,0.0039015132330176084,0.212052324678914,0.0,0.0001097537607417722,0.0,True,0,long_short,1.4406565784917076,1.1689151279027226
2022-08-22,1.6929592105800666,0.005317050982497573,1.681628410779841,0.0,0.80347110838132,0.7967782124571806,0.006692895924139371,0.19652889161868003,0.0010088674766046133,0.000325562761940391,1.1991502739675477,True,0,long_short,1.4462252022751594,1.1706055238954158
2022-08-23,1.699216976185391,0.0036963475352607134,1.681517541217082,0.0,0.8045684628042904,0.7941522327310463,0.010416230073244005,0.1954315371957096,0.0,0.00011086956275908808,0.0,True,0,long_short,1.4469886262367095,1.174312600234233
2022-08-24,1.6928973963882328,-0.003719112912434097,1.6814066285906,0.0,0.7947554670083418,0.7879678330843082,0.006787633924033551,0.20524453299165824,0.0,0.00011091262648209249,0.0,True,0,long_short,1.426473089728915,1.186771351368394
2022-08-25,1.6959434699211782,0.0017993255465122981,1.6812969889719918,0.0,0.7928419274494583,0.7842057428071322,0.008636184642326083,0.20715807255054175,0.0,0.00010963961860817284,0.0,True,0,long_short,1.4214178202738026,1.1931350836691317
2022-08-26,1.7009368338246484,0.0029442985524172904,1.6811876764836147,0.0,0.7899042729325338,0.7782935199943269,0.011610752938206924,0.21009572706746615,0.0,0.00010931248837713227,0.0,True,0,long_short,1.4202206712031604,1.1976567221653487
2022-08-29,1.6933453055772083,-0.004463145307030736,1.6968127429642077,0.0,0.8995169295921643,0.9015646143588678,-0.0020476847667035233,0.10048307040783566,0.0013577982128098662,0.0003264233709909184,1.5991305700884,True,0,long_short,1.4153446522032898,1.1964190509648307
2022-08-30,1.691764365662287,-0.0009336193331119791,1.6957295480851327,0.0,0.8024910410011372,0.8048348558392594,-0.0023438148381221794,0.19750895899886278,0.000169983828469971,0.00012547892115609164,0.20047795965255918,True,0,long_short,1.4121252598115057,1.1980271253614627
2022-08-31,1.6880217693422304,-0.00221224444492385,1.6956176365018982,0.0,0.7933256339471506,0.7978254972176508,-0.004499863270500217,0.2066743660528494,0.0,0.00011191158323439476,0.0,True,0,long_short,1.396809680744435,1.208483727319668
2022-09-01,1.6918298022189078,0.0022559145538514347,1.5232818389271063,0.0,0.7927231260035204,0.6930984692734264,0.099624656730094,0.20727687399647965,8.606951826905165e-05,0.00011069151841970003,0.10197657213336588,True,0,long_short,1.395298758665184,1.212521541864913
2022-09-02,1.690956577128979,-0.000516142397292918,1.523185460463036,0.0,0.7964082459993406,0.6971915547281807,0.09921669127115983,0.20359175400065943,0.0,9.637846407033605e-05,0.0,True,0,long_short,1.4017219564526435,1.206342362937872
2022-09-05,1.6996573540474746,0.005145476256562809,1.6868317676698903,0.0,1.0017221490920925,0.994176165575449,0.007545983516643496,0.0,0.0019132112986792397,0.0002906927617774674,2.265838030615809,True,0,long_short,1.4079842015629014,1.2071565520130183
2022-09-06,1.7196643735693196,0.011771207575574705,1.6866928833824077,0.0,1.0086164280487862,0.9894432157094061,0.01917321233938005,0.0,0.0,0.00013888428748266013,0.0,True,0,long_short,1.4210372942601226,1.2101472498402515
2022-09-07,1.7181071072761485,-0.0009055640839606971,1.6865530332250604,0.0,1.0128936932257313,0.9945280896394023,0.018365603586329007,0.0,0.0,0.0001398501573472873,0.0,True,0,long_short,1.4248899930807293,1.2057822818738868
2022-09-08,1.7173254885461342,-0.0004549301534835237,1.6864125916541677,0.0,1.0052815060459241,0.9872809015605526,0.01800060448537157,0.0,0.0,0.00014044157089275843,0.0,True,0,long_short,1.4176471226066338,1.2113913689525786
2022-09-09,1.7200228488424176,0.0015706750492401333,1.6862732369152686,0.0,1.0033566695261802,0.9837350627842336,0.019621606741946643,0.0,0.0,0.00013935473889902005,0.0,True,0,long_short,1.4182841563606128,1.2127491103447712
2022-09-13,1.716986465308471,-0.0017653158130952473,1.7163866526176157,0.0,0.9963549368496262,0.9960055964774251,0.0003493403722010369,0.0036450631503738284,0.0013383207778292132,0.0005562893540371436,1.5582480298737702,True,0,long_short,1.418701955625855,1.2102517082603363
2022-09-14,1.7157037376553907,-0.0007470808180480848,1.7162460941412987,0.0,0.9925299168343851,0.9928460299686078,-0.0003161131342227426,0.007470083165614927,0.0,0.00014055847631697777,0.0,True,0,long_short,1.4128422616324736,1.2143632620905427
2022-09-15,1.716199047142542,0.00028869173405654536,1.7161060862253097,0.0,0.9861394590789166,0.9860852923332892,5.4166745627401045e-05,0.013860540921083353,0.0,0.0001400079159890512,0.0,True,0,long_short,1.4016674019662656,1.2243982022661366
2022-09-16,1.7066886721443966,-0.005541533783030683,1.7159669915426436,0.0,0.9758551586926305,0.9812916038684159,-0.005436445175785367,0.02414484130736949,0.0,0.00013909468266605471,0.0,True,0,long_short,1.3898209460764483,1.2279917617895209
2022-09-19,1.7065315876934877,-9.204048369959583e-05,1.7066266657414657,0.0,0.9926848919007282,0.9927406061041241,-5.571420339586658e-05,0.007315108099271828,0.0009388770274566674,0.00041295433916530645,1.0996673380211466,True,0,long_short,1.3866371326975195,1.2306980301138017
2022-09-20,1.7175869120115224,0.00647824183141954,1.7064874210946683,0.0,0.9935480632566676,0.9870858045847876,0.006462258671879972,0.006451936743332443,0.0,0.0001392446467974794,0.0,True,0,long_short,1.3915084078290094,1.2343345554708154
2022-09-21,1.7233669042333737,0.0033651818032789382,1.7063480726843407,0.0,0.9979469180477415,0.9880715795419207,0.00987533850582082,0.0020530819522585064,0.0,0.0001393484103277146,0.0,True,0,long_short,1.3950192092784643,1.235371450637399
2022-09-22,1.7319345035700688,0.004971430816995026,1.706208115709612,0.0,0.9951817843317096,0.9803276499476284,0.014854134384081171,0.004818215668290438,0.0,0.0001399569747284498,0.0,True,0,long_short,1.3917679651989816,1.2444132548506055
2022-09-23,1.7226053625369007,-0.005386543783230779,1.706068565302893,0.0,0.9896284364657918,0.9800285608392272,0.00959987562656469,0.010371563534208206,0.0,0.00013955040671901847,0.0,True,0,long_short,1.3846677496240485,1.2440568237431728
2022-09-26,1.713405550827762,-0.005340638029589173,1.7229510903418785,0.0,0.9980562168417251,1.00362730858326,-0.005571091741534964,0.0019437831582749254,0.001236086890145006,0.00041626909833065106,1.4338198386667,True,0,long_short,1.3779558535608492,1.243440090188709
2022-09-27,1.71353725952619,7.686954111041366e-05,1.7228097516623042,0.0,1.001435980250003,1.0068472965692514,-0.005411316319248414,0.0,0.0,0.00014133867957442887,0.0,True,0,long_short,1.3830500905062317,1.2389553142641359
2022-09-28,1.7032170141603924,-0.006022772664220466,1.7226679486192364,0.0,0.992632634211547,1.004052749380155,-0.011420115168607888,0.007367365788452984,0.0,0.00014180304306777764,0.0,True,0,long_short,1.3719487607999248,1.2414581818400559
2022-09-29,1.7116906389914133,0.004975070563863593,1.7225273908335494,0.0,0.9876931330171714,0.9940241554550353,-0.0063310224378639165,0.012306866982828568,0.0,0.00014055778568702464,0.0,True,0,long_short,1.3665732802291153,1.2525421532495036
2022-09-30,1.7166026639458016,0.0028696920123854053,1.7223875446547694,0.0,0.9852111789431257,0.9885811380084756,-0.003369959065349818,0.01478882105687429,0.0,0.00013984617878003256,0.0,True,0,long_short,1.3643524721314675,1.25818122443391
2022-10-10,1.7082443206869797,-0.004869119356723628,1.7144392275946128,0.0,0.9909621633054405,0.994588639233159,-0.0036264759277185037,0.009037836694559487,0.0013245639523525143,0.0013947953548207573,1.5439933618814303,True,0,long_short,1.35755383104645,1.2583252918745809
2022-10-11,1.720296665295007,0.007055398611353514,1.7142995837265806,0.0,0.9966865842851433,0.9932005102320975,0.003486074053045847,0.00331341571485666,0.0,0.00013964386803204124,0.0,True,0,long_short,1.3634338559043204,1.26173826316935
2022-10-12,1.7438675668431565,0.013701649269957539,1.7141591508888503,0.0,1.004998710289577,0.9879627744655705,0.017035935824006563,0.0,0.0,0.00014043283773054055,0.0,True,0,long_short,1.378552903281334,1.2649986538001359
2022-10-13,1.7413808965010005,-0.0014259513677735702,1.7140175446225785,0.0,1.0126324940063893,0.996918900309913,0.015713593696476267,0.0,0.0,0.00014160626627168947,0.0,True,0,long_short,1.3814395471909862,1.2605552664551392
2022-10-14,1.7385424867161121,-0.001629976411589018,1.713874858414768,0.0,1.026973906926459,1.012785223883148,0.014188683043310698,0.0,0.0,0.00014268620781044943,0.0,True,0,long_short,1.3929207252154903,1.2481273738296577
2022-10-17,1.7399637912748216,0.0008175265025556211,1.7336536824974227,0.0,0.9990226394503213,0.9953960646853512,0.003626574764970084,0.0009773605496786741,0.0016064240785948123,0.00043416250067814476,1.851508108216211,True,0,long_short,1.3925771336056316,1.249455954206101
2022-10-18,1.7414082228381258,0.0008301503574656977,1.7335113301869682,0.0,0.9960238787827876,0.9914891048293907,0.0045347739533969965,0.003976121217212358,0.0,0.00014235231045451734,0.0,True,0,long_short,1.3921288380436558,1.250895876336639
2022-10-19,1.7410706003829304,-0.00019387898297917872,1.7333694189036803,0.0,0.9926647764622405,0.9882415316624282,0.004423244799812284,0.007335223537759505,0.0,0.00014191128328802576,0.0,True,0,long_short,1.3866364550020365,1.2556071161279063
2022-10-20,1.722057852465876,-0.010920147587853424,1.7332279998672264,0.0,0.9884674074930135,0.9949539186083953,-0.006486511115381877,0.011532592506986461,0.0,0.00014141903645382333,0.0,True,0,long_short,1.3784776790827258,1.249246091247395
2022-10-21,1.7204173563088765,-0.0009526370758395908,1.733087175082976,0.0,0.989190054653662,0.9965544413983308,-0.007364386744668799,0.010809945346337946,0.0,0.00014082478425051629,0.0,True,0,long_short,1.3778060828591159,1.2486643641018047
2022-10-24,1.7182827830113565,-0.0012407299250337678,1.7158486523249763,0.0,0.9868905741680138,0.9854739675940283,0.0014166065739856244,0.013109425831986155,0.0010984828817960134,0.0004227508497916567,1.2795768247852581,True,0,long_short,1.364702163000673,1.2590899535421263
2022-10-25,1.7230344792021501,0.002765374964920575,1.7157094750960757,0.0,0.9827524235669994,0.9785012003938763,0.004251223173123138,0.017247576433000567,0.0,0.00013917722890049674,0.0,True,0,long_short,1.359795986551811,1.267127198670033
2022-10-26,1.7251335491788975,0.00121824026279449,1.7155709004681674,0.0,0.9918320017906213,0.9862888664691375,0.005543135321483663,0.008167998209378746,0.0,0.00013857462790843903,0.0,True,0,long_short,1.3660680582465714,1.2628459751801882
2022-10-27,1.7330857177119954,0.004609595898753982,1.7154310527958885,0.0,0.9903581700830584,0.980171331235056,0.010186838848002432,0.009641829916941624,0.0,0.00013984767227897545,0.0,True,0,long_short,1.366921615707355,1.2678749811233014
2022-10-28,1.7214090678968281,-0.0067374912249480445,1.7152914318971153,0.0,0.9776233992277853,0.9740695455193304,0.0035538537084547983,0.022376600772214705,0.0,0.0001396208987732243,0.0,True,0,long_short,1.353785844161213,1.2715519779743225
2022-10-31,1.7182998429716951,-0.001806209217273258,1.7170962693752285,0.0,0.9949599528479925,0.9942595083933247,0.0007004444546679497,0.005040047152007454,0.0012456403247906075,0.0004134506667334811,1.4498166142127868,True,0,long_short,1.3460292805110365,1.2765694386078448
2022-11-01,1.7237315537672806,0.003161096020466214,1.5004947272035758,0.0,0.9426843231537334,0.8131764388919339,0.12950788426179946,0.057315676846266594,0.00021474161124116362,0.00014041939373797517,0.2501020766014929,True,0,long_short,1.358031606361934,1.2692867718926142
2022-11-02,1.7235011354457703,-0.00013367413331077937,1.5003795191581102,0.0,0.952071295021551,0.8226129432404533,0.1294583517810977,0.04792870497844903,0.0,0.00011520804546560033,0.0,True,0,long_short,1.3680411686451985,1.2598313376435826
2022-11-03,1.7286098409358597,0.0029641439654566337,1.5002629897601616,0.0,0.9531701728887313,0.8210716242352813,0.13209854865344992,0.04682982711126871,0.0,0.00011652939794854588,0.0,True,0,long_short,1.3679584897962782,1.2636420284896883
2022-11-04,1.7459206097762545,0.010014271833037158,1.500146333939085,0.0,0.962803508629357,0.8220329177668859,0.14077059086247115,0.03719649137064296,0.0,0.00011665582107668199,0.0,True,0,long_short,1.3852532785213227,1.2603620123822576
2022-11-07,1.7516887387698463,0.0033037750750481987,1.7413050229908884,0.0,1.0002035245343965,0.9942756929801159,0.005927831554280565,0.0,0.0014191648045649016,0.0003538859703395462,1.6286740202534804,True,0,long_short,1.3822080538686585,1.2673119172378204
2022-11-08,1.76203417676743,0.005905979623325619,1.7411618727277685,0.0,0.9934522756028847,0.9816067028467689,0.011845572756115861,0.006547724397115262,0.0,0.00014315026311993321,0.0,True,0,long_short,1.3780039699401392,1.278685849391256
2022-11-09,1.7592557623127865,-0.001576822113485088,1.7410197118051471,0.0,0.9922693906893255,0.9819036150594844,0.01036577562984104,0.0077306093106744855,0.0,0.00014216092262136964,0.0,True,0,long_short,1.3762155315606175,1.2783286643464955
2022-11-10,1.7643225151734656,0.002880054719285541,1.740877732112586,0.0,0.9908285500694827,0.9775402862405902,0.013288263828892467,0.009171449930517328,0.0,0.00014197969256130033,0.0,True,0,long_short,1.371635665486799,1.2862909295576683
2022-11-11,1.7656932351940657,0.0007769101220507224,1.7407359762493115,0.0,1.0010353936372085,0.9869008551753159,0.014134538461892688,0.0,0.0,0.00014175586327425102,0.0,True,0,long_short,1.3836169827777247,1.2761430780137517
2022-11-14,1.7587303390298605,-0.003943434808164836,1.7663777969870915,0.0,0.9919213917644512,0.9962696751752266,-0.004348283410775421,0.008078608235548845,0.0012723649659543866,0.0004296733554551409,1.439611743704504,True,0,long_short,1.3770538408730344,1.2771688998847337
2022-11-15,1.7531769155635617,-0.0031576321526142204,1.7662337830388515,0.0,0.9978596297518185,1.005307176750287,-0.007447546998468472,0.002140370248181478,0.0,0.00014401394823995305,0.0,True,0,long_short,1.3806473211714103,1.2698224149495894
2022-11-16,1.7532761812417155,5.662045699583729e-05,1.7660889215592355,0.0,0.9867821168540233,0.99409000163259,-0.0073078847785667585,0.013217883145976717,0.0,0.00014486147961608058,0.0,True,0,long_short,1.3669327976828236,1.2826352430886196
2022-11-17,1.7541111730117342,0.00047624657139144766,1.7659456683273007,0.0,0.9715035513020766,0.9782502703798915,-0.006746719077814968,0.02849644869792345,0.0,0.00014325323193476366,0.0,True,0,long_short,1.3543351163501491,1.29518252302204
2022-11-18,1.7475188157880674,-0.0037582322746100294,1.765804630541333,0.0,0.9695213840500593,0.9799852569354677,-0.010463872885408437,0.030478615949940724,0.0,0.00014103778596781787,0.0,True,0,long_short,1.3494462211361025,1.2949895952999346
2022-11-21,1.753217915368443,0.0032612521987671617,1.745607484108516,0.0,0.9987864019243802,0.9944455660287308,0.004340835895649357,0.0012135980756198261,0.0015932651424566706,0.0004222707967453891,1.823791734452617,True,0,long_short,1.3495305942237306,1.2991316557568813
2022-11-22,1.7574969827101965,0.002440693369742286,1.7454641844003882,0.0,0.9936673243492519,0.9868207701712455,0.0068465541780063964,0.006332675650748132,0.0,0.00014329970812769445,0.0,True,0,long_short,1.348218575768727,1.303569772956219
2022-11-23,1.7658065238376628,0.004728054277881366,1.745321636357151,0.0,0.9918600277378444,0.9802591602566262,0.01160086748121822,0.00813997226215557,0.0,0.00014254804323712733,0.0,True,0,long_short,1.3497884573549954,1.308209826670087
2022-11-24,1.7667182848110592,0.0005163425103984487,1.745179366656858,0.0,0.9958370490817229,0.9836455648256437,0.012191484256079178,0.00416295091827712,0.0,0.00014226970029310515,0.0,True,0,long_short,1.3548145859043406,1.3040295721585935
2022-11-25,1.7559001001527255,-0.006123321839899831,1.7450365317578045,0.0,0.9994432207595337,0.9932563264174377,0.006186894342096053,0.0005567792404662653,0.0,0.00014283489905348769,0.0,True,0,long_short,1.3576090632283109,1.2933768252675797
2022-11-28,1.7616556232884297,0.003277819242224478,1.7507494192916706,0.0,0.9934327549719156,0.9872418718886482,0.006190883083267483,0.0065672450280843675,0.000890826791647965,0.00043004191636447566,1.0171344185997793,True,0,long_short,1.3520993989518761,1.3029039319550282
2022-11-29,1.7594483814095039,-0.0012529360731727834,1.7506064729742603,0.0,1.0066829364836525,1.00165754981777,0.005025386665882507,0.0,0.0,0.0001429463174102821,0.0,True,0,long_short,1.3676528491334647,1.2864729397699701
2022-11-30,1.7704250492832208,0.006238698440771184,1.7504616210766095,0.0,1.0074570810195518,0.9961810158652014,0.011276065154350293,0.0,0.0,0.00014485189765097136,0.0,True,0,long_short,1.3699414267794081,1.2923363106445425
2022-12-01,1.775424946447721,0.002824122470773016,1.7503166624061348,0.0,1.0114953989867215,0.99735327256689,0.01414212641983142,0.0,0.0,0.0001449586704746431,0.0,True,0,long_short,1.37746316894474,1.2889091966123893
2022-12-02,1.775327909407205,-5.465567030038532e-05,1.7501711232926662,0.0,1.012891491738026,0.9987212722640706,0.01417021947395556,0.0,0.0,0.00014553911346875588,0.0,True,0,long_short,1.3776278489470986,1.2886846841576722
2022-12-05,1.7698698551398557,-0.0030743921944942354,1.7769395961997814,0.0,1.0043468479001845,1.0083413455969472,-0.0039944976967626914,0.0,0.0013391240452759012,0.0004371923215156627,1.5060901646411897,True,0,long_short,1.3850858877370327,1.2778051316597319
2022-12-06,1.7609792237948911,-0.005023324918013383,1.7767929140394036,0.0,1.0051025176717467,1.0140825726495868,-0.008980054977840152,0.0,0.0,0.00014668216037779696,0.0,True,0,long_short,1.3830555120700956,1.2732527425158346
2022-12-07,1.7664094201147735,0.0030836231606301556,1.7766461377373504,0.0,0.9989933684394212,1.0047885807531733,-0.005795212313752046,0.0010066315605787857,0.0,0.0001467763020532928,0.0,True,0,long_short,1.375554778464735,1.2841432764213678
2022-12-08,1.7707839377076262,0.0024765026403497092,1.776500258174534,0.0,0.9941442758473594,0.9973724056858917,-0.0032281298385322915,0.0058557241526405734,0.0,0.00014587956281639664,0.0,True,0,long_short,1.371029128029553,1.2915728057890368
2022-12-09,1.7722994503512648,0.0008558427775218203,1.7763550967195283,0.0,0.9937902883730295,0.9960786411496777,-0.00228835277664814,0.006209711626970482,0.0,0.00014516145500559382,0.0,True,0,long_short,1.3719240249147968,1.2918349836911218
2022-12-12,1.775835775498434,0.001995331627772101,1.7744212177879615,0.0,0.9934464451068342,0.9926498862526938,0.0007965588541403623,0.0065535548931657805,0.001101827428902071,0.00043529168914920204,1.2411299665980895,True,0,long_short,1.3663974182512881,1.2996480758659101
2022-12-13,1.7810189937752718,0.00291874865252284,1.774276331499149,0.0,0.9837149555907672,0.979929110352907,0.003785845237860223,0.01628504440923284,0.0,0.0001448862888124919,0.0,True,0,long_short,1.3564942541588478,1.3129572707845112
2022-12-14,1.7815050038584388,0.0002728831555787181,1.7741328844560182,0.0,0.9769870560721527,0.9728489147891064,0.004138141283046344,0.02301294392784725,0.0,0.0001434470431308355,0.0,True,0,long_short,1.3508344803329384,1.3188181304191715
2022-12-15,1.779626697737294,-0.0010543367080511068,1.7739904349867281,0.0,0.9789368924863797,0.9757697885326506,0.0031671039537290407,0.021063107513620283,0.0,0.0001424494692900037,0.0,True,0,long_short,1.3510909880732371,1.3171775353747144
2022-12-16,1.7719036620283435,-0.004339694228441271,1.7738477084689321,0.0,0.9731874656089363,0.9742846169283053,-0.001097151319368915,0.02681253439106368,0.0,0.0001427265177960147,0.0,True,0,long_short,1.343154496272336,1.3192106097592773
2022-12-19,1.759163332683268,-0.007190193021267999,1.7661041682349832,0.0,0.9918528410616859,0.9957983732489266,-0.003945532187240701,0.00814715893831408,0.0014106779019750647,0.0004256725020640633,1.5962274999366604,True,0,long_short,1.3314008846636836,1.3212874897012246
2022-12-20,1.7700200655896647,0.006171532059980445,1.765960186975945,0.0,0.9867828351480801,0.9844891444195701,0.002293690728510023,0.013217164851919927,0.0,0.0001439812590382322,0.0,True,0,long_short,1.3256855398081717,1.3351733970378743
2022-12-21,1.771787486040521,0.0009985313077609526,1.7658169624110154,0.0,0.9863522228289983,0.982982448701714,0.0033697741272842884,0.01364777717100174,0.0,0.00014322456492968553,0.0,True,0,long_short,1.3253033195557844,1.3368920607807646
2022-12-22,1.772381823032925,0.0003354448527752574,1.7656738142464996,0.0,0.9805677346217269,0.9767829921360776,0.003784742485649276,0.01943226537827314,0.0,0.00014314816451565742,0.0,True,0,long_short,1.319544602189363,1.34317689609902
2022-12-23,1.7534602514998938,-0.010675787399270553,1.7655315211708578,0.0,0.977944518800881,0.9848287750368797,-0.006884256235998829,0.022055481199119042,0.0,0.00014229307564189283,0.0,True,0,long_short,1.3162906473279485,1.332122396417078
2022-12-26,1.7624246290488157,0.0051123927909138,1.7480259181568398,0.0,1.004691049989621,0.9965212192606061,0.00816983072901495,0.0,0.001244084747982613,0.0004258006302477943,1.422404484061005,True,0,long_short,1.326051495368968,1.329077064656851
2022-12-27,1.771057984262613,0.004898567048768898,1.7478815652631254,0.0,1.0108380264559957,0.9977518264527038,0.01308620000329202,0.0,0.0,0.00014435289371462852,0.0,True,0,long_short,1.3380487385037434,1.3236124614138323
2022-12-28,1.7683772163901381,-0.0015136533621687986,1.7477363261120114,0.0,1.0073576833712332,0.9956854620336036,0.01167222133762949,0.0,0.0,0.00014523915111383558,0.0,True,0,long_short,1.3339412261815453,1.325678509428921
2022-12-29,1.7628564987607265,-0.00312191176081833,1.855427973662045,0.0,0.9442573831441666,0.9967695842032974,-0.05251220105913075,0.05574261685583337,5.3945155838651824e-05,0.00014471897143159828,0.06098947351090188,True,0,long_short,1.3283583707929512,1.3270940564844753
2022-12-30,1.76010027118851,-0.0015635008148161544,1.8552835494095012,0.0,0.943898527747837,0.9979768548630976,-0.054078327115260595,0.056101472252163,0.0,0.00014442425254354604,0.0,True,0,long_short,1.3305134424287524,1.3228729714865408
2023-01-03,1.765151557842057,0.0028698857310760495,1.7601989716302,0.0,1.003613489732393,1.0008077328046923,0.0028057569277006355,0.0,0.0007925957133616091,0.0005774923834140475,0.9001697998556933,True,0,long_short,1.33708979939536,1.320144360266804
2023-01-04,1.768183194005386,0.0017174934072150538,1.7600537734935977,0.0,1.0057369897225046,1.0011393775863022,0.004597612136202233,0.0,0.0,0.0001451981366022394,0.0,True,0,long_short,1.3422684094283706,1.3173096987050443
2023-01-05,1.777748479712892,0.005409668941507073,1.7599082777821755,0.0,1.0129975916356095,1.0029623126665637,0.010035278969046066,0.0,0.0,0.000145495711422338,0.0,True,0,long_short,1.3536069325537126,1.3133417367765654
2023-01-06,1.7784950337430678,0.00041994356271168876,1.7597617286265683,0.0,1.0190801335850728,1.0085468991587314,0.010533234426341445,0.0,0.0,0.00014654915560703913,0.0,True,0,long_short,1.358653053119805,1.3090133862056992
2023-01-09,1.7787331348572368,0.00013387786282881287,1.7741400571923889,0.0,1.0002787446332937,0.9976965261009917,0.0025822185323021093,0.0,0.001347591273072308,0.00044228111953580735,1.51799566078313,True,0,long_short,1.3617687581026967,1.3061932316140676
2023-01-10,1.7780549687110712,-0.0003812635706142986,1.7739941967099637,0.0,0.9972741253887193,0.9949902972323539,0.0022838281563653685,0.0027258746112807097,0.0,0.00014586048242529797,0.0,True,0,long_short,1.3581837489978579,1.3091416901601254
2023-01-11,1.7804219871142932,0.0013312402849603444,1.7738487873311846,0.0,0.9946362058167179,0.99094427220172,0.003691933614997795,0.0053637941832821445,0.0,0.0001454093787791747,0.0,True,0,long_short,1.3567121332566183,1.3123063791289404
2023-01-12,1.7778764112456784,-0.0014297598474061202,1.7737037764569188,0.0,0.9974109400791988,0.9950639632239089,0.0023469768552899246,0.002589059920801162,0.0,0.00014501087426571892,0.0,True,0,long_short,1.3589417513955446,1.3082800711803249
2023-01-13,1.7798861750032178,0.0011304293958944722,1.7735583709159959,0.0,0.9984429060620545,0.9948877326042854,0.0035551734577691087,0.001557093937945453,0.0,0.0001454055409229938,0.0,True,0,long_short,1.3611476501925672,1.3076363719625934
2023-01-16,1.7750548676741584,-0.0027143911767563145,1.7792704197481004,0.0,1.011146152253559,1.0135210377575015,-0.0023748855039425567,0.0,0.0008988628039358097,0.0004366323914653148,1.0098621661948997,True,0,long_short,1.3705750720559724,1.295116848295974
2023-01-17,1.7809257150119744,0.003307417390149947,1.7791225521767393,0.0,1.0153761196664968,1.014363633395994,0.0010124862705028015,0.0,0.0,0.00014786757136122885,0.0,True,0,long_short,1.375511405953826,1.2947371481641916
2023-01-18,1.7842663345025747,0.0018757769975701333,1.778974072208595,0.0,1.0171628434151632,1.0141967714831635,0.002966071931999653,0.0,0.0,0.00014847996814421136,0.0,True,0,long_short,1.3789879837813919,1.293895491104896
2023-01-19,1.7906104117952897,0.0035555663243982405,1.77882533819578,0.0,1.0191998053864784,1.0126182097909886,0.0065815955954897105,0.0,0.0,0.00014873401281522816,0.0,True,0,long_short,1.382466255847665,1.2952290185899469
2023-01-20,1.7896521736524207,-0.0005351460801058527,1.7786763076717012,0.0,1.0255945536381348,1.019461593199057,0.006132960439077814,0.0,0.0,0.00014903052407878777,0.0,True,0,long_short,1.389714547885624,1.2877840103028928
2023-01-30,1.7899858453453594,0.0001864449963244752,1.7865006681577424,0.0,0.9971297471877557,0.995182705429476,0.0019470417582797925,0.0028702528122442894,0.0013362487559100038,0.0014995739640196045,1.4948217516581694,True,0,long_short,1.3912790079080286,1.2865757588313211
2023-01-31,1.7950578219074413,0.002833528865756607,1.786354254764078,0.0,0.9913719939785662,0.9865233662423771,0.004848627736189118,0.008628006021433765,0.0,0.00014641339366448734,0.0,True,0,long_short,1.3868468794494946,1.2943446378305188
2023-02-01,1.7929668125148646,-0.0011648702159102742,1.7862087040940724,0.0,0.9998389323547096,0.996069700055695,0.003769232299014592,0.00016106764529044693,0.0,0.00014555067000557577,0.0,True,0,long_short,1.394907728371518,1.2853658891173108
2023-02-02,1.7938887584467016,0.0005142013368020226,1.7860619161558406,0.0,1.0000526385430757,0.9956895796555012,0.004363058887574481,0.0,0.0,0.00014678793823162984,0.0,True,0,long_short,1.3972169757296917,1.28390134789899
2023-02-03,1.7919431920484699,-0.0010845524222563574,1.7859151087851135,0.0,0.9948598408730897,0.9914958484819775,0.0033639923911121324,0.005140159126910349,0.0,0.00014680737072711165,0.0,True,0,long_short,1.3922332031480311,1.2870998824023443
2023-02-06,1.7967005860661645,0.002654879930795273,1.7898225291545133,0.0,0.9884310795576311,0.9846029197824343,0.003828159775196821,0.011568920442368902,0.0012810756601458165,0.0004380914553612166,1.4304875013395792,True,0,long_short,1.3803992846246482,1.301580351481213
2023-02-07,1.7947717148081832,-0.0010735629925988643,1.7896771288824844,0.0,0.9911862311600206,0.988347660725873,0.0028385704341476452,0.008813768839979419,0.0,0.00014540027202867585,0.0,True,0,long_short,1.3834861875495141,1.2972819902070396
2023-02-08,1.7962479017793602,0.0008224928880911087,1.7895313322995365,0.0,0.9866692807862091,0.9829300588930782,0.0037392218931308918,0.01333071921379092,0.0,0.0001457965829480245,0.0,True,0,long_short,1.380913655496212,1.3007677160914914
2023-02-09,1.79854134366445,0.0012767958603141505,1.7893862156374092,0.0,0.9933461993826636,0.9882558921404694,0.005090307242194149,0.006653800617336447,0.0,0.00014511666212733325,0.0,True,0,long_short,1.389265235780424,1.2945989702636687
2023-02-10,1.7936295104732443,-0.0027310093307045813,1.7892401263979458,0.0,0.9946389777461916,0.9921917699757639,0.0024472077704276356,0.005361022253808412,0.0,0.00014608923946312025,0.0,True,0,long_short,1.3879793086015144,1.2922595454830308
2023-02-13,1.795436974907089,0.001007713367387586,1.7934015275650803,0.0,1.0010507472841546,0.9999170693158068,0.0011336779683477232,0.0,0.0014228129123146326,0.0004388115054272576,1.5854620201285956,True,0,long_short,1.3902756797455118,1.2914251475906862
2023-02-14,1.8001271163824668,0.0026122562590205067,1.7932539696408536,0.0,1.002436885216251,0.9986187399980259,0.0038181452182252254,0.0,0.0,0.00014755792422660284,0.0,True,0,long_short,1.3900384863264772,1.295019622902493
2023-02-15,1.7965459495151161,-0.0019893966569135557,1.7931062183526785,0.0,0.9988730841853144,0.9969584484013723,0.001914635783942132,0.0011269158146856029,0.0,0.00014775128817518947,0.0,True,0,long_short,1.3848727525076427,1.2972642766362763
2023-02-16,1.789107227225986,-0.004140568901751629,1.7929590061612557,0.0,0.9905539997992245,0.9927069053806533,-0.0021529055814288127,0.009446000200775462,0.0,0.00014721219142276934,0.0,True,0,long_short,1.3755059843899624,1.3006902532811997
2023-02-17,1.7842969731980385,-0.0026886337245453085,1.7928130287010695,0.0,0.9869838771454176,0.9917566563581557,-0.004772779212738042,0.013016122854582424,0.0,0.00014597746018632903,0.0,True,0,long_short,1.3653700318991264,1.3068230087899442
2023-02-20,1.7801665448864947,-0.0023148771609138308,1.7789446396909128,0.0,1.006021335574499,1.0053349362041186,0.0006863993703801852,0.0,0.0011392391755169979,0.0004363368657753364,1.2799837008158002,True,0,long_short,1.3773960770919274,1.2924144147738026
2023-02-21,1.7847700327926628,0.0025859872040576715,1.7787975440509263,0.0,1.0060132225446097,1.0026668593538346,0.0033463631907752825,0.0,0.0,0.00014709563998653455,0.0,True,0,long_short,1.3805405841328446,1.2928051904491644
2023-02-22,1.7927231534630754,0.0044561038813322185,1.7786504594128345,0.0,1.0058631751471814,0.9980132770616593,0.007849898085522021,0.0,0.0,0.00014708463809170352,0.0,True,0,long_short,1.3789425781840337,1.3000709252331308
2023-02-23,1.7939279015554457,0.000672021271127754,1.778503405042211,0.0,1.000812688879269,0.9922145191870195,0.008598169692249448,0.0,0.0,0.00014705437062345172,0.0,True,0,long_short,1.3781913527411767,1.3016537202815726
2023-02-24,1.7928460342273624,-0.00060307179967789,1.7783571068523236,0.0,0.9989440333133326,0.9908625098035444,0.008081523509788135,0.001055966686667409,0.0,0.00014629818988750812,0.0,True,0,long_short,1.3742027759762372,1.3046444568224074
2023-02-27,1.7931196658017972,0.00015262413459415924,1.7896968567602622,0.0,0.993173221391118,0.9912643643824004,0.0019088570087175416,0.006826778608882034,0.0011603887580376817,0.00043803219973952606,1.2959031334759987,True,0,long_short,1.3701969179764828,1.308658370396782
2023-02-28,1.8022220497311243,0.005076283587162056,1.7895507645170472,0.0,0.9915262193507781,0.9844952959326745,0.0070309234181035905,0.008473780649221885,0.0,0.00014609224321500826,0.0,True,0,long_short,1.3718477841729642,1.3137186723799803
2023-03-01,1.8018694236074098,-0.000195661862958163,1.789404933355662,0.0,0.9978627302483648,0.990945197774345,0.006917532474019834,0.0021372697516351957,0.0,0.0001458311613851864,0.0,True,0,long_short,1.3801549754030424,1.3055558656238697
2023-03-02,1.7989494798928678,-0.0016205079437421332,1.7892581755047847,0.0,0.9986586981893427,0.9932714961047905,0.005387202084552255,0.0013413018106572805,0.0,0.00014675785087727586,0.0,True,0,long_short,1.3794122211537223,1.3041420485518462
2023-03-03,1.8076871338615865,0.0048570869089881175,1.7891113115123483,0.0,0.9990727971728873,0.9887967809302113,0.010276016242676067,0.000927202827112672,0.0,0.0001468639924364485,0.0,True,0,long_short,1.3818515860446237,1.3081630126690114
2023-03-06,1.8072076109210686,-0.0002652687688790012,1.8057984547899621,0.0,0.9979902932908364,0.9972105510395364,0.0007797422513000595,0.002009706709163561,0.0011777160054735538,0.0004407374512334703,1.3035213463331057,True,0,long_short,1.382350031072338,1.3073444281830366
2023-03-07,1.8078580879882171,0.00035993488695917897,1.8056503315161925,0.0,0.990613234413951,0.9893920343171662,0.0012212000967847855,0.009386765586049006,0.0,0.00014812327376954325,0.0,True,0,long_short,1.3741661804201577,1.3156036829806539
2023-03-08,1.8024438265926337,-0.0029948486728891277,1.8055033166894994,0.0,0.9898193715693571,0.9915167837448309,-0.0016974121754737984,0.010180628430642935,0.0,0.00014701482669299214,0.0,True,0,long_short,1.3717447744595548,1.3139789997033284
2023-03-09,1.8044948020590064,0.0011378859280457565,1.805356427376692,0.0,0.9914887920237945,0.9919662804137319,-0.00047748838993751607,0.008511207976205526,0.0,0.00014688931280744003,0.0,True,0,long_short,1.3720182245869277,1.3152119773061206
2023-03-10,1.7981392462070336,-0.0035220693596462738,1.8052093042536652,0.0,0.9867229307297642,0.9906548053393338,-0.003931874609569559,0.013277069270235753,0.0,0.00014712312302666186,0.0,True,0,long_short,1.3652009468761288,1.3171242301886474
2023-03-13,1.8040834228480562,0.0033057376694054508,1.7973635753683406,0.0,0.9994421786494191,0.9957173800095052,0.003724798639913932,0.0005578213505809115,0.0009594382738724324,0.0004392333579265262,1.067036640908292,True,0,long_short,1.368348164698978,1.3184388808274796
2023-03-14,1.7987018886687944,-0.0029829741303016855,1.7972159295695092,0.0,0.9969727219044351,0.996146593289879,0.0008261286145560516,0.0030272780955649115,0.0,0.00014764579883152164,0.0,True,0,long_short,1.3665614205581635,1.3162246947774405
2023-03-15,1.802865471046982,0.0023147706712360883,1.7970686607400235,0.0,0.9994516686931912,0.9962363371002065,0.003215331592984709,0.0005483313068087581,0.0,0.00014726882948560196,0.0,True,0,long_short,1.369958369166482,1.316000187760371
2023-03-16,1.799600207778689,-0.0018111519249391916,1.796921037718668,0.0,0.9935199860125091,0.992031227538021,0.0014887584744881198,0.0064800139874908735,0.0,0.0001476230213556398,0.0,True,0,long_short,1.3624559413224142,1.3208502038106114
2023-03-17,1.7993282081386432,-0.00015114448135200576,1.7967743040526514,0.0,0.996637221005148,0.9952178556695519,0.0014193653355960457,0.003362778994852045,0.0,0.00014673366601646883,0.0,True,0,long_short,1.3658434021939714,1.3173751875569042
2023-03-20,1.7953286865776117,-0.002222786005877775,1.7970097321590832,0.0,1.0021201517803242,1.0030564959684605,-0.000936344188136347,0.0,0.0011640311191398244,0.00044154827530261094,1.294681462838938,True,0,long_short,1.3664343526551093,1.3138784772858796
2023-03-21,1.8042700433396008,0.004980345286541343,1.7968617198767707,0.0,1.00794293957761,1.003836944751515,0.004105994826094883,0.0,0.0,0.00014801228231261897,0.0,True,0,long_short,1.372282864673022,1.314794558605459
2023-03-22,1.8042862928241314,9.00612665533096e-06,1.7967128547046216,0.0,1.0137768703451262,1.0095794000491813,0.004197470295944968,0.0,0.0,0.00014886517214898973,0.0,True,0,long_short,1.3768403667959033,1.3104542373513886
2023-03-23,1.7972450625724776,-0.003902501659330704,1.7965631365999895,0.0,1.0153737222098238,1.0149942937241436,0.00037942848568015485,0.0,0.0,0.00014971810463230254,0.0,True,0,long_short,1.3779168860705795,1.3043203699300767
2023-03-24,1.7992275540560112,0.001103072432813379,1.7964132028890631,0.0,1.0149843266043876,1.0134201269229168,0.0015641996814707141,0.0,0.0,0.00014993371092616078,0.0,True,0,long_short,1.3771395693516286,1.3064961563068773
2023-03-27,1.8048182223704958,0.0031072602806030414,1.7967979705603165,0.0,0.9986673813097368,0.9942235809808342,0.00444380032890255,0.001332618690263243,0.0013457302658357803,0.0004495989245411471,1.4967994662690058,True,0,long_short,1.3761602993787565,1.311488365988504
2023-03-28,1.8024112332755973,-0.0013336462725521692,1.7966504862176262,0.0,0.9960992748181087,0.9929031412434737,0.0031961335746349437,0.003900725181891329,0.0,0.00014748434269024586,0.0,True,0,long_short,1.3730262966178253,1.3127288513814162
2023-03-29,1.8022093898322358,-0.00011198523379962744,1.7965033941812973,0.0,0.9944358203058081,0.9912697089298875,0.0031661113759205704,0.005564179694191873,0.0,0.00014709203632864634,0.0,True,0,long_short,1.3707180658028761,1.3147921770306723
2023-03-30,1.7966471263395494,-0.003086358069194328,1.7963565605722052,0.0,0.9962795708629969,0.9961178441871882,0.0001617266758087954,0.0037204291370031006,0.0,0.000146833609092305,0.0,True,0,long_short,1.372581728381006,1.3089545702016148
2023-03-31,1.8032904417147093,0.003697618345732012,1.7962094642218829,0.0,0.9965883980327451,0.9926616997433153,0.003926698289429819,0.0034116019672548736,0.0,0.00014709635032228425,0.0,True,0,long_short,1.3774706235950527,1.309131687330153
2023-04-03,1.7992442996949882,-0.0022437550414085017,1.8014783726525188,0.0,1.003545309783232,1.0047869827222038,-0.0012416729389718465,0.0,0.0009746468792975885,0.0004413840053433034,1.0814671658413046,True,0,long_short,1.3847971894612932,1.2992836159603423
2023-04-04,1.7973032163142297,-0.001078832586040468,1.8013297816455816,0.0,1.0042470288442027,1.0064873660865792,-0.0022403372423764304,0.0,0.0,0.00014859100693731384,0.0,True,0,long_short,1.3843854894553973,1.2982678813119242
2023-04-06,1.7905828718253398,-0.0037391267249115012,1.8010324178680068,0.0,1.0097895304827065,1.015625365398303,-0.005835834915596425,0.0,0.0,0.0002973637775748569,0.0,True,0,long_short,1.385519273998383,1.2923550797370067
2023-04-07,1.7908354673753866,0.00014106889662657274,1.800882947069365,0.0,1.0118494665475055,1.017459965042213,-0.005610498494707454,0.0,0.0,0.0001494707986416619,0.0,True,0,long_short,1.3909408378620334,1.2874993807270891
2023-04-10,1.7990254774040741,0.004573290052542145,1.7924772796932962,0.0,0.9928461439837372,0.9892062857421371,0.003639858241600022,0.007153856016262838,0.0012236058409719466,0.00044928576789832994,1.3643365522535114,True,0,long_short,1.3888193121526387,1.295363235276175
2023-04-11,1.8047526501736073,0.00318348619375719,1.7923310105992858,0.0,0.9902002651005085,0.9833175271401976,0.006882737960310956,0.009799734899491486,0.0,0.0001462690940102761,0.0,True,0,long_short,1.3852566669987374,1.3028290663879203
2023-04-12,1.8167123866641288,0.006626800902257202,1.792185149373554,0.0,0.9897996697485817,0.9762987779890381,0.013500891759543571,0.01020033025141831,0.0,0.00014586122573165172,0.0,True,0,long_short,1.3878342817681617,1.3090268849315048
2023-04-13,1.818236289794864,0.0008388246493620244,1.7920393695859056,0.0,0.9862485482143765,0.9718406737505388,0.01440787446383758,0.013751451785623536,0.0,0.0001457797876485812,0.0,True,0,long_short,1.3847931232883954,1.313002107836291
2023-04-14,1.8171999331397128,-0.0005699790841091623,1.7918941337518581,0.0,0.9920970236646736,0.9781713136058294,0.0139257100588441,0.00790297633532644,0.0,0.00014523583404755513,0.0,True,0,long_short,1.3909781111135961,1.3064187844659108
2023-04-17,1.830424357575866,0.007277363483777277,1.8170891906933886,0.0,0.9993396259328876,0.992054338875116,0.007285287057771663,0.0006603740671123903,0.0016761632672711436,0.00043829577016858316,1.8431880326079702,True,0,long_short,1.3966128102066362,1.3106169041260944
2023-04-18,1.8299198656548623,-0.00027561473322612606,1.8169399402474231,0.0,0.9990426766557031,0.9919495106373134,0.007093166018389785,0.0009573233442968787,0.0,0.00014925044596568503,0.0,True,0,long_short,1.398329751712706,1.3086468791882135
2023-04-19,1.8249801934560892,-0.0026993926299637705,1.8167907467037046,0.0,0.9982394071315839,0.9937519903465964,0.004487416784987472,0.001760592868416122,0.0,0.0001491935437185073,0.0,True,0,long_short,1.3934574600379916,1.3096777230690144
2023-04-20,1.8165297326289271,-0.004630439748038451,1.7013666880555252,0.0,0.9926288910214788,0.9292316107541553,0.06339728026732347,0.007371108978521224,5.760869438650237e-05,0.00014906118078822781,0.0631827039357667,True,0,long_short,1.3859418171320064,1.3106825338367785
2023-04-21,1.824855028429106,0.0045830770895944895,1.701227950232284,0.0,0.9839395094094953,0.9161932631209643,0.06774624628853099,0.01606049059050474,0.0,0.00013873782324111725,0.0,True,0,long_short,1.373852407411549,1.3282758894510969
2023-04-24,1.8295343117362441,0.0025641945438077407,1.8314201175226534,0.0,0.9893534918984168,0.9903842491650675,-0.0010307572666507158,0.010646508101583185,0.0014499225938663992,0.0004122542177800675,1.582133552441311,True,0,long_short,1.3639170527836681,1.3413823868557702
2023-04-25,1.842616859748676,0.007150753024148582,1.7115916448867043,0.0,0.981179440461406,0.9100712151302631,0.0711082253311429,0.01882055953859396,5.980986801551548e-05,0.00014892673690279138,0.06527962814627095,True,0,long_short,1.3627856401748726,1.3520958875911193
2023-04-26,1.8480080110875976,0.002925812444621201,1.7114538164567397,0.0,0.990590691375372,0.9166980492376939,0.07389264213767806,0.009409308624627966,0.0,0.00013782842996473867,0.0,True,0,long_short,1.3715750117410743,1.3473619709225675
2023-04-27,1.8539382397091713,0.0032089842608873376,1.4752820480139677,0.0,0.9930305795858172,0.7887863477204645,0.20424423186535268,0.006969420414182803,0.00011795728645464883,0.00013923824701969574,0.1276026852165528,True,0,long_short,1.3784688690414473,1.3449257225506686
2023-04-28,1.8490254380680577,-0.002649927347031955,1.2319464543031537,0.0,0.9973248694114206,0.6635928552052478,0.33373201420617277,0.0026751305885793775,0.00012154692635772122,0.00012019406901365787,0.13129727938014643,True,0,long_short,1.3851560292195184,1.334886033820978
2023-05-04,1.8810441372872981,0.017316527160759376,1.847977126216298,0.0,0.9932954755084104,0.9757164031115834,0.01757907239682704,0.006704524491589647,0.0014135563086157914,0.0006050959248302712,1.528672467069974,True,0,long_short,1.3859513048687677,1.357222386298348
2023-05-05,1.8821243750380354,0.0005742756000903793,2.688642938293824,0.0,0.45740665068602016,0.8859216701780183,-0.4285150194919981,0.5425933493139798,0.0005723625438930929,0.00015085196874477482,0.609405064763092,True,0,long_short,1.3779663578408352,1.3658710637806688
2023-05-08,1.8772041881891928,-0.0026141666906276395,1.8788486843983683,0.0,0.9999425898406233,1.000818624647877,-0.000876034807253505,5.74101593766585e-05,0.0012199717756493002,0.00041114336789994786,1.297794920034432,True,0,long_short,1.3873886969881182,1.353048494819379
2023-05-09,1.8609087263405317,-0.008680708231521672,1.8786942673369595,0.0,1.0003664765096467,1.009923925913091,-0.00955744940344432,0.0,0.0,0.0001544170614087733,0.0,True,0,long_short,1.381056649243116,1.3474528560145576
2023-05-10,1.8717453336059027,0.005823287897994245,2.056874027535772,0.0,0.906075587311112,1.0049825756743314,-0.09890698836321939,0.09392441268888796,8.921172059998041e-05,0.00015446928054836382,0.09582954980688801,True,0,long_short,1.3773486384081204,1.3589481133616137
2023-05-11,1.8731092273290082,0.0007286748355226358,2.056719418923741,0.0,0.9095292579743821,1.0075535423651834,-0.09802428439080137,0.09047074202561789,0.0,0.00015460861203071266,0.0,True,0,long_short,1.3800770404225025,1.35724975669153
2023-05-12,1.875832641322869,0.0014539536478308523,2.056564301841229,0.0,0.8966011418108694,0.9929485752316383,-0.09634743342076886,0.10339885818913064,0.0,0.00015511708251224004,0.0,True,0,long_short,1.3646035583079028,1.374635607464549
2023-05-15,1.8898928082523252,0.007495427161103851,1.878052385629835,0.0,1.0035465305133937,0.9972814013109393,0.006265129202454406,0.0,0.0009142469210037933,0.0004592725517033121,0.9731380059289655,True,0,long_short,1.3715638297656054,1.3779109416842088
2023-05-16,1.8712509977799288,-0.009863951220405731,1.8778974742642343,0.0,1.0106345187539219,1.0141864081007765,-0.0035518893468545402,0.0,0.0,0.0001549113656006585,0.0,True,0,long_short,1.3724404288728096,1.3634478833567982
2023-05-17,1.8664702164145437,-0.002554858418810202,1.8777414909221992,0.0,1.0169952559358424,1.0230340742403248,-0.006038818304482359,0.0,0.0,0.0001559833420350756,0.0,True,0,long_short,1.3754124624133144,1.3570258140162652
2023-05-18,1.8726701455368375,0.003321740185173505,1.877584548788231,0.0,1.0179203936372492,1.0205446696012284,-0.0026242759639791705,0.0,0.0,0.00015694213396822942,0.0,True,0,long_short,1.377939927717,1.3590361291290232
2023-05-19,1.8639641327860448,-0.004648983576494792,1.8774274684976873,0.0,1.0203930542232005,1.0276160127956486,-0.0072229585724480376,0.0,0.0,0.00015708029054375147,0.0,True,0,long_short,1.3768501933804063,1.3537886269309294
2023-05-22,1.8709788558936984,0.0037633358841344666,1.8612164712735297,0.0,0.9981321081236285,0.9929143128559715,0.005217795267656893,0.0018678918763714858,0.0010688233936020342,0.00047230012359313,1.1478621419207173,True,0,long_short,1.3786382929121863,1.3571209109109463
2023-05-23,1.869499156538924,-0.000790869095133373,1.8610637818199627,0.0,0.9947561871628529,0.9902440831111036,0.004512104051749244,0.005243812837147144,0.0,0.0001526894535672118,0.0,True,0,long_short,1.3726559360363895,1.3619575797975956
2023-05-24,1.8675243284705425,-0.0010563407110798506,1.860911623424499,0.0,0.9917088522126877,0.988167958557257,0.003540893655430651,0.008291147787312325,0.0,0.00015215839546387958,0.0,True,0,long_short,1.3667315221243856,1.3664163723741054
2023-05-25,1.8739154853458413,0.0034222616422527885,1.860759944435193,0.0,0.9905163811121793,0.9834960320017068,0.00702034911047255,0.009483618887820677,0.0,0.00015167898930581493,0.0,True,0,long_short,1.3654743970035017,1.3723549042428773
2023-05-26,1.8745018109700617,0.0003128879764351389,1.8606084659329345,0.0,0.9972218865114185,0.9898101331827104,0.007411753328708205,0.0027781134885814796,0.0,0.00015147850225842634,0.0,True,0,long_short,1.369757093608044,1.3684921361001912
2023-05-29,1.8758524686799294,0.0007205422272538176,1.8649803482002554,0.0,0.9954738152336856,0.9896779860513805,0.00579582918230516,0.0045261847663143895,0.0013435245959535214,0.00045749610916459116,1.4397550345220569,True,0,long_short,1.3669527896995708,1.372287677244658
2023-05-30,1.8804348018483263,0.0024428004040326634,1.8648277599898444,0.0,0.9944869510128311,0.9861872525371694,0.008299698475661794,0.005513048987168867,0.0,0.00015258821041090376,0.0,True,0,long_short,1.3653984951094105,1.3772058549820254
2023-05-31,1.8612080567001623,-0.01022462737302332,1.8646753385516956,0.0,1.002880005876116,1.0047429259505545,-0.0018629200744384635,0.0,0.0,0.0001524214381487735,0.0,True,0,long_short,1.3635141628190506,1.3650082320026182
2023-06-01,1.8570154418624993,-0.002252630931061206,1.864521636993173,0.0,1.007524966535662,1.011567041233299,-0.004042074697636929,0.0,0.0,0.00015370155852260272,0.0,True,0,long_short,1.3657359874599229,1.359717733817857
2023-06-02,1.8556616756080397,-0.0007290010755655052,1.8643672400932239,0.0,1.0167823643736988,1.0214737176519473,-0.0046913532782485185,0.0,0.0,0.00015439689994926542,0.0,True,0,long_short,1.3763510706572089,1.3482473441328888
2023-06-05,1.8607966104714395,0.002767171910104338,1.856040453412102,0.0,0.9960285373938025,0.993472558393963,0.0025559789998394764,0.003971462606197518,0.0013360270731868813,0.00046738593628461035,1.4386174124890483,True,0,long_short,1.374517904375812,1.3537812818207366
2023-06-06,1.8716191263682078,0.005816065998758724,1.8558885095461357,0.0,0.9848920360967427,0.9764872187915269,0.008404817305215754,0.015107963903257304,0.0,0.00015194386596623636,0.0,True,0,long_short,1.369090241252815,1.3670531495831444
2023-06-07,1.8667502048460416,-0.002601448902488146,1.8557382948484362,0.0,0.9870728550380493,0.981173881533711,0.005898973504338368,0.012927144961950687,0.0,0.00015021469769953302,0.0,True,0,long_short,1.3674868137401404,1.3650955797814186
2023-06-08,1.8714169586443048,0.002499934799068848,1.8555877518447916,0.0,0.9883976084106258,0.9799392011452669,0.008458407265358963,0.01160239158937415,0.0,0.0001505430036446006,0.0,True,0,long_short,1.3705994690933587,1.3654003236133114
2023-06-09,1.87467454508148,0.0017407058443752454,1.8554370224059318,0.0,0.9918846913497342,0.9816228980555214,0.01026179329421274,0.008115308650265773,0.0,0.00015072943886002232,0.0,True,0,long_short,1.374797792610273,1.363600200086233
2023-06-12,1.8862344740029064,0.006166365757595438,1.872476751623212,0.0,1.0002062662486473,0.9929125164156807,0.007293749832966557,0.0,0.0007691426393871253,0.000453753729826964,0.821187054772537,True,0,long_short,1.3775051860646834,1.369312067268206
2023-06-13,1.8898584833049092,0.0019212931117265075,1.8723228174463793,0.0,0.9988895477078802,0.9896107228575326,0.00927882485034756,0.0011104522921198123,0.0,0.00015393417683278634,0.0,True,0,long_short,1.3780700452497274,1.3713805693834946
2023-06-14,1.8971824475325478,0.0038754035248347307,1.8721691003872207,0.0,0.9968105285026283,0.9836260574055764,0.013184471097051939,0.0031894714973716987,0.0,0.00015371705915850505,0.0,True,0,long_short,1.378358743525467,1.3764068726259688
2023-06-15,1.9048454236752186,0.004039135061910892,1.8720157208180936,0.0,0.9993292704323047,0.982094432135671,0.017234838296633692,0.0006707295676953162,0.0,0.00015337956912702752,0.0,True,0,long_short,1.3830073956908056,1.377321212894713
2023-06-16,1.9075973814290803,0.001444714473761488,1.8718619615234633,0.0,1.0033983095320949,0.9846651008091692,0.018733208722925644,0.0,0.0,0.0001537592946304558,0.0,True,0,long_short,1.3854948769609967,1.3768346697992022
2023-06-19,1.9052952811262636,-0.0012068061768317762,1.9035874780719446,0.0,0.995873836596735,0.994977490990237,0.0008963456064979292,0.004126163403264993,0.00040764287456276606,0.0004631534550957139,0.42819739407748064,True,0,long_short,1.3801888601771903,1.3804598313318217
2023-06-20,1.9111385803769296,0.0030668733127874326,1.90343166498276,0.0,0.9944302738835553,0.9903976435587311,0.004032630324824218,0.005569726116444684,0.0,0.0001558130891844286,0.0,True,0,long_short,1.378645747562499,1.3862434086174056
2023-06-21,1.9054611258264933,-0.0029707184024909683,1.9032760934364708,0.0,0.9918982257202307,0.9907515046665147,0.0011467210537158873,0.008101774279769325,0.0,0.00015557154628927311,0.0,True,0,long_short,1.372348601134869,1.3884672773745423
2023-06-26,1.9120096317723496,0.003436704038249916,1.905768466236176,0.0,0.9879708451931868,0.9847066537202661,0.0032641914729207356,0.012029154806813214,0.00077377772596416,0.0007758240318477326,0.8117079266558601,True,0,long_short,1.3649017443204037,1.4008404925325637
2023-06-27,1.9168527310113264,0.002532988933998004,1.9056137181315418,0.0,0.9917899579672633,0.9859266943487509,0.005863263618512316,0.008210042032736675,0.0,0.00015474810463425768,0.0,True,0,long_short,1.371953165820564,1.3971706751847164
2023-06-28,1.9348970862896544,0.009413532394221935,1.9054583858348317,0.0,0.9892154687201634,0.9740008608407987,0.015214607879364768,0.010784531279836584,0.0,0.00015533229671008543,0.0,True,0,long_short,1.3712280316538008,1.4110687949954084
2023-06-29,1.9219758276986754,-0.006678008190997287,1.9053034879092685,0.0,0.9948563601596339,0.9861817766663701,0.008674583493263749,0.005143639840366143,0.0,0.00015489792556310766,0.0,True,0,long_short,1.3718176267239728,1.4010432511269966
2023-06-30,1.9182643260459755,-0.0019310865408458389,1.905147700166545,0.0,0.9992300273120516,0.9923922700221234,0.006837757289928271,0.0007699726879484281,0.0,0.00015578774272353673,0.0,True,0,long_short,1.3754117847178313,1.3946836484606038
2023-07-03,1.911808013693908,-0.003365705270334529,1.9156358665715507,0.0,0.9004104086628322,0.902412624811224,-0.002002216148391765,0.09958959133716783,0.0009660811391252377,0.0004693982520889046,1.0081187074647326,True,0,long_short,1.3801244791063094,1.3852431738127613
2023-07-04,1.909010826499663,-0.0014631109265204056,1.915494066049268,0.0,0.9065783525903056,0.9099744776722636,-0.0033961250819580344,0.09342164740969439,0.0,0.0001418005222826837,0.0,True,0,long_short,1.3799032115311243,1.3834382082359582
2023-07-05,1.9117967151470725,0.0014593362220567396,1.9153512865043598,0.0,0.9036862414379024,0.9055455245557805,-0.001859283117878069,0.09631375856209756,0.0,0.00014277954490805975,0.0,True,0,long_short,1.377745767961133,1.387626628660423
2023-07-06,1.9103117364180475,-0.0007767450991308378,1.9152089945351056,0.0,0.9064521435167738,0.9090157345913075,-0.002563591074533596,0.09354785648322617,0.0,0.00014229196925440057,0.0,True,0,long_short,1.376558784322735,1.3877443943361405
2023-07-07,1.911118426917909,0.00042228212520645236,1.915066268226088,0.0,0.9046986686579304,0.9067643916673336,-0.0020657230094032384,0.09530133134206964,0.0,0.00014272630901740666,0.0,True,0,long_short,1.3767390513212014,1.3881486292437808
2023-07-10,1.906580267913474,-0.0023746089936214076,1.9102945133426954,0.0,0.9962631151057771,0.9982112342024287,-0.0019481190966515714,0.0037368848942228583,0.0007814919046306496,0.000427298828495782,0.8178553887808466,True,0,long_short,1.3761877460458163,1.3854070953557232
2023-07-11,1.9072908598427676,0.0003727049635686708,2.09720129379938,0.0,0.9027545566264881,1.0023253341911997,-0.09957077756471182,0.09724544337351193,9.357839188355815e-05,0.00015642491854848543,0.0981379169355189,True,0,long_short,1.379365121317657,1.3827309610531564
2023-07-12,1.9146747397203963,0.003871396876634403,2.09704416563923,0.0,0.8960051124334751,0.9912533664243671,-0.09524825399089201,0.10399488756652486,0.0,0.00015712816015000462,0.0,True,0,long_short,1.3773181421113874,1.3901470409627055
2023-07-13,1.9059269772384604,-0.00456879818825684,2.0968881715750087,0.0,0.9019846850210165,1.0021780274822458,-0.10019334246122932,0.09801531497898353,0.0,0.00015599406422100342,0.0,True,0,long_short,1.383653239486063,1.377459989864504
2023-07-14,1.897778496173795,-0.004275337492977926,2.0967311788512903,0.0,0.9023124162645164,1.007146928341987,-0.10483451207747052,0.09768758373548359,0.0,0.0001569927237184142,0.0,True,0,long_short,1.3826302581545402,1.3725856822393332
2023-07-17,1.9034688858159834,0.0029984477396394205,1.9025259604694567,0.0,0.8948634462426148,0.894368074159807,0.0004953720828078231,0.10513655375738518,0.0006796634407570463,0.0004712897547357319,0.7142301727341999,True,0,long_short,1.379458643294305,1.3798665839450481
2023-07-18,1.9051616829387756,0.0008893221924490824,1.9023860370337062,0.0,0.8971355380400091,0.8956786297209273,0.001456908319081882,0.10286446195999088,0.0,0.00013992343575044012,0.0,True,0,long_short,1.38072288421776,1.379829149437277
2023-07-19,1.909797746491772,0.002433422629960047,1.9022457839428373,0.0,0.899828304053281,0.8958739782285663,0.00395432582471472,0.10017169594671904,0.0,0.00014025309086888367,0.0,True,0,long_short,1.3817875438214842,1.38212111914833
2023-07-20,1.915078575931577,0.002765124971744193,1.902105158893131,0.0,0.8965165641655809,0.889742211822291,0.006774352343289863,0.1034834358344191,0.0,0.0001406250497064275,0.0,True,0,long_short,1.3798022349041639,1.387937001033044
2023-07-21,1.9155154640974892,0.00022813067380256236,1.9019651101604216,0.0,0.8949141416241939,0.8878401429063336,0.007073998717860357,0.10508585837580608,0.0,0.0001400487327092749,0.0,True,0,long_short,1.3801817443746192,1.3878719030336384
2023-07-24,1.9128888628470349,-0.0013712242473029601,1.9111848426164728,0.0,0.8951964910499782,0.8943056812054242,0.0008908098445540604,0.10480350895002177,0.0009699423358896501,0.00041934366330006735,1.014501904890314,True,0,long_short,1.3761830021774357,1.3899959960415207
2023-07-25,1.9197081333295567,0.003564906783122046,1.9110442365306461,0.0,0.9016524975134661,0.8971393652052314,0.0045131323082347125,0.0983475024865339,0.0,0.00014060608582674137,0.0,True,0,long_short,1.3879749035808753,1.3831000318354807
2023-07-26,1.9150756518443908,-0.0024131176009196675,1.910902682086582,0.0,0.9012524196835173,0.8990734092857873,0.0021790103977300627,0.09874758031648267,0.0,0.00014155444406421355,0.0,True,0,long_short,1.3873598949300923,1.3803740895515
2023-07-27,1.921314461508517,0.0032577353579310575,1.9107611648047729,0.0,0.8984376199419144,0.8929448716619385,0.00549274827997591,0.1015623800580856,0.0,0.00014151728180909076,0.0,True,0,long_short,1.387062047765333,1.38516835970237
2023-07-28,1.9155910135431446,-0.002978923065451,1.9106201542928343,0.0,0.9080526114739103,0.9054576633794755,0.0025949480944347475,0.09194738852608975,0.0,0.00014101051193868074,0.0,True,0,long_short,1.3987668652992127,1.369485552643097
2023-07-31,1.9226993618914938,0.003710786017523393,1.9129388107554894,0.0,0.8964888545992361,0.8914123713333331,0.00507648326590298,0.1035111454007639,0.0011660113484555845,0.0004276816183019581,1.2183359395896916,True,0,long_short,1.4006657680424563,1.3727038996452534
2023-08-01,1.914581485982214,-0.004222124410180217,1.9127979407830886,0.0,0.9008835049367835,0.8999519461537367,0.000931558783046686,0.09911649506321651,0.0,0.00014086997240094105,0.0,True,0,long_short,1.3959788260823307,1.371497511430949
2023-08-02,1.9068261857059918,-0.004050650407414369,1.9126563217693038,0.0,0.9001468631057191,0.9032043709724645,-0.003057507866745392,0.09985313689428088,0.0,0.0001416190137846252,0.0,True,0,long_short,1.3958920810605122,1.3660269383126693
2023-08-03,1.8999947499094756,-0.0035826211364865523,1.9125147666669247,0.0,0.9020413867428785,0.9086308874549438,-0.006589500712065342,0.09795861325712152,0.0,0.0001415551023792661,0.0,True,0,long_short,1.4012543465694038,1.3559242506980294
2023-08-04,1.9062324037080358,0.0032829847550144287,1.9123728712765873,0.0,0.902941580026362,0.9061628386497108,-0.003221258623348801,0.09705841997363795,0.0,0.0001418953903372587,0.0,True,0,long_short,1.4040420469385446,1.3576747276653833
2023-08-07,1.9076060883182666,0.0007206280868790049,1.9048243395951243,0.0,0.8912431843001495,0.889784943660126,0.0014582406400235669,0.10875681569985052,0.0009668522894457557,0.0004259236354693484,1.014646613504042,True,0,long_short,1.3976130887394798,1.364902850214972
2023-08-08,1.912991697499067,0.002823229184358622,1.9046848306217692,0.0,0.8867317722956753,0.8823894288928485,0.004342343402826864,0.11326822770432465,0.0,0.000139508973355067,0.0,True,0,long_short,1.3960367690461233,1.3703018000064324
2023-08-09,1.9117255306485026,-0.0006618778598045383,1.904546090595624,0.0,0.8841571398614013,0.8804016634931785,0.0037554763682227654,0.11584286013859868,0.0,0.000138740026145175,0.0,True,0,long_short,1.3931497862887294,1.3722325836486176
2023-08-10,1.9244804364722645,0.0066719336114298144,1.9044077547322822,0.0,0.8861444358353201,0.8757142535588105,0.010430182276509709,0.1138555641646799,0.0,0.0001383358633418072,0.0,True,0,long_short,1.3946244516596424,1.3799273590693741
2023-08-11,1.9182261319688656,-0.003249866501560117,1.9042692373392207,0.0,0.8827490501457917,0.8754731120292988,0.007275938116492979,0.11725094985420825,0.0,0.00013851739306141176,0.0,True,0,long_short,1.3892377891133643,1.3807759528288608
2023-08-14,1.9263324802614679,0.00422596072355752,1.9175311458449784,0.0,0.9946938846465591,0.9901249254940379,0.004568959152521123,0.005306115353440943,0.0007931997538962024,0.0004140876332048319,0.8269714719682365,True,0,long_short,1.3854081319391782,1.3904440401725873
2023-08-15,1.9229946942236849,-0.0017327154434575442,1.91737438065565,0.0,0.99238896478768,0.9894662767610738,0.0029226880266062486,0.007611035212319983,0.0,0.00015676518932840805,0.0,True,0,long_short,1.3833086313329797,1.3901414699991097
2023-08-16,1.9293231347282302,0.0032909297792420578,1.917217991198089,0.0,0.989440012972705,0.983165717437527,0.006274295535177951,0.010559987027294993,0.0,0.0001563894575609432,0.0,True,0,long_short,1.3818458256330184,1.3961927582220792
2023-08-17,1.933622999451842,0.0022286908015629603,1.9170620861818763,0.0,0.9946807430063278,0.9861160366107892,0.008564706395538697,0.0053192569936721945,0.0,0.00015590501621292322,0.0,True,0,long_short,1.3862999791947488,1.394808503549869
2023-08-18,1.9488786840578716,0.007889689257086108,1.9169053648135048,0.0,0.9913628014343883,0.9749567934535357,0.016406007980852542,0.008637198565611737,0.0,0.00015672136837141778,0.0,True,0,long_short,1.3844559697856247,1.4076855650090805
2023-08-21,1.9354406100751396,-0.006895285013201358,1.9455676460628795,0.0,0.9933267077892014,0.9985591266684078,-0.005232418879206402,0.006673292210798598,0.001003244991439387,0.00046851103051372817,1.0307818698511417,True,0,long_short,1.3799211704614227,1.402573314697361
2023-08-22,1.9602292107285146,0.01280772994238899,1.9454087979627166,0.0,0.9815255580257151,0.9739650071040755,0.0075605509216396275,0.01847444197428494,0.0,0.00015884810016289331,0.0,True,0,long_short,1.3756350853794654,1.4249630818247052
2023-08-23,1.9578347921428356,-0.0012214992882333409,1.9452518778539094,0.0,0.9748925156170244,0.9684655615454023,0.006426954071622168,0.02510748438297561,0.0,0.0001569201088070806,0.0,True,0,long_short,1.368174674655341,1.430983067009362
2023-08-24,1.9497813190617375,-0.004113458966720884,1.7629005939453883,0.0,0.9790415927044424,0.8831945747392284,0.09584701796521403,0.020958407295557646,9.105219412138952e-05,0.00015584347162074554,0.09314488068100923,True,0,long_short,1.3713954224380909,1.4217499104637392
2023-08-25,1.9524430654239298,0.00136515122807368,1.7627590567166551,0.0,0.9737679461526026,0.8766158129783178,0.09715213317428491,0.026232053847397352,0.0,0.0001415372287334156,0.0,True,0,long_short,1.3668917971061048,1.4283815804275923
2023-08-28,1.961330297230575,0.00455185196640584,1.9676896487468793,0.0,0.9865919950089478,0.9898343614401827,-0.003242366431234859,0.013408004991052214,0.0012308958390789485,0.00042202416947436424,1.250325557792167,True,0,long_short,1.369786234513811,1.4318513705364586
2023-08-29,1.960062336339188,-0.0006464800412134819,1.967530082271071,0.0,0.9986472475504281,1.002457200832746,-0.0038099532823178636,0.0013527524495718923,0.0,0.0001595664758081515,0.0,True,0,long_short,1.3781225666496566,1.4222699662369516
2023-08-30,1.958317530662037,-0.0008901786666692946,1.96736858539958,0.0,1.0008435098938482,1.0054653623747802,-0.004621852480931894,0.0,0.0,0.00016149687149131026,0.0,True,0,long_short,1.3784356619627824,1.420681127673053
2023-08-31,1.9708428427153306,0.006395955639052708,1.9672067481026803,0.0,0.9971175546389477,0.9952726106719084,0.0018449439670393543,0.0028824453610523104,0.0,0.00016183729689961559,0.0,True,0,long_short,1.3774777393976236,1.4307620271070136
2023-09-01,1.9792881937485307,0.004285146867197387,1.9670455267957245,0.0,0.9975637342143513,0.9913783454511212,0.006185388763230048,0.0024362657856487058,0.0,0.00016122130695561635,0.0,True,0,long_short,1.3813273885885569,1.4328885462634398
2023-09-04,1.9649844689549987,-0.00722670141655446,1.9764616853595174,0.0,1.0063684194137428,1.0122092881767524,-0.005840868763009644,0.0,0.001970678390743062,0.00048383592033436195,1.9921614980130031,True,0,long_short,1.3881931215263872,1.4154979148682143
2023-09-05,1.9650296473147753,2.2991713415798642e-05,1.9762982079186462,0.0,1.0064948057121292,1.0122293556306352,-0.005734549918505979,0.0,0.0,0.0001634774408711764,0.0,True,0,long_short,1.3854359174539794,1.41834755585514
2023-09-06,1.9573421417757477,-0.003912157533873639,1.9761347234780686,0.0,1.008794735704771,1.0183958071277117,-0.009601071422940663,0.0,0.0,0.0001634844405777969,0.0,True,0,long_short,1.383916863028933,1.4143495133745085
2023-09-07,1.9530234253577048,-0.002206418758309181,1.9759708865714687,0.0,0.997189619286021,1.0089393304854968,-0.011749711199475812,0.0028103807139789883,0.0,0.00016383690659990108,0.0,True,0,long_short,1.3689076023201583,1.4267021543656635
2023-09-08,1.9590952927601024,0.0031089577951608494,1.9758089291347123,0.0,0.9917984824478661,1.0003297858695914,-0.008531303421725327,0.008201517552133941,0.0,0.00016195743675640227,0.0,True,0,long_short,1.3652392366709158,1.4349831444467434
2023-09-11,1.9673976501303965,0.0042378527481412576,1.9539008984612833,0.0,0.9983163943869644,0.9914561891466976,0.006860205240266762,0.0016836056130355992,0.0013420709714697286,0.00048322390061215166,1.3727920186401026,True,0,long_short,1.3679530682324144,1.4382055172934756
2023-09-12,1.9688953629311574,0.0007612659294686797,1.9537405761125106,0.0,0.9989803704102742,0.9912832692316288,0.007697101178645375,0.00101962958972579,0.0,0.0001603223487726946,0.0,True,0,long_short,1.3679035964621586,1.4393524280682921
2023-09-13,1.9749305260823093,0.0030652533724124797,1.9535801596989102,0.0,0.9911114219386415,0.9803007295616535,0.010810692376988097,0.008888578061358454,0.0,0.00016041641360066238,0.0,True,0,long_short,1.3618466930832365,1.4501856457947142
2023-09-14,1.9757656332758644,0.00042285395993735264,1.953421034287769,0.0,0.9880899279788719,0.9767805911770935,0.011309336801778412,0.011910072021128149,0.0,0.00015912541114126587,0.0,True,0,long_short,1.3595398176592535,1.4532605868635602
2023-09-15,1.9745884577824162,-0.0005958072524505642,1.9532624132310594,0.0,0.9914590938232271,0.9806588460716995,0.010800247751527619,0.008540906176772944,0.0,0.00015862105670947258,0.0,True,0,long_short,1.3606949496099523,1.451161745215883
2023-09-18,1.9792693152137277,0.0023705483605269695,1.9721247878458723,0.0,0.9992511933437391,0.9956415140985051,0.0036096792452339583,0.0007488066562608697,0.0009038011488243581,0.00047746791085694816,0.9161561610061257,True,0,long_short,1.362506768483636,1.4526675103540956
2023-09-19,1.9787337799465174,-0.00027057220717463526,1.9719628172131758,0.0,0.9967660633460856,0.9933441968969645,0.0034218664491211265,0.00323393665391436,0.0,0.00016197063269655674,0.0,True,0,long_short,1.3596651913236002,1.4553095810449257
2023-09-20,1.9794048438429148,0.00033913804029550576,1.9718012640309146,0.0,0.996025036342113,0.9921836898708989,0.003841346471214081,0.003974963657886965,0.0,0.00016155318226141385,0.0,True,0,long_short,1.3580058539335818,1.4575819670507288
2023-09-21,1.9699130067887218,-0.0047952984876833415,1.9716398448636503,0.0,0.993567170206939,0.9944437764677116,-0.0008766062607727241,0.0064328297930610345,0.0,0.00016141916726403234,0.0,True,0,long_short,1.3544808208789847,1.454367589723681
2023-09-22,1.9681317643851306,-0.0009042238908280043,1.9714788338173668,0.0,1.0022735354120131,1.0039741682115058,-0.001700632799492427,0.0,0.0,0.0001610110462836034,0.0,True,0,long_short,1.3626260428886363,1.444366761267002
2023-09-25,1.9711446759010331,0.0015308484779441578,1.9676417795440522,0.0,0.9983322149783269,0.9965551275834711,0.001777087394855885,0.001667785021673085,0.0008029337004571604,0.0004872213988962422,0.8158051837114763,True,0,long_short,1.36137061200646,1.4479118753679103
2023-09-26,1.9846565071698328,0.006854814582609503,1.9674803257631774,0.0,0.9998260022033642,0.9911715164802156,0.008654485723148515,0.0001739977966358497,0.0,0.0001614537808749069,0.0,True,0,long_short,1.3614576958760196,1.4577437941564688
2023-09-27,1.9952763319289102,0.005350963615472937,1.967318643434418,0.0,1.0018564678507325,0.9878445297311318,0.014011938119600751,0.0,0.0,0.00016168232875922063,0.0,True,0,long_short,1.3634904434771473,1.463359234730384
2023-09-28,1.9655767303034133,-0.014884956609887312,1.9671566415596402,0.0,1.0125096554798003,1.0133134456508321,-0.0008037901710318022,0.0,0.0,0.0001620018747779155,0.0,True,0,long_short,1.3682583700474862,1.4365537776576487
2023-10-09,1.9776876039172115,0.0061614860550007755,1.9679423654707822,0.0,0.996039369761204,0.991111777341083,0.004927592420120945,0.0039606302387960035,0.0008465972692577858,0.0018007560511252051,0.8600183008742017,True,0,long_short,1.3651867152709867,1.448657228930509
2023-10-10,1.9803271764281696,0.0013346761671204632,1.967781260582332,0.0,0.9926497244751807,0.9863144501855725,0.006335274289608146,0.007350275524819261,0.0,0.00016110488845017662,0.0,True,0,long_short,1.361555622873307,1.4544592546642066
2023-10-11,1.9804103950191219,4.202264754171736e-05,1.9676207215157397,0.0,0.9910339259428532,0.9845758334507371,0.0064580924921162144,0.008966074057146778,0.0,0.00016053906659229842,0.0,True,0,long_short,1.3580089035632552,1.4583191537424818
2023-10-12,1.9725654082908568,-0.003961293451092751,1.9674604587035274,0.0,0.9918694574712176,0.9892814826614228,0.0025879748097947792,0.008130542528782425,0.0,0.00016026281221236618,0.0,True,0,long_short,1.3612116924157067,1.4491246433463973
2023-10-13,1.9732216992546212,0.00033270935453200146,1.9673000678187254,0.0,0.9897419815303057,0.9867409850187971,0.0030009965115085223,0.010258018469694319,0.0,0.00016039088480224222,0.0,True,0,long_short,1.3582867587112673,1.4527283628434984
2023-10-16,2.0003494533722423,0.013747950434494172,1.9694442588172865,0.0,0.9883145863130909,0.9728646885450508,0.015449897768040045,0.011685413686909119,0.000931158828003002,0.00048009667146977334,0.9451587952876409,True,0,long_short,1.3513661324393176,1.480242404596496
2023-10-17,1.9877334622884428,-0.0063068935592884845,1.9692843079119766,0.0,0.9854755018946798,0.9761939987522887,0.00928150314239107,0.014524498105320194,0.0,0.0001599509053098287,0.0,True,0,long_short,1.3483212466343948,1.4742283912310317
2023-10-18,1.9816893798216877,-0.003040690606373686,1.9691248218727708,0.0,0.977323546565126,0.9709832199342958,0.006340326630830244,0.02267645343487401,0.0,0.00015948603920589753,0.0,True,0,long_short,1.3379382741400214,1.4811515733754208
2023-10-19,1.9707751400074986,-0.005507543172669771,1.9689666695055164,0.0,0.9691780736569786,0.9682604293934247,0.0009176442635538284,0.03082192634302139,0.0,0.00015815236725442685,0.0,True,0,long_short,1.325836665900871,1.4864388583403743
2023-10-20,1.9679878151272177,-0.001414329226961164,1.9688098292109983,0.0,0.9620784902711418,0.9624961829405079,-0.0004176926693660501,0.037921509728858216,0.0,0.0001568402945179354,0.0,True,0,long_short,1.3218853623874942,1.4887734376396904
2023-10-23,1.965150243142456,-0.0014418646106192368,1.9674149644616865,0.0,0.9864879835324397,0.9876404253506333,-0.0011524418181936265,0.013512016467560284,0.0008539900121883703,0.00046705826962192853,0.867757437566905,True,0,long_short,1.3075819215242184,1.502888813919762
2023-10-24,1.971735865840474,0.0033512057009377205,2.101357987961336,0.0,0.930074832634157,0.9958149372630339,-0.065740104628877,0.06992516736584298,6.708481560236631e-05,0.00015952288948069444,0.06830971795086459,True,0,long_short,1.3216047964575504,1.4919254766065808
2023-10-25,1.9741998451262763,0.0012496497773812898,2.1011966057124973,0.0,0.9312780708362252,0.9956062901397262,-0.06432821930350109,0.06872192916377484,0.0,0.00016138224883900318,0.0,True,0,long_short,1.3278680581110323,1.4867439826323465
2023-10-26,1.9718689862059469,-0.001180660066448569,2.101035055648075,0.0,0.9354346998951943,1.0009390870252213,-0.06550438713002692,0.06456530010480566,0.0,0.00016155006442196662,0.0,True,0,long_short,1.3302515131245896,1.4823279408074346
2023-10-27,1.9707052282834436,-0.0005901801441394738,2.1008728320253804,0.0,0.9461736238704609,1.0122249043327944,-0.06605128046233358,0.05382637612953911,0.0,0.00016222362269476676,0.0,True,0,long_short,1.3409648621669041,1.4696173508222459
2023-10-30,1.9785539834077,0.003982713909524094,1.976932275944145,0.0,1.0037963936427863,1.0029767508748078,0.000819642767978431,0.0,0.0008203633752176528,0.0004918677315207156,0.8295914857178274,True,0,long_short,1.3425703227660277,1.4737060322705393
2023-10-31,1.9765076387125127,-0.0010342627557035078,1.9767691709869635,0.0,0.9943670927848732,0.9944994131813789,-0.00013232039650564408,0.00563290721512677,0.0,0.00016310495718153397,0.0,True,0,long_short,1.3353779406054125,1.480111044680306
2023-11-01,1.9765308419763352,1.1739526510456955e-05,1.9766076118894143,0.0,0.9904755002979987,0.9905143410342263,-3.8840736227633024e-05,0.00952449970200131,0.0,0.00016155909754915945,0.0,True,0,long_short,1.3309712257274893,1.4850289801689684
2023-11-02,1.9826794575322584,0.0031108118453517797,1.9764466982884987,0.0,0.9876267763093111,0.9844831722233951,0.003143604085915949,0.01237322369068894,0.0,0.0001609136009156724,0.0,True,0,long_short,1.328818187178137,1.4920622525062315
2023-11-03,1.9755247977911958,-0.0036085811621651143,1.9762862669546477,0.0,0.9994556710709219,0.9998411226553834,-0.00038545158446148776,0.0005443289290780751,0.0,0.0001604313338509741,0.0,True,0,long_short,1.3332655637850377,1.4817189099093162
2023-11-06,1.9740275001724863,-0.000757923980697961,1.9794036698800284,0.0,1.0076359248180597,1.0103593771038422,-0.0027234522857823885,0.0,0.0008896405126483095,0.00048703831191544895,0.8984936806880396,True,0,long_short,1.3428024334689401,1.4700803714459063
2023-11-07,1.970427480983368,-0.0018236925214080157,1.9792397402475248,0.0,1.0100903666233378,1.0145626242167811,-0.004472257593443266,0.0,0.0,0.00016392963250357216,0.0,True,0,long_short,1.3445844337413737,1.465454627866362
2023-11-08,1.9746506495816196,0.002143275324268279,1.9790754288440233,0.0,1.0073952581048007,1.0096360490332321,-0.0022407909284315485,0.0,0.0,0.00016431140350153537,0.0,True,0,long_short,1.3430562304273075,1.4702665494157037
2023-11-09,1.9826719465123128,0.0040621347033678035,1.9789115648593605,0.0,1.0048583932392985,1.0029617700185145,0.0018966232207840703,0.0,0.0,0.00016386398466283492,0.0,True,0,long_short,1.342495437415161,1.4768556311295529
2023-11-10,1.9805254982698166,-0.0010826038297823137,1.9787481228732091,0.0,1.0057303405085076,1.004832914346532,0.0008974261619757764,0.0,0.0,0.0001634419861512364,0.0,True,0,long_short,1.340402036068309,1.4775607951768925
2023-11-13,1.9819083891294231,0.0006982444107963559,1.979184520775573,0.0,0.9962516733910837,0.9948773069628521,0.0013743664282315628,0.0037483266089163303,0.0007142687872188381,0.0004907089006925122,0.721520504971434,True,0,long_short,1.340411862652812,1.4785816541544357
2023-11-14,1.986616386124461,0.0023754866879119874,1.9790224586648204,0.0,0.9973421385246608,0.9935195950720445,0.003822543452616358,0.002657861475339196,0.0,0.0001620621107526711,0.0,True,0,long_short,1.3438433737307611,1.4783094704029693
2023-11-15,1.983837916458257,-0.0013985939538253556,1.9788602332696827,0.0,1.0036977840376737,1.0011886661569849,0.002509117880688966,0.0,0.0,0.00016222539513746816,0.0,True,0,long_short,1.3480210275354452,1.471666892381687
2023-11-16,1.9827270616223551,-0.0005599524168209413,1.9786969842803033,0.0,0.9980365066409881,0.9960039135422919,0.002032593098696193,0.001963493359011914,0.0,0.00016324898937949265,0.0,True,0,long_short,1.341076681921592,1.4784591279160562
2023-11-17,1.9839366308811268,0.0006100533362276561,1.978534671629931,0.0,0.9960387774487314,0.9933159287613736,0.0027228486873577627,0.003961222551268628,0.0,0.0001623126503722253,0.0,True,0,long_short,1.3390595213165726,1.481589577833334
2023-11-20,1.9847197569951756,0.00039473343143070494,1.9841300113263933,0.0,1.0026360341977487,1.0023388911544029,0.0002971430433457185,0.0,0.0005994647096163442,0.00048592007435524856,0.6040769957360858,True,0,long_short,1.342903071248159,1.4779322495334537
2023-11-21,1.9787802961774348,-0.0029925941921055133,1.983966502137313,0.0,0.9990445308018799,1.0016654412535844,-0.002620910451704516,0.0009554691981200625,0.0,0.00016350918908044767,0.0,True,0,long_short,1.3408493150870602,1.4757663474280511
2023-11-22,1.9809840902202738,0.0011137133551897271,1.9838035917944212,0.0,0.990914715219502,0.9923379985199923,-0.0014232833004901861,0.00908528478049797,0.0,0.00016291034289160015,0.0,True,0,long_short,1.330459565637857,1.488947234011233
2023-11-23,1.9878325254301275,0.003457087436321782,1.9836420187160222,0.0,0.9898355312048098,0.9877274528528881,0.0021080783519217233,0.010164468795190174,0.0,0.00016157307839910693,0.0,True,0,long_short,1.3298991114734524,1.4947243052352464
2023-11-24,1.9866226871740091,-0.0006086218233382068,1.9834806403524299,0.0,0.9856057630521331,0.9840241608476155,0.0015816022045177238,0.0143942369478669,0.0,0.00016137836359242936,0.0,True,0,long_short,1.3251403337921333,1.4991790956124038
2023-11-27,1.98193881874578,-0.0023577040866737953,1.979326007309931,0.0,1.0012660596230725,0.9999477487796014,0.001318310843471138,0.0,0.0011769645638811895,0.0004820263699727439,1.1885511716931467,True,0,long_short,1.3255926955270065,1.4951340826133888
2023-11-28,1.9738391213591329,-0.004086754500208456,1.979163116740614,0.0,1.0073257884550866,1.0100230677438946,-0.0026972792888080225,0.0,0.0,0.00016289056931702013,0.0,True,0,long_short,1.327910414078717,1.486424912729185
2023-11-29,1.9715179940634193,-0.0011759455320327072,1.9789992573122919,0.0,1.0051167173844346,1.008911388937725,-0.0037946715532904515,0.0,0.0,0.00016385942832230672,0.0,True,0,long_short,1.3242301887585228,1.4888030878617367
2023-11-30,1.9688619215334902,-0.0013472220582957384,1.9788357707130282,0.0,1.0027794625532775,1.0078452566907201,-0.005065794137442536,0.0,0.0,0.00016348659926352673,0.0,True,0,long_short,1.321828435966926,1.4894988396079216
2023-12-01,1.9635384617364775,-0.0027038258695492035,1.9786726768925875,0.0,1.0053423848719663,1.013050008354282,-0.00770762348231564,0.0,0.0,0.0001630938204408086,0.0,True,0,long_short,1.324856040537033,1.4820768458288895
2023-12-04,1.967290492889309,0.001910851875808639,1.9608904927601019,0.0,0.9980757548226081,0.9948225493848044,0.0032532054378037085,0.00192424517739187,0.0008867445065971609,0.0004904784628930091,0.9040216083174077,True,0,long_short,1.3238903244738203,1.4859920467136942
2023-12-05,1.972452629715887,0.002623983008730457,1.9607296348195389,0.0,0.9915006889895789,0.9855573295802141,0.005943359409364836,0.008499311010421118,0.0,0.0001608579405630107,0.0,True,0,long_short,1.3174932179624543,1.4971254522025916
2023-12-06,1.972350840959733,-5.160517146041155e-05,1.960569856862295,0.0,0.9904474563702667,0.9844743891791853,0.0059730671910814045,0.009552543629733345,0.0,0.00015977795724380223,0.0,True,0,long_short,1.319078347697089,1.4952491975955475
2023-12-07,1.9757212072600583,0.0017088066840507121,1.9604102627070017,0.0,0.9894464007290118,0.9816968536285432,0.007749547100468596,0.010553599270988201,0.0,0.00015959415529322347,0.0,True,0,long_short,1.3198275400534973,1.4969540696051662
2023-12-08,1.968274618321685,-0.003769048442163636,1.9602508468747157,0.0,0.992299719640484,0.988223168852154,0.0040765507883300835,0.007700280359515976,0.0,0.00015941583228611393,0.0,True,0,long_short,1.3220476704556623,1.4888075992322511
2023-12-11,1.9661478868114124,-0.0010805054795077762,1.9688204339793944,0.0,1.0014988345234386,1.0028581153719998,-0.0013592808485612753,0.0,0.0011378603730450847,0.0004796123623123856,1.1552126522750774,True,0,long_short,1.3242637346849293,1.4847102093898246
2023-12-12,1.965396498634409,-0.0003821625941994311,1.9686583709083552,0.0,1.0017675405985902,1.0034271916034703,-0.0016596510048800933,0.0,0.0,0.00016206307103920547,0.0,True,0,long_short,1.3245629372406544,1.4838075589890405
2023-12-13,1.9662691671326264,0.0004440165121002426,1.968496277843505,0.0,0.998030674705101,0.9991633328111761,-0.0011326581060751436,0.001969325294899016,0.0,0.0001620930648503029,0.0,True,0,long_short,1.31985566441604,1.4897607519853977
2023-12-14,1.967466378770103,0.0006088747448662613,1.9683348018938418,0.0,0.9957756472064847,0.9962170388018428,-0.0004413915953580842,0.004224352793515296,0.0,0.0001614759496632403,0.0,True,0,long_short,1.3177453206821141,1.4930551054824988
2023-12-15,1.9647405874918906,-0.0013854322023618693,1.9681737040694745,0.0,0.9927672830680367,0.994514646867329,-0.001747363799292291,0.007232716931963257,0.0,0.0001610978243671674,0.0,True,0,long_short,1.3145838712541231,1.494572260054821
2023-12-18,1.9783791220438887,0.006941646464080131,1.9649894070161529,0.0,0.9893575055994809,0.9825894827880075,0.0067680228114733055,0.01064249440051912,0.000574431923381772,0.0004817991677807851,0.5844958194710083,True,0,long_short,1.3088078726528865,1.5115886474871332
2023-12-19,1.9827963984299577,0.002232775476070259,1.9648296315762936,0.0,0.9828634686596919,0.9738021415017998,0.009061327157892126,0.017136531340308125,0.0,0.00015977543985926275,0.0,True,0,long_short,1.3048769000039984,1.5195275496285374
2023-12-20,1.9873165074547645,0.002279663725628156,1.964670931462955,0.0,0.9795315694627157,0.9681365169349163,0.011395052527799371,0.02046843053728431,0.0,0.00015870011333861495,0.0,True,0,long_short,1.3016761442379958,1.5267365206405807
2023-12-21,1.984064546549588,-0.001636357818685652,1.9645127949959762,0.0,0.9864336700601481,0.9765792771737809,0.009854392886367186,0.013566329939851851,0.0,0.00015813646697872752,0.0,True,0,long_short,1.3053431544962724,1.5199562963313138
2023-12-22,1.9823244966558577,-0.0008770127447498277,1.964353540503861,0.0,0.9869462592824797,0.9778806617063445,0.009065597576135183,0.013053740717520301,0.0,0.00015925449211524838,0.0,True,0,long_short,1.305348576060136,1.518616967920555
2023-12-25,1.9886229447535124,0.0031773042749965175,1.9828185863116705,0.0,0.9943946698058269,0.9914758870083361,0.0029187827974907856,0.005605330194173086,0.001133585956943438,0.0004779805784810613,1.1427553272589261,True,0,long_short,1.3034093504356565,1.5257086686456771
2023-12-26,1.9891916760798354,0.0002859925396230256,1.9826565311036095,0.0,0.9863312497357342,0.9830459228088164,0.003285326926917724,0.013668750264265839,0.0,0.00016205520806092752,0.0,True,0,long_short,1.2978037922483836,1.5327368343050185
2023-12-27,1.9894094038390675,0.00010945539429441098,1.9824958078077037,0.0,0.9921019847822795,0.9886267845454542,0.0034752002368253236,0.007898015217720489,0.0,0.00016072329590593296,0.0,True,0,long_short,1.3028631278763938,1.52695195778678
2023-12-28,1.9767535706068258,-0.0063616032013416035,1.9823341543757533,0.0,1.0076010384627712,1.0104241439079351,-0.002823105445163991,0.0,0.0,0.00016165343195029364,0.0,True,0,long_short,1.3166515201726225,1.5013490967964394
2023-12-29,1.983551176885007,0.0034387727328573092,1.9821699878386878,0.0,1.0142566739530563,1.013560352596484,0.0006963213565721615,0.0,0.0,0.0001641665370655361,0.0,True,0,long_short,1.3241973205275994,1.4979271941848527
2024-01-02,1.9912076322769905,0.0038599737083704344,1.98275192126382,0.0,0.9990818879437752,0.9948353639368835,0.004246524006891686,0.000918112056224829,0.0006192257869364446,0.0006609694784339962,0.6244174599970601,True,0,long_short,1.325904096601425,1.5017734973297694
2024-01-03,1.9918232342962499,0.00030916013442339185,1.98258910561153,0.0,0.9931441125155233,0.9885080943560188,0.0046360181595044275,0.0068558874844767415,0.0,0.00016281565229015176,0.0,True,0,long_short,1.3196493061414798,1.509357997633582
2024-01-04,1.9958215711737308,0.0020073753577303233,1.9824272754699166,0.0,0.9891359843159241,0.9824248153931747,0.006711168922749455,0.010864015684075912,0.0,0.000161830141613279,0.0,True,0,long_short,1.316682355317097,1.5157957901646495
2024-01-05,1.9975270549554485,0.0008545271813624744,1.9822661183763317,0.0,0.982518617722731,0.9748787028884074,0.007639914834323595,0.01748138227726903,0.0,0.0001611570935850467,0.0,True,0,long_short,1.3136266263844472,1.5206201022685806
2024-01-08,2.0014063410973626,0.0019420443554396538,1.994510184412157,0.0,0.9843688256108811,0.9809231701517181,0.003445655459162918,0.015631174389118874,0.0008500188690281124,0.00048016765092808805,0.8519954117861375,True,0,long_short,1.3040670539018657,1.5347418946817235
2024-01-09,2.004439677734133,0.0015156025912794746,1.9943488233831541,0.0,0.9871183257656058,0.9820840738182556,0.00503425194735027,0.012881674234394236,0.0,0.00016136102900309393,0.0,True,0,long_short,1.3065755437320286,1.534116942070387
2024-01-10,2.0038241395968717,-0.0003070873841197752,1.9941870265378585,0.0,0.9830530922332162,0.9782437315370466,0.004809360696169761,0.01694690776678376,0.0,0.0001617968452957881,0.0,True,0,long_short,1.3053140135905053,1.5351280371877618
2024-01-11,1.9981261683235245,-0.002843548573326138,1.9940259118745436,0.0,0.9924388018699405,0.9903867510465326,0.0020520508234078793,0.00756119813005951,0.0,0.00016111466331478812,0.0,True,0,long_short,1.3103469190946802,1.5248833260920183
2024-01-12,2.0012432934436566,0.0015600241714202046,1.9938632611059934,0.0,0.9926071163089375,0.9889193926014597,0.0036877237074778527,0.007392883691062502,0.0,0.00016265076855016377,0.0,True,0,long_short,1.3135632618567907,1.5235225828520766
2024-01-15,2.004161641819058,0.0014582676603900335,1.9944531732692612,0.0,0.9962987109887651,0.9914545565317496,0.004844154457015393,0.0037012890112348984,0.0011165370349351606,0.00048798944437809333,1.1190158170570355,True,0,long_short,1.3115250926917996,1.5281153620215362
2024-01-16,2.011506208246053,0.003664657717093567,1.9942898553082906,0.0,0.989156289124988,0.9805973531062051,0.008558936018782817,0.010843710875012014,0.0,0.0001633179609704924,0.0,True,0,long_short,1.3085381498506699,1.5372163268419845
2024-01-17,2.0058752042941665,-0.002799396754930461,1.994127733856491,0.0,0.9784832015865925,0.9726266705259727,0.005856531060619837,0.02151679841340748,0.0,0.00016212145179968045,0.0,True,0,long_short,1.2971366010454133,1.5463870209795583
2024-01-18,2.007158245214521,0.0006396414480860368,1.9939673803451394,0.0,0.9767853365701437,0.970213425809828,0.006571910760315739,0.02321466342985634,0.0,0.00016035351135149922,0.0,True,0,long_short,1.2953562950116868,1.5495028301818785
2024-01-19,2.0110762643345197,0.0019520230302418895,1.9938073223826274,0.0,0.9727029935911843,0.9641160780882028,0.008586915502981565,0.027297006408815716,0.0,0.0001600579625122211,0.0,True,0,long_short,1.2941486416610588,1.5539762586724766
2024-01-22,1.9946321345972091,-0.008176780776015136,2.011484907347163,0.0,0.9794485673819477,0.9878976304736529,-0.00844906309170505,0.020551432618052257,0.0013181481125962827,0.000478087634146801,1.3097636244348752,True,0,long_short,1.276195471774322,1.5629518978186228
2024-01-23,2.0064098808048465,0.00590472097754291,2.011322949071045,0.0,0.9800987920082871,0.9825474782479243,-0.0024486862396372144,0.01990120799171291,0.0,0.00016195827611796058,0.0,True,0,long_short,1.2779717116351506,1.5699955347506616
2024-01-24,2.014236206914471,0.0039006616666406035,2.0111609167722464,0.0,0.9745494722559052,0.9730226949436577,0.0015267773122474644,0.025450527744094842,0.0,0.0001620322987986181,0.0,True,0,long_short,1.2779544304003352,1.5761408693449939
2024-01-25,2.0132055306219248,-0.0005116958423286855,2.010999829303016,0.0,0.9925907420426782,0.9914951254822432,0.0010956165604350018,0.007409257957321835,0.0,0.0001610874692305487,0.0,True,0,long_short,1.2937111892268105,1.5561475755845644
2024-01-26,2.001914699607779,-0.005608384659393284,2.0108357676479307,0.0,0.9963894292601285,1.0008456970730877,-0.004456267812959108,0.003610570739871477,0.0,0.00016406165508538612,0.0,True,0,long_short,1.296531418979133,1.5440541357524933
2024-01-29,1.9935201228938415,-0.0041932739269970876,2.000871264968204,0.0,0.9873468032142919,0.9910343215844056,-0.003687518370113707,0.012653196785708087,0.0009013770429377066,0.0004940402580024185,0.9005788409937612,True,0,long_short,1.2872737598342086,1.5486372713373668
2024-01-30,1.9897572832618342,-0.0018875353144391926,2.0007088830342954,0.0,0.9775218651877051,0.9830258529678167,-0.005503987780111617,0.02247813481229488,0.0,0.00016238193390879116,0.0,True,0,long_short,1.2787795246508344,1.555981500255198
2024-01-31,1.9965500099032996,0.00341384685388868,2.000548117320549,0.0,0.9667257911136604,0.9687282991387127,-0.0020025080250522897,0.033274208886339585,0.0,0.00016076571374608686,0.0,True,0,long_short,1.2715830763173215,1.5701294292824197
2024-02-01,1.9985892382118218,0.0010213760228430235,2.000389149005872,0.0,0.9679779053494609,0.9688784960059286,-0.0009005906564676839,0.03202209465053907,0.0,0.00015896831467717836,0.0,True,0,long_short,1.2721513239797804,1.571031056242164
2024-02-02,1.9919574050350974,-0.0033182572236093444,2.0002299936522894,0.0,0.9616665734719517,0.9658195682078238,-0.0041529947358720535,0.038333426528048276,0.0,0.00015915535358238116,0.0,True,0,long_short,1.2677876427650248,1.5712074623875256
2024-02-05,2.001092149900983,0.0045858133526328615,1.9896158633123124,0.0,0.9874666945867785,0.9817316830385905,0.005735011548188097,0.012533305413221507,0.001375040162222513,0.0004743792593801198,1.3812621241241159,True,0,long_short,1.2566483621116722,1.5924042160356995
2024-02-06,2.030389646163716,0.014640753182796784,1.9894543946357999,0.0,1.0086747979102155,0.9885135192092233,0.020161278700992363,0.0,0.0,0.00016146867651267973,0.0,True,0,long_short,1.2748173780097303,1.5926905933252964
2024-02-07,2.02442180305678,-0.0029392600175102146,1.9892894301743345,0.0,1.014898538199623,0.9975442631027053,0.01735427509691762,0.0,0.0,0.00016496446146536416,0.0,True,0,long_short,1.2769768546661708,1.5853238025884246
2024-02-08,2.0277353732621077,0.0016367983195617608,1.9891234479533149,0.0,1.0231592551671818,1.00411735955401,0.01904189561317172,0.0,0.0,0.0001659822210196706,0.0,True,0,long_short,1.2851505398861065,1.5778193373686877
2024-02-19,2.0361924854658344,0.004170717893095421,2.022631513493954,0.0,0.9968150131114875,0.990155047480204,0.006659965631283497,0.003184986888512542,0.0016894777826682171,0.0018408433296670957,1.6691797298438935,True,0,long_short,1.289835787607525,1.5786447430201191
2024-02-20,2.054273864524995,0.008879994984867023,2.0224658028418614,0.0,0.9999158346317092,0.9844319878903263,0.015483846741382824,8.416536829081167e-05,0.0,0.00016571065209248693,0.0,True,0,long_short,1.2996471239620246,1.5806397187741712
2024-02-21,2.060683512071409,0.0031201524086450494,2.022299586986728,0.0,1.0034941400513282,0.9848673471159601,0.018626792935368102,0.0,0.0,0.0001662158551336014,0.0,True,0,long_short,1.3074934822636928,1.5760564316570829
2024-02-22,2.067785598217993,0.003446471088345504,2.0221327787754584,0.0,1.0041922802495973,0.9821141598284674,0.022078120421129933,0.0,0.0,0.00016680821126953708,0.0,True,0,long_short,1.3102676287231743,1.5781398798907997
2024-02-23,2.0656598403593893,-0.001028035914572567,2.0219658635824036,0.0,1.006249318597335,0.9850967667960743,0.021152551801260713,0.0,0.0,0.00016691519305473445,0.0,True,0,long_short,1.3122925828262477,1.5740848248266677
2024-02-26,2.0596574865605404,-0.002905780362077781,2.0662893694166775,0.0,0.9971668598659502,1.0003867558435149,-0.0032198959775647236,0.002833140134049783,0.0008171970462378306,0.0005017499580916921,0.7906675538612021,True,0,long_short,1.3091572246743504,1.5732697706135907
2024-02-27,2.060359393417262,0.00034078814623383913,2.0661200170272696,0.0,1.0002475922980385,1.0030435237401025,-0.0027959314420641667,0.0,0.0,0.0001693523894078718,0.0,True,0,long_short,1.3125355366568876,1.5697551310992537
2024-02-28,2.053870610649068,-0.0031493451040266462,2.0659501570152576,0.0,0.981571148766865,0.987452505802483,-0.005881357035617954,0.01842885123313498,0.0,0.00016986001201185787,0.0,True,0,long_short,1.297819718092233,1.5825546352988176
2024-02-29,2.045454691293569,-0.004097589844201277,2.0657834638907855,0.0,0.9977144500971619,1.0076529604360833,-0.00993851033892146,0.0022855499028381354,0.0,0.0001666931244722875,0.0,True,0,long_short,1.3062495722047265,1.56589884109297
2024-03-01,2.0322951975271994,-0.006433529827075901,2.065614057714748,0.0,1.0078541646336079,1.024248859768493,-0.016394695134884913,0.0,0.0,0.00016940617603724707,0.0,True,0,long_short,1.3094408402339677,1.552032848741814
2024-03-04,2.0181648556162384,-0.006952898342796998,2.0097322612842228,0.0,0.993446845784826,0.9892684981594825,0.004178347625343512,0.006553154215173995,0.0011250310718709422,0.0005132653246307387,1.1189566521180214,True,0,long_short,1.3071481964151264,1.5439449491274868
2024-03-05,2.012787280194868,-0.002664586793494794,2.0095681648253936,0.0,0.9881917766556354,0.9865924445249382,0.001599332130697201,0.011808223344364599,0.0,0.00016409645882907328,0.0,True,0,long_short,1.3017798316468883,1.5461810294360459
2024-03-06,2.013513323148827,0.00036071519385250106,2.0094049483276066,0.0,0.9902437803250596,0.9882033792142313,0.0020404011108283377,0.009756219674940447,0.0,0.00016321649778708135,0.0,True,0,long_short,1.3028248380816068,1.5454981086434458
2024-03-07,2.012378374939018,-0.0005636656071559276,2.1056942014728794,0.0,0.9397205790179501,0.9860914939989309,-0.046370914980980775,0.06027942098204986,4.825052282048614e-05,0.00016354197287905868,0.04794769629538162,True,0,long_short,1.3011997243134776,1.5465561030615522
2024-03-08,2.0072069553083174,-0.002569804811611287,2.1055311009908326,0.0,0.9443161644737307,0.9933017189640063,-0.048985554490275626,0.05568383552626932,0.0,0.00016310048204669234,0.0,True,0,long_short,1.3034418798188385,1.5399282364529312
2024-03-11,2.0075213027021075,0.00015660935857098046,2.006802927758156,0.0,1.0040834182868352,1.0037255765329347,0.00035784175390053577,0.0,0.0007218295039845972,0.0004916125772936534,0.7191238876366607,True,0,long_short,1.3084785126481697,1.5342409396079246
2024-03-12,2.0061435392130793,-0.0006863008064589282,2.0066373112805977,0.0,1.005547668914101,1.005793798893271,-0.00024612997916994704,0.0,0.0,0.0001656164775580949,0.0,True,0,long_short,1.3077977675355401,1.5339860558054985
2024-03-13,2.011812719545219,0.002825909622779621,2.0064714674396584,0.0,1.003887719827751,1.0012327748352727,0.0026549449924781294,0.0,0.0,0.00016584384093947793,0.0,True,0,long_short,1.3081213671286516,1.5379404160037395
2024-03-14,2.010256796694043,-0.0007733934854174951,2.006305909124729,0.0,1.0018894575822372,0.9999240929702082,0.0019653646120290774,0.0,0.0,0.0001655583149292457,0.0,True,0,long_short,1.306607734267469,1.5385312240027913
2024-03-15,2.018346830790489,0.004024378432522235,2.0061406950805587,0.0,1.0021361831423858,0.9960885923499005,0.0060475907924854135,0.0,0.0,0.0001652140441702592,0.0,True,0,long_short,1.3108653561391417,1.5397056771223816
2024-03-18,2.0197807506621683,0.0007104427493849208,2.0160808521936984,0.0,1.0036918460538309,1.0018600143229575,0.0018318317308734884,0.0,0.0011249257924822883,0.0004957279529316118,1.1153307260554497,True,0,long_short,1.3170205253630922,1.5335985368225986
2024-03-19,2.021582022417557,0.0008918154877939344,2.0159145340371127,0.0,1.0042765360477626,1.0014730443676843,0.0028034916800784414,0.0,0.0,0.00016631815658528498,0.0,True,0,long_short,1.3182590138581949,1.5335241414363041
2024-03-20,2.0206275070647304,-0.0004721625648832495,2.0157481318533517,0.0,1.0102573731512665,1.0078425910133815,0.002414782137885009,0.0,0.0,0.000166402183761328,0.0,True,0,long_short,1.3229395177112326,1.5273770871706525
2024-03-21,2.0205286213343476,-4.893812938666642e-05,2.0155807503907055,0.0,1.0085771308795992,1.006128330654055,0.0024488002255441637,0.0,0.0,0.00016738146264600227,0.0,True,0,long_short,1.324261362750739,1.525777824656404
2024-03-22,2.0268870420936826,0.0031469095226852595,2.0154136618080627,0.0,1.0032717520372907,0.9976111601802485,0.005660591857042155,0.0,0.0,0.0001670885826428931,0.0,True,0,long_short,1.3199047973385543,1.5356312411173
2024-03-25,2.03491827893619,0.00396235047919169,2.026933226526634,0.0,0.9929359146576491,0.9890118983999886,0.003924016257660546,0.007064085342350923,0.0012064017433598049,0.0004985864713029183,1.1896634004325106,True,0,long_short,1.316512253750875,1.5456888252566614
2024-03-26,2.0270235657752314,-0.0038796217237213604,2.0267678107685403,0.0,0.990731053083074,0.99060488039766,0.0001261726854139434,0.009268946916926035,0.0,0.00016541575809365906,0.0,True,0,long_short,1.3134788887691626,1.5432479220695496
2024-03-27,2.006934394055626,-0.009910674971320477,2.0266027713627643,0.0,0.9841969833743558,0.993997192771033,-0.009800209396677214,0.015803016625644206,0.0,0.00016503940577572697,0.0,True,0,long_short,1.3059869652050808,1.5367185489025723
2024-03-28,2.018046767930688,0.0055369891053618225,2.0264388080350577,0.0,0.9875241950666874,0.9916826914096514,-0.004158496342963891,0.012475804933312573,0.0,0.00016396332770687066,0.0,True,0,long_short,1.3095082709345218,1.5410721816140363
2024-03-29,2.0289197096217597,0.005387854168622974,2.0262743207432594,0.0,0.987520693302368,0.9862168522159246,0.0013038410864434954,0.012479306697631976,0.0,0.00016448729179825093,0.0,True,0,long_short,1.3134253508260092,1.544754491258889
2024-04-01,2.041071198392855,0.0059891422580544695,2.030041536704212,0.0,1.0022059850855802,0.9968021257310766,0.005403859354503685,0.0,0.001086246175052826,0.0004933861173917308,1.0695990515308669,True,0,long_short,1.3211463354633304,1.5449243914959994
2024-04-02,2.0278187938884136,-0.006492867331074237,2.0298743139007054,0.0,1.0011336525412107,1.0021473131397252,-0.0010136605985144832,0.0,0.0,0.0001672228035062855,0.0,True,0,long_short,1.3217593110276642,1.5341815843247513
2024-04-03,2.0248891022062425,-0.0014447502365599885,2.029707285970089,0.0,1.0029271587294868,1.005306639047,-0.002379480317513098,0.0,0.0,0.00016702793061612424,0.0,True,0,long_short,1.3235128480898137,1.5299353573550147
2024-04-08,2.025091630415694,0.00010001940809045706,2.020111849073536,0.0,0.9921108450487635,0.9896518050392324,0.0024590400095310014,0.007889154951236543,0.0008740129234903248,0.0008365621059377485,0.8649371971624513,True,0,long_short,1.3197638366780995,1.5344348542788793
2024-04-09,2.032344424919338,0.0035814648555705375,2.0199471256005976,0.0,0.9968285758471066,0.9907285766704255,0.006099999176681096,0.0031714241528933984,0.0,0.00016472347293786853,0.0,True,0,long_short,1.324926859715002,1.5339295222352916
2024-04-10,2.0355086593011444,0.0015569380578452918,2.0197816323102358,0.0,0.9930618192898276,0.9853354817382555,0.007726337551572125,0.006938180710172381,0.0,0.00016549329036200629,0.0,True,0,long_short,1.3226999523580076,1.5389043113461949
2024-04-11,2.041269988417899,0.0028304124821225685,2.0196167836330803,0.0,0.9956777404276671,0.9850700281173513,0.010607712310315778,0.004322259572332898,0.0,0.00016484867715574388,0.0,True,0,long_short,1.3258661456543794,1.5395747112997087
2024-04-12,2.0366768076812387,-0.0022501583635295974,2.0194515129028154,0.0,0.9992396802702558,0.9907821308380343,0.008457549432221384,0.0007603197297442188,0.0,0.0001652707302645966,0.0,True,0,long_short,1.327975472845081,1.5336705001921624
2024-04-15,2.022211555932021,-0.007102379569827844,2.03588725661672,0.0,0.9978379295389229,1.0046006743390812,-0.00676274480015815,0.0021620704610770813,0.0008751678328089711,0.0004975651201667235,0.8593715421134608,True,0,long_short,1.3225850829736465,1.5289840948344606
2024-04-16,1.99899653435925,-0.011480016274593718,2.0357202827734806,0.0,0.9897495130242491,1.0081206046109596,-0.01837109158671055,0.010250486975750928,0.0,0.00016697384323936362,0.0,True,0,long_short,1.3127415560837064,1.5227647247816576
2024-04-17,2.0248941120542447,0.012955288941156606,2.0355546474643162,0.0,0.9962512519459404,1.0015159891717584,-0.005264737225817912,0.0037487480540595586,0.0,0.00016563530916439395,0.0,True,0,long_short,1.3249929350245901,1.5282301199716701
2024-04-18,2.024504873260095,-0.00019222674007124407,2.035387965505719,0.0,0.995603019062405,1.0009786999952437,-0.005375680932838772,0.004396980937594996,0.0,0.00016668195859743094,0.0,True,0,long_short,1.3280835652746124,1.5243806385342036
2024-04-19,2.019174156136061,-0.002633096711419647,2.035221404991513,0.0,0.9934379628648699,1.001385394643692,-0.007947431778821998,0.00656203713513015,0.0,0.00016656051420574732,0.0,True,0,long_short,1.3254381809568925,1.5234012307373928
2024-04-22,2.002983850237238,-0.008018281062890154,2.0163556985453766,0.0,0.9995310670161554,1.0062070311316698,-0.006675964115514456,0.0004689329838446499,0.0011080498236848207,0.0004985683173361609,1.0984582246700392,True,0,long_short,1.3203846057404873,1.516970011259667
2024-04-23,2.0088538143368426,0.0029306097994297176,2.0161900478796215,0.0,0.9976293635805749,1.0012813135086491,-0.0036519499280741902,0.002370636419425143,0.0,0.00016565066575495004,0.0,True,0,long_short,1.3191535718956973,1.5228354432228899
2024-04-24,2.026553391003832,0.00881078381148015,2.114825651420602,0.0,0.9520096589931822,0.9955674852062115,-0.0435578262130293,0.04799034100681776,4.942517577423479e-05,0.0001653228317150181,0.04914994761463231,True,0,long_short,1.3227141839631495,1.5321173807419388
2024-04-25,2.021502881579982,-0.002492166969925269,1.9131976531100028,0.0,0.902712990228585,0.8491364015148805,0.053576588713704416,0.09728700977141502,0.000202469045563309,0.00016582772573570998,0.19998301917625363,True,0,long_short,1.3245707307387085,1.5261569915957578
2024-04-26,2.040919233141667,0.009604909168623,1.9130565683141796,0.0,0.9101857406195726,0.8475361939098462,0.0626495467097263,0.08981425938042742,0.0,0.0001410847958232976,0.0,True,0,long_short,1.3316380780827182,1.5326380844261875
2024-04-29,2.0269072947885873,-0.006865503605211654,2.0390598684894012,0.0,1.0085652531976064,1.0145608770389432,-0.005995623841336855,0.0,0.0012725239425647448,0.0004265144183673594,1.2473692495250395,True,0,long_short,1.334766659279786,1.5185480403610523
2024-04-30,2.0310932569341795,0.002065196645330003,2.036335868534229,0.0,0.8980881933594813,0.9006693705566146,-0.0025811771971332147,0.10191180664051869,0.00022669077025580902,0.00016902089117895952,0.2239953021326742,True,0,long_short,1.3379281087077772,1.5180884860068364
2024-05-06,2.036212835806694,0.002520602564670904,2.0345573109649084,0.0,1.0066654535299266,1.0058524123720116,0.0008130411579150017,0.0,0.0013392936837987905,0.0009021419927332725,1.3156794708932524,True,0,long_short,1.3497511841034326,1.5085838484811118
2024-05-07,2.036292788637936,3.926545881460797e-05,2.037568335611573,0.0,0.8743296951638075,0.8749561016318531,-0.0006264064680455461,0.12567030483619246,0.00027447295787702656,0.00016833941860265898,0.26946877719731915,True,0,long_short,1.354831867139156,1.5029856014073122
2024-05-08,2.0343903556755443,-0.0009342629768207544,2.0374218972444393,0.0,0.8693581600924623,0.8708483075267724,-0.0014901474343102042,0.13064183990753775,0.0,0.00014643836713378386,0.0,True,0,long_short,1.35229050907807,1.50440333790592
2024-05-09,2.0268169534014864,-0.0037226888403838476,2.0372762825541857,0.0,0.8810752586994058,0.8862357292269223,-0.005160470527516471,0.11892474130059416,0.0,0.00014561469025387697,0.0,True,0,long_short,1.363051635651933,1.4869700460262325
2024-05-10,2.026339115118067,-0.0002357579862440895,2.037128646587004,0.0,0.8823584280623525,0.8876830706103044,-0.005324642547951824,0.11764157193764746,0.0,0.00014763596718141823,0.0,True,0,long_short,1.3637791417528866,1.4858264458522088
2024-05-13,2.0121730269309945,-0.006990976032285379,2.016483521499587,0.0,1.0007050808877669,1.0028472895899514,-0.002142208702184451,0.0,0.0014658890621838832,0.0004435266397329302,1.452850160178991,True,0,long_short,1.3619713890521006,1.4773974278060413
2024-05-14,2.010516185166673,-0.0008234091910318542,2.0163176665187996,0.0,1.0024805249533784,1.005366093045259,-0.0028855680918805993,0.0,0.0,0.000165854980787158,0.0,True,0,long_short,1.3639346728662252,1.4740560711325685
2024-05-15,2.0191718454461,0.004305193036140187,2.0161515318775325,0.0,0.9956033294322573,0.9941075114436205,0.0014958179886367595,0.004396670567742733,0.0,0.000166134641267283,0.0,True,0,long_short,1.3608620015465012,1.483744746455913
2024-05-16,2.0312889622620824,0.006001032969685349,2.015986550461221,0.0,0.9913373335940882,0.983803983054035,0.007533350540053182,0.008662666405911845,0.0,0.00016498141631124204,0.0,True,0,long_short,1.3618941317670437,1.4915175231913995
2024-05-17,2.026967466135339,-0.002127464977671356,2.015822299214223,0.0,0.9920819181166906,0.9865834742061101,0.005498443910580386,0.007918081883309447,0.0,0.00016425124699784662,0.0,True,0,long_short,1.3634951873455279,1.486596714786701
2024-05-20,2.0293758090028007,0.0011881507264905888,2.0270566262587786,0.0,1.0024792093711605,1.0013364034237684,0.001142805947392299,0.0,0.0008787323198797189,0.0004930946148926858,0.8666275442779457,True,0,long_short,1.369120737549548,1.482247513564784
2024-05-21,2.0313668542083607,0.0009811121216320995,2.0268896053376455,0.0,0.9992781309108719,0.9970740736469466,0.0022040572639254194,0.0007218690891280799,0.0,0.00016702092113277242,0.0,True,0,long_short,1.3666576533167434,1.4863757937318345
2024-05-22,2.0187762669982012,-0.006198086369321065,2.0267231321959143,0.0,0.9997262843627844,1.0036627607953759,-0.003936476432591511,0.0002737156372155658,0.0,0.00016647314173125313,0.0,True,0,long_short,1.3682712462616624,1.475421099810307
2024-05-23,2.0182359344967495,-0.00026765348408563927,2.0265565976292104,0.0,0.9925752079580165,0.9966979485109121,-0.004122740552895546,0.007424792041983541,0.0,0.00016653456670385732,0.0,True,0,long_short,1.3603591514981477,1.4836052172502312
2024-05-24,2.0106786737623135,-0.0037444882460289097,2.0263912629758796,0.0,0.992573603878421,1.0003881738634726,-0.007814569985051513,0.007426396121579026,0.0,0.00016533465333073264,0.0,True,0,long_short,1.358771988677064,1.4797763646275657
2024-05-27,2.003813289361133,-0.0034144612417528197,2.0104201500148515,0.0,1.0059533567502812,1.0092505005953674,-0.0032971438450861705,0.0,0.0008724510387609208,0.000495976232877857,0.8675525761929292,True,0,long_short,1.3631383806737514,1.469999904463638
2024-05-28,1.9965254053890187,-0.003637007505044587,2.010253929502628,0.0,1.0059790892501628,1.0128552973247276,-0.006876208074564779,0.0,0.0,0.00016622051222361968,0.0,True,0,long_short,1.3617877335762196,1.466106175112843
2024-05-29,1.9954591105391049,-0.000534075272488721,2.0100877219957987,0.0,1.0061026957935757,1.013433646039277,-0.007330950245701334,0.0,0.0,0.00016620750682945205,0.0,True,0,long_short,1.3606542878809749,1.466543800517285
2024-05-30,1.9926289237490253,-0.0014183135976736372,2.0099215084011206,0.0,1.0083065984351323,1.0169848748798804,-0.008678276444748188,0.0,0.0,0.00016621359467802228,0.0,True,0,long_short,1.3607159581699242,1.464397409161706
2024-05-31,1.9930036706571954,0.00018806658063796888,2.009754948937282,0.0,1.0089769307698369,1.0173819721286232,-0.008405041358786506,0.0,0.0,0.00016655946383843293,0.0,True,0,long_short,1.359647232393302,1.4658240925839534
2024-06-03,1.9848939659263585,-0.004069086700759894,1.9973244225705706,0.0,0.9936031831445368,0.9998657124572351,-0.006262529312698348,0.006396816855463228,0.0010008444440314363,0.0004999675080606911,1.00168321999616,True,0,long_short,1.3481023509934,1.4723614749753344
2024-06-04,1.968239938267725,-0.008390386561964891,1.9971613025087027,0.0,1.0008370225385403,1.0155310462084552,-0.014694023669914845,0.0,0.0,0.0001631200618679199,0.0,True,0,long_short,1.3511614684034647,1.4567022404756713
2024-06-05,1.9668273947157817,-0.0007176683718684851,1.9969970168568918,0.0,0.9994261024180998,1.014765334636527,-0.015339232218427316,0.0005738975819001846,0.0,0.0001642856518108182,0.0,True,0,long_short,1.348179608278457,1.4588763860827862
2024-06-06,1.9662629130040796,-0.0002870011436787445,1.9968329728903682,0.0,0.9949900214192733,1.0105373115014442,-0.015547290082170801,0.005009978580726715,0.0,0.0001640439665236479,0.0,True,0,long_short,1.3434794512564134,1.4635600947712621
2024-06-07,1.9625843913999077,-0.001870818790225659,1.9966696592982192,0.0,0.9987573126415266,1.0161248551776203,-0.017367542536093655,0.0012426873584734377,0.0,0.00016331359214894305,0.0,True,0,long_short,1.345440701984089,1.4586925967868607
2024-06-11,1.9703243952153515,0.0039437813983240755,1.9616557342703154,0.0,1.0006807395157906,0.9962811284841824,0.0043996110316082,0.0,0.0006380028940263173,0.0006556375168718101,0.6502623760582125,True,0,long_short,1.3472806452203154,1.4624454097261617
2024-06-12,1.9843251310173138,0.007105802392723293,1.9614943920501555,0.0,1.0004949615613319,0.9889894181348603,0.011505543426471573,0.0,0.0,0.00016134222015986834,0.0,True,0,long_short,1.3508734478232083,1.4689200784979872
2024-06-13,1.9883370372192828,0.002021798816765452,1.9613330926071377,0.0,0.9968010366675814,0.9832198660176042,0.013581170649977105,0.0031989633324186473,0.0,0.00016129944301768713,0.0,True,0,long_short,1.3460584214168037,1.4771550815204915
2024-06-14,1.98510958726741,-0.0016231905816059822,1.9611724099379324,0.0,0.9983295716961639,0.9862712060104546,0.012058365685709282,0.0016704283038361245,0.0,0.0001606826692054178,0.0,True,0,long_short,1.3468201511396467,1.4739232893030731
2024-06-17,1.9909986174802965,0.0029666020710690244,1.982238184615177,0.0,0.9935854638106383,0.9891854442484921,0.004400019562146182,0.006414536189361719,0.0003255524236888946,0.00048275911891162456,0.3284155940178104,True,0,long_short,1.3427898961025055,1.4827327962916905
2024-06-18,1.9936506917453205,0.0013320321981842298,1.9820763106273473,0.0,0.9920493313341523,0.9862437099352298,0.005805621398922483,0.007950668665847704,0.0,0.00016187398782989429,0.0,True,0,long_short,1.344334364108163,1.4830021049621211
2024-06-19,1.9861241675008021,-0.003775247226448397,1.9819147030557411,0.0,0.9886975333436436,0.9865780966468144,0.0021194366968293374,0.01130246665635637,0.0,0.0001616075716061788,0.0,True,0,long_short,1.338333370606585,1.4840279792176243
2024-06-20,1.968280552857195,-0.00898413852244706,1.9817536510063538,0.0,0.9781859237831813,0.9850310344202808,-0.006845110637099562,0.021814076216818745,0.0,0.0001610520493871655,0.0,True,0,long_short,1.3247997918119476,1.4857192498235146
2024-06-21,1.9617708138419117,-0.0033073227319314613,1.9815942961491748,0.0,0.9740278720356113,0.9841327640889501,-0.01010489205333883,0.025972127964388747,0.0,0.00015935485717892426,0.0,True,0,long_short,1.317159114089357,1.4893954669996108
2024-06-24,1.944913905274715,-0.008592700252372687,1.9610118103883825,0.0,0.9899622725525069,0.9982391968266401,-0.008276924274133197,0.010037727447493094,0.0009423375521332291,0.00047604894251554594,0.9606111877001934,True,0,long_short,1.2984540410642802,1.4978688838925427
2024-06-25,1.939045219054726,-0.003017452959780287,1.9608522359258045,0.0,0.9947514846887996,1.0059977499418138,-0.011246265253014285,0.005248515311200408,0.0,0.0001595744625779503,0.0,True,0,long_short,1.3038017361202883,1.487223989150932
2024-06-26,1.9792881681406984,0.02075400237730962,1.9606919064632782,0.0,1.0046138663498183,0.9952184372370938,0.009395429112724485,0.0,0.0,0.0001603294625263961,0.0,True,0,long_short,1.3220700344065996,1.497112949110208
2024-06-27,1.9696981615546814,-0.004845179565250324,1.9605300031144393,0.0,0.998679995557046,0.9940253948577158,0.004654600699330197,0.0013200044429539926,0.0,0.00016190334883881008,0.0,True,0,long_short,1.3185155215984938,1.4938755966761244
2024-06-28,1.9833420277386076,0.006926881717327138,1.9603690773616071,0.0,0.9990891576552221,0.9875062082417041,0.011582949413517996,0.0009108423447778957,0.0,0.00016092575283204732,0.0,True,0,long_short,1.3232726050411057,1.4988159054928805
2024-07-01,1.9894575296629042,0.0030834328314364168,1.981002051747426,0.0,0.997987936632106,0.9937377941739705,0.004250142458135632,0.002012063367893946,0.0006113245561165118,0.00048293323531855024,0.6169968001092754,True,0,long_short,1.3298994503211938,1.495945824462455
2024-07-02,2.0025253988568705,0.0065685590162762875,1.9808395586676621,0.0,0.9946773010844836,0.983848055072629,0.010829246011854702,0.0053226989155163995,0.0,0.00016249307976411045,0.0,True,0,long_short,1.3305120870377865,1.5050786974173493
2024-07-03,2.009530406663425,0.003498086870984629,1.9806776260058347,0.0,0.9855674888948518,0.9712095172205158,0.014357971674336004,0.014432511105148205,0.0,0.00016193266182730457,0.0,True,0,long_short,1.3237154790392176,1.5180984422135693
2024-07-04,2.0041606133176857,-0.0026721632715452914,1.9805172143573884,0.0,0.9787492795151038,0.9669521217408285,0.01179715777427537,0.02125072048489618,0.0,0.00016041164844620809,0.0,True,0,long_short,1.3147207657416802,1.52440021146777
2024-07-05,2.003968984532279,-9.561548317715829e-05,1.980357932656784,0.0,0.9847181152271499,0.9729359708637701,0.011782144363379779,0.015281884772850085,0.0,0.00015928170060467968,0.0,True,0,long_short,1.3173732658619712,1.521185404670453
2024-07-08,1.979702863161857,-0.012109030408015697,1.990204312874483,0.0,0.989233292480322,0.994537851011825,-0.005304558531503013,0.01076670751967801,0.000524568938610708,0.0004807562078334566,0.5270119335717347,True,0,long_short,1.3057640033911881,1.5161260825236322
2024-07-09,2.0025169086373227,0.011523974582240415,1.9900424863458936,0.0,0.9948453240492402,0.9886159522833272,0.006229371765913031,0.005154675950759802,0.0,0.00016182652858939318,0.0,True,0,long_short,1.312955369008579,1.5251980043689042
2024-07-10,2.0130827386685683,0.005276275064481473,1.9898797696203652,0.0,0.9932296651503254,0.9817035770256269,0.011526088124698441,0.006770334849674597,0.0,0.00016271672552843435,0.0,True,0,long_short,1.309985368554523,1.5367215443710367
2024-07-11,2.0200574582979525,0.003464695958794506,1.9897173380703324,0.0,0.999880650272181,0.9848612159966907,0.015019434275490262,0.00011934972781901809,0.0,0.00016243155003283389,0.0,True,0,long_short,1.3182034428285927,1.5324322427525494
2024-07-12,2.0077390131272406,-0.006098066725830242,1.9895538194748725,0.0,0.9963665944360365,0.9873090458535428,0.00905754858249369,0.003633405563963521,0.0,0.00016351859545993196,0.0,True,0,long_short,1.3148342797350754,1.5269901645185109
2024-07-15,2.004803034491376,-0.0014623308192290851,2.0052724843962784,0.0,0.992017338401651,0.9922515010085633,-0.00023416260691239092,0.007982661598349039,0.0003607487772795716,0.0004887761645030768,0.3597355401902179,True,0,long_short,1.309232110025217,1.5312815956314738
2024-07-16,2.005655116711455,0.00042502041618042163,2.0051089828494124,0.0,0.9903215823051709,0.9900492853097941,0.0002722969953767663,0.009678417694829133,0.0,0.00016350154686580192,0.0,True,0,long_short,1.3075866653925994,1.5338601790568602
2024-07-17,1.9582785309325532,-0.02362150171490207,2.00494577484271,0.0,0.9853158625765805,1.0091466114578103,-0.02383074888122972,0.014684137423419452,0.0,0.0001632080067023102,0.0,True,0,long_short,1.2986468454291813,1.5079376951671373
2024-07-18,1.9468079275983412,-0.005857493279441517,2.00478334825555,0.0,0.9855909588749453,1.0153706920655376,-0.029779733190592364,0.0144090411250547,0.0,0.0001624265871600957,0.0,True,0,long_short,1.2976374180073178,1.5002711085411706
2024-07-19,1.9410121203144834,-0.0029770822286550036,2.0046208771558702,0.0,0.9874790970699293,1.020250019093374,-0.03277092202344477,0.012520902930070688,0.0,0.00016247109967924952,0.0,True,0,long_short,1.2986082167866526,1.4946864614159228
2024-07-22,1.9413100053263515,0.0001534689086946095,1.933865655095305,0.0,0.990553432373666,0.9867187278645349,0.0038347045091311222,0.009446567626334001,0.0003639273079708325,0.0004882975034329288,0.37630208045795027,True,0,long_short,1.291623887139305,1.5029994603351402
2024-07-23,1.9318465687737167,-0.004874768340280555,1.933708214524989,0.0,0.9793590095270769,0.9803226708143465,-0.0009636612872697324,0.020640990472923115,0.0,0.00015744057031613515,0.0,True,0,long_short,1.2788059547746695,1.5106643518203788
2024-07-24,1.932199562944956,0.0001827237095042289,1.9335525570191339,0.0,0.9664022585201597,0.9671024936822649,-0.0007002351621050982,0.03359774147984029,0.0,0.00015565750585510533,0.0,True,0,long_short,1.2654722961475044,1.5268604210674377
2024-07-25,1.9257007478701123,-0.0033634284985234464,1.9333989705794943,0.0,0.96412326554281,0.9681208870413197,-0.003997621498509675,0.035876734457189974,0.0,0.00015358643963965884,0.0,True,0,long_short,1.2646478795924883,1.5227169387977286
2024-07-26,1.9293615489875973,0.001901022846635847,1.9332457395288474,0.0,0.9778323648423187,0.9798455647753682,-0.0020131999330495285,0.022167635157681276,0.0,0.0001532310506469161,0.0,True,0,long_short,1.2785599513143566,1.509011405373849
2024-07-29,1.9307983629334804,0.0007447095370161083,1.9304775738506328,0.0,0.9955193574826395,0.9953532142493502,0.00016614323328934135,0.004480642517360467,0.0005030236279889528,0.00046614485505788175,0.521003296092955,True,0,long_short,1.277940876490676,1.5108667376190372
2024-07-30,1.9328368395706959,0.0010557687826699969,1.9303196155199522,0.0,0.9931429423890237,0.9918405954970313,0.0013023468919923812,0.006857057610976325,0.0,0.0001579583306805389,0.0,True,0,long_short,1.275909823128256,1.51486947159933
2024-07-31,1.9322937232380935,-0.00028099440236395434,1.9301620484480106,0.0,1.0076273132926092,1.0065241296697225,0.001103183622886666,0.0,0.0,0.0001575670719417862,0.0,True,0,long_short,1.2896534875226096,1.4983045771077461
2024-08-01,1.9324653138394914,8.8801510523151e-05,1.9300021936322804,0.0,1.0079878531998903,1.006713253242224,0.0012745999576660898,0.0,0.0,0.00015985481573001285,0.0,True,0,long_short,1.2903599850635916,1.4976172046626628
2024-08-02,1.92651816899497,-0.0030774911207619438,1.9298422945821814,0.0,1.002755179718875,1.0044806374076263,-0.0017254576887511838,0.0,0.0,0.00015989905009915973,0.0,True,0,long_short,1.2866519742285962,1.4973110115110975
2024-08-05,1.9047398094604036,-0.011304518112034034,1.9204376611221012,0.0,0.9948677604201921,1.0031092281438831,-0.008241467723691,0.005132239579807907,0.0008152506962175294,0.0004771603228856154,0.84866567145078,True,0,long_short,1.2763303331754303,1.4923564534594502
2024-08-06,1.9131780640710672,0.0044301350603124234,1.9202806204031901,0.0,0.9981805473650416,1.001892986089647,-0.0037124387246053893,0.0018194526349584184,0.0,0.0001570407189109112,0.0,True,0,long_short,1.2783102205288872,1.496646145314797
2024-08-07,1.916888429900608,0.0019393729727621434,1.9201230752237215,0.0,0.9981713980103478,0.9998588438067009,-0.0016874457963530287,0.0018286019896521788,0.0,0.00015754517946849628,0.0,True,0,long_short,1.2795310889414329,1.4981179015247423
2024-08-08,1.9155964594548283,-0.0006739935541510977,1.9199655449895385,0.0,1.0003737116682727,1.0026545080819151,-0.0022807964136422883,0.0,0.0,0.0001575302341830299,0.0,True,0,long_short,1.2782986997056769,1.4985515199975457
2024-08-09,1.9121147822249664,-0.0018175421094965838,1.9198076807627658,0.0,0.9970129826304652,1.0010362236039216,-0.004023240973456454,0.0029870173695347724,0.0,0.00015786422677299772,0.0,True,0,long_short,1.2774742831506607,1.4967931702774313
2024-08-12,1.9084516366059303,-0.0019157561319481653,1.911841909475682,0.0,0.9968751454307677,0.9986515975056974,-0.0017764520749296837,0.0031248545692322827,0.0005023045376445557,0.0004719689163359298,0.5253285825467561,True,0,long_short,1.2733169602104653,1.4988032801278985
2024-08-13,1.9147222978444682,0.003285732327851898,1.911685261946176,0.0,0.99418886104505,0.9926027115017395,0.0015861495433105014,0.0058111389549500014,0.0,0.0001566475295062089,0.0,True,0,long_short,1.2723085493318262,1.504919776613948
2024-08-14,1.9101291877044482,-0.002398838800378944,1.9115290516548378,0.0,0.9901639594410659,0.9908968229350122,-0.000732863493946307,0.009836040558934056,0.0,0.0001562102913380762,0.0,True,0,long_short,1.2676087311575244,1.506876010518011
2024-08-15,1.9049775793464756,-0.0026969947326774824,1.9113734839060577,0.0,0.98539378609092,0.9887512558212337,-0.0033574697303136733,0.014606213909080012,0.0,0.00015556774878014573,0.0,True,0,long_short,1.2624945021953946,1.5088997029562072
2024-08-16,1.8851599685216858,-0.010403067752423945,1.9112186716616284,0.0,0.9720172038644705,0.9858402764816857,-0.013823072617215194,0.027982796135529453,0.0,0.00015481224442932505,0.0,True,0,long_short,1.2478505193519334,1.5107257955069304
2024-08-19,1.8751600681990885,-0.005304536744666244,1.8983517465514268,0.0,1.001825745045585,1.0141935843280263,-0.012367839282441319,0.0,0.0008344429094450299,0.00045825204441689375,0.8787373392620406,True,0,long_short,1.2530369228829978,1.4964922692658607
2024-08-20,1.8690629292867371,-0.00325152983777377,1.8981954362519127,0.0,0.9918272925725222,1.0074139839078926,-0.015586691335370346,0.008172707427477777,0.0,0.00015631029951416057,0.0,True,0,long_short,1.2414767933347293,1.5055158012790957
2024-08-21,1.8711690260477145,0.0011268196099640804,1.8980406756931374,0.0,0.9905544890816401,1.0049153775269672,-0.014360888445327099,0.009445510918359878,0.0,0.00015476055877539514,0.0,True,0,long_short,1.240319967145323,1.5086179982688914
2024-08-22,1.8611582826540498,-0.005349994177067718,1.8978861250195844,0.0,0.9860205871280281,1.0057544500175186,-0.019733862889490437,0.013979412871971908,0.0,0.00015455067355294577,0.0,True,0,long_short,1.2345920849233765,1.5075086786819636
2024-08-23,1.8605234548687652,-0.0003410928512642686,1.8977322728367103,0.0,0.9913798020160376,1.0113789145617966,-0.01999911254575911,0.008620197983962408,0.0,0.00015385218287394025,0.0,True,0,long_short,1.235338905345594,1.5060834292661347
2024-08-26,1.8894836170286526,0.015565599070574532,1.8656302699887708,0.0,1.002495559382513,0.9898712916593597,0.012624267723153225,0.0,0.00046471553227862123,0.00046397938988266906,0.4980620342311933,True,0,long_short,1.2452241105077362,1.5173843817224368
2024-08-27,1.8954198261966808,0.0031417097849004705,1.865476542954095,0.0,1.000283451935572,0.9844857469476119,0.015797704987960137,0.0,0.0,0.0001537270346759467,0.0,True,0,long_short,1.2416102993448717,1.5265819131790288
2024-08-28,1.8990907727692563,0.001936745897578529,1.8653231719565575,0.0,0.9987000676282242,0.9809191372499155,0.01778093037830863,0.001299932371775836,0.0,0.00015337099753747003,0.0,True,0,long_short,1.2411074492965182,1.5301582259019513
2024-08-29,1.9068071359019285,0.004063188154729502,1.8651700606292383,0.0,1.005678110082209,0.9838420919088264,0.02183601817338255,0.0,0.0,0.0001531113273192406,0.0,True,0,long_short,1.246494450690538,1.5297357600313326
2024-08-30,1.9345726346192298,0.014561251735702108,1.8665625862582322,0.0,0.9351506511013146,0.8999955749134497,0.035155076187864794,0.06484934889868543,0.00014326941818654205,0.00015419154422896693,0.1502000014604816,True,0,long_short,1.2581108289638918,1.5376806161126784
2024-09-02,1.9258726944133757,-0.0044970863591101695,1.930761703243186,0.0,0.9926198830111443,0.9951584769919366,-0.002538593980792255,0.007380116988855656,0.0013207264931977697,0.0004293140080699629,1.3671533604060282,True,0,long_short,1.2508347514111315,1.5396699621918075
2024-09-03,1.9302984764047324,0.002298065705067076,2.1558799566389606,0.0,0.8760686194859371,0.9929321424030685,-0.11686352291713142,0.12393138051406294,0.0001126942360845922,0.0001575245373248854,0.11710922708380771,True,0,long_short,1.2525618583494456,1.5410803574590475
2024-09-04,1.9289035300559731,-0.0007226583690607136,2.155722423318277,0.0,0.8795010452582852,0.9970905927540699,-0.1175895474957846,0.12049895474171479,0.0,0.00015753332068388465,0.0,True,0,long_short,1.2531639907860523,1.5392267446545926
2024-09-05,1.9432543687787962,0.007439894478500131,2.1555643445595796,0.0,0.885093351608523,0.9943482073761731,-0.10925485576765018,0.11490664839147702,0.0,0.00015807875869717217,0.0,True,0,long_short,1.2611031933688852,1.540916222397016
2024-09-06,1.9460155228173366,0.001420891717987205,2.1554055277241218,0.0,0.8822288720138993,0.9898282217886849,-0.10759934977478566,0.11777112798610068,0.0,0.00015881683545789969,0.0,True,0,long_short,1.2574978533995578,1.547529896418049
2024-09-09,1.9428052842495471,-0.0016496469479039266,1.9409743550194154,0.0,0.9922512446648708,0.991308829465069,0.0009424151998017369,0.007748755335129198,0.000585785503357179,0.0004749586235811277,0.6034173149016688,True,0,long_short,1.2509489431000096,1.553065210986973
2024-09-10,1.9375451660208134,-0.0027074860622307018,1.9408160602222475,0.0,0.9871853136349713,0.9888734777401477,-0.001688164105176313,0.012814686365028694,0.0,0.00015829479716777828,0.0,True,0,long_short,1.2449306683636163,1.556347847521176
2024-09-11,1.938419903213816,0.00045146673654006264,1.9406585818364994,0.0,0.9848713106553273,0.9860262093534741,-0.0011548986981468144,0.015128689344672708,0.0,0.0001574783857480778,0.0,True,0,long_short,1.241329733414928,1.5615672863012604
2024-09-12,1.9325830968429685,-0.003011115579844459,1.9405014859875158,0.0,0.983735693078908,0.9878330015762672,-0.004097308497359234,0.016264306921092042,0.0,0.00015709584898366413,0.0,True,0,long_short,1.2401146254139872,1.5583906981161637
2024-09-13,1.9208029524787456,-0.006095543515550084,1.940344576176994,0.0,0.9834106482057988,0.9935843225397697,-0.010173674333970895,0.01658935179420118,0.0,0.00015690981052191347,0.0,True,0,long_short,1.2355801649375266,1.5545757426236
2024-09-18,1.913390899575852,-0.0038588304403263107,1.9157888956787346,0.0,0.993877617608817,0.9951308879695229,-0.001253270360705883,0.006122382391183012,0.0004128696517991177,0.0007843067261387604,0.43092503020202555,True,0,long_short,1.2310734899758673,1.5542458798404961
2024-09-19,1.9204233512941733,0.0036753868328109895,1.9156323964142201,0.0,0.9986309174759775,0.9961361785546221,0.0024947389213554926,0.001369082524022458,0.0,0.00015649926451460726,0.0,True,0,long_short,1.237459075664023,1.5519085754522188
2024-09-20,1.9121051769728967,-0.004331427398896692,1.9154751632762723,0.0,0.9964450315599374,0.9982074797473904,-0.0017624481874530986,0.0035549684400626447,0.0,0.00015723313794782783,0.0,True,0,long_short,1.2341258304311025,1.5493599840665873
2024-09-23,1.915883316755162,0.0019759058381121353,1.914660084028005,0.0,0.9977310445149813,0.9970925751904357,0.0006384693245456521,0.002268955485018709,0.00042804626753400137,0.000470632854998972,0.4470251376556175,True,0,long_short,1.233887281621102,1.5527215048671563
2024-09-24,1.9466491293993895,0.016058291428902915,1.9145030719981366,0.0,1.0110693659805803,0.9945558315609639,0.016513534419616293,0.0,0.0,0.0001570120298685861,0.0,True,0,long_short,1.258148441063196,1.5472332722157787
2024-09-25,1.9600979494854596,0.006908702694778723,1.9143439444986587,0.0,1.0122719706467047,0.988929257085471,0.023342713561233876,0.0,0.0,0.00015912749947785503,0.0,True,0,long_short,1.2638163472349007,1.5509357461421915
2024-09-26,1.9895365454448035,0.015018941256008,1.9141846240979188,0.0,1.020430440326371,0.9825563326506872,0.03787410767568391,0.0,0.0,0.0001593204007396776,0.0,True,0,long_short,1.283423094100051,1.5501797922998153
2024-09-27,2.03025457309781,0.020466086811138595,1.9140239529966778,0.0,1.026618011396246,0.9693687276653963,0.05724928373084975,0.0,0.0,0.00016067110124110383,0.0,True,0,long_short,1.298568910448641,1.5634553982940955
2024-09-30,2.1024530372858634,0.03556128632572997,2.056943091056212,0.0,1.0048075684089839,0.9831614505540032,0.021646117854980638,0.0,0.0004343986113060956,0.00048527637345879674,0.42228381858722147,True,0,long_short,1.3308905799650175,1.5797339532909809
2024-10-08,2.225411519512736,0.058483343050365955,2.2081238838279003,0.0,0.9568308783469354,0.949062591208464,0.007768287138471297,0.043169121653064635,0.0011319528355342057,0.0013591566758529134,1.0247367613555847,True,0,long_short,1.360906390600635,1.6352421701323283
2024-10-09,2.192129329713846,-0.014955521487629131,2.2079502902807864,0.0,0.930908625667607,0.9381257913487056,-0.00721716568109851,0.06909137433239299,0.0,0.00017359354711347311,0.0,True,0,long_short,1.3099172601584859,1.6734868654594428
2024-10-10,2.1871077224761075,-0.0022907440586062977,2.207781263453758,0.0,0.9304457961949683,0.9398982528642014,-0.009452456669233125,0.06955420380503174,0.0,0.00016902682702820624,0.0,True,0,long_short,1.3132816793836224,1.6653759485189863
2024-10-11,2.148829461253855,-0.017501772239602253,2.2076123052022094,0.0,0.9233419425308113,0.9506976936540547,-0.027355751123243455,0.07665805746918875,0.0,0.00016895825154913117,0.0,True,0,long_short,1.29787630566506,1.65565042822224
2024-10-14,2.16349224777442,0.006823615733567268,2.141747356797818,0.0,1.0092577469944213,0.9992069178320006,0.010050829162420682,0.0,0.0010195342669784128,0.0005037256141323103,0.9516053950896912,True,0,long_short,1.3177446429866313,1.641814489088664
2024-10-15,2.157086202238683,-0.0029609745735519333,2.141569676544066,0.0,1.006915384424855,0.9997221041199169,0.00719328030493802,0.0,0.0,0.0001776802537522278,0.0,True,0,long_short,1.3151802432791246,1.6401449255810319
2024-10-16,2.165598698214706,0.003946293832480352,2.1413924310572,0.0,1.0087762562648683,0.9975986234109784,0.011177632853890038,0.0,0.0,0.0001772454868660354,0.0,True,0,long_short,1.32246208124349,1.637550693459905
2024-10-17,2.164624145045035,-0.00045001558713275713,2.1412148640752657,0.0,1.0089115751057862,0.9980970967477978,0.01081447835798844,0.0,0.0,0.00017756698193421348,0.0,True,0,long_short,1.3216888306974368,1.6377713836794647
2024-10-18,2.1998068615741078,0.016253499070315813,2.1410372883157,0.0,1.0140535253918521,0.9873377376174863,0.02671578777436574,0.0,0.0,0.00017757575956599725,0.0,True,0,long_short,1.3355707449703136,1.647091230366089
2024-10-21,2.2174478881863298,0.008019352480607811,2.2105709370896576,0.0,1.0024503862331446,0.9993490952700919,0.0031012909630527027,0.0,0.0005260011454555515,0.0005355498895648773,0.47578298025721405,True,0,long_short,1.3447606345669425,1.6489535990175839
2024-10-22,2.2080765592692164,-0.004226177745614845,2.210388799730134,0.0,1.0039563415436523,1.0050035155880537,-0.0010471740444013757,0.0,0.0,0.00018213735952336311,0.0,True,0,long_short,1.3473009760848043,1.638888858884217
2024-10-23,2.22047763144713,0.005616232881896943,2.2102064059187843,0.0,1.0040666721050497,0.9994409891515803,0.004625682953469556,0.0,0.0,0.00018239381134957277,0.0,True,0,long_short,1.3524382466933544,1.641832916864108
2024-10-24,2.209369052261177,-0.005002788151805548,2.2100240029302616,0.0,0.9978179165811697,0.9981143589833181,-0.0002964424021484174,0.002182083418830305,0.0,0.00018240298852294337,0.0,True,0,long_short,1.343625833480732,1.6443335616268202
2024-10-25,2.2233024267734667,0.006306494833006493,2.2098427533706437,0.0,1.0022052487747168,0.9961513385010902,0.006053910273626691,0.0,0.0,0.00018124955961823933,0.0,True,0,long_short,1.3556196881380926,1.6400635415874736
2024-10-28,2.240614355631953,0.007786582990245705,2.2186798780804002,0.0,1.0003594135402205,0.9905699209859041,0.00978949255431638,0.0,0.0008564836018910946,0.0005461016765728219,0.7717680292851122,True,0,long_short,1.3599989563489563,1.6475118198966054
2024-10-29,2.229932509262668,-0.00476737388673576,2.352776384527441,0.0,0.9359117181723139,0.9910003250043621,-0.055088606832048116,0.06408828182768611,6.717305146919555e-05,0.00018242343988095008,0.05996573311599924,True,0,long_short,1.3500259896217714,1.6517700595433829
2024-10-30,2.2302339870980887,0.0001351959461413088,2.352594751882941,0.0,0.9303784125524631,0.9852429538932863,-0.05486454134082319,0.06962158744753688,0.0,0.00018163264450003536,0.0,True,0,long_short,1.3458950968054113,1.6570637580831715
2024-10-31,2.24020716961598,0.004471809942627525,2.352414150048312,0.0,0.9321977204895424,0.9822854900289845,-0.0500877695394421,0.06780227951045759,0.0,0.0001806018346291827,0.0,True,0,long_short,1.3511641791853963,1.6579829484279098
2024-11-01,2.2246026606421463,-0.006965654420483358,2.481229008555804,0.0,0.8750969589188015,0.9904552439977112,-0.11535828507890973,0.12490304108119854,6.453012676907757e-05,0.00018086490389364473,0.05758625244821221,True,0,long_short,1.348282279144125,1.6499531997515389
2024-11-04,2.215640420456523,-0.004028692558983082,2.2130372389655304,0.0,1.0045300005141762,1.0033550889775578,0.0011749115366183028,0.0,0.0013004598873304029,0.0005432965572437937,1.1745813549614477,True,0,long_short,1.3566209832141607,1.6332051824874028
2024-11-05,2.2333579258856395,0.007996561746001163,2.212854520547075,0.0,1.0090707992983143,0.999890271134458,0.009180528163856337,0.0,0.0,0.00018271841845556947,0.0,True,0,long_short,1.3689326770530277,1.6314592845380131
2024-11-06,2.231234309462759,-0.0009508625546611471,2.2126709770241666,0.0,1.0082851247780564,0.9999653654592505,0.008319759318805943,0.0,0.0,0.00018354352290855477,0.0,True,0,long_short,1.3683735782795887,1.6305739491608842
2024-11-07,2.2314471667702085,9.539890389231864e-05,2.212487594254439,0.0,1.0159327517355448,1.0074362151389775,0.008496536596567256,0.0,0.0,0.00018338276972771066,0.0,True,0,long_short,1.3794694864220323,1.6176125595630058
2024-11-08,2.231165071022297,-0.00012641829576442998,2.212302823786934,0.0,1.0147505093478966,1.0062965193314966,0.008453990016399994,0.0,0.0,0.0001847704675046773,0.0,True,0,long_short,1.3773896389848395,1.6198503370961215
2024-11-11,2.2352940366376,0.0018505872420326863,2.2233172927428893,0.0,1.0071848382719777,1.001826821072269,0.005358017199708754,0.0,0.0007642752695345642,0.0005536143234305134,0.6872726976624041,True,0,long_short,1.391008607410329,1.606959169576309
2024-11-12,2.2216063419900385,-0.006123442564250348,2.3377941029683607,0.0,0.9536116563954288,1.0059106432961618,-0.05229898690073305,0.046388343604571225,5.735911388278192e-05,0.00018405842620984492,0.05123540619223942,True,0,long_short,1.3852783532541921,1.6037255882698285
2024-11-13,2.2258532127472215,0.0019116216392229823,2.337610425916474,0.0,0.9520149248947275,1.002223632517149,-0.05020870762242137,0.0479850751052725,0.0,0.00018367705188674236,0.0,True,0,long_short,1.3853417177818486,1.6067178113362275
2024-11-14,2.2161881142646407,-0.004342199398967517,2.337427072270529,0.0,0.9435003849886268,0.9982064621602919,-0.054706077171665105,0.05649961501137324,0.0,0.00018335364594488927,0.0,True,0,long_short,1.3726854157898982,1.614490901390802
2024-11-15,2.1983403067314717,-0.00805338112694054,2.3372452465200886,0.0,0.9391041786704653,1.0022904557738237,-0.06318627710335832,0.06089582132953475,0.0,0.00018182575044014757,0.0,True,0,long_short,1.3648441402043523,1.610689632592278
2024-11-18,2.1818532485307536,-0.007499775239635964,2.1950473909961135,0.0,0.9940730059258164,1.0001202240300793,-0.006047218104262902,0.0059269940741836225,0.0005401985280162895,0.000543298070460786,0.4920764997887164,True,0,long_short,1.3563000944029808,1.6086803042590412
2024-11-19,2.203142255590622,0.009757304747331164,2.194868039032301,0.0,0.9971305312410761,0.993374887892434,0.0037556433486421476,0.00286946875892391,0.0,0.00017935196381271232,0.0,True,0,long_short,1.3649708692596652,1.6140580764083015
2024-11-20,2.205183011616393,0.0009262933524116779,2.1946881585234386,0.0,1.0022066033963302,0.9974474278369007,0.004759175559429569,0.0,0.0,0.00017988050886233575,0.0,True,0,long_short,1.3731902989247007,1.6058830399131119
2024-11-21,2.2016743870534876,-0.0015910808964256784,2.1945073732530673,0.0,1.003135064587791,0.9998798085687519,0.0032552560190389998,0.0,0.0,0.0001807852703709371,0.0,True,0,long_short,1.3750885239724613,1.601114654562836
2024-11-22,2.186666514293198,-0.006816572354450212,2.1943264354641916,0.0,0.9982279395219406,1.0017309524966784,-0.0035030129747377803,0.0017720604780594451,0.0,0.00018093778887598075,0.0,True,0,long_short,1.3635168736009824,1.6036959693196293
2024-11-25,2.1864267180300505,-0.00010966293286163165,2.187167634825189,0.0,0.9959629349392239,0.9963018060246479,-0.0003388710854239351,0.004037065060776057,0.0005903217122895659,0.0005401113362027302,0.5396590701686728,True,0,long_short,1.363366425203766,1.6036970528324925
2024-11-26,2.1807166252288948,-0.0026116095060804145,2.1869885931083743,0.0,0.9963865663231123,0.999262670355575,-0.002876104032462705,0.0036134336768877118,0.0,0.00017904171681483967,0.0,True,0,long_short,1.3616159377712902,1.6015651438380771
2024-11-27,2.1886832852471865,0.0036532302850011966,2.1868094882822193,0.0,1.0010189840726982,1.0001628542810572,0.0008561297916409446,0.0,0.0,0.00017910482615465944,0.0,True,0,long_short,1.3715983922352362,1.5957173015348767
2024-11-28,2.1888828268049507,9.116968138300763e-05,2.1866295672092035,0.0,1.0033770948724188,1.002347684084343,0.0010294107880756953,0.0,0.0,0.00017992107301562196,0.0,True,0,long_short,1.3745494172157695,1.5924366191494674
2024-11-29,2.1959170080622017,0.003213594245937035,2.1864492366640933,0.0,1.007083935654428,1.0027724014009258,0.004311534253502293,0.0,0.0,0.0001803305451106794,0.0,True,0,long_short,1.384032410108777,1.5866080823133435
2024-12-02,2.1967937530117636,0.00039926142306057066,2.194623186434095,0.0,1.0010996590758314,1.0001115979186597,0.0009880611571716712,0.0,0.0004828356539723848,0.0005429601299469871,0.4399201215010955,True,0,long_short,1.3907097437023455,1.579620595138323
2024-12-03,2.1928166230841306,-0.001810424816704015,2.194442607893496,0.0,1.0030946669729757,1.0038361721185718,-0.0007415051455961194,0.0,0.0,0.00018057854059909517,0.0,True,0,long_short,1.3924473549206453,1.5747931979870777
2024-12-04,2.183896908190922,-0.004067697590080965,2.1942616849911607,0.0,0.9992163812461143,1.0039623821957766,-0.004746000949662232,0.000783618753885662,0.0,0.00018092290233491065,0.0,True,0,long_short,1.385566034986707,1.5761767054371205
2024-12-05,2.1994828285924055,0.007136747317617154,2.194081475373976,0.0,0.9999833460098992,0.9975276081663417,0.0024557378435574964,1.6653990100756744e-05,0.0,0.00018020961718498763,0.0,True,0,long_short,1.3909272839523743,1.5813068403852781
2024-12-06,2.2061293309853047,0.0030218478209955713,2.193901142920945,0.0,1.0039420290257912,0.9983992043633318,0.005542824662459244,0.0,0.0,0.0001803324530308539,0.0,True,0,long_short,1.3982267419992966,1.5778051332581469
2024-12-09,2.1996174828029744,-0.0029517073595236587,2.209112504963991,0.0,0.9986072610900715,1.002923930799805,-0.004316669709733467,0.001392738909928526,0.0006031416885225689,0.000543106299150823,0.5458998214872264,True,0,long_short,1.3998430457261475,1.5713315071418996
2024-12-10,2.1890273128525726,-0.004814550726750411,2.208931185867105,0.0,1.0100511752421786,1.0191437401899386,-0.009092564947759969,0.0,0.0,0.00018131909688564918,0.0,True,0,long_short,1.4093270551623793,1.5532429501258371
2024-12-11,2.201903537394657,0.005882167146331607,2.2087478214712424,0.0,1.0171616929264842,1.0202700416621802,-0.0031083487356958804,0.0,0.0,0.00018336439586289052,0.0,True,0,long_short,1.4210796502278074,1.5494582144228712
2024-12-12,2.202858418200392,0.00043366150674573056,2.2085631746591465,0.0,1.0238432907012534,1.0264329970625972,-0.0025897063613439923,0.0,0.0,0.00018464681209592453,0.0,True,0,long_short,1.431074303210447,1.5393040132567108
2024-12-13,2.1811013152589775,-0.009876759560057957,2.2083773319275055,0.0,1.0218762145520335,1.0343818310851602,-0.01250561653312685,0.0,0.0,0.00018584273164093157,0.0,True,0,long_short,1.4230456448238635,1.532699476782378
2024-12-16,2.1751541447935376,-0.002726682352549914,2.181813599106804,0.0,0.988178115243357,0.9912397163391723,-0.003061601095815271,0.01182188475664303,0.0008682538579771928,0.0005562965520640684,0.7955844382889112,True,0,long_short,1.411162254530225,1.5413919539094
2024-12-17,2.1688907834975506,-0.002879502269289236,2.1816363854757785,0.0,0.9842424282744957,0.9901189814302404,-0.005876553155744624,0.015757571725504294,0.0,0.00017721363102568116,0.0,True,0,long_short,1.4014407128272168,1.5476150818553767
2024-12-18,2.1814274178921607,0.005780205481068057,2.1814598819196096,0.0,0.985807797746819,0.9858226797581032,-1.4882011284118819e-05,0.014192202253180963,0.0,0.0001765035561690436,0.0,True,0,long_short,1.4075657246021758,1.5497872531023045
2024-12-19,2.1790147141008505,-0.0011060206594643018,2.181283128443763,0.0,0.9848445970788471,0.9858856246259458,-0.0010410275470986983,0.015155402921152916,0.0,0.00017675347584692461,0.0,True,0,long_short,1.40534762728646,1.5505165211743652
2024-12-20,2.1902616827494517,0.005161492749828467,2.1811065591876684,0.0,0.986730581307493,0.9825506590480255,0.004179922259467524,0.013269418692506973,0.0,0.000176569256094283,0.0,True,0,long_short,1.4116806915746865,1.551527690235872
2024-12-23,2.178559849280554,-0.00534266455970156,2.1897758552017765,0.0,0.9947550524589654,0.9999034104097128,-0.00514835795074725,0.00524494754103455,0.0005947999307353131,0.0005306407544892602,0.5431043639500635,True,0,long_short,1.4042961827446532,1.5513535364189528
2024-12-24,2.1846978625854043,0.0028174637051525675,2.1895968127834413,0.0,0.997929643119718,1.0001720356637558,-0.002242392544037917,0.0020703568802820094,0.0,0.00017904241833512018,0.0,True,0,long_short,1.4102629526243418,1.5491422067919502
2024-12-25,2.186211292522953,0.0006927410711874415,2.18941721768411,0.0,0.996339480732633,0.9978059104286653,-0.0014664296960322945,0.0036605192673669906,0.0,0.00017959509933142194,0.0,True,0,long_short,1.4067362253310374,1.5541017947472613
2024-12-26,2.215900308307343,0.013580121869249062,2.1892379233376067,0.0,0.9987519264846061,0.9867196230141927,0.012032303470413347,0.0012480735153939104,0.0,0.00017929434650344885,0.0,True,0,long_short,1.4104906583066152,1.571013813709106
2024-12-27,2.1994960409400623,-0.0074029807684857785,2.189058213284167,0.0,1.0027493514107317,0.9980037972194025,0.004745554191329224,0.0,0.0,0.00017971005343973053,0.0,True,0,long_short,1.4138493171201465,1.5556792469371423
2024-12-30,2.203518707687604,0.0018289038364545096,2.200698333753399,0.0,0.9990434066240027,0.9977634656258325,0.001279940998170129,0.0009565933759972944,0.0007183692374562915,0.0005412588659573978,0.6526426700408983,True,0,long_short,1.4151508312951642,1.557091059806618
2024-12-31,2.175297802332788,-0.012807200254919215,2.200517627688,0.0,0.9957735949882726,1.007367329569426,-0.011593734581153417,0.004226405011727441,0.0,0.00018070606539893747,0.0,True,0,long_short,1.4047180481827934,1.5485654257428036
2025-01-02,2.1601458293536973,-0.00696547064169406,2.200157410054331,0.0,0.990992510657685,1.0095151400824793,-0.018522629424794348,0.00900748934231499,0.0,0.00036021763366918713,0.0,True,0,long_short,1.3945112765139887,1.5490343217257077
2025-01-03,2.1501150322276006,-0.004643574054024824,2.1999781744445075,0.0,0.9908117327741506,1.0140026511527112,-0.023190918378560573,0.009188267225849422,0.0,0.000179235609823445,0.0,True,0,long_short,1.3898202683809653,1.5470453850355204
2025-01-06,2.1516774594940253,0.0007266714771099192,2.1510997083889016,0.0,0.9973893264070701,0.9971208144595317,0.00026851194753839164,0.0026106735929298797,0.001152896812359593,0.0005375890708673632,1.0713396834306854,True,0,long_short,1.3863308143392232,1.5520663879346825
2025-01-07,2.176123309035272,0.011361298336505676,2.1509233673712966,0.0,1.0023804783327388,0.9908002790125323,0.011580199320206524,0.0,0.0,0.00017634101760533413,0.0,True,0,long_short,1.3972549266767373,1.5574275441712078
2025-01-08,2.17635369509393,0.00010586994666250682,2.1507461533782752,0.0,1.0019901414337846,0.9902238822207803,0.011766259213004346,0.0,0.0,0.00017721399302119087,0.0,True,0,long_short,1.3965341975306134,1.5583962776867284
2025-01-09,2.1800179702506925,0.0016836763091507834,2.1505690237285457,0.0,1.0040437938552098,0.9905352141443919,0.0135085797108179,0.0,0.0,0.0001771296497294344,0.0,True,0,long_short,1.3999186087724969,1.5572462260232522
2025-01-10,2.1695233041459447,-0.004814027337371463,2.1503915400655047,0.0,1.0027573486518429,0.9939389303182491,0.008818418333593845,0.0,0.0,0.00017748366304116926,0.0,True,0,long_short,1.3960411740667626,1.5540539523099997
2025-01-13,2.1674553315815146,-0.0009531921415538713,2.163655366162841,0.0,0.9979935352981661,0.9962403432654142,0.001753192032751982,0.0020064647018338544,0.0006991368603433448,0.0005317085767126029,0.6460465319953698,True,0,long_short,1.3938894909083763,1.554969275339767
2025-01-14,2.2012555986915694,0.015594446915494942,2.1634778889209056,0.0,1.0034707390004984,0.986308847490435,0.017161891510063282,0.0,0.0,0.00017747724193538798,0.0,True,0,long_short,1.408469431528698,1.5628706945399673
2025-01-15,2.19250525765102,-0.003975159016404328,2.163299440876584,0.0,1.0043183134358242,0.9909975623577967,0.01332075107802751,0.0,0.0,0.00017844804432142595,0.0,True,0,long_short,1.411501102271703,1.553314591198229
2025-01-16,2.1888032768485397,-0.0016884706613868872,2.163120857257478,0.0,1.0026091837868265,0.9908756397709207,0.011733544015905853,0.0,0.0,0.0001785836191059299,0.0,True,0,long_short,1.409893947433872,1.5524595171376894
2025-01-17,2.2040664325412056,0.006973288031002056,2.1629425971056464,0.0,1.004115135346423,0.9854569702256264,0.018658165120796658,0.0,0.0,0.0001782601518312316,0.0,True,0,long_short,1.4143250593491818,1.558387456950973
2025-01-20,2.2231062163732735,0.008638480016283312,2.20375563621884,0.0,0.9988786884720727,0.9901743899496197,0.008704298522452946,0.0011213115279272712,0.0005992666943394813,0.0005355647577833575,0.5437116260612272,True,0,long_short,1.4203850123577773,1.5651433921307112
2025-01-21,2.254201981160758,0.013987529951768662,2.2035747105058325,0.0,0.9993965244174827,0.9769374586026015,0.02245906581488124,0.0006034755825172766,0.0,0.0001809257130074477,0.0,True,0,long_short,1.4245314921702454,1.582416389915344
2025-01-22,2.258381146336812,0.0018539444162417595,2.203393706586272,0.0,0.9991588618262431,0.9748106955126286,0.024348166313614503,0.0008411381737568613,0.0,0.00018100391956044987,0.0,True,0,long_short,1.4222995020971287,1.5878379645123346
2025-01-23,2.233479765472581,-0.011026208266316062,2.2032127618660535,0.0,1.001657559724305,0.988106058575996,0.013551501148309024,0.0,0.0,0.0001809447202186188,0.0,True,0,long_short,1.4220734906535628,1.570579706430016
2025-01-24,2.257267696153184,0.010650613920189178,2.2030313716012886,0.0,1.0053608730740562,0.9813334506091334,0.02402742246492288,0.0,0.0,0.00018139026476468644,0.0,True,0,long_short,1.429311278411536,1.5792694917105787
2025-01-27,2.240588814082492,-0.007388969460341954,2.256921431041475,0.0,0.9963483735028282,1.0036378042347547,-0.007289430731926311,0.003651626497171767,0.00119031201684835,0.0005461970047926245,1.0542543082799118,True,0,long_short,1.4234997007974444,1.5740002002299784
2025-02-05,2.251300671121605,0.004780822331963641,2.24537772202377,0.0,0.998141355246182,0.9955104542857677,0.002630900960414213,0.0018586447538180284,0.0006400508134961534,0.0016634512387420555,0.5699427860605162,True,0,long_short,1.4277546118871853,1.576812046256232
2025-02-06,2.28075071501422,0.013081346383618797,2.2451935143508517,0.0,1.0021879219386227,0.9865977917111959,0.015590130227426889,0.0,0.0,0.0001842076729185306,0.0,True,0,long_short,1.4389677613481804,1.5849908359846552
2025-02-07,2.280136692893049,-0.0002692193044725455,2.2450085677520395,0.0,1.0071271391748238,0.9917209903897531,0.015406148785070637,0.0,0.0,0.00018494659881178855,0.0,True,0,long_short,1.4467931110898766,1.5759936064220061
2025-02-10,2.2753912074435574,-0.0020812284913807044,2.2801964706627866,0.0,0.9999520242734021,1.0020638647356093,-0.002111840462207029,4.797572659787086e-05,0.0010123940170692384,0.0005575708157177861,0.8875943213654982,True,0,long_short,1.4497234663581797,1.5695346459139001
2025-02-11,2.2745602598648045,-0.00036518888533743077,2.2800090662265853,0.0,0.9964402834737947,0.9988358262333891,-0.0023955427595944937,0.0035597165262053476,0.0,0.00018740443620134095,0.0,True,0,long_short,1.4454777041574587,1.5735699369992027
2025-02-12,2.286561366303177,0.005276231476534221,2.27982233371071,0.0,0.9998192605419203,0.9968720260212206,0.0029472345206997164,0.00018073945807972613,0.0,0.00018673251587504334,0.0,True,0,long_short,1.4519639276248333,1.5748059044714724
2025-02-13,2.2549689272967197,-0.01381657167484418,2.2796349850206954,0.0,1.0020770172534017,1.0130155527806055,-0.01093853552720377,0.0,0.0,0.00018734869001494508,0.0,True,0,long_short,1.4491325158970418,1.556081933542737
2025-02-14,2.274581242116172,0.008697376971381843,2.279447232807458,0.0,1.001206846286962,1.0033461370720913,-0.0021392907851290484,0.0,0.0,0.00018775221323741713,0.0,True,0,long_short,1.4504835018423152,1.5681538185212989
2025-02-17,2.31341837986807,0.017074412218297086,2.302874011126082,0.0,0.9968896123899554,0.9923316954849338,0.004557916905021535,0.0031103876100445627,0.0009924219052298928,0.0005627323486193177,0.8615272925558568,True,0,long_short,1.451634228772375,1.5936648048210413
2025-02-18,2.2869662051089215,-0.011434237312775486,2.3026853252315673,0.0,0.9903355429722002,0.9972088933905536,-0.0068733504183534095,0.009664457027799833,0.0,0.00018868589451456085,0.0,True,0,long_short,1.4434046336750952,1.5844248741851474
2025-02-19,2.31907720787802,0.014040873318269753,2.3024978800503115,0.0,0.9958137834371921,0.9886646778483881,0.007149105588804028,0.004186216562807932,0.0,0.00018744518125629546,0.0,True,0,long_short,1.4570656192205282,1.5916079394685283
2025-02-20,2.309563232696601,-0.004102483155411951,2.3023094315801225,0.0,1.001511137773973,0.9983703702843518,0.0031407674896211015,0.0,0.0,0.00018844847018895306,0.0,True,0,long_short,1.460551345937114,1.5812954738778777
2025-02-21,2.3415968207476507,0.013869976624821811,2.302119913813014,0.0,1.0047538441866601,0.9878948757319489,0.016858968454711184,0.0,0.0,0.00018951776710869286,0.0,True,0,long_short,1.4696704163557741,1.5932802311921905
2025-02-24,2.3429861504802196,0.0005933257682360082,2.342511789888265,0.0,0.9984514889963081,0.9982490291602323,0.00020245983607579618,0.0015485110036919103,0.001403779100858163,0.0005703907808827793,1.1978068830043913,True,0,long_short,1.46792501163942,1.5961211450873138
2025-02-25,2.344962130431902,0.000843359637989094,2.342319552875932,0.0,0.9969376457935504,0.9958107288503398,0.0011269169432105229,0.0030623542064496245,0.0,0.0001922370123331027,0.0,True,0,long_short,1.4683207858014664,1.5970366646767387
2025-02-26,2.3757876486781466,0.013145422625894243,2.342127623688406,0.0,0.9995763837045142,0.985408440282269,0.014167943422245192,0.00042361629548581803,0.0,0.0001919291875259045,0.0,True,0,long_short,1.4802638132976051,1.6049758342640086
2025-02-27,2.359658524820799,-0.006788958544473367,2.3419352027677487,0.0,0.996779811710296,0.9892688427007457,0.007510969009550283,0.0032201882897040512,0.0,0.00019242092065691605,0.0,True,0,long_short,1.4763165759571264,1.598341821293298
2025-02-28,2.3365344360250737,-0.009799760665573976,2.3417433394807885,0.0,0.9871172206335211,0.989346549410107,-0.0022293287765859393,0.012882779366478858,0.0,0.00019186328696041812,0.0,True,0,long_short,1.4566196955927428,1.6040799414525744
2025-03-03,2.339950069016417,0.0014618372144148406,2.3351043480425515,0.0,0.9933004674647943,0.9912296023476159,0.0020708651171783324,0.006699532535205721,0.0012131059669244675,0.000569993987307772,1.0384769970729737,True,0,long_short,1.449749218786532,1.6140378202617693
2025-03-04,2.353846864617381,0.005938928263886201,2.334913710143119,0.0,0.9945795306472003,0.9865360360771577,0.008043494570042591,0.005420469352799717,0.0,0.00019063789943214406,0.0,True,0,long_short,1.455512002325851,1.6171950907007475
2025-03-05,2.36670673574757,0.005463342294478091,2.3347228481084326,0.0,0.9974121914046411,0.983898101485497,0.01351408991914423,0.002587808595358898,0.0,0.00019086203468648855,0.0,True,0,long_short,1.4610236996887345,1.6198961976125288
2025-03-06,2.3970939684967156,0.012839458429794393,2.3345314564702897,0.0,1.001423046844095,0.9753237312358463,0.026099315608248828,0.0,0.0,0.00019139163814314836,0.0,True,0,long_short,1.4748503817797503,1.6253133186324051
2025-03-07,2.405544329851179,0.003525252437126314,2.3343392968017844,0.0,1.0008160205438152,0.9712156377257612,0.029600382818054126,0.0,0.0,0.00019215966850497196,0.0,True,0,long_short,1.4768685589279942,1.6288140981193866
2025-03-10,2.404843751899125,-0.0002912346878671812,2.4221770634151456,0.0,0.9997529677303546,1.0069606341337676,-0.0072076664034129686,0.0002470322696453975,0.0006221763449384465,0.0005760745324259182,0.5136012383758689,True,0,long_short,1.4796061098313962,1.6253269947453524
2025-03-11,2.3875505415332947,-0.007190991245137446,2.4219780291968385,0.0,0.9974798766115589,1.0118994614809267,-0.01441958486936774,0.002520123388441098,0.0,0.00019903421830725788,0.0,True,0,long_short,1.4747199253992813,1.6189857480137213
2025-03-12,2.388190294581263,0.0002679537194458792,2.4217794570510383,0.0,1.0006067124843443,1.0146714051288075,-0.014064692644463165,0.0,0.0,0.00019857214580022207,0.0,True,0,long_short,1.4758892889551223,1.6181364770741158
2025-03-13,2.3694620951312726,-0.007842004672946157,2.4215802875933465,0.0,1.000086852888145,1.022082643649755,-0.02199579076161005,0.0,0.0,0.00019916945769186994,0.0,True,0,long_short,1.4681920236597048,1.6138638931064393
2025-03-14,2.3658862358562107,-0.0015091439033395604,2.421381236682479,0.0,1.0093546161597748,1.0328109430047487,-0.023456326844973972,0.0,0.0,0.0001990509108673692,0.0,True,0,long_short,1.479018547847673,1.5996325666768298
2025-03-17,2.366129259644898,0.00010271998078525968,2.362963429285704,0.0,0.9995741260321109,0.9982361474131114,0.001337978618999488,0.00042587396788906773,0.0006525134891258013,0.0006025101027032733,0.5521315686843489,True,0,long_short,1.4833588485682667,1.5951158830708283
2025-03-18,2.3707919754602997,0.0019706090850257763,2.362769295935861,0.0,1.0001280564815445,0.9967440904450974,0.003383966036447075,0.0,0.0,0.00019413334984350912,0.0,True,0,long_short,1.4840368828989645,1.5975290121018555
2025-03-19,2.3655769253531753,-0.00219970801365299,2.36257507076672,0.0,0.9929570140564582,0.9916880404905247,0.0012689735659335343,0.007042985943541802,0.0,0.00019422516914093524,0.0,True,0,long_short,1.4764080648473255,1.6022514247087902
2025-03-20,2.3606768281856967,-0.0020714173844704753,2.362382255888989,0.0,0.9895042817487076,0.9902267134186975,-0.0007224316699898668,0.010495718251292363,0.0,0.0001928148777314869,0.0,True,0,long_short,1.472698020925881,1.6029605490347205
2025-03-21,2.349152186454302,-0.004881922673105721,2.362190123950056,0.0,0.9817278936550675,0.9872779544688939,-0.005550060813826373,0.01827210634493248,0.0,0.00019213193893298608,0.0,True,0,long_short,1.4586836171860864,1.6104603896121068
2025-03-24,2.3363799260695597,-0.005436965922595238,2.3480919167557954,0.0,0.9947968901183278,0.9998097694687933,-0.00501287935046539,0.005203109881672163,0.0011942857617903157,0.0005718738489974957,1.0167222371718458,True,0,long_short,1.4523163292759704,1.608726610706309
2025-03-25,2.3391667357387185,0.0011927895964449764,2.3478999220591974,0.0,0.99747043274955,1.0012038931254394,-0.003733460375889388,0.002529567250449949,0.0,0.00019199469659795525,0.0,True,0,long_short,1.4564272300755836,1.6060992869635675
2025-03-26,2.3432664952324322,0.0017526580859226204,2.3477074303187186,0.0,1.0000978805945064,1.0019930705335607,-0.0018951899390541105,0.0,0.0,0.00019249174047872308,0.0,True,0,long_short,1.4617159656245744,1.6030929061044916
2025-03-27,2.3376276071521325,-0.002406422014641807,2.347514449212639,0.0,1.000444090237531,1.0046735243998661,-0.004229434162335267,0.0,0.0,0.00019298110607970082,0.0,True,0,long_short,1.4613835559901844,1.5995989537245303
2025-03-28,2.3300535394240516,-0.0032400659989244573,2.347321417494819,0.0,0.9961011961982895,1.0035121323757628,-0.007410936177473339,0.003898803801710482,0.0,0.00019303171782016095,0.0,True,0,long_short,1.4558030725357807,1.6005279720734917
2025-03-31,2.326453457105615,-0.0015450642045444773,2.328588758166298,0.0,0.9953854080635759,0.9963032433437793,-0.0009178352802033687,0.004614591936424106,0.000824746028763713,0.0005765515880294277,0.7081147484363949,True,0,long_short,1.448649319017694,1.605946605961991
2025-04-01,2.33369270797492,0.00311171102400265,2.328398249690287,0.0,0.9991702648294004,0.9969015606994435,0.002268704129956999,0.0008297351705995881,0.0,0.00019050847601117854,0.0,True,0,long_short,1.4535748097878203,1.6054851062777922
2025-04-02,2.337201575157509,0.0015035686449198504,2.328207033643484,0.0,0.9997858610825712,0.9959374375620544,0.003848423520516799,0.00021413891742882996,0.0,0.00019121604680326915,0.0,True,0,long_short,1.4564414616807255,1.604734303883653
2025-04-03,2.310181292582946,-0.011560955144719331,2.328015715297087,0.0,0.9983851233068108,1.006105046748058,-0.007719923441246922,0.00161487669318916,0.0,0.00019131834639685207,0.0,True,0,long_short,1.4509768641539074,1.5921558431809022
2025-04-07,2.2387418804989716,-0.030923725472687846,2.2754296857404404,0.0,0.9749396598233167,0.9913273486234617,-0.01638768880014512,0.02506034017668335,0.0007729563578088221,0.0007641485120122695,0.6791630441974138,True,0,long_short,1.392206095328713,1.6080534972592428
2025-04-08,2.223476525504201,-0.006818720428533154,2.275247275379949,0.0,0.9872998313895647,1.0105835266667202,-0.023283695277155615,0.012700168610435325,0.0,0.00018241036049156288,0.0,True,0,long_short,1.4056427636692874,1.5818219130585083
2025-04-09,2.241760171675773,0.008222999416387378,2.2750625897293784,0.0,0.9934114686417761,1.008266946259041,-0.014855477617265002,0.006588531358223904,0.0,0.0001846856505702494,0.0,True,0,long_short,1.4173828213682806,1.5816194029441346
2025-04-10,2.2806274456137667,0.017337837663936817,2.2748768122486216,0.0,0.9975125885662529,0.9949910748590469,0.002521513707206044,0.0024874114337470887,0.0,0.00018577748075676782,0.0,True,0,long_short,1.4303854257520219,1.5944146273824986
2025-04-11,2.285567600025253,0.00216613827961587,2.2746903023346383,0.0,0.9938778940832437,0.9891187709269238,0.004759123156319861,0.006122105916756326,0.0,0.0001865099139833658,0.0,True,0,long_short,1.4262467394376077,1.602505048268499
2025-04-14,2.2889571756110176,0.0014830344924943173,2.296134572425559,0.0,0.9985188868862038,1.0016545492266864,-0.0031356623404826325,0.001481113113796173,0.001548041030933404,0.0005574323380456547,1.34748030199404,True,0,long_short,1.4288311311618616,1.6019787962974603
2025-04-15,2.279653601936605,-0.004064546848469908,2.2959461276829884,0.0,0.9934454792381631,1.0005924096895888,-0.007146930451425802,0.006554520761836935,0.0,0.0001884447425700693,0.0,True,0,long_short,1.4231544149488782,1.601831521577013
2025-04-16,2.2692495621307316,-0.0045638687373534825,2.295758647894702,0.0,0.9890821545545244,1.0007640278074068,-0.011681873252882531,0.010917845445475582,0.0,0.0001874797882865177,0.0,True,0,long_short,1.415293147346585,1.6033777640944267
2025-04-17,2.2708829733006266,0.0007198023510297524,2.2955719917304362,0.0,0.9911958094804687,1.0020678001202707,-0.010871990639802015,0.008804190519531296,0.0,0.00018665616426560098,0.0,True,0,long_short,1.4179985077145467,1.6014706369195781
2025-04-18,2.2740049860548677,0.0013748012517365016,2.2953849578642402,0.0,0.9894717141405984,0.9988736160451607,-0.009401901904562217,0.010528285859401576,0.0,0.0001870338661961045,0.0,True,0,long_short,1.4179405647507537,1.603737873494432
2025-04-21,2.2925366622890704,0.008149356025095367,2.271641085836309,0.0,1.000314412480698,0.9911998029756542,0.009114609505043832,0.0,0.0014253459733043698,0.0005600819794500864,1.2541173045872107,True,0,long_short,1.4237114806358682,1.6102536879629301
2025-04-22,2.295539887268341,0.001310000851315385,2.1519824025194767,0.0,1.00133406233151,0.9387964930454911,0.0625375692860188,0.0,5.9706103871358143e-05,0.00018676947024455262,0.05208907437930088,True,0,long_short,1.4272632826620422,1.6083506912521728
2025-04-23,2.313755782613639,0.007935342551148139,2.1518052755499575,0.0,1.0047635695123185,0.9347689277784618,0.06999464173385667,0.0,0.0,0.00017712696951892272,0.0,True,0,long_short,1.432568282902624,1.615110295423811
2025-04-24,2.3018167236552927,-0.005160034195510255,2.2745059004829358,0.0,0.9495160943156882,0.9376511952159079,0.011864899099780305,0.050483905684311825,6.146993073372133e-05,0.0001777666037305452,0.053053997505268,True,0,long_short,1.4282242548568742,1.6116633755712007
2025-04-25,2.307718992852983,0.002564178605982681,2.274328505863585,0.0,0.9506172772893882,0.9361482335744434,0.014469043714944722,0.04938272271061184,0.0,0.00017739461935096032,0.0,True,0,long_short,1.4306365119284572,1.6130715060125536
2025-04-28,2.2924084024783724,-0.006634512443684737,2.3036960946495295,0.0,0.9937288589272838,0.9986528036131231,-0.004923944685839358,0.006271141072716202,0.0010971447313219244,0.0005326932473619074,0.9520547983008282,True,0,long_short,1.4228721547802268,1.611113405218371
2025-04-29,2.2953314872055453,0.001275115168838603,2.4285024927354857,0.0,0.7753136273477054,0.8333318291944762,-0.05801820184677088,0.22468637265229463,0.0004438108360387597,0.00018816329409544988,0.3873492879942993,True,0,long_short,1.427567229086148,1.6078622711694588
2025-04-30,2.29291966676795,-0.0010507503822602127,2.4283452785338273,0.0,0.775464166524712,0.8345266856912774,-0.05906251916656553,0.22453583347528805,0.0,0.00015721420165813765,0.0,True,1,long_short,1.4296653743013807,1.603815625658841
2025-05-06,2.3095606306210685,0.00725754333843498,2.292084189275456,0.0,1.0059371714187013,0.9983701731273797,0.007566998291321479,0.0,0.0014632742811896862,0.0009436451424974164,1.275992151407724,True,1,long_short,1.4414176305190673,1.6022841553487694
2025-05-07,2.3035236438795015,-0.0026139113481267184,2.2695562323194736,0.0,0.8602788968245328,0.8455330479376418,0.01474584888689099,0.13972110317546715,0.00034704708030691613,0.00018951751616230164,0.2990928436136583,True,0,long_short,1.4414732015486698,1.5980343175333915
2025-05-08,2.3177293871806923,0.00616696222716695,2.269396146946794,0.0,0.8624105752492838,0.8415568722668609,0.02085370298242275,0.13758942475071623,0.0,0.00016008537267993354,0.0,True,0,long_short,1.4500362228235641,1.5983941302290532
2025-05-09,2.305272322823013,-0.0053746845626495565,2.2692358317883965,0.0,0.8612031965100339,0.8455709908578677,0.015632205652166116,0.13879680348996615,0.0,0.0001603151583975429,0.0,True,0,long_short,1.4484666800850372,1.5915259594978561
2025-05-12,2.3177254269265894,0.005402009983933809,2.305702573655172,0.0,1.0010420162893081,0.9958546661693412,0.0051873501199670175,0.0,0.0010126507974244261,0.0004806422635578099,0.8780024397374291,True,0,long_short,1.457210646053881,1.5905218872803175
2025-05-13,2.3133905762466562,-0.0018703038028459185,2.305512865352599,0.0,1.001846001302299,0.998440735034275,0.0034052662680238792,0.0,0.0,0.0001897083025729457,0.0,True,0,long_short,1.458915050193516,1.585692447233168
2025-05-14,2.317861304966525,0.0019325438452864052,2.305323020142678,0.0,1.0002704962318134,0.9948610764373759,0.0054094197944374485,0.0,0.0,0.000189845209920746,0.0,True,0,long_short,1.4587886599859448,1.5888945181331868
2025-05-15,2.3042091696095555,-0.00588997077940645,2.305133490006276,0.0,0.998397252432227,0.9987983967419153,-0.00040114430968828075,0.0016027475677730108,0.0,0.0001895301364020442,0.0,True,0,long_short,1.4524372979196782,1.5864431276378455
2025-05-16,2.31047900838014,0.0027210371581183335,2.304944330519342,0.0,1.0007798302650328,0.9983843625543442,0.002395467710688545,0.0,0.0,0.000189159486934031,0.0,True,0,long_short,1.453069248957535,1.5900680645727865
2025-05-19,2.314017283869651,0.0015314034348192784,2.3082018534539013,0.0,0.9990618041439278,0.9965486723465606,0.0025131317973671624,0.0009381958560722437,0.0010651084434089519,0.0005687867125422246,0.9224645404651277,True,0,long_short,1.4550596405909775,1.5903246982575951
2025-05-20,2.3169756730311835,0.001278464591493833,2.308012316671543,0.0,1.0027286435027414,0.9988600848191218,0.0038685586836195935,0.0,0.0,0.00018953678235840784,0.0,True,0,long_short,1.458790354224652,1.5882855725781497
2025-05-21,2.312424902454441,-0.001964099420512677,2.307822097396149,0.0,1.0038119762066782,1.0018215093796663,0.001990466827011837,0.0,0.0,0.0001902192753935153,0.0,True,0,long_short,1.4606238593537904,1.583176180264168
2025-05-22,2.298257126139693,-0.006126804939572406,2.3076316888751,0.0,1.0005376849520382,1.004616672733163,-0.004078987781124746,0.0,0.0,0.00019040852104964677,0.0,True,0,long_short,1.4559338677639913,1.578544999210255
2025-05-23,2.294099601632403,-0.0018089901517125417,2.3074419189495807,0.0,0.9989240915321337,1.0047400191874472,-0.005815927655313484,0.0010759084678663156,0.0,0.0001897699255189923,0.0,True,0,long_short,1.451405167699136,1.5806059208602394
2025-05-26,2.289069277961146,-0.00219272243789137,2.300422276441021,0.0,0.9981998086905536,1.003159465695774,-0.0049596570052204015,0.0018001913094464195,0.0010701792896995598,0.0005683496739687261,0.9299872237554468,True,0,long_short,1.4479960205721243,1.5808532934066362
2025-05-27,2.276264051497856,-0.005594075542657007,2.300233539330296,0.0,0.9975696269588945,1.0080998147095939,-0.010530187750699378,0.0024303730411054936,0.0,0.00018873711072494093,0.0,True,0,long_short,1.4444794587110639,1.5758369132704795
2025-05-28,2.2845940704993883,0.0036595134892416503,2.3000449337383606,0.0,0.9984622288860479,1.0052252960928165,-0.00676306720676869,0.0015377711139521466,0.0,0.00018860559193521355,0.0,True,0,long_short,1.4454600840749017,1.5805307221344231
2025-05-29,2.3051639172511798,0.009003720624773948,2.2998561777040343,0.0,1.001692783181203,0.9993902399618577,0.002302543219345241,0.0,0.0,0.00018875603432627185,0.0,True,0,long_short,1.453839449873915,1.5855697941413658
2025-05-30,2.3001014042157424,-0.0021961618423537166,2.2996668277050967,0.0,1.0009719807686936,1.0007830427897637,0.00018893797892991442,0.0,0.0,0.00018934999893806075,0.0,True,0,long_short,1.4546919907914737,1.581160423495764
2025-06-03,2.299653825275968,-0.00019459095975238316,2.295350234537809,0.0,1.0014942645217355,0.9996228564468082,0.0018714080749274032,0.0,0.0008489870151718894,0.0007567898571077388,0.7394715643163549,True,0,long_short,1.4589445299470245,1.5762448661152804
2025-06-04,2.325547080413676,0.011259631712003504,2.295161293179536,0.0,1.0036062240723946,0.9905401427661695,0.01306608130622516,0.0,0.0,0.00018894135827352264,0.0,True,0,long_short,1.4661358955644153,1.5861743017473937
2025-06-05,2.3321394438655116,0.0028347581123417953,2.29497196048882,0.0,1.0047390256497712,0.9888019497281502,0.01593707592162098,0.0,0.0,0.00018933269071581463,0.0,True,0,long_short,1.468647773871993,1.5879501439048112
2025-06-06,2.322625597378371,-0.0040794500998495575,2.294782424267247,0.0,1.0063676233538577,0.994379822503582,0.01198780085027565,0.0,0.0,0.00018953622157250478,0.0,True,0,long_short,1.4703301529084318,1.5796626307255075
2025-06-09,2.326578650836222,0.0017019761869121464,2.321948982279775,0.0,1.0014207842191947,0.9994308800503487,0.0019899041688460177,0.0,0.0012849614396243706,0.0005694835140649431,1.106183424272117,True,0,long_short,1.4762244093714443,1.5760331803664231
2025-06-10,2.3181625805825328,-0.0036173590137020817,2.321757865467569,0.0,0.9988023438902702,1.0003532639660022,-0.0015509200757320618,0.0011976561097297722,0.0,0.00019111681220643274,0.0,True,0,long_short,1.472079962645425,1.5747531651858377
2025-06-11,2.3312101182417093,0.00562839628612144,2.3215672642480714,0.0,0.9990407272159604,0.9949043115757816,0.004136415640178748,0.000959272784039622,0.0,0.00019060121949777427,0.0,True,0,long_short,1.476709639337241,1.5786516564542608
2025-06-12,2.334319311172799,0.0013337248782339106,2.3213766343030446,0.0,0.9980147033622829,0.9924701847491668,0.00554451861311602,0.001985296637717071,0.0,0.0001906299450269395,0.0,True,0,long_short,1.4773493838731517,1.580072619689283
2025-06-13,2.327621465086826,-0.0028692930114208037,2.321186217126221,0.0,0.9957038843301415,0.9929391530123003,0.0027647313178410975,0.004296115669858547,0.0,0.00019041717682382594,0.0,True,0,long_short,1.470055347390093,1.5833563472417818
2025-06-16,2.330083380164525,0.0010576956410766059,2.3226002600562747,0.0,0.9992157532393962,0.9960042286339026,0.003211524605493597,0.0007842467606038461,0.0014888628141613,0.0005698815993065496,1.2812441653032962,True,0,long_short,1.4737257461257844,1.58108344533573
2025-06-17,2.326593939800068,-0.0014975602994132808,2.3224095115987646,0.0,0.9995997111116578,0.9978011900505811,0.0017985210610766912,0.000400288888342204,0.0,0.000190748457510694,0.0,True,0,long_short,1.4747334793089404,1.5776368899486224
2025-06-18,2.328791292996259,0.0009444506661011598,2.322218705171211,0.0,0.999946199974785,0.9971238827302923,0.0028223172444926956,5.380002521504501e-05,0.0,0.00019080642755317623,0.0,True,0,long_short,1.4748815557719663,1.5789683475818834
2025-06-19,2.323526361153069,-0.0022608002095438895,2.3220278481781036,0.0,0.9979476727545749,0.9973027422730366,0.0006449304815383015,0.002052327245425145,0.0,0.0001908569931074735,0.0,True,0,long_short,1.4676698592900868,1.5831396594033489
2025-06-20,2.309911867286192,-0.005859410116664576,2.321837388516866,0.0,0.9992181317372942,1.0043808920138084,-0.005162760276514197,0.0007818682627057649,0.0,0.00019045966123739554,0.0,True,0,long_short,1.4675258489999587,1.5740178402038196
2025-06-23,2.3210484231750854,0.004821203807215957,2.307361385382809,0.0,1.000793937569116,0.9948970171707243,0.0058969203983915315,0.0,0.0012552315377440408,0.000572062522620375,1.0874317793123962,True,0,long_short,1.473885004564279,1.5747825752940958
2025-06-24,2.3389059794533424,0.007693745679734132,2.3071715877811987,0.0,1.004168502994837,0.9906004536799344,0.013568049314902682,0.0,0.0,0.00018979760161033196,0.0,True,0,long_short,1.4840013038861093,1.5760808116061085
2025-06-25,2.3517272301133003,0.005481729822656156,2.306981155891525,0.0,1.0101339651402674,0.9911070671017481,0.019026898038519393,0.0,0.0,0.00019043188967352264,0.0,True,0,long_short,1.4958701237268643,1.5721466675556852
2025-06-26,2.338369661447622,-0.005679897096328879,2.3067895821810325,0.0,1.0084290456869,0.9949238759153083,0.013505169771591724,0.0,0.0,0.00019157371049267763,0.0,True,0,long_short,1.4949426974584386,1.5641868182794558
2025-06-27,2.3496145597560387,0.004808862556596294,2.306598363018822,0.0,1.0089765322967124,0.9906687649403153,0.01830776735639703,0.0,0.0,0.00019121916221015634,0.0,True,0,long_short,1.498070939807765,1.5684267662635158
2025-06-30,2.362322272859527,0.005408424565094494,2.3496368666312732,0.0,1.0006970302667686,0.9953271421807968,0.005369888085971752,0.0,0.0006422590863221836,0.0005739508982464021,0.5465385615643306,True,0,long_short,1.503296649676841,1.5714278837562419
2025-07-01,2.3641879628211044,0.000789769449753841,2.3494436104551015,0.0,1.0039038709884271,0.9976673311710055,0.006236539817421628,0.0,0.0,0.0001932561761716699,0.0,True,0,long_short,1.5105174950477402,1.5651509966432953
2025-07-02,2.3540896724041587,-0.004271356836152651,2.3492497469130256,0.0,1.0011337389066635,0.9990777741114947,0.00205596479516873,0.0,0.0,0.00019386354207569982,0.0,True,0,long_short,1.5056319883111084,1.5635226208529076
2025-07-03,2.3624217585003255,0.0035394089672282636,2.349056438529193,0.0,1.0076191733444706,1.0019617076853256,0.00565746565914501,0.0,0.0,0.00019330838383269078,0.0,True,0,long_short,1.5139954282662722,1.5603889644538855
2025-07-04,2.346677059007307,-0.0066646437861346275,2.348861885969789,0.0,1.0062546004120794,1.0071856305059288,-0.0009310300938495607,0.0,0.0,0.00019455255940437993,0.0,True,0,long_short,1.5161948889562067,1.5477410431206695
2025-07-07,2.3411191274304897,-0.002368426262780443,2.3481314375055824,0.0,0.9961666103465505,0.9991618915319165,-0.0029952811853660205,0.0038333896534494816,0.0008854315371122741,0.0005827905402583743,0.7538741409491183,True,0,long_short,1.5132574178853326,1.5470726260850145
2025-07-08,2.3500966903407305,0.0038347313492304025,2.347939178024843,0.0,1.001778986761215,1.0008609341871422,0.000918052574072694,0.0,0.0,0.00019225948073958886,0.0,True,0,long_short,1.5248375394503484,1.5412111976124747
2025-07-09,2.363695776105314,0.0057866069172720636,2.34774585309589,0.0,0.9989595627947463,0.9922116880594851,0.0067478747352611185,0.001040437205253708,0.0,0.00019332492895270147,0.0,True,0,long_short,1.5210610813715744,1.5539782097204915
2025-07-10,2.3595196272539996,-0.0017667877962685985,2.347553089815665,0.0,1.0032525725540793,0.9981809735302299,0.005071599023849209,0.0,0.0,0.00019276328022481057,0.0,True,0,long_short,1.5272199779206812,1.544976926288313
2025-07-11,2.360746747581987,0.0005200721001910047,2.3473595094650954,0.0,1.0051475507479912,0.9994767865583961,0.005670764189595137,0.0,0.0,0.00019358035056954103,0.0,True,0,long_short,1.5276882654994042,1.545306592251826
2025-07-14,2.365108553910879,0.0018476383938088592,2.359337888839276,0.0,0.992975518187467,0.9905356026655933,0.002439915521873684,0.007024481812533012,0.0008751756265363477,0.0005817973742017223,0.7416073063170053,True,0,long_short,1.5212325383287622,1.55473176803673
2025-07-15,2.367041821930918,0.0008174119605808272,2.3591453361630994,0.0,0.9883929750426691,0.985056960573192,0.0033360144694771035,0.011607024957330903,0.0,0.00019255267617679416,0.0,True,0,long_short,1.5157394775916602,1.561641599314865
2025-07-16,2.371224639658843,0.0017671076569796274,2.358953691969456,0.0,0.9909250890789777,0.9857501480446468,0.005174941034330886,0.009074910921022306,0.0,0.00019164419364336172,0.0,True,0,long_short,1.5215473278805955,1.5584297617358942
2025-07-17,2.3821857204404715,0.004622540015106091,2.358761574020997,0.0,0.9970226108611268,0.9871895629092048,0.009833047951921935,0.002977389138873243,0.0,0.00019211794845951934,0.0,True,0,long_short,1.5343283258414098,1.552591893351187
2025-07-18,2.3851795387845773,0.0012567527033755521,2.358568286167835,0.0,0.9998748040316623,0.9887178859950843,0.011156918036578074,0.00012519596833771018,0.0,0.00019328785316138452,0.0,True,0,long_short,1.537878094781135,1.5509548818458379
2025-07-21,2.3846791222801325,-0.00020980244728241448,2.3832940331768055,0.0,1.0054539321508678,1.0048731038581276,0.0005808282927401852,0.0,0.0010880110970809243,0.0005814911518288317,0.9126147378049525,True,0,long_short,1.5499214212087513,1.538580659411992
2025-07-22,2.3933155035291676,0.003621611464764918,2.3830970770197113,0.0,1.0095865108353108,1.0053169414891931,0.0042695693461176415,0.0,0.0,0.00019695615709408042,0.0,True,0,long_short,1.5573113516026482,1.5368253118210287
2025-07-23,2.389021222532915,-0.001794281192730507,2.3828993202562576,0.0,1.0077248804918768,1.005162365676639,0.0025625148152377463,0.0,0.0,0.00019775676345424199,0.0,True,0,long_short,1.5567458147221211,1.534625113451392
2025-07-24,2.40976007211876,0.008680898013897487,2.382701948676228,0.0,1.0136325050681156,1.0024039500946982,0.011228554973417505,0.0,0.0,0.00019737158002955187,0.0,True,0,long_short,1.569016846832011,1.5358407890803003
2025-07-25,2.421182817085191,0.0047402001131124916,2.3825034100722493,0.0,1.015988622315365,1.0000132045402186,0.015975417775146394,0.0,0.0,0.00019853860397854765,0.0,True,0,long_short,1.5707883428244587,1.541380688331074
2025-07-28,2.422478035190717,0.0005349526257933945,2.4162927952105315,0.0,0.9888577983875504,0.9863045285992039,0.0025532697883464827,0.01114220161244961,0.0009945373151427123,0.0005970118654580735,0.8228540329159642,True,0,long_short,1.5598591477708224,1.5530107565498166
2025-07-29,2.4588055899837244,0.0149960306204171,2.4160964143017747,0.0,0.9877598074363858,0.9703899202619253,0.01736988717446049,0.012240192563614194,0.0,0.00019638090875677032,0.0,True,0,long_short,1.5620819889549191,1.5740566803594866
2025-07-30,2.4729518237556736,0.005753294945145537,2.4159003046995493,0.0,0.9872809041576193,0.9642106936876557,0.023070210469963583,0.012719095842380734,0.0,0.00019610960222497665,0.0,True,0,long_short,1.56081910342243,1.58439361636028
2025-07-31,2.4901953012507096,0.006972831953049763,2.41570432278776,0.0,0.9786556745675418,0.948741965218907,0.029913709348634823,0.021344325432458233,0.0,0.00019598191178955707,0.0,True,0,long_short,1.5464655130934157,1.6102494883765877
2025-08-01,2.542212415672097,0.02088876900348402,2.415510140367166,0.0,0.9814437855703838,0.9316044115968153,0.04983937397356855,0.01855621442961619,0.0,0.00019418242059349205,0.0,True,0,long_short,1.5493128506650566,1.6408644739381262
2025-08-04,2.5659595623076576,0.009341133923021383,2.5402543432330296,0.0,1.003287011522904,0.9932692312537906,0.010017780269113506,0.0,0.001278238134478275,0.0005839733346549835,1.0058797938293595,True,0,long_short,1.5632279720165982,1.6414493651860091
2025-08-05,2.567319464646032,0.0005299780863072812,2.540044861971505,0.0,1.0071938802166276,0.9965701136577245,0.010623766558902934,0.0,0.0,0.00020948126152451835,0.0,True,0,long_short,1.5760435324470432,1.6289648171455546
2025-08-06,2.575490152135056,0.00318257528972965,2.53983457316186,0.0,1.0121232531616842,0.9982790616225949,0.01384419153908913,0.0,0.0,0.00021028880964476583,0.0,True,0,long_short,1.5852622241016976,1.6246461392811398
2025-08-07,2.5517117671806373,-0.009232566831873346,2.539623253335096,0.0,1.0159696978187003,1.0112322842906443,0.004737413528055927,0.0,0.0,0.00021131982676369463,0.0,True,0,long_short,1.5837269049850604,1.6112069316677473
2025-08-08,2.5460247113411363,-0.0022287218770734585,2.539411167856808,0.0,1.0182579466207182,1.0156603506685387,0.0025975959521795256,0.0,0.0,0.00021208547828855282,0.0,True,0,long_short,1.5850301133987852,1.6062942210490168
2025-08-11,2.564779822723923,0.007366429437720257,2.560224514825298,0.0,1.0000723942818412,0.9982962933244549,0.0017761009573863942,0.0,0.0007526423694999412,0.0006376182783611926,0.5877774953091409,True,0,long_short,1.5956607835921792,1.6073465294735427
2025-08-12,2.551763590779652,-0.005074989996781465,2.5600140701521297,0.0,0.9987663829082568,1.0019996288885231,-0.003233245980266253,0.0012336170917431888,0.0,0.0002104446731686557,0.0,True,0,long_short,1.591655264440166,1.6032137409335216
2025-08-13,2.56993416669864,0.007120791277312799,2.5598039167682143,0.0,1.0008595360912047,0.9969177036265079,0.0039418324646967205,0.0,0.0,0.00021015338391554433,0.0,True,0,long_short,1.602523466900336,1.6036795839685942
2025-08-14,2.5521495469503774,-0.006920262775100161,2.5595933403681097,0.0,0.9991367278895334,1.0020534039231253,-0.0029166760335919413,0.0008632721104665508,0.0,0.0002105764001043708,0.0,True,0,long_short,1.596015557177507,1.599075607673748
2025-08-15,2.5618735098645837,0.0038101070236364887,2.559383143918178,0.0,1.004188485989127,1.0032163982038338,0.000972087785293195,0.0,0.0,0.00021019644993225926,0.0,True,0,long_short,1.6103599986175012,1.5908700613924587
2025-08-18,2.581885537922744,0.007811481707080015,2.562160715873184,0.0,1.0070575303717904,0.9994178338167568,0.007639696555033639,0.0,0.0011759311027126891,0.0006337266201912727,0.9175003245086806,True,0,long_short,1.6251937361961903,1.5886632346773109
2025-08-19,2.6061735788746354,0.00940709438708609,2.8266785402000987,0.0,0.9053599388963848,0.9899686399870767,-0.08460870109069195,0.09464006110361523,0.0001324311708633333,0.00021208622888823782,0.10276588151198666,True,0,long_short,1.6277744005952877,1.6010655886476288
2025-08-20,2.613018677872451,0.002626493896377813,2.8264664829305004,0.0,0.9110586625040327,0.9927449538671858,-0.08168629136315304,0.08894133749596733,0.0,0.0002120572695985295,0.0,True,0,long_short,1.633601226357746,1.5995450026065419
2025-08-21,2.5701441180310995,-0.01640805716561522,2.8262532724285703,0.0,0.9182052926011867,1.0178530721170171,-0.09964777951583038,0.08179470739881334,0.0,0.0002132105019302943,0.0,True,0,long_short,1.640447644974312,1.56673340103539
2025-08-22,2.5771988561390393,0.0027448803584384507,2.8260382563392836,0.0,0.9267434165589353,1.0232976268044869,-0.09655421024555166,0.07325658344106467,0.0,0.00021501608928669333,0.0,True,0,long_short,1.6560119382836278,1.5562682831925565
2025-08-25,2.5470302105703237,-0.011705982833591588,2.5674296842201745,0.0,1.0036354807621184,1.0116446019595002,-0.008009121197381789,0.0,0.0012374624588754534,0.000650278719441448,0.963505497763951,True,0,long_short,1.6636851453894004,1.530956874639984
2025-08-26,2.542050558366537,-0.0019550817195339576,2.8212520193879644,0.0,0.9037727814975826,1.0136059475227444,-0.10983316602516197,0.09622721850241744,0.00012708059922721647,0.00021178268741517016,0.09984427770602833,True,0,long_short,1.662927142991714,1.5286602116513792
2025-08-27,2.5619292332890238,0.007819936884048584,2.821040240957976,0.0,0.873830612156769,0.9749696304802,-0.10113901832343095,0.12616938784323095,0.0,0.0002117784299888084,0.0,True,0,long_short,1.6161038066832973,1.5852504168942143
2025-08-28,2.5465425366548873,-0.006005902284187292,2.820834942064998,0.0,0.8753559990703541,0.9830676910848997,-0.10771169201454561,0.12464400092964589,0.0,0.00020529889297777164,0.0,True,0,long_short,1.6191575025294984,1.5727577661077436
2025-08-29,2.5587365620671774,0.004788463273936783,2.8206291812136204,0.0,0.8740065442831703,0.9763588626222112,-0.10235231833904097,0.12599345571682974,0.0,0.0002057608513774359,0.0,True,0,long_short,1.6132981473838583,1.5860283272601856
2025-09-01,2.573150177737197,0.005633098726808727,2.561189684204365,0.0,0.9860279546238141,0.9813797636102018,0.004648191013612215,0.013972045376185904,0.0017295307572227346,0.0006160056459015886,1.3496568655978147,True,0,long_short,1.6016414462292685,1.6065706739764656
2025-09-02,2.5755162728293612,0.0009195324519477577,2.994243044643149,0.0,0.8119833607943862,0.9745631030507965,-0.16257974225641036,0.18801663920561384,0.0002167388265167532,0.0002075537682050367,0.168471844189343,True,0,long_short,1.5875941742585504,1.6222762180594403
2025-09-03,2.597305969898898,0.00846032203306546,2.99403674301596,0.0,0.8175270704638773,0.9702741005461688,-0.15274703008229146,0.1824729295361227,0.0,0.00020630162718956741,0.0,True,0,long_short,1.5917033808194558,1.6317776296747755
2025-09-04,2.5877904935562746,-0.0036635946834534527,2.9938296116148266,0.0,0.8193207365715601,0.9762264517249348,-0.15690571515337462,0.18067926342843987,0.0,0.00020713140113316555,0.0,True,0,long_short,1.58866459427388,1.6289092756794634
2025-09-05,2.5932499500738224,0.0021096980343433547,2.99362197302321,0.0,0.8402263717524099,0.994616434668632,-0.15439006291622212,0.15977362824759012,0.0,0.00020763859161632546,0.0,True,0,long_short,1.6230884751783865,1.5977255643989523
2025-09-08,2.6178800791199346,0.009497784448202262,2.605397078903572,0.0,1.0041456869363132,0.9993773248115827,0.004768362124730532,0.0,0.0011873231858428464,0.0006359890733129671,0.9110184077608211,True,0,long_short,1.6333877522806148,1.6027303225855123
2025-09-09,2.6056615528980593,-0.004667336108834741,2.6051820446578065,0.0,0.9958022842407148,0.9956182587137927,0.00018402552692210405,0.004197715759285181,0.0,0.00021503424576562315,0.0,True,0,long_short,1.6177075730437136,1.6107123415361853
2025-09-10,2.600015030280972,-0.002167020736368097,2.6049688191056344,0.0,0.9879116205308592,0.989816912910699,-0.0019052923798397036,0.012088379469140764,0.0,0.00021322555217209667,0.0,True,0,long_short,1.6074933467245962,1.6174343959673132
2025-09-11,2.6010653021921386,0.0004039483998878879,2.6047572953644735,0.0,0.9970789078554698,0.9984983236499229,-0.0014194157944530967,0.0029210921445301796,0.0,0.0002115237411611613,0.0,True,0,long_short,1.6273088237984967,1.5983845623848336
2025-09-12,2.609880342855023,0.0033890116697399275,2.6045438302129167,0.0,0.9959175931109987,0.9938728585097685,0.0020447346012303163,0.0040824068890013,0.0,0.00021346515155694492,0.0,True,0,long_short,1.6300091014503362,1.6011446442432897
2025-09-15,2.6148029685796685,0.001886149967802897,2.6065521234416718,0.0,0.9911238300070785,0.987968393350037,0.0031554366570414405,0.008876169992921512,0.0010229022100073676,0.0006395891268629036,0.7845620547402864,True,0,long_short,1.6182202496765699,1.6158510988243309
2025-09-16,2.6358154026605263,0.008035953122797368,2.606339793905689,0.0,0.9826001148559631,0.9714173860787183,0.0111827287772448,0.017399885144036897,0.0,0.00021232953598311472,0.0,True,0,long_short,1.6153752840391193,1.6317046748851303
2025-09-17,2.6484551085575623,0.004795368402611855,2.6061293437488144,0.0,0.9851738555192454,0.9691925520521838,0.015981303467061576,0.014826144480754588,0.0,0.00021045015687439828,0.0,True,0,long_short,1.6245797440886318,1.6302401394542263
2025-09-18,2.641277610244767,-0.0027100698401887335,2.605918368710541,0.0,0.9794104328189109,0.9660232593551759,0.013387173463734988,0.020589567181089063,0.0,0.00021097503827330525,0.0,True,0,long_short,1.6136092096105352,1.6368756415825565
2025-09-19,2.64527589693885,0.0015137699568479324,2.6057086534552605,0.0,0.9757017345340145,0.9607440344584282,0.014957700075586366,0.024298265465985458,0.0,0.00020971525528031503,0.0,True,0,long_short,1.6048062841346744,1.6483459237980278
2025-09-22,2.6495123323190595,0.00160150984066032,2.642032774448293,0.0,0.990951068242439,0.9881280740711984,0.0028229941712405327,0.009048931757561052,0.0012517766182396806,0.0006266547215705757,0.9471372408502927,True,0,long_short,1.5979856179464607,1.65803265221116
2025-09-23,2.6525569556491146,0.0011491259326921188,2.641817591638581,0.0,0.9907755280224675,0.9867268443598369,0.00404868366263062,0.009224471977532511,0.0,0.0002151828097119716,0.0,True,0,long_short,1.5950586511555727,1.662983962205663
2025-09-24,2.6765839573659886,0.00905805308561014,2.6416024670505536,0.0,0.998140166723508,0.9850707129448713,0.01306945377863676,0.0018598332764919734,0.0,0.0002151245880273195,0.0,True,0,long_short,1.6157242972128418,1.6565845806633916
2025-09-25,2.6679141270787707,-0.0032391400476561305,2.6413857581902414,0.0,1.0051487398017644,0.9952052530083658,0.009943486793398664,0.0,0.0,0.00021670886031282077,0.0,True,0,long_short,1.6231199880183438,1.6436949497097926
2025-09-26,2.674004884080908,0.0022829659097036714,2.641167528972117,0.0,1.0029984552790072,0.9907182401962747,0.012280215082732434,0.0,0.0,0.00021822921812416612,0.0,True,0,long_short,1.6198660331569295,1.6507568091106801
2025-09-29,2.714611471548009,0.015185681862005307,2.686534132202739,0.0,1.0061556254276536,0.9958125838397318,0.010343041587921842,0.0,0.0010239522598198872,0.000653223800473861,0.7619945151992135,True,0,long_short,1.6338838253741388,1.6614470560208878
2025-09-30,2.7469784572013642,0.011923247946380222,2.686311947742717,0.0,1.0060304000003955,0.9839455855747101,0.02208481442568535,0.0,0.0,0.00022218446002218077,0.0,True,0,long_short,1.6450810489912844,1.6698134471160135
2025-10-09,2.7437466925470284,-0.0011764797957783957,2.7499804787836077,0.0,1.0013847018119792,1.0036566995344778,-0.0022719977224986295,0.0,0.0011859803085832782,0.0019993887073716976,0.8621654314400292,True,0,long_short,1.6529426554413187,1.6599164426635697
2025-10-10,2.7296175874602264,-0.005149566148063722,2.7497541407219805,0.0,1.0033348249557144,1.0107118851542787,-0.007377060198564359,0.0,0.0,0.00022633806162742932,0.0,True,0,long_short,1.6455120633184444,1.6588256314301981
2025-10-13,2.7195920504607702,-0.0036728723633351334,2.6823867606703087,0.0,0.9996782728986575,0.9859978057182368,0.013680467180420762,0.00032172710134248383,0.0009422726893699555,0.0006802660941958848,0.7023161734214735,True,0,long_short,1.6386727605044493,1.6596309623304963
2025-10-14,2.671954048311469,-0.017516598543237394,2.682166362440648,0.0,0.9946219246138439,0.9984439641940653,-0.0038220395802214396,0.005378075386156089,0.0,0.0002203982296605271,0.0,True,0,long_short,1.6259046387578113,1.6433645520273796
2025-10-15,2.691659852483445,0.007375053543465349,2.6819470915043078,0.0,0.9947788857717909,0.9911704205453339,0.00360846522645701,0.005221114228209145,0.0,0.00021927093634031378,0.0,True,0,long_short,1.6338357089948488,1.6474482946265019
2025-10-16,2.656612838928425,-0.013020595274207736,2.6817278125759834,0.0,0.9943192758643653,1.003773033400856,-0.009453757536490918,0.005680724135634696,0.0,0.00021927892832474035,0.0,True,0,long_short,1.6221220814196908,1.6377391500665237
2025-10-17,2.6332893512086493,-0.008779407890381008,2.6815086369873886,0.0,0.9929703563998985,1.011281783420483,-0.0183114270205845,0.007029643600101498,0.0,0.0002191755885947544,0.0,True,0,long_short,1.6068810488557452,1.6387581103677873
2025-10-20,2.6408996208957647,0.0028900240999427673,2.6554264328946933,0.0,0.9991726469888944,1.0046733528407892,-0.0055007058518947525,0.0008273530111055916,0.0011412718523511958,0.000656629533210193,0.8592078043498361,True,0,long_short,1.6078586245899096,1.6424949187117344
2025-10-21,2.662570789158833,0.008205979542576403,2.6552083582527777,0.0,1.0050988257781752,1.002333667031586,0.0027651587465892147,0.0,0.0,0.00021807464191572466,0.0,True,0,long_short,1.6237637987271523,1.6397525251184861
2025-10-22,2.6326337183583766,-0.011243671312834658,2.6549890061150108,0.0,1.005946133927034,1.0144377397287612,-0.008491605801727113,0.0,0.0,0.00021935213776674717,0.0,True,0,long_short,1.6173521217629028,1.6277430764358374
2025-10-23,2.621848197582983,-0.004096855821674628,2.654769501211001,0.0,1.0095492747825439,1.0221058002359882,-0.01255652545344443,0.0,0.0,0.00021950490400974207,0.0,True,0,long_short,1.6195746240992581,1.6188498872295858
2025-10-24,2.650420631343549,0.01089782153936536,2.6545492431630486,0.0,1.0108753707928926,1.0124330902622758,-0.001557719469383356,0.0,0.0,0.00022025804795242508,0.0,True,0,long_short,1.6305488859025108,1.625477564186331
2025-10-27,2.680554339964722,0.011369406148146854,2.701345259291087,0.0,1.004057301377403,1.011813502778132,-0.007756201400729156,0.0,0.0007208126662116686,0.0006616537521253253,0.533527047093658,True,0,long_short,1.644031976383668,1.6304757927282314
2025-10-28,2.6717723653296725,-0.0032761785516218778,2.7011223370108595,0.0,1.0011340826301498,1.012119289327415,-0.010985206697265121,0.0,0.0,0.00022292228022795856,0.0,True,0,long_short,1.6401348885089277,1.6289955076552407
2025-10-29,2.7021560340933575,0.011372102338492507,2.700900077913793,0.0,1.0045859525838863,1.0041211547840116,0.00046479779987455773,0.0,0.0,0.00022225909706647353,0.0,True,0,long_short,1.6558052411613262,1.6319286634206787
2025-10-30,2.720308018749553,0.006717593072779859,2.7006770676093526,0.0,1.0001921928922106,0.9929757486495382,0.0072164442426723785,0.0,0.0,0.00022301030444058146,0.0,True,0,long_short,1.6415299246605932,1.6571784515667667
2025-10-31,2.6710675178157297,-0.0181010755379305,2.700455051179916,0.0,1.003357197244058,1.0143593651668736,-0.011002167922815633,0.0,0.0,0.00022201642943631613,0.0,True,0,long_short,1.643348859336848,1.625380699076643
2025-11-03,2.6669603575110727,-0.0015376475050752347,2.6732178293301256,0.0,0.9998132410346915,1.002159534559989,-0.0023462935252975253,0.00018675896530850888,0.0012757660705736765,0.0006680767442521858,0.954024397566402,True,0,long_short,1.6464808290113304,1.6197943580749217
2025-11-04,2.6352543260650303,-0.011888452468649335,2.8741451913324334,0.0,0.9185803608882871,1.0092322812378938,-0.09065192034960663,0.0814196391117129,0.00010062383071447964,0.00021967559593752647,0.0756033071178081,True,0,long_short,1.6354001690172535,1.6113819577557036
2025-11-05,2.649761508505595,0.005505040745811929,3.066897127690798,0.0,0.8501124775709429,1.007536312827897,-0.157423835256954,0.14988752242905712,9.653353290735407e-05,0.00021859592343588812,0.07355000034029001,True,0,long_short,1.6475105872976825,1.6083426285301436
2025-11-06,2.635302452347806,-0.005456738695681196,3.0666776977505115,0.0,0.8532880715996315,1.0169790532622451,-0.1636909816626136,0.1467119284003685,0.0,0.00021942994028654902,0.0,True,0,long_short,1.6561932218253188,1.5911805564832553
2025-11-07,2.636287378182726,0.00037374299638437414,3.06645741988259,0.0,0.8556698959503521,1.0188425626557527,-0.16317266670540065,0.14433010404964786,0.0,0.00022027786792178176,0.0,True,0,long_short,1.6574388261229924,1.5905789924985725
2025-11-10,2.616684418867986,-0.0074358203422622005,2.6407658435004513,0.0,1.0078484265299084,1.0170514563101993,-0.009203029780290979,0.0,0.0010726344637212754,0.0006622919477962283,0.8120363698751621,True,0,long_short,1.6668133877387268,1.56987245129936
2025-11-11,2.607336478477341,-0.0035724370593717136,2.6405471062923214,0.0,1.0069528941997374,1.0196902712468208,-0.012737377047083455,0.0,0.0,0.000218737208129909,0.0,True,0,long_short,1.6640924403746573,1.5668218995636563
2025-11-12,2.601296257611147,-0.002316624998750183,2.6403285850067624,0.0,1.0062632127349151,1.0212681654700797,-0.015004952735164528,0.0,0.0,0.00021852128555920197,0.0,True,0,long_short,1.6570464404383607,1.5698390788148286
2025-11-13,2.6587998272201636,0.022105736492245676,2.6401102325911303,0.0,1.009959780955764,1.0029304459762394,0.007029334979524904,0.0,0.0,0.00021835241563189479,0.0,True,0,long_short,1.675894507210341,1.5864959374119234
2025-11-14,2.6420869547016186,-0.006285870920948122,2.8626933072861824,0.0,0.9238060154104332,1.0073030222716164,-0.08349700686118319,0.07619398458956683,0.00011145685171707536,0.0002191718873815452,0.08416777675763144,True,0,long_short,1.6661336591693214,1.5857593057803507
2025-11-17,2.623606416136759,-0.006994674619612229,2.6424004785251807,0.0,0.9950501840004203,1.00221362981029,-0.007163445809869639,0.004949815999579665,0.0013203563208081257,0.0006562312211281688,0.9988621365803502,True,0,long_short,1.6628759769827508,1.5777523113282512
2025-11-18,2.6068264625054054,-0.0063957587266697535,2.6421843622970016,0.0,0.9921279797378275,1.0056915599377974,-0.013563580199969939,0.007872020262172486,0.0,0.00021611622817890307,0.0,True,0,long_short,1.653753518086676,1.5763089444679732
2025-11-19,2.584148571239096,-0.008699424987620219,2.6419688831157773,0.0,0.9984228350758236,1.0207978302754828,-0.022374995199659103,0.0015771649241763663,0.0,0.00021547918122445406,0.0,True,0,long_short,1.6576797468671833,1.5588949410299715
2025-11-20,2.58620394535295,0.0007953776871538754,2.8420947209160508,0.0,0.9196416536793337,1.018586199805675,-0.09894454612634147,0.0803583463206663,0.00010022143619034025,0.00021681314421619378,0.0774637527563146,True,0,long_short,1.6537870640130823,1.563807095622857
2025-11-21,2.5715497234774745,-0.005666305591176313,2.841878205438082,0.0,0.9145025451393592,1.0196253352968234,-0.10512279015746423,0.08549745486064075,0.0,0.00021651547796872647,0.0,True,0,long_short,1.6364346711719862,1.5714343925723446
2025-11-24,2.5917256189332503,0.007845811913172795,2.572335113236382,0.0,0.9965265040277212,0.9890448070628821,0.007481696964839057,0.0034734959722787506,0.001231525678201233,0.0006465248011314674,0.9570575399754456,True,0,long_short,1.6400135810174785,1.58030741265284
2025-11-25,2.5988304329133625,0.0027413449665387724,2.791878924701077,0.0,0.9107347186216299,0.9850175534471792,-0.07428283482554925,0.08926528137837009,0.00010993221428187513,0.000210684884772967,0.08466932297497085,True,0,long_short,1.6436988890537947,1.5810866882129457
2025-11-26,2.5928618801738947,-0.0022966303087258444,2.7916685224878015,0.0,0.9046167807661138,0.9812913787591906,-0.07667459799307673,0.09538321923388615,0.0,0.00021040221327553923,0.0,True,0,long_short,1.6296516170830768,1.591052868597077
2025-11-27,2.598138558222189,0.002035078724648587,2.7914593975829254,0.0,0.9000752583629636,0.9744826985469923,-0.0744074401840286,0.09992474163703635,0.0,0.000209124904876273,0.0,True,0,long_short,1.6209493293864348,1.6028499541103127
2025-11-28,2.6144822049969725,0.006290521620974099,2.7912513010563433,0.0,0.9048412002151994,0.9724527126292131,-0.06761151241401372,0.09515879978480057,0.0,0.00020809652658208358,0.0,True,0,long_short,1.6319828895444464,1.602027951240826
2025-12-01,2.618901581138454,0.0016903447011553663,2.609863855612381,0.0,0.9992243590464996,0.9957733986930586,0.0034509603534411005,0.0007756409535003561,0.00122162122243656,0.0006269080222282467,0.9357190588164281,True,0,long_short,1.633552432282973,1.6031940753064198
2025-12-02,2.610834126420564,-0.0030804726592218445,2.609649513212796,0.0,0.9974928755382364,0.9970391457528852,0.00045372978535112066,0.002507124461763599,0.0,0.0002143423995857148,0.0,True,0,long_short,1.6250453208854228,1.6066223463835605
2025-12-03,2.6038517302578557,-0.002674392866268027,2.6094355594735816,0.0,0.9990067652058046,1.0011512149649209,-0.002144449759116248,0.0009932347941954411,0.0,0.00021395373921442518,0.0,True,0,long_short,1.6216243140874593,1.605705900952236
2025-12-04,2.6099126318915724,0.00232766772519577,2.609221297885362,0.0,0.9966206167469681,0.9963557289504332,0.0002648877965348859,0.003379383253031887,0.0,0.0002142615882194107,0.0,True,0,long_short,1.6179823785620524,1.6130661659066257
2025-12-05,2.6308917321588634,0.008038238526048236,2.6090075662632106,0.0,1.001283466186752,0.9929653109285366,0.008318155258215509,0.0,0.0,0.00021373162215166617,0.0,True,0,long_short,1.6332471304679013,1.6108350555651376
2025-12-08,2.6337157863199208,0.0010734208962448477,2.6304290902902,0.0,0.9993269073706633,0.998078976197986,0.0012479311726772589,0.0006730926293366801,0.0011172841249839547,0.0006441495353858075,0.8491464454866404,True,0,long_short,1.6397713048823217,1.6061482344996454
2025-12-09,2.623705902984215,-0.0038006695284659164,2.630213036343164,0.0,0.9944734997961155,0.9969536304203396,-0.0024801306242239864,0.005526500203884455,0.0,0.00021605394703616386,0.0,True,0,long_short,1.6297295520636166,1.6099026367055769
2025-12-10,2.621912238111508,-0.0006836379300998452,2.6299980462232897,0.0,0.9967022048793225,0.9997861403346169,-0.0030839354552943286,0.003297795120677516,0.0,0.0002149901198741415,0.0,True,0,long_short,1.636945992413877,1.6017096778160518
2025-12-11,2.6140283453241295,-0.0030069247447646053,2.6297825926739606,0.0,0.9937258487953988,0.9997526569507166,-0.006026808155317769,0.006274151204601175,0.0,0.00021545354932911792,0.0,True,0,long_short,1.6308785847549692,1.6028344290981498
2025-12-12,2.6085995712506587,-0.0020767847002047812,2.6295677941712006,0.0,0.9941148021810975,1.0021529170192787,-0.008038114838181027,0.00588519781890251,0.0,0.00021479850276018772,0.0,True,0,long_short,1.6365285319963758,1.5939835574198444
2025-12-15,2.6121124745120374,0.0013466625158167211,2.6038567910364923,0.0,0.9977980815853829,0.9946375425365858,0.003160539048797034,0.0022019184146171433,0.0006723445442822376,0.0006446011240267612,0.5162887487778581,True,0,long_short,1.6335646308016665,1.5990260962188878
2025-12-16,2.6004289314885534,-0.004472833056572867,2.603643248148891,0.0,0.9943904094394412,0.9956264811587703,-0.001236071719329058,0.005609590560558764,0.0,0.00021354288760091616,0.0,True,0,long_short,1.621870656395514,1.6033516120624636
2025-12-17,2.626968090586971,0.010205685214871751,2.6034304490332834,0.0,1.0003252249925503,0.9913652221520022,0.008960002840548043,0.0,0.0,0.00021279911560778708,0.0,True,0,long_short,1.6371794585077553,1.6045694178092005
2025-12-18,2.6022318465908154,-0.009416271208162352,2.6032163982274166,0.0,1.0032543598504027,1.0036327087811066,-0.00037834893070392395,0.0,0.0,0.00021405080586665533,0.0,True,0,long_short,1.6380957028007122,1.5885713161579538
2025-12-19,2.6049951111354828,0.001061882532983116,2.603001739186561,0.0,1.0070414399992347,1.006276228601946,0.0007652113972886378,0.0,0.0,0.00021465904085510147,0.0,True,0,long_short,1.6443532040425892,1.5842065468241169
2025-12-22,2.6259497819263533,0.008044034593883254,2.60672855254859,0.0,0.9995958656802566,0.9922761410190855,0.007319724661171155,0.00040413431974339886,0.0006767105825342061,0.00064635895626409,0.5190682032462974,True,0,long_short,1.653450249358053,1.5881637702409674
2025-12-23,2.622991289896233,-0.0011266369412251676,2.606514388111649,0.0,0.9963342967878402,0.9900525749048686,0.0062817218829715185,0.0036657032121597544,0.0,0.00021416443694135268,0.0,True,0,long_short,1.6499489356453594,1.5897408902962678
2025-12-24,2.644369624689118,0.008150364385590692,2.606300944335168,0.0,1.0035267387781155,0.9891306120042623,0.014396126773853034,0.0,0.0,0.00021344377648066916,0.0,True,0,long_short,1.6616412158128044,1.5914203376302294
2025-12-25,2.6476976820054254,0.0012585446774289188,2.6060859612985734,0.0,1.0105655725173772,0.9948493821873187,0.01571619033005857,0.0,0.0,0.00021498303659459416,0.0,True,0,long_short,1.6720912801599905,1.5834647984959804
2025-12-26,2.6368092485320287,-0.004112415683783621,2.605869463183245,0.0,1.0097643684644408,0.9980305711235791,0.011733797340861695,0.0,0.0,0.00021649811532837478,0.0,True,0,long_short,1.6713641129067782,1.5776390244171163
2025-12-29,2.6150173713426597,-0.00826448754361031,2.6427971247736006,0.0,0.9965139823430403,1.0071371444433663,-0.010623162100325878,0.0034860176569596613,0.0008971433972844216,0.0006488916756796495,0.6787043479918996,True,0,long_short,1.6642330621873707,1.5713047834211595
2025-12-30,2.6339499464106666,0.0072399423711233535,2.64258065783157,0.0,0.9947341906434825,0.9980109087271593,-0.00327671808367683,0.005265809356517548,0.0,0.00021646694203100085,0.0,True,0,long_short,1.666545698022959,1.5804846812993785
2025-12-31,2.6386725226543146,0.0017929635489404294,2.642364599411332,0.0,0.9951421861085455,0.9965414036034485,-0.0013992174949029141,0.004857813891454454,0.0,0.0002160584202377393,0.0,True,0,long_short,1.6667978007426187,1.5830789562349377
2026-01-05,2.631379692850426,-0.002763825272471765,2.633053238921105,0.0,1.0073637261304458,1.0079997217928074,-0.0006359956623617089,0.0,0.0008754836000553211,0.0010806355148119653,0.6647739497045464,True,0,long_short,1.6908719162314167,1.5562265051484176
2026-01-06,2.65832173852095,0.010238752599530665,2.632835230976037,0.0,1.0156668899788714,1.006079447204133,0.009587442774738284,0.0,0.0,0.00021800794506776487,0.0,True,0,long_short,1.7137820897282374,1.5511433772437737
2026-01-07,2.6454657874782423,-0.004836115529740392,2.6326154104665704,0.0,1.0180036522011613,1.0131461420142986,0.0048575101868626284,0.0,0.0,0.00021982050946700444,0.0,True,0,long_short,1.7188939467561768,1.5390511977022505
2026-01-08,2.6565245116266265,0.004180255968808222,2.6323951164838513,0.0,1.0187519695823242,1.0096689006939437,0.009083068888380305,0.0,0.0,0.0002202939827189918,0.0,True,0,long_short,1.7256055039716343,1.5394738284691372
2026-01-09,2.661860924059305,0.0020087947275935214,2.6321746608523457,0.0,1.0255187819735025,1.0143663348495227,0.01115244712397991,0.0,0.0,0.0002204556315058004,0.0,True,0,long_short,1.7409620836154243,1.5289597338797103
2026-01-12,2.6742036077314038,0.004636862715305279,2.6546676885097886,0.0,0.9967091639162674,0.9894038416269942,0.007305322289273172,0.0032908360837325956,0.0017514572787062314,0.0006657786023220494,1.318660333767737,True,0,long_short,1.7647996833806705,1.5153015001729084
2026-01-13,2.6378580982966904,-0.013591152644336746,2.654450219962711,0.0,0.9921775002560611,0.9984674980678214,-0.006289997811760255,0.007822499743938893,0.0,0.00021746854707799056,0.0,True,0,long_short,1.745318649027609,1.511390541644847
2026-01-14,2.642246316210375,0.001663553440011789,2.6542337419701907,0.0,0.9894217541575887,0.9939585854462814,-0.004536831288692633,0.010578245842411294,0.0,0.0002164779925203483,0.0,True,0,long_short,1.7480212986136385,1.5115641430147042
2026-01-15,2.618987830093062,-0.008802542735936503,2.654017883059709,0.0,0.9938504420383661,1.0072258585119136,-0.013375416473547381,0.006149557961633856,0.0,0.00021585891048173523,0.0,True,0,long_short,1.7515107526553806,1.4952736237117252
2026-01-16,2.627854913383084,0.003385690910105099,2.6538010683529474,0.0,0.9944405459817303,1.0043140572009859,-0.009873511219255686,0.005559454018269738,0.0,0.00021681470676145789,0.0,True,0,long_short,1.759685115570799,1.4933665632164375
2026-01-19,2.639390836856914,0.004389863159902863,2.6277841948129996,0.0,1.002643682121848,0.9982462121140578,0.004397470007790233,0.0,0.0011956571749379855,0.0006507595799495285,0.9095978229227376,True,0,long_short,1.7676039872891436,1.4932025814813712
2026-01-20,2.6222132106152296,-0.006508178327291669,2.627567639039971,0.0,1.0048874620198587,1.0069294120806185,-0.002041950060759885,0.0,0.0,0.0002165557730285727,0.0,True,0,long_short,1.756221752805151,1.4930991524429424
2026-01-21,2.6221522860177693,-2.3234036505392908e-05,2.627350621209298,0.0,1.0089871906331553,1.0109696594696331,-0.0019824688364777974,0.0,0.0,0.00021701783067245133,0.0,True,0,long_short,1.7719998590393398,1.4797700308166646
2026-01-22,2.6448273600844368,0.008647504642494974,2.6271327376692706,0.0,1.0157777365716376,1.0090874615532328,0.0066902750184047715,0.0,0.0,0.00021788354002790994,0.0,True,0,long_short,1.788212368078103,1.4790342619802972
2026-01-23,2.6561360928681825,0.00427579242199938,2.6269133791382817,0.0,1.024545957406199,1.0135439933847148,0.011001964021484156,0.0,0.0,0.00021935853098910762,0.0,True,0,long_short,1.8110828963891707,1.4666010584959024
2026-01-26,2.633011103766312,-0.008706251597559889,2.6445641201042527,0.0,0.9908132534085181,0.9952010117136064,-0.0043877583050883455,0.009186746591481887,0.0009496470513717809,0.0006638081381602746,0.7179301526695983,True,0,long_short,1.7895840237356067,1.4712978372874173
2026-01-27,2.633090342310357,3.009426885114408e-05,2.9101056880276355,0.0,0.88684878432653,0.9920541930684939,-0.10520540874196391,0.11315121567346997,0.00013294494308998918,0.00021537331350586798,0.10101458448806552,True,0,long_short,1.792346649371878,1.4690742682131912
2026-01-28,2.656175584127555,0.008767356533973869,2.9098909892620344,0.0,0.8966952124843626,0.9922142763032608,-0.09551906381889816,0.10330478751563743,0.0,0.0002146987656014092,0.0,True,0,long_short,1.8076012358454827,1.4694477584184447
2026-01-29,2.6249494957733965,-0.01175603320080032,2.9096743732071078,0.0,0.8952360339795983,1.003704740860308,-0.10846870688070967,0.10476396602040172,0.0,0.00021661605492653529,0.0,True,0,long_short,1.7949357849645124,1.462419724294089
2026-01-30,2.6186484220004305,-0.002400455240419541,3.169964151797541,0.0,0.78206766180512,0.9926021211717388,-0.21053445936661894,0.21793233819488,0.0001303183227409747,0.00021654856877479172,0.09949192036593621,True,0,long_short,1.7638495543135657,1.4846211886928902
2026-02-02,2.603936249159818,-0.00561823141931117,2.614780149744943,0.0,0.9865830134762398,0.9907474397707099,-0.00416442629447018,0.013416986523760221,0.0010674800738223232,0.0006409173645075584,0.816163802244309,True,0,long_short,1.7217416231755591,1.5123850257840372
2026-02-03,2.628991062637333,0.009621899724157723,2.614568107840381,0.0,1.0014403054544396,0.9959541876041629,0.00548611785027673,0.0,0.0,0.00021204190456284124,0.0,True,0,long_short,1.7669588211893692,1.487862100186192
2026-02-04,2.6137732446107136,-0.0057884632028202265,2.6143529006082153,0.0,1.0050821690721135,1.0053039388827492,-0.00022176981063558868,0.0,0.0,0.00021520723216500573,0.0,True,0,long_short,1.766308911221214,1.4797939522388348
2026-02-05,2.6034774464215635,-0.003939055620214571,2.614136930481792,0.0,1.0035725451754771,1.0076668706611385,-0.0040943254856611695,0.0,0.0,0.00021597012642357485,0.0,True,0,long_short,1.7514592477986757,1.4864619029496395
2026-02-06,2.6079545702390186,0.001719670674930951,2.6139213054430575,0.0,1.0093500846642671,1.0116379831085611,-0.0022878984442939476,0.0,0.0,0.00021562503873472343,0.0,True,0,long_short,1.7646682104569769,1.4778724718816492
2026-02-09,2.6152513769697263,0.0027979040793026932,2.6060465274966087,0.0,1.0041565355187045,1.000636854942613,0.0035196805760915094,0.0,0.0008230534131772376,0.000650541181185704,0.631449627710179,True,0,long_short,1.7867831083045485,1.463664708276372
2026-02-10,2.6107640272263564,-0.0017158387843272394,2.8731652833584476,0.0,0.9005287408161609,1.00103619893786,-0.10050745812169906,0.09947125918383914,0.00013373378935625782,0.00021508906132071162,0.10237908627194808,True,0,long_short,1.7826383227307876,1.4645506011712908
2026-02-11,2.6124219911523294,0.0006350493222224696,2.8729504776627106,0.0,0.902131476901827,1.0018582773164348,-0.0997268004146078,0.09786852309817295,0.0,0.00021480569573740035,0.0,True,0,long_short,1.7835596497398665,1.4647236449497796
2026-02-12,2.616140459598427,0.001423379706146699,3.129921047831207,0.0,0.8054802527204765,1.0018690155438779,-0.1963887628234014,0.19451974727952348,0.00012865717298289102,0.00021511862430242,0.09858459364890339,True,0,long_short,1.7916015231883677,1.4602245118338002
2026-02-13,2.5973494268367574,-0.00718273084028298,3.1297056207024307,0.0,0.8048098313210341,1.0097711616546332,-0.2049613303335991,0.19519016867896588,0.0,0.00021542712877663434,0.0,True,0,long_short,1.7838134466982338,1.4560656169760047
2026-02-24,2.6055679341144677,0.003164190075002571,2.599757544886255,0.0,0.9020055123522006,0.8997755228162773,0.002229989535923336,0.09799448764779939,0.0005526755801017306,0.0023712340296624186,0.4250843424386571,True,0,long_short,1.7984550576075045,1.4487812320318254
2026-02-25,2.5951037727428075,-0.004016076969114546,2.5995648523177497,0.0,0.905883929632371,0.9076029666981709,-0.0017190370657999296,0.09411607036762903,0.0,0.00019269256850557584,0.0,True,0,long_short,1.8006792541825671,1.4411804693784156
2026-02-26,2.5726545645919052,-0.008650601331127272,2.599371264053391,0.0,0.9049000890640134,0.9152849653817262,-0.010384876317712793,0.09509991093598658,0.0,0.00019358826435871132,0.0,True,0,long_short,1.7821063317766668,1.4436032905102263
2026-02-27,2.565211497485971,-0.002893146716381967,2.5991777260771642,0.0,0.9037687776214155,0.9170098802067118,-0.013241102585296363,0.0962312223785845,0.0,0.0001935379762267103,0.0,True,0,long_short,1.7796357928935496,1.441424985791692
2026-03-02,2.577975520274628,0.00497581692627147,2.5675962187633625,0.0,0.9987298480965973,0.9947037037714721,0.004026144325125184,0.0012701519034027386,0.0005631099168987528,0.0005800251669076824,0.43853191708952616,True,0,long_short,1.7765790474176755,1.4510896793597856
2026-03-03,2.5470485634845534,-0.011996606075910354,2.567385452588164,0.0,0.9921750211186945,1.0001595132069756,-0.007984492088281248,0.007824978881305511,0.0,0.00021076617519857758,0.0,True,0,long_short,1.7444650915668254,1.460074251871026
2026-03-04,2.5435348688377895,-0.001379516157303473,2.5671760727373667,0.0,0.9913152397652455,1.0006098652053048,-0.009294625440059344,0.008684760234754507,0.0,0.00020937985079747155,0.0,True,0,long_short,1.740416877599386,1.4614515071504997
2026-03-05,2.5640118136121104,0.00805058543729631,2.7965827041599214,0.0,0.8996565486531698,0.9903624062912325,-0.0907058576380627,0.1003434513468302,0.0001148653409604801,0.00020918515744543342,0.08990172088953395,True,0,long_short,1.7382065737817236,1.4750903904555637
2026-03-06,2.5615578455931036,-0.0009570814010991802,2.796373994496128,0.0,0.9033805686332718,0.995049842980131,-0.09166927434685924,0.09661943136672824,0.0,0.00020870966379353726,0.0,True,0,long_short,1.7427678032297613,1.4698216485557805
2026-03-09,2.566587275489305,0.001963426242687971,2.554115494813201,0.0,0.896307619015756,0.8914483333817904,0.004859285633965616,0.10369238098424405,0.0004038347690934456,0.0006284903996815744,0.3161728035618186,True,0,long_short,1.737505158956864,1.4771681466719744
2026-03-10,2.5848756987874415,0.00712558013233755,2.55392744166669,0.0,0.9000219305375551,0.8880491083491345,0.011972822188420534,0.09997806946244492,0.0,0.00018805314651072747,0.0,True,0,long_short,1.7541500377137536,1.4735773127801555
2026-03-11,2.572810148610078,-0.004667748697944396,2.553738770716594,0.0,0.9045758273664182,0.897163163084218,0.007412664282200232,0.09542417263358183,0.0,0.00018867095009601645,0.0,True,0,long_short,1.7601991475946215,1.461658558422733
2026-03-12,2.5426334673337125,-0.011729074254728133,2.5535490531419964,0.0,0.8996971948845675,0.9039902186131232,-0.004293023728555765,0.10030280511543255,0.0,0.0001897175745979886,0.0,True,0,long_short,1.7416516387693322,1.459897841069045
2026-03-13,2.5662063302482543,0.009271042490941905,2.5533601340364633,0.0,0.8976671161414508,0.8926612068112574,0.005005909330193412,0.10233288385854922,0.0,0.00018891910553326408,0.0,True,0,long_short,1.7236113850130357,1.4888543627418926
2026-03-16,2.570063430420685,0.001503035873213543,2.5551746323498787,0.0,0.9927037681138657,0.986910604453166,0.005793163660699785,0.007296231886134263,0.0013021802833855865,0.000564843165949996,1.0187303690380767,True,0,long_short,1.7173921735659456,1.4964918729565866
2026-03-17,2.5620402396131117,-0.003121787078329108,2.554966159238624,0.0,0.983901725497576,0.9811406133709546,0.002761112126621367,0.01609827450242396,0.0,0.0002084731112547498,0.0,True,0,long_short,1.6910992830659488,1.5150146802547004
2026-03-18,2.574766222595935,0.00496712845725833,2.554759551972966,0.0,0.9891195709981733,0.9813492847300872,0.007770286268086075,0.01088042900182673,0.0,0.0002066072656582254,0.0,True,0,long_short,1.7070159780264018,1.508343363940154
2026-03-19,2.5785249838825264,0.0014598456565124707,2.554551874302481,0.0,0.9782348587217529,0.9689376404555378,0.009297218266215105,0.021765141278247135,0.0,0.00020767767048425007,0.0,True,0,long_short,1.6789956417403493,1.5357544235253506
2026-03-20,2.581058191044508,0.000982424904864443,2.5543465238986123,0.0,0.9694601575742484,0.959111042920973,0.010349114653275435,0.030539842425751584,0.0,0.00020535040386894152,0.0,True,0,long_short,1.6692422483496423,1.5462454257890763
2026-03-23,2.569767523125892,-0.004374433694595226,2.5754913646705346,0.0,0.9947867851339579,0.9970141623161863,-0.0022273771822283648,0.005213214866042093,0.0005777008571821796,0.0006104025403033358,0.44851348507136046,True,0,long_short,1.6531408813700836,1.5544758175698432
2026-03-24,2.6160158094614387,0.017997070131577253,2.5752807815515415,0.0,1.0112364983503153,0.995665098604729,0.015571399745586358,0.0,0.0,0.0002105831189931536,0.0,True,0,long_short,1.689269166414225,1.5486080380040315
2026-03-25,2.6435365390912726,0.010520093009491305,2.5750666986223183,0.0,1.0197945862936935,0.9938937373905453,0.025900848903148168,0.0,0.0,0.00021408292922292768,0.0,True,0,long_short,1.7066218981030625,1.5489878232721646
2026-03-26,2.6125359195509645,-0.01172694951701514,2.574850748396776,0.0,1.0081318327066908,0.993707085137798,0.014424747568892839,0.0,0.0,0.0002159502255424021,0.0,True,0,long_short,1.683096715955459,1.552219723789243
2026-03-27,2.6026835823987806,-0.00377117768159807,2.5746373706882744,0.0,1.0104647669387254,0.9996888847300026,0.010775882208722868,0.0,0.0,0.00021337770850148925,0.0,True,0,long_short,1.690635400507865,1.5394706520500738
2026-03-30,2.587067916794036,-0.005999832522996296,2.5855170317538216,0.0,0.9904845757772357,0.9898850998105838,0.0005994759666519244,0.009515424222764302,0.0010723321997849083,0.0006415579350723267,0.8291476140192939,True,0,long_short,1.674960303987086,1.54455476385665
2026-03-31,2.567506110465982,-0.007561381052684335,2.5853065468237095,0.0,0.9869720750416398,0.9939050425174201,-0.006932967475780263,0.013027924958360249,0.0,0.000210484930112254,0.0,True,0,long_short,1.6477501526509075,1.558188968355043
2026-04-01,2.586601352443156,0.0074372722617233045,2.5850968051302945,0.0,1.0005423499234942,0.9999606803471444,0.000581669576349933,0.0,0.0,0.00020974169341532282,0.0,True,0,long_short,1.6789485419042838,1.5406078792083773
2026-04-02,2.571446249840521,-0.0058590793623145565,2.5848842161181156,0.0,0.994555749097853,0.9997815889451482,-0.005225839847295125,0.005444250902146952,0.0,0.00021258901217884125,0.0,True,0,long_short,1.6615659916141963,1.5476040451107118
2026-04-03,2.573153925301085,0.000664091446854087,2.584672910533111,0.0,0.9969614621312161,1.00143806382953,-0.004476601698313875,0.0030385378687839415,0.0,0.00021130558500432318,0.0,True,0,long_short,1.663972488274174,1.5463921089043298
2026-04-07,2.585298426353477,0.004719694742307601,2.576760985507333,0.0,1.0015179582021299,0.998215654391043,0.0033023038110867853,0.0,0.0015636697272105788,0.0008471849703744242,1.2129347047401495,True,0,long_short,1.670313007212713,1.5477927880521145
2026-04-08,2.5969879786120047,0.004521548514233142,2.5765488743818157,0.0,1.0235690387724476,1.0156987273199036,0.00787031145254403,0.0,0.0,0.00021211112551714268,0.0,True,0,long_short,1.7193025971323994,1.5104891849424786
2026-04-09,2.641450419532486,0.017120772713104637,2.5763320724049876,0.0,1.0157975764410725,0.9911450799770186,0.024652496464054013,0.0,0.0,0.00021680197682805226,0.0,True,0,long_short,1.715842622844166,1.5394479565696066
2026-04-10,2.6346717497947307,-0.0025662680198837995,2.576116889343016,0.0,1.0116237005653355,0.9893989735357624,0.022224727029572892,0.0,0.0,0.00021518306197174152,0.0,True,0,long_short,1.7107209392317237,1.5400944066178022
2026-04-13,2.651789521497299,0.006497117412786579,2.6490981974509284,0.0,0.8954952017887489,0.8944802931677769,0.0010149086209719058,0.10450479821125114,0.001102840645697706,0.0006427581842097316,0.8322694239752966,True,0,long_short,1.703212073280568,1.5569344317702432
2026-04-14,2.6617644846337276,0.003761596859616523,2.648903240727481,0.0,0.9021933162516473,0.8973614673106557,0.004831848940991589,0.09780668374835266,0.0,0.00019495672344724464,0.0,True,0,long_short,1.7191490991055098,1.5483034519918428
2026-04-15,2.656129989894844,-0.002116826928682647,2.648706920326092,0.0,0.9026003668021477,0.8998056731700618,0.002794693632086028,0.09739963319785228,0.0,0.00019632040138901203,0.0,True,0,long_short,1.720015871628211,1.5442473721945853
2026-04-16,2.6966550537349563,0.015257183945924568,2.648510481901414,0.0,0.9086972060219025,0.8908437650462533,0.017853440975649143,0.09130279397809749,0.0,0.00019643842467817964,0.0,True,0,long_short,1.7439900270332729,1.5462560060175778
2026-04-17,2.6976247775464333,0.00035960246755850633,2.6483130327226934,0.0,0.9112757236676668,0.8929960336106272,0.018279690057039673,0.08872427633233315,0.0,0.0001974491787205689,0.0,True,0,long_short,1.747755980832061,1.5434790709525505
2026-04-20,2.6994498875873227,0.0006765618614126279,2.69024146501503,0.0,0.9943439299770129,0.9909327080778271,0.0034112218991859226,0.00565607002298707,0.0008400300850151065,0.000593992165442971,0.6243066860254097,True,0,long_short,1.7493932931188836,1.5430777619906402
2026-04-21,2.7009389690331633,0.0005516240374336956,2.6900216042051044,0.0,0.9921313207453135,0.9880892579837225,0.004042062761591018,0.007868679254686484,0.0,0.0002198608099255308,0.0,True,0,long_short,1.7431781478446913,1.5494337009517194
2026-04-22,2.710865371608771,0.0036751672990080753,2.6898022533463286,0.0,0.9942917665230289,0.9865218792822092,0.007769887240819632,0.005708233476971136,0.0,0.0002193508587757232,0.0,True,0,long_short,1.7555725205324788,1.5441488972421056
2026-04-23,2.744539816826409,0.01242202787726554,2.689582445565434,0.0,0.9923633089014194,0.9723390516747479,0.020024257226671574,0.007636691098580561,0.0,0.00021980778089429167,0.0,True,0,long_short,1.747894230710584,1.5701978807439918
2026-04-24,2.6965780663065675,-0.01747533419839431,2.6893631066687673,0.0,0.9906414599604106,0.9879658616797786,0.002675598280631982,0.009358540039589358,0.0,0.00021933889666656795,0.0,True,0,long_short,1.7417837893885086,1.5481703772505888
2026-04-27,2.6864972535683074,-0.0037383722964369204,2.676243438560101,0.0,0.8959687955775636,0.8921519984471787,0.0038167971303848486,0.10403120442243641,0.0011239594856324716,0.0006569080453640611,0.8396004869954518,True,0,long_short,1.7478108741661806,1.5370640458167084
2026-04-28,2.683796141685738,-0.0010054400312459189,3.4845873820578257,0.0,0.5902174842755283,0.8885975392781775,-0.29838005500264914,0.40978251572447166,0.0004044727052477981,0.0001969942926241498,0.30139251166074293,True,0,long_short,1.7355347593401684,1.5463799426904525
2026-04-29,2.6775194104343516,-0.0023387511271416583,3.4843913698950235,0.0,0.5949411201272085,0.8962916747921996,-0.30135055466499117,0.40505887987279154,0.0,0.00019601216280215456,0.0,True,0,long_short,1.7500720051450642,1.5299481407408781
2026-04-30,2.673209608634771,-0.0016096248575400152,3.7506625466151498,0.0,0.4936537687963641,0.8967096812471064,-0.4030559124507423,0.506346231203636,0.00013330086228531546,0.00019724698821919136,0.09958331015010201,True,0,long_short,1.7487108537675464,1.5286744534554806
2026-05-06,2.6725817152316167,-0.00023488371473978642,2.6725326543949857,0.0,0.7053686183128087,0.705350261217738,1.835709507075692e-05,0.2946313816871913,0.001074126393519902,0.0011821280232652209,0.8035036425237657,True,0,long_short,1.7693483754622732,1.5104892582464762
2026-05-07,2.6683875279023606,-0.0015693392293123498,2.672377714158468,0.0,0.7111354178505284,0.7126307727097396,-0.0014953548592112195,0.28886458214947164,0.0,0.0001549402365176195,0.0,True,0,long_short,1.7747285999014633,1.5035468116367288
2026-05-08,2.702476519063996,0.012775127602411285,2.672221420317435,0.0,0.7132047382249348,0.7020094147750794,0.011195323449855485,0.2867952617750652,0.0,0.0001562938410327198,0.0,True,0,long_short,1.774418893065752,1.5230205954326785
2026-05-11,2.69436310594124,-0.003002214104552703,2.710174307617659,0.0,0.5998850084208022,0.6057532604175561,-0.0058682519967538935,0.40011499157919783,0.0011173548041351362,0.0004677938530499612,0.8242232435717276,True,0,long_short,1.7797171163515042,1.5139277367095276
2026-05-12,2.6992608392162007,0.0018177703161690317,2.7100401608311246,0.0,0.5932852033511171,0.5972786379456243,-0.003993434594507141,0.4067147966488829,0.0,0.00013414678653474074,0.0,True,0,long_short,1.7577201375179676,1.535660189356287
2026-05-13,2.708619200383543,0.0034670088312249714,2.709907650351329,0.0,0.5950268197268576,0.5955025048905763,-0.00047568516371883916,0.40497318027314244,0.0,0.00013251047979509712,0.0,True,0,long_short,1.764995537375245,1.5346323223069318
2026-05-14,2.7033769000070396,-0.0019354143158111237,2.709775075870347,0.0,0.5846479037567146,0.5870146384370659,-0.0023667346803512824,0.4153520962432854,0.0,0.00013257448098272137,0.0,True,0,long_short,1.7376115571476884,1.5558004830749788
2026-05-15,2.6963564050401794,-0.0025969353244240656,2.709644643940469,0.0,0.5828086204975291,0.587736840993696,-0.004928220496166885,0.41719137950247087,0.0,0.00013043192987808894,0.0,True,0,long_short,1.7240339281466588,1.5639810568802262
2026-05-18,2.7086167554645546,0.004547006620288618,2.697689618000717,0.0,0.5991464219621734,0.5951122087639451,0.004034213198228291,0.4008535780378266,0.0005669070959443408,0.00039075977975953154,0.420202520161816,True,0,long_short,1.7217531439987694,1.573173695024477
2026-05-19,2.7053177792732344,-0.0012179560599205885,2.697557130529481,0.0,0.604754769730136,0.6018861053524381,0.0028686643776978517,0.395245230269864,0.0,0.0001324874712361267,0.0,True,0,long_short,1.7494210786336846,1.5464074443335933
2026-05-20,2.6978149530462647,-0.0027733622587529094,2.6974232982131596,0.0,0.6012848539810678,0.6011396791488718,0.0001451748321960409,0.3987151460189322,0.0,0.00013383231632116223,0.0,True,0,long_short,1.7438578764140964,1.5470383163298806
2026-05-21,2.712731242325761,0.005529026096713352,2.9796064635730226,0.0,0.49553967006766614,0.5939184615540118,-0.09837879148634572,0.5044603299323338,0.00014122884492219847,0.00013329563961182958,0.10453353457921119,True,0,long_short,1.7228178036024937,1.5745897428348554
2026-05-22,2.7277940374915692,0.005552630843332018,2.9794740410114295,0.0,0.49543442726696063,0.5876994590328121,-0.09226503176585146,0.5045655727330394,0.0,0.00013242256159328374,0.0,True,0,long_short,1.726170024308937,1.5802580273537232
2026-05-25,2.7243212451891807,-0.0012731138255519525,2.732482969651965,0.0,0.5958436887508468,0.5988395632194679,-0.0029958744686210334,0.4041563112491532,0.000983673672196623,0.0003952906225117954,0.7197261211136489,True,0,long_short,1.7276958556888131,1.5768523355651762
2026-05-26,2.7268647636352394,0.0009336338181669124,3.0001187500535615,0.0,0.49391143107686203,0.5941195492286555,-0.10020811815179345,0.506088568923138,0.00013395191128018683,0.00013409024749632377,0.09852627958721877,True,0,long_short,1.7213058649800181,1.5841837404457426
2026-05-27,2.713239842457754,-0.0049965518492827155,2.999985592492122,0.0,0.48975455702210247,0.5954384503319631,-0.10568389330986055,0.5102454429778975,0.0,0.00013315756143932652,0.0,True,0,long_short,1.7072714692234763,1.5892257859213366
2026-05-28,2.7106570593220463,-0.0009519184759458899,2.9998528061364644,0.0,0.491778606296589,0.5984670366237911,-0.10668843032720207,0.508221393703411,0.0,0.00013278635565797133,0.0,True,0,long_short,1.7232925292883046,1.5729523648788226
2026-05-29,2.715239733223547,0.0016906136782375292,2.9997194714325524,0.0,0.4909651306916315,0.5957366301390372,-0.10477149944740574,0.5090348693083685,0.0,0.00013333470391198557,0.0,True,0,long_short,1.7057520759506883,1.591813823067006
2026-06-01,2.7251561007744094,0.0036521149236017347,2.715114583733752,0.0,0.6045936151841418,0.6009088658819627,0.003684749302179084,0.3954063848158582,0.0006925540723125027,0.00039885232652635424,0.5100171235811501,True,0,long_short,1.7157081002907992,1.5883564927580143
2026-06-02,2.7164260021475974,-0.0032035224053150735,2.71497998890127,0.0,0.60251903740143,0.6019867154294033,0.0005323219720267213,0.39748096259857,0.0,0.00013459483248227358,0.0,True,0,long_short,1.7225355434338425,1.5769927143172051
2026-06-03,2.7108764690243268,-0.002042953910352474,2.714845584597154,0.0,0.6006476605924724,0.6021118053508855,-0.0014641447584130224,0.39935233940752757,0.0,0.0001344043041156047,0.0,True,0,long_short,1.7155105520575173,1.5802155607687787
2026-06-04,2.7034469582180867,-0.0027406305271129305,2.7147114270033312,0.0,0.5985439024089421,0.6027106084547188,-0.00416670604577674,0.40145609759105794,0.0,0.0001341575938230798,0.0,True,0,long_short,1.7067360897919408,1.5839865192911282
2026-06-05,2.696966810232441,-0.002396994683378839,2.7145775040311846,0.0,0.5985546469854522,0.6050844617877432,-0.006529814802290946,0.40144535301454776,0.0,0.0001339229721462478,0.0,True,0,long_short,1.7010153233725653,1.585504124022366
2026-06-08,2.6912131243668918,-0.002133391424662512,2.6940023862236075,0.0,0.5972512330312517,0.5982876659437778,-0.0010364329125260444,0.4027487669687483,0.0005664237778865966,0.0004023845040400035,0.42041886314737126,True,0,long_short,1.6847780784486739,1.5973695045017042
2026-06-09,2.7144492586091094,0.008634074362908084,2.6938700476248076,0.0,0.6002042515641666,0.5926228937918548,0.007581357772311645,0.39979574843583343,0.0,0.00013233859880011474,0.0,True,0,long_short,1.7029091433996866,1.594007096109652
2026-06-10,2.6950781194401854,-0.007136305498246842,2.693737830246066,0.0,0.5930601281874023,0.5925628182265329,0.0004973099608694576,0.4069398718125977,0.0,0.00013221737874148648,0.0,True,0,long_short,1.6852260351629078,1.5992383592505186
2026-06-11,2.696308824659017,0.0004566491820605645,2.6936065697184666,0.0,0.593901777411435,0.5928995721314474,0.0010022052799875563,0.406098222588565,0.0,0.00013126052759968281,0.0,True,0,long_short,1.6899533000042695,1.5954930971478354
2026-06-12,2.708050213029785,0.004354615563094022,2.6934751746213315,0.0,0.5995785597018095,0.5941964444299709,0.005382115271838672,0.4004214402981905,0.0,0.00013139509713489675,0.0,True,0,long_short,1.70556909817029,1.5877692765042133
2026-06-15,2.697066342662661,-0.004056006906472898,2.70349653080988,0.0,0.6004707523274269,0.6028548939577254,-0.00238414163029856,0.39952924767257314,0.0005620960551841632,0.000396767788254277,0.41574250617178843,True,0,long_short,1.7316715562395764,1.557493008962678
2026-06-16,2.702491991660777,0.002011685405098218,2.70336289193503,0.0,0.6006466143476942,0.6009688725734134,-0.0003222582257192132,0.3993533856523058,0.0,0.00013363887484954922,0.0,True,0,long_short,1.7404263653361474,1.5527758286624296
2026-06-17,2.698656109092975,-0.001419387209893097,2.7032294031488355,0.0,0.5982210250367612,0.5999156811437215,-0.00169465610696026,0.4017789749632388,0.0,0.00013348878619455251,0.0,True,0,long_short,1.735335855715921,1.5551203533333502
2026-06-18,2.678779872074749,-0.007365235218838806,2.703096337440518,0.0,0.5900197539150119,0.5990971945883793,-0.009077440673367349,0.40998024608498806,0.0,0.00013306570831719263,0.0,True,0,long_short,1.7201246417532254,1.557317305415973
2026-06-22,2.697087614978104,0.006834358841578014,2.6824073284601693,0.0,0.5956966838499496,0.5902536695272379,0.005443014322711706,0.40430331615005044,0.0008178644525341957,0.0005276217554892491,0.6096129797040143,True,0,long_short,1.7188620950684779,1.5691122764974663
2026-06-23,2.682561212897359,-0.005385958542864389,2.6822764819509826,0.0,0.5906096508736777,0.5905035094201267,0.00010614145355091128,0.40939034912632233,0.0,0.00013084650918717466,0.0,True,0,long_short,1.704924270918257,1.5734195698044438
2026-06-24,2.6853097290229333,0.0010245865452611636,2.6821462850898494,0.0,0.5845133553671364,0.5833352998531327,0.0011780555140037726,0.41548664463286356,0.0,0.00013019686113289333,0.0,True,0,long_short,1.7093120103226576,1.5709886274747709
2026-06-25,2.721933408573514,0.013638530838640417,2.682017536929084,0.0,0.5833117318255282,0.5686472027379675,0.014664529087560734,0.4166882681744718,0.0,0.00012874816076532554,0.0,True,0,long_short,1.6975085880960077,1.6034872681419194
2026-06-26,2.7250231497995117,0.001135127412105641,2.6818903188617833,0.0,0.5779881890782324,0.5621597617340826,0.015828427344149805,0.42201181092176765,0.0,0.0001272180673006315,0.0,True,0,long_short,1.6847567310409608,1.6174579389368584
2026-06-29,2.7197011198169685,-0.0019530219341199473,2.730652942830568,0.0,0.5007101898110853,0.5047370378105948,-0.004026847999509533,0.4992898101889147,0.0008464536097022049,0.0003777283638767226,0.6197721374607045,True,0,long_short,1.686943315516719,1.6122065838257942
2026-06-30,2.7141672379592743,-0.0020347389709010066,2.7305401153878046,0.0,0.5030653747255032,0.5090977507705553,-0.006032376045052174,0.49693462527449683,0.0,0.00011282744276273213,0.0,True,0,long_short,1.7087088613428265,1.5884316511510839
2026-07-01,2.705331486671254,-0.003255418886665029,2.730426544721827,0.0,0.5089412198908158,0.518217368922538,-0.009276149031722275,0.49105878010918425,0.0,0.00011357066597755044,0.0,True,0,long_short,1.718106803452723,1.574600299140074
2026-07-02,2.7045699130677106,-0.0002815084241231114,2.730311315974012,0.0,0.5092036362089921,0.5187213797814271,-0.009517743572434966,0.4907963637910079,0.0,0.00011522874781529389,0.0,True,0,long_short,1.709936506710202,1.5816785608438255
2026-07-03,2.692675134021303,-0.0043980297898514875,2.730196007625764,0.0,0.5151023287430251,0.5290367514776484,-0.013934422734623227,0.4848976712569749,0.0,0.00011530834824836853,0.0,True,0,long_short,1.7176561359565572,1.5676450470231986
2026-07-06,2.6914344971970476,-0.0004607450815657943,2.6933058896618967,0.0,0.49999750326183573,0.5006928174026026,-0.0006953141407668907,0.5000024967381642,0.00033116277907213897,0.00035125251921056005,0.24588522701827234,True,0,long_short,1.7183724600820418,1.566269571771738
2026-07-07,2.69402065344413,0.0009608839634682731,2.693195129503985,0.0,0.4959231000018944,0.49561667178684365,0.00030642821505077425,0.5040768999981056,0.0,0.00011076015791146415,0.0,True,0,long_short,1.7018336406682348,1.5830105769834866
2026-07-08,2.6930404728253956,-0.0003638355992117148,2.6930853869108353,0.0,0.49672915139663076,0.4967458292319225,-1.6677835291777298e-05,0.5032708486033692,0.0,0.00010974259314945183,0.0,True,0,long_short,1.6957357367125943,1.5881250919711152
2026-07-09,2.6896015684665873,-0.0012769597759516582,2.6929754343116987,0.0,0.4955747880885968,0.49682919910793405,-0.0012544110193372354,0.5044252119114032,0.0,0.00010995259913661202,0.0,True,0,long_short,1.7051174141308998,1.5773703008232312
2026-07-10,2.6906044489684917,0.0003728732588730299,2.6928656036876015,0.0,0.4966032670578287,0.49744365618302205,-0.0008403891251933179,0.5033967329421714,0.0,0.00010983062409704365,0.0,True,0,long_short,1.6960993203392003,1.586348403482882
2026-07-13,2.6950396324737853,0.0016483967039429004,2.6909730723804137,0.0,0.49630832619893883,0.49479942071036204,0.0015089054885767876,0.5036916738010612,0.0008101566208819726,0.0003300223843817733,0.6019478924999148,True,0,long_short,1.675850457003949,1.6081623638972666
2026-07-14,2.6937519294374104,-0.00047780486077408924,2.690863469307898,0.0,0.502078912344445,0.5010066309298323,0.0010722814146126517,0.497921087655555,0.0,0.00010960307251557501,0.0,True,0,long_short,1.6952122169520105,1.5890352266813963
2026-07-15,2.6953143075861434,0.0005800007534690899,2.6907525443014273,0.0,0.5050468401855518,0.5033543610294562,0.0016924791560956117,0.4949531598144482,0.0,0.0001109250064708087,0.0,True,0,long_short,1.6904236206694412,1.594460864501376
2026-07-16,2.6837407196950642,-0.004293965961040036,2.690641034859422,0.0,0.5075243108469667,0.5100954665155149,-0.0025711556685481377,0.4924756891530333,0.0,0.00011150944200563625,0.0,True,0,long_short,1.6828371585854869,1.5947714881402366
2026-07-17,2.6982009344165094,0.005388081872189199,2.690528517272483,0.0,0.5059358483972289,0.5030923177149281,0.0028435306823008403,0.49406415160277106,0.0,0.00011251758693859212,0.0,True,0,long_short,1.6700978388968746,1.6155945307962993
2026-07-20,2.6932045757234144,-0.0018517370701953695,2.6969269590052347,0.0,0.5043964524307892,0.5057785915060655,-0.0013821390752762855,0.49560354756921077,0.0005528892257911207,0.0003347122590631693,0.4099301992218393,True,0,long_short,1.6692544468683355,1.613417643293446
2026-07-21,2.691658020937727,-0.0005742433380769851,2.69681500022028,0.0,0.5054493414422329,0.5073652532120188,-0.001915911769785935,0.49455065855776714,0.0,0.00011195878495455447,0.0,True,0,long_short,1.6924584013570176,1.5903835620299727
2026-07-22,2.688056131470738,-0.0013381675677113236,2.696702754706306,0.0,0.5055685970825032,0.5087852796265679,-0.0032166825440646737,0.49443140291749677,0.0,0.00011224551397423818,0.0,True,0,long_short,1.6861704038184075,1.5941782191073428
2026-07-23,2.694792847198364,0.0025061663142948998,2.6965903456605114,0.0,0.5069445084227729,0.5076115350048036,-0.0006670265820307155,0.49305549157722706,0.0,0.00011240904579470546,0.0,True,0,long_short,1.6885480984203598,1.5959230594137936
2026-07-24,2.6867494308956386,-0.002984799485083789,2.696477914871441,0.0,0.5045718914812529,0.5081928037494133,-0.0036209122681604084,0.4954281085187471,0.0,0.00011243078907010902,0.0,True,0,long_short,1.6765837235165078,1.6025143231501642
2026-07-27,2.682202209225284,-0.001692462132145689,2.688142214841632,0.0,0.5028848704280136,0.5050994706531264,-0.0022146002251128396,0.49711512957198645,0.0008226794675915328,0.00033667069962550566,0.6118930517334802,True,0,long_short,1.696988456812839,1.5805659717113234
2026-07-28,2.684352049569634,0.0008015206075648873,2.688030863149901,0.0,0.5004071981819266,0.5017776643176397,-0.001370466135713061,0.4995928018180734,0.0,0.00011135169173131539,0.0,True,0,long_short,1.6756132635849144,1.6020116979896417
2026-07-29,2.6775671726463113,-0.0025275659816715867,2.687920155103191,0.0,0.5066801625898331,0.5105467257007962,-0.003866563110963074,0.49331983741016694,0.0,0.00011070804671008107,0.0,True,0,long_short,1.688923202870176,1.5853694046573712
2026-07-30,2.672096739561393,-0.002043061007321656,2.6878077970358345,0.0,0.5070914440234064,0.5129711179296065,-0.005879673906199966,0.49290855597659355,0.0,0.00011235806735659007,0.0,True,0,long_short,1.6812933682753124,1.5893102238917747
2026-07-31,2.6577675411677526,-0.005362529799722848,2.6876951360672003,0.0,0.5098762253947531,0.5211366514613225,-0.011260426066569391,0.4901237746052469,0.0,0.00011266096863360526,0.0,True,0,long_short,1.6931665931367068,1.5697023269541697
2026-08-03,2.659076648223759,0.0004925588998014874,2.6543227912506415,0.0,0.49917301709483664,0.4973852322348955,0.0017877848599411332,0.5008269829051634,0.0005762532256103779,0.0003415216627644053,0.4341055655651563,True,0,long_short,1.6871974513228278,1.5760316886081949
2026-08-04,2.651695078501832,-0.0027759898259637206,2.6542140855967067,0.0,0.4976500084342741,0.4985999695045712,-0.000949961070297122,0.5023499915657259,0.0,0.0001087056539348352,0.0,True,0,long_short,1.7019034433029794,1.5580760994028773
2026-08-05,2.65047893212346,-0.0004586297980606613,2.654105416959561,0.0,0.49880092943047916,0.5001691669939431,-0.0013682375634639242,0.5011990705695208,0.0,0.00010866863714600834,0.0,True,0,long_short,1.7161584289392238,1.5444255538585385
2026-08-06,2.655624946277638,0.0019415412406449395,2.653996456315209,0.0,0.4957277906318819,0.4951145677576536,0.000613222874228235,0.5042722093681181,0.0,0.00010896064435193314,0.0,True,0,long_short,1.7118916581785308,1.551280966637368
2026-08-07,2.6455840235581136,-0.003781001806598683,2.6538883873893955,0.0,0.4942873348856164,0.4974262878568068,-0.003138952971190426,0.5057126651143836,0.0,0.00010806892581392011,0.0,True,0,long_short,1.7138678182068312,1.5436336428360673
2026-08-10,2.6475961134669848,0.0007605465904518827,2.6439540014572205,0.0,0.5001804936912174,0.49880486392985046,0.0013756297613669488,0.4998195063087826,0.0007949105103649915,0.0003244889687798928,0.6011236127316227,True,0,long_short,1.710259767455572,1.5480666527085116
2026-08-11,2.6462232591122157,-0.0005185286183893023,2.6438454562118134,0.0,0.4987549726493784,0.49785640791482166,0.000898564734556766,0.5012450273506216,0.0,0.00010854524540704932,0.0,True,0,long_short,1.699044246060387,1.557477543770902
2026-08-12,2.6446899675672264,-0.0005794263729295146,2.6437371735373207,0.0,0.49494554458174406,0.494585277767263,0.00036026681448105935,0.5050544554182559,0.0,0.00010828267449224055,0.0,True,0,long_short,1.6912853104760202,1.5637160396212901
2026-08-13,2.647267160734296,0.0009744783693643733,2.6436296646560424,0.0,0.491586602194939,0.49021254515520907,0.0013740570397299183,0.508413397805061,0.0,0.0001075088812781532,0.0,True,0,long_short,1.6728011661783873,1.5825354586415872
2026-08-14,2.652688963608904,0.002048075447400155,2.6435230024445984,0.0,0.4887009982433214,0.48524565112571744,0.0034553471176039805,0.5112990017566785,0.0,0.00010666221144405724,0.0,True,0,long_short,1.6721560000786126,1.5863884490945785
2026-08-17,2.66492775278499,0.004613729443588843,2.652567182651054,0.0,0.5004148201268858,0.49577658176525735,0.004638238361628371,0.49958517987311424,0.0013198071090546376,0.00031739320686092234,0.9946219369152097,True,0,long_short,1.689678833333672,1.577180053517738
2026-08-18,2.6627914778661417,-0.0008016258289237355,2.652458590149252,0.0,0.5005577285957474,0.4966772566163304,0.0038804719794169633,0.49944227140425257,0.0,0.0001085925018022283,0.0,True,0,long_short,1.6846499940023951,1.5806200025798094
2026-08-19,2.6564636233078858,-0.002376398832148463,2.65234988757669,0.0,0.49734909971029767,0.49580052374068845,0.0015485759696092305,0.5026509002897024,0.0,0.00010870257256174514,0.0,True,0,long_short,1.6654908650037377,1.5950034185879034
2026-08-20,2.65443580697729,-0.0007633518158514097,2.652241634750191,0.0,0.49825364523798854,0.49742703936515814,0.0008266058728304412,0.5017463547620115,0.0,0.00010825282649869615,0.0,True,0,long_short,1.665677570109292,1.5936072230372422
2026-08-21,2.6543856301997972,-1.8902991498537247e-05,2.6521331096972065,0.0,0.49654615302345434,0.49569754968678625,0.00084860333666805,0.5034538469765457,0.0,0.0001085250529848968,0.0,True,0,long_short,1.6648456989039633,1.59437335961362
2026-08-24,2.6582153584195423,0.00144279270358183,2.654641196106109,0.0,0.5962257508718415,0.5948811787316975,0.0013445721401439184,0.4037742491281585,0.0008012202577623559,0.0003244370431595808,0.6034551928710068,True,0,long_short,1.6599761180111807,1.601357591580506
2026-08-25,2.6585613535353456,0.00013016067893367733,2.6545112244113906,0.0,0.5990175195156895,0.5974940906436911,0.0015234288719984535,0.4009824804843105,0.0,0.0001299716947183002,0.0,True,0,long_short,1.6697596688508793,1.5921820386073613
2026-08-26,2.6620986009583714,0.0013305118643667235,2.6543806648471424,0.0,0.6000613627194316,0.5971621702896506,0.0028991924297810515,0.39993863728056844,0.0,0.00013055956424803247,0.0,True,0,long_short,1.6752652669544161,1.5890609406580665
2026-08-27,2.650663380078917,-0.004295566240611004,2.6542500041968897,0.0,0.6021544181268051,0.6035075224647334,-0.0013531043379282459,0.39784558187319485,0.0,0.00013066065025260358,0.0,True,0,long_short,1.6866769811919173,1.5715299429804177
2026-08-28,2.648364071388972,-0.0008674465068727599,2.6541185223922814,0.0,0.6016977534997882,0.6038705858023693,-0.002172832302581169,0.39830224650021184,0.0,0.00013148180460817175,0.0,True,0,long_short,1.6802442956676962,1.5761779868662278
2026-08-31,2.6448224556186273,-0.001337284329071542,2.643527474276597,0.0,0.5972912098912543,0.5968015810546268,0.0004896288366275324,0.4027087901087457,0.0013298511250698238,0.00039434034161283445,1.005612750674831,True,0,long_short,1.6769869523288667,1.577127628778332
2026-09-01,2.639956214256831,-0.0018399122978779436,2.643397739956888,0.0,0.5964432687237285,0.5977468985648112,-0.0013036298410826143,0.40355673127627145,0.0,0.00012973431970865566,0.0,True,0,long_short,1.671928633244081,1.5789885774816024
2026-09-02,2.633386564398544,-0.002488545007984677,2.6432680392194015,0.0,0.5940266993112407,0.5977790822520697,-0.003752382940828918,0.40597330068875925,0.0,0.00012970073748648666,0.0,True,0,long_short,1.6576949950155497,1.5885832872251884
2026-09-03,2.6410742007655457,0.002919296570785601,2.6431386542821125,0.0,0.5910339363196967,0.5918156082303039,-0.0007816719106071258,0.4089660636803033,0.0,0.0001293849372888569,0.0,True,0,long_short,1.647350651163705,1.6032252750195377
2026-09-04,2.6418201195128517,0.0002824300608783581,2.6430101861505095,0.0,0.590325764637763,0.5907762368818298,-0.00045047224406681493,0.409674235362237,0.0,0.00012846813160334998,0.0,True,0,long_short,1.63963339385154,1.6112261005535817
2026-09-07,2.6417292873501084,-3.438241766440253e-05,2.6429807683831177,0.0,0.6978460887535461,0.6983198242869341,-0.0004737355333879895,0.30215391124645385,0.0005478763094070031,0.0003848361900964541,0.4145037811540172,True,0,long_short,1.6478802701836353,1.6031075407291098
2026-09-08,2.648613660322054,0.002606010012044413,2.6428291432928366,0.0,0.6968543290882472,0.6946703499311987,0.0021839791570485542,0.3031456709117528,0.0,0.000151625090281313,0.0,True,0,long_short,1.6444135189405724,1.610673732497922
2026-09-09,2.6526487449540217,0.0015234704450921566,2.64267791753572,0.0,0.6938785008134387,0.6901196814683336,0.0037588193451051047,0.3061214991865613,0.0,0.00015122575711631292,0.0,True,0,long_short,1.6342057307285431,1.6232036732434219
2026-09-10,2.6571571738142956,0.001699595119350139,2.6425274535543295,0.0,0.690518886377799,0.6850131073429195,0.0055057790348795555,0.309481113622201,0.0,0.00015046398139027762,0.0,True,0,long_short,1.6246956300162174,1.635479978356175
2026-09-11,2.656403744250585,-0.0002835472327854527,2.642377849102905,0.0,0.6894304161151396,0.6841503847275777,0.005280031387561824,0.31056958388486045,0.0,0.00014960445142463513,0.0,True,0,long_short,1.618434401449184,1.6413416211815435
