date,nav,return,cash,receivables,long_exposure,short_exposure,net_exposure,idle_cash_weight,cost,borrow_cost,turnover,marked_prices_verified,stale_mark_count,mode,benchmark_nav,excess_nav
2019-01-28,0.9977762537002005,-0.0022237462997994895,0.9,0.0,0.09799416786839973,0.0,0.09799416786839973,0.9020058321316002,4.997501249375313e-05,0.0,0.09995002498750627,True,0,long_only,0.9964512476034993,1.0013297249613444
2019-01-29,0.9969983170230271,-0.0007796704664883025,0.9,0.0,0.0972903518158966,0.0,0.0972903518158966,0.9027096481841034,0.0,0.0,0.0,True,0,long_only,0.994642478359489,1.002368528104112
2019-01-30,0.9968245001087813,-0.0001743402283413964,0.9,0.0,0.09713294576749977,0.0,0.09713294576749977,0.9028670542325002,0.0,0.0,0.0,True,0,long_only,0.9957166256999748,1.0011126402635164
2019-01-31,0.9966273662914049,-0.00019776180998243298,0.9,0.0,0.09695435782680685,0.0,0.09695435782680685,0.9030456421731932,0.0,0.0,0.0,True,0,long_only,0.9970415203691544,0.9995846170201657
2019-02-01,0.9985658488289391,0.0019450424532767574,0.9,0.0,0.09870741017683653,0.0,0.09870741017683653,0.9012925898231635,0.0,0.0,0.0,True,0,long_only,1.0072303331076609,0.9913977131209017
2019-02-11,0.9998243274457972,0.0012602860575834374,0.7989126670957507,0.0,0.20094696121598263,0.0,0.20094696121598263,0.7990530387840173,5.051840724850042e-05,0.0,0.10118181728026011,True,0,long_only,1.0147381825155921,0.9853027556006391
2019-02-12,1.0006950687861291,0.0008708943325637097,0.7989126670957507,0.0,0.2016422464588999,0.0,0.2016422464588999,0.7983577535411002,0.0,0.0,0.0,True,0,long_only,1.0186820313786562,0.9823429077587792
2019-02-13,1.0011567485599706,0.0004613590975335313,0.7989126670957507,0.0,0.2020104062177285,0.0,0.2020104062177285,0.7979895937822715,0.0,0.0,0.0,True,0,long_only,1.0267530457329244,0.9750706391577515
2019-02-14,1.0022940448482038,0.0011359822424101829,0.7989126670957507,0.0,0.2029158796241826,0.0,0.2029158796241826,0.7970841203758174,0.0,0.0,0.0,True,0,long_only,1.0303807496531894,0.9727414309570136
2019-02-15,1.007332092071918,0.0050265161701894545,0.7989126670957507,0.0,0.2069023975474489,0.0,0.2069023975474489,0.7930976024525511,0.0,0.0,0.0,True,0,long_only,1.0237223915331437,0.98398950770562
2019-02-18,1.015868553915182,0.00847432729528741,0.7053228986001973,0.0,0.3056947221351958,0.0,0.3056947221351958,0.6943052778648042,5.3913379786374194e-05,0.0,0.10703249986056272,True,0,long_only,1.0409053605035008,0.9759470865091825
2019-02-19,1.015076252131566,-0.000779925493866851,0.7053228986001973,0.0,0.30515279308418,0.0,0.30515279308418,0.69484720691582,0.0,0.0,0.0,True,0,long_only,1.035961233107593,0.9798399975707799
2019-02-20,1.0155142002741717,0.00043144359025837353,0.7053228986001973,0.0,0.30545245117225145,0.0,0.30545245117225145,0.6945475488277486,0.0,0.0,0.0,True,0,long_only,1.0365660763261315,0.9796907534090125
2019-02-21,1.0154210328345168,-9.174410326295845e-05,0.7053228986001973,0.0,0.3053887246836812,0.0,0.3053887246836812,0.6946112753163187,0.0,0.0,0.0,True,0,long_only,1.0402524009056724,0.9761294777598815
2019-02-22,1.0194748864072443,0.003992288362800078,0.7053228986001973,0.0,0.30815078624855347,0.0,0.30815078624855347,0.6918492137514465,0.0,0.0,0.0,True,0,long_only,1.0559471505954572,0.9654601424250769
2019-02-25,1.0285401884581926,0.008892128851643921,0.7159550901640932,0.0,0.303911409395361,0.0,0.303911409395361,0.696088590604639,0.00010756887960282048,0.0,0.210370828353035,True,0,long_only,1.0935612829859807,0.9405418831670346
2019-02-26,1.0377221440219635,0.008927172381601123,0.7159550901640932,0.0,0.31007052871665425,0.0,0.31007052871665425,0.6899294712833457,0.0,0.0,0.0,True,0,long_only,1.0808883774546978,0.9600641154691818
2019-02-27,1.0356219635216612,-0.0020238370284384466,0.7159550901640932,0.0,0.3086713922815348,0.0,0.3086713922815348,0.6913286077184653,0.0,0.0,0.0,True,0,long_only,1.0745681893806474,0.9637563942019969
2019-02-28,1.0351551348372747,-0.00045077132470139336,0.7159550901640932,0.0,0.30835962063150985,0.0,0.30835962063150985,0.6916403793684902,0.0,0.0,0.0,True,0,long_only,1.0748460445286596,0.9630729350557455
2019-03-01,1.0346533923723764,-0.0004847026769346785,0.7159550901640932,0.0,0.30802421811765757,0.0,0.30802421811765757,0.6919757818823424,0.0,0.0,0.0,True,0,long_only,1.0869046191046423,0.9519265758799436
2019-03-04,1.0490747133432277,0.013938311203701259,0.5173800689248215,0.0,0.5068224766603927,0.0,0.5068224766603927,0.4931775233396073,0.00010749086528941342,0.0,0.20785256711531339,True,0,long_only,1.1001840620931709,0.9535447290040683
2019-03-05,1.06758724339697,0.017646531575187696,0.5173800689248215,0.0,0.5153744369607087,0.0,0.5153744369607087,0.4846255630392913,0.0,0.0,0.0,True,0,long_only,1.1107286649602295,0.9611593515822299
2019-03-06,1.0770292456446626,0.008844244164672554,0.5173800689248215,0.0,0.5196230083658124,0.0,0.5196230083658124,0.48037699163418757,0.0,0.0,0.0,True,0,long_only,1.1163823395267922,0.9647494478470428
2019-03-07,1.077623227361558,0.000551500081634293,0.5173800689248215,0.0,0.5198877902886617,0.0,0.5198877902886617,0.4801122097113383,0.0,0.0,0.0,True,0,long_only,1.10879858822477,0.9718836575061618
2019-03-08,1.0652396035437586,-0.011491608108818663,0.5173800689248215,0.0,0.5143063896576502,0.0,0.5143063896576502,0.4856936103423498,0.0,0.0,0.0,True,0,long_only,1.0823223810966334,0.9842165533567123
2019-03-11,1.0959282081899446,0.028809109747791606,0.42810325061125776,0.0,0.6093692566611448,0.0,0.6093692566611448,0.39063074333885517,0.00016936303278097808,0.0,0.31672448917354856,True,0,long_only,1.1015740155287144,0.994874781667703
2019-03-12,1.0991560023909874,0.002945260626491031,0.42810325061125776,0.0,0.6105163874099697,0.0,0.6105163874099697,0.3894836125900303,0.0,0.0,0.0,True,0,long_only,1.1116994637395643,0.9887168594051644
2019-03-13,1.084268597852339,-0.013544396342524578,0.42810325061125776,0.0,0.6051686349127682,0.0,0.6051686349127682,0.3948313650872318,0.0,0.0,0.0,True,0,long_only,1.1001627146854578,0.9855529399233794
2019-03-14,1.0655078230964337,-0.017302700449930652,0.42810325061125776,0.0,0.5982166988064316,0.0,0.5982166988064316,0.4017833011935684,0.0,0.0,0.0,True,0,long_only,1.0888418116426728,0.9785699003319532
2019-03-15,1.0766197617632032,0.010428772483788595,0.42810325061125776,0.0,0.6023635587831456,0.0,0.6023635587831456,0.3976364412168544,0.0,0.0,0.0,True,0,long_only,1.0968982555440574,0.9815128762596161
2019-03-18,1.0885076982015034,0.011041908072382922,0.43256171918430447,0.0,0.6026103261382455,0.0,0.6026103261382455,0.3973896738617545,0.00022672202530341884,0.0,0.4195945903474393,True,0,long_only,1.1180362553529473,0.9735889091162593
2019-03-19,1.1036295947960768,0.013892319383279395,0.43256171918430447,0.0,0.6080553464459867,0.0,0.6080553464459867,0.3919446535540133,0.0,0.0,0.0,True,0,long_only,1.1231982618466254,0.9825777267333229
2019-03-20,1.100295327206526,-0.0030211835612898863,0.43256171918430447,0.0,0.6068676213662475,0.0,0.6068676213662475,0.3931323786337525,0.0,0.0,0.0,True,0,long_only,1.1209523790161082,0.9815718738848536
2019-03-21,1.1146105900136623,0.013010382261170239,0.43256171918430447,0.0,0.6119167330188364,0.0,0.6119167330188364,0.3880832669811636,0.0,0.0,0.0,True,0,long_only,1.1301815749507484,0.9862225811478437
2019-03-22,1.1079022948776427,-0.00601851013808985,0.43256171918430447,0.0,0.6095669074933392,0.0,0.6095669074933392,0.3904330925066608,0.0,0.0,0.0,True,0,long_only,1.1290213602839274,0.9812943615159118
2019-03-25,1.104286902452046,-0.0032632773145361282,0.4408118072177384,0.0,0.6008176804063102,0.0,0.6008176804063102,0.39918231959368977,0.00055500435386007,0.0,1.0071861048309287,True,0,long_only,1.1142977482212189,0.991016004667376
2019-03-26,1.0799685037391233,-0.022021812138606656,0.4408118072177384,0.0,0.5918290156689416,0.0,0.5918290156689416,0.40817098433105836,0.0,0.0,0.0,True,0,long_only,1.0929994734306099,0.988077789598026
2019-03-27,1.0806087545632506,0.0005928421263310391,0.4408118072177384,0.0,0.5920708532516922,0.0,0.5920708532516922,0.4079291467483078,0.0,0.0,0.0,True,0,long_only,1.0944114519693493,0.9873880181157997
2019-03-28,1.076179983433497,-0.004098403895999692,0.4408118072177384,0.0,0.5903921146987413,0.0,0.5903921146987413,0.4096078853012587,0.0,0.0,0.0,True,0,long_only,1.090065729684892,0.9872615514154282
2019-03-29,1.0894966610104713,0.012374024588793997,0.4408118072177384,0.0,0.5953986616086547,0.0,0.5953986616086547,0.40460133839134527,0.0,0.0,0.0,True,0,long_only,1.1130128375855337,0.978871603470382
2019-04-01,1.117350012780038,0.025565339267523468,0.32813272208295446,0.0,0.7063295132860478,0.0,0.7063295132860478,0.29367048671395224,0.00038294392507284884,0.0,0.7007098231545956,True,0,long_only,1.141952806641958,0.9784555073389878
2019-04-02,1.1204176222602078,0.00274543289487017,0.32813272208295446,0.0,0.7071335584484868,0.0,0.7071335584484868,0.2928664415515132,0.0,0.0,0.0,True,0,long_only,1.146139609335662,0.9775577190894194
2019-04-03,1.1197954282134712,-0.0005553233315639394,0.32813272208295446,0.0,0.7069708325149536,0.0,0.7069708325149536,0.29302916748504637,0.0,0.0,0.0,True,0,long_only,1.1495619715245913,0.9741061864880215
2019-04-04,1.1296492158146505,0.008799631926431406,0.32813272208295446,0.0,0.7095268889764861,0.0,0.7095268889764861,0.2904731110235139,0.0,0.0,0.0,True,0,long_only,1.1561999987801481,0.9770361676236723
2019-04-08,1.147235401355655,0.015567828751443136,0.5750050302280085,0.0,0.4987907193688919,0.0,0.4987907193688919,0.5012092806311081,0.0004723686912863824,0.0,0.8215326362838271,True,0,long_only,1.1521101065405068,0.9957688894861886
2019-04-09,1.1434878594574445,-0.0032665849517737877,0.5750050302280085,0.0,0.4971481109551669,0.0,0.4971481109551669,0.502851889044833,0.0,0.0,0.0,True,0,long_only,1.1430283093734095,1.0004020461088028
2019-04-10,1.1406303965647653,-0.0024989009450742117,0.5750050302280085,0.0,0.4958883859664356,0.0,0.4958883859664356,0.5041116140335644,0.0,0.0,0.0,True,0,long_only,1.1355834856453932,1.0044443327885344
2019-04-11,1.1315574679233669,-0.007954310764225925,0.5750050302280085,0.0,0.49184637411013943,0.0,0.49184637411013943,0.5081536258898606,0.0,0.0,0.0,True,0,long_only,1.1239203463837153,1.0067950736582219
2019-04-12,1.1311965810274118,-0.0003189293572666285,0.5750050302280085,0.0,0.4916842572970305,0.0,0.4916842572970305,0.5083157427029694,0.0,0.0,0.0,True,0,long_only,1.1231687820931169,1.0071474555403281
2019-04-15,1.125216961686599,-0.005286100966979346,0.34079382564718497,0.0,0.697130564814482,0.0,0.697130564814482,0.302869435185518,0.00022981973649500938,0.0,0.40505095211293063,True,0,long_only,1.1206657138268177,1.0040612002344926
2019-04-16,1.1283286973196622,0.0027654538982411214,0.34079382564718497,0.0,0.6979658263972737,0.0,0.6979658263972737,0.30203417360272633,0.0,0.0,0.0,True,0,long_only,1.1286743801966537,0.9996937266557506
2019-04-17,1.1286182440582893,0.00025661559376710663,0.34079382564718497,0.0,0.6980433131917508,0.0,0.6980433131917508,0.30195668680824916,0.0,0.0,0.0,True,0,long_only,1.1327737601730563,0.996331556873164
2019-04-18,1.1425472559772667,0.012341650502557311,0.34079382564718497,0.0,0.7017245248594202,0.0,0.7017245248594202,0.29827547514057984,0.0,0.0,0.0,True,0,long_only,1.1305549851618575,1.0106074193407695
2019-04-19,1.1363421477010351,-0.005430942347258938,0.34079382564718497,0.0,0.7000957622344165,0.0,0.7000957622344165,0.2999042377655835,0.0,0.0,0.0,True,0,long_only,1.1330638138397615,1.0028933355926035
2019-04-22,1.1269125577041512,-0.008298196116338197,0.4561368037134133,0.0,0.5952331877082845,0.0,0.5952331877082845,0.4047668122917155,0.0001760199392587529,0.0,0.30898867580302314,True,0,long_only,1.1203766767033367,1.0058336460734314
2019-04-23,1.1206149027359393,-0.005588414935265296,0.568466135167299,0.0,0.4927194580587763,0.0,0.4927194580587763,0.5072805419412236,5.6192762107996854e-05,0.0,0.09982230803404762,True,0,long_only,1.1080083952916429,1.0113776280918687
2019-04-24,1.118260383676122,-0.0021010956164055905,0.568466135167299,0.0,0.49165136897853107,0.0,0.49165136897853107,0.5083486310214689,0.0,0.0,0.0,True,0,long_only,1.105477202662801,1.0115634958211075
2019-04-25,1.1022666564236716,-0.014302328407515663,0.568466135167299,0.0,0.48427530502310595,0.0,0.48427530502310595,0.5157246949768941,0.0,0.0,0.0,True,0,long_only,1.0902548067246367,1.0110174700674983
2019-04-26,1.0963160251576844,-0.005398540572109978,0.568466135167299,0.0,0.4814760323461149,0.0,0.4814760323461149,0.5185239676538851,0.0,0.0,0.0,True,0,long_only,1.079388298503174,1.0156827035071483
2019-04-29,1.0800058097065568,-0.014877293660631952,0.3267175032369565,0.0,0.6974854206333138,0.0,0.6974854206333138,0.30251457936668624,0.00012081390901066594,0.0,0.22216862364139106,True,0,long_only,1.0781047432584547,1.0017633411410067
2019-04-30,1.0888004422937316,0.008143134516622963,0.4329210256363949,0.0,0.6023871695676596,0.0,0.6023871695676596,0.3976128304323404,5.312832536240042e-05,0.0,0.09808565116391514,True,0,long_only,1.0861445836205068,1.0024452165147038
2019-05-06,1.0621701614375143,-0.02445836704485216,0.5398772169443824,0.0,0.49172247861517193,0.0,0.49172247861517193,0.5082775213848281,0.00027063826856658284,0.0,0.5014451590498817,True,0,long_only,1.056377148379393,1.0054838492739155
2019-05-07,1.062775760818188,0.0005701528838413239,0.5398772169443824,0.0,0.49201210937596784,0.0,0.49201210937596784,0.5079878906240322,0.0,0.0,0.0,True,0,long_only,1.0614124258177582,1.0012844535896397
2019-05-08,1.0670833210616215,0.004053122401020071,0.5398772169443824,0.0,0.49406273503809556,0.0,0.49406273503809556,0.5059372649619045,0.0,0.0,0.0,True,0,long_only,1.0629308025473219,1.003906668716673
2019-05-09,1.0685674912139633,0.0013908662267023697,0.5398772169443824,0.0,0.49476544871204525,0.0,0.49476544871204525,0.5052345512879548,0.0,0.0,0.0,True,0,long_only,1.063376048479624,1.0048820384301131
2019-05-10,1.0786569338123546,0.009442026527429759,0.5398772169443824,0.0,0.4994912654607747,0.0,0.4994912654607747,0.5005087345392253,0.0,0.0,0.0,True,0,long_only,1.0820526582944168,0.9968617752047163
2019-05-13,1.0756406558641562,-0.0027963274083241396,0.6450443554202561,0.0,0.40031612611180506,0.0,0.40031612611180506,0.5996838738881949,5.622608958445577e-05,0.0,0.10464255443112833,True,0,long_only,1.075701635075892,0.999943312151114
2019-05-14,1.0787120801039523,0.002855437104437364,0.6450443554202561,0.0,0.4020236100831511,0.0,0.4020236100831511,0.5979763899168489,0.0,0.0,0.0,True,0,long_only,1.0775951162552717,1.0010365338816327
2019-05-15,1.0871332686718809,0.007806706463431068,0.6450443554202561,0.0,0.40665567505970274,0.0,0.40665567505970274,0.5933443249402972,0.0,0.0,0.0,True,0,long_only,1.0878242518750139,0.9993648025386987
2019-05-16,1.088144663201389,0.0009303316885367341,0.6450443554202561,0.0,0.40720716901510534,0.0,0.40720716901510534,0.5927928309848947,0.0,0.0,0.0,True,0,long_only,1.0883423500717342,0.9998183596638206
2019-05-17,1.0790605718455528,-0.008348238669948604,0.6450443554202561,0.0,0.4022167316177484,0.0,0.4022167316177484,0.5977832683822516,0.0,0.0,0.0,True,0,long_only,1.077549371810172,1.0014024415724376
2019-05-20,1.0770874881487125,-0.0018285198702661098,0.5396013146301792,0.0,0.4990181200993796,0.0,0.4990181200993796,0.5009818799006204,0.00016449655265509585,0.0,0.3049689486495039,True,0,long_only,1.072056988768553,1.0046923805663894
2019-05-21,1.0805710740726167,0.0032342645906060508,0.5396013146301792,0.0,0.5006332044439709,0.0,0.5006332044439709,0.49936679555602914,0.0,0.0,0.0,True,0,long_only,1.0753868455240585,1.004820803388228
2019-05-22,1.079753875675801,-0.0007562652901078604,0.5396013146301792,0.0,0.5002552648468603,0.0,0.5002552648468603,0.49974473515313966,0.0,0.0,0.0,True,0,long_only,1.0756406424824256,1.0038239845455101
2019-05-23,1.073709468295458,-0.005597949233161925,0.5396013146301792,0.0,0.4974419705110634,0.0,0.4974419705110634,0.5025580294889366,0.0,0.0,0.0,True,0,long_only,1.069146625516997,1.0042677427675128
2019-05-24,1.0722765846472033,-0.0013345171022188795,0.5396013146301792,0.0,0.49677040200619793,0.0,0.49677040200619793,0.5032295979938021,0.0,0.0,0.0,True,0,long_only,1.0682649436936709,1.003755286530008
2019-05-27,1.0777296519733117,0.005085504434382937,0.5366251092696465,0.0,0.5020781804721699,0.0,0.5020781804721699,0.4979218195278301,0.0002158685575913745,0.0,0.40240978075170575,True,0,long_only,1.067713638418286,1.0093808051097517
2019-05-28,1.0766844372664706,-0.0009698301470386639,0.5366251092696465,0.0,0.5015948120954997,0.0,0.5015948120954997,0.4984051879045003,0.0,0.0,0.0,True,0,long_only,1.0685255176068675,1.0076356806881657
2019-05-29,1.0744828780498794,-0.0020447580928918407,0.5366251092696465,0.0,0.5005736059344303,0.0,0.5005736059344303,0.49942639406556966,0.0,0.0,0.0,True,0,long_only,1.0675049082095354,1.0065367098424378
2019-05-30,1.0696733652856265,-0.004476118570620358,0.5366251092696465,0.0,0.49832806286024006,0.0,0.49832806286024006,0.50167193713976,0.0,0.0,0.0,True,0,long_only,1.0616526688664663,1.0075549157030086
2019-05-31,1.069323884350485,-0.0003267174321462951,0.5366251092696465,0.0,0.49816410432504626,0.0,0.49816410432504626,0.5018358956749538,0.0,0.0,0.0,True,0,long_only,1.0600932915601837,1.0087073400650581
2019-06-03,1.0654025884573344,-0.0036670796851532295,0.8554211425078276,0.0,0.19709117306871987,0.0,0.19709117306871987,0.8029088269312801,0.0002693746323739222,0.0,0.5037803721776779,True,0,long_only,1.0505767527407701,1.0141120919322517
2019-06-04,1.0631162463044939,-0.0021459889225077244,0.8554211425078276,0.0,0.19536443405755183,0.0,0.19536443405755183,0.8046355659424482,0.0,0.0,0.0,True,0,long_only,1.0427886762506362,1.019493470265659
2019-06-05,1.0625257358255307,-0.0005554524079711687,0.8554211425078276,0.0,0.19491724890483977,0.0,0.19491724890483977,0.8050827510951603,0.0,0.0,0.0,True,0,long_only,1.0415305345865278,1.0201580275774993
2019-06-06,1.061569416129768,-0.0009000437951931506,0.8554211425078276,0.0,0.1941919864020842,0.0,0.1941919864020842,0.8058080135979158,0.0,0.0,0.0,True,0,long_only,1.0371200923834483,1.0235742455727876
2019-06-10,1.063767767674294,0.002070850489024778,0.7433925198133393,0.0,0.30117029073120755,0.0,0.30117029073120755,0.6988297092687925,0.00015697862648080918,0.0,0.29564447493826407,True,0,long_only,1.0431007550205376,1.0198130550230016
2019-06-11,1.0685252866323431,0.004472328550103155,0.7433925198133393,0.0,0.30428177122856903,0.0,0.30428177122856903,0.695718228771431,0.0,0.0,0.0,True,0,long_only,1.0584447972978928,1.009523868755541
2019-06-12,1.065575877078969,-0.0027602618209155994,0.7433925198133393,0.0,0.3023560913830193,0.0,0.3023560913830193,0.6976439086169808,0.0,0.0,0.0,True,0,long_only,1.0549126484407245,1.0101081626559374
2019-06-13,1.0654702685041622,-9.910938965362881e-05,0.7433925198133393,0.0,0.3022869414676348,0.0,0.3022869414676348,0.6977130585323652,0.0,0.0,0.0,True,0,long_only,1.052679980672125,1.0121502147536525
2019-06-14,1.0648853351682261,-0.000548990763259094,0.7433925198133393,0.0,0.30190369304325027,0.0,0.30190369304325027,0.6980963069567497,0.0,0.0,0.0,True,0,long_only,1.0470954310448235,1.0169897638705685
2019-06-17,1.0651160962013744,0.0002167003578013027,0.6389803148190473,0.0,0.4000838809047165,0.0,0.4000838809047165,0.5999161190952835,0.00016069033420002804,0.0,0.30183016623409464,True,0,long_only,1.0462791468356025,1.0180037511239164
2019-06-18,1.064300966305567,-0.0007652967584609316,0.6389803148190473,0.0,0.39962441541597515,0.0,0.39962441541597515,0.6003755845840248,0.0,0.0,0.0,True,0,long_only,1.0458545706155307,1.0176376297511227
2019-06-19,1.0678760455569867,0.0033590867288504356,0.6389803148190473,0.0,0.4016343774377246,0.0,0.4016343774377246,0.5983656225622753,0.0,0.0,0.0,True,0,long_only,1.0525796817406472,1.0145322621001422
2019-06-20,1.0767403469217531,0.008300871062373982,0.6389803148190473,0.0,0.406560442686298,0.0,0.406560442686298,0.593439557313702,0.0,0.0,0.0,True,0,long_only,1.0688640265006042,1.0073688703388546
2019-06-21,1.0786781366424882,0.001799681535362696,0.6389803148190473,0.0,0.40762652628897417,0.0,0.40762652628897417,0.5923734737110258,0.0,0.0,0.0,True,0,long_only,1.0748711192615288,1.0035418361445743
2019-06-24,1.0758577228314385,-0.002614694518448757,0.6462507937108803,0.0,0.3993157459426143,0.0,0.3993157459426143,0.6006842540573857,0.00021898229719264126,0.0,0.4066731646550613,True,0,long_only,1.073172475533499,1.002502158189069
2019-06-25,1.073186508861092,-0.0024828691690910176,0.6462507937108803,0.0,0.39782061330913726,0.0,0.39782061330913726,0.6021793866908627,0.0,0.0,0.0,True,0,long_only,1.0676282487874333,1.005206175539071
2019-06-26,1.07586268015577,0.002493668409527583,0.6462507937108803,0.0,0.3993185137555731,0.0,0.3993185137555731,0.600681486244427,0.0,0.0,0.0,True,0,long_only,1.069175088727281,1.0062549076376721
2019-06-27,1.0790595791903315,0.0029714749786642347,0.6462507937108803,0.0,0.4010981356601344,0.0,0.4010981356601344,0.5989018643398656,0.0,0.0,0.0,True,0,long_only,1.0760411605128528,1.0028051145144299
2019-06-28,1.0773833192965543,-0.0015534451721702647,0.6462507937108803,0.0,0.40016632693660886,0.0,0.40016632693660886,0.5998336730633911,0.0,0.0,0.0,True,0,long_only,1.0734520249202184,1.0036622916395617
2019-07-01,1.0842890024257608,0.0064096807566274006,0.6492894181006453,0.0,0.4011841707809806,0.0,0.4011841707809806,0.5988158292190193,0.00021932488031405428,0.0,0.4054030976671745,True,0,long_only,1.0832789482708263,1.0009324044896717
2019-07-02,1.0841662374720311,-0.00011322161661242447,0.6492894181006453,0.0,0.4011163642075734,0.0,0.4011163642075734,0.5988836357924265,0.0,0.0,0.0,True,0,long_only,1.085619030773474,0.99866178349839
2019-07-03,1.0738636870085974,-0.00950274054600353,0.6492894181006453,0.0,0.3953707291198802,0.0,0.3953707291198802,0.6046292708801198,0.0,0.0,0.0,True,0,long_only,1.0822461403548007,0.9922545777400922
2019-07-04,1.071767973002243,-0.0019515642736672723,0.6492894181006453,0.0,0.3941884489402573,0.0,0.3941884489402573,0.6058115510597427,0.0,0.0,0.0,True,0,long_only,1.080527843457765,0.9918929710987457
2019-07-05,1.0736312146934481,0.0017384748734241562,0.6492894181006453,0.0,0.3952398093361734,0.0,0.3952398093361734,0.6047601906638266,0.0,0.0,0.0,True,0,long_only,1.0807752023090442,0.9933899412196605
2019-07-08,1.0677149798436374,-0.0055104907242287116,0.7511837630185645,0.0,0.29645666006430643,0.0,0.29645666006430643,0.7035433399356936,0.0001596553974290141,0.0,0.29757941374797514,True,0,long_only,1.0705928276776258,0.9973119119056392
2019-07-09,1.0666228880562525,-0.0010228308190871616,0.7511837630185645,0.0,0.2957363174650458,0.0,0.2957363174650458,0.7042636825349542,0.0,0.0,0.0,True,0,long_only,1.0703759651230798,0.9964936833513487
2019-07-10,1.0662148545851773,-0.00038254707980123204,0.7511837630185645,0.0,0.29546680034689554,0.0,0.29546680034689554,0.7045331996531045,0.0,0.0,0.0,True,0,long_only,1.069295379675506,0.9971191074525511
2019-07-11,1.0645107078527125,-0.0015983145659020925,0.7511837630185645,0.0,0.29433893198329447,0.0,0.29433893198329447,0.7056610680167055,0.0,0.0,0.0,True,0,long_only,1.0688176043600217,0.9959704102086828
2019-07-12,1.0625649904989605,-0.0018278043982074,0.7511837630185645,0.0,0.29304675974142275,0.0,0.29304675974142275,0.7069532402585772,0.0,0.0,0.0,True,0,long_only,1.0746986457611163,0.9887097138253462
2019-07-15,1.0673965341498883,0.004547057068630789,0.6373175442285485,0.0,0.402923352438904,0.0,0.402923352438904,0.597076647561096,0.0002644772190597779,0.0,0.4979898260043035,True,0,long_only,1.0766961531971302,0.991362819473602
2019-07-16,1.0694706471220419,0.0019431513086232144,0.6373175442285485,0.0,0.40408131261612695,0.0,0.40408131261612695,0.5959186873838731,0.0,0.0,0.0,True,0,long_only,1.076109946604373,0.9938302777487734
2019-07-17,1.0684753478470033,-0.0009306466500197397,0.6373175442285485,0.0,0.40352620627817515,0.0,0.40352620627817515,0.5964737937218249,0.0,0.0,0.0,True,0,long_only,1.0782731505859695,0.9909134315978824
2019-07-18,1.0670690798095204,-0.0013161445795791815,0.6373175442285485,0.0,0.40274012593232095,0.0,0.40274012593232095,0.5972598740676791,0.0,0.0,0.0,True,0,long_only,1.0753150098028652,0.9923316145332552
2019-07-19,1.0693490800779284,0.00213669415743456,0.6373175442285485,0.0,0.4040135666623436,0.0,0.4040135666623436,0.5959864333376563,0.0,0.0,0.0,True,0,long_only,1.078205381037674,0.991786072379622
2019-07-22,1.0659543156004962,-0.0031746083114270185,0.7489997169338342,0.0,0.2973435109065707,0.0,0.2973435109065707,0.7026564890934293,0.00016492942903688316,0.0,0.308304258014075,True,0,long_only,1.0753360183628369,0.9912755616829203
2019-07-23,1.0665350847184545,0.0005448349047032508,0.7489997169338342,0.0,0.29772613422130756,0.0,0.29772613422130756,0.7022738657786924,0.0,0.0,0.0,True,0,long_only,1.0760489540109068,0.991158516295202
2019-07-24,1.07043147193524,0.0036533136814846934,0.7489997169338342,0.0,0.30028242202210964,0.0,0.30028242202210964,0.6997175779778904,0.0,0.0,0.0,True,0,long_only,1.0786153868048625,0.9924125735922742
2019-07-25,1.0760477207768444,0.005246714982558132,0.7489997169338342,0.0,0.3039344794177904,0.0,0.3039344794177904,0.6960655205822096,0.0,0.0,0.0,True,0,long_only,1.0854563838575646,0.991332067118825
2019-07-26,1.0792505458820565,0.0029764712506430424,0.7489997169338342,0.0,0.3060001500192089,0.0,0.3060001500192089,0.6939998499807911,0.0,0.0,0.0,True,0,long_only,1.0931790627335933,0.9872587050682188
2019-07-29,1.080245479178936,0.000921874258647204,0.7560004015020737,0.0,0.3001586990424729,0.0,0.3001586990424729,0.6998413009575271,0.00011147134474716837,0.0,0.20645562375807164,True,0,long_only,1.0954866158530594,0.9860873364826506
2019-07-30,1.0819614627855199,0.0015885126479660006,0.7560004015020737,0.0,0.3012686426411679,0.0,0.3012686426411679,0.6987313573588321,0.0,0.0,0.0,True,0,long_only,1.1004720826734273,0.983179382576486
2019-07-31,1.082772209213301,0.0007493302263223978,0.7560004015020737,0.0,0.3017918311263703,0.0,0.3017918311263703,0.6982081688736297,0.0,0.0,0.0,True,0,long_only,1.1001403507345202,0.9842127947496669
2019-08-01,1.0833669935987864,0.0005493162646994509,0.7560004015020737,0.0,0.3021751576621776,0.0,0.3021751576621776,0.6978248423378224,0.0,0.0,0.0,True,0,long_only,1.097480395963917,0.9871401781598707
2019-08-02,1.0824918216198423,-0.0008078259575151625,0.7560004015020737,0.0,0.30161098088409233,0.0,0.30161098088409233,0.6983890191159077,0.0,0.0,0.0,True,0,long_only,1.093536885948594,0.9898996874539163
2019-08-05,1.0810955447748605,-0.001289872881341858,0.7580469164562732,0.0,0.29881598336052945,0.0,0.29881598336052945,0.7011840166394705,2.920091697042513e-06,0.0,0.005394458163519059,True,0,long_only,1.083988834289223,0.9973308862390085
2019-08-06,1.0779462361091543,-0.0029130715420364606,0.7580469164562732,0.0,0.2967674165342025,0.0,0.2967674165342025,0.7032325834657975,0.0,0.0,0.0,True,0,long_only,1.0809832548223117,0.9971905034609841
2019-08-07,1.0804840944465903,0.002354345933426538,0.7580469164562732,0.0,0.29841918048360105,0.0,0.29841918048360105,0.701580819516399,0.0,0.0,0.0,True,0,long_only,1.085628857357977,0.9952610297004196
2019-08-08,1.0810681148945709,0.0005405173949177833,0.7580469164562732,0.0,0.2987981922580334,0.0,0.2987981922580334,0.7012018077419666,0.0,0.0,0.0,True,0,long_only,1.0903994947102478,0.9914422375826976
2019-08-09,1.080876625019454,-0.00017713025893428824,0.7580469164562732,0.0,0.2986739661960684,0.0,0.2986739661960684,0.7013260338039315,0.0,0.0,0.0,True,0,long_only,1.090508603683004,0.9911674436762627
2019-08-12,1.0857869289080109,0.004542890256756804,0.7566246393594547,0.0,0.3031555094143553,0.0,0.3031555094143553,0.6968444905856447,0.00010781371739769452,0.0,0.19951725932525066,True,0,long_only,1.0970548032006202,0.9897289777504864
2019-08-13,1.090609034630139,0.004441116018017999,0.7566246393594547,0.0,0.3062365931930404,0.0,0.3062365931930404,0.6937634068069596,0.0,0.0,0.0,True,0,long_only,1.0944616014350879,0.9964799433804737
2019-08-14,1.0899163781108268,-0.0006351098306709435,0.7566246393594547,0.0,0.30579569721584804,0.0,0.30579569721584804,0.694204302784152,0.0,0.0,0.0,True,0,long_only,1.095553030010389,0.9948549711924863
2019-08-15,1.096082392412178,0.005657327869537099,0.7566246393594547,0.0,0.3097009452963381,0.0,0.3097009452963381,0.6902990547036618,0.0,0.0,0.0,True,0,long_only,1.0972326982648963,0.998951629991945
2019-08-16,1.1001395466472637,0.0037015047985189398,0.7566246393594547,0.0,0.31224666755657493,0.0,0.31224666755657493,0.6877533324434251,0.0,0.0,0.0,True,0,long_only,1.1000702092520345,1.0000630299726745
2019-08-19,1.1061637551502936,0.005475858513939613,0.6646185490320462,0.0,0.39916802920219985,0.0,0.39916802920219985,0.6008319707978002,0.00018214539475411252,0.0,0.3289262017523999,True,0,long_only,1.1090137565406084,0.9974301478466734
2019-08-20,1.1034654040390193,-0.002439377622626804,0.6646185490320462,0.0,0.39769878910626477,0.0,0.39769878910626477,0.6023012108937352,0.0,0.0,0.0,True,0,long_only,1.1081890011378506,0.9957375528055401
2019-08-21,1.1159665691707628,0.011329005047177265,0.6646185490320462,0.0,0.40444582535666634,0.0,0.40444582535666634,0.5955541746433337,0.0,0.0,0.0,True,0,long_only,1.1077112258223667,1.007452613240664
2019-08-22,1.1115806749523172,-0.003930130471295867,0.6646185490320462,0.0,0.40209598456670187,0.0,0.40209598456670187,0.5979040154332982,0.0,0.0,0.0,True,0,long_only,1.1055053270253439,1.0054955392601506
2019-08-23,1.1152538693463243,0.003304478457368587,0.6646185490320462,0.0,0.4040652381492348,0.0,0.4040652381492348,0.5959347618507652,0.0,0.0,0.0,True,0,long_only,1.1101529626474582,1.0045947782607376
2019-08-26,1.1123656613776276,-0.0025897314038367814,0.7779692129136753,0.0,0.3006173779670739,0.0,0.3006173779670739,0.6993826220329261,0.0002799166714361101,0.0,0.5036960549163298,True,0,long_only,1.1028680750534194,1.0086117157065664
2019-08-27,1.11913814582176,0.006088361659550623,0.7779692129136753,0.0,0.304849704374585,0.0,0.304849704374585,0.695150295625415,0.0,0.0,0.0,True,0,long_only,1.1086786361242869,1.0094342123647637
2019-08-28,1.1213638973740525,0.0019888085850725545,0.7779692129136753,0.0,0.3062294811385668,0.0,0.3062294811385668,0.6937705188614331,0.0,0.0,0.0,True,0,long_only,1.109473911773536,1.0107167779921116
2019-08-29,1.1208722715199337,-0.0004384177654283006,0.7779692129136753,0.0,0.3059251864097526,0.0,0.3059251864097526,0.6940748135902475,0.0,0.0,0.0,True,0,long_only,1.1076749691140284,1.011914417833655
2019-08-30,1.11728195185865,-0.003203147898747649,0.7779692129136753,0.0,0.30369481792891445,0.0,0.30369481792891445,0.6963051820710855,0.0,0.0,0.0,True,0,long_only,1.1075099502639285,1.0088233984646304
2019-09-02,1.1236323363698315,0.005683779730458527,0.6714603198035802,0.0,0.40241990367338787,0.0,0.40241990367338787,0.5975800963266121,5.857309503802264e-05,0.0,0.10471524322417929,True,0,long_only,1.1144017744778525,1.008282974869009
2019-09-03,1.1226681669776948,-0.0008580826315944812,0.7834576893969402,0.0,0.3021466961995852,0.0,0.3021466961995852,0.6978533038004149,5.602669814575288e-05,0.0,0.09962823925091821,True,0,long_only,1.1152119594277268,1.00668591067997
2019-09-04,1.1208120608327887,-0.0016532989885184035,0.7834576893969402,0.0,0.3009910253688621,0.0,0.3009910253688621,0.6990089746311379,0.0,0.0,0.0,True,0,long_only,1.117437172546014,1.0030202040613034
2019-09-05,1.1224121979596677,0.0014276587331600865,0.7834576893969402,0.0,0.3019875489404717,0.0,0.3019875489404717,0.6980124510595282,0.0,0.0,0.0,True,0,long_only,1.127547033760756,0.9954460118759199
2019-09-06,1.1198484852388384,-0.002284109817667357,0.7834576893969402,0.0,0.30038956187019683,0.0,0.30038956187019683,0.6996104381298032,0.0,0.0,0.0,True,0,long_only,1.132660246179661,0.9886887873181429
2019-09-09,1.1290465965399505,0.008213710535269536,0.6730085387863564,0.0,0.40391429295403547,0.0,0.40391429295403547,0.5960857070459645,0.00028141485152796686,0.0,0.5017812218957466,True,0,long_only,1.1402267162468682,0.9901948274429863
2019-09-10,1.1296110278419844,0.0004999185186544963,0.6730085387863564,0.0,0.40421213833926906,0.0,0.40421213833926906,0.5957878616607309,0.0,0.0,0.0,True,0,long_only,1.1381292487271186,0.992515594433004
2019-09-11,1.1229025559093548,-0.005938745078866159,0.6730085387863564,0.0,0.4006527679141874,0.0,0.4006527679141874,0.5993472320858126,0.0,0.0,0.0,True,0,long_only,1.134562198552578,0.989723223056349
2019-09-12,1.1246898350830725,0.0015916600815555348,0.6730085387863564,0.0,0.4016052090160074,0.0,0.4016052090160074,0.5983947909839926,0.0,0.0,0.0,True,0,long_only,1.1357535872116153,0.9902586685588153
2019-09-16,1.1227209040059904,-0.0017506436136116577,0.6749779162198668,0.0,0.3988016845402342,0.0,0.3988016845402342,0.6011983154597658,0.0002270856983141162,0.0,0.4037738071977248,True,0,long_only,1.131633198675241,0.9921243962445748
2019-09-17,1.1129096768137436,-0.008738794438795328,0.6749779162198668,0.0,0.3935016198688052,0.0,0.3935016198688052,0.6064983801311947,0.0,0.0,0.0,True,0,long_only,1.1187139508359036,0.9948116549205246
2019-09-18,1.1135795692405037,0.0006019288363796615,0.6749779162198668,0.0,0.3938664691197387,0.0,0.3938664691197387,0.6061335308802613,0.0,0.0,0.0,True,0,long_only,1.1193384472234478,0.9948551057124598
2019-09-19,1.116063921637139,0.002230960826921091,0.6749779162198668,0.0,0.39521571915903264,0.0,0.39521571915903264,0.6047842808409674,0.0,0.0,0.0,True,0,long_only,1.12294717567019,0.993870367028669
2019-09-20,1.117028376204759,0.0008641571050924668,0.6749779162198668,0.0,0.39573789654906794,0.0,0.39573789654906794,0.6042621034509321,0.0,0.0,0.0,True,0,long_only,1.125297762452824,0.99265137946241
2019-09-23,1.1151637162940027,-0.0016693039769426488,0.6696385021779568,0.0,0.39951552189722367,0.0,0.39951552189722367,0.6004844781027763,0.00011380937516721604,0.0,0.20400784506157352,True,0,long_only,1.1195417558683347,0.9960894361006336
2019-09-24,1.1193711936033037,0.0037729682627081207,0.6696385021779568,0.0,0.4017726148353327,0.0,0.4017726148353327,0.5982273851646673,0.0,0.0,0.0,True,0,long_only,1.1197464199041876,0.9996649006469555
2019-09-25,1.1142564519121518,-0.004569299013928774,0.6696385021779568,0.0,0.3990265876147233,0.0,0.3990265876147233,0.6009734123852767,0.0,0.0,0.0,True,0,long_only,1.1161868243799595,0.9982705650831526
2019-09-26,1.1030296204059409,-0.01007562620521063,0.6696385021779568,0.0,0.39290977341885497,0.0,0.39290977341885497,0.6070902265811451,0.0,0.0,0.0,True,0,long_only,1.1120745681893807,0.991866599558907
2019-09-27,1.1082963523407694,0.0047747874013486236,0.6696385021779568,0.0,0.39579472515302283,0.0,0.39579472515302283,0.6042052748469772,0.0,0.0,0.0,True,0,long_only,1.1136708798994843,0.9951740431973942
2019-09-30,1.102019084244111,-0.005663889521426824,0.665746377421774,0.0,0.39588489261198434,0.0,0.39588489261198434,0.6041151073880157,0.00011426942467419182,0.0,0.20602974633366616,True,0,long_only,1.112327009756782,0.990733007989328
2019-10-08,1.102910143180622,0.0008085694242965236,0.6622378096595843,0.0,0.3995541579209771,0.0,0.3995541579209771,0.6004458420790229,0.00011039804865870564,0.0,0.20010517218335963,True,0,long_only,1.1132032700162444,0.9907535962991987
2019-10-09,1.1027753050697857,-0.00012225666040877048,0.6622378096595843,0.0,0.3994807404417924,0.0,0.3994807404417924,0.6005192595582076,0.0,0.0,0.0,True,0,long_only,1.1168733299041942,0.987377239247339
2019-10-10,1.1103332078205745,0.0068535291967846135,0.6622378096595843,0.0,0.40356840181384596,0.0,0.40356840181384596,0.5964315981861541,0.0,0.0,0.0,True,0,long_only,1.1230847478532302,0.9886459681185857
2019-10-11,1.1111432488078492,0.0007295476543158763,0.6622378096595843,0.0,0.40400320987406224,0.0,0.40400320987406224,0.5959967901259378,0.0,0.0,0.0,True,0,long_only,1.1288434652196513,0.9843200435160796
2019-10-14,1.1091400568107097,-0.0018028206527724855,0.7779596695941269,0.0,0.2985920354989967,0.0,0.2985920354989967,0.7014079645010033,5.8738334411111465e-05,0.0,0.1057280848416974,True,0,long_only,1.1388055888191089,0.9739503104834943
2019-10-15,1.1082354531233412,-0.000815590133828259,0.7779596695941269,0.0,0.2980195071348761,0.0,0.2980195071348761,0.7019804928651239,0.0,0.0,0.0,True,0,long_only,1.1342894261206882,0.9770305775603917
2019-10-16,1.107645319785278,-0.0005324981585815847,0.7779596695941269,0.0,0.2976455046594358,0.0,0.2976455046594358,0.7023544953405643,0.0,0.0,0.0,True,0,long_only,1.1318900452632814,0.9785803174261826
2019-10-17,1.1082948721079213,0.0005864262783770169,0.7779596695941269,0.0,0.29805714239705317,0.0,0.29805714239705317,0.7019428576029468,0.0,0.0,0.0,True,0,long_only,1.1304756947903516,0.9803792131182938
2019-10-18,1.106566174440252,-0.001559781346260003,0.7779596695941269,0.0,0.2969605545844089,0.0,0.2969605545844089,0.703039445415591,0.0,0.0,0.0,True,0,long_only,1.1265382840343754,0.9822712553339963
2019-10-21,1.1095459560311547,0.0026928182513892285,0.7755436041991458,0.0,0.3010261540015296,0.0,0.3010261540015296,0.6989738459984705,0.00011148052817983191,0.0,0.20127002601845423,True,0,long_only,1.123791923089695,0.9873233053505374
2019-10-22,1.1072728859467018,-0.002048648883894444,0.7755436041991458,0.0,0.29959126242302253,0.0,0.29959126242302253,0.7004087375769774,0.0,0.0,0.0,True,0,long_only,1.1260862611472438,0.9832931313970786
2019-10-23,1.104820381847338,-0.002214904862649858,0.7755436041991458,0.0,0.2980364800091922,0.0,0.2980364800091922,0.7019635199908079,0.0,0.0,0.0,True,0,long_only,1.1229820769875622,0.9838272617948245
2019-10-24,1.10546258481585,0.0005812736432668775,0.7755436041991458,0.0,0.2984442758609172,0.0,0.2984442758609172,0.7015557241390828,0.0,0.0,0.0,True,0,long_only,1.1228899104018801,0.9844799339413487
2019-10-25,1.1110500902881484,0.005054450099936547,0.7755436041991458,0.0,0.30197242142520303,0.0,0.30197242142520303,0.6980275785747969,0.0,0.0,0.0,True,0,long_only,1.1269042395951718,0.9859312364352104
2019-10-28,1.1222873374030395,0.010114077855820636,0.7817228513050106,0.0,0.3034556969038707,0.0,0.3034556969038707,0.6965443030961294,0.0002284061933868614,0.0,0.4090511795073843,True,0,long_only,1.1321418091351996,0.9912957266902037
2019-10-29,1.1170814737939923,-0.004638619215907247,0.7817228513050106,0.0,0.3002096358737278,0.0,0.3002096358737278,0.6997903641262722,0.0,0.0,0.0,True,0,long_only,1.1308697747136907,0.9878073486196152
2019-10-30,1.1148428297429043,-0.002004011438382247,0.7817228513050106,0.0,0.2988044319347823,0.0,0.2988044319347823,0.7011955680652178,0.0,0.0,0.0,True,0,long_only,1.1229905481810991,0.9927446242077534
2019-10-31,1.1138422925926446,-0.0008974692428085351,0.7817228513050106,0.0,0.2981745651932225,0.0,0.2981745651932225,0.7018254348067775,0.0,0.0,0.0,True,0,long_only,1.1181656951901917,0.9961334866414304
2019-11-01,1.1175584918256098,0.003336378280551111,0.7817228513050106,0.0,0.30050833399510785,0.0,0.30050833399510785,0.6994916660048922,0.0,0.0,0.0,True,0,long_only,1.1236797644872658,0.9945524758431072
2019-11-04,1.121010840376108,0.0030891882400343462,0.6715599811204467,0.0,0.4009335530643639,0.0,0.4009335530643639,0.5990664469356362,0.0001702151447011083,0.0,0.3042095488619117,True,0,long_only,1.127450801002176,0.9942880340141286
2019-11-05,1.1290138168262562,0.007139071418312826,0.6715599811204467,0.0,0.4051800154153534,0.0,0.4051800154153534,0.5948199845846466,0.0,0.0,0.0,True,0,long_only,1.1363411491953381,0.9935518199140544
2019-11-06,1.1249832172395895,-0.0035700179453933556,0.6715599811204467,0.0,0.4030488892374086,0.0,0.4030488892374086,0.5969511107625913,0.0,0.0,0.0,True,0,long_only,1.1358481257314876,0.9904345411628855
2019-11-07,1.1306592246798446,0.005045415214444349,0.6715599811204467,0.0,0.40604563562411616,0.0,0.40604563562411616,0.5939543643758838,0.0,0.0,0.0,True,0,long_only,1.1386090571290515,0.9930179437802366
2019-11-08,1.1295202029867368,-0.0010073960997668552,0.6715599811204467,0.0,0.4054466849334147,0.0,0.4054466849334147,0.5945533150665854,0.0,0.0,0.0,True,0,long_only,1.1371919958741898,0.9932537399882457
2019-11-11,1.1263585233187552,-0.002799135119160634,0.6772607560258126,0.0,0.39871653474037744,0.0,0.39871653474037744,0.6012834652596226,0.00011732184077481346,0.0,0.20793720611204014,True,0,long_only,1.1295716490160879,0.9971554476423594
2019-11-12,1.1319104437347325,0.004929088119845604,0.6772607560258126,0.0,0.4016657768513961,0.0,0.4016657768513961,0.598334223148604,0.0,0.0,0.0,True,0,long_only,1.1270160593498597,1.004342781404283
2019-11-13,1.1293106225292504,-0.0022968435531913745,0.6772607560258126,0.0,0.40028833297521665,0.0,0.40028833297521665,0.5997116670247833,0.0,0.0,0.0,True,0,long_only,1.1264644152267334,1.0025266730702223
2019-11-14,1.1323628052076702,0.0027026954475855014,0.6772607560258126,0.0,0.40190480214368574,0.0,0.40190480214368574,0.5980951978563143,0.0,0.0,0.0,True,0,long_only,1.1276317456961253,1.004195571408487
2019-11-15,1.1301977797542055,-0.0019119538751253273,0.6772607560258126,0.0,0.40075908114675063,0.0,0.40075908114675063,0.5992409188532494,0.0,0.0,0.0,True,0,long_only,1.1233924216024922,1.0060578636822257
2019-11-18,1.1310996167857903,0.0007979462070619725,0.6774875742699278,0.0,0.401036332949062,0.0,0.401036332949062,0.598963667050938,0.0002284475649337714,0.0,0.4046900870781705,True,0,long_only,1.1277452596895206,1.0029743925478287
2019-11-19,1.137600863709433,0.005747722682567069,0.6774875742699278,0.0,0.4044593355346007,0.0,0.4044593355346007,0.5955406644653993,0.0,0.0,0.0,True,0,long_only,1.133293552608484,1.0038007020255564
2019-11-20,1.1389124680597646,0.0011529565352603743,0.6774875742699278,0.0,0.40514517728997557,0.0,0.40514517728997557,0.5948548227100244,0.0,0.0,0.0,True,0,long_only,1.1309497427806794,1.007040741933861
2019-11-21,1.1399228066469123,0.0008871081979362483,0.6774875742699278,0.0,0.4056724101671758,0.0,0.4056724101671758,0.5943275898328242,0.0,0.0,0.0,True,0,long_only,1.1277669459449753,1.0107786992211865
2019-11-22,1.1337899627823345,-0.005380051902477145,0.6774875742699278,0.0,0.4024576010468773,0.0,0.4024576010468773,0.5975423989531228,0.0,0.0,0.0,True,0,long_only,1.125094453807937,1.0077286924177495
2019-11-25,1.1305784356512008,-0.0028325591481270784,0.6798129694234639,0.0,0.3987033999707422,0.0,0.3987033999707422,0.6012966000292578,0.0002306949083116956,0.0,0.4072726669473125,True,0,long_only,1.1274619829776449,1.0027641310488584
2019-11-26,1.130332919120234,-0.00021716010426597876,0.6798129694234639,0.0,0.3985727939759737,0.0,0.3985727939759737,0.6014272060240262,0.0,0.0,0.0,True,0,long_only,1.1280336191175186,1.0020383257765972
2019-11-27,1.1298580548575563,-0.0004201100884926312,0.6798129694234639,0.0,0.39832002214723383,0.0,0.39832002214723383,0.6016799778527662,0.0,0.0,0.0,True,0,long_only,1.126089310776917,1.0033467541557952
2019-11-28,1.1299095761490041,4.5599791253625455e-05,0.6798129694234639,0.0,0.3983474573775847,0.0,0.3983474573775847,0.6016525426224153,0.0,0.0,0.0,True,0,long_only,1.1240382653977496,1.0052234082521887
2019-11-29,1.1279154606134725,-0.001764845238614643,0.6798129694234639,0.0,0.3972837564849814,0.0,0.3972837564849814,0.6027162435150186,0.0,0.0,0.0,True,0,long_only,1.1231243930389831,1.0042658387656647
2019-12-02,1.129655764883047,0.0015429385715024502,0.7885213268580424,0.0,0.30198087650207517,0.0,0.30198087650207517,0.6980191234979248,0.0002796410695234601,0.0,0.4964682011293915,True,0,long_only,1.1232450228349493,1.0057073407117512
2019-12-03,1.1308441324536014,0.0010519731828901868,0.7885213268580424,0.0,0.3027144022517218,0.0,0.3027144022517218,0.6972855977482781,0.0,0.0,0.0,True,0,long_only,1.124467924333944,1.005670422411946
2019-12-04,1.1298594812877951,-0.0008707222662682756,0.7885213268580424,0.0,0.3021067310429622,0.0,0.3021067310429622,0.6978932689570378,0.0,0.0,0.0,True,0,long_only,1.1238983212805191,1.0053040029461777
2019-12-05,1.1327014293699746,0.002515311088897798,0.7885213268580424,0.0,0.30385774537546967,0.0,0.30385774537546967,0.6961422546245304,0.0,0.0,0.0,True,0,long_only,1.128738422419793,1.0035110056249221
2019-12-06,1.1354679599822717,0.002442418222987408,0.7885213268580424,0.0,0.305553873250326,0.0,0.305553873250326,0.694446126749674,0.0,0.0,0.0,True,0,long_only,1.1318747971149148,1.0031745232569147
2019-12-09,1.1364552519624684,0.0008695022801101793,0.7957254535045394,0.0,0.2998180507939452,0.0,0.2998180507939452,0.7001819492060548,0.00011724650536181748,0.0,0.20631090837876165,True,0,long_only,1.1315173127476554,1.0043639979337322
2019-12-10,1.1431583293016618,0.0058982325327971985,0.7957254535045394,0.0,0.30392367084388394,0.0,0.30392367084388394,0.6960763291561161,0.0,0.0,0.0,True,0,long_only,1.1340410507261847,1.0080396371627278
2019-12-11,1.1384444377842309,-0.004123568360220653,0.7957254535045394,0.0,0.30104146755438493,0.0,0.30104146755438493,0.6989585324456151,0.0,0.0,0.0,True,0,long_only,1.1364373819539182,1.0017660945179945
2019-12-12,1.1355526079836291,-0.0025401589261835333,0.7957254535045394,0.0,0.29926148034877215,0.0,0.29926148034877215,0.7007385196512279,0.0,0.0,0.0,True,0,long_only,1.136738617596092,0.9989566558273782
2019-12-13,1.1439025166084698,0.007353167582140552,0.7957254535045394,0.0,0.30437651639777175,0.0,0.30437651639777175,0.6956234836022283,0.0,0.0,0.0,True,0,long_only,1.145542898462919,0.9985680310561479
2019-12-16,1.1481617395759616,0.003723414281944226,0.801204553148609,0.0,0.3021849400377082,0.0,0.3021849400377082,0.6978150599622919,0.00023415186865004923,0.0,0.4091444852502842,True,0,long_only,1.1559055400928038,0.9933006632045206
2019-12-17,1.1517179488693703,0.003097306913155018,0.801204553148609,0.0,0.30433961376121366,0.0,0.30433961376121366,0.6956603862387863,0.0,0.0,0.0,True,0,long_only,1.1651625215422452,0.9884612039742926
2019-12-18,1.165908600705432,0.01232129085944389,0.801204553148609,0.0,0.31280672201591025,0.0,0.31280672201591025,0.6871932779840897,0.0,0.0,0.0,True,0,long_only,1.1671769713653328,0.998913300475405
2019-12-19,1.164588682742084,-0.0011320938558558868,0.801204553148609,0.0,0.3120278729979312,0.0,0.3120278729979312,0.6879721270020688,0.0,0.0,0.0,True,0,long_only,1.166240396207887,0.9985837281308606
2019-12-20,1.1703116462645788,0.004914150040527643,0.801204553148609,0.0,0.3153921387470529,0.0,0.3153921387470529,0.6846078612529471,0.0,0.0,0.0,True,0,long_only,1.1656643550473744,1.003986817643588
2019-12-23,1.167854624128405,-0.0020994596986334546,0.8192611588087154,0.0,0.29849046115637234,0.0,0.29849046115637234,0.7015095388436277,0.0002430740768043438,0.0,0.4153725760211758,True,0,long_only,1.160560291517489,1.006285181962738
2019-12-24,1.1699952339932178,0.0018329420636669091,0.8192611588087154,0.0,0.2997739349650509,0.0,0.2997739349650509,0.7002260650349491,0.0,0.0,0.0,True,0,long_only,1.1656809585867067,1.0037010773614607
2019-12-25,1.170808960192549,0.0006954953111679707,0.8192611588087154,0.0,0.3002606004364869,0.0,0.3002606004364869,0.699739399563513,0.0,0.0,0.0,True,0,long_only,1.1668137265864684,1.0034240543413633
2019-12-26,1.1741858519656998,0.002884238067835998,0.8192611588087154,0.0,0.30227301117860217,0.0,0.30227301117860217,0.6977269888213978,0.0,0.0,0.0,True,0,long_only,1.1738143209254068,1.0003165160227387
2019-12-27,1.1726882366085127,-0.0012754500104731337,0.8192611588087154,0.0,0.30138195879062496,0.0,0.30138195879062496,0.698618041209375,0.0,0.0,0.0,True,0,long_only,1.1730827486515556,0.9996636963219377
2019-12-30,1.1737371999627424,0.0008944946503968154,0.7032819248014242,0.0,0.4008182369752376,0.0,0.4008182369752376,0.5991817630247624,0.0001781045445430065,0.0,0.30395200670369005,True,0,long_only,1.1787662418193685,0.9957336393949796
2019-12-31,1.1743535117565436,0.0005250849967273208,0.8217822314037236,0.0,0.3002258492210409,0.0,0.3002258492210409,0.6997741507789591,5.9279793197748626e-05,0.0,0.10101527027032478,True,0,long_only,1.185676024963591,0.9904505843344559
2020-01-02,1.1835063815128228,0.007793964649187135,0.8217822314037236,0.0,0.305637684561298,0.0,0.305637684561298,0.694362315438702,0.0,0.0,0.0,True,0,long_only,1.1989707161004861,0.9871019914164716
2020-01-03,1.186565161323159,0.0025845063939802237,0.8217822314037236,0.0,0.3074276422482014,0.0,0.3074276422482014,0.6925723577517986,0.0,0.0,0.0,True,0,long_only,1.20132130288312,0.9877167402887579
2020-01-06,1.190234248526266,0.0030921919189128566,0.47428773584600636,0.0,0.601517317760547,0.0,0.601517317760547,0.39848268223945305,0.000300216782536492,0.0,0.5065629708330598,True,0,long_only,1.2013717911966002,0.990729312314516
2020-01-07,1.1997903139264157,0.00802872662417653,0.47428773584600636,0.0,0.6046911444935246,0.0,0.6046911444935246,0.39530885550647543,0.0,0.0,0.0,True,0,long_only,1.2041740620186245,0.9963595395130334
2020-01-08,1.1921950997881046,-0.0063304512881547925,0.47428773584600636,0.0,0.6021727182654045,0.0,0.6021727182654045,0.3978272817345955,0.0,0.0,0.0,True,0,long_only,1.197799997153679,0.9953206734188568
2020-01-09,1.193759638528106,0.0013123177072942305,0.47428773584600636,0.0,0.6026941098202998,0.0,0.6026941098202998,0.3973058901797002,0.0,0.0,0.0,True,0,long_only,1.202399177548762,0.9928147497254043
2020-01-10,1.189003052899392,-0.003984542176831196,0.47428773584600636,0.0,0.6011046946520008,0.0,0.6011046946520008,0.3988953053479992,0.0,0.0,0.0,True,0,long_only,1.196792941666006,0.9934910304903956
2020-01-13,1.1940034923877032,0.004205573296147014,0.35654040523244873,0.0,0.7013908187827336,0.0,0.7013908187827336,0.29860918121726643,0.00041677069336775406,0.0,0.7018465280941426,True,0,long_only,1.200070615869324,0.9949443612722525
2020-01-14,1.1990909761875375,0.004260861741417932,0.35654040523244873,0.0,0.7026577529871378,0.0,0.7026577529871378,0.29734224701286216,0.0,0.0,0.0,True,0,long_only,1.200102467557023,0.9991571624950121
2020-01-15,1.1986846299646319,-0.0003388785596547539,0.35654040523244873,0.0,0.7025569559167797,0.0,0.7025569559167797,0.2974430440832203,0.0,0.0,0.0,True,0,long_only,1.1949509653433308,1.0031245337504107
2020-01-16,1.1987707835736112,7.187345764303466e-05,0.35654040523244873,0.0,0.7025783326403906,0.0,0.7025783326403906,0.2974216673596094,0.0,0.0,0.0,True,0,long_only,1.192705421360555,1.0050853816075869
2020-01-17,1.1991156973112107,0.0002877228427033973,0.35654040523244873,0.0,0.7026638830332028,0.0,0.7026638830332028,0.2973361169667972,0.0,0.0,0.0,True,0,long_only,1.1959647977858332,1.0026346089209406
2020-01-20,1.2162730477025985,0.01430833607620996,0.36013142152159894,0.0,0.703905778228132,0.0,0.703905778228132,0.29609422177186795,0.0004837200681070583,0.0,0.8064229546923034,True,0,long_only,1.2059109955414415,1.008592717206716
2020-01-21,1.2182432102263465,0.0016198357165519983,0.36013142152159894,0.0,0.7043846265683784,0.0,0.7043846265683784,0.2956153734316216,0.0,0.0,0.0,True,0,long_only,1.2022300925257645,1.013319511631039
2020-01-22,1.2338728361969213,0.012829643407305191,0.36013142152159894,0.0,0.7081292245385623,0.0,0.7081292245385623,0.2918707754614377,0.0,0.0,0.0,True,0,long_only,1.2027424303108791,1.0258828533038413
2020-01-23,1.2338790613246393,5.045193909314349e-06,0.36013142152159894,0.0,0.7081306970757916,0.0,0.7081306970757916,0.29186930292420843,0.0,0.0,0.0,True,0,long_only,1.1874048261406125,1.039139334926809
2020-02-03,1.2149219365286732,-0.015363843499876295,0.3549530699265258,0.0,0.7078387843249313,0.0,0.7078387843249313,0.2921612156750687,0.0004887084272407374,0.0,0.8265904228596206,True,0,long_only,1.1454693685030182,1.0606324096788555
2020-02-04,1.229913259292195,0.01233933005305321,0.3549530699265258,0.0,0.7113999160145665,0.0,0.7113999160145665,0.28860008398543346,0.0,0.0,0.0,True,0,long_only,1.168511692619015,1.0525468140892618
2020-02-05,1.2621160808925085,0.026183002221511043,0.3549530699265258,0.0,0.718763531104429,0.0,0.718763531104429,0.28123646889557097,0.0,0.0,0.0,True,0,long_only,1.1774193220469928,1.0719342355434314
2020-02-06,1.2957838546907918,0.02667565551852813,0.3549530699265258,0.0,0.7260707728055256,0.0,0.7260707728055256,0.27392922719447443,0.0,0.0,0.0,True,0,long_only,1.1867501723040768,1.0918758513217874
2020-02-07,1.3079937825952899,0.00942281219224772,0.3549530699265258,0.0,0.728627861500812,0.0,0.728627861500812,0.27137213849918795,0.0,0.0,0.0,True,0,long_only,1.1847428382835599,1.1040318120768675
2020-02-10,1.3191952498497852,0.008563853592843174,0.39569373203648067,0.0,0.7000491533898885,0.0,0.7000491533898885,0.2999508466101115,0.00044011995032271466,0.0,0.6679683804823278,True,0,long_only,1.189457565758487,1.10907298236282
2020-02-11,1.3313223394103264,0.00919279353221003,0.39569373203648067,0.0,0.7027814224076322,0.0,0.7027814224076322,0.2972185775923678,0.0,0.0,0.0,True,0,long_only,1.1942769971855307,1.1147517222116485
2020-02-12,1.344950284792105,0.01023639803701859,0.39569373203648067,0.0,0.7057930419356394,0.0,0.7057930419356394,0.2942069580643606,0.0,0.0,0.0,True,0,long_only,1.2074940921896273,1.1138359131457278
2020-02-13,1.3364057714128386,-0.006353032878525733,0.39569373203648067,0.0,0.7039119850416717,0.0,0.7039119850416717,0.29608801495832826,0.0,0.0,0.0,True,0,long_only,1.2037322045637369,1.110218507360768
2020-02-14,1.3369410106316841,0.0004005065155321397,0.39569373203648067,0.0,0.7040305227457109,0.0,0.7040305227457109,0.2959694772542891,0.0,0.0,0.0,True,0,long_only,1.2031161793697296,1.1112318440701718
2020-02-17,1.3578177578636739,0.015615309176674641,0.2675388509823651,0.0,0.8029640948257312,0.0,0.8029640948257312,0.19703590517426883,0.0003373505461573981,0.0,0.5054564251103648,True,0,long_only,1.2168462898544243,1.1158498564564916
2020-02-18,1.3696780775192339,0.008734839109940884,0.2675388509823651,0.0,0.8046702686028732,0.0,0.8046702686028732,0.19532973139712684,0.0,0.0,0.0,True,0,long_only,1.221237078888498,1.1215496984138726
2020-02-19,1.3674895878479798,-0.001597813170243545,0.2675388509823651,0.0,0.8043576687092796,0.0,0.8043576687092796,0.1956423312907204,0.0,0.0,0.0,True,0,long_only,1.2205790365745477,1.1203613587250558
2020-02-20,1.3779037960016522,0.007615566689660458,0.2675388509823651,0.0,0.8058363350484271,0.0,0.8058363350484271,0.1941636649515729,0.0,0.0,0.0,True,0,long_only,1.2296442302023125,1.1205711067948059
2020-02-21,1.385248631188965,0.005330441217032522,0.2675388509823651,0.0,0.8068658254130628,0.0,0.8068658254130628,0.19313417458693716,0.0,0.0,0.0,True,0,long_only,1.2361399414064485,1.1206244412852353
2020-02-24,1.4013704746531828,0.01163823092925953,0.27832333264703857,0.0,0.8013920389496437,0.0,0.8013920389496437,0.19860796105035627,0.0005633319096445075,0.0,0.8108918014255267,True,0,long_only,1.2409234549728956,1.1292964679145272
2020-02-25,1.397889160094126,-0.0024842214261139306,0.27832333264703857,0.0,0.8008974240645103,0.0,0.8008974240645103,0.19910257593548975,0.0,0.0,0.0,True,0,long_only,1.2393959293543122,1.1278794185021923
2020-02-26,1.376640502651275,-0.015200530950122082,0.27832333264703857,0.0,0.7978242452470233,0.0,0.7978242452470233,0.20217575475297667,0.0,0.0,0.0,True,0,long_only,1.2312452857807967,1.1180879379191089
2020-02-27,1.3683098226838135,-0.006051456390697041,0.27832333264703857,0.0,0.7965933387066293,0.0,0.7965933387066293,0.2034066612933707,0.0,0.0,0.0,True,0,long_only,1.229877018600708,1.1125582493122828
2020-02-28,1.3441439172209368,-0.017661135703518904,0.27832333264703857,0.0,0.7929363596552358,0.0,0.7929363596552358,0.2070636403447642,0.0,0.0,0.0,True,0,long_only,1.2112563186632592,1.1097105513590486
2020-03-02,1.373139378499392,0.021571694003127417,0.000662154819229585,0.0,0.9995177803290783,0.0,0.9995177803290783,0.0004822196709216575,0.0005490139724565965,0.0,0.8127904730098767,True,0,long_only,1.2196241636390621,1.1258709194497079
2020-03-03,1.410309039047195,0.027069109756668208,0.13847002902868394,0.0,0.9018158253298623,0.0,0.9018158253298623,0.09818417467013774,6.893840630788112e-05,0.0,0.09826969583003634,True,0,long_only,1.2245496544091885,1.1516960818772435
2020-03-04,1.3949169060356659,-0.010914014294291285,0.13847002902868394,0.0,0.9007324175156686,0.0,0.9007324175156686,0.09926758248433143,0.0,0.0,0.0,True,0,long_only,1.2243771809087762,1.1392869189217567
2020-03-05,1.4078623061802908,0.009280409527342881,0.13847002902868394,0.0,0.9016451904274853,0.0,0.9016451904274853,0.09835480957251475,0.0,0.0,0.0,True,0,long_only,1.2394318472149086,1.1358932799281036
2020-03-06,1.4181157828489785,0.00728301100446882,0.13847002902868394,0.0,0.9023563303480769,0.0,0.9023563303480769,0.09764366965192306,0.0,0.0,0.0,True,0,long_only,1.2384339406162557,1.1450879504669516
2020-03-09,1.3739193962092675,-0.03116556995855524,0.28277020081834986,0.0,0.7941871978818181,0.0,0.7941871978818181,0.20581280211818187,0.0003754442723109274,0.0,0.5324067240863816,True,0,long_only,1.216587410179935,1.1293223854799408
2020-03-10,1.3839274021961494,0.007284274473811747,0.28277020081834986,0.0,0.795675553233773,0.0,0.795675553233773,0.20432444676622696,0.0,0.0,0.0,True,0,long_only,1.2260002615904566,1.1288149322258856
2020-03-11,1.385683038820581,0.0012685901165376823,0.28277020081834986,0.0,0.7959344288005223,0.0,0.7959344288005223,0.20406557119947766,0.0,0.0,0.0,True,0,long_only,1.2243151717720857,1.1318025544149142
2020-03-12,1.3749053159974816,-0.0077779135063044125,0.28277020081834986,0.0,0.794334782527768,0.0,0.794334782527768,0.205665217472232,0.0,0.0,0.0,True,0,long_only,1.2149927927085387,1.1316160262419794
2020-03-13,1.3740356724311324,-0.0006325116036940415,0.28277020081834986,0.0,0.7942046145584896,0.0,0.7942046145584896,0.20579538544151044,0.0,0.0,0.0,True,0,long_only,1.2076567391055368,1.1377700533090436
2020-03-16,1.332320523664606,-0.030359582071634472,0.000962920325920455,0.0,0.9992772607575902,0.0,0.9992772607575902,0.0007227392424098422,0.0002827579684813264,0.0,0.40752435465870773,True,0,long_only,1.1887629278884568,1.1207621741966194
2020-03-17,1.336196977357078,0.0029095503849252413,0.14458046540996522,0.0,0.89179704200803,0.0,0.89179704200803,0.10820295799197,7.184469488946712e-05,0.0,0.10675151071717358,True,0,long_only,1.1845886625611877,1.127983931965126
2020-03-18,1.3342065494840798,-0.0014896215952646674,0.14458046540996522,0.0,0.8916356200875549,0.0,0.8916356200875549,0.10836437991244507,0.0,0.0,0.0,True,0,long_only,1.1827920918358703,1.1280144318628236
2020-03-19,1.33767661236638,0.0026008438375917375,0.14458046540996522,0.0,0.8919167278000031,0.0,0.8919167278000031,0.10808327219999692,0.0,0.0,0.0,True,0,long_only,1.1794903594429071,1.134114070248261
2020-03-20,1.359528025897914,0.016335348416444573,0.14458046540996522,0.0,0.8936539279398263,0.0,0.8936539279398263,0.10634607206017366,0.0,0.0,0.0,True,0,long_only,1.1964751024844993,1.1362777404016455
2020-03-23,1.3246550737395901,-0.025650778427529497,0.0008516251934882894,0.0,0.9993570966432158,0.0,0.9993570966432158,0.0006429033567841858,0.0004149860406198844,0.0,0.6195972649024851,True,0,long_only,1.1740291503935039,1.128298282283366
2020-03-24,1.3334352755688872,0.006628292906854627,0.0008516251934882894,0.0,0.9993613299354743,0.0,0.9993613299354743,0.0006386700645256704,0.0,0.0,0.0,True,0,long_only,1.180601441187214,1.1294542163424628
2020-03-25,1.3533306012704427,0.014920353515522233,0.0008516251934882894,0.0,0.9993707190300073,0.0,0.9993707190300073,0.0006292809699927071,0.0,0.0,0.0,True,0,long_only,1.1998473152076898,1.12791901445909
2020-03-26,1.3483512707034098,-0.0036793157284394917,0.0008516251934882894,0.0,0.999368395156372,0.0,0.999368395156372,0.0006316048436280086,0.0,0.0,0.0,True,0,long_only,1.1946714159566114,1.1286377598845805
2020-03-27,1.343845758175952,-0.0033414975943972802,0.0008516251934882894,0.0,0.9993662775744113,0.0,0.9993662775744113,0.0006337224255886786,0.0,0.0,0.0,True,0,long_only,1.1910321912131359,1.1283034733151642
2020-03-30,1.3281736609988246,-0.011662124973627619,0.0008945552741138018,0.0,0.9993264771766057,0.0,0.9993264771766057,0.0006735228233942792,0.00044752286352894627,0.0,0.6663656888957196,True,0,long_only,1.1865289047288914,1.1193774173603444
2020-03-31,1.3309404160606304,0.0020831274878054806,0.0008945552741138018,0.0,0.99932787729389,0.0,0.99932787729389,0.0006721227061099455,0.0,0.0,0.0,True,0,long_only,1.1858762839788044,1.1223265310569435
2020-04-01,1.333111592652439,0.0016313101365086347,0.0008945552741138018,0.0,0.9993289719487519,0.0,0.9993289719487519,0.0006710280512480793,0.0,0.0,0.0,True,0,long_only,1.1867359406989344,1.1233430681026615
2020-04-02,1.3396195766010959,0.004881799831706557,0.0008945552741138018,0.0,0.9993322318591495,0.0,0.9993322318591495,0.0006677681408504554,0.0,0.0,0.0,True,0,long_only,1.188836119000616,1.1268328369155158
2020-04-03,1.329759704138252,-0.007360203325678993,0.0008945552741138018,0.0,0.9993272805068992,0.0,0.9993272805068992,0.0006727194931007707,0.0,0.0,0.0,True,0,long_only,1.1838909750614839,1.1232112856246688
2020-04-07,1.348001280237836,0.013717949222566972,0.0011341038690274273,0.0,0.9991586774540545,0.0,0.9991586774540545,0.0008413225459454887,0.00020642368960179118,0.0,0.3077172787271027,True,0,long_only,1.1963598942523967,1.126752314846027
2020-04-08,1.3467414011533014,-0.0009346275133450543,0.0011341038690274273,0.0,0.9991578903952487,0.0,0.9991578903952487,0.0008421096047512844,0.0,0.0,0.0,True,0,long_only,1.1951556293791836,1.1268335002135732
2020-04-09,1.354011010669628,0.005397925325605346,0.0011341038690274273,0.0,0.9991624116346982,0.0,0.9991624116346982,0.000837588365301789,0.0,0.0,0.0,True,0,long_only,1.197388974843266,1.1308029713960437
2020-04-10,1.3329731593299543,-0.015537430031140831,0.0011341038690274273,0.0,0.9991491922691095,0.0,0.9991491922691095,0.0008508077308905238,0.0,0.0,0.0,True,0,long_only,1.1878429562703436,1.1221796217197757
2020-04-13,1.309963212348428,-0.017262123262176465,0.0011146362558191558,0.0,0.9991491087342668,0.0,0.9991491087342668,0.0008508912657332335,0.000214822901108872,0.0,0.3228742225606805,True,0,long_only,1.1769466294476307,1.113018364276403
2020-04-14,1.3211617657511951,0.008548754115538237,0.10154456149698499,0.0,0.9231399483928844,0.0,0.9231399483928844,0.07686005160711562,5.024008266191387e-05,0.0,0.07646616930251918,True,0,long_only,1.1814123038325712,1.1182901697106662
2020-04-15,1.3211024147223283,-4.492336245676132e-05,0.10154456149698499,0.0,0.9231364954258087,0.0,0.9231364954258087,0.07686350457419133,0.0,0.0,0.0,True,0,long_only,1.1808860732900557,1.1187382463082296
2020-04-16,1.3324139728171005,0.008562211353727367,0.10154456149698499,0.0,0.9237890298596232,0.0,0.9237890298596232,0.07621097014037681,0.0,0.0,0.0,True,0,long_only,1.185751926857682,1.1236869556249276
2020-04-17,1.3357406452941227,0.0024967259011765552,0.10154456149698499,0.0,0.9239788338741273,0.0,0.9239788338741273,0.07602116612587273,0.0,0.0,0.0,True,0,long_only,1.1887873249258432,1.123616156807061
2020-04-20,1.3480615857121891,0.00922405143653715,0.0010318347116945023,0.0,0.9992345789520074,0.0,0.9992345789520074,0.0007654210479925982,0.00025725498377105995,0.0,0.38381757899586677,True,0,long_only,1.1928518035848736,1.1301165674234335
2020-04-21,1.3407374867619462,-0.005433059607861668,0.0010318347116945023,0.0,0.9992303976566014,0.0,0.9992303976566014,0.0007696023433986232,0.0,0.0,0.0,True,0,long_only,1.1898580837889141,1.1268045366322852
2020-04-22,1.3493940971583729,0.006456603534919836,0.0010318347116945023,0.0,0.9992353347966563,0.0,0.9992353347966563,0.0007646652033437285,0.0,0.0,0.0,True,0,long_only,1.1937700809642793,1.1303634750741842
2020-04-23,1.3797086388133446,0.022465298846948922,0.0010318347116945023,0.0,0.999252135789639,0.0,0.999252135789639,0.0007478642103609934,0.0,0.0,0.0,True,0,long_only,1.1925244766666057,1.156964629078276
2020-04-24,1.3586772042745585,-0.015243388311951711,0.0010318347116945023,0.0,0.9992405593407705,0.0,0.9992405593407705,0.0007594406592295044,0.0,0.0,0.0,True,0,long_only,1.1864567301599565,1.1451552928452633
2020-04-27,1.3528373419925999,-0.004298196998952841,0.0008973795354995328,0.0,0.9993366685649158,0.0,0.9993366685649158,0.0006633314350842356,0.0004685606672233941,0.0,0.685461589956537,True,0,long_only,1.1897357597542404,1.1370905941938325
2020-04-28,1.349221990235367,-0.0026724216171529758,0.0008973795354995328,0.0,0.9993348911135499,0.0,0.9993348911135499,0.0006651088864501054,0.0,0.0,0.0,True,0,long_only,1.1893233820528617,1.1344450219304596
2020-04-29,1.3305268047575542,-0.013856270956976835,0.0008973795354995328,0.0,0.9993255456919088,0.0,0.9993255456919088,0.0006744543080912102,0.0,0.0,0.0,True,0,long_only,1.1900515658492983,1.1180413042085313
2020-04-30,1.3460185523288735,0.011643318658388191,0.0008973795354995328,0.0,0.9993333081970179,0.0,0.9993333081970179,0.0006666918029820668,0.0,0.0,0.0,True,0,long_only,1.1974184545967745,1.124100390437142
2020-05-06,1.3663724806138753,0.015121580790833367,0.26960174853727137,0.0,0.8026879548861038,0.0,0.8026879548861038,0.19731204511389622,0.0005548766703909127,0.0,0.8248464424888474,True,0,long_only,1.2000550288732161,1.1385915210045174
2020-05-07,1.3603931634880673,-0.004376052072654235,0.5420771517661117,0.0,0.6015290532802896,0.0,0.6015290532802896,0.3984709467197104,0.00013630585454169102,0.0,0.20012787925785597,True,0,long_only,1.1948367736544525,1.1385598380331519
2020-05-08,1.3640398532109919,0.002680614561142436,0.5420771517661117,0.0,0.6025943446666566,0.0,0.6025943446666566,0.3974056553333434,0.0,0.0,0.0,True,0,long_only,1.196907133354884,1.1396371658239193
2020-05-11,1.3576739158262046,-0.004666973160499577,0.6836574890547935,0.0,0.4964494190501128,0.0,0.4964494190501128,0.5035505809498872,0.0003475764175944249,0.0,0.5085560811670089,True,0,long_only,1.1944250736485567,1.1366756657903865
2020-05-12,1.3502728770037948,-0.005451263912591098,0.6836574890547935,0.0,0.4936893862729406,0.0,0.4936893862729406,0.5063106137270594,0.0,0.0,0.0,True,0,long_only,1.1907756834728371,1.1339439457361038
2020-05-13,1.3493693898701309,-0.0006691144797847937,0.6836574890547935,0.0,0.49335037967580436,0.0,0.49335037967580436,0.5066496203241957,0.0,0.0,0.0,True,0,long_only,1.1889845343113834,1.1348922975281899
2020-05-14,1.3433913844298973,-0.004430221616935515,0.6836574890547935,0.0,0.49109582138274527,0.0,0.49109582138274527,0.5089041786172548,0.0,0.0,0.0,True,0,long_only,1.1801700880123125,1.1383031972048099
2020-05-15,1.3400026193424326,-0.0025225449014641965,0.6836574890547935,0.0,0.4898088412765353,0.0,0.4898088412765353,0.5101911587234647,0.0,0.0,0.0,True,0,long_only,1.178468394654609,1.1370713253070879
2020-05-18,1.3296195915981526,-0.007748513021097803,0.6702886627023862,0.0,0.4958793726130911,0.0,0.4958793726130911,0.5041206273869089,0.00014073409685246577,0.0,0.210072641204983,True,0,long_only,1.1697827104972998,1.1366380949782569
2020-05-19,1.3359123642647779,0.004732761690929621,0.6702886627023862,0.0,0.4982540167810476,0.0,0.4982540167810476,0.5017459832189524,0.0,0.0,0.0,True,0,long_only,1.1684290137700946,1.1433406296153803
2020-05-20,1.3290650432464304,-0.0051255764985123076,0.6702886627023862,0.0,0.49566902981278427,0.0,0.49566902981278427,0.5043309701872157,0.0,0.0,0.0,True,0,long_only,1.1586810419432512,1.1470499603734123
2020-05-21,1.3252252732906105,-0.0028890760277922034,0.6702886627023862,0.0,0.49420775757013685,0.0,0.49420775757013685,0.5057922424298631,0.0,0.0,0.0,True,0,long_only,1.1557381493085135,1.146648377128939
2020-05-22,1.3212016611410016,-0.003036172212153687,0.6702886627023862,0.0,0.49266740845336293,0.0,0.49266740845336293,0.5073325915466371,0.0,0.0,0.0,True,0,long_only,1.1494372755557274,1.1494334569080595
2020-05-25,1.3144514982879623,-0.005109108663404083,0.5272256883983635,0.0,0.5989006143740863,0.0,0.5989006143740863,0.40109938562591374,0.00020096873441620736,0.0,0.30516981351655736,True,0,long_only,1.139617129159949,1.1534150063687527
2020-05-26,1.3314730550243357,0.012949551016940175,0.5272256883983635,0.0,0.6040282704866848,0.0,0.6040282704866848,0.39597172951331516,0.0,0.0,0.0,True,0,long_only,1.1466617737052798,1.161173316802795
2020-05-27,1.3273065779604694,-0.0031292237181549387,0.5272256883983635,0.0,0.6027852968162826,0.0,0.6027852968162826,0.39721470318371743,0.0,0.0,0.0,True,0,long_only,1.1466821045697684,1.1575192223466946
2020-05-28,1.3197088281820142,-0.005724186035550138,0.5272256883983635,0.0,0.6004984757701048,0.0,0.6004984757701048,0.39950152422989516,0.0,0.0,0.0,True,0,long_only,1.1475831007143589,1.1499897718609735
2020-05-29,1.3278650632842903,0.0061803292727167225,0.5272256883983635,0.0,0.6029523609165951,0.0,0.6029523609165951,0.3970476390834049,0.0,0.0,0.0,True,0,long_only,1.158529238155069,1.1461644812684095
2020-06-01,1.3530570417082475,0.01897179097524293,0.3987819780735724,0.0,0.7052733434134408,0.0,0.7052733434134408,0.29472665658655917,7.073249982357437e-05,0.0,0.10660279672912909,True,0,long_only,1.172531104528429,1.1539625997831613
2020-06-02,1.361835185942354,0.0064876379661156225,0.3987819780735724,0.0,0.7071730983381622,0.0,0.7071730983381622,0.2928269016618378,0.0,0.0,0.0,True,0,long_only,1.1736554013346536,1.1603364875189999
2020-06-03,1.3618950371171135,4.394891201009443e-05,0.3987819780735724,0.0,0.7071859671963252,0.0,0.7071859671963252,0.2928140328036748,0.0,0.0,0.0,True,0,long_only,1.1705478286975575,1.1634680819770207
2020-06-04,1.3636305786187444,0.001274357754695199,0.3987819780735724,0.0,0.7075586421085476,0.0,0.7075586421085476,0.2924413578914524,0.0,0.0,0.0,True,0,long_only,1.1661461965357562,1.1693478765095238
2020-06-05,1.360428735256927,-0.002348028426482296,0.3987819780735724,0.0,0.7068703653938482,0.0,0.7068703653938482,0.2931296346061518,0.0,0.0,0.0,True,0,long_only,1.163327661022141,1.1694286836277976
2020-06-08,1.3563625652865539,-0.002988888623853714,0.5449186311948196,0.0,0.598250021682295,0.0,0.598250021682295,0.401749978317705,0.0006201510895424372,0.0,0.9105783400553684,True,0,long_only,1.1634859029174114,1.165774816768737
2020-06-09,1.3592379113040527,0.0021198948504534965,0.5449186311948196,0.0,0.5990998877657666,0.0,0.5990998877657666,0.4009001122342334,0.0,0.0,0.0,True,0,long_only,1.163412711805252,1.1683196319859195
2020-06-10,1.362809007542477,0.00262727827757403,0.5449186311948196,0.0,0.6001504039238343,0.0,0.6001504039238343,0.39984959607616566,0.0,0.0,0.0,True,0,long_only,1.1613775922699343,1.1734417958580046
2020-06-11,1.357585913224374,-0.0038325945082515744,0.5449186311948196,0.0,0.5986120466581781,0.0,0.5986120466581781,0.40138795334182187,0.0,0.0,0.0,True,0,long_only,1.157528620774484,1.1728314003294664
2020-06-12,1.358565127285786,0.0007212906762463778,0.5449186311948196,0.0,0.5989013553708041,0.0,0.5989013553708041,0.40109864462919587,0.0,0.0,0.0,True,0,long_only,1.1593092656559516,1.1718746390913153
2020-06-15,1.3639634758035197,0.003973566234928283,0.5439694070025184,0.0,0.6011847702284971,0.0,0.6011847702284971,0.39881522977150285,0.0004111403066266444,0.0,0.6049197175557921,True,0,long_only,1.160667367403796,1.1751544965500844
2020-06-16,1.374654318063858,0.007838070776814643,0.5439694070025184,0.0,0.6042864014215036,0.0,0.6042864014215036,0.3957135985784964,0.0,0.0,0.0,True,0,long_only,1.16663074880607,1.1783114061331568
2020-06-17,1.3745981710407804,-4.0844467106948557e-05,0.5439694070025184,0.0,0.6042702380502583,0.0,0.6042702380502583,0.39572976194974174,0.0,0.0,0.0,True,0,long_only,1.1663227362090665,1.178574444590421
2020-06-18,1.3766274262794718,0.0014762534109549197,0.5439694070025184,0.0,0.6048535743090112,0.0,0.6048535743090112,0.3951464256909888,0.0,0.0,0.0,True,0,long_only,1.1667503620588118,1.1798817219566295
2020-06-19,1.3813579550956865,0.0034363174275844344,0.5439694070025184,0.0,0.6062067728383715,0.0,0.6062067728383715,0.39379322716162846,0.0,0.0,0.0,True,0,long_only,1.1694174326319864,1.1812359868679994
2020-06-22,1.385137267018842,0.0027359395942334608,0.8305210960101345,0.0,0.40040520475084673,0.0,0.40040520475084673,0.5995947952491533,0.0002816985945686805,0.0,0.4070993671963881,True,0,long_only,1.1669540095514401,1.1869681715659628
2020-06-23,1.4010145954670588,0.011462638993454233,0.8305210960101345,0.0,0.4072002542319967,0.0,0.4072002542319967,0.5927997457680033,0.0,0.0,0.0,True,0,long_only,1.161351162146099,1.206366033920419
2020-06-24,1.4020206514290208,0.0007180909929254131,0.8305210960101345,0.0,0.4076256329294301,0.0,0.4076256329294301,0.5923743670705699,0.0,0.0,0.0,True,0,long_only,1.163421860694272,1.2050836405913545
2020-06-29,1.3957475777357675,-0.004474309053051018,0.7013622937183869,0.0,0.49750061909033555,0.0,0.49750061909033555,0.5024993809096645,0.00021686862298386108,0.0,0.30933243202688926,True,0,long_only,1.1572985431580203,1.2060393456705396
2020-06-30,1.3974449179673314,0.0012160796541142993,0.7013622937183869,0.0,0.4981109561451903,0.0,0.4981109561451903,0.5018890438548097,0.0,0.0,0.0,True,0,long_only,1.1638111967492304,1.2007488172228358
2020-07-01,1.4020835666172264,0.0033193785245162477,0.7013622937183869,0.0,0.49977140420342636,0.0,0.49977140420342636,0.5002285957965736,0.0,0.0,0.0,True,0,long_only,1.1759456732193043,1.1923030107154866
2020-07-02,1.4139194103198278,0.008441610745896888,0.7013622937183869,0.0,0.5039587910036972,0.0,0.5039587910036972,0.4960412089963028,0.0,0.0,0.0,True,0,long_only,1.1959688639587311,1.1822376425751309
2020-07-03,1.422997006200573,0.0064201649786332915,0.7013622937183869,0.0,0.5071231417478266,0.0,0.5071231417478266,0.4928768582521734,0.0,0.0,0.0,True,0,long_only,1.2130664432982354,1.1730577612315713
2020-07-06,1.4405593438035358,0.012341795187506666,0.8567983837044658,0.0,0.40523215000484114,0.0,0.40523215000484114,0.5947678499951589,7.815312087777522e-05,0.0,0.10950338775632461,True,0,long_only,1.2542621963161829,1.1485312624700919
2020-07-07,1.4420062885446925,0.0010044325819555944,0.8567983837044658,0.0,0.40582895476193276,0.0,0.40582895476193276,0.5941710452380673,0.0,0.0,0.0,True,0,long_only,1.2542987918722626,1.1496513413620078
2020-07-08,1.4427673278458346,0.0005277642040730779,0.8567983837044658,0.0,0.4061423715605389,0.0,0.4061423715605389,0.5938576284394611,0.0,0.0,0.0,True,0,long_only,1.2673156278611457,1.1384435701158357
2020-07-09,1.4498645319177261,0.004919160515291177,0.8567983837044658,0.0,0.40904935265146175,0.0,0.40904935265146175,0.5909506473485382,0.0,0.0,0.0,True,0,long_only,1.2792406964269862,1.1333789926847269
2020-07-10,1.438563196404748,-0.0077947527263322325,0.8567983837044658,0.0,0.4044068513320978,0.0,0.4044068513320978,0.5955931486679023,0.0,0.0,0.0,True,0,long_only,1.2614976121399657,1.1403614105653468
2020-07-13,1.4576891840657726,0.013295201565578951,0.8648125806160162,0.0,0.40672360742645486,0.0,0.40672360742645486,0.5932763925735451,0.0001480725734064838,0.0,0.20552413030987532,True,0,long_only,1.2801948916669885,1.138646305772758
2020-07-14,1.4488012124941454,-0.006097302270458682,0.8648125806160162,0.0,0.4030840303293086,0.0,0.4030840303293086,0.5969159696706914,0.0,0.0,0.0,True,0,long_only,1.2687262510089192,1.141933660899683
2020-07-15,1.4335862623690625,-0.010501751374772827,0.8648125806160162,0.0,0.3967488365946836,0.0,0.3967488365946836,0.6032511634053164,0.0,0.0,0.0,True,0,long_only,1.251220021293192,1.1457507376579434
2020-07-16,1.4136222877727367,-0.013925896976254792,0.8648125806160162,0.0,0.38822938199524964,0.0,0.38822938199524964,0.6117706180047504,0.0,0.0,0.0,True,0,long_only,1.2164206970911278,1.1621162737145005
2020-07-17,1.414930430454324,0.0009253834584401766,0.8648125806160162,0.0,0.3887949810095391,0.0,0.3887949810095391,0.611205018990461,0.0,0.0,0.0,True,0,long_only,1.2175351673128494,1.162126949956718
2020-07-20,1.437520594784982,0.01596556540479832,0.7079420771377783,0.0,0.5075256106200905,0.0,0.5075256106200905,0.4924743893799095,0.0004961649153230993,0.0,0.7008506210190895,True,0,long_only,1.2415354139940051,1.157857100636779
2020-07-21,1.4353171603564716,-0.0015328019901099665,0.7079420771377783,0.0,0.5067695860600205,0.0,0.5067695860600205,0.49323041393997946,0.0,0.0,0.0,True,0,long_only,1.2425916024041925,1.1550996784296543
2020-07-22,1.4517340170146416,0.01143779027493319,0.7079420771377783,0.0,0.5123472558743256,0.0,0.5123472558743256,0.4876527441256744,0.0,0.0,0.0,True,0,long_only,1.2497158761687706,1.1616512558560064
2020-07-23,1.4548697780436881,0.002160010712909388,0.7079420771377783,0.0,0.513398320714502,0.0,0.513398320714502,0.486601679285498,0.0,0.0,0.0,True,0,long_only,1.2481846232250309,1.1655886084260747
2020-07-24,1.431432357985908,-0.016109634285822683,0.7079420771377783,0.0,0.5054309949134546,0.0,0.5054309949134546,0.49456900508654544,0.0,0.0,0.0,True,0,long_only,1.2229709627816419,1.1704549016684107
2020-07-27,1.4517211254553561,0.01417375215549499,0.7182902230911541,0.0,0.5052147340861692,0.0,0.5052147340861692,0.49478526591383076,0.00015408731279845583,0.0,0.21463508382687185,True,0,long_only,1.2188465080723698,1.1910614797192816
2020-07-28,1.4550592851668207,0.002299449703480283,0.7182902230911541,0.0,0.5063498577593675,0.0,0.5063498577593675,0.49365014224063253,0.0,0.0,0.0,True,0,long_only,1.2271645424301754,1.18570838290792
2020-07-29,1.4714790663011477,0.011284613143748512,0.7182902230911541,0.0,0.5118583474675463,0.0,0.5118583474675463,0.4881416525324537,0.0,0.0,0.0,True,0,long_only,1.2423533924419334,1.184428742460188
2020-07-30,1.4763336494833217,0.003299118073338825,0.7182902230911541,0.0,0.513463488864772,0.0,0.513463488864772,0.486536511135228,0.0,0.0,0.0,True,0,long_only,1.2437711313922781,1.1869817623365426
2020-07-31,1.4966291774454532,0.013747250134977573,0.7182902230911541,0.0,0.5200613258675205,0.0,0.5200613258675205,0.4799386741324795,0.0,0.0,0.0,True,0,long_only,1.2507754530563728,1.196561040423616
2020-08-03,1.5042815420093218,0.005113066535913813,0.749688420807197,0.0,0.5016302468181509,0.0,0.5016302468181509,0.49836975318184906,0.0004676806630558973,0.0,0.623918310420827,True,0,long_only,1.2674135548584329,1.1868908425690197
2020-08-04,1.5013161028053654,-0.0019713325738182075,0.749688420807197,0.0,0.5006458537237254,0.0,0.5006458537237254,0.4993541462762746,0.0,0.0,0.0,True,0,long_only,1.266939506868105,1.1849943068841882
2020-08-05,1.502348277481923,0.0006875132256485283,0.749688420807197,0.0,0.5009889304337971,0.0,0.5009889304337971,0.4990110695662029,0.0,0.0,0.0,True,0,long_only,1.2748814202328698,1.1784219721450675
2020-08-06,1.501274388783537,-0.0007148067558516713,0.749688420807197,0.0,0.500631978798586,0.0,0.500631978798586,0.499368021201414,0.0,0.0,0.0,True,0,long_only,1.276204620663342,1.1763586845526455
2020-08-07,1.4919480471960278,-0.0062122831490292185,0.749688420807197,0.0,0.49751037094343614,0.0,0.49751037094343614,0.5024896290565639,0.0,0.0,0.0,True,0,long_only,1.2645516468339084,1.1798237351012573
2020-08-10,1.4934206406876693,0.0009870273260581541,0.8930005186466098,0.0,0.4020435406360706,0.0,0.4020435406360706,0.5979564593639294,7.924974296325155e-05,0.0,0.10653818049510129,True,0,long_only,1.2657870856993378,1.1798355802173204
2020-08-11,1.4874207098520342,-0.004017575940876483,0.8930005186466098,0.0,0.3996315146536828,0.0,0.3996315146536828,0.6003684853463171,0.0,0.0,0.0,True,0,long_only,1.2562203974141852,1.1840443865692307
2020-08-12,1.482895453346736,-0.003042351417675504,0.8930005186466098,0.0,0.39779940883141607,0.0,0.39779940883141607,0.6022005911685839,0.0,0.0,0.0,True,0,long_only,1.2485451572219635,1.187698694572014
2020-08-13,1.4820048441744074,-0.000600587971538169,0.8930005186466098,0.0,0.39743751705205743,0.0,0.39743751705205743,0.6025624829479426,0.0,0.0,0.0,True,0,long_only,1.254229666933001,1.1816056367079808
2020-08-14,1.482149919285976,9.789111833113928e-05,0.8930005186466098,0.0,0.39749649679378474,0.0,0.39749649679378474,0.6025035032062153,0.0,0.0,0.0,True,0,long_only,1.2592239437946475,1.1770344159908088
2020-08-17,1.4887950040374556,0.004483409313061237,0.8908088542977304,0.0,0.40165781596395056,0.0,0.40165781596395056,0.5983421840360494,0.0002977149380407503,0.0,0.4011017199335905,True,0,long_only,1.2715739274283016,1.1708285078229572
2020-08-18,1.4907354379505022,0.00130335869463849,0.8908088542977304,0.0,0.402436655344804,0.0,0.402436655344804,0.597563344655196,0.0,0.0,0.0,True,0,long_only,1.2765976840434565,1.1677409857338863
2020-08-19,1.486091203721981,-0.0031153980178443286,0.8908088542977304,0.0,0.4005691897868311,0.0,0.4005691897868311,0.5994308102131689,0.0,0.0,0.0,True,0,long_only,1.26892820426284,1.1711389176547602
2020-08-20,1.481144375525111,-0.0033287514147719577,0.8908088542977304,0.0,0.39856716940108466,0.0,0.39856716940108466,0.6014328305989154,0.0,0.0,0.0,True,0,long_only,1.2576635499451407,1.177695239390311
2020-08-21,1.4847262059625206,0.0024182858177748123,0.8908088542977304,0.0,0.4000180971277224,0.0,0.4000180971277224,0.5999819028722776,0.0,0.0,0.0,True,0,long_only,1.2605989879295658,1.1777942233644547
2020-08-24,1.483847173379214,-0.0005920502916809678,0.7431533687921806,0.0,0.49917122051068563,0.0,0.49917122051068563,0.5008287794893144,0.0002258678993973135,0.0,0.304052042402824,True,0,long_only,1.2633131583388058,1.17456797119916
2020-08-25,1.4851419571328766,0.0008725856522771025,0.7431533687921806,0.0,0.4996078555164742,0.0,0.4996078555164742,0.5003921444835258,0.0,0.0,0.0,True,0,long_only,1.261615870001742,1.177174441481008
2020-08-26,1.4771671443043344,-0.005369731014763013,0.7431533687921806,0.0,0.4969063780915831,0.0,0.4969063780915831,0.5030936219084169,0.0,0.0,0.0,True,0,long_only,1.2491906621694795,1.1824993486093838
2020-08-27,1.4748636872510141,-0.0015593746870162795,0.7431533687921806,0.0,0.49612064137443235,0.0,0.49612064137443235,0.5038793586255677,0.0,0.0,0.0,True,0,long_only,1.2509855386560893,1.1789614201579284
2020-08-28,1.479678665518456,0.00326469375377747,0.7431533687921806,0.0,0.4977603001853166,0.0,0.4977603001853166,0.5022396998146834,0.0,0.0,0.0,True,0,long_only,1.2592720601739373,1.1750269956073471
2020-08-31,1.4745842405039193,-0.003442926584841688,0.7404305179182484,0.0,0.49787167285524747,0.0,0.49787167285524747,0.5021283271447525,0.00044486207993878234,0.0,0.6009042094173047,True,0,long_only,1.2615074387244687,1.1689064964966804
2020-09-01,1.4747471889752493,0.00011050468793438739,0.8886758281531187,0.0,0.3974046298941388,0.0,0.3974046298941388,0.6025953701058613,7.415973498492762e-05,0.0,0.10061918607891604,True,0,long_only,1.2656867867678603,1.165175463940221
2020-09-02,1.4771009115034897,0.001596017640064673,0.8886758281531187,0.0,0.39836485020609286,0.0,0.39836485020609286,0.6016351497939072,0.0,0.0,0.0,True,0,long_only,1.2697719351391208,1.1632804841773836
2020-09-03,1.4724252814263794,-0.0031654100547205966,0.8886758281531187,0.0,0.39645438083470447,0.0,0.39645438083470447,0.6035456191652955,0.0,0.0,0.0,True,0,long_only,1.2659598980474915,1.1630899870503975
2020-09-04,1.4713309208129672,-0.0007432367721587063,0.8886758281531187,0.0,0.3960054698897439,0.0,0.3960054698897439,0.6039945301102561,0.0,0.0,0.0,True,0,long_only,1.2625551559411192,1.1653597182581896
2020-09-07,1.4708564741542727,-0.0003224608767363746,0.7355474367140369,0.0,0.4999189590289773,0.0,0.4999189590289773,0.5000810409710227,0.00036631570709262705,0.0,0.49811710635222994,True,0,long_only,1.2469783252653686,1.179536519883985
2020-09-08,1.4683287324798138,-0.0017185508707858732,0.7355474367140369,0.0,0.4990580648300778,0.0,0.4990580648300778,0.5009419351699222,0.0,0.0,0.0,True,0,long_only,1.2450838275427643,1.179301104069141
2020-09-09,1.4532798791562687,-0.010248967408088228,0.7355474367140369,0.0,0.4938707627734625,0.0,0.4938707627734625,0.5061292372265376,0.0,0.0,0.0,True,0,long_only,1.2311199121164498,1.1804535568415087
2020-09-10,1.4444192738867188,-0.006096970994117212,0.7355474367140369,0.0,0.4907659777103449,0.0,0.4907659777103449,0.5092340222896551,0.0,0.0,0.0,True,0,long_only,1.2250006607530959,1.1791171385970767
2020-09-11,1.4450042010358228,0.0004049566214454625,0.7355474367140369,0.0,0.4909721119241217,0.0,0.4909721119241217,0.5090278880758783,0.0,0.0,0.0,True,0,long_only,1.229837373414955,1.1749555122263056
2020-09-14,1.450232767461331,0.0036183745498872266,0.4340871072625248,0.0,0.7006776312037098,0.0,0.7006776312037098,0.29932236879629015,0.0002921631143680878,0.0,0.4042611673999575,True,0,long_only,1.232513931724891,1.176646145842542
2020-09-15,1.4445573095704776,-0.00391348066199626,0.4340871072625248,0.0,0.6995016366698559,0.0,0.6995016366698559,0.3004983633301441,0.0,0.0,0.0,True,0,long_only,1.2325017332061978,1.1720529640251651
2020-09-16,1.4353111621822086,-0.0064006788287397365,0.4340871072625248,0.0,0.6975658528269575,0.0,0.6975658528269575,0.3024341471730425,0.0,0.0,0.0,True,0,long_only,1.2282837565202778,1.1685501453250822
2020-09-17,1.4354846788946474,0.0001208913558332636,0.4340871072625248,0.0,0.6976024100816034,0.0,0.6976024100816034,0.3023975899183966,0.0,0.0,0.0,True,0,long_only,1.2253374754081252,1.1715014905722427
2020-09-18,1.440065340472502,0.003191020876225359,0.4340871072625248,0.0,0.6985642977004809,0.0,0.6985642977004809,0.3014357022995191,0.0,0.0,0.0,True,0,long_only,1.23130560067878,1.1695434014745318
2020-09-21,1.4432228249946153,0.002192598094942877,0.5777407932919614,0.0,0.5996870453499673,0.0,0.5996870453499673,0.4003129546500327,0.0003685798932678601,0.0,0.5106983731897807,True,0,long_only,1.2284552134774656,1.174827384149556
2020-09-22,1.4408986606769119,-0.0016103988084529286,0.5777407932919614,0.0,0.5990413420048931,0.0,0.5990413420048931,0.4009586579951069,0.0,0.0,0.0,True,0,long_only,1.2227764641780332,1.1783827239801377
2020-09-23,1.4424706089550015,0.001090949919650086,0.5777407932919614,0.0,0.5994782911310019,0.0,0.5994782911310019,0.40052170886899807,0.0,0.0,0.0,True,0,long_only,1.2228720192411302,1.179576101389699
2020-09-24,1.4272840916765495,-0.010528129435825262,0.5777407932919614,0.0,0.5952166799439893,0.0,0.5952166799439893,0.4047833200560107,0.0,0.0,0.0,True,0,long_only,1.2086353313829257,1.180905484571136
2020-09-25,1.4169232028815006,-0.00725916364896817,0.5777407932919614,0.0,0.5922568053673981,0.0,0.5922568053673981,0.4077431946326019,0.0,0.0,0.0,True,0,long_only,1.2054047570156732,1.1754750382680605
2020-09-28,1.3932292729811682,-0.016722098877446245,0.5654379581988924,0.0,0.5941529731219369,0.0,0.5941529731219369,0.40584702687806307,0.0002882441280322901,0.0,0.4080955149155165,True,0,long_only,1.2014805613216146,1.1595936861838465
2020-09-29,1.3958796180594986,0.001902303611995615,0.5654379581988924,0.0,0.5949235515130281,0.0,0.5949235515130281,0.4050764484869719,0.0,0.0,0.0,True,0,long_only,1.2127723234586325,1.1509824152967751
2020-09-30,1.4028672658349453,0.005005910026224747,0.5654379581988924,0.0,0.5969412274636257,0.0,0.5969412274636257,0.40305877253637434,0.0,0.0,0.0,True,0,long_only,1.2171831045094537,1.1525523650776648
2020-10-09,1.4101771635620481,0.0052106837939172035,0.5622969224716762,0.0,0.6012579575098651,0.0,0.6012579575098651,0.3987420424901349,0.00030260570636899054,0.0,0.4308117153730795,True,0,long_only,1.2291047845978793,1.1473205386824765
2020-10-12,1.4281613211331705,0.012753119278782643,0.7062288629273283,0.0,0.5054978366400702,0.0,0.5054978366400702,0.4945021633599298,7.34827124064809e-05,0.0,0.10412188110563984,True,0,long_only,1.2457025635187036,1.1464705644492539
2020-10-13,1.4297476978163155,0.0011107825563336782,0.7062288629273283,0.0,0.506046511558671,0.0,0.506046511558671,0.493953488441329,0.0,0.0,0.0,True,0,long_only,1.2505616401315,1.1432844667024757
2020-10-14,1.4343392731494848,0.0032114584553497583,0.7062288629273283,0.0,0.5076277446014503,0.0,0.5076277446014503,0.4923722553985497,0.0,0.0,0.0,True,0,long_only,1.2492641921293801,1.1481472711585872
2020-10-15,1.4409876419068413,0.004635143777913964,0.7062288629273283,0.0,0.5098994312034597,0.0,0.5098994312034597,0.4901005687965403,0.0,0.0,0.0,True,0,long_only,1.248469594175614,1.1542032330057266
2020-10-16,1.4642032939562533,0.0161109307076992,0.7062288629273283,0.0,0.517670212980392,0.0,0.517670212980392,0.48232978701960805,0.0,0.0,0.0,True,0,long_only,1.2486972998578874,1.1725846561235396
2020-10-19,1.445501194894163,-0.012772884161158737,0.8767373532877396,0.0,0.39347172013100085,0.0,0.39347172013100085,0.6065282798689992,0.00023719094156644522,0.0,0.3247220195691114,True,0,long_only,1.2434499037333566,1.162492506175089
2020-10-20,1.4575666348081893,0.008346890308111865,0.8767373532877396,0.0,0.3984924377724144,0.0,0.3984924377724144,0.6015075622275856,0.0,0.0,0.0,True,0,long_only,1.248896881177618,1.167083253049532
2020-10-21,1.4602995364502995,0.0018749754397813234,0.8767373532877396,0.0,0.3996181390162491,0.0,0.3996181390162491,0.6003818609837509,0.0,0.0,0.0,True,0,long_only,1.2486081829018785,1.169541859846242
2020-10-22,1.4704628983103536,0.00695977887164112,0.8767373532877396,0.0,0.4037677833999341,0.0,0.4037677833999341,0.596232216600066,0.0,0.0,0.0,True,0,long_only,1.2534333747405275,1.1731480331890423
2020-10-23,1.4580992742377878,-0.008407980974407536,0.8767373532877396,0.0,0.39871216673772203,0.0,0.39871216673772203,0.601287833262278,0.0,0.0,0.0,True,0,long_only,1.2430720885016087,1.1729804632612832
2020-10-26,1.4719343317419156,0.009488419443429041,0.5879577447039152,0.0,0.6005543644001329,0.0,0.6005543644001329,0.3994456355998671,0.00031357433242094174,0.0,0.426883541057769,True,0,long_only,1.244335312881839,1.1829081088544893
2020-10-27,1.469157110941805,-0.0018867830855089363,0.5879577447039152,0.0,0.5997992724365578,0.0,0.5997992724365578,0.40020072756344216,0.0,0.0,0.0,True,0,long_only,1.2501421466275502,1.1751920490842431
2020-10-28,1.4730591841890952,0.002655994527902328,0.5879577447039152,0.0,0.6008593877186406,0.0,0.6008593877186406,0.39914061228135944,0.0,0.0,0.0,True,0,long_only,1.2498625972408306,1.1785768991255428
2020-10-29,1.4746598043732735,0.0010865959775128164,0.5879577447039152,0.0,0.6012926215522666,0.0,0.6012926215522666,0.3987073784477334,0.0,0.0,0.0,True,0,long_only,1.2521321994132513,1.1777189381954227
2020-10-30,1.4651115755085635,-0.006474868872395789,0.5879577447039152,0.0,0.598694219244138,0.0,0.598694219244138,0.401305780755862,0.0,0.0,0.0,True,0,long_only,1.239653114790094,1.1818722173393204
2020-11-02,1.4571288199812211,-0.005448564915318088,0.14743794235922358,0.0,0.8988161236416121,0.0,0.8988161236416121,0.10118387635838788,0.00023259909421303242,0.0,0.3172899657455446,True,0,long_only,1.2354879983518448,1.1793953659809304
2020-11-03,1.4575735928032865,0.00030523919091174356,0.14743794235922358,0.0,0.8988469995016426,0.0,0.8988469995016426,0.1011530004983574,0.0,0.0,0.0,True,0,long_only,1.2392793657312438,1.1761460999903255
2020-11-04,1.4616913829707912,0.0028250993211156317,0.14743794235922358,0.0,0.8991319617280868,0.0,0.8991319617280868,0.10086803827191315,0.0,0.0,0.0,True,0,long_only,1.2402684622886184,1.1785282198287859
2020-11-05,1.4821866957407515,0.014021641646614125,0.14743794235922358,0.0,0.900526740131385,0.0,0.900526740131385,0.099473259868615,0.0,0.0,0.0,True,0,long_only,1.2501929737887718,1.185566330011367
2020-11-06,1.474107588256027,-0.005450802863054105,0.14743794235922358,0.0,0.8999815593286152,0.0,0.8999815593286152,0.10001844067138477,0.0,0.0,0.0,True,0,long_only,1.2450214795583323,1.1840017320656688
2020-11-09,1.4919919153151493,0.012132307846187018,0.295635430172654,0.0,0.8018518551354163,0.0,0.8018518551354163,0.19814814486458365,0.0003769456104791608,0.0,0.5112992876251189,True,0,long_only,1.2559428811139146,1.1879456763128267
2020-11-10,1.4809254703392765,-0.00741722851328952,0.295635430172654,0.0,0.800371162429312,0.0,0.800371162429312,0.19962883757068794,0.0,0.0,0.0,True,0,long_only,1.251588348788179,1.1832368620027087
2020-11-11,1.4770217421016851,-0.002636005873203673,0.295635430172654,0.0,0.7998435488485173,0.0,0.7998435488485173,0.20015645115148273,0.0,0.0,0.0,True,0,long_only,1.249340432871213,1.1822412076324296
2020-11-12,1.4739352404509867,-0.002089679225917629,0.295635430172654,0.0,0.799424410205297,0.0,0.799424410205297,0.20057558979470302,0.0,0.0,0.0,True,0,long_only,1.2482296899746474,1.1808205270945955
2020-11-13,1.473310811225992,-0.0004236476663679323,0.295635430172654,0.0,0.7993394008107186,0.0,0.7993394008107186,0.20066059918928136,0.0,0.0,0.0,True,0,long_only,1.240607648877838,1.1875719229674588
2020-11-16,1.4933002126230643,0.01356767441381801,0.2959799701171342,0.0,0.8017947311497204,0.0,0.8017947311497204,0.19820526885027956,0.0003028145221792931,0.0,0.4102890283765516,True,0,long_only,1.243598996739607,1.2007891744349335
2020-11-17,1.4826240165694151,-0.0071493969955953585,0.2959799701171342,0.0,0.8003674790038877,0.0,0.8003674790038877,0.19963252099611228,0.0,0.0,0.0,True,0,long_only,1.2362510834656535,1.1992903677892766
2020-11-18,1.4818913097593194,-0.000494195967357336,0.2959799701171342,0.0,0.8002687726367695,0.0,0.8002687726367695,0.19973122736323046,0.0,0.0,0.0,True,0,long_only,1.2379514214323908,1.1970512607390313
2020-11-19,1.493770779617535,0.008016424538008105,0.2959799701171342,0.0,0.801857169683747,0.0,0.801857169683747,0.19814283031625302,0.0,0.0,0.0,True,0,long_only,1.238779904160305,1.2058403390310672
2020-11-20,1.49960297834011,0.003904346504935763,0.2959799701171342,0.0,0.8026277792241049,0.0,0.8026277792241049,0.1973722207758951,0.0,0.0,0.0,True,0,long_only,1.2402379659918854,1.209125199727938
2020-11-23,1.5144387824818364,0.009893154625598477,0.3026391407842438,0.0,0.8001641635931405,0.0,0.8001641635931405,0.19983583640685953,0.0006138459975425066,0.0,0.8126017387007705,True,0,long_only,1.2501197826766126,1.211434938849855
2020-11-24,1.523272113428937,0.005832742167778404,0.3026391407842438,0.0,0.8013229953360119,0.0,0.8013229953360119,0.19867700466398808,0.0,0.0,0.0,True,0,long_only,1.2527099348124715,1.2159815062510606
2020-11-25,1.5096855944724987,-0.008919298683841004,0.3026391407842438,0.0,0.7995349880184891,0.0,0.7995349880184891,0.2004650119815109,0.0,0.0,0.0,True,0,long_only,1.2476173921057965,1.2100549447490223
2020-11-26,1.4976007148279806,-0.008004898297211738,0.3026391407842438,0.0,0.7979173368523625,0.0,0.7979173368523625,0.20208266314763745,0.0,0.0,0.0,True,0,long_only,1.2448283363456898,1.203058021015434
2020-11-27,1.4987671793262873,0.0007788888498498903,0.3026391407842438,0.0,0.7980746142837986,0.0,0.7980746142837986,0.20192538571620144,0.0,0.0,0.0,True,0,long_only,1.248281872526835,1.2006640585851074
2020-11-30,1.4945182836908564,-0.002834927061413861,0.4522607123999027,0.0,0.6973869658636751,0.0,0.6973869658636751,0.3026130341363249,0.0002375356054074975,0.0,0.3156262636069531,True,0,long_only,1.2482828890700595,1.1972592885609739
2020-12-01,1.4956159568191554,0.0007344661756751858,0.4522607123999027,0.0,0.6976090617796288,0.0,0.6976090617796288,0.3023909382203712,0.0,0.0,0.0,True,0,long_only,1.2572389737250684,1.189603558333704
2020-12-02,1.4916733816798624,-0.0026360879083411337,0.4522607123999027,0.0,0.6968098258275649,0.0,0.6968098258275649,0.3031901741724351,0.0,0.0,0.0,True,0,long_only,1.257219659403804,1.1864858861555192
2020-12-03,1.4908745133587726,-0.0005355517708508506,0.4522607123999027,0.0,0.6966473647865841,0.0,0.6966473647865841,0.30335263521341593,0.0,0.0,0.0,True,0,long_only,1.2512918570143856,1.1914682453988292
2020-12-04,1.4876537757167632,-0.002160300959705541,0.4522607123999027,0.0,0.6959906130161234,0.0,0.6959906130161234,0.3040093869838766,0.0,0.0,0.0,True,0,long_only,1.2503559595524227,1.1897842085299322
2020-12-07,1.4960668380914717,0.005655255619309019,0.2986999141977973,0.0,0.8003432021935277,0.0,0.8003432021935277,0.19965679780647227,0.0003775214765820376,0.0,0.506627046558831,True,0,long_only,1.247743782313368,1.1990176663655279
2020-12-08,1.5037700258694355,0.005148959646609663,0.2986999141977973,0.0,0.8013659608455769,0.0,0.8013659608455769,0.19863403915442313,0.0,0.0,0.0,True,0,long_only,1.2452590118251086,1.207596180063328
2020-12-09,1.4888707308056206,-0.009907961195862236,0.2986999141977973,0.0,0.79937820791455,0.0,0.79937820791455,0.20062179208544995,0.0,0.0,0.0,True,0,long_only,1.2407587749705373,1.1999679235320941
2020-12-10,1.4836833891868153,-0.0034840779064804206,0.2986999141977973,0.0,0.7986767821391394,0.0,0.7986767821391394,0.2013232178608606,0.0,0.0,0.0,True,0,long_only,1.2378080888377454,1.1986376584272749
2020-12-11,1.4680686058844825,-0.010524336537117263,0.2986999141977973,0.0,0.7965354527707263,0.0,0.7965354527707263,0.20346454722927365,0.0,0.0,0.0,True,0,long_only,1.2291481571087883,1.1943788854044126
2020-12-14,1.463791897274741,-0.0029131530996571176,0.2938247379986255,0.0,0.7992715094641099,0.0,0.7992715094641099,0.20072849053589015,0.0002982909418267178,0.0,0.40712481850066184,True,0,long_only,1.2297563888047418,1.1903104636012254
2020-12-15,1.4606969649302015,-0.002114325369816372,0.2938247379986255,0.0,0.798846204891878,0.0,0.798846204891878,0.20115379510812204,0.0,0.0,0.0,True,0,long_only,1.2230743113427927,1.1942830876126627
2020-12-16,1.450016992334457,-0.007311559380322685,0.4397835537270727,0.0,0.6967045517038787,0.0,0.6967045517038787,0.3032954482961213,7.301591582213463e-05,0.0,0.1001659476413742,True,0,long_only,1.2209239835753722,1.1876390437414501
2020-12-17,1.4602417741134217,0.0070514910052903446,0.4397835537270727,0.0,0.6988282615088964,0.0,0.6988282615088964,0.30117173849110357,0.0,0.0,0.0,True,0,long_only,1.227014094032959,1.1900774255280868
2020-12-18,1.4659153716176259,0.0038853822735271937,0.4397835537270727,0.0,0.6999938998922052,0.0,0.6999938998922052,0.3000061001077948,0.0,0.0,0.0,True,0,long_only,1.2311029697293758,1.1907333567230913
2020-12-21,1.4767583976787524,0.007396761280401343,0.14746030518298428,0.0,0.900145951148969,0.0,0.900145951148969,0.099854048851031,0.00044433643483321407,0.0,0.6054369504541377,True,0,long_only,1.2410718702836632,1.1899056235487957
2020-12-22,1.47156219012579,-0.0035186578665339363,0.14746030518298428,0.0,0.8997933582607343,0.0,0.8997933582607343,0.10020664173926574,0.0,0.0,0.0,True,0,long_only,1.233751403676769,1.1927542175354844
2020-12-23,1.4671666515967146,-0.002986987949656239,0.14746030518298428,0.0,0.8994931454974774,0.0,0.8994931454974774,0.10050685450252261,0.0,0.0,0.0,True,0,long_only,1.2362270252760086,1.1868100450798225
2020-12-24,1.439111298854362,-0.019122130885281474,0.14746030518298428,0.0,0.8975337728913855,0.0,0.8975337728913855,0.10246622710861453,0.0,0.0,0.0,True,0,long_only,1.226451267934364,1.1733946031774813
2020-12-25,1.4427298345245663,0.0025144237788174983,0.14746030518298428,0.0,0.8977907702091861,0.0,0.8977907702091861,0.10220922979081393,0.0,0.0,0.0,True,0,long_only,1.233271595274836,1.169839506603614
2020-12-28,1.4413190084524732,-0.000977886530334371,0.0008574825115171843,0.0,0.9994050709756213,0.0,0.9994050709756213,0.0005949290243787431,0.0005085130914590339,0.0,0.706067760654143,True,0,long_only,1.2308752640471026,1.1709708128453522
2020-12-29,1.4362381970747935,-0.0035251123088531067,0.0008574825115171843,0.0,0.9994029663650058,0.0,0.9994029663650058,0.0005970336349941929,0.0,0.0,0.0,True,0,long_only,1.2250918107955535,1.1723514796349224
2020-12-30,1.446349480528248,0.007040115959907167,0.0008574825115171843,0.0,0.9994071401669782,0.0,0.9994071401669782,0.0005928598330218193,0.0,0.0,0.0,True,0,long_only,1.2352067547264178,1.170937152823938
2020-12-31,1.4592567776811387,0.00892405143200703,0.0008574825115171843,0.0,0.9994123840816558,0.0,0.9994123840816558,0.0005876159183442198,0.0,0.0,0.0,True,0,long_only,1.2479816534278856,1.1692934536921553
2021-01-04,1.468906565834856,0.006612810234160049,0.14699654934555223,0.0,0.8999279104848943,0.0,0.8999279104848943,0.10007208951510571,0.0006697265009312737,0.0,0.9152384434200196,True,0,long_only,1.2603858527001761,1.1654419657979795
2021-01-05,1.4677473448344047,-0.0007891727271246429,0.14699654934555223,0.0,0.8998488739476229,0.0,0.8998488739476229,0.10015112605237708,0.0,0.0,0.0,True,0,long_only,1.2679448681170706,1.1575797826399548
2021-01-06,1.4724407652921798,0.003197703252056927,0.14699654934555223,0.0,0.9001681067174316,0.0,0.9001681067174316,0.09983189328256836,0.0,0.0,0.0,True,0,long_only,1.2691742077231534,1.16015654614797
2021-01-07,1.4559058629451764,-0.011229587455575674,0.14699654934555223,0.0,0.8990343035996913,0.0,0.8990343035996913,0.10096569640030872,0.0,0.0,0.0,True,0,long_only,1.2684026514158075,1.1478262532170485
2021-01-08,1.4595990919877229,0.0025367224190411264,0.14699654934555223,0.0,0.8992897774789869,0.0,0.8992897774789869,0.10071022252101314,0.0,0.0,0.0,True,0,long_only,1.2674237202906773,1.1516267753399558
2021-01-11,1.4460843764456266,-0.009259197005728081,0.1464857036244131,0.0,0.8987018281848362,0.0,0.8987018281848362,0.10129817181516376,0.0005991611276958489,0.0,0.8216742863495023,True,0,long_only,1.26189745247491,1.1459602946415954
2021-01-12,1.4465395599619943,0.0003147696799592481,0.1464857036244131,0.0,0.8987337037444992,0.0,0.8987337037444992,0.10126629625550077,0.0,0.0,0.0,True,0,long_only,1.270397109222148,1.1386514889408845
2021-01-13,1.4362132481583116,-0.007138630763720011,0.1464857036244131,0.0,0.8980056034072551,0.0,0.8980056034072551,0.1019943965927449,0.0,0.0,0.0,True,0,long_only,1.264589597780954,1.1357148996627169
2021-01-14,1.441160460908971,0.0034446226958311232,0.1464857036244131,0.0,0.8983557295680861,0.0,0.8983557295680861,0.10164427043191393,0.0,0.0,0.0,True,0,long_only,1.263090196524913,1.1409798483702709
2021-01-15,1.4503016198226217,0.006342915422398843,0.1464857036244131,0.0,0.8989963869430629,0.0,0.8989963869430629,0.10100361305693706,0.0,0.0,0.0,True,0,long_only,1.2668876631636588,1.1447752330312726
2021-01-18,1.4663388949447687,0.011057889547215982,0.000864122994302164,0.0,0.9994106935325243,0.0,0.9994106935325243,0.0005893064674756809,0.0005121741847095226,0.0,0.706335998679351,True,0,long_only,1.2735483932178946,1.1513805857347497
2021-01-19,1.4717640183083518,0.003699774576181758,0.000864122994302164,0.0,0.9994128657967224,0.0,0.9994128657967224,0.0005871342032776061,0.0,0.0,0.0,True,0,long_only,1.2685500501833504,1.1601938907303104
2021-01-20,1.471574580262217,-0.0001287149595845527,0.000864122994302164,0.0,0.9994127902140385,0.0,0.9994127902140385,0.0005872097859614955,0.0,0.0,0.0,True,0,long_only,1.2705262102116512,1.1582402381270624
2021-01-21,1.4770685670764694,0.0037334069832011263,0.000864122994302164,0.0,0.9994149743528749,0.0,0.9994149743528749,0.000585025647125148,0.0,0.0,0.0,True,0,long_only,1.278468123576416,1.1553425070501437
2021-01-22,1.4710405037218879,-0.004081099204834238,0.000864122994302164,0.0,0.9994125770214242,0.0,0.9994125770214242,0.0005874229785758356,0.0,0.0,0.0,True,0,long_only,1.2785209838240865,1.1505798671539758
2021-01-25,1.4620133865595817,-0.00613655241950628,0.0010192238754050088,0.0,0.9993028628295918,0.0,0.9993028628295918,0.0006971371704082019,0.0004534642018775202,0.0,0.6153437694427866,True,0,long_only,1.276065693089336,1.1457195303323837
2021-01-26,1.449624602854479,-0.008473782674627839,0.0010192238754050088,0.0,0.9992969049549807,0.0,0.9992969049549807,0.0007030950450193085,0.0,0.0,0.0,True,0,long_only,1.2675053825963734,1.1436831927964286
2021-01-27,1.4481396805487996,-0.0010243495472934683,0.0010192238754050088,0.0,0.9992961840013812,0.0,0.9992961840013812,0.0007038159986187953,0.0,0.0,0.0,True,0,long_only,1.2660032705584008,1.1438672507615744
2021-01-28,1.4367969753268939,-0.007832604391868725,0.0010192238754050088,0.0,0.9992906277693318,0.0,0.9992906277693318,0.0007093722306682482,0.0,0.0,0.0,True,0,long_only,1.2455219576724956,1.153570169097487
2021-01-29,1.4168200550230743,-0.013903787832845627,0.0010192238754050088,0.0,0.99928062574228,0.0,0.99928062574228,0.0007193742577199513,0.0,0.0,0.0,True,0,long_only,1.2299305565438616,1.1519512605690334
2021-02-01,1.3948163647811145,-0.015530335107799886,0.0007663180640128266,0.0,0.9994505957319098,0.0,0.9994505957319098,0.0005494042680902478,0.0006387913294365204,0.0,0.9084569952812073,True,0,long_only,1.2322543743549186,1.1319224291748176
2021-02-02,1.3780552184153072,-0.012016740546658022,0.0007663180640128266,0.0,0.9994439133833156,0.0,0.9994439133833156,0.0005560866166843814,0.0,0.0,0.0,True,0,long_only,1.230527606264346,1.119889721612039
2021-02-03,1.3658319281109021,-0.008869956835591108,0.0007663180640128266,0.0,0.9994389367767433,0.0,0.9994389367767433,0.0005610632232566637,0.0,0.0,0.0,True,0,long_only,1.22445376049835,1.1154622348131884
2021-02-04,1.3323201083711176,-0.02453582981189728,0.0007663180640128266,0.0,0.9994248243652574,0.0,0.9994248243652574,0.0005751756347426307,0.0,0.0,0.0,True,0,long_only,1.2072623203344564,1.1035879161722
2021-02-05,1.3183360170940686,-0.010496044598580778,0.0007663180640128266,0.0,0.9994187232586561,0.0,0.9994187232586561,0.0005812767413438946,0.0,0.0,0.0,True,0,long_only,1.2020908261040169,1.0967025023947674
2021-02-08,1.3158194039811024,-0.001908931471441777,0.0009351448768919508,0.0,0.9992893060597354,0.0,0.9992893060597354,0.0007106939402645729,0.00038389520366085417,0.0,0.581622933655836,True,0,long_only,1.2100168136249323,1.0874389423062725
2021-02-09,1.3359047953264862,0.015264550199376892,0.0009351448768919508,0.0,0.9992999913765086,0.0,0.9992999913765086,0.0007000086234913994,0.0,0.0,0.0,True,0,long_only,1.2278229235918674,1.0880272469733963
2021-02-10,1.3529166822973961,0.012734355794233432,0.0009351448768919508,0.0,0.9993087934466859,0.0,0.9993087934466859,0.0006912065533141165,0.0,0.0,0.0,True,0,long_only,1.2364943761440348,1.0941551440908452
2021-02-18,1.378471125641611,0.01888840878273479,0.0011000143954507657,0.0,0.9992020040354935,0.0,0.9992020040354935,0.0007979959645064705,0.000264942702154537,0.0,0.3878798268898122,True,0,long_only,1.2468214387610643,1.105588244465353
2021-02-19,1.4196152736449932,0.029847667635571007,0.0011000143954507657,0.0,0.9992251320369171,0.0,0.9992251320369171,0.0007748679630829036,0.0,0.0,0.0,True,0,long_only,1.2571257985794149,1.1292547454273834
2021-02-22,1.4529368485817025,0.023472257276545783,0.0010277711558415758,0.0,0.9992926250326399,0.0,0.9992926250326399,0.0007073749673600638,0.0004004842397916825,0.0,0.5603060766066413,True,0,long_only,1.2633158691207376,1.1500978370460433
2021-02-23,1.4362272615517535,-0.011500559743019778,0.0010277711558415758,0.0,0.9992843951766163,0.0,0.9992843951766163,0.0007156048233837309,0.0,0.0,0.0,True,0,long_only,1.2586634896302427,1.141073268100971
2021-02-24,1.4251935999847445,-0.007682392517106118,0.0010277711558415758,0.0,0.999278855058111,0.0,0.999278855058111,0.0007211449418890181,0.0,0.0,0.0,True,0,long_only,1.2459597489544854,1.14385203950662
2021-02-25,1.4089253977390928,-0.011414731476359297,0.0010277711558415758,0.0,0.9992705283349346,0.0,0.9992705283349346,0.0007294716650654287,0.0,0.0,0.0,True,0,long_only,1.2457852423676241,1.1309536746971087
2021-02-26,1.3981427338969705,-0.007653111981248406,0.0010277711558415758,0.0,0.9992649025518467,0.0,0.9992649025518467,0.0007350974481532546,0.0,0.0,0.0,True,0,long_only,1.238295351889991,1.12908663653062
2021-03-01,1.4242472600777523,0.018670859239114934,0.0008644860375924036,0.0,0.9993930225026059,0.0,0.9993930225026059,0.0006069774973941344,0.0005404923771248528,0.0,0.7687304506596282,True,0,long_only,1.247928115484732,1.141289504102993
2021-03-02,1.4222688594015631,-0.001389085120010014,0.0008644860375924036,0.0,0.9993921781863689,0.0,0.9993921781863689,0.0006078218136310598,0.0,0.0,0.0,True,0,long_only,1.243943266044949,1.1433550855768453
2021-03-03,1.4405874529116958,0.012879838709145552,0.0008644860375924036,0.0,0.9993999072837646,0.0,0.9993999072837646,0.0006000927162354008,0.0,0.0,0.0,True,0,long_only,1.2555027178977345,1.1474188246472894
2021-03-04,1.4327167681018524,-0.005463524476723158,0.0008644860375924036,0.0,0.9993966106512889,0.0,0.9993966106512889,0.0006033893487110698,0.0,0.0,0.0,True,0,long_only,1.2448456175805052,1.1509192367857595
2021-03-05,1.439340032970114,0.00462287104871173,0.0008644860375924036,0.0,0.9993993872067822,0.0,0.9993993872067822,0.0006006127932177696,0.0,0.0,0.0,True,0,long_only,1.2441462358420943,1.1568897541983107
2021-03-08,1.441019022147843,0.0011664993255722234,0.0010307321788986738,0.0,0.9992847199356449,0.0,0.9992847199356449,0.0007152800643550616,0.0004125822857730396,0.0,0.57125832007412,True,0,long_only,1.2339777539680765,1.167783631037098
2021-03-09,1.4291960782329802,-0.008204571718449905,0.0010307321788986738,0.0,0.9992788028216723,0.0,0.9992788028216723,0.0007211971783277482,0.0,0.0,0.0,True,0,long_only,1.228376261953701,1.163483960492594
2021-03-10,1.4348086103144033,0.003927055333346807,0.0010307321788986738,0.0,0.9992816239242718,0.0,0.9992816239242718,0.000718376075728222,0.0,0.0,0.0,True,0,long_only,1.2303470004181383,1.1661820688202418
2021-03-11,1.4455899491476025,0.007514130285876108,0.0010307321788986738,0.0,0.9992869816371465,0.0,0.9992869816371465,0.0007130183628535347,0.0,0.0,0.0,True,0,long_only,1.2433726464482997,1.1626361198124613
2021-03-12,1.4522507456680227,0.00460766659615186,0.0010307321788986738,0.0,0.9992902519196679,0.0,0.9992902519196679,0.0007097480803320844,0.0,0.0,0.0,True,0,long_only,1.2481087213309396,1.1635610911518934
2021-03-15,1.455834088381692,0.0024674407807041554,0.0011429846436561474,0.0,0.9992148936113135,0.0,0.9992148936113135,0.0007851063886864518,0.00031096395286104434,0.0,0.4273857745739302,True,0,long_only,1.2464097387551683,1.1680220742142813
2021-03-16,1.4648008607083047,0.006159199319601072,0.0011429846436561474,0.0,0.9992196996367797,0.0,0.9992196996367797,0.0007803003632202987,0.0,0.0,0.0,True,0,long_only,1.2485295702258556,1.1732207996029491
2021-03-17,1.4694011080389282,0.0031405274628244495,0.0011429846436561474,0.0,0.9992221425195592,0.0,0.9992221425195592,0.0007778574804407912,0.0,0.0,0.0,True,0,long_only,1.2494275167407727,1.1760595059343446
2021-03-18,1.4766263731304043,0.004917149614184657,0.0011429846436561474,0.0,0.9992259486458765,0.0,0.9992259486458765,0.0007740513541234506,0.0,0.0,0.0,True,0,long_only,1.2533771260154418,1.1781181756720618
2021-03-19,1.477422922514562,0.0005394386817492158,0.0011429846436561474,0.0,0.9992263659739956,0.0,0.9992263659739956,0.0007736340260043884,0.0,0.0,0.0,True,0,long_only,1.2483005091526163,1.183547480500093
2021-03-22,1.4953150181759391,0.01211034118174159,0.0009028168214618781,0.0,0.9993962363712744,0.0,0.9993962363712744,0.0006037636287256065,0.0005736724289104284,0.0,0.776387633003912,True,0,long_only,1.2565999068846407,1.18996906651308
2021-03-23,1.4769378217517928,-0.012289849430231703,0.0009028168214618781,0.0,0.9993887238797968,0.0,0.9993887238797968,0.0006112761202031747,0.0,0.0,0.0,True,0,long_only,1.2481510772986246,1.183300522360107
2021-03-24,1.4637910210734486,-0.008901390759125216,0.0009028168214618781,0.0,0.9993832338028691,0.0,0.9993832338028691,0.0006167661971309135,0.0,0.0,0.0,True,0,long_only,1.2360653949033233,1.1842342865588729
2021-03-25,1.447560001892784,-0.011088344543035755,0.0009028168214618781,0.0,0.9993763182042324,0.0,0.9993763182042324,0.00062368179576755,0.0,0.0,0.0,True,0,long_only,1.2331824783188272,1.1738408770340407
2021-03-26,1.456424131649768,0.0061234972957207034,0.0009028168214618781,0.0,0.9993801140740238,0.0,0.9993801140740238,0.0006198859259761713,0.0,0.0,0.0,True,0,long_only,1.2411765742357797,1.1734221881737665
2021-03-29,1.4637987827717938,0.005063532635697365,0.001120081584463277,0.0,0.9992348117803853,0.0,0.9992348117803853,0.0007651882196146875,0.0003363012583497345,0.0,0.46145708548769243,True,0,long_only,1.2438585541095792,1.1768209318781102
2021-03-30,1.4581214849548327,-0.0038784687374930904,0.001120081584463277,0.0,0.999231832466622,0.0,0.999231832466622,0.0007681675333780502,0.0,0.0,0.0,True,0,long_only,1.244275675679339,1.1718636902218154
2021-03-31,1.4555454275510538,-0.0017666960060319647,0.001120081584463277,0.0,0.9992304729462496,0.0,0.9992304729462496,0.0007695270537504406,0.0,0.0,0.0,True,0,long_only,1.2430063520397618,1.170987923885117
2021-04-01,1.4663562956634502,0.007427365651229145,0.001120081584463277,0.0,0.9992361463664896,0.0,0.9992361463664896,0.0007638536335103918,0.0,0.0,0.0,True,0,long_only,1.2476306071677141,1.175312858821468
2021-04-02,1.4642259058353924,-0.0014528459654438164,0.001120081584463277,0.0,0.9992350349901613,0.0,0.9992350349901613,0.0007649650098386918,0.0,0.0,0.0,True,0,long_only,1.248449602158867,1.1728354138632402
2021-04-06,1.4897028762089057,0.017399617280352553,0.0011330264351746592,0.0,0.9992394279065513,0.0,0.9992394279065513,0.0007605720934487081,0.00033809726843659894,0.0,0.4592404717870655,True,0,long_only,1.2502953058066983,1.1914808200033513
2021-04-07,1.4894054105201389,-0.00019968122067659522,0.0011330264351746592,0.0,0.9992392760042552,0.0,0.9992392760042552,0.0007607239957447831,0.0,0.0,0.0,True,0,long_only,1.2523117887162347,1.1893247543784227
2021-04-08,1.493621528588248,0.002830739057565701,0.0011330264351746592,0.0,0.9992414233368438,0.0,0.9992414233368438,0.0007585766631561519,0.0,0.0,0.0,True,0,long_only,1.2544058677585697,1.1907003681807706
2021-04-09,1.510962124723323,0.01160976579620221,0.0011330264351746592,0.0,0.9992501291616543,0.0,0.9992501291616543,0.0007498708383456565,0.0,0.0,0.0,True,0,long_only,1.253119262884177,1.2057608317708686
2021-04-12,1.4966516320864454,-0.009471112745131238,0.001110733018689798,0.0,0.9992578546704678,0.0,0.9992578546704678,0.0007421453295322067,0.00039594569262593195,0.0,0.5251274133905961,True,0,long_only,1.2460021049221701,1.2011630046001662
2021-04-13,1.4791490619664835,-0.011694485038954539,0.001110733018689798,0.0,0.9992490729654974,0.0,0.9992490729654974,0.0007509270345026353,0.0,0.0,0.0,True,0,long_only,1.2419515190205404,1.1909877634619812
2021-04-14,1.4802881157322365,0.0007700736829314714,0.001110733018689798,0.0,0.9992496507896773,0.0,0.9992496507896773,0.0007503492103226872,0.0,0.0,0.0,True,0,long_only,1.2450926375840428,1.1888979751776247
2021-04-15,1.4909655055381046,0.007213048387263665,0.001110733018689798,0.0,0.9992550243351949,0.0,0.9992550243351949,0.0007449756648051364,0.0,0.0,0.0,True,0,long_only,1.2445609854776636,1.197985091076811
2021-04-16,1.4944514282103245,0.0023380303965931937,0.001110733018689798,0.0,0.9992567620481183,0.0,0.9992567620481183,0.0007432379518816923,0.0,0.0,0.0,True,0,long_only,1.249571527030901,1.1959710955972893
2021-04-19,1.506627411414209,0.008147459980325955,0.0012304661130165422,0.0,0.9991832976728723,0.0,0.9991832976728723,0.0008167023271277163,0.00026288314673549105,0.0,0.3517651864067179,True,0,long_only,1.2611052264553342,1.194688103584329
2021-04-20,1.5079336162164942,0.0008669726784402698,0.0012304661130165422,0.0,0.9991840051181405,0.0,0.9991840051181405,0.0008159948818594609,0.0,0.0,0.0,True,0,long_only,1.2622850942911612,1.1946062129991937
2021-04-21,1.508344703392007,0.00027261622865348833,0.0012304661130165422,0.0,0.9991842275109599,0.0,0.9991842275109599,0.0008157724890400786,0.0,0.0,0.0,True,0,long_only,1.2596742724430718,1.1974085177326452
2021-04-22,1.5090784495894944,0.0004864579003973635,0.0012304661130165422,0.0,0.9991846241569806,0.0,0.9991846241569806,0.0008153758430193836,0.0,0.0,0.0,True,0,long_only,1.2601652628204738,1.1975242407586357
2021-04-23,1.5081970325301586,-0.0005840763676504546,0.0012304661130165422,0.0,0.9991841476368958,0.0,0.9991841476368958,0.0008158523631042192,0.0,0.0,0.0,True,0,long_only,1.2585841992587368,1.1983282750716522
2021-04-26,1.500718865773615,-0.004958348674110713,0.0008706896356516518,0.0,0.9994198182914141,0.0,0.9994198182914141,0.0005801817085858696,0.0006381046271924411,0.0,0.8450799679912968,True,0,long_only,1.25713155899102,1.1937643717878657
2021-04-27,1.498524397786912,-0.0014622778701270933,0.0008706896356516518,0.0,0.9994189686621469,0.0,0.9994189686621469,0.000581031337853144,0.0,0.0,0.0,True,0,long_only,1.2530684357229553,1.1958839238675272
2021-04-28,1.5028007252697246,0.0028536922649562424,0.0008706896356516518,0.0,0.9994206220285824,0.0,0.9994206220285824,0.000579377971417605,0.0,0.0,0.0,True,0,long_only,1.255010710977108,1.1974405573795428
2021-04-29,1.5177467100569042,0.009945420264883875,0.0008706896356516518,0.0,0.9994263274432537,0.0,0.9994263274432537,0.0005736725567463408,0.0,0.0,0.0,True,0,long_only,1.2606447323746655,1.2039448316243213
2021-04-30,1.5152820737977544,-0.0016238785054307758,0.1298799778399883,0.0,0.9142866004383792,0.0,0.9142866004383792,0.08571339956162083,6.453691255844756e-05,0.0,0.08497141705118111,True,0,long_only,1.2585604799168333,1.2039803394254724
2021-05-06,1.5460236474102176,0.020287690420183857,0.15330480581783987,0.0,0.9008392878888725,0.0,0.9008392878888725,0.09916071211112754,0.0004993864161835941,0.0,0.6549721872480995,True,0,long_only,1.2633697459116326,1.2237301490029153
2021-05-07,1.565255574720242,0.012439607467997105,0.3201384262970451,0.0,0.7954721059822685,0.0,0.7954721059822685,0.20452789401773153,8.345853950935727e-05,0.0,0.10749549104495851,True,0,long_only,1.262122786222993,1.2401769398399018
2021-05-10,1.575528274895959,0.006562953898153756,0.15801850675221696,0.0,0.8997044297648978,0.0,0.8997044297648978,0.10029557023510216,0.00040528906111914114,0.0,0.515785519634039,True,0,long_only,1.266659618633644,1.24384503280802
2021-05-11,1.5679224448789177,-0.0048274792260033506,0.15801850675221696,0.0,0.8992179063012138,0.0,0.8992179063012138,0.10078209369878621,0.0,0.0,0.0,True,0,long_only,1.2664247971487996,1.2380699180945471
2021-05-12,1.5854801864773325,0.011198093155539102,0.15801850675221696,0.0,0.9003339757254821,0.0,0.9003339757254821,0.09966602427451787,0.0,0.0,0.0,True,0,long_only,1.2718087489131458,1.2466341246922872
2021-05-13,1.575975134561024,-0.00599506193604793,0.15801850675221696,0.0,0.899732868059348,0.0,0.899732868059348,0.10026713194065195,0.0,0.0,0.0,True,0,long_only,1.2665969318014705,1.2442593969650055
2021-05-14,1.5766433650961,0.00042401083647947146,0.15801850675221696,0.0,0.8997753643909284,0.0,0.8997753643909284,0.10022463560907158,0.0,0.0,0.0,True,0,long_only,1.2732718934608485,1.2382613432317784
2021-05-17,1.5643172257748803,-0.007817962891353392,0.3165340029690964,0.0,0.7976535719522604,0.0,0.7976535719522604,0.2023464280477396,0.00040115038503612323,0.0,0.5082098517457141,True,0,long_only,1.275382576042516,1.2265474338130933
2021-05-18,1.5720061773127818,0.0049152124717497525,0.3165340029690964,0.0,0.7986432829989346,0.0,0.7986432829989346,0.2013567170010654,0.0,0.0,0.0,True,0,long_only,1.2784332222590438,1.229634954679121
2021-05-19,1.5705838323957702,-0.0009047960100532215,0.3165340029690964,0.0,0.7984609312536631,0.0,0.7984609312536631,0.20153906874633687,0.0,0.0,0.0,True,0,long_only,1.2778063539373092,1.2291250763907415
2021-05-20,1.5735757012021185,0.0019049405352560278,0.3165340029690964,0.0,0.7988441212410161,0.0,0.7988441212410161,0.20115587875898389,0.0,0.0,0.0,True,0,long_only,1.275344963943212,1.2338431919916109
2021-05-21,1.5700510241434589,-0.0022399157892226684,0.3165340029690964,0.0,0.7983925375025429,0.0,0.7983925375025429,0.2016074624974571,0.0,0.0,0.0,True,0,long_only,1.2761107598389525,1.2303407145799807
2021-05-24,1.5739669235842588,0.0024941224078602886,0.31526634771062245,0.0,0.7996995089371423,0.0,0.7996995089371423,0.20030049106285774,0.0004775778825652146,0.0,0.6071947535098965,True,0,long_only,1.2779015701526646,1.2316808746046262
2021-05-25,1.5842466313389003,0.006531082451994852,0.31526634771062245,0.0,0.8009991995727457,0.0,0.8009991995727457,0.19900080042725432,0.0,0.0,0.0,True,0,long_only,1.2875306064222491,1.2304535701416501
2021-05-26,1.6004238154324189,0.010211278833426762,0.31526634771062245,0.0,0.8030107121185018,0.0,0.8030107121185018,0.19698928788149817,0.0,0.0,0.0,True,0,long_only,1.2933130431305737,1.2374605080595626
2021-05-27,1.6185605117882091,0.011332433434758649,0.31526634771062245,0.0,0.8052180654263512,0.0,0.8052180654263512,0.19478193457364879,0.0,0.0,0.0,True,0,long_only,1.297862751755401,1.2470968209843871
2021-05-28,1.6238467508468286,0.003266012620547043,0.31526634771062245,0.0,0.8058521547392249,0.0,0.8058521547392249,0.1941478452607751,0.0,0.0,0.0,True,0,long_only,1.2971708246673024,1.2518372445381756
2021-05-31,1.6334298513795327,0.005901480868010678,0.32753767959080565,0.0,0.7994785761297433,0.0,0.7994785761297433,0.20052142387025673,0.0005140557453132045,0.0,0.6290626287982122,True,0,long_only,1.298609233329877,1.2578301535644505
2021-06-01,1.6244192863536475,-0.005516346489122359,0.32753767959080565,0.0,0.798366294747686,0.0,0.798366294747686,0.20163370525231405,0.0,0.0,0.0,True,0,long_only,1.2999985090699375,1.249554730271046
2021-06-02,1.6175224217787845,-0.004245741621514809,0.32753767959080565,0.0,0.7975065599210591,0.0,0.7975065599210591,0.20249344007894088,0.0,0.0,0.0,True,0,long_only,1.2965097327236785,1.2475975929472813
2021-06-03,1.6365818145097417,0.01178307791863431,0.32753767959080565,0.0,0.7998647689428692,0.0,0.7998647689428692,0.20013523105713082,0.0,0.0,0.0,True,0,long_only,1.2979898196584552,1.2608587445935295
2021-06-04,1.6350745498792376,-0.0009209833673703427,0.32753767959080565,0.0,0.7996802778105764,0.0,0.7996802778105764,0.20031972218942362,0.0,0.0,0.0,True,0,long_only,1.298186012500771,1.2595071385259333
2021-06-07,1.6342787176867486,-0.0004867253254891013,0.32790552181821014,0.0,0.7993576503998373,0.0,0.7993576503998373,0.2006423496001627,0.00034145980304382145,0.0,0.41759805039978015,True,0,long_only,1.2969495570921172,1.2600942794960777
2021-06-08,1.6232559462139502,-0.006744731699376616,0.32790552181821014,0.0,0.797995182101128,0.0,0.797995182101128,0.20200481789887204,0.0,0.0,0.0,True,0,long_only,1.293516012927719,1.2549175502975833
2021-06-09,1.629489396642964,0.0038400909256193216,0.32790552181821014,0.0,0.7987679315411604,0.0,0.7987679315411604,0.20123206845883956,0.0,0.0,0.0,True,0,long_only,1.294026317626385,1.2592397654105785
2021-06-10,1.6254557036803585,-0.002475433697767926,0.32790552181821014,0.0,0.7982685587335502,0.0,0.7982685587335502,0.20173144126644982,0.0,0.0,0.0,True,0,long_only,1.2974476632720902,1.2528102286461795
2021-06-11,1.6165582586115412,-0.005473815772814805,0.32790552181821014,0.0,0.7971582403099734,0.0,0.7971582403099734,0.2028417596900266,0.0,0.0,0.0,True,0,long_only,1.2960475444043023,1.2472985775800025
2021-06-15,1.6107673963135056,-0.003582216890227863,0.48513301075024007,0.0,0.6988187047611323,0.0,0.6988187047611323,0.3011812952388677,0.0005650897510454907,0.0,0.6995381222208991,True,0,long_only,1.2868895064953725,1.2516749792296933
2021-06-16,1.6283518160367665,0.010916796406176044,0.48513301075024007,0.0,0.7020711335398011,0.0,0.7020711335398011,0.2979288664601989,0.0,0.0,0.0,True,0,long_only,1.27359312111977,1.2785494747373363
2021-06-17,1.6214388023857842,-0.0042454054356678705,0.48513301075024007,0.0,0.7008009121057079,0.0,0.7008009121057079,0.29919908789429206,0.0,0.0,0.0,True,0,long_only,1.272698224234526,1.2740167083685616
2021-06-18,1.6138365339826695,-0.004688594100454968,0.48513301075024007,0.0,0.6993914807759273,0.0,0.6993914807759273,0.3006085192240727,0.0,0.0,0.0,True,0,long_only,1.2747401207246736,1.2660121916184954
2021-06-21,1.636679567561443,0.014154490307888068,0.3226031629861926,0.0,0.8028916781390186,0.0,0.8028916781390186,0.19710832186098137,0.0007257715981927138,0.0,0.9009232477393335,True,0,long_only,1.2793067717365745,1.2793487877342808
2021-06-22,1.6381133471829776,0.0008760295234033766,0.3226031629861926,0.0,0.803064199714284,0.0,0.803064199714284,0.196935800285716,0.0,0.0,0.0,True,0,long_only,1.2876932533381586,1.2721301000346206
2021-06-23,1.6348272129055603,-0.002006048166977248,0.3226031629861926,0.0,0.8026683429052826,0.0,0.8026683429052826,0.19733165709471745,0.0,0.0,0.0,True,0,long_only,1.2929921543193938,1.2643751993731949
2021-06-24,1.631897804946381,-0.0017918761909846426,0.3226031629861926,0.0,0.8023141142733553,0.0,0.8023141142733553,0.1976858857266447,0.0,0.0,0.0,True,0,long_only,1.295214656655749,1.2599438993069687
2021-06-25,1.636001189999075,0.002514486532340543,0.3226031629861926,0.0,0.8028099460084286,0.0,0.8028099460084286,0.1971900539915714,0.0,0.0,0.0,True,0,long_only,1.30020995006062,1.2582592449187144
2021-06-28,1.634900077704337,-0.0006730510353348818,0.6551528383068633,0.0,0.5992704097079723,0.0,0.5992704097079723,0.4007295902920277,0.0004986034608896354,0.0,0.6091984842321017,True,0,long_only,1.3026411826057256,1.2550655541489795
2021-06-29,1.6287672576155254,-0.003751189551243317,0.6551528383068633,0.0,0.5977615369884149,0.0,0.5977615369884149,0.40223846301158506,0.0,0.0,0.0,True,0,long_only,1.296974970672728,1.2558201156115603
2021-06-30,1.6227490196706231,-0.0036949649600108714,0.6551528383068633,0.0,0.5962697679276104,0.0,0.5962697679276104,0.40373023207238956,0.0,0.0,0.0,True,0,long_only,1.2983784780179306,1.2498274171548713
2021-07-01,1.6181278496891103,-0.0028477416565938496,0.6551528383068633,0.0,0.5951167650734537,0.0,0.5951167650734537,0.4048832349265463,0.0,0.0,0.0,True,0,long_only,1.2932344304545507,1.2512254635227775
2021-07-02,1.6151120365305836,-0.0018637669199661477,0.6551528383068633,0.0,0.5943607480542373,0.0,0.5943607480542373,0.40563925194576267,0.0,0.0,0.0,True,0,long_only,1.2876925756426756,1.2542683456293875
2021-07-05,1.6218428614431508,0.004167404341203218,0.48490902104319367,0.0,0.7010135614422528,0.0,0.7010135614422528,0.2989864385577472,0.0005704224223012075,0.0,0.7062910206182803,True,0,long_only,1.290112965060054,1.257132441396444
2021-07-06,1.6226295119628436,0.00048503497989482725,0.48490902104319367,0.0,0.7011585100183378,0.0,0.7011585100183378,0.29884148998166216,0.0,0.0,0.0,True,0,long_only,1.2921945067359544,1.2557161507067216
2021-07-07,1.6331259857634315,0.006468804938652095,0.48490902104319367,0.0,0.7030792325452374,0.0,0.7030792325452374,0.2969207674547626,0.0,0.0,0.0,True,0,long_only,1.3014924887621147,1.254810150550114
2021-07-08,1.6464015359894424,0.008128919839460513,0.48490902104319367,0.0,0.7054734155408957,0.0,0.7054734155408957,0.2945265844591043,0.0,0.0,0.0,True,0,long_only,1.305628464294597,1.2610030962207597
2021-07-09,1.6529662008783328,0.003987280590664222,0.48490902104319367,0.0,0.7066431117674828,0.0,0.7066431117674828,0.29335688823251715,0.0,0.0,0.0,True,0,long_only,1.312050306691091,1.259834468578427
2021-07-12,1.6535516384315594,0.0003541739407106892,0.4975046168908082,0.0,0.6991296761903937,0.0,0.6991296761903937,0.3008703238096063,0.0005099717174192568,0.0,0.6156289592117681,True,0,long_only,1.3211331204014127,1.2516162170918437
2021-07-13,1.6658560072454753,0.0074411760285799655,0.4975046168908082,0.0,0.7013519687614287,0.0,0.7013519687614287,0.2986480312385713,0.0,0.0,0.0,True,0,long_only,1.330041427524873,1.2524843006924475
2021-07-14,1.6596422519040903,-0.003730067493444178,0.4975046168908082,0.0,0.7002338206803146,0.0,0.7002338206803146,0.2997661793196854,0.0,0.0,0.0,True,0,long_only,1.3256926556107427,1.2519057451815618
2021-07-15,1.6650883422137717,0.0032814844906685625,0.4975046168908082,0.0,0.7012142813819926,0.0,0.7012142813819926,0.2987857186180074,0.0,0.0,0.0,True,0,long_only,1.329278003563323,1.2526261156434246
2021-07-16,1.6629897166411016,-0.0012603689062408163,0.4975046168908082,0.0,0.7008372259236421,0.0,0.7008372259236421,0.29916277407635794,0.0,0.0,0.0,True,0,long_only,1.3298025398671312,1.2505538730639372
2021-07-19,1.6591658521617545,-0.002299391536269124,0.6665104271396762,0.0,0.5982858336487165,0.0,0.5982858336487165,0.40171416635128354,0.00025555674268162555,0.0,0.30701342697117745,True,0,long_only,1.325076291568994,1.2521285474039932
2021-07-20,1.6610054445703117,0.0011087453410161263,0.6665104271396762,0.0,0.5987307390722629,0.0,0.5987307390722629,0.40126926092773707,0.0,0.0,0.0,True,0,long_only,1.324664591563098,1.2539064266904978
2021-07-21,1.6668525589880128,0.0035202259190749707,0.6665104271396762,0.0,0.6001383424432387,0.0,0.6001383424432387,0.3998616575567613,0.0,0.0,0.0,True,0,long_only,1.3374361017871508,1.2463044453194279
2021-07-22,1.668181675936591,0.0007973812329178376,0.6665104271396762,0.0,0.6004569305885298,0.0,0.6004569305885298,0.3995430694114702,0.0,0.0,0.0,True,0,long_only,1.3458510465990192,1.2394994826151862
2021-07-23,1.6667923353140184,-0.0008328473107058754,0.6665104271396762,0.0,0.6001238948497398,0.0,0.6001238948497398,0.3998761051502602,0.0,0.0,0.0,True,0,long_only,1.3484882985709437,1.2360450862498373
2021-07-26,1.6460989602432488,-0.012415088930002205,0.668526719033261,0.0,0.5938720968911426,0.0,0.5938720968911426,0.4061279031088574,9.152932734073774e-06,0.0,0.010965952530332636,True,0,long_only,1.3383018577666275,1.2299907907101588
2021-07-27,1.640888811385864,-0.003165149230526798,0.668526719033261,0.0,0.5925825598940883,0.0,0.5925825598940883,0.40741744010591174,0.0,0.0,0.0,True,0,long_only,1.3236595691618736,1.2396607478347748
2021-07-28,1.6405947578125322,-0.00017920383836578235,0.668526719033261,0.0,0.5925095360388489,0.0,0.5925095360388489,0.4074904639611511,0.0,0.0,0.0,True,0,long_only,1.315631249623032,1.247001968281471
2021-07-29,1.6507734361612167,0.006204261168221814,0.668526719033261,0.0,0.5950221245455203,0.0,0.5950221245455203,0.4049778754544797,0.0,0.0,0.0,True,0,long_only,1.3332902996701657,1.2381200377514119
2021-07-30,1.664361445267949,0.008231298619833849,0.668526719033261,0.0,0.5983284034042056,0.0,0.5983284034042056,0.40167159659579443,0.0,0.0,0.0,True,0,long_only,1.3365710235031572,1.2452472902679366
2021-08-02,1.6699141902187866,0.0033362614632928,0.6686507222503828,0.0,0.5995897716380395,0.0,0.5995897716380395,0.4004102283619605,0.00018037172091113303,0.0,0.21600433379456052,True,0,long_only,1.3507348590969437,1.2363005063297439
2021-08-03,1.6676577854925687,-0.0013512099839826375,0.6686507222503828,0.0,0.5990480012942905,0.0,0.5990480012942905,0.4009519987057095,0.0,0.0,0.0,True,0,long_only,1.3438552334017129,1.2409504714813748
2021-08-04,1.6709688844813602,0.0019854786860924456,0.6686507222503828,0.0,0.5998425054707585,0.0,0.5998425054707585,0.40015749452924154,0.0,0.0,0.0,True,0,long_only,1.355059233973688,1.233133462056321
2021-08-05,1.6638508256935147,-0.00425983921900186,0.6686507222503828,0.0,0.5981306064672712,0.0,0.5981306064672712,0.40186939353272877,0.0,0.0,0.0,True,0,long_only,1.3514921837991474,1.2311213084609216
2021-08-06,1.6684707913410184,0.002776670586185581,0.6686507222503828,0.0,0.5992433755984659,0.0,0.5992433755984659,0.40075662440153415,0.0,0.0,0.0,True,0,long_only,1.3534635999590672,1.232741531720157
2021-08-09,1.663529499919188,-0.0029615690292419394,0.5011534790729851,0.0,0.6987408524481649,0.0,0.6987408524481649,0.30125914755183514,0.0004208069489301772,0.0,0.5043221818078071,True,0,long_only,1.353266390573527,1.2292697960334098
2021-08-10,1.675728875508798,0.007333429067655661,0.5011534790729851,0.0,0.7009340315146022,0.0,0.7009340315146022,0.2990659684853978,0.0,0.0,0.0,True,0,long_only,1.3579756964845904,1.2339903282855351
2021-08-11,1.6819650633037138,0.0037214777915801633,0.5011534790729851,0.0,0.7020428723480021,0.0,0.7020428723480021,0.2979571276519979,0.0,0.0,0.0,True,0,long_only,1.3642650494141662,1.2328726474565719
2021-08-12,1.685494540526149,0.0020984248124054083,0.5011534790729851,0.0,0.7026668037046601,0.0,0.7026668037046601,0.29733319629533994,0.0,0.0,0.0,True,0,long_only,1.366398773642254,1.2335304839547812
2021-08-13,1.6868138879035595,0.000782765737703528,0.5011534790729851,0.0,0.7028993639032466,0.0,0.7028993639032466,0.2971006360967534,0.0,0.0,0.0,True,0,long_only,1.3685406302161374,1.232563981412197
2021-08-16,1.6890583031579085,0.0013305648420636196,0.34020437200139897,0.0,0.7985834051048778,0.0,0.7985834051048778,0.2014165948951222,0.0004323085471146532,0.0,0.5093776367468014,True,0,long_only,1.366890441715139,1.2356939895186636
2021-08-17,1.672635586690086,-0.009723001531159903,0.34020437200139897,0.0,0.796605803016175,0.0,0.796605803016175,0.203394196983825,0.0,0.0,0.0,True,0,long_only,1.3526100424982839,1.2365985273927966
2021-08-18,1.6701840001140746,-0.0014657027481177476,0.34020437200139897,0.0,0.7963072499927176,0.0,0.7963072499927176,0.20369275000728237,0.0,0.0,0.0,True,0,long_only,1.3580488875967496,1.2298408513626415
2021-08-19,1.677241869479352,0.004225803483206336,0.34020437200139897,0.0,0.7971643934055826,0.0,0.7971643934055826,0.20283560659441735,0.0,0.0,0.0,True,0,long_only,1.3569293346589058,1.236056901887941
2021-08-20,1.6681820857002208,-0.005401596480502757,0.34020437200139897,0.0,0.7960628069815304,0.0,0.7960628069815304,0.20393719301846958,0.0,0.0,0.0,True,0,long_only,1.3536004944466244,1.2324035729480158
2021-08-23,1.6873575551319582,0.01149482996856932,0.16795909076188603,0.0,0.9004602846319961,0.0,0.9004602846319961,0.09953971536800388,0.00025769163842443067,0.0,0.30885551618185303,True,0,long_only,1.3628896664315064,1.2380734821697015
2021-08-24,1.7331368611479232,0.02713076779532053,0.16795909076188603,0.0,0.9030895398239697,0.0,0.9030895398239697,0.09691046017603033,0.0,0.0,0.0,True,0,long_only,1.371045392721144,1.264098818572395
2021-08-25,1.750542956422969,0.010043116423891219,0.16795909076188603,0.0,0.9040531452566632,0.0,0.9040531452566632,0.09594685474333675,0.0,0.0,0.0,True,0,long_only,1.37541144587009,1.2727413034690647
2021-08-26,1.741828911627981,-0.004977909718247631,0.16795909076188603,0.0,0.9035731410584379,0.0,0.9035731410584379,0.09642685894156211,0.0,0.0,0.0,True,0,long_only,1.3739300035443474,1.2677712162443207
2021-08-27,1.7650612409514368,0.013337893962123815,0.16795909076188603,0.0,0.9048423437866951,0.0,0.9048423437866951,0.09515765621330485,0.0,0.0,0.0,True,0,long_only,1.3782686100262336,1.280636610390366
2021-08-30,1.768503749412207,0.0019503620502789865,0.17715920338435465,0.0,0.8998253730345572,0.0,0.8998253730345572,0.10017462696544277,0.0009120067732649196,0.0,1.0330928986401047,True,0,long_only,1.384750428472969,1.277128147461504
2021-08-31,1.7753361594317945,0.0038633845259634647,0.17715920338435465,0.0,0.9002108967120597,0.0,0.9002108967120597,0.09978910328794033,0.0,0.0,0.0,True,0,long_only,1.387938646872537,1.279117173826225
2021-09-01,1.7764636117235602,0.0006350641177310656,0.17715920338435465,0.0,0.9002742289708533,0.0,0.9002742289708533,0.0997257710291467,0.0,0.0,0.0,True,0,long_only,1.3909665902903858,1.2771432643487834
2021-09-02,1.8114612811393849,0.019700752205033645,0.17715920338435465,0.0,0.9022009439401741,0.0,0.9022009439401741,0.09779905605982586,0.0,0.0,0.0,True,0,long_only,1.4109664005356506,1.2838443781876683
2021-09-03,1.8305890555558615,0.01055930624387691,0.17715920338435465,0.0,0.9032228435723058,0.0,0.9032228435723058,0.09677715642769424,0.0,0.0,0.0,True,0,long_only,1.4085039939983288,1.2996690555057335
2021-09-06,1.8396162709452994,0.004931317251154921,0.3691531459228454,0.0,0.7993314411525869,0.0,0.7993314411525869,0.20066855884741308,0.0004854415486475,0.0,0.5273139646393447,True,0,long_only,1.4168135571625975,1.2984180322423184
2021-09-07,1.8727662675393537,0.01802006055155192,0.3691531459228454,0.0,0.8028834925525012,0.0,0.8028834925525012,0.19711650744749876,0.0,0.0,0.0,True,0,long_only,1.4348717698491926,1.3051802306600433
2021-09-08,1.8750749488170046,0.0012327653042811804,0.3691531459228454,0.0,0.8031261917526303,0.0,0.8031261917526303,0.19687380824736966,0.0,0.0,0.0,True,0,long_only,1.4388040978890464,1.3032176872223513
2021-09-09,1.8864359678264693,0.006058967945058669,0.3691531459228454,0.0,0.8043118599205996,0.0,0.8043118599205996,0.19568814007940039,0.0,0.0,0.0,True,0,long_only,1.4388545862025266,1.311067835426799
2021-09-10,1.8713051784685955,-0.00802083379236418,0.3691531459228454,0.0,0.8027295867235582,0.0,0.8027295867235582,0.1972704132764418,0.0,0.0,0.0,True,0,long_only,1.4381504605957351,1.301188734934891
2021-09-13,1.8723759429626792,0.000572201961713148,0.3755695829289344,0.0,0.799415505021568,0.0,0.799415505021568,0.200584494978432,0.0003867008914934957,0.0,0.4129145714109664,True,0,long_only,1.4408605648320771,1.29948448077687
2021-09-14,1.8497906630357455,-0.012062363870792292,0.3755695829289344,0.0,0.796966440347052,0.0,0.796966440347052,0.203033559652948,0.0,0.0,0.0,True,0,long_only,1.4265608512939578,1.2966784146346777
2021-09-15,1.8362071057873353,-0.007343294308837067,0.3755695829289344,0.0,0.7954644757962113,0.0,0.7954644757962113,0.20453552420378873,0.0,0.0,0.0,True,0,long_only,1.425521266423103,1.2880952035143742
2021-09-16,1.8180873260046992,-0.009868047959038062,0.3755695829289344,0.0,0.7934259935939053,0.0,0.7934259935939053,0.2065740064060947,0.0,0.0,0.0,True,0,long_only,1.401015458911662,1.2976925518131166
2021-09-17,1.8134453537049937,-0.0025532174573300592,0.3755695829289344,0.0,0.7928972151481599,0.0,0.7928972151481599,0.20710278485184008,0.0,0.0,0.0,True,0,long_only,1.4006142631857517,1.2947500260208986
2021-09-22,1.8255726222918722,0.006687418819707913,0.18148536129057008,0.0,0.9005871587498236,0.0,0.9005871587498236,0.09941284125017635,0.0006450581417061032,0.0,0.7140571755086027,True,0,long_only,1.4065756115015768,1.2978844559539882
2021-09-23,1.846492176948899,0.011459174179969889,0.18148536129057008,0.0,0.9017134415427353,0.0,0.9017134415427353,0.09828655845726475,0.0,0.0,0.0,True,0,long_only,1.4136561739075042,1.3061819493526405
2021-09-24,1.8258163824819156,-0.011197336617557618,0.18148536129057008,0.0,0.9006004311102365,0.0,0.9006004311102365,0.09939956888976353,0.0,0.0,0.0,True,0,long_only,1.4033921369703894,1.3010022889421669
2021-09-27,1.793124647237052,-0.01790526997047992,0.1838207470210371,0.0,0.8974857953660508,0.0,0.8974857953660508,0.10251420463394922,0.0003770361080453157,0.0,0.41288143444841385,True,0,long_only,1.381140344635261,1.298292859376713
2021-09-28,1.8025570027357667,0.005260289915287597,0.1838207470210371,0.0,0.8980222280116247,0.0,0.8980222280116247,0.10197777198837532,0.0,0.0,0.0,True,0,long_only,1.3864067162333142,1.300164649831673
2021-09-29,1.7808856458863191,-0.012022563955845222,0.1838207470210371,0.0,0.8967812742802178,0.0,0.8967812742802178,0.10321872571978219,0.0,0.0,0.0,True,0,long_only,1.364718427692264,1.304947313489269
2021-09-30,1.798590743596738,0.00994173755699368,0.1838207470210371,0.0,0.897797346241513,0.0,0.897797346241513,0.10220265375848703,0.0,0.0,0.0,True,0,long_only,1.3813209504814687,1.302080260905206
2021-10-08,1.8142502054696883,0.008706517549198045,0.0012597404590764438,0.0,0.999305641275234,0.0,0.999305641275234,0.0006943587247659755,0.0004588175198193044,0.0,0.5066090881259959,True,0,long_only,1.3817035095815977,1.313053193314297
2021-10-11,1.8018917994233918,-0.006811853188186334,0.0014523846875174184,0.0,0.9991939667587243,0.0,0.9991939667587243,0.0008060332412757054,0.0003757222895762384,0.0,0.4107038008284202,True,0,long_only,1.3795640249419046,1.3061313334111275
2021-10-12,1.7798999271621714,-0.012204879487357712,0.0014523846875174184,0.0,0.9991840076706824,0.0,0.9991840076706824,0.0008159923293176163,0.0,0.0,0.0,True,0,long_only,1.3598061519840552,1.3089365161094242
2021-10-13,1.7547835226775956,-0.01411113293578281,0.0014523846875174184,0.0,0.9991723282850861,0.0,0.9991723282850861,0.0008276717149139357,0.0,0.0,0.0,True,0,long_only,1.3590390006973487,1.2911943820428868
2021-10-14,1.765385550477308,0.006041786729074516,0.0014523846875174184,0.0,0.9991772988698562,0.0,0.9991772988698562,0.0008227011301438214,0.0,0.0,0.0,True,0,long_only,1.3640620796170209,1.2942120280720393
2021-10-15,1.7682026793391583,0.0015957584229058241,0.0014523846875174184,0.0,0.9991786096104887,0.0,0.9991786096104887,0.000821390389511345,0.0,0.0,0.0,True,0,long_only,1.370486971643188,1.290200283494207
2021-10-18,1.7894058292553163,0.011991357192198349,0.0015604111228961156,0.0,0.9991279724826059,0.0,0.9991279724826059,0.000872027517394125,0.00021118819623053476,0.0,0.23819856652728677,True,0,long_only,1.377907398333818,1.2986401200973936
2021-10-19,1.801468594125463,0.006741212458867718,0.0015604111228961156,0.0,0.9991338116423542,0.0,0.9991338116423542,0.0008661883576458473,0.0,0.0,0.0,True,0,long_only,1.3854132146553004,1.3003113981222416
2021-10-20,1.792749605499257,-0.00483993373775049,0.0015604111228961156,0.0,0.9991295989589905,0.0,0.9991295989589905,0.0008704010410095497,0.0,0.0,0.0,True,0,long_only,1.3863890961507574,1.29310711579941
2021-10-21,1.7927432008680868,-3.572518521566259e-06,0.0015604111228961156,0.0,0.9991295958494555,0.0,0.9991295958494555,0.0008704041505445126,0.0,0.0,0.0,True,0,long_only,1.3855975478266644,1.2938412049588555
2021-10-22,1.7732437869748179,-0.010876858372033893,0.0015604111228961156,0.0,0.9991200244803575,0.0,0.9991200244803575,0.000879975519642473,0.0,0.0,0.0,True,0,long_only,1.3796375549018054,1.2852968380532575
2021-10-25,1.7761548749229614,0.0016416738462734504,0.17918655518597865,0.0,0.8991154669472444,0.0,0.8991154669472444,0.10088453305275558,0.00010139585394548393,0.0,0.11412653164343833,True,0,long_only,1.3868624664456024,1.2807000823052619
2021-10-26,1.7741575386288706,-0.0011245282279662705,0.17918655518597865,0.0,0.8990018917235163,0.0,0.8990018917235163,0.1009981082764837,0.0,0.0,0.0,True,0,long_only,1.38838863667322,1.2778536871923762
2021-10-27,1.7618259878154476,-0.006950651531742347,0.17918655518597865,0.0,0.8982949755394638,0.0,0.8982949755394638,0.1017050244605362,0.0,0.0,0.0,True,0,long_only,1.3850648791770608,1.2720169389193092
2021-10-28,1.7472027921778648,-0.008300022668932594,0.3544145143289568,0.0,0.7971531891342826,0.0,0.7971531891342826,0.20284681086571743,8.765780847572695e-05,0.0,0.09987047722123683,True,0,long_only,1.3741797343298168,1.2714514328287414
2021-10-29,1.7502633515188575,0.0017516909626602573,0.3544145143289568,0.0,0.7975078927285999,0.0,0.7975078927285999,0.2024921072714001,0.0,0.0,0.0,True,0,long_only,1.3829098075412598,1.2656381073981482
2021-11-01,1.7611471283380744,0.006218365259017755,0.17647540153726549,0.0,0.8997951967228324,0.0,0.8997951967228324,0.10020480327716763,0.00010483777952772141,0.0,0.119702455353508,True,0,long_only,1.3934774520547388,1.2638504668598634
2021-11-02,1.7492911079244013,-0.006731987477310408,0.17647540153726549,0.0,0.8991160472160291,0.0,0.8991160472160291,0.10088395278397089,0.0,0.0,0.0,True,0,long_only,1.3873649776462147,1.2608730479071382
2021-11-03,1.755099857319646,0.0033206304936499453,0.17647540153726549,0.0,0.8994499368219566,0.0,0.8994499368219566,0.10055006317804338,0.0,0.0,0.0,True,0,long_only,1.3908923826350021,1.2618516567001856
2021-11-04,1.7657895308480955,0.006090635517898457,0.17647540153726549,0.0,0.9000586431993933,0.0,0.9000586431993933,0.09994135680060667,0.0,0.0,0.0,True,0,long_only,1.4019052730807833,1.2595640837898068
2021-11-05,1.7528799613831432,-0.007310933290419874,0.17647540153726549,0.0,0.8993225974253171,0.0,0.8993225974253171,0.10067740257468294,0.0,0.0,0.0,True,0,long_only,1.3918689418259422,1.2593714168832617
2021-11-08,1.81202134517476,0.03373955153492103,0.1782585198654819,0.0,0.901624492260995,0.0,0.901624492260995,0.09837550773900505,0.00020041970096142372,0.0,0.2265312946187347,True,0,long_only,1.3979763335183442,1.2961745501187218
2021-11-09,1.7980315687403152,-0.007720536224199659,0.1782585198654819,0.0,0.9008590711283405,0.0,0.9008590711283405,0.09914092887165948,0.0,0.0,0.0,True,0,long_only,1.4059697517398138,1.2788550866868549
2021-11-10,1.7980417244526947,5.648239194355753e-06,0.1782585198654819,0.0,0.900859631096858,0.0,0.900859631096858,0.09914036890314204,0.0,0.0,0.0,True,0,long_only,1.4062828470529396,1.2785775836068398
2021-11-11,1.811146757678177,0.007288503401928104,0.1782585198654819,0.0,0.9015769875578704,0.0,0.9015769875578704,0.09842301244212959,0.0,0.0,0.0,True,0,long_only,1.4200651400898219,1.2753969564830092
2021-11-12,1.8176171008581838,0.0035725118092040375,0.1782585198654819,0.0,0.9019273532465569,0.0,0.9019273532465569,0.09807264675344307,0.0,0.0,0.0,True,0,long_only,1.429001571575825,1.271948986629745
2021-11-15,1.8251048174951012,0.0041195236518087874,0.3647551467574799,0.0,0.8001456446440732,0.0,0.8001456446440732,0.19985435535592677,0.0004636145394719761,0.0,0.509696990140054,True,0,long_only,1.4263006162285026,1.2796073960348817
2021-11-16,1.8041675800025823,-0.011471800025849799,0.3647551467574799,0.0,0.797826348948717,0.0,0.797826348948717,0.20217365105128304,0.0,0.0,0.0,True,0,long_only,1.4176186593963496,1.2726748255210134
2021-11-17,1.8101639700655248,0.0033236325324801363,0.3647551467574799,0.0,0.7984960739527501,0.0,0.7984960739527501,0.20150392604724987,0.0,0.0,0.0,True,0,long_only,1.4233411200544326,1.271771007357884
2021-11-18,1.8156067185320077,0.0030067709646688368,0.3647551467574799,0.0,0.7991001338371345,0.0,0.7991001338371345,0.20089986616286548,0.0,0.0,0.0,True,0,long_only,1.423815506892502,1.2751699287884535
2021-11-19,1.8285203349848924,0.007112562605698036,0.3647551467574799,0.0,0.8005189552565225,0.0,0.8005189552565225,0.1994810447434775,0.0,0.0,0.0,True,0,long_only,1.436041472252775,1.2733060780733723
2021-11-22,1.8362332958242038,0.004218143321537138,0.18393645440652742,0.0,0.899829474378436,0.0,0.899829474378436,0.10017052562156403,0.0002828200565218363,0.0,0.30953358038793305,True,0,long_only,1.44835960419873,1.2678020641428034
2021-11-23,1.858561052997768,0.012159542703173987,0.18393645440652742,0.0,0.9010328694288268,0.0,0.9010328694288268,0.09896713057117323,0.0,0.0,0.0,True,0,long_only,1.4468632525723626,1.2845450665040061
2021-11-24,1.8915891333263968,0.017770780397746933,0.18393645440652742,0.0,0.9027608843982565,0.0,0.9027608843982565,0.09723911560174348,0.0,0.0,0.0,True,0,long_only,1.4464302051587536,1.3077638496347528
2021-11-25,1.8890467987413466,-0.001344020506493071,0.18393645440652742,0.0,0.9026300171445819,0.0,0.9026300171445819,0.09736998285541809,0.0,0.0,0.0,True,0,long_only,1.4449460520510793,1.3073476314633843
2021-11-26,1.8892590610833395,0.00011236478743370526,0.18393645440652742,0.0,0.9026409568727677,0.0,0.9026409568727677,0.09735904312723231,0.0,0.0,0.0,True,0,long_only,1.4458924537930278,1.3066387172346203
2021-11-29,1.8769943041037511,-0.006491834408646757,0.18907043453097938,0.0,0.8992695747037661,0.0,0.8992695747037661,0.10073042529623388,0.0005886029140866363,0.0,0.6260062829576213,True,0,long_only,1.4518436366766085,1.292835024851814
2021-11-30,1.8713779136876665,-0.0029922256044173645,0.18907043453097938,0.0,0.8989672619581127,0.0,0.8989672619581127,0.10103273804188728,0.0,0.0,0.0,True,0,long_only,1.4537418617243691,1.2872835012592363
2021-12-01,1.8970474167783997,0.013716899672151062,0.18907043453097938,0.0,0.9003343654677529,0.0,0.9003343654677529,0.09966563453224708,0.0,0.0,0.0,True,0,long_only,1.4611904127775417,1.2982889842346748
2021-12-02,1.8987503112939317,0.000897655219616933,0.18907043453097938,0.0,0.9004237506077698,0.0,0.9004237506077698,0.0995762493922302,0.0,0.0,0.0,True,0,long_only,1.4627718151870204,1.2980495601435758
2021-12-03,1.920406651624161,0.011405575657533973,0.18907043453097938,0.0,0.90154666753988,0.0,0.90154666753988,0.09845333246012,0.0,0.0,0.0,True,0,long_only,1.4704782293714578,1.305974215235421
2021-12-06,1.906325883009938,-0.007332180714076375,0.1932724302087422,0.0,0.8986152200254554,0.0,0.8986152200254554,0.10138477997454465,0.0003978409255915211,0.0,0.4143573705304191,True,0,long_only,1.4567789540312377,1.3085896647083637
2021-12-07,1.8786835811496578,-0.01450030244390077,0.1932724302087422,0.0,0.8971234793618256,0.0,0.8971234793618256,0.10287652063817443,0.0,0.0,0.0,True,0,long_only,1.436498577856029,1.3078213999721384
2021-12-08,1.8833187442189403,0.0024672398885001723,0.1932724302087422,0.0,0.8973766757209772,0.0,0.8973766757209772,0.10262332427902277,0.0,0.0,0.0,True,0,long_only,1.4475158733224496,1.3010694935567113
2021-12-09,1.8947297203749616,0.006058972327997347,0.1932724302087422,0.0,0.8979947228724031,0.0,0.8979947228724031,0.10200527712759688,0.0,0.0,0.0,True,0,long_only,1.457411921612319,1.3000646504104638
2021-12-10,1.8968903360893483,0.0011403292465159698,0.1932724302087422,0.0,0.8981109099816519,0.0,0.8981109099816519,0.10188909001834812,0.0,0.0,0.0,True,0,long_only,1.4608871440489188,1.2984509746810597
2021-12-13,1.9027733965940123,0.003101423626203248,0.0015085575526163158,0.0,0.9992071796067169,0.0,0.9992071796067169,0.0007928203932831002,0.00029392281664462026,0.0,0.30938953608422937,True,0,long_only,1.4668776332705111,1.2971589132159849
2021-12-14,1.8870629345415098,-0.0082566122064901,0.0015085575526163158,0.0,0.9992005790983421,0.0,0.9992005790983421,0.0007994209016578546,0.0,0.0,0.0,True,0,long_only,1.4604723944133495,1.2920907931981251
2021-12-15,1.8887228447588396,0.0008796263160841811,0.0015085575526163158,0.0,0.9992012816720026,0.0,0.9992012816720026,0.0007987183279973831,0.0,0.0,0.0,True,0,long_only,1.4615743272686363,1.2922523401792714
2021-12-16,1.9266779095259343,0.020095624338117846,0.0015085575526163158,0.0,0.9992170162199101,0.0,0.9992170162199101,0.0007829837800898964,0.0,0.0,0.0,True,0,long_only,1.4665106611664902,1.3137837729685637
2021-12-17,1.9305105857174378,0.0019892666919332225,0.0015085575526163158,0.0,0.9992185706912061,0.0,0.9992185706912061,0.0007814293087938795,0.0,0.0,0.0,True,0,long_only,1.4635267679550337,1.3190811592841
2021-12-20,1.9082094898832638,-0.011551915850223748,0.0019017228782842773,0.0,0.9990033993183838,0.0,0.9990033993183838,0.000996600681616222,2.1366422861763446e-05,0.0,0.02220112840411242,True,0,long_only,1.4519273320687536,1.314259638024986
2021-12-21,1.9402338538111632,0.016782415189570354,0.0019017228782842773,0.0,0.9990198486256959,0.0,0.9990198486256959,0.0009801513743040724,0.0,0.0,0.0,True,0,long_only,1.4623387677734112,1.3268018988277288
2021-12-22,1.9355819996769192,-0.0023975739445564193,0.0019017228782842773,0.0,0.9990174929924944,0.0,0.9990174929924944,0.000982507007505573,0.0,0.0,0.0,True,0,long_only,1.4691695993938692,1.3174666835438715
2021-12-23,1.9412932801018168,0.00295067862061682,0.0019017228782842773,0.0,0.999020383525881,0.0,0.999020383525881,0.0009796164741190383,0.0,0.0,0.0,True,0,long_only,1.478207007506833,1.313275657768686
2021-12-24,1.9232134112369388,-0.009313311414713143,0.0019017228782842773,0.0,0.9990111742840535,0.0,0.9990111742840535,0.0009888257159464953,0.0,0.0,0.0,True,0,long_only,1.4737891106534409,1.3049447830322443
2021-12-27,1.9205465082816613,-0.0013866911179463148,0.00171825029602855,0.0,0.9991053326286975,0.0,0.9991053326286975,0.0008946673713025044,0.0002021731140266975,0.0,0.21034124476630608,True,0,long_only,1.4671971666907249,1.3089900606974791
2021-12-28,1.9168502188848024,-0.0019246029090781436,0.00171825029602855,0.0,0.9991036074289475,0.0,0.9991036074289475,0.0008963925710524512,0.0,0.0,0.0,True,0,long_only,1.468348910164009,1.3054460051124344
2021-12-29,1.9181553512911784,0.0006808734420238327,0.00171825029602855,0.0,0.9991042173435681,0.0,0.9991042173435681,0.0008957826564318649,0.0,0.0,0.0,True,0,long_only,1.4636965306735141,1.3104870518539433
2021-12-30,1.923285727247142,0.002674640483373736,0.00171825029602855,0.0,0.9991066068490573,0.0,0.9991066068490573,0.0008933931509427229,0.0,0.0,0.0,True,0,long_only,1.4697954511723794,1.3085397193963533
2021-12-31,1.9280512704609674,0.0024778134347445135,0.00171825029602855,0.0,0.9991088150391262,0.0,0.9991088150391262,0.0008911849608738143,0.0,0.0,0.0,True,0,long_only,1.4786220959901437,1.3039513447618731
2022-01-04,1.9493029644376163,0.011022369737900162,0.0017348845136367682,0.0,0.9991099974989587,0.0,0.9991099974989587,0.0008900025010413204,0.00020482098913413146,0.0,0.21098877323404577,True,0,long_only,1.4830877703750842,1.314354418784414
2022-01-05,1.9490735189291133,-0.00011770643798769687,0.0017348845136367682,0.0,0.9991098927276022,0.0,0.9991098927276022,0.0008901072723977999,0.0,0.0,0.0,True,0,long_only,1.4727457984574297,1.323428334319877
2022-01-06,1.9562971577683406,0.0037061910538891407,0.0017348845136367682,0.0,0.9991131794539763,0.0,0.9991131794539763,0.0008868205460237366,0.0,0.0,0.0,True,0,long_only,1.476212888548234,1.3252134383491534
2022-01-07,1.9648103253997018,0.004351674078529433,0.0017348845136367682,0.0,0.9991170218869427,0.0,0.9991170218869427,0.0008829781130572645,0.0,0.0,0.0,True,0,long_only,1.472941652452004,1.3339362914538295
2022-01-10,1.9687062187228572,0.0019828343086312206,0.001753899859939236,0.0,0.9991091104181725,0.0,0.9991091104181725,0.0008908895818274809,0.00020789859858807308,0.0,0.21174744723607777,True,0,long_only,1.4779545659394318,1.3320478613437545
2022-01-11,1.9671820654718764,-0.0007741902963914749,0.001753899859939236,0.0,0.9991084201657163,0.0,0.9991084201657163,0.0008915798342836734,0.0,0.0,0.0,True,0,long_only,1.469313270836256,1.3388445503879915
2022-01-12,1.9696669775545608,0.0012631835793441848,0.001753899859939236,0.0,0.9991095449738835,0.0,0.9991095449738835,0.0008904550261165101,0.0,0.0,0.0,True,0,long_only,1.478827098873738,1.3319116068772625
2022-01-13,1.9675074362868439,-0.001096399184393193,0.001753899859939236,0.0,0.999108567608136,0.0,0.999108567608136,0.0008914323918639555,0.0,0.0,0.0,True,0,long_only,1.4674109796155976,1.3408019045913444
2022-01-14,1.9413682070705904,-0.01328545383573454,0.001753899859939236,0.0,0.9990965650650138,0.0,0.9990965650650138,0.0009034349349862358,0.0,0.0,0.0,True,0,long_only,1.4546208327657633,1.3346214789041233
2022-01-17,1.9494687024964803,0.0041725703534174485,0.0017376892573978402,0.0,0.9991086344422085,0.0,0.9991086344422085,0.000891365557791457,0.00020008795296561896,0.0,0.2063163284012576,True,0,long_only,1.465094616454853,1.3306094231741061
2022-01-18,1.9497086909181462,0.00012310452656083548,0.0017376892573978402,0.0,0.9991087441598367,0.0,0.9991087441598367,0.000891255840163252,0.0,0.0,0.0,True,0,long_only,1.469880163107749,1.3264405764861142
2022-01-19,1.9746335666198678,0.01278389731646734,0.0017376892573978402,0.0,0.9991199940653434,0.0,0.9991199940653434,0.0008800059346566469,0.0,0.0,0.0,True,0,long_only,1.4712335209872127,1.3421618923519827
2022-01-20,1.9714761839442918,-0.0015989714390303167,0.19006275226134792,0.0,0.9035936858841007,0.0,0.9035936858841007,0.09640631411589928,9.42096363201351e-05,0.0,0.09442255430557059,True,0,long_only,1.473420105462971,1.3380272039418275
2022-01-21,1.957283287701512,-0.0071991213276462185,0.19006275226134792,0.0,0.9028946124173249,0.0,0.9028946124173249,0.09710538758267506,0.0,0.0,0.0,True,0,long_only,1.466799698289971,1.3343902988140495
2022-01-24,1.9503001902908121,-0.0035677499800758072,0.0015500951547303358,0.0,0.999205201762043,0.0,0.999205201762043,0.0007947982379570284,0.00030710774368822286,0.0,0.3144722311304001,True,0,long_only,1.4697849468923936,1.3269289459076208
2022-01-25,1.9184939811844663,-0.01630836589397211,0.0015500951547303358,0.0,0.9991920250102774,0.0,0.9991920250102774,0.0008079749897226263,0.0,0.0,0.0,True,0,long_only,1.4508169280199297,1.3223542847703196
2022-01-26,1.929828891623162,0.005908233515383499,0.0015500951547303358,0.0,0.999196770676686,0.0,0.999196770676686,0.0008032293233140031,0.0,0.0,0.0,True,0,long_only,1.4573526232575604,1.3242017483109165
2022-01-27,1.9052393927700717,-0.01274180263329372,0.0015500951547303358,0.0,0.9991864039969924,0.0,0.9991864039969924,0.0008135960030075662,0.0,0.0,0.0,True,0,long_only,1.4443144398609642,1.3191306132433862
2022-01-28,1.917474209102813,0.00642166878302497,0.0015500951547303358,0.0,0.9991915953041915,0.0,0.9991915953041915,0.0008084046958084512,0.0,0.0,0.0,True,0,long_only,1.4437265390294993,1.328142246655503
2022-02-07,1.9495852196257133,0.016746514957259873,0.001224312286219647,0.0,0.9993720139679482,0.0,0.9993720139679482,0.0006279860320518305,0.0006997940262757551,0.0,0.7267403169632272,True,0,long_only,1.4581238407171646,1.3370505064006277
2022-02-08,1.96068915300753,0.005695536296663528,0.001224312286219647,0.0,0.9993755704292332,0.0,0.9993755704292332,0.0006244295707668046,0.0,0.0,0.0,True,0,long_only,1.4615041857861506,1.341555619255969
2022-02-09,1.9718539984578503,0.0056943475375452746,0.001224312286219647,0.0,0.9993791060153657,0.0,0.9993791060153657,0.0006208939846342743,0.0,0.0,0.0,True,0,long_only,1.4753481491119818,1.3365347017547806
2022-02-10,1.975759532949438,0.001980640805375078,0.001224312286219647,0.0,0.9993803333524136,0.0,0.9993803333524136,0.0006196666475863921,0.0,0.0,0.0,True,0,long_only,1.4795640927114528,1.3353659653423031
2022-02-11,1.9709324868261762,-0.002443134421351356,0.001224312286219647,0.0,0.9993788157157066,0.0,0.9993788157157066,0.0006211842842933635,0.0,0.0,0.0,True,0,long_only,1.4699492880470104,1.3408166545968243
2022-02-14,1.9191252794654605,-0.026285632667277015,0.0014143573819871526,0.0,0.9992630197741019,0.0,0.9992630197741019,0.0007369802258980762,0.000552257171087118,0.0,0.5611770760835237,True,0,long_only,1.4256385077416542,1.346151404471766
2022-02-15,1.881945303972562,-0.019373396771290574,0.0014143573819871526,0.0,0.9992484598893487,0.0,0.9992484598893487,0.0007515401106512609,0.0,0.0,0.0,True,0,long_only,1.4039132847967828,1.340499676406278
2022-02-16,1.9003235746091383,0.009765571081041369,0.0014143573819871526,0.0,0.9992557281292066,0.0,0.9992557281292066,0.0007442718707934004,0.0,0.0,0.0,True,0,long_only,1.4116332528908795,1.3461878789816486
2022-02-17,1.9124557325859841,0.00638425904879969,0.0014143573819871526,0.0,0.999260449610473,0.0,0.999260449610473,0.0007395503895269995,0.0,0.0,0.0,True,0,long_only,1.4145409053605036,1.3519974751798247
2022-02-18,1.9236373561139892,0.005846735868173747,0.0014143573819871526,0.0,0.9992647484321866,0.0,0.9992647484321866,0.0007352515678133997,0.0,0.0,0.0,True,0,long_only,1.4256676486474213,1.349288775640668
2022-02-21,1.9433654020887188,0.01025559516819885,0.0012806220196244394,0.0,0.9993410287029666,0.0,0.9993410287029666,0.0006589712970334061,0.0006405644243432011,0.0,0.666264159864917,True,0,long_only,1.431275578768885,1.3577856220814646
2022-02-22,1.927737843043931,-0.008041492880336065,0.0012806220196244394,0.0,0.9993356866317454,0.0,0.9993356866317454,0.0006643133682545654,0.0,0.0,0.0,True,0,long_only,1.423174068117884,1.3545341263794395
2022-02-23,1.9491977801195306,0.011132186439684277,0.0012806220196244394,0.0,0.9993430004729711,0.0,0.9993430004729711,0.000656999527028912,0.0,0.0,0.0,True,0,long_only,1.4345237732186944,1.3587769101560743
2022-02-24,1.9304553772447117,-0.00961544439767914,0.0012806220196244394,0.0,0.999336621796743,0.0,0.999336621796743,0.0006633782032570146,0.0,0.0,0.0,True,0,long_only,1.426380923143233,1.3533939958974488
2022-02-25,1.94410668920057,0.0070715501206470854,0.0012806220196244394,0.0,0.9993412799684616,0.0,0.9993412799684616,0.00065872003153844,0.0,0.0,0.0,True,0,long_only,1.4314355149028626,1.3581517776806715
2022-02-28,1.9452284628364205,0.000577012384187503,0.0011429335730348247,0.0,0.9994124424997524,0.0,0.9994124424997524,0.0005875575002476374,0.0008059592273309667,0.0,0.8264097456254212,True,0,long_only,1.4335231558381094,1.3569564292800995
2022-03-01,1.957157276979573,0.006132346082248219,0.0011429335730348247,0.0,0.9994160236448658,0.0,0.9994160236448658,0.0005839763551341859,0.0,0.0,0.0,True,0,long_only,1.4378312660232628,1.3611870344095773
2022-03-02,1.961543556381001,0.0022411481453330495,0.0011429335730348247,0.0,0.9994173294957857,0.0,0.9994173294957857,0.0005826705042143443,0.0,0.0,0.0,True,0,long_only,1.4337583161706953,1.3681131152005612
2022-03-03,1.958248388735576,-0.0016798850245797192,0.0011429335730348247,0.0,0.9994163490292604,0.0,0.9994163490292604,0.0005836509707396464,0.0,0.0,0.0,True,0,long_only,1.4258194524356036,1.3734196046985263
2022-03-04,1.9360704270236015,-0.01132540786937375,0.0011429335730348247,0.0,0.9994096632244975,0.0,0.9994096632244975,0.0005903367755024647,0.0,0.0,0.0,True,0,long_only,1.4098027973914147,1.373291662213999
2022-03-07,1.9037340601099082,-0.016702061279560643,0.0011360618364571128,0.0,0.999403245516135,0.0,0.999403245516135,0.0005967544838649808,0.000811875242079394,0.0,0.8329135925111099,True,0,long_only,1.3808699441375614,1.3786483428016878
2022-03-08,1.847393661694592,-0.02959467900262469,0.0011360618364571128,0.0,0.9993850461544752,0.0,0.9993850461544752,0.0006149538455247905,0.0,0.0,0.0,True,0,long_only,1.3545499458182462,1.3638431476062203
2022-03-09,1.8232533289897903,-0.01306723802584564,0.0011360618364571128,0.0,0.9993769040108724,0.0,0.9993769040108724,0.0006230959891275756,0.0,0.0,0.0,True,0,long_only,1.3451032096335769,1.355474669848173
2022-03-10,1.8577007585358989,0.0188933863431886,0.0011360618364571128,0.0,0.9993884581081011,0.0,0.9993884581081011,0.0006115418918989368,0.0,0.0,0.0,True,0,long_only,1.3635256836422607,1.362424471223449
2022-03-11,1.845534358015201,-0.00654917131556032,0.0011360618364571128,0.0,0.9993844266125292,0.0,0.9993844266125292,0.0006155733874707581,0.0,0.0,0.0,True,0,long_only,1.3649237694235998,1.3521153337336638
2022-03-14,1.8330875668101985,-0.006744274985153176,0.0011791282528672963,0.0,0.999356752904653,0.0,0.999356752904653,0.0006432470953470215,0.000655420495048339,0.0,0.7139524388487638,True,0,long_only,1.3562885735797705,1.3515468629009908
2022-03-15,1.7927596610231271,-0.02199998871698572,0.0011791282528672963,0.0,0.99934228314118,0.0,0.99934228314118,0.00065771685881999,0.0,0.0,0.0,True,0,long_only,1.3340537236317158,1.3438436768068596
2022-03-16,1.8109871506044708,0.01016728007531209,0.0011791282528672963,0.0,0.9993489030264661,0.0,0.9993489030264661,0.0006510969735339378,0.0,0.0,0.0,True,0,long_only,1.357771371296479,1.3337938837782646
2022-03-17,1.8418763930927897,0.01705657739095967,0.0011791282528672963,0.0,0.9993598222675044,0.0,0.9993598222675044,0.0006401777324955837,0.0,0.0,0.0,True,0,long_only,1.367586434976135,1.3468080305468453
2022-03-18,1.8704462401704574,0.015511272735134307,0.0011791282528672963,0.0,0.9993696005650716,0.0,0.9993696005650716,0.0006303994349283748,0.0,0.0,0.0,True,0,long_only,1.3776183612103372,1.3577390464853671
2022-03-21,1.8759373157675614,0.0029357035124428776,0.001595665819013011,0.0,0.9991494034445602,0.0,0.9991494034445602,0.000850596555439842,0.00027956113488510553,0.0,0.29791982891386065,True,0,long_only,1.3786342267392886,1.360721560064907
2022-03-22,1.8753993921929162,-0.00028674922670590686,0.001595665819013011,0.0,0.9991491594666951,0.0,0.9991491594666951,0.0008508405333048641,0.0,0.0,0.0,True,0,long_only,1.3766285869574795,1.362313270232011
2022-03-23,1.870832950352869,-0.0024349169883796096,0.001595665819013011,0.0,0.9991470826838323,0.0,0.9991470826838323,0.0008529173161676562,0.0,0.0,0.0,True,0,long_only,1.37167259989062,1.3639063363240271
2022-03-24,1.8506241400892316,-0.010802038877830156,0.001595665819013011,0.0,0.9991377688292037,0.0,0.9991377688292037,0.0008622311707963126,0.0,0.0,0.0,True,0,long_only,1.3580465156625592,1.3627104217312875
2022-03-25,1.826448130861162,-0.013063705754375321,0.001595665819013011,0.0,0.9991263557984202,0.0,0.9991263557984202,0.0008736442015797596,0.0,0.0,0.0,True,0,long_only,1.3465988835644616,1.3563416345827752
2022-03-28,1.8147777565590328,-0.006389655476625289,0.0010238276034942536,0.0,0.9994358385759392,0.0,0.9994358385759392,0.000564161424060794,0.000796422650490997,0.0,0.8742490856660502,True,0,long_only,1.34078967788456,1.353514116712407
2022-03-29,1.8114269516913941,-0.0018463995690536361,0.0010238276034942536,0.0,0.9994347949816368,0.0,0.9994347949816368,0.0005652050183632129,0.0,0.0,0.0,True,0,long_only,1.3392140358866866,1.3526045151491097
2022-03-30,1.833465504615187,0.012166404448832324,0.0010238276034942536,0.0,0.9994415888376863,0.0,0.9994415888376863,0.0005584111623136989,0.0,0.0,0.0,True,0,long_only,1.356047313987838,1.3520660272711038
2022-03-31,1.8209288074461505,-0.006837705502219293,0.0010238276034942536,0.0,0.9994377442987844,0.0,0.9994377442987844,0.0005622557012155971,0.0,0.0,0.0,True,0,long_only,1.3550412750433896,1.3438179640600563
2022-04-01,1.838330824193196,0.009556670571570391,0.0010238276034942536,0.0,0.9994430667266085,0.0,0.9994430667266085,0.0005569332733914578,0.0,0.0,0.0,True,0,long_only,1.3690983735986104,1.3427309970146486
2022-04-06,1.8468429650212648,0.0046303639780422845,0.001365215841714446,0.0,0.9992607840148993,0.0,0.9992607840148993,0.0007392159851007385,0.0004723539614867568,0.0,0.513707267613774,True,0,long_only,1.3723065840149256,1.3457947273108601
2022-04-07,1.8267157575102217,-0.010898169412476899,0.001365215841714446,0.0,0.9992526391497409,0.0,0.9992526391497409,0.0007473608502590601,0.0,0.0,0.0,True,0,long_only,1.3616261032035344,1.341569284851736
2022-04-08,1.8267843278087303,3.753747578216782e-05,0.001365215841714446,0.0,0.9992526672027277,0.0,0.9992526672027277,0.0007473327972723487,0.0,0.0,0.0,True,0,long_only,1.3622201032943455,1.341034626776465
2022-04-11,1.8015608390720474,-0.01380758984665642,0.005162957337194617,0.0,0.9971341754187697,0.0,0.9971341754187697,0.002865824581230303,0.00046922575719677325,0.0,0.5136640585032266,True,0,long_only,1.3489379495238851,1.3355401853049786
2022-04-12,1.8149372531087906,0.0074249027546764435,0.005162957337194617,0.0,0.9971552970614543,0.0,0.9971552970614543,0.0028447029385456624,0.0,0.0,0.0,True,0,long_only,1.352756763570344,1.341658235970382
2022-04-13,1.7947798399510086,-0.011106396721569656,0.005162957337194617,0.0,0.9971233478211258,0.0,0.9971233478211258,0.0028766521788742283,0.0,0.0,0.0,True,0,long_only,1.347725213457135,1.3317105163797491
2022-04-14,1.8017304049802134,0.00387265606314946,0.11060842580660771,0.0,0.9386098910797799,0.0,0.9386098910797799,0.06139010892022012,5.274910878910109e-05,0.0,0.05878948427820688,True,0,long_only,1.353192860613626,1.3314660884060467
2022-04-15,1.7986893029062259,-0.0016878785336482682,0.11060842580660771,0.0,0.9385060968406869,0.0,0.9385060968406869,0.061493903159313135,0.0,0.0,0.0,True,0,long_only,1.3518903298953842,1.3304994222759305
2022-04-18,1.814094607561592,0.00856473913002942,0.00116345726033971,0.0,0.9993586567891828,0.0,0.9993586567891828,0.0006413432108172135,0.0005226237639786017,0.0,0.5815540972130401,True,0,long_only,1.3539711938758017,1.3398324984807595
2022-04-19,1.8218668572750167,0.0042843684563242945,0.00116345726033971,0.0,0.9993613928176508,0.0,0.9993613928176508,0.0006386071823492045,0.0,0.0,0.0,True,0,long_only,1.3566457190992884,1.3429201387113803
2022-04-20,1.8136265516347514,-0.004523001012593397,0.11207704496810075,0.0,0.9382027987696377,0.0,0.9382027987696377,0.06179720123036225,5.5484536121941505e-05,0.0,0.060741146750368756,True,0,long_only,1.347800437655743,1.3456195004575227
2022-04-21,1.7856645498080292,-0.015417728529347974,0.11207704496810075,0.0,0.9372351066833075,0.0,0.9372351066833075,0.06276489331669255,0.0,0.0,0.0,True,0,long_only,1.334935405455042,1.3376411641425798
2022-04-22,1.7792549263030881,-0.0035894891376043736,0.11207704496810075,0.0,0.9370090011772665,0.0,0.9370090011772665,0.06299099882273351,0.0,0.0,0.0,True,0,long_only,1.335595819703183,1.3321806642809815
2022-04-25,1.7191732483084758,-0.033767886268804226,0.0011134895303480153,0.0,0.999352311041692,0.0,0.999352311041692,0.0006476889583080236,0.000617133747115925,0.0,0.6904888246064644,True,0,long_only,1.308839385492844,1.3135097150679955
2022-04-26,1.7044214748084277,-0.008580736999347027,0.0011134895303480153,0.0,0.9993467052916163,0.0,0.9993467052916163,0.0006532947083837115,0.0,0.0,0.0,True,0,long_only,1.3025388505877993,1.3085379173444769
2022-04-27,1.7417882700815586,0.0219234478240371,0.0011134895303480153,0.0,0.9993607205023284,0.0,0.9993607205023284,0.0006392794976716187,0.0,0.0,0.0,True,0,long_only,1.3188960476121738,1.3206410567648754
2022-04-28,1.7425584372735872,0.0004421703861816617,0.0011134895303480153,0.0,0.9993610030478575,0.0,0.9993610030478575,0.0006389969521425343,0.0,0.0,0.0,True,0,long_only,1.3203124311715526,1.3198076425951417
2022-04-29,1.7814316761046078,0.0223081407197121,0.0011134895303480153,0.0,0.9993749468221073,0.0,0.9993749468221073,0.0006250531778927426,0.0,0.0,0.0,True,0,long_only,1.336081388516721,1.3333257175914275
2022-05-05,1.7971192705486099,0.008806172391806477,0.0011913555863175133,0.0,0.9993370748364665,0.0,0.9993370748364665,0.000662925163533501,0.0005915571621146442,0.0,0.663046523470256,True,0,long_only,1.3414602575649452,1.3396738818120406
2022-05-06,1.7824621224433517,-0.008155912824185374,0.25516259445660144,0.0,0.8568482374779267,0.0,0.8568482374779267,0.1431517625220733,0.00012704914400714552,0.0,0.1423590977696932,True,0,long_only,1.3322147969387141,1.337969017112899
2022-05-09,1.786668929540638,0.002360110234219004,0.0010198894050010567,0.0,0.9994291671007772,0.0,0.9994291671007772,0.0005708328992227729,0.0006342247252415637,0.0,0.7116036187409058,True,0,long_only,1.331942702202307,1.3414007423791292
2022-05-10,1.797262791292057,0.005929392724226101,0.0010198894050010567,0.0,0.9994325318423425,0.0,0.9994325318423425,0.0005674681576575136,0.0,0.0,0.0,True,0,long_only,1.3382899980956757,1.3429546614332306
2022-05-11,1.8230756328094169,0.014362307861947698,0.0010198894050010567,0.0,0.9994405665971031,0.0,0.9994405665971031,0.0005594334028968806,0.0,0.0,0.0,True,0,long_only,1.3473321500770201,1.3531003715046812
2022-05-12,1.8277705753936007,0.0025752867844264227,0.0010198894050010567,0.0,0.9994420035978633,0.0,0.9994420035978633,0.0005579964021367179,0.0,0.0,0.0,True,0,long_only,1.346948574433667,1.3569713128521617
2022-05-13,1.8360798712698003,0.004546137238482517,0.0010198894050010567,0.0,0.9994445288459616,0.0,0.9994445288459616,0.0005554711540384227,0.0,0.0,0.0,True,0,long_only,1.3532636797915951,1.3567790953737557
2022-05-16,1.8358136775612333,-0.0001449793730284865,0.0013661754575506494,0.0,0.9992558201988311,0.0,0.9992558201988311,0.0007441798011689205,0.00047737112234646215,0.0,0.5174815583387735,True,0,long_only,1.3541406177465405,1.3557038711505878
2022-05-17,1.8417579204108487,0.003237933632519896,0.0013661754575506494,0.0,0.9992582220266788,0.0,0.9992582220266788,0.0007417779733212004,0.0,0.0,0.0,True,0,long_only,1.3599027235903764,1.354330635906289
2022-05-18,1.8359361283847093,-0.003160997415361022,0.0013661754575506494,0.0,0.9992558698331446,0.0,0.9992558698331446,0.0007441301668553724,0.0,0.0,0.0,True,0,long_only,1.3594229151884436,1.3505261003564968
2022-05-19,1.847346680775236,0.006215114030446056,0.0013661754575506494,0.0,0.9992604661205349,0.0,0.9992604661205349,0.0007395338794651263,0.0,0.0,0.0,True,0,long_only,1.360286638081471,1.358056919077517
2022-05-20,1.8606112747444141,0.00718034904180076,0.0013661754575506494,0.0,0.9992657383752883,0.0,0.9992657383752883,0.0007342616247116851,0.0,0.0,0.0,True,0,long_only,1.3665983549619847,1.3614909369594344
2022-05-23,1.8758609040144658,0.008196031850955299,0.001509216656103381,0.0,0.9991954538564808,0.0,0.9991954538564808,0.0008045461435192136,0.0003521946505668556,0.0,0.37808900218996766,True,0,long_only,1.3696242652933845,1.3696171654878218
2022-05-24,1.8331361895393683,-0.022776056787400356,0.1698492837806435,0.0,0.9073449726485825,0.0,0.9073449726485825,0.09265502735141751,8.421213963208611e-05,0.0,0.08975938023362666,True,0,long_only,1.3528784099095346,1.3549896103833514
2022-05-25,1.8523152709970285,0.010462442216297996,0.1698492837806435,0.0,0.9083043332633001,0.0,0.9083043332633001,0.09169566673669993,0.0,0.0,0.0,True,0,long_only,1.3592761941163833,1.3627217772331783
2022-05-26,1.8527881592180186,0.00025529575250726744,0.1698492837806435,0.0,0.9083277368027171,0.0,0.9083277368027171,0.09167226319728294,0.0,0.0,0.0,True,0,long_only,1.3629025426456824,1.3594428810891823
2022-05-27,1.8582812324436677,0.00296476054119843,0.1698492837806435,0.0,0.9085987197119302,0.0,0.9085987197119302,0.09140128028806982,0.0,0.0,0.0,True,0,long_only,1.3632800190296892,1.363095773798764
2022-05-30,1.8616871606031122,0.001832837839601753,0.001340460351832211,0.0,0.9992799755081311,0.0,0.9992799755081311,0.0007200244918689203,0.0004334534885067999,0.0,0.46614782954739853,True,0,long_only,1.3628293515335232,1.3660456890719659
2022-05-31,1.88332557298199,0.011623012091820817,0.001340460351832211,0.0,0.9992882482078179,0.0,0.9992882482078179,0.0007117517921820804,0.0,0.0,0.0,True,0,long_only,1.366221556273461,1.378492063995092
2022-06-01,1.874729803597906,-0.004564144143422655,0.001340460351832211,0.0,0.9992849847752675,0.0,0.9992849847752675,0.0007150152247324959,0.0,0.0,0.0,True,0,long_only,1.3648620991346507,1.3735671939212917
2022-06-02,1.8703209899573707,-0.0023517061669762196,0.001340460351832211,0.0,0.9992832993058252,0.0,0.9992832993058252,0.0007167006941748433,0.0,0.0,0.0,True,0,long_only,1.3673119683055377,1.3678816782940872
2022-06-06,1.8969269967971298,0.014225369325703507,0.001349483645242639,0.0,0.9992885948444399,0.0,0.9992885948444399,0.0007114051555601186,0.0005210563630925932,0.0,0.5566408815154665,True,0,long_only,1.3768064820217556,1.3777731450040889
2022-06-07,1.9142272153028874,0.00912012878459123,0.001349483645242639,0.0,0.9992950243134908,0.0,0.9992950243134908,0.0007049756865091794,0.0,0.0,0.0,True,0,long_only,1.378680648879871,1.38844859892545
2022-06-08,1.9151815328408601,0.0004985393219485434,0.001349483645242639,0.0,0.9992953755964632,0.0,0.9992953755964632,0.0007046244035368021,0.0,0.0,0.0,True,0,long_only,1.3808397866885698,1.386968677542027
2022-06-09,1.9020756661240519,-0.006843145932682315,0.20102896559539746,0.0,0.8943107421141434,0.0,0.8943107421141434,0.10568925788585659,9.98896858179864e-05,0.0,0.10432321152270656,True,0,long_only,1.3789554543982099,1.3793597610838972
2022-06-10,1.9231192923695704,0.011063506368492737,0.20102896559539746,0.0,0.895467240959504,0.0,0.895467240959504,0.10453275904049597,0.0,0.0,0.0,True,0,long_only,1.3873842919674788,1.386147517673243
2022-06-13,1.9378758032428776,0.007673216597564814,0.1936473386131657,0.0,0.9000723687817802,0.0,0.9000723687817802,0.09992763121821979,0.0005856957883697333,0.0,0.6082275807455324,True,0,long_only,1.3861891759832854,1.3979879779888313
2022-06-14,1.92890633314631,-0.004628506162034585,0.1936473386131657,0.0,0.8996077024137815,0.0,0.8996077024137815,0.10039229758621848,0.0,0.0,0.0,True,0,long_only,1.3854084707869196,1.3923015297074666
2022-06-15,1.937185222474849,0.004292012103581433,0.1936473386131657,0.0,0.9000367459102482,0.0,0.9000367459102482,0.09996325408975182,0.0,0.0,0.0,True,0,long_only,1.3938983009496546,1.3897608033204834
2022-06-16,1.9303030444354017,-0.0035526690786206183,0.1936473386131657,0.0,0.8996803433681544,0.0,0.8996803433681544,0.10031965663184561,0.0,0.0,0.0,True,0,long_only,1.3955986389163921,1.3831362331609744
2022-06-17,1.941052572127344,0.005568829061804781,0.1936473386131657,0.0,0.9002359125178494,0.0,0.9002359125178494,0.0997640874821506,0.0,0.0,0.0,True,0,long_only,1.4007613231055531,1.3857125693790144
2022-06-20,1.9375935257044128,-0.001782046747523247,0.19444982655053838,0.0,0.8996436435346541,0.0,0.8996436435346541,0.10035635646534591,0.0005866327037563114,0.0,0.6067025105928875,True,0,long_only,1.3961946720936522,1.3877674542325178
2022-06-21,1.924348238333869,-0.006835947372258233,0.38547133543015294,0.0,0.7996873290647746,0.0,0.7996873290647746,0.20031267093522542,9.555853370666061e-05,0.0,0.09858753668685945,True,0,long_only,1.392065134668258,1.3823693952312506
2022-06-22,1.9221659588818443,-0.0011340356223228376,0.38547133543015294,0.0,0.7994599094583966,0.0,0.7994599094583966,0.20054009054160338,0.0,0.0,0.0,True,0,long_only,1.3900018907703975,1.3828513267823679
2022-06-23,1.9336076791963641,0.005952514277786758,0.38547133543015294,0.0,0.800646563634687,0.0,0.800646563634687,0.199353436365313,0.0,0.0,0.0,True,0,long_only,1.3968632186875884,1.3842498344348058
2022-06-24,1.9396133785993297,0.0031059554984089743,0.38547133543015294,0.0,0.8012638293366914,0.0,0.8012638293366914,0.19873617066330862,0.0,0.0,0.0,True,0,long_only,1.4042318016737723,1.3812629626301085
2022-06-27,1.960411052912351,0.010722587574664155,0.1951023073203618,0.0,0.9004788781258292,0.0,0.9004788781258292,0.09952112187417084,0.0006892242753714617,0.0,0.7097436010404781,True,0,long_only,1.414551070792748,1.3858892007438728
2022-06-28,1.9658965874556986,0.002798155282382364,0.1951023073203618,0.0,0.9007565766351592,0.0,0.9007565766351592,0.09924342336484082,0.0,0.0,0.0,True,0,long_only,1.422566852965155,1.3819361693673966
2022-06-29,1.9419316961634625,-0.012190311252969765,0.1951023073203618,0.0,0.8995318384751577,0.0,0.8995318384751577,0.10046816152484228,0.0,0.0,0.0,True,0,long_only,1.4112811900874838,1.3760062203075805
2022-06-30,1.9542726564579755,0.006354991948941402,0.1951023073203618,0.0,0.9001662809559158,0.0,0.9001662809559158,0.09983371904408422,0.0,0.0,0.0,True,0,long_only,1.418474249943582,1.377728680330788
2022-07-01,1.954659456385422,0.00019792526194772897,0.1951023073203618,0.0,0.9001860366607557,0.0,0.9001860366607557,0.0998139633392443,0.0,0.0,0.0,True,0,long_only,1.4185542180105708,1.377923685657009
2022-07-04,1.9609500459814686,0.003218253479140065,0.19660075072961863,0.0,0.899742091272285,0.0,0.899742091272285,0.100257908727715,0.0005898911588621711,0.0,0.603408730056229,True,0,long_only,1.4260864644558884,1.3750569091402554
2022-07-05,1.9491413912800266,-0.0060219049055538765,0.19660075072961863,0.0,0.8991346899669971,0.0,0.8991346899669971,0.10086531003300292,0.0,0.0,0.0,True,0,long_only,1.4250736485566102,1.3677478306150843
2022-07-06,1.9276998361118924,-0.01100051297666671,0.19660075072961863,0.0,0.8980127782102446,0.0,0.8980127782102446,0.10198722178975539,0.0,0.0,0.0,True,0,long_only,1.414736081659595,1.3625861820464429
2022-07-07,1.9291051154494285,0.0007289928189082584,0.19660075072961863,0.0,0.8980870720029085,0.0,0.8980870720029085,0.10191292799709151,0.0,0.0,0.0,True,0,long_only,1.4217451471920703,1.3568571830608236
2022-07-08,1.934804631771821,0.0029544871747773094,0.19660075072961863,0.0,0.898387285464797,0.0,0.898387285464797,0.10161271453520304,0.0,0.0,0.0,True,0,long_only,1.4210810056187733,1.3615020003235916
2022-07-11,1.9183586240028907,-0.008500087036627413,0.1948647071202235,0.0,0.8984211269561192,0.0,0.8984211269561192,0.1015788730438808,0.00039238160197194063,0.0,0.4053446242316466,True,0,long_only,1.411153105641205,1.3594262850246996
2022-07-12,1.9020868017012298,-0.008482158704876452,0.1948647071202235,0.0,0.8975521480166225,0.0,0.8975521480166225,0.10244785198337747,0.0,0.0,0.0,True,0,long_only,1.4046207988809891,1.3541639161377603
2022-07-13,1.9107037654276513,0.00453026839717019,0.1948647071202235,0.0,0.8980141711938223,0.0,0.8980141711938223,0.10198582880617768,0.0,0.0,0.0,True,0,long_only,1.4069930719190777,1.3580050986473828
2022-07-14,1.9127316501048608,0.001061328665333816,0.1948647071202235,0.0,0.8981222969204591,0.0,0.8981222969204591,0.10187770307954092,0.0,0.0,0.0,True,0,long_only,1.412714854881678,1.3539403535648826
2022-07-15,1.903563624841494,-0.004793158132174069,0.1948647071202235,0.0,0.8976316291311516,0.0,0.8976316291311516,0.10236837086884842,0.0,0.0,0.0,True,0,long_only,1.4100525281768839,1.3499948312583017
2022-07-18,1.9245448086110337,0.011022055420546684,0.0013255239810974163,0.0,0.9993112532505523,0.0,0.9993112532505523,0.0006887467494477439,0.0004792222628704396,0.0,0.5036278227370657,True,0,long_only,1.4191600777723337,1.3561153803255277
2022-07-19,1.934745478897401,0.005300302825232306,0.0013255239810974163,0.0,0.9993148845698026,0.0,0.9993148845698026,0.0006851154301974471,0.0,0.0,0.0,True,0,long_only,1.4204534596015557,1.362061858359025
2022-07-20,1.9507645618914111,0.0082796849346507,0.0013255239810974163,0.0,0.9993205105285426,0.0,0.9993205105285426,0.0006794894714573507,0.0,0.0,0.0,True,0,long_only,1.4251603935784287,1.3688035190153196
2022-07-21,1.9441692807175197,-0.003380869892108729,0.0013255239810974163,0.0,0.9993182054699433,0.0,0.9993182054699433,0.0006817945300566786,0.0,0.0,0.0,True,0,long_only,1.4214862675175812,1.3677017676102692
2022-07-22,1.9368324114683906,-0.0037737810806378613,0.0013255239810974163,0.0,0.999315622780139,0.0,0.999315622780139,0.0006843772198610321,0.0,0.0,0.0,True,0,long_only,1.4179212504294896,1.365966135906153
2022-07-25,1.9387499355387037,0.0009900309696175835,0.1949860799946776,0.0,0.8994269057497101,0.0,0.8994269057497101,0.10057309425028993,0.0004875823134457702,0.0,0.5033587184610298,True,0,long_only,1.4128263357886242,1.372249289546627
2022-07-26,1.946604547749219,0.004051379740385608,0.1949860799946776,0.0,0.899832721432747,0.0,0.899832721432747,0.10016727856725305,0.0,0.0,0.0,True,0,long_only,1.4217417587146557,1.369168863344826
2022-07-27,1.9572386305768317,0.00546288810426776,0.1949860799946776,0.0,0.9003769510020289,0.0,0.9003769510020289,0.09962304899797114,0.0,0.0,0.0,True,0,long_only,1.4282093455562492,1.3704143840443361
2022-07-28,1.9658089748858831,0.004378793763397892,0.1949860799946776,0.0,0.9008112779594992,0.0,0.9008112779594992,0.09918872204050078,0.0,0.0,0.0,True,0,long_only,1.4317889330972242,1.3729739973848483
2022-07-29,1.9650925438752882,-0.00036444589466599897,0.1949860799946776,0.0,0.9007751158578249,0.0,0.9007751158578249,0.09922488414217512,0.0,0.0,0.0,True,0,long_only,1.4330707941032361,1.3712459649315316
2022-08-01,1.979564869997886,0.007364704612871531,0.3943655330965539,0.0,0.8007817075997236,0.0,0.8007817075997236,0.19921829240027644,0.0006961706656793943,0.0,0.7075513078920117,True,0,long_only,1.4382060316253376,1.3764125768272235
2022-08-02,1.9650927257652238,-0.007310770387978005,0.3943655330965539,0.0,0.7993145422982599,0.0,0.7993145422982599,0.20068545770174007,0.0,0.0,0.0,True,0,long_only,1.4287681054819465,1.375375554805212
2022-08-03,1.9537719807286171,-0.005760921552543152,0.3943655330965539,0.0,0.7981517101348317,0.0,0.7981517101348317,0.20184828986516834,0.0,0.0,0.0,True,0,long_only,1.4220087707349405,1.3739521309132603
2022-08-04,1.9531389975428723,-0.0003239800713636942,0.3943655330965539,0.0,0.7980862941179907,0.0,0.7980862941179907,0.2019137058820093,0.0,0.0,0.0,True,0,long_only,1.4246548327481432,1.3709559344808377
2022-08-05,1.9578431676002608,0.0024085178081572067,0.3943655330965539,0.0,0.7985714383956862,0.0,0.7985714383956862,0.20142856160431377,0.0,0.0,0.0,True,0,long_only,1.4282564453923146,1.3707924609172542
2022-08-08,1.9622469899738235,0.002249323360747235,0.39257373433745757,0.0,0.799936635732745,0.0,0.799936635732745,0.20006336426725502,0.00039585701532142973,0.0,0.4043877835853173,True,0,long_only,1.4361976810615966,1.3662791799826512
2022-08-09,1.9619976437431015,-0.00012707178657733742,0.39257373433745757,0.0,0.7999112100927374,0.0,0.7999112100927374,0.20008878990726264,0.0,0.0,0.0,True,0,long_only,1.4379786647908057,1.3644135979086511
2022-08-10,1.9602243073809063,-0.0009038422486644659,0.39257373433745757,0.0,0.7997301977843634,0.0,0.7997301977843634,0.20026980221563662,0.0,0.0,0.0,True,0,long_only,1.4362488470705597,1.364822197336535
2022-08-11,1.9720033874271046,0.00600904702683569,0.39257373433745757,0.0,0.8009264401671982,0.0,0.8009264401671982,0.19907355983280184,0.0,0.0,0.0,True,0,long_only,1.4442090582133642,1.3654556286100825
2022-08-12,1.9816845359301678,0.0049092960817345155,0.39257373433745757,0.0,0.8018989767444543,0.0,0.8018989767444543,0.19810102325554568,0.0,0.0,0.0,True,0,long_only,1.4449016629969458,1.3715013185186962
2022-08-15,1.9900376352778304,0.004215150896225595,0.39762632769274625,0.0,0.8001915538460491,0.0,0.8001915538460491,0.19980844615395088,0.0004010708480983112,0.0,0.4045104537089718,True,0,long_only,1.4518026360998897,1.370735653589837
2022-08-16,1.99095981970092,0.00046340049391124793,0.39762632769274625,0.0,0.800284102291689,0.0,0.800284102291689,0.199715897708311,0.0,0.0,0.0,True,0,long_only,1.456252045793239,1.3671807881419447
2022-08-17,1.9917065543859782,0.0003750626595619977,0.39762632769274625,0.0,0.8003589801835391,0.0,0.8003589801835391,0.19964101981646087,0.0,0.0,0.0,True,0,long_only,1.4593548745619547,1.3647856248699044
2022-08-18,1.9789947041289588,-0.006382391135394183,0.39762632769274625,0.0,0.7990766085108051,0.0,0.7990766085108051,0.2009233914891949,0.0,0.0,0.0,True,0,long_only,1.4495052484126678,1.3652897816659355
2022-08-19,1.9666002613377545,-0.006262999474098918,0.39762632769274625,0.0,0.7978102944915374,0.0,0.7978102944915374,0.2021897055084626,0.0,0.0,0.0,True,0,long_only,1.4406565784917076,1.3650722113084595
2022-08-22,1.9836023702837906,0.00864543205870949,0.393950276157825,0.0,0.8013965489961261,0.0,0.8013965489961261,0.1986034510038739,0.0003966018448640989,0.0,0.403732882943974,True,0,long_only,1.4462252022751594,1.371572260781547
2022-08-23,1.9916573965687943,0.004060806946833306,0.393950276157825,0.0,0.8021997775136837,0.0,0.8021997775136837,0.19780022248631635,0.0,0.0,0.0,True,0,long_only,1.4469886262367095,1.3764153777411818
2022-08-24,1.966301229318415,-0.012731189256778075,0.393950276157825,0.0,0.7996490719306618,0.0,0.7996490719306618,0.20035092806933819,0.0,0.0,0.0,True,0,long_only,1.426473089728915,1.3784355579340708
2022-08-25,1.9653378258520633,-0.0004899572110249606,0.393950276157825,0.0,0.7995508604292854,0.0,0.7995508604292854,0.20044913957071464,0.0,0.0,0.0,True,0,long_only,1.4214178202738026,1.3826601846552673
2022-08-26,1.9641249791740345,-0.0006171186765323577,0.393950276157825,0.0,0.7994270831362822,0.0,0.7994270831362822,0.2005729168637178,0.0,0.0,0.0,True,0,long_only,1.4202206712031604,1.3829716881321672
2022-08-29,1.9551955666657728,-0.004546254745976808,0.19659250224612548,0.0,0.8994512336270392,0.0,0.8994512336270392,0.10054876637296084,0.0008815888848668408,0.0,0.900089510110738,True,0,long_only,1.4153446522032898,1.3814271764987336
2022-08-30,1.959742353416838,0.002325489495057953,0.39229478808649093,0.0,0.7998232842176832,0.0,0.7998232842176832,0.20017671578231677,9.790009296666608e-05,0.0,0.1000147236660334,True,0,long_only,1.4121252598115057,1.3877964010631958
2022-08-31,1.938412255068793,-0.010884133983661504,0.39229478808649093,0.0,0.797620559269231,0.0,0.797620559269231,0.20237944073076897,0.0,0.0,0.0,True,0,long_only,1.396809680744435,1.387742569220818
2022-09-01,1.9407232833640387,0.001192227447594174,0.39229478808649093,0.0,0.7978615542724414,0.0,0.7978615542724414,0.20213844572755857,0.0,0.0,0.0,True,0,long_only,1.395298758665184,1.3909016053455365
2022-09-02,1.9471185146011978,0.0032952823784715424,0.39229478808649093,0.0,0.7985254697417125,0.0,0.7985254697417125,0.20147453025828754,0.0,0.0,0.0,True,0,long_only,1.4017219564526435,1.3890904010156169
2022-09-05,1.9665800581357262,0.009995048266753459,0.0005989518628405058,0.0,0.9996954347928209,0.0,0.9996954347928209,0.0003045652071791416,0.0011523699582602993,0.0,1.182921948185437,True,0,long_only,1.4079842015629014,1.3967344633219378
2022-09-06,2.0034120229967005,0.018728942515510827,0.0005989518628405058,0.0,0.9997010341078294,0.0,0.9997010341078294,0.00029896589217059955,0.0,0.0,0.0,True,0,long_only,1.4210372942601226,1.409823676752831
2022-09-07,2.010084036120075,0.003330324988962907,0.0005989518628405058,0.0,0.9997020264565671,0.0,0.9997020264565671,0.0002979735434328612,0.0,0.0,0.0,True,0,long_only,1.4248899930807293,1.4106941910470632
2022-09-08,1.9940748731789588,-0.007964424697396,0.0005989518628405058,0.0,0.999699634215898,0.0,0.999699634215898,0.0003003657841019747,0.0,0.0,0.0,True,0,long_only,1.4176471226066338,1.406608768416533
2022-09-09,1.9933830248938094,-0.0003469520099045331,0.0005989518628405058,0.0,0.9996995299672162,0.0,0.9996995299672162,0.0003004700327837728,0.0,0.0,0.0,True,0,long_only,1.4182841563606128,1.4054891722184422
2022-09-13,1.9896295937432116,-0.0018829452763087229,0.0010605173023266834,0.0,0.9994669775190007,0.0,0.9994669775190007,0.0005330224809992901,0.0009329008920856666,0.0,0.935372905214727,True,0,long_only,1.418701955625855,1.4024295842078358
2022-09-14,1.9805155317989103,-0.00458078326386091,0.0010605173023266834,0.0,0.9994645246223526,0.0,0.9994645246223526,0.0005354753776474208,0.0,0.0,0.0,True,0,long_only,1.4128422616324736,1.4017952220020065
2022-09-15,1.9683384761944676,-0.006148427219544339,0.0010605173023266834,0.0,0.9994612119230748,0.0,0.9994612119230748,0.0005387880769252007,0.0,0.0,0.0,True,0,long_only,1.4016674019662656,1.4042835507434026
2022-09-16,1.9370339849870488,-0.015904018331207914,0.0010605173023266834,0.0,0.9994525045453275,0.0,0.9994525045453275,0.0005474954546724753,0.0,0.0,0.0,True,0,long_only,1.3898209460764483,1.3937291637857503
2022-09-19,1.9245582128469039,-0.006440657333241617,0.0012438200718869975,0.0,0.999353711379794,0.0,0.999353711379794,0.0006462886202059925,0.0006914485266962646,0.0,0.7140236365291875,True,0,long_only,1.3866371326975195,1.38793211826293
2022-09-20,1.9387011262651042,0.007348654524343745,0.0012438200718869975,0.0,0.9993584260848483,0.0,0.9993584260848483,0.0006415739151517386,0.0,0.0,0.0,True,0,long_only,1.3915084078290094,1.3932370910282956
2022-09-21,1.9538278263213285,0.0078024920145198795,0.0012438200718869975,0.0,0.9993633932042882,0.0,0.9993633932042882,0.0006366067957117583,0.0,0.0,0.0,True,0,long_only,1.3950192092784643,1.4005741378514012
2022-09-22,1.9580978022880755,0.0021854412703223858,0.0012438200718869975,0.0,0.9993647814371511,0.0,0.9993647814371511,0.0006352185628488716,0.0,0.0,0.0,True,0,long_only,1.3917679651989816,1.4069139765033503
2022-09-23,1.93669623772443,-0.010929773037198331,0.0012438200718869975,0.0,0.9993577619207086,0.0,0.9993577619207086,0.000642238079291424,0.0,0.0,0.0,True,0,long_only,1.3846677496240485,1.3986721639543225
2022-09-26,1.9233763969347777,-0.006877609678894503,0.0011089878513579896,0.0,0.9994234161066313,0.0,0.9994234161066313,0.0005765838933686762,0.0008256484867600329,0.0,0.8528432855351271,True,0,long_only,1.3779558535608492,1.3958185902432783
2022-09-27,1.930034123160579,0.0034614785937954196,0.0011089878513579896,0.0,0.9994254050547345,0.0,0.9994254050547345,0.0005745949452654608,0.0,0.0,0.0,True,0,long_only,1.3830500905062317,1.3954911224177984
2022-09-28,1.901562125568971,-0.014752069535943213,0.0011089878513579896,0.0,0.9994168016724533,0.0,0.9994168016724533,0.000583198327546719,0.0,0.0,0.0,True,0,long_only,1.3719487607999248,1.3860299888023888
2022-09-29,1.9015130015193211,-2.583352339069478e-05,0.0011089878513579896,0.0,0.9994167866059964,0.0,0.9994167866059964,0.0005832133940035789,0.0,0.0,0.0,True,0,long_only,1.3665732802291153,1.3914460563728566
2022-09-30,1.9021773847969814,0.0003493971785253347,0.0011089878513579896,0.0,0.9994169903079378,0.0,0.9994169903079378,0.000583009692062153,0.0,0.0,0.0,True,0,long_only,1.3643524721314675,1.3941979244009386
2022-10-10,1.877206986401979,-0.013127271196985535,0.001219922699109069,0.0,0.9993501394849125,0.0,0.9993501394849125,0.0006498605150875303,0.0006781293649446732,0.0,0.7139873880527796,True,0,long_only,1.35755383104645,1.3827864085175627
2022-10-11,1.9013561631179856,0.012864418730026861,0.001219922699109069,0.0,0.9993583933811178,0.0,0.9993583933811178,0.00064160661888224,0.0,0.0,0.0,True,0,long_only,1.3634338559043204,1.3945349493004038
2022-10-12,1.9434549675695854,0.022141461588429,0.001219922699109069,0.0,0.999372291759024,0.0,0.999372291759024,0.0006277082409760215,0.0,0.0,0.0,True,0,long_only,1.378552903281334,1.4097790247611315
2022-10-13,1.9554172549958537,0.00615516573621866,0.001219922699109069,0.0,0.9993761317713689,0.0,0.9993761317713689,0.0006238682286311414,0.0,0.0,0.0,True,0,long_only,1.3814395471909862,1.415492454209807
2022-10-14,1.9798631774753426,0.012501639952819499,0.001219922699109069,0.0,0.9993838348462722,0.0,0.9993838348462722,0.0006161651537277546,0.0,0.0,0.0,True,0,long_only,1.3929207252154903,1.4213753458001352
2022-10-17,1.982661731717527,0.0014135089101223741,0.0013922903869801667,0.0,0.9992977670549106,0.0,0.9992977670549106,0.0007022329450894205,0.0005819409574386027,0.0,0.5890602150709692,True,0,long_only,1.3925771336056316,1.4237356652439501
2022-10-18,1.9783543808137125,-0.0021725092258088052,0.0013922903869801667,0.0,0.999296238125746,0.0,0.999296238125746,0.0007037618742540275,0.0,0.0,0.0,True,0,long_only,1.3921288380436558,1.421100063981056
2022-10-19,1.9713050540189054,-0.003563227530503199,0.0013922903869801667,0.0,0.9992937214947317,0.0,0.9992937214947317,0.0007062785052682763,0.0,0.0,0.0,True,0,long_only,1.3866364550020365,1.4216451953991145
2022-10-20,1.9415547260021575,-0.015091691646656025,0.0013922903869801667,0.0,0.9992828992310472,0.0,0.9992828992310472,0.0007171007689528164,0.0,0.0,0.0,True,0,long_only,1.3784776790827258,1.4084774497720685
2022-10-21,1.9411235149314916,-0.0002220957590794992,0.0013922903869801667,0.0,0.9992827399306276,0.0,0.9992827399306276,0.0007172600693724496,0.0,0.0,0.0,True,0,long_only,1.3778060828591159,1.40885102706429
2022-10-24,1.9213396855818856,-0.010191947703185877,0.0013857634695988964,0.0,0.9992787514461925,0.0,0.9992787514461925,0.0007212485538075075,0.0005545794140878608,0.0,0.5711398421757403,True,0,long_only,1.364702163000673,1.4078820549073447
2022-10-25,1.9185762179886041,-0.0014383024584454507,0.0013857634695988964,0.0,0.9992777125784184,0.0,0.9992777125784184,0.0007222874215816466,0.0,0.0,0.0,True,0,long_only,1.359795986551811,1.4109294607154677
2022-10-26,1.9386461783024425,0.010460861614806749,0.0013857634695988964,0.0,0.9992851901058024,0.0,0.9992851901058024,0.0007148098941975878,0.0,0.0,0.0,True,0,long_only,1.3660680582465714,1.4191431873392961
2022-10-27,1.944684187163647,0.00311454917807219,0.0013857634695988964,0.0,0.9992874095039462,0.0,0.9992874095039462,0.0007125904960537666,0.0,0.0,0.0,True,0,long_only,1.366921615707355,1.4226742519960163
2022-10-28,1.9067711961979275,-0.019495705891976356,0.0013857634695988964,0.0,0.9992732408207329,0.0,0.9992732408207329,0.0007267591792671224,0.0,0.0,0.0,True,0,long_only,1.353785844161213,1.4084732858019626
2022-10-31,1.8926247563068368,-0.007419054745162135,0.0013043236871433563,0.0,0.9993108387265902,0.0,0.9993108387265902,0.0006891612734097885,0.0005931302484798027,0.0,0.6246449792925086,True,0,long_only,1.3460292805110365,1.4060799298424465
2022-11-01,1.9168081116411742,0.012777680971228333,0.11919395425598825,0.0,0.9378164389371587,0.0,0.9378164389371587,0.062183561062841286,5.897430243564027e-05,0.0,0.06232825435444838,True,0,long_only,1.358031606361934,1.4114606042021076
2022-11-02,1.9344655348167896,0.00921188880012469,0.11919395425598825,0.0,0.9383840383244269,0.0,0.9383840383244269,0.06161596167557315,0.0,0.0,0.0,True,0,long_only,1.3680411686451985,1.4140404390991637
2022-11-03,1.9419476526149162,0.0038677958658153155,0.11919395425598825,0.0,0.9386214380724998,0.0,0.9386214380724998,0.06137856192750024,0.0,0.0,0.0,True,0,long_only,1.3679584897962782,1.4195954534439994
2022-11-04,1.9788075778571426,0.018980905686408533,0.11919395425598825,0.0,0.9397647575288427,0.0,0.9397647575288427,0.0602352424711573,0.0,0.0,0.0,True,0,long_only,1.3852532785213227,1.4284807035211673
2022-11-07,1.9892648161430941,0.005284616050073909,0.0009843237415501935,0.0,0.9995051821489215,0.0,0.9995051821489215,0.0004948178510785217,0.0009309988326132391,0.0,0.9423650687266091,True,0,long_only,1.3822080538686585,1.43919347783812
2022-11-08,1.9875076530407445,-0.0008833228678705174,0.0009843237415501935,0.0,0.9995047446785706,0.0,0.9995047446785706,0.0004952553214293554,0.0,0.0,0.0,True,0,long_only,1.3780039699401392,1.44230909082728
2022-11-09,1.9820136728952142,-0.002764256095882156,0.0009843237415501935,0.0,0.9995033718712383,0.0,0.9995033718712383,0.0004966281287617225,0.0,0.0,0.0,True,0,long_only,1.3762155315606175,1.4401913271881377
2022-11-10,1.9848342757856208,0.001423099612772205,0.0009843237415501935,0.0,0.9995040776181878,0.0,0.9995040776181878,0.000495922381812175,0.0,0.0,0.0,True,0,long_only,1.371635665486799,1.4470564784280344
2022-11-11,2.0068277024521906,0.011080737034261823,0.0009843237415501935,0.0,0.9995095125803041,0.0,0.9995095125803041,0.0004904874196959286,0.0,0.0,0.0,True,0,long_only,1.3836169827777247,1.450421415342358
2022-11-14,1.991025607142805,-0.007874166421998674,0.0012829415389072215,0.0,0.9993556378510128,0.0,0.9993556378510128,0.0006443621489872209,0.0007296743802786173,0.0,0.72456101228192,True,0,long_only,1.3770538408730344,1.4458589403305542
2022-11-15,1.9966169148727293,0.0028082550570245335,0.0012829415389072215,0.0,0.9993574423168758,0.0,0.9993574423168758,0.0006425576831241564,0.0,0.0,0.0,True,0,long_only,1.3806473211714103,1.4461455030953883
2022-11-16,1.9745778887802947,-0.01103818460530237,0.0012829415389072215,0.0,0.9993502704825183,0.0,0.9993502704825183,0.0006497295174816564,0.0,0.0,0.0,True,0,long_only,1.3669327976828236,1.4445317956577892
2022-11-17,1.9449501513079859,-0.015004592951564977,0.0012829415389072215,0.0,0.9993403730486129,0.0,0.9993403730486129,0.0006596269513871045,0.0,0.0,0.0,True,0,long_only,1.3543351163501491,1.4360922402643657
2022-11-18,1.9336946210941859,-0.005787053311484991,0.0012829415389072215,0.0,0.9993365335327968,0.0,0.9993365335327968,0.0006634664672031665,0.0,0.0,0.0,True,0,long_only,1.3494462211361025,1.4329541932143122
2022-11-21,1.939839283064845,0.0031776796106419702,0.0012065697579505214,0.0,0.9993780052974058,0.0,0.9993780052974058,0.0006219947025941641,0.0007242658017805566,0.0,0.7495858957405502,True,0,long_only,1.3495305942237306,1.4374177890947841
2022-11-22,1.9346105705311787,-0.002695435946325042,0.0012065697579505214,0.0,0.9993763242192876,0.0,0.9993763242192876,0.0006236757807124294,0.0,0.0,0.0,True,0,long_only,1.348218575768727,1.4349383737188925
2022-11-23,1.9402186799947108,0.002898831190605966,0.0012065697579505214,0.0,0.9993781269243559,0.0,0.9993781269243559,0.0006218730756440971,0.0,0.0,0.0,True,0,long_only,1.3497884573549954,1.4374242640929857
2022-11-24,1.9489986678584614,0.004525256845673953,0.0012065697579505214,0.0,0.9993809283824312,0.0,0.9993809283824312,0.0006190716175688005,0.0,0.0,0.0,True,0,long_only,1.3548145859043406,1.438572250502826
2022-11-25,1.9440819553125608,-0.002522686457914869,0.0012065697579505214,0.0,0.9993793627091423,0.0,0.9993793627091423,0.0006206372908577062,0.0,0.0,0.0,True,0,long_only,1.3576090632283109,1.4319895233239335
2022-11-28,1.9418624671592015,-0.0011416638826845515,0.001561531399576328,0.0,0.9991958589107185,0.0,0.9991958589107185,0.0008041410892815071,0.00037698233079786343,0.0,0.38862429595590636,True,0,long_only,1.3520993989518761,1.4361832189737673
2022-11-29,1.9652782642807285,0.012058422013677683,0.001561531399576328,0.0,0.9992054400499119,0.0,0.9992054400499119,0.0007945599500881473,0.0,0.0,0.0,True,0,long_only,1.3676528491334647,1.4369715717887876
2022-11-30,1.9790488305313871,0.0070069295025243505,0.001561531399576328,0.0,0.9992109687363515,0.0,0.9992109687363515,0.0007890312636484875,0.0,0.0,0.0,True,0,long_only,1.3699414267794081,1.4446229538323607
2022-12-01,1.9925824956685716,0.006838469535666025,0.001561531399576328,0.0,0.9992163278544448,0.0,0.9992163278544448,0.000783672145555192,0.0,0.0,0.0,True,0,long_only,1.37746316894474,1.4465595455412923
2022-12-02,1.9952215847771568,0.0013244566357086818,0.001561531399576328,0.0,0.9992173644213304,0.0,0.9992173644213304,0.0007826355786696437,0.0,0.0,0.0,True,0,long_only,1.3776278489470986,1.4483023018894954
2022-12-05,2.0048650524952305,0.004833281572157233,0.001240656061095815,0.0,0.9993811772719806,0.0,0.9993811772719806,0.0006188227280193859,0.0007599758522132365,0.0,0.75906004817604,True,0,long_only,1.3850858877370327,1.4474662331379315
2022-12-06,1.9963001487546486,-0.004272059972276976,0.001240656061095815,0.0,0.9993785222818974,0.0,0.9993785222818974,0.0006214777181026143,0.0,0.0,0.0,True,0,long_only,1.3830555120700956,1.443398425683345
2022-12-07,1.9902885258479417,-0.0030113822866051354,0.001240656061095815,0.0,0.9993766451220597,0.0,0.9993766451220597,0.0006233548779402964,0.0,0.0,0.0,True,0,long_only,1.375554778464735,1.446898776411736
2022-12-08,1.9855357019080664,-0.002388007506524903,0.001240656061095815,0.0,0.999375152982692,0.0,0.999375152982692,0.0006248470173080278,0.0,0.0,0.0,True,0,long_only,1.371029128029553,1.4482082556201297
2022-12-09,1.9865267888223677,0.0004991534090013072,0.001240656061095815,0.0,0.9993754647216052,0.0,0.9993754647216052,0.0006245352783947888,0.0,0.0,0.0,True,0,long_only,1.3719240249147968,1.4479860055995015
2022-12-12,1.9824787042676955,-0.0020377699296326712,0.0012437374680809008,0.0,0.999372635143367,0.0,0.999372635143367,0.0006273648566329504,0.0007466173302175035,0.0,0.7496269686550393,True,0,long_only,1.3663974182512881,1.450880013228411
2022-12-13,1.96879722958957,-0.006901196289611278,0.0012437374680809008,0.0,0.9993682754885123,0.0,0.9993682754885123,0.0006317245114877412,0.0,0.0,0.0,True,0,long_only,1.3564942541588478,1.451386339126373
2022-12-14,1.9558738254621606,-0.00656411129250889,0.0012437374680809008,0.0,0.9993641013791946,0.0,0.9993641013791946,0.0006358986208053752,0.0,0.0,0.0,True,0,long_only,1.3508344803329384,1.4479004303918115
2022-12-15,1.9577098562631954,0.0009387266075822076,0.0012437374680809008,0.0,0.9993646977543165,0.0,0.9993646977543165,0.0006353022456835333,0.0,0.0,0.0,True,0,long_only,1.3510909880732371,1.448984467770779
2022-12-16,1.937778670826795,-0.010180867901663615,0.0012437374680809008,0.0,0.9993581632996558,0.0,0.9993581632996558,0.0006418367003442338,0.0,0.0,0.0,True,0,long_only,1.343154496272336,1.4427072062109925
2022-12-19,1.909950089938785,-0.014361072968223199,0.0011351863782799773,0.0,0.9994056460510357,0.0,0.9994056460510357,0.0005943539489643435,0.0007949736760889373,0.0,0.8230618966157579,True,0,long_only,1.3314008846636836,1.4345417011054824
2022-12-20,1.9119129891851339,0.0010277227958410684,0.0011351863782799773,0.0,0.9994062562550172,0.0,0.9994062562550172,0.0005937437449827776,0.0,0.0,0.0,True,0,long_only,1.3256855398081717,1.4422070180095574
2022-12-21,1.9129863027758491,0.000561382027731705,0.0011351863782799773,0.0,0.9994065893850715,0.0,0.9994065893850715,0.0005934106149284579,0.0,0.0,0.0,True,0,long_only,1.3253033195557844,1.443432816132268
2022-12-22,1.9024117618648093,-0.005527766140142054,0.0011351863782799773,0.0,0.9994032909168059,0.0,0.9994032909168059,0.0005967090831940913,0.0,0.0,0.0,True,0,long_only,1.319544602189363,1.4417184221801704
2022-12-23,1.8770821405168197,-0.013314478944958075,0.0011351863782799773,0.0,0.999395238837035,0.0,0.999395238837035,0.0006047611629650396,0.0,0.0,0.0,True,0,long_only,1.3162906473279485,1.4260392598908682
2022-12-26,1.9026490737009953,0.013620572393883812,0.001202666070502006,0.0,0.9993678991637892,0.0,0.9993678991637892,0.0006321008362107916,0.0006724219920219905,0.0,0.7166411901242371,True,0,long_only,1.326051495368968,1.4348229162635888
2022-12-27,1.9236539969029753,0.011039830461810451,0.001202666070502006,0.0,0.9993748012519724,0.0,0.9993748012519724,0.0006251987480275778,0.0,0.0,0.0,True,0,long_only,1.3380487385037434,1.4376561492476558
2022-12-28,1.9141350382073763,-0.004948373621724178,0.001202666070502006,0.0,0.999371692149981,0.0,0.999371692149981,0.0006283078500189943,0.0,0.0,0.0,True,0,long_only,1.3339412261815453,1.434947058114889
2022-12-29,1.9045115262324874,-0.005027603477705256,0.11700204996024033,0.0,0.9385658483297845,0.0,0.9385658483297845,0.06143415167021549,5.792865627300567e-05,0.0,0.060532603273635695,True,0,long_only,1.3283583707929512,1.4337332214766765
2022-12-30,1.9010384910732132,-0.001823583166306486,0.11700204996024033,0.0,0.9384536133751885,0.0,0.9384536133751885,0.06154638662481149,0.0,0.0,0.0,True,0,long_only,1.3305134424287524,1.4288006648042655
2023-01-03,1.9188461354593491,0.009367324475414884,0.0013335750419509941,0.0,0.9993050119979361,0.0,0.9993050119979361,0.0006949880020639121,0.0005111976090196028,0.0,0.5369169899539681,True,0,long_only,1.33708979939536,1.4350914473560883
2023-01-04,1.926203596149886,0.0038343150889352806,0.0013335750419509941,0.0,0.999307666622253,0.0,0.999307666622253,0.0006923333777469898,0.0,0.0,0.0,True,0,long_only,1.3422684094283706,1.4350360796840886
2023-01-05,1.9505876722297082,0.012659137449728242,0.0013335750419509941,0.0,0.9993163214035765,0.0,0.9993163214035765,0.000683678596423487,0.0,0.0,0.0,True,0,long_only,1.3536069325537126,1.4410296115651038
2023-01-06,1.963115456287912,0.006422569073187834,0.0013335750419509941,0.0,0.9993206843552276,0.0,0.9993206843552276,0.0006793156447724158,0.0,0.0,0.0,True,0,long_only,1.358653053119805,1.444898277584635
2023-01-09,1.9705957796684532,0.0038104347640794956,0.0012665070431629346,0.0,0.9993572973938999,0.0,0.9993572973938999,0.0006427026061001095,0.0006950367429174074,0.0,0.7080682629461167,True,0,long_only,1.3617687581026967,1.447085467296234
2023-01-10,1.9639317657629383,-0.0033817254529167062,0.0012665070431629346,0.0,0.999355116575208,0.0,0.999355116575208,0.0006448834247919644,0.0,0.0,0.0,True,0,long_only,1.3581837489978579,1.4459985750912085
2023-01-11,1.9613461291917753,-0.0013165613063742532,0.0012665070431629346,0.0,0.9993542664273721,0.0,0.9993542664273721,0.0006457335726278712,0.0,0.0,0.0,True,0,long_only,1.3567121332566183,1.4456612284315675
2023-01-12,1.9640038975507577,0.001355073599415002,0.0012665070431629346,0.0,0.9993551402597814,0.0,0.9993551402597814,0.0006448597402185507,0.0,0.0,0.0,True,0,long_only,1.3589417513955446,1.4452450927597549
2023-01-13,1.96825566511424,0.002164846805438936,0.0012665070431629346,0.0,0.9993565332666835,0.0,0.9993565332666835,0.0006434667333165001,0.0,0.0,0.0,True,0,long_only,1.3611476501925672,1.4460265679742992
2023-01-16,1.988678559909667,0.010376139216772717,0.001345157217248199,0.0,0.9993235924375283,0.0,0.9993235924375283,0.0006764075624716703,0.0006223508376783655,0.0,0.6321090006298564,True,0,long_only,1.3705750720559724,1.4509811249714981
2023-01-17,2.003592687687093,0.0074995165523898955,0.001345157217248199,0.0,0.9993286274073994,0.0,0.9993286274073994,0.0006713725926006386,0.0,0.0,0.0,True,0,long_only,1.375511405953826,1.4566165565873546
2023-01-18,2.0108783551567537,0.003636301686682275,0.001345157217248199,0.0,0.9993310598755024,0.0,0.9993310598755024,0.0006689401244975857,0.0,0.0,0.0,True,0,long_only,1.3789879837813919,1.458227612428227
2023-01-19,2.02206196700637,0.005561555636091509,0.001345157217248199,0.0,0.9993347596467385,0.0,0.9993347596467385,0.0006652403532615425,0.0,0.0,0.0,True,0,long_only,1.382466255847665,1.4626483347808978
2023-01-20,2.0336523530520454,0.005731963824449293,0.001345157217248199,0.0,0.9993385510482019,0.0,0.9993385510482019,0.0006614489517980937,0.0,0.0,0.0,True,0,long_only,1.389714547885624,1.463359764166057
2023-01-30,2.0444169999341146,0.0052932581450875205,0.0013945722860256356,0.0,0.999317863094432,0.0,0.999317863094432,0.0006821369055679538,0.0006480717962104983,0.0,0.6340162944052556,True,0,long_only,1.3912790079080286,1.4694514819196223
2023-01-31,2.0383754560508733,-0.002955142656041354,0.0013945722860256356,0.0,0.9993158413078975,0.0,0.9993158413078975,0.0006841586921024767,0.0,0.0,0.0,True,0,long_only,1.3868468794494946,1.4697912842836705
2023-02-01,2.053379466179215,0.007360768637496351,0.0013945722860256356,0.0,0.9993208404442553,0.0,0.9993208404442553,0.0006791595557447128,0.0,0.0,0.0,True,0,long_only,1.394907728371518,1.4720539749080235
2023-02-02,2.0548734175929315,0.0007275573941996072,0.0013945722860256356,0.0,0.9993213342125671,0.0,0.9993213342125671,0.0006786657874329194,0.0,0.0,0.0,True,0,long_only,1.3972169757296917,1.4706902745150094
2023-02-03,2.0419951375442595,-0.006267188985177197,0.0013945722860256356,0.0,0.9993170540613027,0.0,0.9993170540613027,0.0006829459386973324,0.0,0.0,0.0,True,0,long_only,1.3922332031480311,1.4667048113254497
2023-02-06,2.026451167922428,-0.007612148205467739,0.0014474353032670334,0.0,0.9992857289994552,0.0,0.9992857289994552,0.000714271000544775,0.0005911435933711363,0.0,0.5794686126762224,True,0,long_only,1.3803992846246482,1.4680181238093377
2023-02-07,2.0299156321053147,0.001709621350727497,0.0014474353032670334,0.0,0.999286948048296,0.0,0.999286948048296,0.0007130519517040135,0.0,0.0,0.0,True,0,long_only,1.3834861875495141,1.4672467642779883
2023-02-08,2.0223324653312638,-0.00373570539293111,0.0014474353032670334,0.0,0.9992842743079684,0.0,0.9992842743079684,0.0007157256920315991,0.0,0.0,0.0,True,0,long_only,1.380913655496212,1.4644887153386623
2023-02-09,2.0386057742014105,0.00804680197203922,0.0014474353032670334,0.0,0.9992899876368524,0.0,0.9992899876368524,0.0007100123631476052,0.0,0.0,0.0,True,0,long_only,1.389265235780424,1.4673985367928806
2023-02-10,2.035686270234972,-0.0014321081610700892,0.0014474353032670334,0.0,0.999288969364076,0.0,0.999288969364076,0.000711030635924037,0.0,0.0,0.0,True,0,long_only,1.3879793086015144,1.4666546234655813
2023-02-13,2.0418354111120824,0.003020672176759609,0.001220233091626491,0.0,0.9994023842054135,0.0,0.9994023842054135,0.0005976157945865035,0.0008137820176535491,0.0,0.7994888226457306,True,0,long_only,1.3902756797455118,1.468655059466938
2023-02-14,2.0499990071939176,0.0039981655903347235,0.001220233091626491,0.0,0.9994047640572779,0.0,0.9994047640572779,0.0005952359427221499,0.0,0.0,0.0,True,0,long_only,1.3900384863264772,1.4747785959592747
2023-02-15,2.0386539733093985,-0.005534165550669545,0.001220233091626491,0.0,0.999401451591294,0.0,0.999401451591294,0.00059854840870599,0.0,0.0,0.0,True,0,long_only,1.3848727525076427,1.472087576001426
2023-02-16,2.013319393101104,-0.01242711148629494,0.001220233091626491,0.0,0.9993939197646395,0.0,0.9993939197646395,0.0006060802353604622,0.0,0.0,0.0,True,0,long_only,1.3755059843899624,1.4636936632405946
2023-02-17,2.0006771506154037,-0.006279302990385371,0.001220233091626491,0.0,0.999390089954668,0.0,0.999390089954668,0.0006099100453319517,0.0,0.0,0.0,True,0,long_only,1.3653700318991264,1.465300324361604
2023-02-20,2.0148877340959084,0.0071028868781419785,0.0011750490983644267,0.0,0.9994168165905821,0.0,0.9994168165905821,0.0005831834094178756,0.000822923238477344,0.0,0.8230954960857031,True,0,long_only,1.3773960770919274,1.4628237785821971
2023-02-21,2.0200788878091935,0.002576398488829401,0.0011750490983644267,0.0,0.9994183152423127,0.0,0.9994183152423127,0.000581684757687273,0.0,0.0,0.0,True,0,long_only,1.3805405841328446,1.463252084746252
2023-02-22,2.0287728706546986,0.004303783826449248,0.0011750490983644267,0.0,0.9994208079596484,0.0,0.9994208079596484,0.0005791920403516171,0.0,0.0,0.0,True,0,long_only,1.3789425781840337,1.471252612510119
2023-02-23,2.019947953958524,-0.004349879093822229,0.0011750490983644267,0.0,0.9994182775372694,0.0,0.9994182775372694,0.0005817224627305828,0.0,0.0,0.0,True,0,long_only,1.3781913527411767,1.465651304473007
2023-02-24,2.014963434190896,-0.002467647623227043,0.0011750490983644267,0.0,0.9994168385001805,0.0,0.9994168385001805,0.0005831614998195178,0.0,0.0,0.0,True,0,long_only,1.3742027759762372,1.4662780991396709
2023-02-27,2.004867125973732,-0.005010665725166397,0.0012970260140056926,0.0,0.9993530613589288,0.0,0.9993530613589288,0.0006469386410712374,0.0007141725476131962,0.0,0.7096338411731592,True,0,long_only,1.3701969179764828,1.4631963476713514
2023-02-28,2.0116983832299655,0.003407336659737803,0.0012970260140056926,0.0,0.9993552582112616,0.0,0.9993552582112616,0.0006447417887384121,0.0,0.0,0.0,True,0,long_only,1.3718477841729642,1.4664151565785728
2023-03-01,2.0241503100744067,0.006189758339641527,0.0012970260140056926,0.0,0.9993592244570226,0.0,0.9993592244570226,0.0006407755429773676,0.0,0.0,0.0,True,0,long_only,1.3801549754030424,1.4666108851169415
2023-03-02,2.0224832204559138,-0.0008235997149992347,0.0012970260140056926,0.0,0.9993586962794612,0.0,0.9993586962794612,0.0006413037205388328,0.0,0.0,0.0,True,0,long_only,1.3794122211537223,1.4661920413930618
2023-03-03,2.033142463450613,0.00527037400700725,0.0012970260140056926,0.0,0.9993620584699193,0.0,0.9993620584699193,0.0006379415300806768,0.0,0.0,0.0,True,0,long_only,1.3818515860446237,1.4713175307561266
2023-03-06,2.0330002772515106,-6.993420365686287e-05,0.0011857247874372116,0.0,0.9994167611285129,0.0,0.9994167611285129,0.0005832388714871461,0.0008462317607203587,0.0,0.8322413510770674,True,0,long_only,1.382350031072338,1.4706841476861254
2023-03-07,2.018707192966707,-0.007030537302300188,0.0011857247874372116,0.0,0.9994126316131591,0.0,0.9994126316131591,0.0005873683868409252,0.0,0.0,0.0,True,0,long_only,1.3741661804201577,1.4690415334988653
2023-03-08,2.011053051615692,-0.0037916055273803373,0.0011857247874372116,0.0,0.99941039606763,0.0,0.99941039606763,0.0005896039323699531,0.0,0.0,0.0,True,0,long_only,1.3717447744595548,1.4660548296296696
2023-03-09,2.016733732763742,0.0028247296328089977,0.0011857247874372116,0.0,0.9994120568480738,0.0,0.9994120568480738,0.000587943151926229,0.0,0.0,0.0,True,0,long_only,1.3720182245869277,1.469903020691229
2023-03-10,1.999980674466547,-0.008307025377235489,0.0011857247874372116,0.0,0.999407131877535,0.0,0.999407131877535,0.0005928681224649512,0.0,0.0,0.0,True,0,long_only,1.3652009468761288,1.4649716432170148
2023-03-13,2.007926629520058,0.003973015917081657,0.0014020136996100488,0.0,0.9993017604931386,0.0,0.9993017604931386,0.0006982395068614311,0.0005956518230615023,0.0,0.5958731250289118,True,0,long_only,1.368348164698978,1.4674091589561058
2023-03-14,1.9969982161541104,-0.005442635804157825,0.0014020136996100488,0.0,0.9992979394331608,0.0,0.9992979394331608,0.000702060566839191,0.0,0.0,0.0,True,0,long_only,1.3665614205581635,1.461330743069308
2023-03-15,2.0065910477489877,0.004803625520182875,0.0014020136996100488,0.0,0.9993012957467428,0.0,0.9993012957467428,0.000698704253257243,0.0,0.0,0.0,True,0,long_only,1.369958369166482,1.4647095071727247
2023-03-16,1.9910802291175098,-0.007729935129969889,0.0014020136996100488,0.0,0.9992958527340551,0.0,0.9992958527340551,0.000704147265944921,0.0,0.0,0.0,True,0,long_only,1.3624559413224142,1.4613905438916037
2023-03-17,1.9970213043280072,0.0029838452130732662,0.0014020136996100488,0.0,0.9992979475498976,0.0,0.9992979475498976,0.0007020524501023528,0.0,0.0,0.0,True,0,long_only,1.3658434021939714,1.4621158627117625
2023-03-20,2.0002566909350343,0.0016201062051843795,0.0015264730594736994,0.0,0.9992368614156415,0.0,0.9992368614156415,0.0007631385843585026,0.000467501668349594,0.0,0.46851536646003755,True,0,long_only,1.3664343526551093,1.4638512908054084
2023-03-21,2.0218824565046316,0.010811495178395303,0.0015264730594736994,0.0,0.9992450238367898,0.0,0.9992450238367898,0.0007549761632101859,0.0,0.0,0.0,True,0,long_only,1.372282864673022,1.4733714954506785
2023-03-22,2.033594491709869,0.005792639016951151,0.0015264730594736994,0.0,0.9992493719540958,0.0,0.9992493719540958,0.0007506280459042003,0.0,0.0,0.0,True,0,long_only,1.3768403667959033,1.4770009223671463
2023-03-23,2.028852666111496,-0.0023317458901978005,0.0015264730594736994,0.0,0.9992476175895022,0.0,0.9992476175895022,0.0007523824104977983,0.0,0.0,0.0,True,0,long_only,1.3779168860705795,1.4724056919697073
2023-03-24,2.0303106169698375,0.0007186085429928823,0.0015264730594736994,0.0,0.99924815786968,0.0,0.99924815786968,0.0007518421303199796,0.0,0.0,0.0,True,0,long_only,1.3771395693516286,1.4742954615164594
2023-03-27,2.0376540108340016,0.00361688197007215,0.0015146858774448993,0.0,0.999256652076657,0.0,0.999256652076657,0.000743347923342963,0.0005127930131775781,0.0,0.5054000548854388,True,0,long_only,1.3761602993787565,1.480680711217919
2023-03-28,2.0297095039750173,-0.0038988497638676733,0.0015146858774448993,0.0,0.9992537425308998,0.0,0.9992537425308998,0.0007462574691001755,0.0,0.0,0.0,True,0,long_only,1.3730262966178253,1.4782743119886337
2023-03-29,2.0260957337378542,-0.0017804371660505858,0.0015146858774448993,0.0,0.9992524114965434,0.0,0.9992524114965434,0.0007475885034565755,0.0,0.0,0.0,True,0,long_only,1.3707180658028761,1.4781272562794312
2023-03-30,2.0235892751398215,-0.001237087940266668,0.0015146858774448993,0.0,0.999251485518305,0.0,0.999251485518305,0.0007485144816949951,0.0,0.0,0.0,True,0,long_only,1.372581728381006,1.4742941956007931
2023-03-31,2.0316952564684394,0.0040057443613690236,0.0015146858774448993,0.0,0.9992544719132348,0.0,0.9992544719132348,0.0007455280867652014,0.0,0.0,0.0,True,0,long_only,1.3774706235950527,1.4749463412627484
2023-04-03,2.037018346547292,0.0026200238750890836,0.0016140599435918886,0.0,0.9992076360302166,0.0,0.9992076360302166,0.0007923639697834384,0.00041397945709235125,0.0,0.40789955849352866,True,0,long_only,1.3847971894612932,1.4709867712395652
2023-04-04,2.0362441868151464,-0.0003800455373696998,0.0016140599435918886,0.0,0.9992073347813376,0.0,0.9992073347813376,0.0007926652186623917,0.0,0.0,0.0,True,0,long_only,1.3843854894553973,1.4708650172403812
2023-04-06,2.039823709208048,0.001757904290693224,0.0016140599435918886,0.0,0.9992087257657092,0.0,0.9992087257657092,0.0007912742342908174,0.0,0.0,0.0,True,0,long_only,1.385519273998383,1.4722449174751997
2023-04-07,2.044269701633386,0.0021795964059383444,0.0016140599435918886,0.0,0.9992104466733023,0.0,0.9992104466733023,0.0007895533266977228,0.0,0.0,0.0,True,0,long_only,1.3909408378620334,1.4697028414059377
2023-04-10,2.0427697413585486,-0.000733738935541961,0.0014920459431906666,0.0,0.9992695966104342,0.0,0.9992695966104342,0.0007304033895657591,0.0005539467223067897,0.0,0.541010434667617,True,0,long_only,1.3888193121526387,1.4708678972733331
2023-04-11,2.043810913168626,0.0005096863288100995,0.0014920459431906666,0.0,0.9992699686974088,0.0,0.9992699686974088,0.0007300313025911942,0.0,0.0,0.0,True,0,long_only,1.3852566669987374,1.4754023293002416
2023-04-12,2.0565132379680726,0.006215019558611479,0.0014920459431906666,0.0,0.999274477831874,0.0,0.999274477831874,0.0007255221681260471,0.0,0.0,0.0,True,0,long_only,1.3878342817681617,1.481814698616599
2023-04-13,2.0508580205190174,-0.002749905687280063,0.0014920459431906666,0.0,0.9992724772128239,0.0,0.9992724772128239,0.000727522787176138,0.0,0.0,0.0,True,0,long_only,1.3847931232883954,1.480985127691097
2023-04-14,2.061835782972904,0.005352765693213968,0.0014920459431906666,0.0,0.9992763507377687,0.0,0.9992763507377687,0.0007236492622313406,0.0,0.0,0.0,True,0,long_only,1.3909781111135961,1.4822920407584483
2023-04-17,2.077246130795777,0.007474090783628151,0.0010301315650143952,0.0,0.99950408786434,0.0,0.99950408786434,0.000495912135660026,0.0010304158157325956,0.0,0.9992765219351671,True,0,long_only,1.3966128102066362,1.4873457522478528
2023-04-18,2.0760571268640278,-0.0005723943417785815,0.0010301315650143952,0.0,0.9995038038444681,0.0,0.9995038038444681,0.0004961961555318695,0.0,0.0,0.0,True,0,long_only,1.398329751712706,1.484669209334369
2023-04-19,2.0687919148127736,-0.003499524149525035,0.0010301315650143952,0.0,0.9995020612959483,0.0,0.9995020612959483,0.0004979387040516814,0.0,0.0,0.0,True,0,long_only,1.3934574600379916,1.4846466247748742
2023-04-20,2.0476494100840132,-0.010219734801445224,0.0010301315650143952,0.0,0.9994969199512664,0.0,0.9994969199512664,0.0005030800487335618,0.0,0.0,0.0,True,0,long_only,1.3859418171320064,1.4774425482891549
2023-04-21,2.039031197890435,-0.004208831917776434,0.0010301315650143952,0.0,0.9994947936225399,0.0,0.9994947936225399,0.000505206377460099,0.0,0.0,0.0,True,0,long_only,1.373852407411549,1.484170487958119
2023-04-24,2.017474697227224,-0.010571932732325928,0.001271565436777397,0.0,0.9993697242208167,0.0,0.9993697242208167,0.0006302757791832869,0.000766589065289688,0.0,0.751672631144941,True,0,long_only,1.3639170527836681,1.4791769727562876
2023-04-25,2.015115054827977,-0.0011696019793903112,0.001271565436777397,0.0,0.9993689861858106,0.0,0.9993689861858106,0.0006310138141893962,0.0,0.0,0.0,True,0,long_only,1.3627856401748726,1.4786735312014276
2023-04-26,2.0403800296599077,0.01253773315394513,0.001271565436777397,0.0,0.9993767997048132,0.0,0.9993767997048132,0.0006232002951868099,0.0,0.0,0.0,True,0,long_only,1.3715750117410743,1.4876182579834651
2023-04-27,2.0519620681317363,0.00567641238566674,0.001271565436777397,0.0,0.9993803172794831,0.0,0.9993803172794831,0.0006196827205169342,0.0,0.0,0.0,True,0,long_only,1.3784688690414473,1.4885806377032071
2023-04-28,2.0553724521932275,0.0016620112595921999,0.001271565436777397,0.0,0.999381345490244,0.0,0.999381345490244,0.0006186545097559559,0.0,0.0,0.0,True,0,long_only,1.3851560292195184,1.4838562651684446
2023-05-04,2.079275766300809,0.011629675235782733,0.0013112305843983195,0.0,0.99936938110584,0.0,0.99936938110584,0.000630618894160051,0.0006754422757249371,0.0,0.6573381362248294,True,0,long_only,1.3859513048687677,1.50025167478571
2023-05-05,2.0626200712634937,-0.008010334803712493,1.1052833774348139,0.0,0.4641362251663956,0.0,0.4641362251663956,0.5358637748336044,0.0005522622045274715,0.0,0.532089511734585,True,0,long_only,1.3779663578408352,1.4968580760530736
2023-05-08,2.061753226320528,-0.0004202639909512973,0.0009568359599538671,0.0,0.9995359115010765,0.0,0.9995359115010765,0.00046408849892354276,0.000551887327073893,0.0,0.535262258655327,True,0,long_only,1.3873886969881182,1.4860674811582275
2023-05-09,2.0447300649848907,-0.00825664348105204,0.0009568359599538671,0.0,0.9995320477864832,0.0,0.9995320477864832,0.00046795221351680905,0.0,0.0,0.0,True,0,long_only,1.381056649243116,1.4805548100474364
2023-05-10,2.058657869680243,0.006811561552236167,0.19674354832242574,0.0,0.9044311581734635,0.0,0.9044311581734635,0.09556884182653647,9.794232734490839e-05,0.0,0.09586851039939494,True,0,long_only,1.3773486384081204,1.4946527061293284
2023-05-11,2.0671167937572776,0.00410895088572838,0.19674354832242574,0.0,0.9048222389191583,0.0,0.9048222389191583,0.09517776108084175,0.0,0.0,0.0,True,0,long_only,1.3800770404225025,1.4978271018293603
2023-05-12,2.043211951807329,-0.011564340255055594,0.19674354832242574,0.0,0.9037086934870385,0.0,0.9037086934870385,0.09629130651296147,0.0,0.0,0.0,True,0,long_only,1.3646035583079028,1.49729343688719
2023-05-15,2.061714559069515,0.009055647528793953,0.001481546945656788,0.0,0.9992814005512356,0.0,0.9992814005512356,0.000718599448764401,0.00045817819302941846,0.0,0.44939989072773384,True,0,long_only,1.3715638297656054,1.5031852796977399
2023-05-16,2.055800288545287,-0.002868617529139139,0.001481546945656788,0.0,0.9992793332339177,0.0,0.9992793332339177,0.0007206667660822896,0.0,0.0,0.0,True,0,long_only,1.3724404288728096,1.4979158623545674
2023-05-17,2.0634482447916174,0.0037201844405529982,0.001481546945656788,0.0,0.9992820043103109,0.0,0.9992820043103109,0.0007179956896891104,0.0,0.0,0.0,True,0,long_only,1.3754124624133144,1.500239601705417
2023-05-18,2.0721795178122027,0.0042313990877278496,0.001481546945656788,0.0,0.99928502963526,0.0,0.99928502963526,0.0007149703647399974,0.0,0.0,0.0,True,0,long_only,1.377939927717,1.5038242786428533
2023-05-19,2.067559486384521,-0.0022295517294560474,0.001481546945656788,0.0,0.9992834320098584,0.0,0.9992834320098584,0.0007165679901416366,0.0,0.0,0.0,True,0,long_only,1.3768501933804063,1.5016590013386302
2023-05-22,2.0773594994080486,0.004739894106101428,0.0014862907851693362,0.0,0.9992845288523278,0.0,0.9992845288523278,0.0007154711476722309,0.0005799071570431052,0.0,0.5608462871041628,True,0,long_only,1.3786382929121863,1.5068198164000715
2023-05-23,2.068702209681965,-0.004167448979606414,0.0014862907851693362,0.0,0.999281534684783,0.0,0.999281534684783,0.0007184653152170206,0.0,0.0,0.0,True,0,long_only,1.3726559360363895,1.5070799283143328
2023-05-24,2.060192507995639,-0.004113545993473022,0.0014862907851693362,0.0,0.9992785670371089,0.0,0.9992785670371089,0.0007214329628910665,0.0,0.0,0.0,True,0,long_only,1.3667315221243856,1.5073863993371348
2023-05-25,2.0647539954278984,0.0022141073781001275,0.0014862907851693362,0.0,0.999280160838308,0.0,0.999280160838308,0.0007198391616920485,0.0,0.0,0.0,True,0,long_only,1.3654743970035017,1.512114763893741
2023-05-26,2.0793716546562315,0.007079613000241958,0.0014862907851693362,0.0,0.9992852211956237,0.0,0.9992852211956237,0.0007147788043763148,0.0,0.0,0.0,True,0,long_only,1.369757093608044,1.5180586867259864
2023-05-29,2.084506533312711,0.0024694376519855954,0.0015128138947828594,0.0,0.9992742580219316,0.0,0.9992742580219316,0.000725741978068406,0.0005651578801240335,0.0,0.5434853406864022,True,0,long_only,1.3669527896995708,1.5249294262538828
2023-05-30,2.0875248484339637,0.0014479758508867402,0.0015128138947828594,0.0,0.9992753073593745,0.0,0.9992753073593745,0.0007246926406254683,0.0,0.0,0.0,True,0,long_only,1.3653984951094105,1.5288758966053266
2023-05-31,2.0836212184641805,-0.0018699801215356082,0.0015128138947828594,0.0,0.9992739496596709,0.0,0.9992739496596709,0.0007260503403291318,0.0,0.0,0.0,True,0,long_only,1.3635141628190506,1.5281258349061198
2023-06-01,2.088552811519338,0.0023668376053458395,0.0015128138947828594,0.0,0.9992756640452475,0.0,0.9992756640452475,0.0007243359547525197,0.0,0.0,0.0,True,0,long_only,1.3657359874599229,1.529250770790446
2023-06-02,2.106193636458728,0.008446434699708183,0.0015128138947828594,0.0,0.9992817308586468,0.0,0.9992817308586468,0.0007182691413532005,0.0,0.0,0.0,True,0,long_only,1.3763510706572089,1.5302735481965504
2023-06-05,2.105641800480265,-0.00026200628893302547,0.0012481016307619177,0.0,0.9994072583330759,0.0,0.9994072583330759,0.0005927416669241348,0.0008568444584209622,0.0,0.8134258335290527,True,0,long_only,1.374517904375812,1.5319129665586035
2023-06-06,2.0942152189306382,-0.005426650224658713,0.0012481016307619177,0.0,0.9994040241807625,0.0,0.9994040241807625,0.0005959758192375375,0.0,0.0,0.0,True,0,long_only,1.369090241252815,1.529640016288687
2023-06-07,2.093392814429703,-0.00039270295311633063,0.0012481016307619177,0.0,0.9994037900473534,0.0,0.9994037900473534,0.0005962099526466424,0.0,0.0,0.0,True,0,long_only,1.3674868137401404,1.5308321757810415
2023-06-08,2.101437932855371,0.0038431002391015046,0.0012481016307619177,0.0,0.9994060725700017,0.0,0.9994060725700017,0.0005939274299983088,0.0,0.0,0.0,True,0,long_only,1.3705994690933587,1.53322540993355
2023-06-09,2.11251614743334,0.005271730563517707,0.0012481016307619177,0.0,0.9994091871760231,0.0,0.9994091871760231,0.0005908128239768828,0.0,0.0,0.0,True,0,long_only,1.374797792610273,1.536601352423174
2023-06-12,2.1305974367955507,0.008559124806775564,0.0016766729990906352,0.0,0.9992130503068603,0.0,0.9992130503068603,0.000786949693139749,0.00043338619832085243,0.0,0.41045446102079725,True,0,long_only,1.3775051860646834,1.546707379652293
2023-06-13,2.131879721599165,0.0006018428359431116,0.0016766729990906352,0.0,0.999213523642022,0.0,0.999213523642022,0.0007864763579780165,0.0,0.0,0.0,True,0,long_only,1.3780700452497274,1.5470038906569772
2023-06-14,2.13568427938158,0.0017846024538201721,0.0016766729990906352,0.0,0.9992149246893478,0.0,0.9992149246893478,0.0007850753106521946,0.0,0.0,0.0,True,0,long_only,1.378358743525467,1.5494400782187374
2023-06-15,2.149717816947768,0.006570979475604588,0.0016766729990906352,0.0,0.9992200497265864,0.0,0.9992200497265864,0.0007799502734135988,0.0,0.0,0.0,True,0,long_only,1.3830073956908056,1.554379118756624
2023-06-16,2.161580088852663,0.005518060003678826,0.0016766729990906352,0.0,0.9992243299206274,0.0,0.9992243299206274,0.0007756700793726257,0.0,0.0,0.0,True,0,long_only,1.3854948769609967,1.5601501851771291
2023-06-19,2.155779108066602,-0.0026836760830547535,0.0019177452164426422,0.0,0.9991104166427502,0.0,0.9991104166427502,0.0008895833572497569,0.00023949574599981162,0.0,0.22184180586835633,True,0,long_only,1.3801888601771903,1.5619450136627246
2023-06-20,2.159253036549717,0.0016114491833214561,0.0019177452164426422,0.0,0.9991118478547993,0.0,0.9991118478547993,0.0008881521452006602,0.0,0.0,0.0,True,0,long_only,1.378645747562499,1.5662131046843348
2023-06-21,2.1473674475014177,-0.005504491065712047,0.0019177452164426422,0.0,0.999106931969806,0.0,0.999106931969806,0.0008930680301939553,0.0,0.0,0.0,True,0,long_only,1.372348601134869,1.5647390507963093
2023-06-26,2.1307787238268463,-0.007725144429228226,0.0019239073563567868,0.0,0.9990970872128376,0.0,0.9990970872128376,0.0009029127871623688,0.00022054817446047674,0.0,0.20549690014894137,True,0,long_only,1.3649017443204037,1.5611224270856063
2023-06-27,2.1444212628071537,0.006402607097467872,0.0019239073563567868,0.0,0.9991028314306871,0.0,0.9991028314306871,0.0008971685693128784,0.0,0.0,0.0,True,0,long_only,1.371953165820564,1.5630426141584632
2023-06-28,2.158975881215765,0.006787201125565634,0.0019239073563567868,0.0,0.9991088796437719,0.0,0.9991088796437719,0.0008911203562280701,0.0,0.0,0.0,True,0,long_only,1.3712280316538008,1.5744834785880821
2023-06-29,2.156789278149058,-0.001012796430813423,0.0019239073563567868,0.0,0.9991079762052565,0.0,0.9991079762052565,0.0008920237947435128,0.0,0.0,0.0,True,0,long_only,1.3718176267239728,1.5722128336400443
2023-06-30,2.1620831442997606,0.002454512457167768,0.0019239073563567868,0.0,0.9991101603278167,0.0,0.9991101603278167,0.0008898396721832569,0.0,0.0,0.0,True,0,long_only,1.3754117847178313,1.5719533366825968
2023-07-03,2.1607673814551664,-0.0006085625560067198,0.2177293823878797,0.0,0.8992351586494006,0.0,0.8992351586494006,0.10076484135059938,0.00033409881857759954,0.0,0.30917865356025,True,0,long_only,1.3801244791063094,1.5656322412702637
2023-07-04,2.171215123678569,0.004835199898457487,0.2177293823878797,0.0,0.8997200323388532,0.0,0.8997200323388532,0.10027996766114677,0.0,0.0,0.0,True,0,long_only,1.3799032115311243,1.5734546492354446
2023-07-05,2.167824930289511,-0.0015614267568815343,0.2177293823878797,0.0,0.8995632076438931,0.0,0.8995632076438931,0.10043679235610692,0.0,0.0,0.0,True,0,long_only,1.377745767961133,1.5734578764103793
2023-07-06,2.1722742020221606,0.002052412845005458,0.2177293823878797,0.0,0.8997689231933996,0.0,0.8997689231933996,0.10023107680660037,0.0,0.0,0.0,True,0,long_only,1.376558784322735,1.5780468126473193
2023-07-07,2.169317030286607,-0.0013613252566369027,0.2177293823878797,0.0,0.899632290094955,0.0,0.899632290094955,0.10036770990504496,0.0,0.0,0.0,True,0,long_only,1.3767390513212014,1.5756922331830423
2023-07-10,2.161554767045824,-0.0035782060124966986,0.0015132352792455932,0.0,0.9992999320200829,0.0,0.9992999320200829,0.0007000679799170628,0.0005480476090972363,0.0,0.5048388969652249,True,0,long_only,1.3761877460458163,1.5706830505187925
2023-07-11,2.17227064641216,0.004957486865336813,0.21423960452581417,0.0,0.9013752706737238,0.0,0.9013752706737238,0.0986247293262762,0.00010641639281969414,0.0,0.09846238541194058,True,0,long_only,1.379365121317657,1.5748336773493803
2023-07-12,2.1651550689038452,-0.003275640408835323,0.21423960452581417,0.0,0.9010511498216719,0.0,0.9010511498216719,0.09894885017832811,0.0,0.0,0.0,True,0,long_only,1.3773181421113874,1.572007949873315
2023-07-13,2.1692018597931253,0.001869053606090576,0.21423960452581417,0.0,0.9012357455076837,0.0,0.9012357455076837,0.0987642544923163,0.0,0.0,0.0,True,0,long_only,1.383653239486063,1.5677351795156729
2023-07-14,2.161551024419962,-0.0035270278506458475,0.21423960452581417,0.0,0.9008861682627621,0.0,0.9008861682627621,0.09911383173723787,0.0,0.0,0.0,True,0,long_only,1.3826302581545402,1.563361579620775
2023-07-17,2.1629405489056848,0.0006428367732358442,0.21846439368461412,0.0,0.8989965795430006,0.0,0.8989965795430006,0.1010034204569994,0.00043667990640049295,0.0,0.402386507435741,True,0,long_only,1.379458643294305,1.5679633162037647
2023-07-18,2.169611303141148,0.003084113541094835,0.21846439368461412,0.0,0.8993071277936637,0.0,0.8993071277936637,0.10069287220633627,0.0,0.0,0.0,True,0,long_only,1.38072288421776,1.5713589800971017
2023-07-19,2.180229916509879,0.004894246888075049,0.21846439368461412,0.0,0.8997975433552747,0.0,0.8997975433552747,0.10020245664472527,0.0,0.0,0.0,True,0,long_only,1.3817875438214842,1.5778329499774004
2023-07-20,2.178414371295556,-0.0008327310805958943,0.21846439368461412,0.0,0.8997140321128674,0.0,0.8997140321128674,0.10028596788713262,0.0,0.0,0.0,True,0,long_only,1.3798022349041639,1.5787873915473554
2023-07-21,2.175357506639071,-0.0014032521529256936,0.21846439368461412,0.0,0.8995731078602608,0.0,0.8995731078602608,0.10042689213973921,0.0,0.0,0.0,True,0,long_only,1.3801817443746192,1.576138443727031
2023-07-24,2.1647366283777747,-0.004882359901249411,0.21872121210636666,0.0,0.8989617447041244,0.0,0.8989617447041244,0.10103825529587562,0.00022957291338262696,0.0,0.2114942223846738,True,0,long_only,1.3761830021774357,1.573000556577626
2023-07-25,2.1857583587704235,0.009710987524797599,0.21872121210636666,0.0,0.8999334893407859,0.0,0.8999334893407859,0.10006651065921413,0.0,0.0,0.0,True,0,long_only,1.3879749035808753,1.5747823344149265
2023-07-26,2.1801409667244553,-0.0025699968266977846,0.21872121210636666,0.0,0.8996756560953104,0.0,0.8996756560953104,0.10032434390468958,0.0,0.0,0.0,True,0,long_only,1.3873598949300923,1.5714314466574015
2023-07-27,2.1803848725819837,0.00011187618656349763,0.21872121210636666,0.0,0.8996868787447787,0.0,0.8996868787447787,0.1003131212552213,0.0,0.0,0.0,True,0,long_only,1.387062047765333,1.571944727414867
2023-07-28,2.1954722219617087,0.006919580836138861,0.21872121210636666,0.0,0.9003762334506178,0.0,0.9003762334506178,0.09962376654938221,0.0,0.0,0.0,True,0,long_only,1.3987668652992127,1.5695769441121779
2023-07-31,2.2008832092436865,0.0024646120446665254,0.2210720083398723,0.0,0.8995530487890624,0.0,0.8995530487890624,0.10044695121093761,0.0004483331876511011,0.0,0.4082382356567835,True,0,long_only,1.4006657680424563,1.5713121998545012
2023-08-01,2.2021883949706913,0.0005930281632042789,0.2210720083398723,0.0,0.89961258135555,0.0,0.89961258135555,0.10038741864445,0.0,0.0,0.0,True,0,long_only,1.3959788260823307,1.577522777441334
2023-08-02,2.192550211329522,-0.0043766390119849286,0.2210720083398723,0.0,0.8991712904919892,0.0,0.8991712904919892,0.10082870950801082,0.0,0.0,0.0,True,0,long_only,1.3958920810605122,1.570716132771352
2023-08-03,2.1896216226508693,-0.00133569970873193,0.2210720083398723,0.0,0.8990364334856032,0.0,0.8990364334856032,0.10096356651439675,0.0,0.0,0.0,True,0,long_only,1.4012543465694038,1.5626154009881017
2023-08-04,2.198055306949662,0.003851662867935257,0.2210720083398723,0.0,0.8994238190272548,0.0,0.8994238190272548,0.10057618097274523,0.0,0.0,0.0,True,0,long_only,1.4040420469385446,1.5655195738207628
2023-08-07,2.183651620588254,-0.006552922629320279,0.22140183743712452,0.0,0.8986093590435084,0.0,0.8986093590435084,0.10139064095649164,0.00022608260600501102,0.0,0.20576291538823963,True,0,long_only,1.3976130887394798,1.5624149760630173
2023-08-08,2.1792306848344496,-0.0020245609290978628,0.22140183743712452,0.0,0.8984036710854483,0.0,0.8984036710854483,0.10159632891455173,0.0,0.0,0.0,True,0,long_only,1.3960367690461233,1.561012383881166
2023-08-09,2.1722540328334823,-0.0032014288572196348,0.22140183743712452,0.0,0.8980773730463151,0.0,0.8980773730463151,0.10192262695368492,0.0,0.0,0.0,True,0,long_only,1.3931497862887294,1.5592393970932885
2023-08-10,2.189684122238124,0.008023964573750098,0.22140183743712452,0.0,0.8988886866426994,0.0,0.8988886866426994,0.10111131335730061,0.0,0.0,0.0,True,0,long_only,1.3946244516596424,1.5700887214707429
2023-08-11,2.1757702298386223,-0.006354292045228749,0.22140183743712452,0.0,0.8982420871465154,0.0,0.8982420871465154,0.10175791285348457,0.0,0.0,0.0,True,0,long_only,1.3892377891133643,1.5661611330247767
2023-08-14,2.1747337700280234,-0.0004763645519111348,0.0017253340571403678,0.0,0.9992066458520493,0.0,0.9992066458520493,0.0007933541479506756,0.0003364329419377913,0.0,0.30957729697120157,True,0,long_only,1.3854081319391782,1.5697423162833708
2023-08-15,2.1659419612128694,-0.004042705795220591,0.0017253340571403678,0.0,0.9992034255358467,0.0,0.9992034255358467,0.0007965744641532657,0.0,0.0,0.0,True,0,long_only,1.3833086313329797,1.565769136512747
2023-08-16,2.166611963785787,0.0003093354230703227,0.0017253340571403678,0.0,0.9992036718683462,0.0,0.9992036718683462,0.0007963281316537563,0.0,0.0,0.0,True,0,long_only,1.3818458256330184,1.5679115018444767
2023-08-17,2.1829290566872386,0.00753115609725552,0.0017253340571403678,0.0,0.9992096243110353,0.0,0.9992096243110353,0.0007903756889646729,0.0,0.0,0.0,True,0,long_only,1.3862999791947488,1.5746440809695623
2023-08-18,2.1928048639948807,0.004524108228523671,0.0017253340571403678,0.0,0.9992131839519924,0.0,0.9992131839519924,0.0007868160480075659,0.0,0.0,0.0,True,0,long_only,1.3844559697856247,1.583874757919838
2023-08-21,2.167463035697455,-0.011556809597392692,0.0017303426478835172,0.0,0.9992016737451179,0.0,0.9992016737451179,0.0007983262548820758,0.00045836387023954394,0.0,0.4184703512910378,True,0,long_only,1.3799211704614227,1.5707151119166403
2023-08-22,2.1691417757435136,0.0007745184201115585,0.0017303426478835172,0.0,0.9992022915849793,0.0,0.9992022915849793,0.0007977084150206926,0.0,0.0,0.0,True,0,long_only,1.3756350853794654,1.5768293487114435
2023-08-23,2.151865046182152,-0.007964776555667963,0.0017303426478835172,0.0,0.9991958870046458,0.0,0.9991958870046458,0.0008041129953542114,0.0,0.0,0.0,True,0,long_only,1.368174674655341,1.5727999399815171
2023-08-24,2.1521337426746245,0.000124866795410572,0.0017303426478835172,0.0,0.9991959873991227,0.0,0.9991959873991227,0.0008040126008772575,0.0,0.0,0.0,True,0,long_only,1.3713954224380909,1.5693021191864003
2023-08-25,2.1434703220481737,-0.004025502901917277,0.0017303426478835172,0.0,0.9991927377626436,0.0,0.9991927377626436,0.0008072622373563876,0.0,0.0,0.0,True,0,long_only,1.3668917971061048,1.5681346004023076
2023-08-28,2.1519047740949486,0.00393495163428037,0.0016797369903880754,0.0,0.9992194185306854,0.0,0.9992194185306854,0.0007805814693145896,0.0005041478682217017,0.0,0.4612848271705139,True,0,long_only,1.369786234513811,1.5709785365588385
2023-08-29,2.1767714959289526,0.011555679476784597,0.0016797369903880754,0.0,0.9992283356367311,0.0,0.9992283356367311,0.0007716643632689202,0.0,0.0,0.0,True,0,long_only,1.3781225666496566,1.579519520691752
2023-08-30,2.1796145605123525,0.0013060923430487925,0.0016797369903880754,0.0,0.9992293421869998,0.0,0.9992293421869998,0.0007706578130002306,0.0,0.0,0.0,True,0,long_only,1.3784356619627824,1.581223281330922
2023-08-31,2.185384627828522,0.002647287929115949,0.0016797369903880754,0.0,0.9992313769535127,0.0,0.9992313769535127,0.0007686230464872823,0.0,0.0,0.0,True,0,long_only,1.3774777393976236,1.5865117564688915
2023-09-01,2.1957234522701694,0.004730894648929729,0.0016797369903880754,0.0,0.9992349961063397,0.0,0.9992349961063397,0.0007650038936602988,0.0,0.0,0.0,True,0,long_only,1.3813273885885569,1.589574977235313
2023-09-04,2.2005800603497656,0.0022118487073474746,0.001317548230834829,0.0,0.9994012723033465,0.0,0.9994012723033465,0.0005987276966534782,0.0008786237046953857,0.0,0.7994356503244311,True,0,long_only,1.3881931215263872,1.5852117592472428
2023-09-05,2.2009068292186873,0.00014849215205092747,0.001317548230834829,0.0,0.9994013611965108,0.0,0.9994013611965108,0.0005986388034892043,0.0,0.0,0.0,True,0,long_only,1.3854359174539794,1.5886024041179052
2023-09-06,2.197308282730724,-0.0016350289981338362,0.001317548230834829,0.0,0.9994003808017338,0.0,0.9994003808017338,0.0005996191982662324,0.0,0.0,0.0,True,0,long_only,1.383916863028933,1.5877458693013888
2023-09-07,2.1672561966747566,-0.013676772755172983,0.001317548230834829,0.0,0.9993920662297072,0.0,0.9993920662297072,0.000607933770292779,0.0,0.0,0.0,True,0,long_only,1.3689076023201583,1.583201227753779
2023-09-08,2.162243822727757,-0.0023127740756677673,0.001317548230834829,0.0,0.999390656956914,0.0,0.999390656956914,0.0006093430430860192,0.0,0.0,0.0,True,0,long_only,1.3652392366709158,1.5837838267821154
2023-09-11,2.1744644576211325,0.005651830179798534,0.0016190588445510038,0.0,0.9992554217941451,0.0,0.9992554217941451,0.0007445782058549399,0.0005401070903690372,0.0,0.49988987699998766,True,0,long_only,1.3679530682324144,1.5895753356734987
2023-09-12,2.1775648212472385,0.001425805611694475,0.0016190588445510038,0.0,0.9992564819064153,0.0,0.9992564819064153,0.0007435180935847496,0.0,0.0,0.0,True,0,long_only,1.3679035964621586,1.591899331852863
2023-09-13,2.167042226842664,-0.004832276082852749,0.0016190588445510038,0.0,0.9992528715755992,0.0,0.9992528715755992,0.0007471284244008336,0.0,0.0,0.0,True,0,long_only,1.3618466930832365,1.591252699623961
2023-09-14,2.1613536022480835,-0.002625064026956725,0.0016190588445510038,0.0,0.9992509051536653,0.0,0.9992509051536653,0.0007490948463346747,0.0,0.0,0.0,True,0,long_only,1.3595398176592535,1.5897685188576003
2023-09-15,2.1674266412463834,0.002809831298304699,0.0016190588445510038,0.0,0.9992530040861637,0.0,0.9992530040861637,0.0007469959138363125,0.0,0.0,0.0,True,0,long_only,1.3606949496099523,1.592882109151418
2023-09-18,2.1751058383246424,0.0035430020708071552,0.0017819466002514182,0.0,0.9991807540723517,0.0,0.9991807540723517,0.00081924592764826,0.00038211820303299897,0.0,0.3528401672247785,True,0,long_only,1.362506768483636,1.5964000243062029
2023-09-19,2.169114220008215,-0.00275463299801626,0.0017819466002514182,0.0,0.9991784911168742,0.0,0.9991784911168742,0.000821508883125821,0.0,0.0,0.0,True,0,long_only,1.3596651913236002,1.5953296692817711
2023-09-20,2.168237435925782,-0.0004042129613763823,0.0017819466002514182,0.0,0.9991781589180566,0.0,0.9991781589180566,0.0008218410819433863,0.0,0.0,0.0,True,0,long_only,1.3580058539335818,1.5966333500296
2023-09-21,2.1525281632123443,-0.007245181018069702,0.0017819466002514182,0.0,0.9991721610751926,0.0,0.9991721610751926,0.0008278389248074225,0.0,0.0,0.0,True,0,long_only,1.3544808208789847,1.5891905813885723
2023-09-22,2.169412783542247,0.007844087997763705,0.0017819466002514182,0.0,0.9991786041763145,0.0,0.9991786041763145,0.0008213958236854557,0.0,0.0,0.0,True,0,long_only,1.3626260428886363,1.5920822846914773
2023-09-25,2.1716332088887556,0.0010235144567014576,0.0019116361538108867,0.0,0.9991197242029703,0.0,0.9991197242029703,0.0008802757970296504,0.00025458413553767746,0.0,0.23483515936790286,True,0,long_only,1.36137061200646,1.5951814955723833
2023-09-26,2.189775019096283,0.008353993728439368,0.0019116361538108867,0.0,0.9991270170966697,0.0,0.9991270170966697,0.0008729829033302661,0.0,0.0,0.0,True,0,long_only,1.3614576958760196,1.6084047456849466
2023-09-27,2.2059491261516113,0.007386195802892681,0.0019116361538108867,0.0,0.9991334178421668,0.0,0.9991334178421668,0.0008665821578331956,0.0,0.0,0.0,True,0,long_only,1.3634904434771473,1.6178691509755228
2023-09-28,2.196229788010251,-0.004405966586507715,0.0019116361538108867,0.0,0.9991295828131251,0.0,0.9991295828131251,0.0008704171868748611,0.0,0.0,0.0,True,0,long_only,1.3682583700474862,1.6051279758910078
2023-10-09,2.201631552165068,0.0024595623756247242,0.0019199478899026541,0.0,0.999127943143795,0.0,0.999127943143795,0.0008720568562049502,0.0002743002543667346,0.0,0.24978383525185463,True,0,long_only,1.3651867152709867,1.612696290945117
2023-10-10,2.197071572661668,-0.0020711819372843943,0.0019199478899026541,0.0,0.9991261332066772,0.0,0.9991261332066772,0.0008738667933227973,0.0,0.0,0.0,True,0,long_only,1.361555622873307,1.6136480476832535
2023-10-11,2.1935904819097893,-0.0015844230088789546,0.0019199478899026541,0.0,0.9991247464347899,0.0,0.9991247464347899,0.0008752535652101212,0.0,0.0,0.0,True,0,long_only,1.3580089035632552,1.6152990427044083
2023-10-12,2.186749089326567,-0.0031188102973832565,0.0019199478899026541,0.0,0.9991220081447507,0.0,0.9991220081447507,0.0008779918552492827,0.0,0.0,0.0,True,0,long_only,1.3612116924157067,1.606472455027036
2023-10-13,2.1827881698745712,-0.0018113278159478385,0.0019199478899026541,0.0,0.999120414927843,0.0,0.999120414927843,0.0008795850721570186,0.0,0.0,0.0,True,0,long_only,1.3582867587112673,1.6070157173184734
2023-10-16,2.193298072724077,0.004814898208885587,0.0015939091508508445,0.0,0.9992732820173086,0.0,0.9992732820173086,0.0007267179826914161,0.0005862666156913436,0.0,0.537310674330305,True,0,long_only,1.3513661324393176,1.6230228211839295
2023-10-17,2.173218931523163,-0.009154770822360603,0.0015939091508508445,0.0,0.9992665676118817,0.0,0.9992665676118817,0.0007334323881182936,0.0,0.0,0.0,True,0,long_only,1.3483212466343948,1.6117961034492576
2023-10-18,2.148706407493303,-0.011279362458286424,0.0015939091508508445,0.0,0.9992582005874361,0.0,0.9992582005874361,0.0007417994125639149,0.0,0.0,0.0,True,0,long_only,1.3379382741400214,1.6059832123977573
2023-10-19,2.1190846076423,-0.013785875886859866,0.0015939091508508445,0.0,0.9992478312828555,0.0,0.9992478312828555,0.0007521687171444524,0.0,0.0,0.0,True,0,long_only,1.325836665900871,1.5982998978252259
2023-10-20,2.1006003240870936,-0.008722768070960618,0.0015939091508508445,0.0,0.999241212555966,0.0,0.999241212555966,0.0007587874440340148,0.0,0.0,0.0,True,0,long_only,1.3218853623874942,1.589094170990093
2023-10-23,2.0699198637802207,-0.014605567729885194,0.0015319040643765075,0.0,0.9992599210765681,0.0,0.9992599210765681,0.0007400789234318639,0.0005642798261498606,0.0,0.5379142453049287,True,0,long_only,1.3075819215242184,1.5830135226765467
2023-10-24,2.101253386063056,0.015137553308760543,0.14461273928224858,0.0,0.9311778673426924,0.0,0.9311778673426924,0.06882213265730763,7.157620571179191e-05,0.0,0.0691305056625326,True,0,long_only,1.3216047964575504,1.5899256658989795
2023-10-25,2.1062329716862274,0.00236981682275883,0.14461273928224858,0.0,0.931340577596944,0.0,0.931340577596944,0.068659422403056,0.0,0.0,0.0,True,0,long_only,1.3278680581110323,1.586176396683917
2023-10-26,2.112662044634661,0.003052403525563907,0.14461273928224858,0.0,0.9315495160953411,0.0,0.9315495160953411,0.06845048390465891,0.0,0.0,0.0,True,0,long_only,1.3302515131245896,1.5881673681936208
2023-10-27,2.134080693932325,0.010138227906379527,0.14461273928224858,0.0,0.9322365177224013,0.0,0.9322365177224013,0.06776348227759865,0.0,0.0,0.0,True,0,long_only,1.3409648621669041,1.5914516137908354
2023-10-30,2.1521369207143732,0.008460892239635642,0.001869909750613053,0.0,0.9991311381108632,0.0,0.9991311381108632,0.0008688618891368183,0.00019585647784619995,0.0,0.18311998128780252,True,0,long_only,1.3425703227660277,1.6029975370529848
2023-10-31,2.1297350386752334,-0.010409134206806891,0.001869909750613053,0.0,0.9991219988793648,0.0,0.9991219988793648,0.0008780011206351857,0.0,0.0,0.0,True,0,long_only,1.3353779406054125,1.594855638928473
2023-11-01,2.1214322279699593,-0.003898518151083441,0.001869909750613053,0.0,0.9991185625795822,0.0,0.9991185625795822,0.0008814374204177966,0.0,0.0,0.0,True,0,long_only,1.3309712257274893,1.5938978897236609
2023-11-02,2.121910713260582,0.00022554823308218452,0.001869909750613053,0.0,0.9991187613414046,0.0,0.9991187613414046,0.0008812386585953513,0.0,0.0,0.0,True,0,long_only,1.328818187178137,1.596840511166277
2023-11-03,2.139560664606185,0.008317951945528312,0.001869909750613053,0.0,0.9991260309737667,0.0,0.9991260309737667,0.0008739690262332678,0.0,0.0,0.0,True,0,long_only,1.3332655637850377,1.6047520634464885
2023-11-06,2.1594735240819594,0.00930698521672424,0.0017270429196192193,0.0,0.999200248162175,0.0,0.999200248162175,0.0007997518378249913,0.00041699633537683025,0.0,0.3886182223335793,True,0,long_only,1.3428024334689401,1.608184100845919
2023-11-07,2.1607848020499008,0.0006072211366883185,0.0017270429196192193,0.0,0.9992007334936914,0.0,0.9992007334936914,0.0007992665063085713,0.0,0.0,0.0,True,0,long_only,1.3445844337413737,1.6070279766941884
2023-11-08,2.1596391436490694,-0.0005302047662240073,0.0017270429196192193,0.0,0.9992003094939736,0.0,0.9992003094939736,0.0007996905060263515,0.0,0.0,0.0,True,0,long_only,1.3430562304273075,1.608003518186247
2023-11-09,2.162948654563245,0.0015324369924982761,0.0017270429196192193,0.0,0.9992015330941973,0.0,0.9992015330941973,0.0007984669058026528,0.0,0.0,0.0,True,0,long_only,1.342495437415161,1.6111404138011698
2023-11-10,2.1624822375433634,-0.00021563943226177162,0.0017270429196192193,0.0,0.9992013608761101,0.0,0.9992013608761101,0.0007986391238898882,0.0,0.0,0.0,True,0,long_only,1.340402036068309,1.6133086785561699
2023-11-13,2.162547287622861,3.0081208699961337e-05,0.0019078470851462625,0.0,0.9991177778649902,0.0,0.9991177778649902,0.0008822221350097692,0.00025459731209166904,0.0,0.23526020093245187,True,0,long_only,1.340411862652812,1.6133453812792726
2023-11-14,2.170050442441551,0.0034695910982540656,0.0019078470851462625,0.0,0.9991208282315319,0.0,0.9991208282315319,0.0008791717684680789,0.0,0.0,0.0,True,0,long_only,1.3438433737307611,1.6148090505644899
2023-11-15,2.180815435956363,0.004960711190980627,0.0019078470851462625,0.0,0.9991251680203237,0.0,0.9991251680203237,0.0008748319796763049,0.0,0.0,0.0,True,0,long_only,1.3480210275354452,1.617790369296758
2023-11-16,2.1673122784916847,-0.006191792868870949,0.0019078470851462625,0.0,0.9991197174933767,0.0,0.9991197174933767,0.0008802825066233089,0.0,0.0,0.0,True,0,long_only,1.341076681921592,1.6160986971947064
2023-11-17,2.1642962442571854,-0.001391601138622467,0.0019078470851462625,0.0,0.9991184907841482,0.0,0.9991184907841482,0.0008815092158518389,0.0,0.0,0.0,True,0,long_only,1.3390595213165726,1.616280837261987
2023-11-20,2.1769480168172315,0.005845675051932897,0.0017746076484613004,0.0,0.9991848185465376,0.0,0.9991848185465376,0.0008151814534623769,0.00039066183461756266,0.0,0.3605045408095228,True,0,long_only,1.342903071248159,1.6210760578526868
2023-11-21,2.162670318862577,-0.006558584699477232,0.0017746076484613004,0.0,0.9991794368133768,0.0,0.9991794368133768,0.0008205631866231577,0.0,0.0,0.0,True,0,long_only,1.3408493150870602,1.612910783134611
2023-11-22,2.1474728681407136,-0.007027169416120693,0.0017746076484613004,0.0,0.9991736297697686,0.0,0.9991736297697686,0.0008263702302313547,0.0,0.0,0.0,True,0,long_only,1.330459565637857,1.614083526928651
2023-11-23,2.152545821933457,0.0023622900517179524,0.0017746076484613004,0.0,0.9991755772953222,0.0,0.9991755772953222,0.0008244227046777519,0.0,0.0,0.0,True,0,long_only,1.3298991114734524,1.6185782841440948
2023-11-24,2.142051727298933,-0.0048752015067895504,0.0017746076484613004,0.0,0.9991715383779742,0.0,0.9991715383779742,0.0008284616220257668,0.0,0.0,0.0,True,0,long_only,1.3251403337921333,1.6164716088363693
2023-11-27,2.1488185976664314,0.003159060204410258,0.0015163283846192936,0.0,0.999294343232944,0.0,0.999294343232944,0.0007056567670560288,0.0006226294916550172,0.0,0.5816481185057778,True,0,long_only,1.3255926955270065,1.6210247724789557
2023-11-28,2.1529856068081634,0.0019392093619523543,0.0015163283846192936,0.0,0.9992957090006435,0.0,0.9992957090006435,0.0007042909993565383,0.0,0.0,0.0,True,0,long_only,1.327910414078717,1.6213334754979465
2023-11-29,2.145742960326855,-0.0033640013469692365,0.0015163283846192936,0.0,0.9992933317677584,0.0,0.9992933317677584,0.0007066682322416362,0.0,0.0,0.0,True,0,long_only,1.3242301887585228,1.620370067486913
2023-11-30,2.1378748366500857,-0.0036668528440940706,0.0015163283846192936,0.0,0.9992907309826448,0.0,0.9992907309826448,0.0007092690173552407,0.0,0.0,0.0,True,0,long_only,1.321828435966926,1.6173618137411432
2023-12-01,2.1375438766025017,-0.00015480796251976514,0.0015163283846192936,0.0,0.9992906211651528,0.0,0.9992906211651528,0.0007093788348472296,0.0,0.0,0.0,True,0,long_only,1.324856040537033,1.6134159570545068
2023-12-04,2.1448887042321085,0.0034361061356460443,0.001992419679825171,0.0,0.9990710848185764,0.0,0.9990710848185764,0.000928915181423573,0.00014460003969324635,0.0,0.13521311313230713,True,0,long_only,1.3238903244738203,1.6201407809854595
2023-12-05,2.1363577368800697,-0.0039773473258570835,0.001992419679825171,0.0,0.9990673754468037,0.0,0.9990673754468037,0.0009326245531963151,0.0,0.0,0.0,True,0,long_only,1.3174932179624543,1.6215322460513426
2023-12-06,2.1339804563296725,-0.0011127726922124381,0.001992419679825171,0.0,0.9990663364915477,0.0,0.9990663364915477,0.0009336635084522538,0.0,0.0,0.0,True,0,long_only,1.319078347697089,1.6177814305384355
2023-12-07,2.1354651068726764,0.0006957189034229039,0.001992419679825171,0.0,0.999066985607298,0.0,0.999066985607298,0.0009330143927019918,0.0,0.0,0.0,True,0,long_only,1.3198275400534973,1.6179879886323014
2023-12-08,2.133553164254982,-0.0008953284282384733,0.001992419679825171,0.0,0.9990661495044015,0.0,0.9990661495044015,0.000933850495598465,0.0,0.0,0.0,True,0,long_only,1.3220476704556623,1.6138246841882964
2023-12-11,2.135558985383651,0.0009401317774846429,0.0015040584286570974,0.0,0.9992957073820243,0.0,0.9992957073820243,0.0007042926179756659,0.0006267602114206865,0.0,0.5877125156989451,True,0,long_only,1.3242637346849293,1.6126387285624388
2023-12-12,2.1353157859276406,-0.00011388093594000281,0.0015040584286570974,0.0,0.999295627167387,0.0,0.999295627167387,0.0007043728326130427,0.0,0.0,0.0,True,0,long_only,1.3245629372406544,1.6120908458875924
2023-12-13,2.1283000001543253,-0.003285596359822507,0.0015040584286570974,0.0,0.999293305253701,0.0,0.999293305253701,0.0007066947462990303,0.0,0.0,0.0,True,0,long_only,1.31985566441604,1.6125248067151157
2023-12-14,2.124786579755006,-0.00165081069354156,0.0015040584286570974,0.0,0.9992921367054047,0.0,0.9992921367054047,0.0007078632945952679,0.0,0.0,0.0,True,0,long_only,1.3177453206821141,1.6124409978212917
2023-12-15,2.115439097944271,-0.0043992568005640775,0.0015040584286570974,0.0,0.9992890088728534,0.0,0.9992890088728534,0.0007109911271465652,0.0,0.0,0.0,True,0,long_only,1.3145838712541231,1.609208164045194
2023-12-18,2.1092979040382267,-0.0029030350776878544,0.0017510450813616645,0.0,0.9991698445828778,0.0,0.9991698445828778,0.0008301554171221692,0.00036146552009340687,0.0,0.34192147881938784,True,0,long_only,1.3088078726528865,1.611617677515026
2023-12-19,2.1001389830451327,-0.004342165691986533,0.0017510450813616645,0.0,0.9991662241901615,0.0,0.9991662241901615,0.0008337758098384551,0.0,0.0,0.0,True,0,long_only,1.3048769000039984,1.6094537216795681
2023-12-20,2.097792867368901,-0.00111712400711228,0.0017510450813616645,0.0,0.9991652917175002,0.0,0.9991652917175002,0.0008347082824997631,0.0,0.0,0.0,True,0,long_only,1.3016761442379958,1.6116089064511154
2023-12-21,2.109108222833995,0.00539393361523155,0.0017510450813616645,0.0,0.9991697699234188,0.0,0.9991697699234188,0.0008302300765812287,0.0,0.0,0.0,True,0,long_only,1.3053431544962724,1.6157500160545084
2023-12-22,2.1083541479301453,-0.00035753257973469843,0.0017510450813616645,0.0,0.9991694729829518,0.0,0.9991694729829518,0.0008305270170482215,0.0,0.0,0.0,True,0,long_only,1.305348576060136,1.6151656244140382
2023-12-25,2.1076912482362435,-0.0003144157230664524,0.001488646318911793,0.0,0.9992937075958552,0.0,0.9992937075958552,0.0007062924041447705,0.000620448324327536,0.0,0.5878172060012775,True,0,long_only,1.3034093504356565,1.6170600951510443
2023-12-26,2.091209792650476,-0.007819672639225228,0.001488646318911793,0.0,0.9992881410922311,0.0,0.9992881410922311,0.0007118589077689252,0.0,0.0,0.0,True,0,long_only,1.2978037922483836,1.6113451086682018
2023-12-27,2.103666208067773,0.0059565594332404714,0.001488646318911793,0.0,0.9992923562144971,0.0,0.9992923562144971,0.0007076437855029205,0.0,0.0,0.0,True,0,long_only,1.3028631278763938,1.6146486634376174
2023-12-28,2.1229252089629407,0.009154969938342639,0.001488646318911793,0.0,0.9992987759000522,0.0,0.9992987759000522,0.0007012240999477726,0.0,0.0,0.0,True,0,long_only,1.3166515201726225,1.6123668081016682
2023-12-29,2.1442815298362357,0.010059855515931027,0.001488646318911793,0.0,0.9993057598555982,0.0,0.9993057598555982,0.0006942401444017809,0.0,0.0,0.0,True,0,long_only,1.3241973205275994,1.6193066521097403
2024-01-02,2.155180103363469,0.005082622489438471,0.0017450085124480247,0.0,0.9991903189391342,0.0,0.9991903189391342,0.0008096810608657634,0.00039793009227123574,0.0,0.3710728769637235,True,0,long_only,1.325904096601425,1.6254419221478047
2024-01-03,2.1430435385777016,-0.005631345968175272,0.0017450085124480247,0.0,0.9991857335228914,0.0,0.9991857335228914,0.0008142664771085828,0.0,0.0,0.0,True,0,long_only,1.3196493061414798,1.6239492784971354
2024-01-04,2.1386827345009713,-0.00203486490042315,0.0017450085124480247,0.0,0.9991840732221298,0.0,0.9991840732221298,0.000815926777870235,0.0,0.0,0.0,True,0,long_only,1.316682355317097,1.6242966466926732
2024-01-05,2.126200374749185,-0.005836470997040433,0.0017450085124480247,0.0,0.9991792831319325,0.0,0.9991792831319325,0.0008207168680675059,0.0,0.0,0.0,True,0,long_only,1.3136266263844472,1.6185728364849155
2024-01-08,2.101905506804836,-0.01142642444845543,0.0017690227557846374,0.0,0.999158371891573,0.0,0.999158371891573,0.0008416281084270283,0.00035399997586001776,0.0,0.33318322955560586,True,0,long_only,1.3040670539018657,1.611807844171646
2024-01-09,2.110963387998236,0.004309366507712076,0.0017690227557846374,0.0,0.9991619832130476,0.0,0.9991619832130476,0.0008380167869523891,0.0,0.0,0.0,True,0,long_only,1.3065755437320286,1.6156458752997929
2024-01-10,2.1016320872116414,-0.004420399159761557,0.0017690227557846374,0.0,0.9991582623968539,0.0,0.9991582623968539,0.0008417376031460977,0.0,0.0,0.0,True,0,long_only,1.3053140135905053,1.6100586259935397
2024-01-11,2.1156524802862062,0.006671192907587553,0.0017690227557846374,0.0,0.9991638405776618,0.0,0.9991638405776618,0.0008361594223381674,0.0,0.0,0.0,True,0,long_only,1.3103469190946802,1.6145743157452626
2024-01-12,2.1193092567136405,0.001728439080382227,0.0017690227557846374,0.0,0.9991652833345674,0.0,0.9991652833345674,0.0008347166654325555,0.0,0.0,0.0,True,0,long_only,1.3135632618567907,1.61340478852757
2024-01-15,2.1179102967305186,-0.0006601018604011077,0.0017472182765553444,0.0,0.9991750272524514,0.0,0.9991750272524514,0.000824972747548558,0.00036366322109737133,0.0,0.34424415857332685,True,0,long_only,1.3115250926917996,1.6148454257811249
2024-01-16,2.1104390342232526,-0.003527657672187323,0.0017472182765553444,0.0,0.9991721067284001,0.0,0.9991721067284001,0.0008278932715999332,0.0,0.0,0.0,True,0,long_only,1.3085381498506699,1.6128219375675792
2024-01-17,2.081846684742642,-0.013548057544876646,0.0017472182765553444,0.0,0.9991607363359846,0.0,0.9991607363359846,0.0008392636640154327,0.0,0.0,0.0,True,0,long_only,1.2971366010454133,1.604955625386563
2024-01-18,2.079565503215908,-0.0010957490498468836,0.0017472182765553444,0.0,0.9991598157048415,0.0,0.9991598157048415,0.0008401842951585303,0.0,0.0,0.0,True,0,long_only,1.2953562950116868,1.605400391555704
2024-01-19,2.0749205389211456,-0.0022336224983438013,0.0017472182765553444,0.0,0.9991579348491756,0.0,0.9991579348491756,0.0008420651508244115,0.0,0.0,0.0,True,0,long_only,1.2941486416610588,1.6033092893084944
2024-01-22,2.0210214566952867,-0.0259764560689556,0.0014208788095295458,0.0,0.9992969501611066,0.0,0.9992969501611066,0.0007030498388933548,0.0006559550275629061,0.0,0.6311065139721301,True,0,long_only,1.276195471774322,1.583630017026637
2024-01-23,2.0342952996686505,0.006567888198014682,0.0014208788095295458,0.0,0.9993015375841644,0.0,0.9993015375841644,0.000698462415835599,0.0,0.0,0.0,True,0,long_only,1.2779717116351506,1.5918155943106067
2024-01-24,2.0306698220657227,-0.0017821786264354822,0.0014208788095295458,0.0,0.999300290576986,0.0,0.999300290576986,0.0006997094230140055,0.0,0.0,0.0,True,0,long_only,1.2779544304003352,1.5890001816649988
2024-01-25,2.0671785513601337,0.017978663442820064,0.0014208788095295458,0.0,0.9993126482428938,0.0,0.9993126482428938,0.0006873517571062138,0.0,0.0,0.0,True,0,long_only,1.2937111892268105,1.5978671040138315
2024-01-26,2.0634543922258306,-0.0018015662613433125,0.0014208788095295458,0.0,0.9993114076982351,0.0,0.9993114076982351,0.0006885923017648787,0.0,0.0,0.0,True,0,long_only,1.296531418979133,1.5915190037203724
2024-01-29,2.0337245256918393,-0.014407813735064945,0.0015469599841665767,0.0,0.9992393463497028,0.0,0.9992393463497028,0.000760653650297205,0.0005159743558206732,0.0,0.4998113933648511,True,0,long_only,1.2872737598342086,1.5798694800970448
2024-01-30,2.0097049981050743,-0.011810610180153835,0.0015469599841665767,0.0,0.9992302551938592,0.0,0.9992302551938592,0.0007697448061407819,0.0,0.0,0.0,True,0,long_only,1.2787795246508344,1.571580526090935
2024-01-31,1.9943060671240225,-0.007662284263397656,0.0015469599841665767,0.0,0.9992243116492157,0.0,0.9992243116492157,0.0007756883507843426,0.0,0.0,0.0,True,0,long_only,1.2715830763173215,1.568364744912936
2024-02-01,1.9989251039642313,0.002316112314129315,0.0015469599841665767,0.0,0.999226104079088,0.0,0.999226104079088,0.0007738959209120377,0.0,0.0,0.0,True,0,long_only,1.2721513239797804,1.5712950702364732
2024-02-02,1.9793173589291877,-0.009809144422748828,0.0015469599841665767,0.0,0.9992184376208354,0.0,0.9992184376208354,0.000781562379164602,0.0,0.0,0.0,True,0,long_only,1.2677876427650248,1.5612373020234902
2024-02-05,1.9653901103334175,-0.007036389860848202,0.0013167204392224667,0.0,0.9993300462680159,0.0,0.9993300462680159,0.0006699537319840854,0.0006585743870322532,0.0,0.6662172467229517,True,0,long_only,1.2566483621116722,1.5639936911474388
2024-02-06,2.0369461777732902,0.03640807342199026,0.0013167204392224667,0.0,0.9993535811335664,0.0,0.9993535811335664,0.0006464188664335735,0.0,0.0,0.0,True,0,long_only,1.2748173780097303,1.5978337077216584
2024-02-07,2.0434862868488737,0.003210742211526174,0.0013167204392224667,0.0,0.9993556499753894,0.0,0.9993556499753894,0.0006443500246106071,0.0,0.0,0.0,True,0,long_only,1.2769768546661708,1.6002531912632707
2024-02-08,2.0634782528648286,0.009783264093630395,0.0013167204392224667,0.0,0.999361892747164,0.0,0.999361892747164,0.0006381072528359732,0.0,0.0,0.0,True,0,long_only,1.2851505398861065,1.6056315496297417
2024-02-19,2.0790679476263163,0.007555056487677625,0.0012562586400819507,0.0,0.9993957587381807,0.0,0.9993957587381807,0.0006042412618193493,0.0008122350971532949,0.0,0.7846975702264603,True,0,long_only,1.289835787607525,1.6118857668561923
2024-02-20,2.104039810327853,0.012011085414523004,0.0012562586400819507,0.0,0.9994029301946115,0.0,0.9994029301946115,0.0005970698053885393,0.0,0.0,0.0,True,0,long_only,1.2996471239620246,1.61893160961539
2024-02-21,2.118149329874629,0.006705918527547761,0.0012562586400819507,0.0,0.9994069074250981,0.0,0.9994069074250981,0.0005930925749019211,0.0,0.0,0.0,True,0,long_only,1.3074934822636928,1.6200075630261876
2024-02-22,2.1269229585861313,0.004142120004363425,0.0012562586400819507,0.0,0.9994093539519094,0.0,0.9994093539519094,0.0005906460480905595,0.0,0.0,0.0,True,0,long_only,1.3102676287231743,1.6232736823840859
2024-02-23,2.129087543847789,0.0010177074129176233,0.0012562586400819507,0.0,0.9994099544456441,0.0,0.9994099544456441,0.0005900455543559335,0.0,0.0,0.0,True,0,long_only,1.3122925828262477,1.6224183323984298
2024-02-26,2.1200488651368117,-0.004245329759734684,0.0018007906852188546,0.0,0.999150590010055,0.0,0.999150590010055,0.0008494099899449825,0.00032734574000621336,0.0,0.3073916243856724,True,0,long_only,1.3091572246743504,1.6193997368529731
2024-02-27,2.127317265641119,0.0034284117804228575,0.0018007906852188546,0.0,0.9991534921874119,0.0,0.9991534921874119,0.0008465078125881043,0.0,0.0,0.0,True,0,long_only,1.3125355366568876,1.620769271557807
2024-02-28,2.0810610074633082,-0.021743939620529562,0.0018007906852188546,0.0,0.9991346766487093,0.0,0.9991346766487093,0.0008653233512907477,0.0,0.0,0.0,True,0,long_only,1.297819718092233,1.6035054626249807
2024-02-29,2.1065972525851104,0.012270781601414482,0.0018007906852188546,0.0,0.9991451661284525,0.0,0.9991451661284525,0.0008548338715475001,0.0,0.0,0.0,True,0,long_only,1.3062495722047265,1.6127065588465868
2024-03-01,2.114309287919801,0.003660896892002885,0.0018007906852188546,0.0,0.9991482841722791,0.0,0.9991482841722791,0.0008517158277209225,0.0,0.0,0.0,True,0,long_only,1.3094408402339677,1.6146657588150537
2024-03-04,2.114060384593426,-0.00011772323368064441,0.0014942514295774453,0.0,0.9992931841301852,0.0,0.9992931841301852,0.000706815869814803,0.0006204034509623769,0.0,0.5862229583140789,True,0,long_only,1.3071481964151264,1.6173073492288543
2024-03-05,2.0972861333061394,-0.007934613130983093,0.0014942514295774453,0.0,0.9992875309640169,0.0,0.9992875309640169,0.0007124690359830987,0.0,0.0,0.0,True,0,long_only,1.3017798316468883,1.6110912785097093
2024-03-06,2.1023956486658637,0.002436250961936892,0.0014942514295774453,0.0,0.9992892624989376,0.0,0.9992892624989376,0.0007107375010624306,0.0,0.0,0.0,True,0,long_only,1.3028248380816068,1.6137208834317398
2024-03-07,2.095712280291366,-0.0031789298930192667,0.10312470331632036,0.0,0.9507925280172606,0.0,0.9507925280172606,0.04920747198273945,5.084064626650471e-05,0.0,0.04837374108019844,True,0,long_only,1.3011997243134776,1.6106000033139254
2024-03-08,2.1003111769487592,0.002194431316093537,0.10312470331632036,0.0,0.9509002739936206,0.0,0.9509002739936206,0.04909972600637935,0.0,0.0,0.0,True,0,long_only,1.3034418798188385,1.6113577517094013
2024-03-11,2.113478861612288,0.006269397034137647,0.0016994391434593864,0.0,0.9991959043573481,0.0,0.9991959043573481,0.0008040956426519363,0.00034908090063312844,0.0,0.33228289451560067,True,0,long_only,1.3084785126481697,1.6152186231433903
2024-03-12,2.1151070312131792,0.000770374206463309,0.0016994391434593864,0.0,0.9991965233350463,0.0,0.9991965233350463,0.0008034766649537284,0.0,0.0,0.0,True,0,long_only,1.3077977675355401,1.6173043598315364
2024-03-13,2.117580676721294,0.0011695131601430209,0.0016994391434593864,0.0,0.9991974619138995,0.0,0.9991974619138995,0.0008025380861005349,0.0,0.0,0.0,True,0,long_only,1.3081213671286516,1.6187952661987466
2024-03-14,2.1117358136283806,-0.002760160761366204,0.0016994391434593864,0.0,0.9991952406487158,0.0,0.9991952406487158,0.0008047593512842122,0.0,0.0,0.0,True,0,long_only,1.306607734267469,1.6161972398030349
2024-03-15,2.120749107755661,0.004268192104860846,0.0016994391434593864,0.0,0.9991986609178595,0.0,0.9991986609178595,0.0008013390821405286,0.0,0.0,0.0,True,0,long_only,1.3108653561391417,1.6178237511759783
2024-03-18,2.1351651326669954,0.006797609796752591,0.001470972178744545,0.0,0.9993110733421788,0.0,0.9993110733421788,0.000688926657821165,0.0006481313762693682,0.0,0.6111527174315243,True,0,long_only,1.3170205253630922,1.6212086991418353
2024-03-19,2.1383120634630335,0.001473858273485229,0.001470972178744545,0.0,0.999312087228109,0.0,0.999312087228109,0.0006879127718909528,0.0,0.0,0.0,True,0,long_only,1.3182590138581949,1.622072780071316
2024-03-20,2.150022795172531,0.005476624254053597,0.001470972178744545,0.0,0.9993158341474112,0.0,0.9993158341474112,0.0006841658525887917,0.0,0.0,0.0,True,0,long_only,1.3229395177112326,1.6251860091776558
2024-03-21,2.1463443903881143,-0.0017108678069253092,0.001470972178744545,0.0,0.9993146616240469,0.0,0.9993146616240469,0.0006853383759530818,0.0,0.0,0.0,True,0,long_only,1.324261362750739,1.6207860855577294
2024-03-22,2.1417760139020796,-0.0021284452329705106,0.001470972178744545,0.0,0.999313199807451,0.0,0.999313199807451,0.0006868001925489642,0.0,0.0,0.0,True,0,long_only,1.3199047973385543,1.6226746188215544
2024-03-25,2.14031393721188,-0.0006826468690981358,0.0015005919332260237,0.0,0.9992988916685834,0.0,0.9992988916685834,0.0007011083314165667,0.000642307135712093,0.0,0.5989698675211177,True,0,long_only,1.316512253750875,1.6257455493588544
2024-03-26,2.1272852390432075,-0.006087283712054248,0.0015005919332260237,0.0,0.9992945976845582,0.0,0.9992945976845582,0.0007054023154418054,0.0,0.0,0.0,True,0,long_only,1.3134788887691626,1.6195808377526708
2024-03-27,2.092336250288324,-0.016428915179518944,0.0015005919332260237,0.0,0.9992828151149132,0.0,0.9992828151149132,0.0007171848850867635,0.0,0.0,0.0,True,0,long_only,1.3059869652050808,1.6021111282376095
2024-03-28,2.1110206761174077,0.0089299345774414,0.0015005919332260237,0.0,0.9992891628442095,0.0,0.9992891628442095,0.0007108371557904558,0.0,0.0,0.0,True,0,long_only,1.3095082709345218,1.6120712812381794
2024-03-29,2.1223789420279076,0.005380461706983253,0.0015005919332260237,0.0,0.9992929670081477,0.0,0.9992929670081477,0.0007070329918522633,0.0,0.0,0.0,True,0,long_only,1.3134253508260092,1.6159113578043471
2024-04-01,2.144857413177888,0.010591167630273679,0.0017730727790130332,0.0,0.9991733376922312,0.0,0.9991733376922312,0.000826662307768844,0.00035096519862400316,0.0,0.33018806624986374,True,0,long_only,1.3211463354633304,1.6234820894580761
2024-04-02,2.1286644986152115,-0.0075496461737680765,0.0017730727790130332,0.0,0.999167049208475,0.0,0.999167049208475,0.0008329507915250112,0.0,0.0,0.0,True,0,long_only,1.3217593110276642,1.6104781565413606
2024-04-03,2.129396440239087,0.0003438501578578723,0.0017730727790130332,0.0,0.9991673355202877,0.0,0.9991673355202877,0.0008326644797123084,0.0,0.0,0.0,True,0,long_only,1.3235128480898137,1.6088974453949432
2024-04-08,2.1180128411611103,-0.0053459275421245955,0.0016652136100133211,0.0,0.9992137849319646,0.0,0.9992137849319646,0.0007862150680354452,0.000459548671658638,0.0,0.432168384528115,True,0,long_only,1.3197638366780995,1.6048423076148508
2024-04-09,2.1356922616770655,0.008347173431801691,0.0016652136100133211,0.0,0.999220293279189,0.0,0.999220293279189,0.0007797067208109576,0.0,0.0,0.0,True,0,long_only,1.324926859715002,1.6119321953639487
2024-04-10,2.1309383200246375,-0.002225948811883094,0.0016652136100133211,0.0,0.9992185538199931,0.0,0.9992185538199931,0.0007814461800068617,0.0,0.0,0.0,True,0,long_only,1.3226999523580076,1.6110519367795884
2024-04-11,2.1425898430491745,0.00546778990036767,0.0016652136100133211,0.0,0.9992228033678888,0.0,0.9992228033678888,0.0007771966321111767,0.0,0.0,0.0,True,0,long_only,1.3258661456543794,1.6159925721549382
2024-04-12,2.145414138442998,0.0013181689453938272,0.0016652136100133211,0.0,0.9992238264956984,0.0,0.9992238264956984,0.0007761735043015916,0.0,0.0,0.0,True,0,long_only,1.327975472845081,1.6155525326432576
2024-04-15,2.1283815180304315,-0.007939082766056482,0.001566520624418743,0.0,0.9992639850463143,0.0,0.9992639850463143,0.000736014953685693,0.0005762007722960776,0.0,0.5373439873553576,True,0,long_only,1.3225850829736465,1.6092586748710829
2024-04-16,2.08692372158688,-0.019478554992300445,0.001566520624418743,0.0,0.999249363736578,0.0,0.999249363736578,0.0007506362634219776,0.0,0.0,0.0,True,0,long_only,1.3127415560837064,1.5897445402831512
2024-04-17,2.1278164676145708,0.019594748770499493,0.001566520624418743,0.0,0.9992637895945157,0.0,0.9992637895945157,0.0007362104054843277,0.0,0.0,0.0,True,0,long_only,1.3249929350245901,1.605907783632885
2024-04-18,2.1260245199674386,-0.0008421532939544285,0.001566520624418743,0.0,0.9992631690699209,0.0,0.9992631690699209,0.0007368309300791465,0.0,0.0,0.0,True,0,long_only,1.3280835652746124,1.6008213455512743
2024-04-19,2.1158228966965384,-0.004798450429469248,0.001566520624418743,0.0,0.9992596163758013,0.0,0.9992596163758013,0.0007403836241987038,0.0,0.0,0.0,True,0,long_only,1.3254381809568925,1.5963195621609696
2024-04-22,2.0993709443842827,-0.007775675524611447,0.001368785991642959,0.0,0.9993480018405968,0.0,0.9993480018405968,0.0006519981594031998,0.0007414289083508398,0.0,0.7020930008442839,True,0,long_only,1.3203846057404873,1.5899692674824322
2024-04-23,2.1015160223723943,0.001021771780660874,0.001368785991642959,0.0,0.9993486673539144,0.0,0.9993486673539144,0.0006513326460856339,0.0,0.0,0.0,True,0,long_only,1.3191535718956973,1.5930791282719257
2024-04-24,2.1266744867826977,0.011971578680566974,0.104905219860111,0.0,0.9506717081000886,0.0,0.9506717081000886,0.04932829189991139,5.1794113991229636e-05,0.0,0.04923674571613834,True,0,long_only,1.3227141839631495,1.6078110543962734
2024-04-25,2.123873143562609,-0.0013172411845343568,0.21157218554916682,0.0,0.9003837935469755,0.0,0.9003837935469755,0.09961620645302449,5.336016292599091e-05,0.0,0.05015604153124751,True,0,long_only,1.3245707307387085,1.603442605422915
2024-04-26,2.1582228911880934,0.016173163510070143,0.21157218554916682,0.0,0.9019692607223264,0.0,0.9019692607223264,0.09803073927767358,0.0,0.0,0.0,True,0,long_only,1.3316380780827182,1.6207278289124065
2024-04-29,2.1643370342763695,0.002832952570950731,0.0013941492357687675,0.0,0.9993558539110639,0.0,0.9993558539110639,0.0006441460889361483,0.0006558170116045408,0.0,0.6081453143337942,True,0,long_only,1.334766659279786,1.6215096618042613
2024-04-30,2.169888071627156,0.0025647749231636485,0.2398938207920743,0.0,0.8894441497103662,0.0,0.8894441497103662,0.11055585028963377,0.0001193094905234145,0.0,0.11029439027298983,True,0,long_only,1.3379281087077772,1.6218271052866344
2024-05-06,2.1987123891999176,0.013283780831675251,0.001217541621451208,0.0,0.9994462478915243,0.0,0.9994462478915243,0.0005537521084757469,0.0008420022195549031,0.0,0.7722946980309935,True,0,long_only,1.3497511841034326,1.6289760772911672
2024-05-07,2.205860797887849,0.003251179518996894,0.297172627880516,0.0,0.8652804255984493,0.0,0.8652804255984493,0.1347195744015507,0.00014805156891398936,0.0,0.13453694819903084,True,0,long_only,1.354831867139156,1.628143573671406
2024-05-08,2.1932347093305076,-0.0057238827442924745,0.297172627880516,0.0,0.8645048673467196,0.0,0.8645048673467196,0.1354951326532804,0.0,0.0,0.0,True,0,long_only,1.35229050907807,1.6218665254300684
2024-05-09,2.2116360106532524,0.008390028319569032,0.297172627880516,0.0,0.8656322168525643,0.0,0.8656322168525643,0.1343677831474357,0.0,0.0,0.0,True,0,long_only,1.363051635651933,1.6225621633148553
2024-05-10,2.2139721655212,0.0010563016955296156,0.297172627880516,0.0,0.8657740000039442,0.0,0.8657740000039442,0.13422599999605578,0.0,0.0,0.0,True,0,long_only,1.3637791417528866,1.6234096106467408
2024-05-13,2.2067807602446012,-0.003248191367801301,0.0013216815863302035,0.0,0.9994010816071354,0.0,0.9994010816071354,0.0005989183928646336,0.0007368246212931997,0.0,0.6673767993653431,True,0,long_only,1.3619713890521006,1.620284227688856
2024-05-14,2.2088744533573474,0.0009487544709760876,0.0013216815863302035,0.0,0.9994016492950419,0.0,0.9994016492950419,0.0005983507049580616,0.0,0.0,0.0,True,0,long_only,1.3639346728662252,1.6194869866571637
2024-05-15,2.2031689889924726,-0.0025829735846700785,0.0013216815863302035,0.0,0.9994000997685908,0.0,0.9994000997685908,0.0005999002314092117,0.0,0.0,0.0,True,0,long_only,1.3608620015465012,1.618951066668599
2024-05-16,2.20689117815335,0.0016894705669308063,0.0013216815863302035,0.0,0.9994011115729611,0.0,0.9994011115729611,0.0005988884270389239,0.0,0.0,0.0,True,0,long_only,1.3618941317670437,1.6204572196004188
2024-05-17,2.203851965310058,-0.0013771466728300652,0.0013216815863302035,0.0,0.9994002856783785,0.0,0.9994002856783785,0.0005997143216215362,0.0,0.0,0.0,True,0,long_only,1.3634951873455279,1.616325444903512
2024-05-20,2.2161870272043704,0.005597046484280055,0.0017224999890548861,0.0,0.9992227641584799,0.0,0.9992227641584799,0.0007772358415201186,0.00048097450631403465,0.0,0.436211155810399,True,0,long_only,1.369120737549548,1.618693637765579
2024-05-21,2.2112815837569606,-0.002213460952164348,0.0017224999890548861,0.0,0.99922103996085,0.0,0.99922103996085,0.0007789600391500118,0.0,0.0,0.0,True,0,long_only,1.3666576533167434,1.6180215860134382
2024-05-22,2.1985713406627028,-0.005747907994902657,0.0017224999890548861,0.0,0.9992165366858026,0.0,0.9992165366858026,0.0007834633141974301,0.0,0.0,0.0,True,0,long_only,1.3682712462616624,1.6068241926953841
2024-05-23,2.18227341724561,-0.0074129609149640174,0.0017224999890548861,0.0,0.9992106855284756,0.0,0.9992106855284756,0.000789314471524416,0.0,0.0,0.0,True,0,long_only,1.3603591514981477,1.604189169339801
2024-05-24,2.174104859219666,-0.003743141423705798,0.0017224999890548861,0.0,0.9992077199120591,0.0,0.9992077199120591,0.0007922800879408554,0.0,0.0,0.0,True,0,long_only,1.358771988677064,1.6000512796384856
2024-05-27,2.181868084510042,0.003570768565947846,0.0016962002109142777,0.0,0.9992225926842432,0.0,0.9992225926842432,0.0007774073157568173,0.0004750463787250945,0.0,0.4371873805333594,True,0,long_only,1.3631383806737514,1.6006211221428757
2024-05-28,2.173994349429811,-0.003608712706386852,0.0016962002109142777,0.0,0.999219777083892,0.0,0.999219777083892,0.0007802229161080199,0.0,0.0,0.0,True,0,long_only,1.3617877335762196,1.5964267380501647
2024-05-29,2.173100950512183,-0.0004109481323455455,0.0016962002109142777,0.0,0.9992194563209249,0.0,0.9992194563209249,0.0007805436790750964,0.0,0.0,0.0,True,0,long_only,1.3606542878809749,1.5970999906937993
2024-05-30,2.1747710083346568,0.0007685136864350461,0.0016962002109142777,0.0,0.9992200557187796,0.0,0.9992200557187796,0.0007799442812204127,0.0,0.0,0.0,True,0,long_only,1.3607159581699242,1.5982549445951855
2024-05-31,2.176624644696746,0.0008523363402332951,0.0016962002109142777,0.0,0.9992207199275046,0.0,0.9992207199275046,0.0007792800724953919,0.0,0.0,0.0,True,0,long_only,1.359647232393302,1.6008745451313646
2024-06-03,2.153859811415224,-0.010458777693704624,0.00155128113891863,0.0,0.9992797668953675,0.0,0.9992797668953675,0.0007202331046325394,0.0006254031516037567,0.0,0.5741276048608899,True,0,long_only,1.3481023509934,1.5976975411607814
2024-06-04,2.1513393264599148,-0.0011702177374547373,0.00155128113891863,0.0,0.9992789230783637,0.0,0.9992789230783637,0.0007210769216362545,0.0,0.0,0.0,True,0,long_only,1.3511614684034647,1.5922148290699423
2024-06-05,2.1467680240780758,-0.0021248634864874383,0.00155128113891863,0.0,0.9992773876257147,0.0,0.9992773876257147,0.0007226123742852808,0.0,0.0,0.0,True,0,long_only,1.348179608278457,1.5923457163243757
2024-06-06,2.1366332574115168,-0.004720941691364833,0.00155128113891863,0.0,0.9992739600333667,0.0,0.9992739600333667,0.0007260399666333406,0.0,0.0,0.0,True,0,long_only,1.3434794512564134,1.5903728601232798
2024-06-07,2.1407077584124665,0.0019069725638765078,0.00155128113891863,0.0,0.9992753419364121,0.0,0.9992753419364121,0.0007246580635879019,0.0,0.0,0.0,True,0,long_only,1.345440701984089,1.5910829479557265
2024-06-11,2.1545471710787556,0.006464877147244197,0.0017925055917505648,0.0,0.9991680360421846,0.0,0.9991680360421846,0.0008319639578153737,0.00034601351841892535,0.0,0.3233221234843184,True,0,long_only,1.3472806452203154,1.5991821590567206
2024-06-12,2.1694417181181564,0.006913075396693724,0.0017925055917505648,0.0,0.9991737479846633,0.0,0.9991737479846633,0.0008262520153367037,0.0,0.0,0.0,True,0,long_only,1.3508734478232083,1.605954815096844
2024-06-13,2.1658049158027737,-0.0016763770536032396,0.0017925055917505648,0.0,0.9991723605488788,0.0,0.9991723605488788,0.0008276394511211871,0.0,0.0,0.0,True,0,long_only,1.3460584214168037,1.6089977086753335
2024-06-14,2.165605309030673,-9.216285854929396e-05,0.0017925055917505648,0.0,0.9991722842642305,0.0,0.9991722842642305,0.000827715735769452,0.0,0.0,0.0,True,0,long_only,1.3468201511396467,1.607939491548437
2024-06-17,2.1613914138801067,-0.0019458278629971293,0.0019825067469057527,0.0,0.9990827636613273,0.0,0.9990827636613273,0.0009172363386726889,0.00017751194689298938,0.0,0.16421124980441906,True,0,long_only,1.3427898961025055,1.6096274034781022
2024-06-18,2.160924815588779,-0.00021587866423977697,0.0019825067469057527,0.0,0.9990825656068161,0.0,0.9990825656068161,0.0009174343931839246,0.0,0.0,0.0,True,0,long_only,1.344334364108163,1.6074310627492925
2024-06-19,2.1455074792171316,-0.007134601009913699,0.0019825067469057527,0.0,0.9990759730431565,0.0,0.9990759730431565,0.00092402695684346,0.0,0.0,0.0,True,0,long_only,1.338333370606585,1.6031188688396103
2024-06-20,2.1036650228636704,-0.01950235865350103,0.0019825067469057527,0.0,0.9990575939014249,0.0,0.9990575939014249,0.0009424060985750993,0.0,0.0,0.0,True,0,long_only,1.3247997918119476,1.5879116496436474
2024-06-21,2.0878098404507193,-0.007536933038591709,0.0019825067469057527,0.0,0.9990504371095033,0.0,0.9990504371095033,0.0009495628904967468,0.0,0.0,0.0,True,0,long_only,1.317159114089357,1.5850855208895291
2024-06-24,2.0514368438612336,-0.017421604154156833,0.0015675953099290563,0.0,0.9992358549498515,0.0,0.9992358549498515,0.0007641450501485458,0.0005171234171128741,0.0,0.49562509863308457,True,0,long_only,1.2984540410642802,1.579907165739782
2024-06-25,2.0551383371768495,0.0018043418332338579,0.0015675953099290563,0.0,0.9992372312454244,0.0,0.9992372312454244,0.0007627687545755935,0.0,0.0,0.0,True,0,long_only,1.3038017361202883,1.5762659921686462
2024-06-26,2.118540657827113,0.030850633995451515,0.0015675953099290563,0.0,0.9992600588975541,0.0,0.9992600588975541,0.0007399411024459068,0.0,0.0,0.0,True,0,long_only,1.3220700344065996,1.6024420815028932
2024-06-27,2.095839975928865,-0.010715244861777218,0.0015675953099290563,0.0,0.9992520443698312,0.0,0.9992520443698312,0.0007479556301688284,0.0,0.0,0.0,True,0,long_only,1.3185155215984938,1.5895451677261918
2024-06-28,2.111210725946162,0.007333933026296258,0.0015675953099290563,0.0,0.9992574898892547,0.0,0.9992574898892547,0.0007425101107453314,0.0,0.0,0.0,True,0,long_only,1.3232726050411057,1.5954465602199783
2024-07-01,2.1185533421594624,0.0034779172552801274,0.0017858460282745255,0.0,0.9991570445771952,0.0,0.9991570445771952,0.0008429554228047698,0.0003228879177848374,0.0,0.30597193637669867,True,0,long_only,1.3298994503211938,1.5930176838916619
2024-07-02,2.125389355752279,0.003226736592739421,0.0017858460282745255,0.0,0.9991597558238253,0.0,0.9991597558238253,0.000840244176174676,0.0,0.0,0.0,True,0,long_only,1.3305120870377865,1.5974220576110543
2024-07-03,2.1133007193742843,-0.005687727919252761,0.0017858460282745255,0.0,0.9991549494059685,0.0,0.9991549494059685,0.0008450505940315045,0.0,0.0,0.0,True,0,long_only,1.3237154790392176,1.5964916576394237
2024-07-04,2.093089866210404,-0.009563642778612547,0.0017858460282745255,0.0,0.9991467896065505,0.0,0.9991467896065505,0.0008532103934495439,0.0,0.0,0.0,True,0,long_only,1.3147207657416802,1.5920413830457893
2024-07-05,2.105642360618138,0.005997112025801998,0.0017858460282745255,0.0,0.9991518759017793,0.0,0.9991518759017793,0.0008481240982206595,0.0,0.0,0.0,True,0,long_only,1.3173732658619712,1.5983642716784556
2024-07-08,2.0617577124194346,-0.02084145390474612,0.0017269213822547376,0.0,0.9991624033358274,0.0,0.9991624033358274,0.0008375966641726018,0.00036313445403140366,0.0,0.34716590101754213,True,0,long_only,1.3057640033911881,1.5789665721101684
2024-07-09,2.097318919158621,0.017248004712181242,0.0017269213822547376,0.0,0.9991766052523153,0.0,0.9991766052523153,0.0008233947476846692,0.0,0.0,0.0,True,0,long_only,1.312955369008579,1.597403056238172
2024-07-10,2.1049545773965264,0.0036406758019276175,0.0017269213822547376,0.0,0.9991795920915354,0.0,0.9991795920915354,0.0008204079084646043,0.0,0.0,0.0,True,0,long_only,1.309985368554523,1.6068535022793393
2024-07-11,2.126374306637359,0.010175862923999413,0.0017269213822547376,0.0,0.9991878563539521,0.0,0.9991878563539521,0.0008121436460478693,0.0,0.0,0.0,True,0,long_only,1.3182034428285927,1.6130850804596581
2024-07-12,2.1059965787730754,-0.009583321149374102,0.0017269213822547376,0.0,0.9991799980115538,0.0,0.9991799980115538,0.0008200019884462284,0.0,0.0,0.0,True,0,long_only,1.3148342797350754,1.6017201644586043
2024-07-15,2.0916551319795014,-0.006809814858260044,0.00208623623694745,0.0,0.999002590721075,0.0,0.999002590721075,0.0009974092789249989,1.7012304018113844e-05,0.0,0.016162452940554507,True,0,long_only,1.309232110025217,1.597619792520376
2024-07-16,2.0889698107222214,-0.0012838260075592745,0.00208623623694745,0.0,0.9990013085750502,0.0,0.9990013085750502,0.0009986914249497936,0.0,0.0,0.0,True,0,long_only,1.3075866653925994,1.5975765629997565
2024-07-17,2.0293752103851976,-0.028528224788667567,0.00208623623694745,0.0,0.9989719810184577,0.0,0.9989719810184577,0.0010280189815422558,0.0,0.0,0.0,True,0,long_only,1.2986468454291813,1.5626844338227477
2024-07-18,2.0180630745145005,-0.0055741963402371475,0.00208623623694745,0.0,0.9989662185175013,0.0,0.9989662185175013,0.0010337814824986635,0.0,0.0,0.0,True,0,long_only,1.2976374180073178,1.5551825544715605
2024-07-19,2.0159119398404046,-0.0010659402578946375,0.00208623623694745,0.0,0.9989651153923358,0.0,0.9989651153923358,0.0010348846076642104,0.0,0.0,0.0,True,0,long_only,1.2986082167866526,1.5523634563384234
2024-07-22,2.001740456432906,-0.0070298127251633424,0.0018196919170944121,0.0,0.9990909451266539,0.0,0.9990909451266539,0.0009090548733461379,0.0001878671988576406,0.0,0.18696918459005865,True,0,long_only,1.291623887139305,1.549785875256899
2024-07-23,1.96950001794792,-0.016106203170034417,0.0018196919170944121,0.0,0.9990760640261428,0.0,0.9990760640261428,0.0009239359738572039,0.0,0.0,0.0,True,0,long_only,1.2788059547746695,1.540108575968395
2024-07-24,1.943822731328059,-0.013037464526969189,0.0018196919170944121,0.0,0.9990638591226623,0.0,0.9990638591226623,0.0009361408773377322,0.0,0.0,0.0,True,0,long_only,1.2654722961475044,1.5360452672458074
2024-07-25,1.9327266682503188,-0.005708371910106758,0.0018196919170944121,0.0,0.9990584846026149,0.0,0.9990584846026149,0.0009415153973850732,0.0,0.0,0.0,True,0,long_only,1.2646478795924883,1.52827257249908
2024-07-26,1.9639055891700488,0.01613209018736006,0.0018196919170944121,0.0,0.9990734320798672,0.0,0.9990734320798672,0.0009265679201327925,0.0,0.0,0.0,True,0,long_only,1.2785599513143566,1.5360293329625712
2024-07-29,1.9626031733558056,-0.0006631763876151497,0.0014686234569530137,0.0,0.9992516961773572,0.0,0.9992516961773572,0.0007483038226427929,0.0004977007751543366,0.0,0.505737644192582,True,0,long_only,1.277940876490676,1.5357542821114425
2024-07-30,1.9599872898387303,-0.00133286420433254,0.0014686234569530137,0.0,0.9992506974588218,0.0,0.9992506974588218,0.0007493025411782206,0.0,0.0,0.0,True,0,long_only,1.275909823128256,1.5361487577807527
2024-07-31,1.987992705026841,0.014288569794967731,0.0014686234569530137,0.0,0.9992612530955272,0.0,0.9992612530955272,0.0007387469044728423,0.0,0.0,0.0,True,0,long_only,1.2896534875226096,1.541493683582962
2024-08-01,1.988879974202121,0.0004463141001658233,0.0014686234569530137,0.0,0.9992615826615971,0.0,0.9992615826615971,0.0007384173384028525,0.0,0.0,0.0,True,0,long_only,1.2903599850635916,1.5413372990670544
2024-08-02,1.972478420605799,-0.00824662815708721,0.0014686234569530137,0.0,0.999255442573358,0.0,0.999255442573358,0.0007445574266420341,0.0,0.0,0.0,True,0,long_only,1.2866519742285962,1.53303182221314
2024-08-05,1.942526681647876,-0.01518482465766302,0.001631369582252519,0.0,0.9991601816347415,0.0,0.9991601816347415,0.0008398183652584823,0.00033275933671569603,0.0,0.33854071582913287,True,0,long_only,1.2763303331754303,1.5219623252351846
2024-08-06,1.9576166837422375,0.00776823414418204,0.001631369582252519,0.0,0.9991666552518678,0.0,0.9991666552518678,0.0008333447481322365,0.0,0.0,0.0,True,0,long_only,1.2783102205288872,1.5314097097121655
2024-08-07,1.9613921054016543,0.0019285806515501047,0.001631369582252519,0.0,0.9991682593308294,0.0,0.9991682593308294,0.0008317406691705775,0.0,0.0,0.0,True,0,long_only,1.2795310889414329,1.5328991396561775
2024-08-08,1.9643922395610118,0.0015295942871877966,0.001631369582252519,0.0,0.9991695296135882,0.0,0.9991695296135882,0.000830470386411819,0.0,0.0,0.0,True,0,long_only,1.2782986997056769,1.5367239597547155
2024-08-09,1.9542429803628834,-0.005166615400800323,0.001631369582252519,0.0,0.9991652166088633,0.0,0.9991652166088633,0.0008347833911367397,0.0,0.0,0.0,True,0,long_only,1.2774742831506607,1.5297708972607216
2024-08-12,1.946840956362859,-0.003787668204211614,0.00177294309998822,0.0,0.9990893230932945,0.0,0.9990893230932945,0.0009106769067055431,0.00017845889560592326,0.0,0.18273551129849758,True,0,long_only,1.2733169602104653,1.5289523482362692
2024-08-13,1.947973323030582,0.0005816431301293168,0.00177294309998822,0.0,0.9990898524743502,0.0,0.9990898524743502,0.0009101475256497737,0.0,0.0,0.0,True,0,long_only,1.2723085493318262,1.5310541802565047
2024-08-14,1.9354445513270901,-0.006431695729795628,0.00177294309998822,0.0,0.9990839607888676,0.0,0.9990839607888676,0.000916039211132369,0.0,0.0,0.0,True,0,long_only,1.2676087311575244,1.5268469707996786
2024-08-15,1.9209389960791723,-0.007494689133807464,0.00177294309998822,0.0,0.999077043516943,0.0,0.999077043516943,0.0009229564830569581,0.0,0.0,0.0,True,0,long_only,1.2624945021953946,1.5215424643345268
2024-08-16,1.8751923970027893,-0.023814706854177303,0.00177294309998822,0.0,0.9990545273632605,0.0,0.9990545273632605,0.0009454726367394972,0.0,0.0,0.0,True,0,long_only,1.2478505193519334,1.5027380026068056
2024-08-19,1.8753374934188676,7.73768154724852e-05,0.0015996930987581509,0.0,0.9991469838872352,0.0,0.9991469838872352,0.0008530161127647817,0.00029091212174357274,0.0,0.30744708813465443,True,0,long_only,1.2530369228829978,1.4966338654283828
2024-08-20,1.8506054474572706,-0.013188050710013055,0.0015996930987581509,0.0,0.999135583924193,0.0,0.999135583924193,0.0008644160758070063,0.0,0.0,0.0,True,0,long_only,1.2414767933347293,1.4906484417532782
2024-08-21,1.8503134563800878,-0.00015778137775612766,0.0015996930987581509,0.0,0.9991354475139106,0.0,0.9991354475139106,0.0008645524860894094,0.0,0.0,0.0,True,0,long_only,1.240319967145323,1.491803329296314
2024-08-22,1.8320063060712808,-0.009894080511430148,0.0015996930987581509,0.0,0.9991268080827796,0.0,0.9991268080827796,0.0008731919172203506,0.0,0.0,0.0,True,0,long_only,1.2345920849233765,1.4838960401928887
2024-08-23,1.8413271922709935,0.005087802464884161,0.0015996930987581509,0.0,0.9991312282219733,0.0,0.9991312282219733,0.000868771778026689,0.0,0.0,0.0,True,0,long_only,1.235338905345594,1.4905441610420829
2024-08-26,1.8755926378774175,0.01860910203805921,0.001675654144351345,0.0,0.9991066001697214,0.0,0.9991066001697214,0.000893399830278585,0.0001668957342667461,0.0,0.18098829755187976,True,0,long_only,1.2452241105077362,1.5062289768165913
2024-08-27,1.8773319636633758,0.0009273473092359374,0.001675654144351345,0.0,0.9991074278940622,0.0,0.9991074278940622,0.00089257210593785,0.0,0.0,0.0,True,0,long_only,1.2416102993448717,1.5120138457726542
2024-08-28,1.8779898398584625,0.00035043146754021315,0.001675654144351345,0.0,0.9991077405698437,0.0,0.9991077405698437,0.0008922594301562503,0.0,0.0,0.0,True,0,long_only,1.2411074492965182,1.513156528810572
2024-08-29,1.8987769682138311,0.011068818325947527,0.001675654144351345,0.0,0.9991175087056551,0.0,0.9991175087056551,0.0008824912943449226,0.0,0.0,0.0,True,0,long_only,1.246494450690538,1.5232935591184855
2024-08-30,1.9339216039554505,0.018509091025408653,0.14417568884663748,0.0,0.9254490520444288,0.0,0.9254490520444288,0.07455094795557116,7.128566018123367e-05,0.0,0.07507553056147333,True,0,long_only,1.2581108289638918,1.5371631492498303
2024-09-02,1.9150259811516215,-0.00977062501664061,0.0013626359505581787,0.0,0.9992884504106108,0.0,0.9992884504106108,0.0007115495893892376,0.0004966067563294588,0.0,0.5140164490836957,True,0,long_only,1.2508347514111315,1.5309983824731295
2024-09-03,1.919721068155369,0.002451709297919935,0.22687454972882712,0.0,0.8818190030352548,0.0,0.8818190030352548,0.11818099696474516,0.0001128123630706698,0.0,0.11800222160751812,True,0,long_only,1.2525618583494456,1.532635737994663
2024-09-04,1.9251254766340156,0.002815205067181692,0.22687454972882712,0.0,0.8821507727768967,0.0,0.8821507727768967,0.11784922722310331,0.0,0.0,0.0,True,0,long_only,1.2531639907860523,1.536211932986099
2024-09-05,1.9486389492368081,0.012213994821732133,0.22687454972882712,0.0,0.8835728138259356,0.0,0.8835728138259356,0.11642718617406445,0.0,0.0,0.0,True,0,long_only,1.2611031933688852,1.5451859605804772
2024-09-06,1.9455052252084835,-0.0016081604186101162,0.22687454972882712,0.0,0.8833852786468281,0.0,0.8833852786468281,0.11661472135317186,0.0,0.0,0.0,True,0,long_only,1.2574978533995578,1.5471240924578484
2024-09-09,1.9320396957448644,-0.006921353532821306,0.0015865446106787568,0.0,0.9991788240095828,0.0,0.9991788240095828,0.0008211759904172,0.00024145036838785732,0.0,0.24861722590525182,True,0,long_only,1.2509489431000096,1.544459273419286
2024-09-10,1.9169837919099793,-0.007792750774243684,0.0015865446106787568,0.0,0.9991723745305651,0.0,0.9991723745305651,0.0008276254694349339,0.0,0.0,0.0,True,0,long_only,1.2449306683636163,1.539831767844337
2024-09-11,1.9133567331416483,-0.001892065433019119,0.0015865446106787568,0.0,0.9991708056405804,0.0,0.9991708056405804,0.0008291943594196383,0.0,0.0,0.0,True,0,long_only,1.241329733414928,1.5413767040590882
2024-09-12,1.9054024204631568,-0.004157255435284557,0.0015865446106787568,0.0,0.9991673440772196,0.0,0.9991673440772196,0.0008326559227803676,0.0,0.0,0.0,True,0,long_only,1.2401146254139872,1.536472823894869
2024-09-13,1.8931724056271313,-0.0064185994017226244,0.0015865446106787568,0.0,0.9991619650666981,0.0,0.9991619650666981,0.0008380349333019232,0.0,0.0,0.0,True,0,long_only,1.2355801649375266,1.5322133353628689
2024-09-18,1.8821402042374693,-0.00582736223963054,0.001785894294827176,0.0,0.9990511364186332,0.0,0.9990511364186332,0.00094886358136681,0.00010520488286157419,0.0,0.11116100044985879,True,0,long_only,1.2310734899758673,1.528860965298152
2024-09-19,1.8980772324119073,0.008467503185234149,0.001785894294827176,0.0,0.9990591034630567,0.0,0.9990591034630567,0.000940896536943292,0.0,0.0,0.0,True,0,long_only,1.237459075664023,1.5338505084650136
2024-09-20,1.8857308036054197,-0.006504703073013984,0.001785894294827176,0.0,0.9990529431393852,0.0,0.9990529431393852,0.0009470568606148033,0.0,0.0,0.0,True,0,long_only,1.2341258304311025,1.5279890892055146
2024-09-23,1.888499460272164,0.0014682141594393183,0.0016753318851843078,0.0,0.9991128766936778,0.0,0.9991128766936778,0.000887123306322235,0.00021127864439202657,0.0,0.22375917225428876,True,0,long_only,1.233887281621102,1.53052834598556
2024-09-24,1.9444279907411126,0.029615327748565123,0.0016753318851843078,0.0,0.99913839345393,0.0,0.99913839345393,0.0008616065460700373,0.0,0.0,0.0,True,0,long_only,1.258148441063196,1.545467869513058
2024-09-25,1.9601766402871024,0.008099374016924843,0.0016753318851843078,0.0,0.9991453158604425,0.0,0.9991453158604425,0.0008546841395574711,0.0,0.0,0.0,True,0,long_only,1.2638163472349007,1.5509980105699424
2024-09-26,2.0056129899397273,0.02317972203054608,0.0016753318851843078,0.0,0.9991646783833232,0.0,0.9991646783833232,0.0008353216166767652,0.0,0.0,0.0,True,0,long_only,1.283423094100051,1.5627060157789063
2024-09-27,2.0590256918417853,0.026631609473003692,0.0016753318851843078,0.0,0.999186347265203,0.0,0.999186347265203,0.0008136527347970546,0.0,0.0,0.0,True,0,long_only,1.298568910448641,1.5856114182884717
2024-09-30,2.1537123788941854,0.04598616104090669,0.0018107073229802336,0.0,0.9991592622391343,0.0,0.9991592622391343,0.0008407377608656841,0.00028101461442893617,0.0,0.2684504021583726,True,0,long_only,1.3308905799650175,1.618249021606867
2024-10-08,2.274823289268715,0.056233558186034704,0.0016998900326867974,0.0,0.9992527375463818,0.0,0.9992527375463818,0.0007472624536182249,0.0006540754878242645,0.0,0.5552310713042167,True,0,long_only,1.360906390600635,1.6715501558227848
2024-10-09,2.1801655872488537,-0.04161101324502903,0.0016998900326867974,0.0,0.9992202931545068,0.0,0.9992202931545068,0.0007797068454932221,0.0,0.0,0.0,True,0,long_only,1.3099172601584859,1.6643536607686786
2024-10-10,2.174094670649642,-0.0027846126159953855,0.0016998900326867974,0.0,0.999218115910206,0.0,0.999218115910206,0.0007818840897939605,0.0,0.0,0.0,True,0,long_only,1.3132816793836224,1.655467143705252
2024-10-11,2.1197781956963846,-0.024983491145317394,0.0016998900326867974,0.0,0.999198081178428,0.0,0.999198081178428,0.0008019188215719897,0.0,0.0,0.0,True,0,long_only,1.29787630566506,1.6332667346216512
2024-10-14,2.158124070099978,0.01808956922070637,0.0016149350985974306,0.0,0.999251694969269,0.0,0.999251694969269,0.000748305030730978,0.000497431624841087,0.0,0.47054629151935,True,0,long_only,1.3177446429866313,1.637740727375412
2024-10-15,2.1467485297004276,-0.0052710317062648615,0.0016149350985974306,0.0,0.999247729728818,0.0,0.999247729728818,0.0007522702711819651,0.0,0.0,0.0,True,0,long_only,1.3151802432791246,1.6322846550279395
2024-10-16,2.1591939052012923,0.005797314090906225,0.0016149350985974306,0.0,0.9992520657386504,0.0,0.9992520657386504,0.0007479342613495588,0.0,0.0,0.0,True,0,long_only,1.32246208124349,1.632707610921469
2024-10-17,2.158512251842393,-0.00031569807475695377,0.0016149350985974306,0.0,0.9992518295426774,0.0,0.9992518295426774,0.0007481704573225612,0.0,0.0,0.0,True,0,long_only,1.3216888306974368,1.633147077972488
2024-10-18,2.2047407466918183,0.021416832269525843,0.0016149350985974306,0.0,0.9992675170080562,0.0,0.9992675170080562,0.0007324829919438391,0.0,0.0,0.0,True,0,long_only,1.3355707449703136,1.6507854450951036
2024-10-21,2.2333148690791274,0.012960309474111309,0.002069636673688932,0.0,0.9990732893501298,0.0,0.9990732893501298,0.0009267106498701549,0.00014564850703847925,0.0,0.13138055920202366,True,0,long_only,1.3447606345669425,1.6607527106847002
2024-10-22,2.2272230062841345,-0.0027277223106050297,0.002069636673688932,0.0,0.9990707546267934,0.0,0.9990707546267934,0.0009292453732065997,0.0,0.0,0.0,True,0,long_only,1.3473009760848043,1.6530998238837056
2024-10-23,2.239965894127725,0.00572142430624889,0.002069636673688932,0.0,0.9990760409883407,0.0,0.9990760409883407,0.0009239590116593144,0.0,0.0,0.0,True,0,long_only,1.3524382466933544,1.6562426414694589
2024-10-24,2.2149124209029236,-0.011184756558339282,0.002069636673688932,0.0,0.9990655898381547,0.0,0.9990655898381547,0.000934410161845256,0.0,0.0,0.0,True,0,long_only,1.343625833480732,1.6484592404457412
2024-10-25,2.238658770257229,0.010721123386280507,0.002069636673688932,0.0,0.9990755015006368,0.0,0.9990755015006368,0.0009244984993631578,0.0,0.0,0.0,True,0,long_only,1.3556196881380926,1.651391455764387
2024-10-28,2.2629415351345985,0.010847014828695656,0.0018590092506690125,0.0,0.9991784987717068,0.0,0.9991784987717068,0.0008215012282931644,0.00037560527370051195,0.0,0.33584663264345244,True,0,long_only,1.3599989563489563,1.6639288762468434
2024-10-29,2.24264425889603,-0.008969421402820865,0.13731590159653473,0.0,0.9387705379255602,0.0,0.9387705379255602,0.0612294620744398,6.776232733660116e-05,0.0,0.0598489243230772,True,0,long_only,1.3500259896217714,1.6611859891114673
2024-10-30,2.2304800668331493,-0.0054240399540089745,0.13731590159653473,0.0,0.9384366156692462,0.0,0.9384366156692462,0.06156338433075381,0.0,0.0,0.0,True,0,long_only,1.3458950968054113,1.6572465953159132
2024-10-31,2.2439516792948666,0.006039781597709792,0.13731590159653473,0.0,0.9388062127791966,0.0,0.9388062127791966,0.061193787220803375,0.0,0.0,0.0,True,0,long_only,1.3511641791853963,1.6607542694387614
2024-11-01,2.2312640747407637,-0.005654134476768102,0.2674432405165555,0.0,0.880138239330713,0.0,0.880138239330713,0.119861760669287,6.509621756879476e-05,0.0,0.057994958167353255,True,0,long_only,1.348282279144125,1.654893867000274
2024-11-04,2.240233447120543,0.004019861423539162,0.0013339098687733639,0.0,0.9994045665774306,0.0,0.9994045665774306,0.0005954334225694025,0.0007565968789640553,0.0,0.6800034581802371,True,0,long_only,1.3566209832141607,1.6513333310036915
2024-11-05,2.2683384213029916,0.01254555600826901,0.0013339098687733639,0.0,0.9994119440660855,0.0,0.9994119440660855,0.000588055933914533,0.0,0.0,0.0,True,0,long_only,1.3689326770530277,1.6570124004828062
2024-11-06,2.2644193733222044,-0.0017277174975223186,0.0013339098687733639,0.0,0.9994109263131694,0.0,0.9994109263131694,0.0005890736868305879,0.0,0.0,0.0,True,0,long_only,1.3683735782795887,1.654825414101597
2024-11-07,2.281801925791409,0.0076763839216329455,0.0013339098687733639,0.0,0.9994154138211138,0.0,0.9994154138211138,0.0005845861788862372,0.0,0.0,0.0,True,0,long_only,1.3794694864220323,1.6541155482241083
2024-11-08,2.278860184525626,-0.0012892185042583382,0.0013339098687733639,0.0,0.9994146591889088,0.0,0.9994146591889088,0.000585340811091184,0.0,0.0,0.0,True,0,long_only,1.3773896389848395,1.6544775131350535
2024-11-11,2.308460522195528,0.012989097738816735,0.0018205833121739852,0.0,0.9992113431030467,0.0,0.9992113431030467,0.0007886568969532881,0.0004539995928156081,0.0,0.39887731095393575,True,0,long_only,1.391008607410329,1.6595587618204888
2024-11-12,2.2898712837957462,-0.008052655967493827,0.1192971366167193,0.0,0.9479022522091418,0.0,0.9479022522091418,0.052097747790858184,5.876766048251392e-05,0.0,0.05079788266399126,True,0,long_only,1.3852783532541921,1.65300445099467
2024-11-13,2.2903792338887365,0.00022182473599485775,0.1192971366167193,0.0,0.9479138062153271,0.0,0.9479138062153271,0.05208619378467294,0.0,0.0,0.0,True,0,long_only,1.3853417177818486,1.65329550427168
2024-11-14,2.2616187611113827,-0.012557078911566322,0.1192971366167193,0.0,0.9472514383643972,0.0,0.9472514383643972,0.05274856163560282,0.0,0.0,0.0,True,0,long_only,1.3726854157898982,1.647587083752876
2024-11-15,2.234464146963864,-0.012006715992298633,0.1192971366167193,0.0,0.94661040465616,0.0,0.94661040465616,0.053389595343840024,0.0,0.0,0.0,True,0,long_only,1.3648441402043523,1.637157006535052
2024-11-18,2.209480201574927,-0.011181179802273622,0.0017449332767950254,0.0,0.9992102516802137,0.0,0.9992102516802137,0.0007897483197862876,0.00042698084790184925,0.0,0.38248816972507294,True,0,long_only,1.3563000944029808,1.6290496555244294
2024-11-19,2.237878457362393,0.012852912538986905,0.0017449332767950254,0.0,0.9992202734375255,0.0,0.9992202734375255,0.000779726562474492,0.0,0.0,0.0,True,0,long_only,1.3649708692596652,1.6395063863715837
2024-11-20,2.2513437569264063,0.0060169932463105535,0.0017449332767950254,0.0,0.9992249369864435,0.0,0.9992249369864435,0.000775063013556454,0.0,0.0,0.0,True,0,long_only,1.3731902989247007,1.6394987342172154
2024-11-21,2.249845213790994,-0.0006656216452073371,0.0017449332767950254,0.0,0.9992244207441032,0.0,0.9992244207441032,0.0007755792558967745,0.0,0.0,0.0,True,0,long_only,1.3750885239724613,1.6361457277611977
2024-11-22,2.2235986067940146,-0.011665961211950848,0.0017449332767950254,0.0,0.9992152660684966,0.0,0.9992152660684966,0.0007847339315033564,0.0,0.0,0.0,True,0,long_only,1.3635168736009824,1.6307818772506992
2024-11-25,2.219806211622451,-0.0017055214731545032,0.0019797790858021953,0.0,0.9991081297658162,0.0,0.9991081297658162,0.0008918702341838003,0.0002441802418941173,0.0,0.21939479761039093,True,0,long_only,1.363366425203766,1.628180194690274
2024-11-26,2.214955000611659,-0.002185420954942785,0.0019797790858021953,0.0,0.9991061763849579,0.0,0.9991061763849579,0.0008938236150420886,0.0,0.0,0.0,True,0,long_only,1.3616159377712902,1.6267105423553756
2024-11-27,2.2333656982262493,0.008311996229948715,0.0019797790858021953,0.0,0.9991135445989098,0.0,0.9991135445989098,0.0008864554010902248,0.0,0.0,0.0,True,0,long_only,1.3715983922352362,1.6282941937447355
2024-11-28,2.23882611114844,0.0024449255787029056,0.0019797790858021953,0.0,0.9991157066303882,0.0,0.9991157066303882,0.0008842933696118216,0.0,0.0,0.0,True,0,long_only,1.3745494172157695,1.6287709143868496
2024-11-29,2.2543047097326308,0.006913711836356251,0.0019797790858021953,0.0,0.999121778401449,0.0,0.999121778401449,0.0008782215985509989,0.0,0.0,0.0,True,0,long_only,1.384032410108777,1.6287947401141099
2024-12-02,2.26373545979219,0.004183440694083496,0.0020055214455595026,0.0,0.9991140654545636,0.0,0.9991140654545636,0.0008859345454363954,0.00024760151278622696,0.0,0.21957891632942236,True,0,long_only,1.3907097437023455,1.6277555183914056
2024-12-03,2.2641398205042824,0.00017862542654589753,0.0020055214455595026,0.0,0.9991142236767371,0.0,0.9991142236767371,0.0008857763232629212,0.0,0.0,0.0,True,0,long_only,1.3924473549206453,1.6260146658351147
2024-12-04,2.246227582123441,-0.007911277483230617,0.0020055214455595026,0.0,0.9991071601731186,0.0,0.9991071601731186,0.0008928398268813753,0.0,0.0,0.0,True,0,long_only,1.385566034986707,1.6211624169504064
2024-12-05,2.2639789106739996,0.007902729310169665,0.0020055214455595026,0.0,0.9991141607211517,0.0,0.9991141607211517,0.0008858392788483327,0.0,0.0,0.0,True,0,long_only,1.3909272839523743,1.6276759660942266
2024-12-06,2.279795894191763,0.006986365218859092,0.0020055214455595026,0.0,0.9991203065806598,0.0,0.9991203065806598,0.0008796934193402439,0.0,0.0,0.0,True,0,long_only,1.3982267419992966,1.6304908393698208
2024-12-09,2.2748679414872686,-0.0021615762696342022,0.0019088888987683931,0.0,0.9991608792475574,0.0,0.9991608792475574,0.0008391207524426347,0.0003732580045844087,0.0,0.32680428848421234,True,0,long_only,1.3998430457261475,1.6250878614089304
2024-12-10,2.289847082338715,0.006584619958929672,0.0019088888987683931,0.0,0.999166368394863,0.0,0.999166368394863,0.0008336316051370529,0.0,0.0,0.0,True,0,long_only,1.4093270551623793,1.6247804751572616
2024-12-11,2.319506393921682,0.012952529368325694,0.0019088888987683931,0.0,0.9991770279643243,0.0,0.9991770279643243,0.0008229720356757175,0.0,0.0,0.0,True,0,long_only,1.4210796502278074,1.6322142066771919
2024-12-12,2.3357420337810813,0.006999609874732471,0.0019088888987683931,0.0,0.9991827484066473,0.0,0.9991827484066473,0.0008172515933526636,0.0,0.0,0.0,True,0,long_only,1.431074303210447,1.6321598595831948
2024-12-13,2.3082516953197985,-0.011769424047561428,0.0019088888987683931,0.0,0.999173015272711,0.0,0.999173015272711,0.0008269847272890374,0.0,0.0,0.0,True,0,long_only,1.4230456448238635,1.6220503563717386
2024-12-16,2.2787499669656848,-0.012780984159539988,0.0019276537158375586,0.0,0.999154074056486,0.0,0.999154074056486,0.0008459259435139588,0.00037989708301888617,0.0,0.3289637820492913,True,0,long_only,1.411162254530225,1.614803655391335
2024-12-17,2.2631519019650126,-0.006845009424812809,0.0019276537158375586,0.0,0.9991482437771128,0.0,0.9991482437771128,0.0008517562228872455,0.0,0.0,0.0,True,0,long_only,1.4014407128272168,1.614875236070037
2024-12-18,2.279839350920727,0.0073735434820902945,0.0019276537158375586,0.0,0.999154478268366,0.0,0.999154478268366,0.0008455217316339914,0.0,0.0,0.0,True,0,long_only,1.4075657246021758,1.619703656513151
2024-12-19,2.2750967218902276,-0.0020802470264338346,0.0019276537158375586,0.0,0.9991527157077366,0.0,0.9991527157077366,0.0008472842922634394,0.0,0.0,0.0,True,0,long_only,1.40534762728646,1.6188853759145256
2024-12-20,2.2912052707462363,0.007080379792655744,0.0019276537158375586,0.0,0.9991586726250808,0.0,0.9991586726250808,0.0008413273749191541,0.0,0.0,0.0,True,0,long_only,1.4116806915746865,1.6230336537297732
2024-12-23,2.2721747849188296,-0.008305884274265929,0.0020385316361639432,0.0,0.999102827982383,0.0,0.999102827982383,0.0008971720176169651,0.00025157781914641233,0.0,0.2195059825645858,True,0,long_only,1.4042961827446532,1.618016777969114
2024-12-24,2.28583597493402,0.0060123851852698085,0.0020385316361639432,0.0,0.9991081898882868,0.0,0.9991081898882868,0.0008918101117132426,0.0,0.0,0.0,True,0,long_only,1.4102629526243418,1.6208579901218667
2024-12-25,2.2837763911183155,-0.0009010199499390747,0.0020385316361639432,0.0,0.9991073856249272,0.0,0.9991073856249272,0.0008926143750728199,0.0,0.0,0.0,True,0,long_only,1.4067362253310374,1.6234574399908486
2024-12-26,2.320362489093373,0.016020000082907382,0.0020385316361639432,0.0,0.9991214598383891,0.0,0.9991214598383891,0.0008785401616109301,0.0,0.0,0.0,True,0,long_only,1.4104906583066152,1.645074694701713
2024-12-27,2.3124101965852244,-0.0034271768077305254,0.0020385316361639432,0.0,0.9991184385715067,0.0,0.9991184385715067,0.0008815614284932716,0.0,0.0,0.0,True,0,long_only,1.4138493171201465,1.6355421816062734
2024-12-30,2.319347805176781,0.0030001634665861587,0.001927520188483857,0.0,0.9991689387058803,0.0,0.9991689387058803,0.0008310612941196949,0.000385412984465465,0.0,0.33295451766797013,True,0,long_only,1.4151508312951642,1.638940354544458
2024-12-31,2.2821804959853282,-0.01602489678714658,0.001927520188483857,0.0,0.9991554041444686,0.0,0.9991554041444686,0.000844595855531427,0.0,0.0,0.0,True,0,long_only,1.4047180481827934,1.624653786528663
2025-01-02,2.2554253673144316,-0.011723493701730758,0.001927520188483857,0.0,0.9991453850717397,0.0,0.9991453850717397,0.0008546149282603333,0.0,0.0,0.0,True,0,long_only,1.3945112765139887,1.6173590026124158
2025-01-03,2.2445519066674198,-0.004821024364002224,0.001927520188483857,0.0,0.9991412449929279,0.0,0.9991412449929279,0.0008587550070721095,0.0,0.0,0.0,True,0,long_only,1.3898202683809653,1.6149943685035992
2025-01-06,2.244151694409234,-0.0001783038552135574,0.0015270286974119953,0.0,0.9993195519263621,0.0,0.9993195519263621,0.0006804480736378737,0.0007177279524417483,0.0,0.6388768775350604,True,0,long_only,1.3863308143392232,1.6187706939767332
2025-01-07,2.280980904269508,0.016411194462488954,0.0015270286974119953,0.0,0.9993305385877831,0.0,0.9993305385877831,0.0006694614122169096,0.0,0.0,0.0,True,0,long_only,1.3972549266767373,1.6324729730562801
2025-01-08,2.280334494010446,-0.0002833913505597696,0.0015270286974119953,0.0,0.9993303488144293,0.0,0.9993303488144293,0.0006696511855707188,0.0,0.0,0.0,True,0,long_only,1.3965341975306134,1.6328525989858254
2025-01-09,2.288849715251103,0.0037341983217913377,0.0015270286974119953,0.0,0.9993328401217271,0.0,0.9993328401217271,0.0006671598782729271,0.0,0.0,0.0,True,0,long_only,1.3999186087724969,1.6349877063624831
2025-01-10,2.274921925310287,-0.00608506091422778,0.0015270286974119953,0.0,0.9993287555584116,0.0,0.9993287555584116,0.0006712444415883922,0.0,0.0,0.0,True,0,long_only,1.3960411740667626,1.6295521705017375
2025-01-13,2.2712061537450743,-0.0016333622371265122,0.0017777417541882605,0.0,0.9992172697527889,0.0,0.9992172697527889,0.0007827302472110942,0.0004888313120432919,0.0,0.4309788894533269,True,0,long_only,1.3938894909083763,1.6294018776660437
2025-01-14,2.319245977678024,0.021151679187613626,0.0017777417541882605,0.0,0.999233482877065,0.0,0.999233482877065,0.0007665171229349621,0.0,0.0,0.0,True,0,long_only,1.408469431528698,1.6466427497548202
2025-01-15,2.3119833249090314,-0.0031314715381175473,0.0017777417541882605,0.0,0.999231075010345,0.0,0.999231075010345,0.0007689249896549732,0.0,0.0,0.0,True,0,long_only,1.411501102271703,1.6379606938939482
2025-01-16,2.3041577851554766,-0.0033847734407266294,0.0017777417541882605,0.0,0.999228463534207,0.0,0.999228463534207,0.0007715364657929769,0.0,0.0,0.0,True,0,long_only,1.409893947433872,1.6342773790533973
2025-01-17,2.323695309333882,0.00847924751693463,0.0017777417541882605,0.0,0.999234950577622,0.0,0.999234950577622,0.0007650494223779836,0.0,0.0,0.0,True,0,long_only,1.4143250593491818,1.6429711783535514
2025-01-20,2.3504588775293276,0.011517675354398405,0.0020698335165106304,0.0,0.9991193917339722,0.0,0.9991193917339722,0.0008806082660277603,0.0002569859573497795,0.0,0.22069567107425422,True,0,long_only,1.4203850123577773,1.6548040545905707
2025-01-21,2.3845415140711643,0.014500418138632565,0.0020698335165106304,0.0,0.9991319784099809,0.0,0.9991319784099809,0.0008680215900190857,0.0,0.0,0.0,True,0,long_only,1.4245314921702454,1.673912810757425
2025-01-22,2.3883908674556644,0.001614294975275321,0.0020698335165106304,0.0,0.9991333773944984,0.0,0.9991333773944984,0.0008666226055016324,0.0,0.0,0.0,True,0,long_only,1.4222995020971287,1.6792460827934406
2025-01-23,2.3679807085009483,-0.0085455689991224,0.0020698335165106304,0.0,0.9991259077791133,0.0,0.9991259077791133,0.0008740922208867463,0.0,0.0,0.0,True,0,long_only,1.4220734906535628,1.6651605729691659
2025-01-24,2.4020194852639642,0.014374600536574578,0.0020698335165106304,0.0,0.9991382944521437,0.0,0.9991382944521437,0.0008617055478562508,0.0,0.0,0.0,True,0,long_only,1.429311278411536,1.6805432949031556
2025-01-27,2.380673795215194,-0.00888655990499776,0.0017671290233046747,0.0,0.9992577189588694,0.0,0.9992577189588694,0.0007422810411306102,0.0006345430689665551,0.0,0.527926284916745,True,0,long_only,1.4234997007974444,1.6724090590827245
2025-02-05,2.3977510138161198,0.007173271128219305,0.0018470656521990313,0.0,0.9992296674502248,0.0,0.9992296674502248,0.00077033254977521,0.000543191831962637,0.0,0.45410995084259326,True,0,long_only,1.4277546118871853,1.6793859349869704
2025-02-06,2.438932964077084,0.017175240474790243,0.0018470656521990313,0.0,0.999242674694465,0.0,0.999242674694465,0.0007573253055349616,0.0,0.0,0.0,True,0,long_only,1.4389677613481804,1.6949184197094367
2025-02-07,2.4502846374156837,0.004654360536266555,0.0018470656521990313,0.0,0.9992461832294932,0.0,0.9992461832294932,0.0007538167705067877,0.0,0.0,0.0,True,0,long_only,1.4467931110898766,1.693597113943867
2025-02-10,2.4509935906834417,0.00028933506619277516,0.0016339166521152947,0.0,0.9993333655957626,0.0,0.9993333655957626,0.0006666344042374206,0.0008172191700158192,0.0,0.6662244261955633,True,0,long_only,1.4497234663581797,1.6906628385070788
2025-02-11,2.4415003240991475,-0.0038732319090425404,0.0016339166521152947,0.0,0.9993307735264307,0.0,0.9993307735264307,0.0006692264735692621,0.0,0.0,0.0,True,0,long_only,1.4454777041574587,1.6890612128273894
2025-02-12,2.4626909827010848,0.008679359323761515,0.0016339166521152947,0.0,0.9993365320035714,0.0,0.9993365320035714,0.0006634679964285795,0.0,0.0,0.0,True,0,long_only,1.4519639276248333,1.6961103067688668
2025-02-13,2.4341682986969313,-0.011581917587106028,0.0016339166521152947,0.0,0.9993287577309302,0.0,0.9993287577309302,0.0006712422690697828,0.0,0.0,0.0,True,0,long_only,1.4491325158970418,1.6797416882127807
2025-02-14,2.4531942620120777,0.00781620700809027,0.0016339166521152947,0.0,0.9993339636092352,0.0,0.9993339636092352,0.0006660363907647904,0.0,0.0,0.0,True,0,long_only,1.4504835018423152,1.6912941504651247
2025-02-17,2.493395572759299,0.01638733278066984,0.0017212291270511633,0.0,0.9993096846942956,0.0,0.9993096846942956,0.0006903153057044031,0.0007633600556525704,0.0,0.6139670125598884,True,0,long_only,1.451634228772375,1.7176472718392195
2025-02-18,2.4487109280335773,-0.0179212015990996,0.0017212291270511633,0.0,0.9992970876605539,0.0,0.9992970876605539,0.0007029123394460823,0.0,0.0,0.0,True,0,long_only,1.4434046336750952,1.6964826569794513
2025-02-19,2.4967948741293804,0.019636432191862285,0.0017212291270511633,0.0,0.9993106245351246,0.0,0.9993106245351246,0.0006893754648753525,0.0,0.0,0.0,True,0,long_only,1.4570656192205282,1.7135775089285723
2025-02-20,2.5007753904820436,0.001594250450410284,0.0017212291270511633,0.0,0.9993117218229185,0.0,0.9993117218229185,0.0006882781770815027,0.0,0.0,0.0,True,0,long_only,1.460551345937114,1.7122132662015415
2025-02-21,2.543640913432775,0.017140892826232212,0.0017212291270511633,0.0,0.9993233207101043,0.0,0.9993233207101043,0.0006766792898956764,0.0,0.0,0.0,True,0,long_only,1.4696704163557741,1.7307560151751853
2025-02-24,2.54711941486113,0.00136752849428734,0.001629059247654368,0.0,0.9993604307524219,0.0,0.9993604307524219,0.0006395692475781312,0.000916715877885978,0.0,0.7195830085363686,True,0,long_only,1.46792501163942,1.73518360588218
2025-02-25,2.545403474109049,-0.0006736789575190194,0.001629059247654368,0.0,0.999359999597618,0.0,0.999359999597618,0.0006400004023819905,0.0,0.0,0.0,True,0,long_only,1.4683207858014664,1.7335472593747077
2025-02-26,2.5856639443622447,0.015816930660585093,0.001629059247654368,0.0,0.999369964820368,0.0,0.999369964820368,0.0006300351796320047,0.0,0.0,0.0,True,0,long_only,1.4802638132976051,1.7467588690168163
2025-02-27,2.5609406173132605,-0.00956169385541783,0.001629059247654368,0.0,0.9993638824591866,0.0,0.9993638824591866,0.0006361175408133857,0.0,0.0,0.0,True,0,long_only,1.4763165759571264,1.7346825599739337
2025-02-28,2.5112936312698464,-0.019386230866805465,0.001629059247654368,0.0,0.9993513067419239,0.0,0.9993513067419239,0.0006486932580761495,0.0,0.0,0.0,True,0,long_only,1.4566196955927428,1.7240557977268902
2025-03-03,2.5042216493113263,-0.002816071314983626,0.001772060419310088,0.0,0.9992923707772444,0.0,0.9992923707772444,0.0007076292227555792,0.0007387994083357914,0.0,0.5879984487460622,True,0,long_only,1.449749218786532,1.727348162606639
2025-03-04,2.5223250349566237,0.0072291466892620004,0.001772060419310088,0.0,0.9992974496170196,0.0,0.9992974496170196,0.0007025503829803936,0.0,0.0,0.0,True,0,long_only,1.455512002325851,1.7329469155362838
2025-03-05,2.5433136826574723,0.008321151084800471,0.001772060419310088,0.0,0.9993032474006673,0.0,0.9993032474006673,0.0006967525993326618,0.0,0.0,0.0,True,0,long_only,1.4610236996887345,1.7407751039215282
2025-03-06,2.5862971265196695,0.016900567222712493,0.001772060419310088,0.0,0.9993148272094728,0.0,0.9993148272094728,0.0006851727905271554,0.0,0.0,0.0,True,0,long_only,1.4748503817797503,1.7535996589692713
2025-03-07,2.5938360617084304,0.002914953240081175,0.001772060419310088,0.0,0.9993168186511592,0.0,0.9993168186511592,0.0006831813488408223,0.0,0.0,0.0,True,0,long_only,1.4768685589279942,1.7563079977755114
2025-03-10,2.599286251443605,0.002101208251220399,0.0022757580972998714,0.0,0.9991244680742508,0.0,0.9991244680742508,0.0008755319257491845,0.00033652427057380885,0.0,0.25743166783193955,True,0,long_only,1.4796061098313962,1.756742037068094
2025-03-11,2.5747489322301074,-0.009440021929046805,0.0022757580972998714,0.0,0.9991161242679578,0.0,0.9991161242679578,0.0008838757320421831,0.0,0.0,0.0,True,0,long_only,1.4747199253992813,1.745924014373775
2025-03-12,2.583504420507927,0.0034005211802285995,0.0022757580972998714,0.0,0.9991191197200071,0.0,0.9991191197200071,0.0008808802799928905,0.0,0.0,0.0,True,0,long_only,1.4758892889551223,1.7504730468888743
2025-03-13,2.5619318670459363,-0.008350112850880831,0.0022757580972998714,0.0,0.999111702334253,0.0,0.999111702334253,0.0008882976657470509,0.0,0.0,0.0,True,0,long_only,1.4681920236597048,1.7449569441604165
2025-03-14,2.581753407103274,0.0077369505068818345,0.0022757580972998714,0.0,0.9991185222837168,0.0,0.9991185222837168,0.0008814777162832188,0.0,0.0,0.0,True,0,long_only,1.479018547847673,1.7455855512159366
2025-03-17,2.589726543974075,0.003088264296994492,0.002247493684013869,0.0,0.9991321501919793,0.0,0.9991321501919793,0.000867849808020682,0.000333264814507488,0.0,0.25802610951583893,True,0,long_only,1.4833588485682667,1.7458530324430064
2025-03-18,2.5962621734340074,0.0025236755112774123,0.002247493684013869,0.0,0.9991343348499195,0.0,0.9991343348499195,0.0008656651500804635,0.0,0.0,0.0,True,0,long_only,1.4840368828989645,1.7494593317400489
2025-03-19,2.57199760427616,-0.009345962594275892,0.002247493684013869,0.0,0.9991261680491936,0.0,0.9991261680491936,0.0008738319508063697,0.0,0.0,0.0,True,0,long_only,1.4764080648473255,1.742064179622406
2025-03-20,2.5577574960830067,-0.005536594656805893,0.002247493684013869,0.0,0.999121303060413,0.0,0.999121303060413,0.0008786969395869759,0.0,0.0,0.0,True,0,long_only,1.472698020925881,1.7367834136661309
2025-03-21,2.525296312048322,-0.012691267285657948,0.002247493684013869,0.0,0.9991100079332113,0.0,0.9991100079332113,0.0008899920667887473,0.0,0.0,0.0,True,0,long_only,1.4586836171860864,1.7312159280432682
2025-03-24,2.5040041736177834,-0.008431540619194933,0.0020326561592991055,0.0,0.9991882377111369,0.0,0.9991882377111369,0.0008117622888631493,0.0004914187508925505,0.0,0.3890175310975498,True,0,long_only,1.4523163292759704,1.7241451625529236
2025-03-25,2.513720633484492,0.0038803688784072587,0.0020326561592991055,0.0,0.9991913754725873,0.0,0.9991913754725873,0.0008086245274127046,0.0,0.0,0.0,True,0,long_only,1.4564272300755836,1.7259500382686739
2025-03-26,2.5247504243714234,0.004387834805509749,0.0020326561592991055,0.0,0.9991949080829227,0.0,0.9991949080829227,0.0008050919170773385,0.0,0.0,0.0,True,0,long_only,1.4617159656245744,1.7272510417525793
2025-03-27,2.5195509029984233,-0.0020594199421887227,0.0020326561592991055,0.0,0.9991932466389626,0.0,0.9991932466389626,0.0008067533610374156,0.0,0.0,0.0,True,0,long_only,1.4613835559901844,1.7240859818565977
2025-03-28,2.5005009248978545,-0.0075608625639981275,0.0020326561592991055,0.0,0.9991871004169367,0.0,0.9991871004169367,0.0008128995830632979,0.0,0.0,0.0,True,0,long_only,1.4558030725357807,1.7176093196055522
2025-03-31,2.4896660696535338,-0.004333073879892013,0.0020566185582695244,0.0,0.999173937989782,0.0,0.999173937989782,0.0008260620102179539,0.0004409364261843397,0.0,0.3527745280101569,True,0,long_only,1.448649319017694,1.7186119766664694
2025-04-01,2.5068951191514293,0.006920225048611783,0.0020566185582695244,0.0,0.9991796152369686,0.0,0.9991796152369686,0.0008203847630313676,0.0,0.0,0.0,True,0,long_only,1.4535748097878203,1.7246412790528223
2025-04-02,2.512206885847649,0.002118862754026063,0.0020566185582695244,0.0,0.9991813498442922,0.0,0.9991813498442922,0.0008186501557078119,0.0,0.0,0.0,True,0,long_only,1.4564414616807255,1.7248938264560087
2025-04-03,2.479710993556712,-0.012935197524535424,0.0020566185582695244,0.0,0.9991706216717943,0.0,0.9991706216717943,0.0008293783282057321,0.0,0.0,0.0,True,0,long_only,1.4509768641539074,1.708994164426377
2025-04-07,2.3310769431982026,-0.05994006992940726,0.0018820534104857553,0.0,0.9991926249298732,0.0,0.9991926249298732,0.0008073750701268478,0.0005423122881765512,0.0,0.4469718162218433,True,0,long_only,1.392206095328713,1.674376337684266
2025-04-08,2.3445227244352798,0.005768055523139193,0.0018820534104857553,0.0,0.9991972552064134,0.0,0.9991972552064134,0.0008027447935865517,0.0,0.0,0.0,True,0,long_only,1.4056427636692874,1.667936395386223
2025-04-09,2.378407045499885,0.014452545377979575,0.0018820534104857553,0.0,0.9992086916265881,0.0,0.9992086916265881,0.0007913083734119031,0.0,0.0,0.0,True,0,long_only,1.4173828213682806,1.6780272835562327
2025-04-10,2.429592006922024,0.02152069029520587,0.0018820534104857553,0.0,0.9992253623632594,0.0,0.9992253623632594,0.0007746376367405716,0.0,0.0,0.0,True,0,long_only,1.4303854257520219,1.6985575797828556
2025-04-11,2.425985613166764,-0.0014843618784492474,0.0018820534104857553,0.0,0.9992242108113621,0.0,0.9992242108113621,0.0007757891886378543,0.0,0.0,0.0,True,0,long_only,1.4262467394376077,1.700957868007726
2025-04-14,2.4351038433031706,0.0037585672754687494,0.0013428557244030818,0.0,0.999448542727204,0.0,0.999448542727204,0.000551457272796041,0.0010992201513245845,0.0,0.8994379255545085,True,0,long_only,1.4288311311618616,1.704262869274869
2025-04-15,2.412896192308033,-0.009119796289678295,0.0013428557244030818,0.0,0.9994434672620048,0.0,0.9994434672620048,0.0005565327379951635,0.0,0.0,0.0,True,0,long_only,1.4231544149488782,1.6954563517232302
2025-04-16,2.391346704610399,-0.008930963448129492,0.0013428557244030818,0.0,0.9994384520982197,0.0,0.9994384520982197,0.0005615479017803127,0.0,0.0,0.0,True,0,long_only,1.415293147346585,1.6896476246590575
2025-04-17,2.3981781165917027,0.002856721682444885,0.0013428557244030818,0.0,0.9994400517146276,0.0,0.9994400517146276,0.0005599482853724247,0.0,0.0,0.0,True,0,long_only,1.4179985077145467,1.6912416363942133
2025-04-18,2.3972984791956264,-0.0003667940216743881,0.0013428557244030818,0.0,0.9994398462535822,0.0,0.9994398462535822,0.0005601537464178241,0.0,0.0,0.0,True,0,long_only,1.4179405647507537,1.690690384908358
2025-04-21,2.422469369474939,0.0104996897540095,0.0015125430331647076,0.0,0.9993756193361104,0.0,0.9993756193361104,0.0006243806638895899,0.0008828430345170672,0.0,0.736544894113863,True,0,long_only,1.4237114806358682,1.7015170576506122
2025-04-22,2.428111810111044,0.002329210312090657,0.0015125430331647076,0.0,0.9993770702704602,0.0,0.9993770702704602,0.0006229297295398117,0.0,0.0,0.0,True,0,long_only,1.4272632826620422,1.7012360926025376
2025-04-23,2.4557446090659716,0.011380365121515634,0.0015125430331647076,0.0,0.999384079668716,0.0,0.999384079668716,0.0006159203312839923,0.0,0.0,0.0,True,0,long_only,1.432568282902624,1.714225170537924
2025-04-24,2.438550564296534,-0.007001560628886905,0.13123338137224805,0.0,0.9461838588489119,0.0,0.9461838588489119,0.053816141151088126,6.489286560234286e-05,0.0,0.05280514809448715,True,0,long_only,1.4282242548568742,1.707400330167973
2025-04-25,2.447149665647568,0.0035263166066497043,0.13123338137224805,0.0,0.9463729647538656,0.0,0.9463729647538656,0.053627035246134436,0.0,0.0,0.0,True,0,long_only,1.4306365119284572,1.7105320920048939
2025-04-28,2.418934766988087,-0.01152969883924726,0.0016655992775795531,0.0,0.999311432742912,0.0,0.999311432742912,0.0006885672570879908,0.0007108895222711664,0.0,0.5819108133467762,True,0,long_only,1.4228721547802268,1.7000366187935623
2025-04-29,2.4272604881386943,0.003441895690710961,0.5388867568340093,0.0,0.7779856099222189,0.0,0.7779856099222189,0.22201439007778112,0.0002687449512538419,0.0,0.22227704446215582,True,0,long_only,1.427567229086148,1.7002775341743424
2025-04-30,2.4256425505293615,-0.0006665694173488834,0.5388867568340093,0.0,0.7778375232095079,0.0,0.7778375232095079,0.22216247679049206,0.0,0.0,0.0,True,1,long_only,1.4296653743013807,1.6966505548297792
2025-05-06,2.462894780895676,0.01535767516866171,0.001143773196369235,0.0,0.999535598026663,0.0,0.999535598026663,0.00046440197333696975,0.0009458995716616169,0.0,0.7791495204822897,True,1,long_only,1.4414176305190673,1.7086614793304322
2025-05-07,2.4568413347945115,-0.0024578581870895455,0.3570176928307293,0.0,0.854684269686227,0.0,0.854684269686227,0.14531573031377298,0.0001780259728035818,0.0,0.1436998243552584,True,0,long_only,1.4414732015486698,1.7043961220749473
2025-05-08,2.475026187190493,0.0074017203058425185,0.3570176928307293,0.0,0.8557519533819579,0.0,0.8557519533819579,0.14424804661804214,0.0,0.0,0.0,True,0,long_only,1.4500362228235641,1.7068719720470367
2025-05-09,2.460694722641482,-0.0057904294601744954,0.3570176928307293,0.0,0.8549118305713755,0.0,0.8549118305713755,0.14508816942862446,0.0,0.0,0.0,True,0,long_only,1.4484666800850372,1.6988272885207263
2025-05-12,2.4835414894152468,0.009284681502157,0.0015744285046204167,0.0,0.999366055082498,0.0,0.999366055082498,0.0006339449175020162,0.0007112396571369547,0.0,0.5769958485277222,True,0,long_only,1.457210646053881,1.70431193056451
2025-05-13,2.480889115920867,-0.0010679803440709623,0.0015744285046204167,0.0,0.9993653773179476,0.0,0.9993653773179476,0.0006346226820523881,0.0,0.0,0.0,True,0,long_only,1.458915050193516,1.7005027918464428
2025-05-14,2.4817739899719657,0.00035667617928591966,0.0015744285046204167,0.0,0.9993656035920346,0.0,0.9993656035920346,0.0006343964079653652,0.0,0.0,0.0,True,0,long_only,1.4587886599859448,1.7012567056806414
2025-05-15,2.462548282481014,-0.007746760006606568,0.0015744285046204167,0.0,0.9993606507064974,0.0,0.9993606507064974,0.0006393492935026224,0.0,0.0,0.0,True,0,long_only,1.4524372979196782,1.6954592711217997
2025-05-16,2.475133538579444,0.005110663692551309,0.0015744285046204167,0.0,0.9993639015915384,0.0,0.9993639015915384,0.0006360984084615717,0.0,0.0,0.0,True,0,long_only,1.453069248957535,1.703383056488988
2025-05-19,2.4817112161437263,0.0026575041151344347,0.0017830892405993363,0.0,0.9992815081670259,0.0,0.9992815081670259,0.0007184918329741219,0.0006895716214111375,0.0,0.5573006558300413,True,0,long_only,1.4550596405909775,1.705573535896969
2025-05-20,2.4939953906328225,0.004949880715043209,0.0017830892405993363,0.0,0.9992850470986047,0.0,0.9992850470986047,0.0007149529013953382,0.0,0.0,0.0,True,0,long_only,1.458790354224652,1.709632493394421
2025-05-21,2.4917876975511333,-0.0008852033528135017,0.0017830892405993363,0.0,0.9992844136591765,0.0,0.9992844136591765,0.0007155863408234708,0.0,0.0,0.0,True,0,long_only,1.4606238593537904,1.7059749377595068
2025-05-22,2.468459647875363,-0.009361973212523855,0.0017830892405993363,0.0,0.9992776510476344,0.0,0.9992776510476344,0.0007223489523655591,0.0,0.0,0.0,True,0,long_only,1.4559338677639913,1.6954476453428469
2025-05-23,2.46002657645677,-0.0034163294611081474,0.0017830892405993363,0.0,0.99927517480597,0.0,0.99927517480597,0.0007248251940300543,0.0,0.0,0.0,True,0,long_only,1.451405167699136,1.6949275303715279
2025-05-26,2.446085813338878,-0.005666915655021421,0.0017679705022906388,0.0,0.9992772246612733,0.0,0.9992772246612733,0.0007227753387266667,0.000689471368321857,0.0,0.560645619139395,True,0,long_only,1.4479960205721243,1.6892904252405294
2025-05-27,2.4308776047284915,-0.006217365117549778,0.0017679705022906388,0.0,0.9992727027889634,0.0,0.9992727027889634,0.0007272972110365927,0.0,0.0,0.0,True,0,long_only,1.4444794587110639,1.6828744708475185
2025-05-28,2.4419484285741646,0.004554249800211352,0.0017679705022906388,0.0,0.9992760000655203,0.0,0.9992760000655203,0.000723999934479691,0.0,0.0,0.0,True,0,long_only,1.4454600840749017,1.689391810592278
2025-05-29,2.4718854951453824,0.012259499922649075,0.0017679705022906388,0.0,0.9992847684466928,0.0,0.9992847684466928,0.0007152315533072162,0.0,0.0,0.0,True,0,long_only,1.453839449873915,1.7002465405377176
2025-05-30,2.4646871630564315,-0.002912081527679189,0.0017679705022906388,0.0,0.999282679551064,0.0,0.999282679551064,0.0007173204489360208,0.0,0.0,0.0,True,0,long_only,1.4546919907914737,1.6943017344279432
2025-06-03,2.472057318905687,0.002990300740689511,0.0020026432381411354,0.0,0.9991898880245108,0.0,0.9991898880245108,0.0008101119754891917,0.0004554420979269444,0.0,0.37024827314235587,True,0,long_only,1.4589445299470245,1.6944148788134183
2025-06-04,2.50513674697414,0.013381335382262272,0.0020026432381411354,0.0,0.9992005852612397,0.0,0.9992005852612397,0.000799414738760329,0.0,0.0,0.0,True,0,long_only,1.4661358955644153,1.7086661301677926
2025-06-05,2.5150659012688816,0.003963517882500822,0.0020026432381411354,0.0,0.9992037412470461,0.0,0.9992037412470461,0.0007962587529538601,0.0,0.0,0.0,True,0,long_only,1.468647773871993,1.7125044861083856
2025-06-06,2.508870832411694,-0.0024631835110411338,0.0020026432381411354,0.0,0.9992017750725668,0.0,0.9992017750725668,0.0007982249274331998,0.0,0.0,0.0,True,0,long_only,1.4703301529084318,1.7063316204520087
2025-06-09,2.5222107446908524,0.005317098077279203,0.0018061165341531774,0.0,0.9992839152961525,0.0,0.9992839152961525,0.0007160847038475415,0.0007023240268704878,0.0,0.5594655809222508,True,0,long_only,1.4762244093714443,1.7085551008906392
2025-06-10,2.506527209367273,-0.006218170054422489,0.0018061165341531774,0.0,0.9992794346985728,0.0,0.9992794346985728,0.0007205653014271673,0.0,0.0,0.0,True,0,long_only,1.472079962645425,1.7027113152623026
2025-06-11,2.521225936620072,0.0058641802083247985,0.0018061165341531774,0.0,0.9992836355885762,0.0,0.9992836355885762,0.0007163644114237533,0.0,0.0,0.0,True,0,long_only,1.476709639337241,1.7073267956398106
2025-06-12,2.521995231624403,0.00030512735616317066,0.0018061165341531774,0.0,0.9992838541042801,0.0,0.9992838541042801,0.0007161458957198885,0.0,0.0,0.0,True,0,long_only,1.4773493838731517,1.707108189271054
2025-06-13,2.508945528008707,-0.005174356974216199,0.0018061165341531774,0.0,0.9992801292359718,0.0,0.9992801292359718,0.0007198707640282409,0.0,0.0,0.0,True,0,long_only,1.470055347390093,1.7067014058096786
2025-06-16,2.5155944761141424,0.0026500966366982404,0.0015838989386665098,0.0,0.9993703679373978,0.0,0.9993703679373978,0.0006296320626022478,0.0009209584338577768,0.0,0.7347057916965722,True,0,long_only,1.4737257461257844,1.7069624268472494
2025-06-17,2.512794178749982,-0.0011131751920866462,0.0015838989386665098,0.0,0.9993696662655218,0.0,0.9993696662655218,0.0006303337344781834,0.0,0.0,0.0,True,0,long_only,1.4747334793089404,1.7038971543030788
2025-06-18,2.516037169901433,0.0012905916365439918,0.0015838989386665098,0.0,0.9993704787204203,0.0,0.9993704787204203,0.0006295212795797145,0.0,0.0,0.0,True,0,long_only,1.4748815557719663,1.70592489956559
2025-06-19,2.505338381334917,-0.004252237882055976,0.0015838989386665098,0.0,0.999367790414873,0.0,0.999367790414873,0.0006322095851269971,0.0,0.0,0.0,True,0,long_only,1.4676698592900868,1.707017668501247
2025-06-20,2.4938366394429314,-0.0045908935805538675,0.0015838989386665098,0.0,0.9993648746218516,0.0,0.9993648746218516,0.0006351253781483601,0.0,0.0,0.0,True,0,long_only,1.4675258489999587,1.6993476749607848
2025-06-23,2.5092330235613542,0.006173774125743048,0.0018122216736414702,0.0,0.9992777786452574,0.0,0.9992777786452574,0.000722221354742647,0.000675261377299016,0.0,0.5424834655184724,True,0,long_only,1.473885004564279,1.7024618717137654
2025-06-24,2.5370442731733163,0.011083565914691285,0.0018122216736414702,0.0,0.9992856956842244,0.0,0.9992856956842244,0.0007143043157755713,0.0,0.0,0.0,True,0,long_only,1.4840013038861093,1.7095970647260452
2025-06-25,2.566085339723826,0.01144681110124468,0.0018122216736414702,0.0,0.9992937796551082,0.0,0.9992937796551082,0.0007062203448917614,0.0,0.0,0.0,True,0,long_only,1.4958701237268643,1.7154466146637044
2025-06-26,2.547217095861951,-0.0073529292147024305,0.0018122216736414702,0.0,0.9992885484018675,0.0,0.9992885484018675,0.0007114515981324621,0.0,0.0,0.0,True,0,long_only,1.4949426974584386,1.7038894535506217
2025-06-27,2.5608461703100325,0.005350574346498549,0.0018122216736414702,0.0,0.9992923348170414,0.0,0.9992923348170414,0.0007076651829586167,0.0,0.0,0.0,True,0,long_only,1.498070939807765,1.7094291747216221
2025-06-30,2.5801859803930265,0.0075521170725583175,0.002325285342063871,0.0,0.9990987915755942,0.0,0.9990987915755942,0.000901208424405775,0.00023290151679895377,0.0,0.18192786911942843,True,0,long_only,1.503296649676841,1.7163518464221157
2025-07-01,2.590489450788567,0.00399330531746056,0.002325285342063871,0.0,0.9991023760620388,0.0,0.9991023760620388,0.0008976239379612228,0.0,0.0,0.0,True,0,long_only,1.5105174950477402,1.7149681875791145
2025-07-02,2.572323306331482,-0.007012630162055111,0.002325285342063871,0.0,0.9990960369031605,0.0,0.9990960369031605,0.0009039630968394885,0.0,0.0,0.0,True,0,long_only,1.5056319883111084,1.7084674915926157
2025-07-03,2.5981271852703647,0.01003135137615474,0.002325285342063871,0.0,0.9991050148140374,0.0,0.9991050148140374,0.000894985185962649,0.0,0.0,0.0,True,0,long_only,1.5139954282662722,1.7160733359978297
2025-07-04,2.5773351422560595,-0.008002704075528722,0.002325285342063871,0.0,0.9990977947322643,0.0,0.9990977947322643,0.0009022052677356562,0.0,0.0,0.0,True,0,long_only,1.5161948889562067,1.6998706175763283
2025-07-07,2.565884508577061,-0.004442819054170655,0.0023173258847574993,0.0,0.9990968705422979,0.0,0.9990968705422979,0.000903129457702101,0.000259739195300895,0.0,0.20138597287015073,True,0,long_only,1.5132574178853326,1.6956034566562366
2025-07-08,2.5902135552196475,0.009481738777119997,0.0023173258847574993,0.0,0.9991053533481485,0.0,0.9991053533481485,0.0008946466518514606,0.0,0.0,0.0,True,0,long_only,1.5248375394503484,1.6986816550655819
2025-07-09,2.5978631276108053,0.0029532593464129953,0.0023173258847574993,0.0,0.9991079876918347,0.0,0.9991079876918347,0.0008920123081652687,0.0,0.0,0.0,True,0,long_only,1.5210610813715744,1.70792820842425
2025-07-10,2.604411950482464,0.002520849848498763,0.0023173258847574993,0.0,0.9991102306667237,0.0,0.9991102306667237,0.0008897693332763357,0.0,0.0,0.0,True,0,long_only,1.5272199779206812,1.7053286285767333
2025-07-11,2.6106827098322163,0.002407744807264578,0.0023173258847574993,0.0,0.9991123678584034,0.0,0.9991123678584034,0.0008876321415965949,0.0,0.0,0.0,True,0,long_only,1.5276882654994042,1.7089106258067508
2025-07-14,2.6042155200068726,-0.002477202534412526,0.002359682658389356,0.0,0.9990938988573485,0.0,0.9990938988573485,0.0009061011426515497,0.0002500691470808795,0.0,0.19146135683272203,True,0,long_only,1.5212325383287622,1.7119115285739839
2025-07-15,2.594325030208795,-0.0037978768354977044,0.002359682658389356,0.0,0.999090444477499,0.0,0.999090444477499,0.0009095555225010488,0.0,0.0,0.0,True,0,long_only,1.5157394775916602,1.711590328392638
2025-07-16,2.6055572711102655,0.004329542663575436,0.002359682658389356,0.0,0.9990943654608737,0.0,0.9990943654608737,0.0009056345391262877,0.0,0.0,0.0,True,0,long_only,1.5215473278805955,1.7124391882963093
2025-07-17,2.633683121647274,0.010794562395100904,0.002359682658389356,0.0,0.9991040369894942,0.0,0.9991040369894942,0.0008959630105057625,0.0,0.0,0.0,True,0,long_only,1.5343283258414098,1.716505572692852
2025-07-18,2.64452695954661,0.004117366212436968,0.002359682658389356,0.0,0.9991077108706073,0.0,0.9991077108706073,0.0008922891293926538,0.0,0.0,0.0,True,0,long_only,1.537878094781135,1.7195946600195051
2025-07-21,2.663469362070186,0.007162869886878864,0.0021542668702378576,0.0,0.9991911801573856,0.0,0.9991911801573856,0.0008088198426143833,0.0004871503299409706,0.0,0.3685064181147954,True,0,long_only,1.5499214212087513,1.7184544491249123
2025-07-22,2.6840856626417713,0.007740393362573261,0.0021542668702378576,0.0,0.9991973926539597,0.0,0.9991973926539597,0.0008026073460403182,0.0,0.0,0.0,True,0,long_only,1.5573113516026482,1.723538237796537
2025-07-23,2.6743370407826723,-0.003632008469321324,0.0021542668702378576,0.0,0.9991944669511037,0.0,0.9991944669511037,0.0008055330488963008,0.0,0.0,0.0,True,0,long_only,1.5567458147221211,1.7179021876863314
2025-07-24,2.7133352157892876,0.014582371036973907,0.0021542668702378576,0.0,0.9992060447018482,0.0,0.9992060447018482,0.0007939552981518494,0.0,0.0,0.0,True,0,long_only,1.569016846832011,1.7293219134439255
2025-07-25,2.732518577373247,0.007070030076758771,0.0021542668702378576,0.0,0.9992116185821841,0.0,0.9992116185821841,0.0007883814178158977,0.0,0.0,0.0,True,0,long_only,1.5707883428244587,1.7395841965951082
2025-07-28,2.708760643708867,-0.008694518625091407,0.002170589354971249,0.0,0.9991986780522625,0.0,0.9991986780522625,0.0008013219477375211,0.0005554379416171306,0.0,0.40714280311847983,True,0,long_only,1.5598591477708224,1.7365418201892955
2025-07-29,2.746298386501416,0.01385790320002278,0.002170589354971249,0.0,0.9992096309105958,0.0,0.9992096309105958,0.0007903690894042192,0.0,0.0,0.0,True,0,long_only,1.5620819889549191,1.758101307050326
2025-07-30,2.760748051727499,0.0052615059227016925,0.002170589354971249,0.0,0.9992137676766218,0.0,0.9992137676766218,0.0007862323233781554,0.0,0.0,0.0,True,0,long_only,1.56081910342243,1.7687815619849656
2025-07-31,2.7557152114981958,-0.0018229987434580375,0.002170589354971249,0.0,0.9992123317584072,0.0,0.9992123317584072,0.0007876682415928205,0.0,0.0,0.0,True,0,long_only,1.5464655130934157,1.781944174096648
2025-08-01,2.8212418599527114,0.023778454384947523,0.002170589354971249,0.0,0.9992306262763988,0.0,0.9992306262763988,0.0007693737236011966,0.0,0.0,0.0,True,0,long_only,1.5493128506650566,1.8209633120526094
2025-08-04,2.8621732746933137,0.014508296974328871,0.00230550856355828,0.0,0.9991944902204409,0.0,0.9991944902204409,0.000805509779559066,0.0005126590254633061,0.0,0.36350263262410953,True,0,long_only,1.5632279720165982,1.830937858027865
2025-08-05,2.874831366019348,0.00442254542656606,0.00230550856355828,0.0,0.9991980369385108,0.0,0.9991980369385108,0.0008019630614891637,0.0,0.0,0.0,True,0,long_only,1.5760435324470432,1.8240811924501492
2025-08-06,2.8980767536854906,0.008085826508262173,0.00230550856355828,0.0,0.9992044694604357,0.0,0.9992044694604357,0.0007955305395642709,0.0,0.0,0.0,True,0,long_only,1.5852622241016976,1.8281371432588767
2025-08-07,2.8822447550129664,-0.005462932840681667,0.00230550856355828,0.0,0.9992000996585914,0.0,0.9992000996585914,0.0007999003414086436,0.0,0.0,0.0,True,0,long_only,1.5837269049850604,1.8199127298656046
2025-08-08,2.8822981461433086,1.8524148668985774e-05,0.00230550856355828,0.0,0.9992001144757897,0.0,0.9992001144757897,0.0007998855242102865,0.0,0.0,0.0,True,0,long_only,1.5850301133987852,1.8184500860761486
2025-08-11,2.9115049236487263,0.01013315626091571,0.002607498341925227,0.0,0.999104415616561,0.0,0.999104415616561,0.0008955843834389521,0.000291327008580941,0.0,0.20081632701658647,True,0,long_only,1.5956607835921792,1.8246390170060431
2025-08-12,2.8929627989623214,-0.0063685706095827355,0.002607498341925227,0.0,0.9990986754676345,0.0,0.9990986754676345,0.0009013245323654662,0.0,0.0,0.0,True,0,long_only,1.591655264440166,1.8175812712684773
2025-08-13,2.9196449784077334,0.009223132580544302,0.002607498341925227,0.0,0.9991069125317601,0.0,0.9991069125317601,0.0008930874682399059,0.0,0.0,0.0,True,0,long_only,1.602523466900336,1.8219046639329566
2025-08-14,2.8944718801977243,-0.008621972327518268,0.002607498341925227,0.0,0.9990991453882263,0.0,0.9990991453882263,0.0009008546117736937,0.0,0.0,0.0,True,0,long_only,1.596015557177507,1.8135611944262549
2025-08-15,2.920167524686408,0.008877489764014701,0.002607498341925227,0.0,0.9991070723443494,0.0,0.9991070723443494,0.0008929276556506327,0.0,0.0,0.0,True,0,long_only,1.6103599986175012,1.8133631779188382
2025-08-18,2.9711272685614767,0.01745096589297268,0.002365034692906251,0.0,0.9992039941479681,0.0,0.9992039941479681,0.000796005852031878,0.0005560408409613363,0.0,0.3803497284665051,True,0,long_only,1.6251937361961903,1.8281680530688482
2025-08-19,2.9986988403992054,0.00927983534380128,0.3046295484060499,0.0,0.8984127567923773,0.0,0.8984127567923773,0.10158724320762269,0.00015120786078696532,0.0,0.1019246368797503,True,0,long_only,1.6277744005952877,1.8422078878391022
2025-08-20,3.0227769631992367,0.008029523497206537,0.3046295484060499,0.0,0.8992219564609765,0.0,0.8992219564609765,0.10077804353902353,0.0,0.0,0.0,True,0,long_only,1.633601226357746,1.850376281816816
2025-08-21,2.99914959386419,-0.007816444819680135,0.3046295484060499,0.0,0.8984280247209822,0.0,0.8984280247209822,0.10157197527901785,0.0,0.0,0.0,True,0,long_only,1.640447644974312,1.828250723546349
2025-08-22,3.0316700617289953,0.010843229671283261,0.3046295484060499,0.0,0.8995175786931391,0.0,0.8995175786931391,0.10048242130686091,0.0,0.0,0.0,True,0,long_only,1.6560119382836278,1.830705438555695
2025-08-25,3.025418439110671,-0.002062105206382059,0.002409876674672317,0.0,0.9992034567372504,0.0,0.9992034567372504,0.0007965432627495828,0.00047088370149119294,0.0,0.3103518151414004,True,0,long_only,1.6636851453894004,1.8185042088613137
2025-08-26,3.0197188123564183,-0.0018839135375694482,0.30282467566164767,0.0,0.8997175914450987,0.0,0.8997175914450987,0.10028240855490134,0.00015028254076386965,0.0,0.09937070691609133,True,0,long_only,1.662927142991714,1.815905660739741
2025-08-27,2.9502496357379515,-0.023005180593042462,0.30282467566164767,0.0,0.8973562535205934,0.0,0.8973562535205934,0.10264374647940655,0.0,0.0,0.0,True,0,long_only,1.6161038066832973,1.825532260698463
2025-08-28,2.9389431347015287,-0.003832387910318147,0.30282467566164767,0.0,0.8969613695188418,0.0,0.8969613695188418,0.10303863048115824,0.0,0.0,0.0,True,0,long_only,1.6191575025294984,1.8151063933621157
2025-08-29,2.9474827732703854,0.0029056834982701396,0.30282467566164767,0.0,0.8972598997327987,0.0,0.8972598997327987,0.10274010026720126,0.0,0.0,0.0,True,0,long_only,1.6132981473838583,1.8269919779242636
2025-09-01,2.927063910093959,-0.006927559801739092,0.0014747832312476238,0.0,0.9994961561221257,0.0,0.9994961561221257,0.0005038438778742771,0.0013247706703675907,0.0,0.8974298328934077,True,0,long_only,1.6016414462292685,1.8275400633425924
2025-09-02,2.9124650872382296,-0.004987531295570724,0.5010587401610164,0.0,0.8279606020492593,0.0,0.8279606020492593,0.17203939795074075,0.00024991693693335104,0.0,0.17072230071190614,True,0,long_only,1.5875941742585504,1.8345148492362224
2025-09-03,2.949469208387168,0.012705429950416347,0.5010587401610164,0.0,0.8301190130291255,0.0,0.8301190130291255,0.1698809869708745,0.0,0.0,0.0,True,0,long_only,1.5917033808194558,1.8530269169050169
2025-09-04,2.9458513921931386,-0.0012265990720438102,0.5010587401610164,0.0,0.8299103812606154,0.0,0.8299103812606154,0.17008961873938455,0.0,0.0,0.0,True,0,long_only,1.58866459427388,1.8542941051314727
2025-09-05,3.013521644815568,0.022971373505725312,0.5010587401610164,0.0,0.8337298353164202,0.0,0.8337298353164202,0.1662701646835798,0.0,0.0,0.0,True,0,long_only,1.6230884751783865,1.8566588888411428
2025-09-08,3.0628184364320026,0.0163585324503126,0.002097085425175952,0.0,0.9993153086058805,0.0,0.9993153086058805,0.0006846913941195298,0.0006828985886717113,0.0,0.45047516625484507,True,0,long_only,1.6333877522806148,1.8751324859363905
2025-09-09,3.023220317896467,-0.012928653577541138,0.002097085425175952,0.0,0.9993063405227989,0.0,0.9993063405227989,0.0006936594772011251,0.0,0.0,0.0,True,0,long_only,1.6177075730437136,1.8688299222141145
2025-09-10,2.9927862006236734,-0.01006678775365255,0.002097085425175952,0.0,0.9992992865896205,0.0,0.9992992865896205,0.0007007134103794721,0.0,0.0,0.0,True,0,long_only,1.6074933467245962,1.8617720606568784
2025-09-11,3.0217574779935594,0.009680369872010486,0.002097085425175952,0.0,0.9993060047206144,0.0,0.9993060047206144,0.0006939952793856285,0.0,0.0,0.0,True,0,long_only,1.6273088237984967,1.85690474592285
2025-09-12,3.0284621732163113,0.002218806529504569,0.002097085425175952,0.0,0.9993075411528259,0.0,0.9993075411528259,0.00069245884717406,0.0,0.0,0.0,True,0,long_only,1.6300091014503362,1.857941879294828
2025-09-15,3.0140587966016024,-0.004756003473344372,0.0023142843419721466,0.0,0.9992321701406152,0.0,0.9992321701406152,0.0007678298593848387,0.0007104548242240539,0.0,0.4693653128554693,True,0,long_only,1.6182202496765699,1.862576368824958
2025-09-16,3.012151738460755,-0.0006327209485752494,0.0023142843419721466,0.0,0.9992316840109937,0.0,0.9992316840109937,0.0007683159890062852,0.0,0.0,0.0,True,0,long_only,1.6153752840391193,1.8646761332939956
2025-09-17,3.034506540024315,0.0074215389876022275,0.0023142843419721466,0.0,0.9992373440915524,0.0,0.9992373440915524,0.0007626559084475959,0.0,0.0,0.0,True,0,long_only,1.6245797440886318,1.8678717071698034
2025-09-18,3.008598356894144,-0.00853785707443655,0.0023142843419721466,0.0,0.9992307765718647,0.0,0.9992307765718647,0.0007692234281353461,0.0,0.0,0.0,True,0,long_only,1.6136092096105352,1.8645148645503251
2025-09-19,3.0017481591204165,-0.002276873467683349,0.0023142843419721466,0.0,0.9992290211505783,0.0,0.9992290211505783,0.0007709788494216774,0.0,0.0,0.0,True,0,long_only,1.6048062841346744,1.8704738315123095
2025-09-22,2.983788583116066,-0.0059830389001096496,0.0020585947924063657,0.0,0.9993100735071998,0.0,0.9993100735071998,0.0006899264928001969,0.000937728663265031,0.0,0.62536532496095,True,0,long_only,1.5979856179464607,1.8672186718116233
2025-09-23,2.9866861662879636,0.0009711087401746976,0.0020585947924063657,0.0,0.9993107428508415,0.0,0.9993107428508415,0.000689257149158462,0.0,0.0,0.0,True,0,long_only,1.5950586511555727,1.8724616578357154
2025-09-24,3.036107389244317,0.016547176437281097,0.0020585947924063657,0.0,0.9993219624576853,0.0,0.9993219624576853,0.0006780375423146578,0.0,0.0,0.0,True,0,long_only,1.6157242972128418,1.8790999148070409
2025-09-25,3.0475146482702424,0.003757198795515837,0.0020585947924063657,0.0,0.9993245004438043,0.0,0.9993245004438043,0.0006754995561957244,0.0,0.0,0.0,True,0,long_only,1.6231199880183438,1.8775658428006499
2025-09-26,3.0479373942712495,0.00013871828351907922,0.0020585947924063657,0.0,0.9993245941349466,0.0,0.9993245941349466,0.0006754058650534356,0.0,0.0,0.0,True,0,long_only,1.6198660331569295,1.8815984358479176
2025-09-29,3.116150428684386,0.02238006415136562,0.0021364879969401228,0.0,0.9993143822656078,0.0,0.9993143822656078,0.0006856177343922409,0.0009220283739158755,0.0,0.6024213036751127,True,0,long_only,1.6338838253741388,1.9072044047996048
2025-09-30,3.152887399935537,0.011789216243537126,0.0021364879969401228,0.0,0.9993223709806498,0.0,0.9993223709806498,0.000677629019350201,0.0,0.0,0.0,True,0,long_only,1.6450810489912844,1.91655444688807
2025-10-09,3.1614645110249753,0.0027203987968658083,0.0020786489704767495,0.0,0.9993425044110956,0.0,0.9993425044110956,0.0006574955889043776,0.0010791065415626368,0.0,0.6828918125962778,True,0,long_only,1.6529426554413187,1.9126280640273614
2025-10-10,3.1513160328239564,-0.003210056024866903,0.0020786489704767495,0.0,0.9993403870164637,0.0,0.9993403870164637,0.0006596129835363396,0.0,0.0,0.0,True,0,long_only,1.6455120633184444,1.9150974964405985
2025-10-13,3.1275252866011334,-0.007549463771649778,0.0022898496789739912,0.0,0.999267839755354,0.0,0.999267839755354,0.0007321602446459519,0.0007890118614426618,0.0,0.5121058892821877,True,0,long_only,1.6386727605044493,1.9085722067158517
2025-10-14,3.057251318858739,-0.022469512250935297,0.0022898496789739912,0.0,0.9992510103226224,0.0,0.9992510103226224,0.0007489896773775762,0.0,0.0,0.0,True,0,long_only,1.6259046387578113,1.880338641013088
2025-10-15,3.0802674818795395,0.0075283843623925595,0.0022898496789739912,0.0,0.9992566068718237,0.0,0.9992566068718237,0.000743393128176284,0.0,0.0,0.0,True,0,long_only,1.6338357089948488,1.8852981758946554
2025-10-16,3.038786803447646,-0.013466583235356655,0.0022898496789739912,0.0,0.999246459252628,0.0,0.999246459252628,0.0007535407473719946,0.0,0.0,0.0,True,0,long_only,1.6221220814196908,1.873340384336598
2025-10-17,3.0080449329777523,-0.010116494659979325,0.0022898496789739912,0.0,0.9992387581535535,0.0,0.9992387581535535,0.0007612418464465476,0.0,0.0,0.0,True,0,long_only,1.6068810488557452,1.871977353345334
2025-10-20,3.020781089478086,0.004234031334008792,0.0022462198108419117,0.0,0.9992564109267414,0.0,0.9992564109267414,0.0007435890732585548,0.0007870439171436921,0.0,0.5184870135725507,True,0,long_only,1.6078586245899096,1.8787603855709316
2025-10-21,3.0636012276516777,0.014175187444976256,0.0022462198108419117,0.0,0.9992668041158334,0.0,0.9992668041158334,0.0007331958841666486,0.0,0.0,0.0,True,0,long_only,1.6237637987271523,1.8867283714867862
2025-10-22,3.031732093280355,-0.010402507377159864,0.0022462198108419117,0.0,0.9992590968655111,0.0,0.9992590968655111,0.000740903134488935,0.0,0.0,0.0,True,0,long_only,1.6173521217629028,1.8745034259922246
2025-10-23,3.030127412857187,-0.0005292949290356397,0.0022462198108419117,0.0,0.9992587045015628,0.0,0.9992587045015628,0.0007412954984371556,0.0,0.0,0.0,True,0,long_only,1.6195746240992581,1.8709402875106302
2025-10-24,3.0671453464607374,0.012216626088552784,0.0022462198108419117,0.0,0.9992676513314134,0.0,0.9992676513314134,0.0007323486685866243,0.0,0.0,0.0,True,0,long_only,1.6305488859025108,1.881050836916839
2025-10-27,3.122375694377815,0.01800708531169204,0.0028316785947949566,0.0,0.9990931012562345,0.0,0.9990931012562345,0.000906898743765483,0.00029436755023976794,0.0,0.18817049468147048,True,0,long_only,1.644031976383668,1.8992183480798344
2025-10-28,3.1031030062046807,-0.006172443696585761,0.0028316785947949566,0.0,0.9990874687082146,0.0,0.9990874687082146,0.0009125312917853678,0.0,0.0,0.0,True,0,long_only,1.6401348885089277,1.8919803657281873
2025-10-29,3.1491707829069706,0.014845713020217755,0.0028316785947949566,0.0,0.9991008177104383,0.0,0.9991008177104383,0.0008991822895616508,0.0,0.0,0.0,True,0,long_only,1.6558052411613262,1.901896856358691
2025-10-30,3.1564530169214335,0.002312429054019516,0.0028316785947949566,0.0,0.9991028922085599,0.0,0.9991028922085599,0.0008971077914401437,0.0,0.0,0.0,True,0,long_only,1.6415299246605932,1.9228726625706014
2025-10-31,3.109167749970905,-0.014980507137928867,0.0028316785947949566,0.0,0.9990892486920908,0.0,0.9990892486920908,0.0009107513079091856,0.0,0.0,0.0,True,0,long_only,1.643348859336848,1.8919706137293146
2025-11-03,3.1060394669645888,-0.0010061480299173864,0.002127037388907898,0.0,0.9993151930580629,0.0,0.9993151930580629,0.0006848069419370661,0.0009801192706234813,0.0,0.6302762308072705,True,0,long_only,1.6464808290113304,1.8864716869067257
2025-11-04,3.0540965109447282,-0.016723211849790975,0.2362735299712901,0.0,0.9226371762894281,0.0,0.9226371762894281,0.0773628237105719,0.00011713181219728976,0.0,0.0756226704995129,True,0,long_only,1.6354001690172535,1.8674918645630318
2025-11-05,3.083050065956596,0.009480235777785229,0.4609021093679438,0.0,0.8505045005732215,0.0,0.8505045005732215,0.14949549942677853,0.00011237047493579474,0.0,0.07396612687197231,True,0,long_only,1.6475105872976825,1.8713385453950537
2025-11-06,3.07848327101819,-0.0014812587667105692,0.4609021093679438,0.0,0.8502827305553285,0.0,0.8502827305553285,0.14971726944467145,0.0,0.0,0.0,True,0,long_only,1.6561932218253188,1.858770601430998
2025-11-07,3.0867708855916467,0.0026921096669516587,0.4609021093679438,0.0,0.8506847037079003,0.0,0.8506847037079003,0.14931529629209972,0.0,0.0,0.0,True,0,long_only,1.6574388261229924,1.8623739452345789
2025-11-10,3.093587988874587,0.0022084902105177218,0.002355144105569867,0.0,0.9992387014321107,0.0,0.9992387014321107,0.0007612985678893125,0.0005064905243727806,0.0,0.3274529319981398,True,0,long_only,1.6668133877387268,1.8559894056715527
2025-11-11,3.079807825306538,-0.00445442755066483,0.002355144105569867,0.0,0.9992352951095786,0.0,0.9992352951095786,0.0007647048904213527,0.0,0.0,0.0,True,0,long_only,1.6640924403746573,1.8507432343200498
2025-11-12,3.0705755977745266,-0.0029976635087913817,0.002355144105569867,0.0,0.999232995889345,0.0,0.999232995889345,0.0007670041106550007,0.0,0.0,0.0,True,0,long_only,1.6570464404383607,1.8530413649494495
2025-11-13,3.1499213225539826,0.02584066806137697,0.002355144105569867,0.0,0.9992523165297156,0.0,0.9992523165297156,0.0007476834702844215,0.0,0.0,0.0,True,0,long_only,1.675894507210341,1.8795463013941587
2025-11-14,3.1244822445034837,-0.008076099510279988,0.2635139741364728,0.0,0.9156615549344086,0.0,0.9156615549344086,0.0843384450655914,0.00013064473738414354,0.0,0.08333677689244619,True,0,long_only,1.6661336591693214,1.875289072583316
2025-11-17,3.0921932593204566,-0.010334187444921206,0.002379446117260097,0.0,0.9992304988990944,0.0,0.9992304988990944,0.0007695011009055674,0.0006131414148041346,0.0,0.39230495185427505,True,0,long_only,1.6628759769827508,1.859545331174468
2025-11-18,3.0634156090230666,-0.009306549715367374,0.002379446117260097,0.0,0.9992232702248263,0.0,0.9992232702248263,0.0007767297751737345,0.0,0.0,0.0,True,0,long_only,1.653753518086676,1.8524015674157484
2025-11-19,3.0560390647898004,-0.002407947590114534,0.002379446117260097,0.0,0.9992213953857217,0.0,0.9992213953857217,0.0007786046142782554,0.0,0.0,0.0,True,0,long_only,1.6576797468671833,1.8435642171326212
2025-11-20,3.0544419527524744,-0.0005226085149654391,0.2394961000495536,0.0,0.9215908818192684,0.0,0.9215908818192684,0.0784091181807316,0.00011861763578403878,0.0,0.07752242028956931,True,0,long_only,1.6537870640130823,1.8469378671644467
2025-11-21,3.0228503629064982,-0.01034283523296542,0.2394961000495536,0.0,0.9207714338134568,0.0,0.9207714338134568,0.07922856618654317,0.0,0.0,0.0,True,0,long_only,1.6364346711719862,1.847217256000562
2025-11-24,3.042381160802192,0.00646105349287418,0.0022389934421581355,0.0,0.9992640654395953,0.0,0.9992640654395953,0.0007359345604046608,0.0006661223127527858,0.0,0.440219879810434,True,0,long_only,1.6400135810174785,1.8550951016604829
2025-11-25,3.0469440155687417,0.0014997643376633008,0.260913594188895,0.0,0.9143687600245609,0.0,0.9143687600245609,0.08563123997543909,0.00012940200137405547,0.0,0.08495621034466035,True,0,long_only,1.6436988890537947,1.853711793479847
2025-11-26,3.021873119929195,-0.008228210138238157,0.260913594188895,0.0,0.9136583225588875,0.0,0.9136583225588875,0.08634167744111254,0.0,0.0,0.0,True,0,long_only,1.6296516170830768,1.85430621382628
2025-11-27,3.0136026082069076,-0.0027368825208918812,0.260913594188895,0.0,0.9134213670115787,0.0,0.9134213670115787,0.08657863298842128,0.0,0.0,0.0,True,0,long_only,1.6209493293864348,1.8591590456116374
2025-11-28,3.0455857671581725,0.010612931799357073,0.260913594188895,0.0,0.914330570820748,0.0,0.914330570820748,0.08566942917925202,0.0,0.0,0.0,True,0,long_only,1.6319828895444464,1.8661873152409834
2025-12-01,3.055157464490536,0.003142809976188987,0.0025083878654637336,0.0,0.9991789660943443,0.0,0.9991789660943443,0.0008210339056556881,0.00040261010781490774,0.0,0.2646217418035594,True,0,long_only,1.633552432282973,1.8702536901253897
2025-12-02,3.040480442840684,-0.004804014791525479,0.0025083878654637336,0.0,0.9991750027955713,0.0,0.9991750027955713,0.0008249972044287457,0.0,0.0,0.0,True,0,long_only,1.6250453208854228,1.871012705777367
2025-12-03,3.0369540953265273,-0.0011597994397432032,0.0025083878654637336,0.0,0.9991740448532549,0.0,0.9991740448532549,0.0008259551467451054,0.0,0.0,0.0,True,0,long_only,1.6216243140874593,1.872785249298337
2025-12-04,3.0367525693560324,-6.635792447606814e-05,0.0025083878654637336,0.0,0.9991739900409483,0.0,0.9991739900409483,0.0008260099590516878,0.0,0.0,0.0,True,0,long_only,1.6179823785620524,1.8768761697237284
2025-12-05,3.075452858436437,0.012743971791093545,0.0025083878654637336,0.0,0.9991843842253726,0.0,0.9991843842253726,0.0008156157746274095,0.0,0.0,0.0,True,0,long_only,1.6332471304679013,1.8830297026484688
2025-12-08,3.0839292371770703,0.0027561400323146135,0.0025474800624988828,0.0,0.9991739498974916,0.0,0.9991739498974916,0.0008260501025083578,0.0005275729086595479,0.0,0.3428197076372027,True,0,long_only,1.6397713048823217,1.8807069180896472
2025-12-09,3.057309526914234,-0.00863175131969074,0.0025474800624988828,0.0,0.9991667575559253,0.0,0.9991667575559253,0.0008332424440746777,0.0,0.0,0.0,True,0,long_only,1.6297295520636166,1.8759612740917468
2025-12-10,3.0620624936393646,0.0015546239866419675,0.0025474800624988828,0.0,0.9991680509239147,0.0,0.9991680509239147,0.0008319490760853032,0.0,0.0,0.0,True,0,long_only,1.636945992413877,1.8705946975831371
2025-12-11,3.043753898624092,-0.005979170919373278,0.0025474800624988828,0.0,0.999163046636704,0.0,0.999163046636704,0.0008369533632960335,0.0,0.0,0.0,True,0,long_only,1.6308785847549692,1.8663277126061473
2025-12-12,3.038625851557397,-0.001684777165792961,0.0025474800624988828,0.0,0.999161634177109,0.0,0.999161634177109,0.0008383658228909852,0.0,0.0,0.0,True,0,long_only,1.6365285319963758,1.8567509164356728
2025-12-15,3.0430304323838238,0.0014495304922681473,0.0027615606775496563,0.0,0.999092496529722,0.0,0.999092496529722,0.0009075034702780149,0.00027074623993409965,0.0,0.178410282634285,True,0,long_only,1.6335646308016665,1.8628160618845344
2025-12-16,3.0190951568623294,-0.007865605045147106,0.0027615606775496563,0.0,0.9990853018755395,0.0,0.9990853018755395,0.0009146981244605445,0.0,0.0,0.0,True,0,long_only,1.621870656395514,1.8614894751052726
2025-12-17,3.0680650040256845,0.016220040978850214,0.0027615606775496563,0.0,0.9990999015099333,0.0,0.9990999015099333,0.0009000984900666698,0.0,0.0,0.0,True,0,long_only,1.6371794585077553,1.8739943187548558
2025-12-18,3.0480925252235296,-0.006509796492560893,0.0027615606775496563,0.0,0.9990940036581247,0.0,0.9990940036581247,0.0009059963418752703,0.0,0.0,0.0,True,0,long_only,1.6380957028007122,1.8607536299692957
2025-12-19,3.0628340177971274,0.004836300883785283,0.0027615606775496563,0.0,0.9990983642399479,0.0,0.9990983642399479,0.0009016357600520886,0.0,0.0,0.0,True,0,long_only,1.6443532040425892,1.8626375466458478
2025-12-22,3.0926862296923714,0.0097465979944662,0.0025401852362353238,0.0,0.9991786476067804,0.0,0.9991786476067804,0.0008213523932195654,0.0005233772072939966,0.0,0.3413542953555321,True,0,long_only,1.653450249358053,1.870444079519839
2025-12-23,3.0791333176420057,-0.004382246061772066,0.0025401852362353238,0.0,0.9991750323957456,0.0,0.9991750323957456,0.000824967604254434,0.0,0.0,0.0,True,0,long_only,1.6499489356453594,1.8661991599380234
2025-12-24,3.1265993208775447,0.01541537775047952,0.0025401852362353238,0.0,0.9991875565189076,0.0,0.9991875565189076,0.0008124434810924397,0.0,0.0,0.0,True,0,long_only,1.6616412158128044,1.8816332257069976
2025-12-25,3.1524711200246642,0.008274740858019047,0.0025401852362353238,0.0,0.9991942241056231,0.0,0.9991942241056231,0.0008057758943769144,0.0,0.0,0.0,True,0,long_only,1.6720912801599905,1.8853463070048584
2025-12-26,3.1370302133097887,-0.004898032726388557,0.0025401852362353238,0.0,0.9991902579626242,0.0,0.9991902579626242,0.0008097420373758268,0.0,0.0,0.0,True,0,long_only,1.6713641129067782,1.8769280667717432
2025-12-29,3.1009889474066052,-0.01148897634146695,0.002340069383409627,0.0,0.9992453796440111,0.0,0.9992453796440111,0.0007546203559889442,0.0007975334286891751,0.0,0.5079116272937817,True,0,long_only,1.6642330621873707,1.8633141101828892
2025-12-30,3.117848677100214,0.00543688803138398,0.002340069383409627,0.0,0.9992494602446241,0.0,0.9992494602446241,0.0007505397553758675,0.0,0.0,0.0,True,0,long_only,1.666545698022959,1.870844994409065
2025-12-31,3.1247148038518757,0.0022022001266743807,0.002340069383409627,0.0,0.9992511094514849,0.0,0.9992511094514849,0.0007488905485151243,0.0,0.0,0.0,True,0,long_only,1.6667978007426187,1.8746813815447214
2026-01-05,3.1482411612183627,0.007529121485738699,0.002339768881235359,0.0,0.9992568012545996,0.0,0.9992568012545996,0.0007431987454004085,0.0007803129666439758,0.0,0.4997502159980876,True,0,long_only,1.6908719162314167,1.861903986338068
2026-01-06,3.2066467514057884,0.018551815822401174,0.002339768881235359,0.0,0.9992703378131035,0.0,0.9992703378131035,0.0007296621868965181,0.0,0.0,0.0,True,0,long_only,1.7137820897282374,1.8710936300625487
2026-01-07,3.1984869038117782,-0.0025446668207007583,0.002339768881235359,0.0,0.9992684763290895,0.0,0.9992684763290895,0.00073152367091045,0.0,0.0,0.0,True,0,long_only,1.7188939467561768,1.8607819928901526
2026-01-08,3.21420687224565,0.004914814068845308,0.002339768881235359,0.0,0.9992720540480954,0.0,0.9992720540480954,0.0007279459519046183,0.0,0.0,0.0,True,0,long_only,1.7256055039716343,1.8626545087204853
2026-01-09,3.2420357563879127,0.008658087437545703,0.002339768881235359,0.0,0.9992783025675688,0.0,0.9992783025675688,0.0007216974324312231,0.0,0.0,0.0,True,0,long_only,1.7409620836154243,1.8622092846819709
2026-01-12,3.25616649103225,0.004358599258658558,0.002147892375121104,0.0,0.99934036162431,0.0,0.99934036162431,0.0006596383756900526,0.0010890551605880249,0.0,0.6723110748827162,True,0,long_only,1.7647996833806705,1.8450629392649822
2026-01-13,3.197346900893323,-0.018064061005762633,0.002147892375121104,0.0,0.9993282266698928,0.0,0.9993282266698928,0.0006717733301071505,0.0,0.0,0.0,True,0,long_only,1.745318649027609,1.831955959832722
2026-01-14,3.1937729432694053,-0.0011177885086285366,0.002147892375121104,0.0,0.9993274749290968,0.0,0.9993274749290968,0.0006725250709032071,0.0,0.0,0.0,True,0,long_only,1.7480212986136385,1.8270789639705176
2026-01-15,3.1798386059377814,-0.004362970561507695,0.002147892375121104,0.0,0.9993245278640526,0.0,0.9993245278640526,0.0006754721359474303,0.0,0.0,0.0,True,0,long_only,1.7515107526553806,1.8154833483705322
2026-01-16,3.192490443150166,0.003978767094895863,0.002147892375121104,0.0,0.9993272047596166,0.0,0.9993272047596166,0.0006727952403834392,0.0,0.0,0.0,True,0,long_only,1.759685115570799,1.8142396130427005
2026-01-19,3.2206362471656664,0.008816253178107525,0.002030681528936395,0.0,0.9993694781486969,0.0,0.9993694781486969,0.0006305218513030786,0.0011609112953304226,0.0,0.7268728046171029,True,0,long_only,1.7676039872891436,1.8220349525828698
2026-01-20,3.206844911621588,-0.004282177335678816,0.002030681528936395,0.0,0.9993667665306865,0.0,0.9993667665306865,0.0006332334693135433,0.0,0.0,0.0,True,0,long_only,1.756221752805151,1.825990884408195
2026-01-21,3.219845112270122,0.00405389128779543,0.002030681528936395,0.0,0.999369323225767,0.0,0.999369323225767,0.0006306767742330077,0.0,0.0,0.0,True,0,long_only,1.7719998590393398,1.8170684923280453
2026-01-22,3.269514537941952,0.01542602949519245,0.002030681528936395,0.0,0.9993789042668656,0.0,0.9993789042668656,0.0006210957331344025,0.0,0.0,0.0,True,0,long_only,1.788212368078103,1.8283703861504388
2026-01-23,3.311811228244331,0.012936688248832207,0.002030681528936395,0.0,0.9993868365709923,0.0,0.9993868365709923,0.0006131634290077459,0.0,0.0,0.0,True,0,long_only,1.8110828963891707,1.8286359143732311
2026-01-26,3.262859880018133,-0.014780838898281079,0.0023598297497349485,0.0,0.9992767603156401,0.0,0.9992767603156401,0.0007232396843599442,0.0009404823507966766,0.0,0.5694754645336424,True,0,long_only,1.7895840237356067,1.8232504519162989
2026-01-27,3.252970996310055,-0.003030741150926608,0.3345022378132627,0.0,0.897170236625934,0.0,0.897170236625934,0.10282976337406602,0.00016615428117235006,0.0,0.10183429023918675,True,0,long_only,1.792346649371878,1.8149229098344608
2026-01-28,3.311245263530391,0.017914167475344245,0.3345022378132627,0.0,0.898979927129704,0.0,0.898979927129704,0.10102007287029602,0.0,0.0,0.0,True,0,long_only,1.8076012358454827,1.8318449876372194
2026-01-29,3.2714635112873633,-0.012014136397922037,0.3345022378132627,0.0,0.8977514997006243,0.0,0.8977514997006243,0.10224850029937571,0.0,0.0,0.0,True,0,long_only,1.7949357849645124,1.8226075487998827
2026-01-30,3.219618403733833,-0.015847680212434434,0.6600824405945647,0.0,0.794981156826207,0.0,0.794981156826207,0.20501884317379304,0.0001628715371592306,0.0,0.09977345598259564,True,0,long_only,1.7638495543135657,1.8253361778277095
2026-02-02,3.1613077042331863,-0.018111059196649903,0.0022246568423239152,0.0,0.9992962858884806,0.0,0.9992962858884806,0.0007037141115193712,0.0006573718582016702,0.0,0.40912999610897177,True,0,long_only,1.7217416231755591,1.8361104022115171
2026-02-03,3.239735549164814,0.024808671685647044,0.0022246568423239152,0.0,0.9993133214706683,0.0,0.9993133214706683,0.0006866785293316857,0.0,0.0,0.0,True,0,long_only,1.7669588211893692,1.8335093666665614
2026-02-04,3.2327008008835367,-0.0021713958360245478,0.0022246568423239152,0.0,0.9993118271750618,0.0,0.9993118271750618,0.0006881728249381602,0.0,0.0,0.0,True,0,long_only,1.766308911221214,1.8302012634066762
2026-02-05,3.215142743974191,-0.005431389414246812,0.0022246568423239152,0.0,0.9993080690285079,0.0,0.9993080690285079,0.0006919309714921162,0.0,0.0,0.0,True,0,long_only,1.7514592477986757,1.835693721115777
2026-02-06,3.2391963940838626,0.007481363045156675,0.0022246568423239152,0.0,0.9993132071749687,0.0,0.9993132071749687,0.0006867928250312572,0.0,0.0,0.0,True,0,long_only,1.7646682104569769,1.8355838082701355
2026-02-09,3.271958615811549,0.010114305445487748,0.0025717146917163492,0.0,0.9992140136860874,0.0,0.9992140136860874,0.0007859863139125789,0.0006676886211900208,0.0,0.41188201635999455,True,0,long_only,1.7867831083045485,1.831200776750269
2026-02-10,3.262347767038785,-0.0029373381210631155,0.33538864016541226,0.0,0.897194087168137,0.0,0.897194087168137,0.10280591283186302,0.00016649170859114353,0.0,0.10184609023961799,True,0,long_only,1.7826383227307876,1.8300671120102818
2026-02-11,3.269419159327871,0.002167577706010393,0.33538864016541226,0.0,0.8974164449949692,0.0,0.8974164449949692,0.1025835550050308,0.0,0.0,0.0,True,0,long_only,1.7835596497398665,1.8330865243585872
2026-02-12,3.2789891524872643,0.002927123349139693,0.6555716317520452,0.0,0.8000689842920755,0.0,0.8000689842920755,0.1999310157079245,0.00016017158158410853,0.0,0.09799103898578614,True,0,long_only,1.7916015231883677,1.8302000249764878
2026-02-13,3.2579779981619525,-0.006407814527039202,0.6555716317520452,0.0,0.7987796012981371,0.0,0.7987796012981371,0.20122039870186292,0.0,0.0,0.0,True,0,long_only,1.7838134466982338,1.8264118393054707
2026-02-24,3.287532458012177,0.009071411736634838,0.3291294983155094,0.0,0.8998855516959613,0.0,0.8998855516959613,0.1001144483040387,0.0005056948979047906,0.0,0.30930427393869986,True,0,long_only,1.7984550576075045,1.8279758752412758
2026-02-25,3.2883206533907234,0.00023975288110844595,0.3291294983155094,0.0,0.8999095486700391,0.0,0.8999095486700391,0.10009045132996086,0.0,0.0,0.0,True,0,long_only,1.8006792541825671,1.8261556830583263
2026-02-26,3.25953582520035,-0.008753656113400066,0.3291294983155094,0.0,0.8990256539686048,0.0,0.8990256539686048,0.10097434603139521,0.0,0.0,0.0,True,0,long_only,1.7821063317766668,1.82903554466964
2026-02-27,3.2474047178038883,-0.00372172850584207,0.3291294983155094,0.0,0.8986484510196534,0.0,0.8986484510196534,0.1013515489803466,0.0,0.0,0.0,True,0,long_only,1.7796357928935496,1.82475803800499
2026-03-02,3.260372645061986,0.00399332032345745,0.002883504715311989,0.0,0.999115590446485,0.0,0.999115590446485,0.0008844095535149865,0.00019648895477404052,0.0,0.12106161279692945,True,0,long_only,1.7765790474176755,1.8351970602158458
2026-03-03,3.2001708788577488,-0.018464688781945293,0.002883504715311989,0.0,0.999098952892059,0.0,0.999098952892059,0.0009010471079410332,0.0,0.0,0.0,True,0,long_only,1.7444650915668254,1.8344711478195603
2026-03-04,3.1929933430891357,-0.0022428601597594966,0.002883504715311989,0.0,0.9990969274265626,0.0,0.9990969274265626,0.0009030725734373579,0.0,0.0,0.0,True,0,long_only,1.740416877599386,1.8346140997513976
2026-03-05,3.211845902773397,0.005904352956157988,0.2933914122276531,0.0,0.908653334839535,0.0,0.908653334839535,0.09134666516046497,0.0001453266170647029,0.0,0.09045906505883537,True,0,long_only,1.7382065737817236,1.8477929788204372
2026-03-06,3.2211217331838515,0.0028880060536045082,0.2933914122276531,0.0,0.9089163848714106,0.0,0.9089163848714106,0.09108361512858942,0.0,0.0,0.0,True,0,long_only,1.7427678032297613,1.8482793446231622
2026-03-09,3.2243566143967812,0.0010042716422680176,0.32415277675320864,0.0,0.8994674549006573,0.0,0.8994674549006573,0.10053254509934273,0.00033926263659257244,0.0,0.21089905545034096,True,0,long_only,1.737505158956864,1.8557393040102221
2026-03-10,3.2571263738808938,0.0101631932825903,0.32415277675320864,0.0,0.9004789070044654,0.0,0.9004789070044654,0.09952109299553458,0.0,0.0,0.0,True,0,long_only,1.7541500377137536,1.856811734374799
2026-03-11,3.2582068686750465,0.00033173253663631996,0.32415277675320864,0.0,0.90051191044078,0.0,0.90051191044078,0.09948808955921995,0.0,0.0,0.0,True,0,long_only,1.7601991475946215,1.8510444531958268
2026-03-12,3.2081545523838213,-0.01536192093032418,0.32415277675320864,0.0,0.8989597379239892,0.0,0.8989597379239892,0.1010402620760108,0.0,0.0,0.0,True,0,long_only,1.7416516387693322,1.8420185075878517
2026-03-13,3.22832445638357,0.006287073665064202,0.32415277675320864,0.0,0.8995910165992638,0.0,0.8995910165992638,0.10040898340073623,0.0,0.0,0.0,True,0,long_only,1.7236113850130357,1.8730001927662794
2026-03-16,3.2153656840124563,-0.004014086113769966,0.0019045356061862377,0.0,0.9994076768264163,0.0,0.9994076768264163,0.0005923231735837087,0.0011487798917212961,0.0,0.7142113646937996,True,0,long_only,1.7173921735659456,1.8722372987971407
2026-03-17,3.176929978456381,-0.01195375871154758,0.0019045356061862377,0.0,0.9994005106756833,0.0,0.9994005106756833,0.0005994893243167487,0.0,0.0,0.0,True,0,long_only,1.6910992830659488,1.8786182516124268
2026-03-18,3.2096222260572156,0.010290515630665187,0.0019045356061862377,0.0,0.9994066168938125,0.0,0.9994066168938125,0.0005933831061875061,0.0,0.0,0.0,True,0,long_only,1.7070159780264018,1.880253182965563
2026-03-19,3.178954313414036,-0.009554991361351739,0.0019045356061862377,0.0,0.9994008924261195,0.0,0.9994008924261195,0.0005991075738804863,0.0,0.0,0.0,True,0,long_only,1.6789956417403493,1.8933666260854118
2026-03-20,3.1535496055040726,-0.007991529731259384,0.0019045356061862377,0.0,0.9993960660701635,0.0,0.9993960660701635,0.0006039339298364865,0.0,0.0,0.0,True,0,long_only,1.6692422483496423,1.8892102740761236
2026-03-23,3.1257959419854457,-0.00880076960583942,0.0028187726100436274,0.0,0.9990982224488226,0.0,0.9990982224488226,0.000901777551177374,0.0003227125408041916,0.0,0.2052873429427385,True,0,long_only,1.6531408813700836,1.890822480534666
2026-03-24,3.2345710691370266,0.034799177288102,0.0028187726100436274,0.0,0.9991285482526758,0.0,0.9991285482526758,0.0008714517473241701,0.0,0.0,0.0,True,0,long_only,1.689269166414225,1.9147754149819596
2026-03-25,3.296207430344903,0.0190554975885322,0.0028187726100436274,0.0,0.9991448436818344,0.0,0.9991448436818344,0.000855156318165573,0.0,0.0,0.0,True,0,long_only,1.7066218981030625,1.9314222054742707
2026-03-26,3.220363288069228,-0.023009517416123226,0.0028187726100436274,0.0,0.9991247035325217,0.0,0.9991247035325217,0.0008752964674783037,0.0,0.0,0.0,True,0,long_only,1.683096715955459,1.9133560522938187
2026-03-27,3.2156470486450686,-0.0014645053996336088,0.0028187726100436274,0.0,0.9991234197760506,0.0,0.9991234197760506,0.0008765802239494302,0.0,0.0,0.0,True,0,long_only,1.690635400507865,1.9020346123588159
2026-03-30,3.165485896124167,-0.015599085273378055,0.0025141501077029275,0.0,0.9992057617091957,0.0,0.9992057617091957,0.0007942382908042722,0.0006724024941183305,0.0,0.42162774328920993,True,0,long_only,1.674960303987086,1.8898871146910317
2026-03-31,3.130437603047843,-0.011072010499000307,0.0025141501077029275,0.0,0.9991968694391944,0.0,0.9991968694391944,0.0008031305608056094,0.0,0.0,0.0,True,0,long_only,1.6477501526509075,1.8998254061828375
2026-04-01,3.1970277506982248,0.02127183355628892,0.0025141501077029275,0.0,0.9992135976589025,0.0,0.9992135976589025,0.000786402341097503,0.0,0.0,0.0,True,0,long_only,1.6789485419042838,1.9041844767154787
2026-04-02,3.1593089205813123,-0.011798092809383487,0.0025141501077029275,0.0,0.9992042088409512,0.0,0.9992042088409512,0.0007957911590488198,0.0,0.0,0.0,True,0,long_only,1.6615659916141963,1.901404420002646
2026-04-03,3.1690463060886467,0.003082125158416771,0.0025141501077029275,0.0,0.9992066540325168,0.0,0.9992066540325168,0.00079334596748315,0.0,0.0,0.0,True,0,long_only,1.663972488274174,1.9045064316991764
2026-04-07,3.1963117104776777,0.00860366234997767,0.0018853769059186444,0.0,0.9994101398497092,0.0,0.9994101398497092,0.0005898601502908329,0.001289582628173575,0.0,0.8116187103369875,True,0,long_only,1.670313007212713,1.9136004429561566
2026-04-08,3.2814072704639736,0.026623047967239355,0.0018853769059186444,0.0,0.9994254364818141,0.0,0.9994254364818141,0.0005745635181858555,0.0,0.0,0.0,True,0,long_only,1.7193025971323994,1.9085687859350569
2026-04-09,3.3122290991897536,0.009392869030067752,0.0018853769059186444,0.0,0.9994307830619628,0.0,0.9994307830619628,0.0005692169380372425,0.0,0.0,0.0,True,0,long_only,1.715842622844166,1.9303804760948478
2026-04-10,3.2901666927096427,-0.006660893863141282,0.0018853769059186444,0.0,0.9994269661442697,0.0,0.9994269661442697,0.000573033855730265,0.0,0.0,0.0,True,0,long_only,1.7107209392317237,1.9232632378880217
2026-04-13,3.295468259895618,0.0016113369567940516,0.33246224760726095,0.0,0.8991153240183866,0.0,0.8991153240183866,0.10088467598161344,0.0008602471299075873,0.0,0.5208069004606821,True,0,long_only,1.703212073280568,1.9348549200618306
2026-04-14,3.3288599184606547,0.010132599051672964,0.33246224760726095,0.0,0.900127294103442,0.0,0.900127294103442,0.09987270589655795,0.0,0.0,0.0,True,0,long_only,1.7191490991055098,1.936341600732998
2026-04-15,3.3238661127002547,-0.001500154972789991,0.33246224760726095,0.0,0.8999772444693406,0.0,0.8999772444693406,0.10002275553065942,0.0,0.0,0.0,True,0,long_only,1.720015871628211,1.932462465915386
2026-04-16,3.3900209844241367,0.01990298931449397,0.33246224760726095,0.0,0.901929147596785,0.0,0.901929147596785,0.098070852403215,0.0,0.0,0.0,True,0,long_only,1.7439900270332729,1.9438304874890548
2026-04-17,3.399799733515517,0.002884568896862172,0.33246224760726095,0.0,0.9022112260525761,0.0,0.9022112260525761,0.09778877394742391,0.0,0.0,0.0,True,0,long_only,1.747755980832061,1.9452370758857085
2026-04-20,3.390674661929894,-0.0026840026768832903,0.0026870885787564137,0.0,0.9992075062202438,0.0,0.9992075062202438,0.0007924937797562093,0.0005385304356891887,0.0,0.3173928485326094,True,0,long_only,1.7493932931188836,1.9382003322333956
2026-04-21,3.38500046534063,-0.001673471257202519,0.0026870885787564137,0.0,0.9992061777815779,0.0,0.9992061777815779,0.0007938222184220578,0.0,0.0,0.0,True,0,long_only,1.7431781478446913,1.9418557245717705
2026-04-22,3.4048233609373484,0.005856098337263971,0.0026870885787564137,0.0,0.9992107994177951,0.0,0.9992107994177951,0.0007892005822048853,0.0,0.0,0.0,True,0,long_only,1.7555725205324788,1.9394376028992746
2026-04-23,3.44040428364616,0.010450152309521288,0.0026870885787564137,0.0,0.9992189613902269,0.0,0.9992189613902269,0.000781038609773077,0.0,0.0,0.0,True,0,long_only,1.747894230710584,1.9683137704776952
2026-04-24,3.3744684824214293,-0.01916513170796641,0.0026870885787564137,0.0,0.9992037001996746,0.0,0.9992037001996746,0.0007962998003253619,0.0,0.0,0.0,True,0,long_only,1.7417837893885086,1.9373635826557498
2026-04-27,3.3714895966143863,-0.0008827718565340703,0.3391026744515399,0.0,0.8994205188139798,0.0,0.8994205188139798,0.10057948118602023,0.0008881540019493189,0.0,0.5271555187442551,True,0,long_only,1.7478108741661806,1.9289784990168377
2026-04-28,3.3532810927537624,-0.005400729659349679,1.3577112858575284,0.0,0.5951096110637845,0.0,0.5951096110637845,0.40489038893621554,0.000509559085245617,0.0,0.3025488866254923,True,0,long_only,1.7355347593401684,1.93213133572078
2026-04-29,3.3645475683950234,0.0033598363303353196,1.3577112858575284,0.0,0.596465421202176,0.0,0.596465421202176,0.40353457879782395,0.0,0.0,0.0,True,0,long_only,1.7500720051450642,1.9225195069137369
2026-04-30,3.355907816855443,-0.0025678791468837225,1.693411085794536,0.0,0.49539403994079373,0.0,0.49539403994079373,0.5046059600592063,0.00016793386690195473,0.0,0.09982406828502564,True,0,long_only,1.7487108537675464,1.9190753060320052
2026-05-06,3.3804986466664775,0.007327623746851364,1.0090938258805566,0.0,0.7014955687452714,0.0,0.7014955687452714,0.2985044312547286,0.0006766674094797231,0.0,0.4027734096998065,True,0,long_only,1.7693483754622732,1.9105896235857245
2026-05-07,3.396134298750682,0.004625250212604737,1.0090938258805566,0.0,0.7028698699424911,0.0,0.7028698699424911,0.2971301300575089,0.0,0.0,0.0,True,0,long_only,1.7747285999014633,1.913607691305162
2026-05-08,3.4336637883595125,0.011050649446529892,1.0090938258805566,0.0,0.706117462839113,0.0,0.706117462839113,0.29388253716088697,0.0,0.0,0.0,True,0,long_only,1.774418893065752,1.9350919908359407
2026-05-11,3.435655166503533,0.0005799572313314183,1.3794076083370683,0.0,0.5985023113536474,0.0,0.5985023113536474,0.4014976886463526,0.0008884703843849113,0.0,0.5156038188766101,True,0,long_only,1.7797171163515042,1.9304501456651562
2026-05-12,3.416729439228179,-0.0055086224775621195,1.3794076083370683,0.0,0.5962783612598049,0.0,0.5962783612598049,0.40372163874019507,0.0,0.0,0.0,True,0,long_only,1.7577201375179676,1.9438415515070884
2026-05-13,3.4297942402080492,0.003823773937108088,1.3794076083370683,0.0,0.5978162211114466,0.0,0.5978162211114466,0.4021837788885534,0.0,0.0,0.0,True,0,long_only,1.764995537375245,1.9432311116823302
2026-05-14,3.3901306890783887,-0.011564411259625484,1.3794076083370683,0.0,0.5931107869142173,0.0,0.5931107869142173,0.40688921308578274,0.0,0.0,0.0,True,0,long_only,1.7376115571476884,1.95102908652572
2026-05-15,3.378599729327626,-0.003401331927382789,1.3794076083370683,0.0,0.591722098251756,0.0,0.591722098251756,0.40827790174824397,0.0,0.0,0.0,True,0,long_only,1.7240339281466588,1.9597060557616928
2026-05-18,3.386092934277528,0.0022178433523385443,1.3525915983376768,0.0,0.6005450456940067,0.0,0.6005450456940067,0.3994549543059933,0.0003613599434901253,0.0,0.2139267923643051,True,0,long_only,1.7217531439987694,1.9666541316215236
2026-05-19,3.402627752711935,0.004883155529201266,1.3525915983376768,0.0,0.6024861675628064,0.0,0.6024861675628064,0.3975138324371936,0.0,0.0,0.0,True,0,long_only,1.7494210786336846,1.9450021462925446
2026-05-20,3.3852123406584167,-0.00511822430168507,1.3525915983376768,0.0,0.6004411356734566,0.0,0.6004411356734566,0.3995588643265434,0.0,0.0,0.0,True,0,long_only,1.7438578764140964,1.9412203175751028
2026-05-21,3.39075970594793,0.00163870526610288,1.7063445991136597,0.0,0.4967662862925789,0.0,0.4967662862925789,0.5032337137074211,0.00017696498287943116,0.0,0.10436142477860857,True,0,long_only,1.7228178036024937,1.9681475887105941
2026-05-22,3.3997529184738258,0.0026522706725931045,1.7063445991136597,0.0,0.49809746765960566,0.0,0.49809746765960566,0.5019025323403943,0.0,0.0,0.0,True,0,long_only,1.726170024308937,1.9695353705582384
2026-05-25,3.3896499958929933,-0.002971663771780153,1.3641980701828507,0.0,0.5975401378207909,0.0,0.5975401378207909,0.40245986217920915,0.0005390413835508325,0.0,0.3163376859725986,True,0,long_only,1.7276958556888131,1.9619483283078072
2026-05-26,3.3788318217979865,-0.00319153131093608,1.6983107729931386,0.0,0.4973674741557832,0.0,0.4973674741557832,0.5026325258442168,0.00016713992136582688,0.0,0.09881812470788741,True,0,long_only,1.7213058649800181,1.962946789725375
2026-05-27,3.3563620227989825,-0.006650167923139549,1.6983107729931386,0.0,0.4940025058510046,0.0,0.4940025058510046,0.5059974941489954,0.0,0.0,0.0,True,0,long_only,1.7072714692234763,1.9659216962874495
2026-05-28,3.361629536193302,0.0015694115707836076,1.6983107729931386,0.0,0.4947953798275167,0.0,0.4947953798275167,0.5052046201724834,0.0,0.0,0.0,True,0,long_only,1.7232925292883046,1.9507016243966468
2026-05-29,3.3616855353158552,1.6658326549734426e-05,1.6983107729931386,0.0,0.49480379555086207,0.0,0.49480379555086207,0.5051962044491379,0.0,0.0,0.0,True,0,long_only,1.7057520759506883,1.970793752921124
2026-06-01,3.3859108354185454,0.0072062957252228,1.3453391018838246,0.0,0.6026655256804712,0.0,0.6026655256804712,0.39733447431952884,0.0005113855712504348,0.0,0.3043182331400578,True,0,long_only,1.7157081002907992,1.9734772102810845
2026-06-02,3.3723943146862805,-0.003991989567733056,1.3453391018838246,0.0,0.6010730133113228,0.0,0.6010730133113228,0.3989269866886772,0.0,0.0,0.0,True,0,long_only,1.7225355434338425,1.9578082597723792
2026-06-03,3.3619701222056,-0.003091036073475939,1.3453391018838246,0.0,0.5998360922371248,0.0,0.5998360922371248,0.40016390776287525,0.0,0.0,0.0,True,0,long_only,1.7155105520575173,1.9597490194236244
2026-06-04,3.3493994235912843,-0.00373908695121572,1.3453391018838246,0.0,0.5983342289940061,0.0,0.5983342289940061,0.4016657710059939,0.0,0.0,0.0,True,0,long_only,1.7067360897919408,1.9624588966180423
2026-06-05,3.3446315906940525,-0.0014234888988304828,1.3453391018838246,0.0,0.5977616471640603,0.0,0.5977616471640603,0.40223835283593967,0.0,0.0,0.0,True,0,long_only,1.7010153233725653,1.9662560029516523
2026-06-08,3.3310499889277305,-0.004060716822776866,1.3371904486601722,0.0,0.5985678830684207,0.0,0.5985678830684207,0.4014321169315793,0.00035898850731101587,0.0,0.2149712372331947,True,0,long_only,1.6847780784486739,1.97714466465217
2026-06-09,3.3582085754970326,0.008153160913098256,1.3371904486601722,0.0,0.6018143547077742,0.0,0.6018143547077742,0.3981856452922258,0.0,0.0,0.0,True,0,long_only,1.7029091433996866,1.9720421306756903
2026-06-10,3.3199018266980853,-0.01140689982106835,1.3371904486601722,0.0,0.5972198822547358,0.0,0.5972198822547358,0.40278011774526423,0.0,0.0,0.0,True,0,long_only,1.6852260351629078,1.9700038792583432
2026-06-11,3.3236223065501425,0.0011206595996717805,1.3371904486601722,0.0,0.597670756383823,0.0,0.597670756383823,0.40232924361617695,0.0,0.0,0.0,True,0,long_only,1.6899533000042695,1.9666947640161097
2026-06-12,3.3513423514254588,0.008340311358690178,1.3371904486601722,0.0,0.6009985526869817,0.0,0.6009985526869817,0.39900144731301834,0.0,0.0,0.0,True,0,long_only,1.70556909817029,1.9649408253355027
2026-06-15,3.35403793657379,0.000804329986515695,1.3433806719267642,0.0,0.5994736203553345,0.0,0.5994736203553345,0.40052637964466553,1.802353909406898e-05,0.0,0.010745983369354662,True,0,long_only,1.7316715562395764,1.9368788061965254
2026-06-16,3.358672799461456,0.001381875511044628,1.3433806719267642,0.0,0.6000263341692088,0.0,0.6000263341692088,0.3999736658307912,0.0,0.0,0.0,True,0,long_only,1.7404263653361474,1.9297988506470132
2026-06-17,3.3476855232740035,-0.003271314844725093,1.3433806719267642,0.0,0.5987136000119417,0.0,0.5987136000119417,0.40128639998805826,0.0,0.0,0.0,True,0,long_only,1.735335855715921,1.9291283080720416
2026-06-18,3.3056478443956494,-0.012557236510447822,1.3433806719267642,0.0,0.5936104705755898,0.0,0.5936104705755898,0.4063895294244102,0.0,0.0,0.0,True,0,long_only,1.7201246417532254,1.9217490199003195
2026-06-22,3.3075544997324022,0.0005767871916499967,1.3249516991844466,0.0,0.5994165177651216,0.0,0.5994165177651216,0.4005834822348784,1.6306842101530827e-05,0.0,0.009857642802295754,True,0,long_only,1.7188620950684779,1.9242698464420047
2026-06-23,3.280036764644755,-0.008319661880060725,1.3249516991844466,0.0,0.5960558389265658,0.0,0.5960558389265658,0.4039441610734342,0.0,0.0,0.0,True,0,long_only,1.704924270918257,1.9238606785028383
2026-06-24,3.2618387787098984,-0.005548104256333786,1.3249516991844466,0.0,0.5938022112458657,0.0,0.5938022112458657,0.40619778875413426,0.0,0.0,0.0,True,0,long_only,1.7093120103226576,1.9082758203367323
2026-06-25,3.2842189776660535,0.006861221683374108,1.3249516991844466,0.0,0.5965702323156205,0.0,0.5965702323156205,0.40342976768437955,0.0,0.0,0.0,True,0,long_only,1.6975085880960077,1.9347289319753973
2026-06-26,3.268541619440992,-0.004773542303869838,1.3249516991844466,0.0,0.594635206324511,0.0,0.594635206324511,0.40536479367548905,0.0,0.0,0.0,True,0,long_only,1.6847567310409608,1.9400674051151932
2026-06-29,3.2663213203536605,-0.0006792935032937653,1.6351485565758659,0.0,0.49939139594544846,0.0,0.49939139594544846,0.5006086040545515,0.0008201992827928206,0.0,0.5017534427418244,True,0,long_only,1.686943315516719,1.936236558934507
2026-06-30,3.2706592270372083,0.0013280710187684175,1.6351485565758659,0.0,0.5000553579355628,0.0,0.5000553579355628,0.49994464206443723,0.0,0.0,0.0,True,0,long_only,1.7087088613428265,1.91411146803961
2026-07-01,3.2843756666093147,0.004193784377998888,1.6351485565758659,0.0,0.50214326174693,0.0,0.50214326174693,0.49785673825307,0.0,0.0,0.0,True,0,long_only,1.718106803452723,1.911624853594086
2026-07-02,3.284761517571308,0.00011748076382245287,1.6351485565758659,0.0,0.5022017434663371,0.0,0.5022017434663371,0.49779825653366294,0.0,0.0,0.0,True,0,long_only,1.709936506710202,1.9209844954365933
2026-07-03,3.2965317950296553,0.0035832974160783237,1.6351485565758659,0.0,0.503979133754675,0.0,0.503979133754675,0.49602086624532504,0.0,0.0,0.0,True,0,long_only,1.7176561359565572,1.9192035739993019
2026-07-06,3.2999160307971462,0.0010266049223592866,1.6506166230732227,0.0,0.4998004168383369,0.0,0.4998004168383369,0.500199583161663,1.0361272724479708e-05,0.0,0.006281893028377294,True,0,long_only,1.7183724600820418,1.9203729735284487
2026-07-07,3.288048013096626,-0.0035964605128614435,1.6506166230732227,0.0,0.49799497559079103,0.0,0.49799497559079103,0.5020050244092089,0.0,0.0,0.0,True,0,long_only,1.7018336406682348,1.932061944553849
2026-07-08,3.2901126972530172,0.0006279361335868039,1.6506166230732227,0.0,0.49831000486659427,0.0,0.49831000486659427,0.5016899951334057,0.0,0.0,0.0,True,0,long_only,1.6957357367125943,1.940227257126356
2026-07-09,3.2842139194584172,-0.0017928801647204562,1.6506166230732227,0.0,0.49740891928701847,0.0,0.49740891928701847,0.5025910807129815,0.0,0.0,0.0,True,0,long_only,1.7051174141308998,1.9260925331246967
2026-07-10,3.2882145543794787,0.0012181407847273729,1.6506166230732227,0.0,0.49802040110952805,0.0,0.49802040110952805,0.501979598890472,0.0,0.0,0.0,True,0,long_only,1.6960993203392003,1.9386922186383955
2026-07-13,3.282535039809296,-0.0017272335719754617,1.6461917581612602,0.0,0.4984998672681652,0.0,0.4984998672681652,0.5015001327318348,0.0003324494102900501,0.0,0.20206101579359037,True,0,long_only,1.675850457003949,1.95872789609029
2026-07-14,3.3007698902083726,0.005555112185530842,1.6461917581612602,0.0,0.5012703663334317,0.0,0.5012703663334317,0.4987296336665683,0.0,0.0,0.0,True,0,long_only,1.6952122169520105,1.9471130854301846
2026-07-15,3.311515890260703,0.0032556041195745955,1.6461917581612602,0.0,0.5028887637221449,0.0,0.5028887637221449,0.49711123627785514,0.0,0.0,0.0,True,0,long_only,1.6904236206694412,1.9589858126504864
2026-07-16,3.3124990939741283,0.00029690442262930716,1.6461917581612602,0.0,0.5030363144382742,0.0,0.5030363144382742,0.49696368556172577,0.0,0.0,0.0,True,0,long_only,1.6828371585854869,1.9684014445928077
2026-07-17,3.316233943197656,0.0011275019607768222,1.6461917581612602,0.0,0.5035960109093115,0.0,0.5035960109093115,0.4964039890906885,0.0,0.0,0.0,True,0,long_only,1.6700978388968746,1.985652496495702
2026-07-20,3.3294187055315683,0.00397582394962126,1.658571602464559,0.0,0.5018434900636041,0.0,0.5018434900636041,0.49815650993639593,0.0003389264215857727,0.0,0.2044601379193401,True,0,long_only,1.6692544468683355,1.994554342375929
2026-07-21,3.3319449954064293,0.0007587780625679663,1.658571602464559,0.0,0.5022211937018345,0.0,0.5022211937018345,0.4977788062981655,0.0,0.0,0.0,True,0,long_only,1.6924584013570176,1.9687012648197835
2026-07-22,3.330100028536329,-0.0005537206864590916,1.658571602464559,0.0,0.5019454105726826,0.0,0.5019454105726826,0.4980545894273174,0.0,0.0,0.0,True,0,long_only,1.6861704038184075,1.9749486890501518
2026-07-23,3.338849643319084,0.002627433022365011,1.658571602464559,0.0,0.503250586385853,0.0,0.503250586385853,0.49674941361414704,0.0,0.0,0.0,True,0,long_only,1.6885480984203598,1.977349443846216
2026-07-24,3.3259937351694377,-0.0038504004441680673,1.658571602464559,0.0,0.5013305091568173,0.0,0.5013305091568173,0.4986694908431827,0.0,0.0,0.0,True,0,long_only,1.6765837235165078,1.983792213008854
2026-07-27,3.333734798761975,0.002327443828496145,1.6638323115494358,0.0,0.5009104166992164,0.0,0.5009104166992164,0.49908958330078357,0.0006690609271175763,0.0,0.40226037280638305,True,0,long_only,1.696988456812839,1.9645005747553255
2026-07-28,3.3268391938171806,-0.0020684323622128797,1.6638323115494358,0.0,0.4998759439164921,0.0,0.4998759439164921,0.5001240560835079,0.0,0.0,0.0,True,0,long_only,1.6756132635849144,1.9854457267183048
2026-07-29,3.3434301303096516,0.0049869968236830875,1.6638323115494358,0.0,0.5023576845629073,0.0,0.5023576845629073,0.4976423154370927,0.0,0.0,0.0,True,0,long_only,1.688923202870176,1.9796223562017428
2026-07-30,3.3413591839370813,-0.0006194077016284938,1.6638323115494358,0.0,0.5020492500333462,0.0,0.5020492500333462,0.4979507499666538,0.0,0.0,0.0,True,0,long_only,1.6812933682753124,1.987374272084759
2026-07-31,3.3415264264242297,5.005223262211089e-05,1.6638323115494358,0.0,0.5020741723327011,0.0,0.5020741723327011,0.49792582766729887,0.0,0.0,0.0,True,0,long_only,1.6931665931367068,1.973536709245972
2026-08-03,3.3441064880336597,0.0007721206658812818,1.6721060984597895,0.0,0.4999841947488368,0.0,0.4999841947488368,0.5000158052511632,8.237099665355336e-06,0.0,0.004929856101674466,True,0,long_only,1.6871974513228278,1.9820480912958653
2026-08-04,3.334377813686111,-0.0029091999260074664,1.6721060984597895,0.0,0.4985253046020907,0.0,0.4985253046020907,0.5014746953979092,0.0,0.0,0.0,True,0,long_only,1.7019034433029794,1.9592050458602381
2026-08-05,3.337458038450857,0.0009237779690420833,1.6721060984597895,0.0,0.4989881283313667,0.0,0.4989881283313667,0.5010118716686334,0.0,0.0,0.0,True,0,long_only,1.7161584289392238,1.9447260708405436
2026-08-06,3.330411146067994,-0.0021114549761154233,1.6721060984597895,0.0,0.49792802596341906,0.0,0.49792802596341906,0.5020719740365809,0.0,0.0,0.0,True,0,long_only,1.7118916581785308,1.9454567292018838
2026-08-07,3.3193407086059037,-0.0033240452834660816,1.6721060984597895,0.0,0.4962535499520745,0.0,0.4962535499520745,0.5037464500479255,0.0,0.0,0.0,True,0,long_only,1.7138678182068312,1.9367542078471554
2026-08-10,3.3237602026444133,0.00133143730230878,1.6605188326829958,0.0,0.5004095568140348,0.0,0.5004095568140348,0.49959044318596524,0.0003340065320738846,0.0,0.2012558100098853,True,0,long_only,1.710259767455572,1.9434241896418556
2026-08-11,3.318159962388214,-0.001684911038932202,1.6605188326829958,0.0,0.49956637066771997,0.0,0.49956637066771997,0.50043362933228,0.0,0.0,0.0,True,0,long_only,1.699044246060387,1.9529567697145662
2026-08-12,3.304545961920476,-0.004102876480355122,1.6605188326829958,0.0,0.4975046944972841,0.0,0.4975046944972841,0.5024953055027159,0.0,0.0,0.0,True,0,long_only,1.6912853104760202,1.9538666489040788
2026-08-13,3.294979986701576,-0.0028947926066491547,1.6605188326829958,0.0,0.4960458517548539,0.0,0.4960458517548539,0.5039541482451462,0.0,0.0,0.0,True,0,long_only,1.6728011661783873,1.9697379780223085
2026-08-14,3.288713580991839,-0.0019018038759045508,1.6605188326829958,0.0,0.49508560359877807,0.0,0.49508560359877807,0.5049143964012219,0.0,0.0,0.0,True,0,long_only,1.6721560000786126,1.9667504591899485
2026-08-17,3.298662557576398,0.003025187916047889,1.6449001619460393,0.0,0.5013433071024443,0.0,0.5013433071024443,0.49865669289755565,0.0006590971792378956,0.0,0.4008300704225912,True,0,long_only,1.689678833333672,1.9522423388995542
2026-08-18,3.2978087618120395,-0.000258830889627637,1.6449001619460393,0.0,0.5012142059316322,0.0,0.5012142059316322,0.49878579406836776,0.0,0.0,0.0,True,0,long_only,1.6846499940023951,1.9575631576604813
2026-08-19,3.2833106485272934,-0.0043962868473852446,1.6449001619460393,0.0,0.4990117177356191,0.0,0.4990117177356191,0.500988282264381,0.0,0.0,0.0,True,0,long_only,1.6654908650037377,1.971377158240928
2026-08-20,3.285037522479481,0.0005259550913838673,1.6449001619460393,0.0,0.49927507655848596,0.0,0.49927507655848596,0.5007249234415141,0.0,0.0,0.0,True,0,long_only,1.665677570109292,1.97219292702845
2026-08-21,3.279385950291845,-0.001720398062111106,1.6449001619460393,0.0,0.498412145786118,0.0,0.498412145786118,0.5015878542138821,0.0,0.0,0.0,True,0,long_only,1.6648456989039633,1.9697837177648359
2026-08-24,3.2748790079212093,-0.0013743250837048304,1.3140913421802618,0.0,0.5987359108529613,0.0,0.5987359108529613,0.4012640891470387,0.0004972934044378295,0.0,0.30297062853950163,True,0,long_only,1.6599761180111807,1.9728470623088514
2026-08-25,3.28431661647863,0.0028818190029593627,1.3140913421802618,0.0,0.5998889584557774,0.0,0.5998889584557774,0.4001110415442226,0.0,0.0,0.0,True,0,long_only,1.6697596688508793,1.9669397205760042
2026-08-26,3.290375891646139,0.0018449120091248439,1.3140913421802618,0.0,0.6006257687711065,0.0,0.6006257687711065,0.3993742312288935,0.0,0.0,0.0,True,0,long_only,1.6752652669544161,1.9640924673547058
2026-08-27,3.2887504360985207,-0.000494002995750531,1.3140913421802618,0.0,0.6004283791934112,0.0,0.6004283791934112,0.3995716208065888,0.0,0.0,0.0,True,0,long_only,1.6866769811919173,1.949840113294528
2026-08-28,3.2855412729980276,-0.0009758001292126117,1.3140913421802618,0.0,0.6000380963161163,0.0,0.6000380963161163,0.39996190368388373,0.0,0.0,0.0,True,0,long_only,1.6802442956676962,1.9553949871869185
2026-08-31,3.273800759053059,-0.003573388056773763,1.3128097006387618,0.0,0.5989952360391994,0.0,0.5989952360391994,0.40100476396080065,0.0009834609161755365,0.0,0.5995708230070146,True,0,long_only,1.6769869523288667,1.9521921470567578
2026-09-01,3.26741391951281,-0.001950894391660074,1.3128097006387618,0.0,0.5982113888911542,0.0,0.5982113888911542,0.4017886111088458,0.0,0.0,0.0,True,0,long_only,1.671928633244081,1.9542783433124011
2026-09-02,3.254650167021713,-0.003906377583468124,1.3128097006387618,0.0,0.5966356956145317,0.0,0.5966356956145317,0.40336430438546833,0.0,0.0,0.0,True,0,long_only,1.6576949950155497,1.9633588668651216
2026-09-03,3.250507238340469,-0.001272925957825799,1.3128097006387618,0.0,0.5961215883004739,0.0,0.5961215883004739,0.4038784116995261,0.0,0.0,0.0,True,0,long_only,1.647350651163705,1.9731726430218595
2026-09-04,3.2487321144417813,-0.0005461067361270944,1.3128097006387618,0.0,0.5959009070637585,0.0,0.5959009070637585,0.40409909293624147,0.0,0.0,0.0,True,0,long_only,1.63963339385154,1.9813771338301596
2026-09-07,3.245704510161194,-0.0009319341127353997,0.9766607889014146,0.0,0.6990912802308951,0.0,0.6990912802308951,0.30090871976910494,0.0004948681342370083,0.0,0.30442799757503974,True,0,long_only,1.6478802701836353,1.9696239883978353
2026-09-08,3.2483845546886925,0.0008257204311445943,0.9766607889014146,0.0,0.699339541714139,0.0,0.699339541714139,0.30066045828586097,0.0,0.0,0.0,True,0,long_only,1.6444135189405724,1.9754061355452077
2026-09-09,3.2421295703363726,-0.0019255676928063847,0.9766607889014146,0.0,0.698759482706274,0.0,0.698759482706274,0.30124051729372603,0.0,0.0,0.0,True,0,long_only,1.6342057307285431,1.9839176361785262
2026-09-10,3.234992381730169,-0.002201389072017612,0.9766607889014146,0.0,0.6980948720568337,0.0,0.6980948720568337,0.30190512794316626,0.0,0.0,0.0,True,0,long_only,1.6246956300162174,1.9911374918253937
2026-09-11,3.230793221874088,-0.0012980431978129037,0.9766607889014146,0.0,0.6977024768131453,0.0,0.6977024768131453,0.30229752318685466,0.0,0.0,0.0,True,0,long_only,1.618434401449184,1.996246013419611
